method,gene,A1BG,ACMSD,ADAMTS20,ALAS1,ANK2,ANXA1,ARHGAP27,ASH1L,BAG3,BAP1,BARX1,BCKDK,BICD1,BIN3,BMP4,BORCS7,BST1,CA8,CACNA1B,CAMK2D,CARS2,CCDC62,CCDC82,CCNT2,CD38,CERS6,CFAP20DC,CLEC19A,CNKSR3,CNNM2,COL13A1,COL5A2,COQ7,CRHR1,CTNND1,CTSB,CYP17A1,CYP1B1,DCUN1D1,DDRGK1,DGKQ,DLG2,DMRT2,DNAH1,DPH6,DYRK1A,ELOVL7,FAM171A1,FAM200B,FAM47E,FGF10,FGF20,FNDC3B,FYN,GAK,GALC,GCH1,GPNMB,GPR65,GPRIN3,H2BC13,HASPIN,HIP1R,HLA-DQA1,HLA-DQB1,HLA-DRA,HLA-DRB1,HLA-DRB5,HSD17B1,HYCC1,IGSF11,IGSF9B,IL1R2,INO80C,INPP5F,ISM1,ITGA8,ITIH3,ITIH4,ITPKB,KANSL1,KAT8,KLHL7,LAMP3,LDLRAD4,LRRC37A3,LRRK2,LSM7,MANEA,MAPT,MCCC1,MDGA2,MED12L,MICU3,MMRN1,MRPS30,MUC12,MYLK2,NAA11,NCKIPSD,NDUFAF2,NGEF,NISCH,NSF,NUCKS1,NUP42,OGFOD2,OR9Q1,PAQR3,PARP9,PDE10A,PDLIM2,PHF7,PKP2,PLEKHM1,PLEKHN1,PM20D1,PRAG1,PRDM15,PRDM2,PRICKLE1,PRSS53,PTPDC1,RAB25,RAB29,RAI1,REDIC1,RERE,RIT2,SATB1,SCARB2,SCN3A,SEMA5A,SETD1A,SFXN2,SH3GL2,SIPA1L2,SLC2A13,SLC39A8,SLC41A1,SLC45A3,SMARCA2,SNCA,SORBS3,SPPL2B,SPPL2C,SPTSSB,SREBF1,STAB1,STAP1,STBD1,STH,STK39,STX1B,SV2C,SYT10,SYT11,SYT17,SYT4,TAS1R2,TBC1D5,TEKT4,TIAL1,TLR9,TMC3,TMEM163,TMEM175,TMEM229B,TOX3,TPM1,TRPM2,TSHZ2,UNC13B,USP25,VPS13C,WDR41,WNT3,WNT9A,ZDHHC2,ZFP64,ZNF184,ZNF396,ZNF608,ZNF646
attention_zero_shot,NR4A3,0.1838255896843781,0.11150095136477875,0.08188676738101401,0.3997517641200868,0.17719069949026808,0.3080475940846147,0.12572914056532056,0.691719030191836,0.5079193737638468,0.6718422596583425,0.6543092361505871,0.2911968871649827,0.2503105863484899,0.15146344445832688,0.08809299118305526,0.21983739399179178,0.18744007025760206,0.10887366616860104,0.1539240618939405,0.45971709176726644,0.310560678749752,0.47139038688268026,0.5046381702645935,0.8103870080414002,0.1882627058786603,0.22372987327943922,0.0,0.08439469069503612,0.12200832120193468,0.11281589744948442,0.12185703642159536,0.10885152295223438,0.4017916613919391,0.1878009629565642,0.24714868481362773,0.22101791591652836,0.20322402737908782,0.22821013343586227,0.5495853350108154,0.25349752873442166,0.3149913912887306,0.11900683296563681,0.6746439869652585,0.21823565559207994,0.09967057825041703,0.524685738561834,0.2348263444330695,0.12113787075271454,0.0,0.5396382288694913,0.17725239919497152,0.10564227700560992,0.11874115893594636,0.17058004367039395,0.3221605414744364,0.2381294845148129,0.5080941766154998,0.2041313557982154,0.17386003412027737,0.10092722547086828,0.7072507821065944,0.6561400361839167,0.1730174316364202,0.1485122787198195,0.14901299613027963,0.1563364194839437,0.14835960521112737,0.1533593110991602,0.11712890233048573,0.12259912423156033,0.11357906239201705,0.10928810185703575,0.11975020197927598,0.5822981723309375,0.21911591130612523,0.08439469069503612,0.1816281749597305,0.20327709630631569,0.19696366019454517,0.39652235728311663,0.5355059220689944,0.5187699444319797,0.5357318683833302,0.2236659655884672,0.1994912193989356,0.12064299011159897,0.22911139380202328,0.5885843033602429,0.2291823869504124,0.20062227790900328,0.2059591909435815,0.11939782066445734,0.5182516871929318,0.23257942472010662,0.14160707397576566,0.2720640797539442,0.0877390711088858,0.3832271591247267,0.5127007733354154,0.5629413471957946,0.30879478133210275,0.11914454494654224,0.33993178264137325,0.17338380707283438,0.7531206881100564,0.33513188262931104,0.0,0.12196185214522502,0.2447464060869712,0.5989749673426326,0.10958500709724975,0.4100541229948163,0.620325070400874,0.3629719287544878,0.4258294786337256,0.2271184809879511,0.20649502049493215,0.4227420139544831,0.8144653832165079,0.8121718868133746,0.3983963294928505,0.08439469069503612,0.4382437460872578,0.26283472999070534,0.3552557302496767,0.7797660715245053,0.11824741577330086,0.7859752452761419,0.4621510747281549,0.7031740394183672,0.1510430009914277,0.14671823793730776,0.22665398515213525,0.6721130749601493,0.2284147906939041,0.14807783730904206,0.10671121367430389,0.21857859556868725,0.15675536238376614,0.16304695084192536,0.12341433451447884,0.7207375515617558,0.24090114921985675,0.3611895371244367,0.2843566025517412,0.17435148432354167,0.2335704590396502,0.7235666010665044,0.1193645927675164,0.4975391330587944,0.20929362430893078,0.6451437844676168,0.47733147475501086,0.4016152171476428,0.18307941327184615,0.2371793478558633,0.20722384987262016,0.15911103473500823,0.19352568497317318,0.15015818352818203,0.2723364677091845,0.3506595566129629,0.6018686296333116,0.19440127031605042,0.12341433451447884,0.19241988074631042,0.244917604167207,0.12064299011159897,0.7370039690690534,0.14301656870727944,0.18397618635159696,0.6543092361505871,0.16537563033680217,0.3900064019487826,0.22492604621537038,0.13847742829131365,0.18905075328018367,0.08809549378337395,0.23578551905171968,0.5550214370561378,0.5975185133399822,0.6142294270772062,0.5046381702645935,0.5400211581028368
attention_zero_shot,PLA2G4A,0.2343985724330492,0.6257421246139789,0.09031747816501122,0.6252266426127228,0.62876761901449,0.607808894144761,0.7494443041632326,0.3279038148625445,0.763865323597278,0.6409061467009499,0.2641535942513465,0.18229341764495793,0.6966601617786807,0.233715139755289,0.09300412540546471,0.28523777798508465,0.37855604192812015,0.20512088475656212,0.2637783615981299,0.7512231349070239,0.2838362071893115,0.35702379750545205,0.23069039450264556,0.2857610565592955,0.4017122239344357,0.4667901958174188,0.0,0.09140184130727297,0.38808554083066316,0.2981245488378866,0.2750072852196024,0.0831658184838971,0.5048533364922608,0.4129061257933371,0.6793567863313799,0.27123236371021475,0.521485286596017,0.5423961996839717,0.7391824745930548,0.5676609674920259,0.7287914906994879,0.553229311691222,0.2812663013617803,0.21448175085558446,0.5367570527606073,0.589712828618672,0.5103175267710989,0.30207571809472034,0.0,0.3709664481760126,0.22652121796657665,0.13234357041428138,0.3393770341899056,0.8182127125652559,0.7882890161822043,0.32211366159291605,0.7529992603590998,0.44215735522015104,0.4403483300259087,0.21336084892911863,0.556497245345407,0.36791988478321364,0.6514011770694239,0.5775371629620871,0.5766831618181194,0.514270600861672,0.5167016617732627,0.5681309834864033,0.6590094913149586,0.7399971830068474,0.263248951301215,0.2561683820615483,0.37755280032669897,0.5344256083155848,0.3561279718700692,0.09140184130727297,0.36133272379860293,0.1456006247054636,0.31486941153759745,0.8281765855574059,0.27787345291361004,0.23432885499823794,0.7179500234530485,0.39969245221676164,0.37647338424911253,0.2662856326834926,0.5771398941419127,0.5010891114504269,0.46195552168758036,0.5687967386018762,0.4553805064535322,0.2967522222796646,0.23802203299055183,0.39041227842641035,0.11330180297969238,0.36461036734009955,0.21903693124575943,0.35040911209880476,0.6458179919246193,0.6706511824791604,0.376040677276456,0.7179986040593869,0.6877164260996655,0.8069241937717866,0.38738732841745965,0.8294533276883209,0.0,0.2933414426834843,0.4736521407813286,0.7926760288446322,0.6099496009138186,0.3177195152186006,0.7486197276180305,0.44981668220503873,0.3416383370365031,0.7277666945028517,0.1470691109112057,0.697872892240914,0.3113585843380456,0.3795795866210751,0.778979133908731,0.09140184130727297,0.6008501756247641,0.3871431171191794,0.6874341007803783,0.38013013272746665,0.09285763527742338,0.2811362171049816,0.7732780680241373,0.22119065421962977,0.5294464490696065,0.3186763477191261,0.3540520067861453,0.2635331045715256,0.4170884301242429,0.7862302523172666,0.20207110767178937,0.49679764007159294,0.4385221290877318,0.33332390596726,0.29728292738150053,0.23217501596194867,0.643580608929488,0.675942876587662,0.4344112365347405,0.41597011221776153,0.4043735917400818,0.7358647186479459,0.31797730303012506,0.6985833238677748,0.47402915281677876,0.751654082918412,0.7776633652057955,0.7016303411862718,0.4097663522216429,0.3338476596233599,0.37209151756673375,0.2988276013625563,0.38043916770360753,0.3524439701693509,0.7466364162000735,0.30562206302413775,0.6699475997023127,0.6063276629183098,0.29728292738150053,0.3874654309458106,0.3642004318109964,0.2662856326834926,0.6396882273835237,0.6050884005662633,0.458075569726212,0.2641535942513465,0.7778975765774746,0.7980568530241662,0.7696920107915001,0.3731909538484562,0.33970990845736904,0.09295546473058218,0.5504124619775955,0.36120874689760885,0.2856410806095995,0.3980515166351094,0.23069039450264556,0.24992313464007943
attention_zero_shot,CR1,0.5482685937014455,0.11796962398812047,0.08870576335954697,0.4579386316828291,0.5429890358902025,0.5553922175986756,0.6159306052694428,0.19795412152606276,0.43288947069121825,0.1898286562159483,0.18416541977835946,0.14985117815562882,0.5156287979871815,0.26381000551823175,0.09309700422307332,0.5294188600445441,0.7933063402348558,0.11595277116155694,0.5901529857636734,0.5845636389225067,0.17745110520530707,0.2550739747139102,0.16414796388815076,0.16353709478318854,0.9118225903030642,0.6442079069568698,0.0,0.09044588047975555,0.6585393548449375,0.6896888979601115,0.5563508961083213,0.08049824219019999,0.5217966582957635,0.7824000045926525,0.5979478618474334,0.5047859777797764,0.563839423558762,0.5712739596397801,0.17335378205112276,0.5649261853559255,0.6039827814994342,0.5312773406020844,0.19429581482094804,0.17609232591517146,0.1066386434029779,0.23613028268485317,0.6208269788844304,0.7299784125092716,0.0,0.1875817155662204,0.3003859157973156,0.11397040674478644,0.5814691894131736,0.33006764422646495,0.4975330000646455,0.5737782189609595,0.3041567749062151,0.8293042390871681,0.8208765424778844,0.6391649903643704,0.247754090578593,0.2532475046118181,0.4956008458232442,0.6840570726945986,0.6805851723945392,0.6866405519546114,0.6794095357001239,0.6859649287681969,0.12278990423538355,0.6435438682673856,0.6418582286534805,0.6199028147774911,0.7829805258190916,0.13762749010536718,0.56717915184943,0.09044588047975555,0.6998906831186108,0.19151521139910063,0.5885299037208263,0.5768677854412854,0.19184092280188797,0.16090197377361798,0.5108248670229908,0.8073357190351712,0.689620006445838,0.6203521336361181,0.393167393718013,0.13212770645774255,0.6221346888712314,0.43987813186031655,0.12215888490109326,0.6864989277567443,0.16281112520598917,0.5329772443687089,0.12211611143826025,0.35462778553394825,0.43411665831045826,0.15817869341348545,0.1486024752983038,0.5313853306933137,0.5440563804533023,0.47552608862642576,0.574204809675248,0.42465072307095575,0.22207795805055117,0.3272159584857553,0.0,0.7195929668365514,0.6245949855873677,0.42440221333227796,0.11688426293683908,0.23584314680189383,0.5582678592961575,0.48481396564909285,0.6291405526805005,0.6741500839834468,0.19382283257955257,0.17910853298407475,0.21936831628502357,0.2192241424232286,0.4907922367336518,0.09044588047975555,0.11976671810820215,0.7256740979878455,0.5319447928344506,0.20006335006545573,0.10400653937760666,0.2025589184590409,0.6003826367679875,0.17692602496350399,0.7533900603774323,0.6426901309249289,0.8052099038225986,0.14929318743676603,0.6042305394036271,0.42847461749328236,0.11458514742006089,0.5897398261350145,0.7509300878298337,0.7332727425978355,0.7195929668365514,0.18819403475905436,0.3855589483316797,0.22950268804370313,0.6459326032308492,0.5364496595514898,0.5381299774757814,0.4010175608233016,0.7452892131638776,0.1988898102907624,0.6766810436394012,0.18370580141830095,0.4620537337991078,0.61180940632258,0.7407689433656628,0.7156989522549706,0.49084311196821906,0.6418590195777748,0.604603652089057,0.7141504760486205,0.5450993679710594,0.23025224403689493,0.19641437328062453,0.6520881610437156,0.7195929668365514,0.7199878561599845,0.6286632483657368,0.6203521336361181,0.17732569128083944,0.344452329882788,0.7805259124140997,0.18416541977835946,0.5053553793671924,0.18093765423402505,0.5969644327270998,0.29170138029838766,0.5738127855629002,0.0930263875051203,0.6163574185254057,0.19618103042748564,0.19801774720047005,0.20003559009348945,0.16414796388815076,0.17637871897315494
attention_zero_shot,CEBPD,0.16901108877212528,0.10088905220909863,0.0736275123807023,0.36221908183083784,0.16891486711922804,0.2885998652809896,0.1175020495984558,0.6495164182625404,0.46567613808928293,0.6671942021755546,0.6234473889204697,0.28453545880496417,0.23858436634761898,0.14033008944899406,0.08201391639403732,0.21009587839261257,0.17152581904489278,0.0962741767206261,0.15391913236918564,0.4088240950804966,0.29313395982345875,0.44057015054431126,0.4535882724031139,0.8179111893584246,0.17299218108263437,0.2021366542511488,0.0,0.07569302556500981,0.11311745743894489,0.10435449887517105,0.12104537699023768,0.10883717958779705,0.3851463204563037,0.17498134418961087,0.23516430447543074,0.2149850099918512,0.1880690722528071,0.21570691789652263,0.504559157936898,0.23969328692464295,0.297701628025787,0.11857759296442918,0.6469819271129403,0.21261829856792153,0.08814261943616368,0.49965399788199655,0.21766355028054238,0.11108124586627471,0.0,0.5133210870004487,0.16744653512420635,0.10470065955110572,0.10785431160262603,0.16523350612303814,0.30398857801636103,0.22430808807090932,0.474187101794009,0.18908070327756743,0.16055969366931414,0.09003621097975761,0.6654455206478406,0.6063674449314691,0.16447908833944022,0.1440663765940045,0.14451777919552272,0.15224552604296243,0.14414803469300813,0.1490789371255256,0.10918786692971823,0.11595559320221904,0.10366936788944443,0.10019569306341915,0.11237321711761802,0.5919332316042915,0.207767444776389,0.07569302556500981,0.17240462312620955,0.18289124814092178,0.1804707134240176,0.36840359161527164,0.5176912579229243,0.5055784699455207,0.490912634881797,0.21024525502938077,0.17948684785453137,0.10822753789435649,0.22039710823686248,0.6463923376611351,0.20888497062484415,0.18931261719067102,0.19686185570438375,0.11036192909382987,0.5559647743790426,0.2214599850108269,0.13761675062540907,0.26645983031272924,0.08218750545668964,0.3423722596322988,0.46257171667405245,0.5453428455144572,0.30158908651002675,0.11206196564266359,0.31041751615732577,0.1622444243950194,0.7115580443803916,0.3316729268475813,0.0,0.11128971769252326,0.22633643373309384,0.5690352660303947,0.1007330934238938,0.3828704330598517,0.5727500728284904,0.3381684731295558,0.37921600545565826,0.21533995571014988,0.18629846198769215,0.3937472916197353,0.7520688244384293,0.7605271862400431,0.37952518947553776,0.07569302556500981,0.39917661033900154,0.2477216093079698,0.3347248055377035,0.7187543751007306,0.10741888210266826,0.7777924598215555,0.4246425643556709,0.6532961178575352,0.14328847689171506,0.14666460592182362,0.20555737542135882,0.6972263412142192,0.2108059259456547,0.14251713366189112,0.0949145732227657,0.19961447590360043,0.14482862735012886,0.16688513548165385,0.11283903221972731,0.748450415532919,0.23378373114423825,0.33675644638688856,0.2628553477587991,0.15682923106493665,0.21968627468914406,0.7077872419670096,0.10979522358114963,0.4793809053734995,0.19585648459293958,0.5806268218232176,0.4265758572468445,0.3651876988992223,0.17006558347465459,0.21868552506917308,0.20025658653501682,0.14529424019412387,0.18110398177030668,0.15098213679055614,0.2638485180492847,0.31994132487794424,0.5595010123494726,0.1884951284522106,0.11283903221972731,0.17695096125952298,0.23281559251216838,0.10822753789435649,0.6738541675225062,0.14127197203660236,0.17293685035097792,0.6234473889204697,0.1553951593955501,0.3619829808703346,0.21271092843599473,0.13869490137148724,0.17982763194264362,0.08125669105824869,0.22659960937520882,0.5218688539424737,0.562870617922491,0.589010130931645,0.4535882724031139,0.49561994375672047
attention_zero_shot,ITGA4,0.4046531556549724,0.08865838357331544,0.06725439440067321,0.3344037288782811,0.42422519394056946,0.522439300969224,0.4124899677225453,0.22721355022217343,0.34765968715840917,0.17769047412912373,0.14217787593523987,0.15052973531529637,0.3680682973533025,0.09736186166661624,0.0725831809226172,0.3802327210015985,0.5621447808704851,0.08556985134271042,0.6188177490645007,0.4283848065306664,0.13806680027218063,0.20843939983170906,0.1249318724939411,0.1670520668075121,0.7515279677145176,0.43451829304041584,0.0,0.06783472131284841,0.42656401067268124,0.5002694975755702,0.5034706845985073,0.10142668548908225,0.40989878131225366,0.6079197129475452,0.6508705951733054,0.41165786185769787,0.44841009716457975,0.42817389319353966,0.17503763785494703,0.3951298028272041,0.45813055279544906,0.5344824637841114,0.15048072356663492,0.15037902417959045,0.07888904749630266,0.18558955747397546,0.4360452891603094,0.47746283306030024,0.0,0.14293215292288056,0.29127922590802435,0.10853377628641922,0.3752284907545121,0.31043821170048647,0.4378695804951099,0.39748142860053565,0.2700059145934202,0.6071781029442522,0.5924767449195097,0.4263450166275229,0.23691206359253875,0.16116446286832642,0.39973244704384053,0.6040320148916185,0.6001499758219285,0.6614869084585592,0.6591982449125716,0.6034702293802164,0.09508421079406168,0.45561317191086026,0.49576874434967066,0.4425053818582291,0.6348230555327906,0.15054565102182207,0.45454705662898837,0.06783472131284841,0.8404681205488909,0.16422237598627096,0.42598467526018396,0.35497484292282544,0.16849020265546757,0.18026284867989267,0.3963784532530737,0.6494157162754396,0.44599080795698853,0.39010589829832193,0.3871152586230191,0.1820609365916641,0.39968459387082234,0.3681315923623352,0.13348167846615294,0.4585659855871665,0.16229202472183293,0.4568079962582965,0.2473562929800786,0.28711010915839924,0.3228690666810904,0.15851955423508196,0.15856223113820853,0.42933320208319947,0.46598272997024975,0.39872150836577225,0.4069034775497306,0.32422205393226,0.16712702724792236,0.2860451907157951,0.0,0.46334020692679484,0.4104269668104261,0.36256399917683363,0.1375338843357626,0.18791492101329543,0.40289740633127946,0.5756192815896018,0.41883219737283245,0.46395262695497697,0.16587912965428772,0.24449385874674737,0.1660603471435589,0.17613114083902892,0.40992569880262486,0.06783472131284841,0.09289240085185516,0.5310653237283742,0.40770302338409464,0.15895408658636642,0.06303865945689958,0.1810141847589118,0.5213214950027087,0.12937918138363125,0.5999880245582221,0.5746255138834296,0.5594072605159476,0.15421432871141386,0.4099435312336554,0.38207726133442715,0.11826220886592283,0.5532788101834117,0.5244653573227561,0.5414067466188676,0.46334020692679484,0.16628356857240487,0.39206674671097047,0.26204648426052585,0.46852518793332254,0.3718729734466866,0.40057440100868635,0.3526120567174646,0.47547080706593065,0.19621271538041793,0.46287609965912474,0.14773705651125332,0.3669492432772954,0.5200008977833231,0.5613468056802742,0.5187695846770494,0.4311202447411468,0.4908655589848118,0.5009447300043479,0.6570477968745072,0.48770054099511706,0.13836149801777772,0.1591170894747782,0.4736443176718668,0.46334020692679484,0.5058163584879917,0.43281648579212995,0.39010589829832193,0.14212802202553695,0.16034817929498338,0.567438535046285,0.14217787593523987,0.4172692391664783,0.1493500206511915,0.4246002239276262,0.2127494157404656,0.43698826672939806,0.07145333097562656,0.5021690063124401,0.15300452914276563,0.15191194385347975,0.1589335970832485,0.1249318724939411,0.13443913573492136
attention_zero_shot,MX2,0.21252781043657704,0.4503665106523311,0.07830906237981158,0.33024035578982947,0.5538334273361597,0.5530040743394096,0.584414104948195,0.4333203509797877,0.6706297914976925,0.6032346707995667,0.39161820090863747,0.24467046303797058,0.4354864682809257,0.3576712005287518,0.08402296060981157,0.25594909462389487,0.4392670358717202,0.3409760223184321,0.34943507884733077,0.5834104613483929,0.43328502600361146,0.5590187448575051,0.34065550534325095,0.39911339896992837,0.45314042933670023,0.34826021561598147,0.0,0.07996639794582126,0.5068060684190495,0.42697094062884694,0.3616418472134564,0.10437834127761413,0.46335763170737804,0.5508753290740178,0.7493355994074014,0.26327658255870307,0.34292818617492254,0.38264897285166216,0.7290635768026533,0.47051190840289975,0.7685604975024527,0.4773750201423296,0.41927191904915395,0.3595179620646586,0.19161867396594653,0.6377213640302061,0.36895198386728395,0.3429270909706594,0.0,0.5759833926833977,0.22431954224810413,0.13130718138979383,0.41218376037988186,0.8368994870087798,0.679654705447917,0.3066499166241086,0.6702200051879231,0.534585891570738,0.5258106768607064,0.2834027638222603,0.40911776874284433,0.5395899011012393,0.5587081695861581,0.5211623123195667,0.51366952109867,0.47875748006669094,0.4934911050267659,0.5008417072128419,0.5419720922102759,0.6288047104854281,0.3890200531762675,0.3265668827661871,0.5075356548964248,0.42204292606369576,0.380540208327261,0.07996639794582126,0.44692081812215484,0.15856311951433374,0.37500732502170864,0.6597923827768946,0.4858560844352374,0.348310441178175,0.6390598072132557,0.3781747801366224,0.3055661845702082,0.22175322561690225,0.44994819531867203,0.47714970221970215,0.3069742613165593,0.5198348952158963,0.2687822451845071,0.3152745855396486,0.4225929553394779,0.31656227387545505,0.1256939760656274,0.3119205746470026,0.18520334038757716,0.6472665223930667,0.5228106850942091,0.6335780999822229,0.34685829187208117,0.5956571176115738,0.5543994494967811,0.677971324492026,0.5557756798593861,0.8434435696398563,0.0,0.30375493543037263,0.32870352774044276,0.7399028238357207,0.556265370510812,0.5553480958658148,0.5883035673611827,0.7559223237378109,0.29544809328905475,0.524950263915909,0.1611200994547102,0.7382194060452576,0.4579349470186713,0.4444283446425683,0.7167913955984729,0.07996639794582126,0.43179901095882967,0.36729605747403954,0.46770121805839815,0.6080380901340444,0.09569289081844087,0.4416984250069594,0.6973361269139866,0.27510732510018276,0.5182439001268763,0.39506979031538175,0.3862611869220751,0.4446095544956031,0.33666442834390337,0.7811635323071544,0.4107797633664824,0.5098073565125609,0.4615239849398358,0.44570155305200115,0.29587196603434013,0.3575279440534856,0.6814046511721549,0.7332170204094057,0.3928465739984234,0.2759345089848268,0.29524929725294907,0.5214000619801628,0.33692399042767185,0.6642664354694489,0.39382072712930194,0.6336607265922185,0.6675658312971974,0.6695472846381983,0.48771013135863805,0.4511824658317266,0.42293269691785823,0.36882906321151554,0.3553630958343338,0.4602559147559625,0.47828296113665275,0.5163714407252552,0.645865525895545,0.4492649778578597,0.29587196603434013,0.40644293456928454,0.3215501620707928,0.22175322561690225,0.47534872465399514,0.5413970489317779,0.5109544427095906,0.39161820090863747,0.7437487621176188,0.7476974689363977,0.4604099983949295,0.48531068701901836,0.28997691426323,0.08358161320907034,0.4564333541003238,0.6023499477437531,0.4348475760085009,0.6409208756311988,0.34065550534325095,0.3753578471672904
attention_zero_shot,GFRA1,0.613585134478076,0.11126670499498414,0.08444763820246122,0.49823573385508196,0.5845342748026189,0.570130352663894,0.6354480562696019,0.2301124031862593,0.49835705470071806,0.19083478492276262,0.1744838416960282,0.15888505194147357,0.6061140237645176,0.12193963539152537,0.08739413791002462,0.6054961925111755,0.8207787705207747,0.10987615957644382,0.7352470831935055,0.6521451321404279,0.16671796405404493,0.24551927077924726,0.1626716258776001,0.1802835010901896,0.7548356024282707,0.615504188019895,0.0,0.0853000174235503,0.651487235995163,0.6671862688324479,0.6158561345343251,0.1051456298397692,0.5672139502936155,0.8111046644210461,0.6465290955907284,0.6245176012037703,0.6314257006997165,0.5733383093424796,0.18967842108431857,0.5580941276520157,0.5948472016509063,0.6510257953742141,0.18070600711023094,0.23020973962922306,0.10102122166638709,0.24860022990368508,0.6036486071196028,0.7022106764499392,0.0,0.17149041223727157,0.325713088612529,0.11283375541235335,0.5636858308780239,0.39826326941325596,0.6117492358294718,0.5766437041736953,0.3395179394126529,0.8013482220426221,0.7853527291524467,0.655623169560528,0.23689715966062913,0.18522998581153013,0.5589106825110083,0.7585783324871981,0.7564033625096053,0.7155309361570683,0.7270433274817334,0.7500833480402247,0.11466670097749793,0.6803468309971926,0.6513857303686305,0.6581655959378623,0.6693048195199082,0.16994185136896428,0.6911221977369815,0.0853000174235503,0.6979963044605263,0.16978401995919648,0.6426860589128103,0.5280487785054504,0.18666127603845575,0.19763483414757868,0.5977413815131707,0.7121662274848825,0.6516380000438319,0.5840863750662141,0.5749036281338625,0.20674934009595877,0.6399851402908352,0.5592135621565648,0.1490680092477429,0.7498764598042782,0.18250932806757122,0.5811028417421781,0.14126421426679617,0.3588200894282662,0.503997741479968,0.1598006035204244,0.2240575313621156,0.6146129845002676,0.5868509415216495,0.5247440930550885,0.609631589252277,0.539910240198788,0.18912921280407358,0.3997881938127488,0.0,0.6957369955031988,0.6572748321770446,0.4978050039431706,0.11105251015214103,0.17468905976705976,0.6634043440330265,0.5346960037131341,0.6111506762562127,0.6434817665580626,0.17113013231446014,0.1734466310665137,0.19216068007437379,0.25515717694756906,0.5354711915661189,0.0853000174235503,0.11287746837161505,0.8091451834806491,0.6100209220524238,0.18592096934274657,0.08014261407088084,0.1952702601159056,0.7269481150801302,0.15785443994140955,0.691632257681441,0.7161415421293118,0.7709055174416223,0.17125572104666192,0.5820520000765911,0.5043113848448821,0.10926828779892582,0.7331642820155126,0.7006701373456263,0.7254644394508326,0.6957369955031988,0.1830547969290613,0.4771870761341767,0.1687276225586203,0.7111775730213576,0.6445007042278378,0.5746410396426257,0.47519839754176707,0.6959099085922298,0.21172279535414193,0.6509076343017534,0.20905016898549197,0.5259219123622882,0.6598465657884377,0.7133246289786521,0.7265370969394276,0.6586548324462308,0.6796886787535547,0.7464381330168958,0.7759872586025244,0.6791748924216601,0.22305526494854697,0.18155892044563735,0.6283273238496225,0.6957369955031988,0.6940757710579614,0.623532554400993,0.5840863750662141,0.17127553398992104,0.21290759427252018,0.7543791016834537,0.1744838416960282,0.5802064573250252,0.17491973179127748,0.5879327195064905,0.2880021387905232,0.6194941029757373,0.08711089569702826,0.7221497483470044,0.18283980274047273,0.18251427741798865,0.18590409563429647,0.1626716258776001,0.16958648929319006
attention_zero_shot,ANKRD22,0.0,0.0,0.0,0.0,0.0,0.0,0.0,0.0,0.0,0.0,0.0,0.0,0.0,0.0,0.0,0.0,0.0,0.0,0.0,0.0,0.0,0.0,0.0,0.0,0.0,0.0,0.0,0.0,0.0,0.0,0.0,0.0,0.0,0.0,0.0,0.0,0.0,0.0,0.0,0.0,0.0,0.0,0.0,0.0,0.0,0.0,0.0,0.0,0.0,0.0,0.0,0.0,0.0,0.0,0.0,0.0,0.0,0.0,0.0,0.0,0.0,0.0,0.0,0.0,0.0,0.0,0.0,0.0,0.0,0.0,0.0,0.0,0.0,0.0,0.0,0.0,0.0,0.0,0.0,0.0,0.0,0.0,0.0,0.0,0.0,0.0,0.0,0.0,0.0,0.0,0.0,0.0,0.0,0.0,0.0,0.0,0.0,0.0,0.0,0.0,0.0,0.0,0.0,0.0,0.0,0.0,0.0,0.0,0.0,0.0,0.0,0.0,0.0,0.0,0.0,0.0,0.0,0.0,0.0,0.0,0.0,0.0,0.0,0.0,0.0,0.0,0.0,0.0,0.0,0.0,0.0,0.0,0.0,0.0,0.0,0.0,0.0,0.0,0.0,0.0,0.0,0.0,0.0,0.0,0.0,0.0,0.0,0.0,0.0,0.0,0.0,0.0,0.0,0.0,0.0,0.0,0.0,0.0,0.0,0.0,0.0,0.0,0.0,0.0,0.0,0.0,0.0,0.0,0.0,0.0,0.0,0.0,0.0,0.0,0.0,0.0,0.0,0.0,0.0,0.0,0.0,0.0,0.0,0.0
attention_zero_shot,CD69,0.32060595851378154,0.11657580197469296,0.08367394328404727,0.306401902121135,0.35127191757739523,0.32628741010260526,0.5581635062083403,0.11165624657210023,0.2923421998867103,0.14293779823028635,0.11612541994074509,0.11351200469929115,0.26057378237320356,0.1081603178386615,0.09350549430699813,0.5121263441572445,0.7535613242857893,0.1111118843038245,0.6028745384664737,0.4536874347247793,0.10864283739623579,0.11173471026447294,0.10967913975091433,0.1408824676123695,0.8277367829822168,0.618249513839403,0.0,0.08734704236499788,0.6054058566410893,0.6579242939004819,0.5054748590655338,0.12374721217231989,0.3672165544684998,0.7265257939397328,0.5186740361891816,0.3331594422416171,0.4805323213848253,0.47723777598911743,0.1654156949028547,0.42514594499378133,0.38507039442630353,0.4633016707470555,0.11907220335212379,0.13499277218869735,0.1016556147565875,0.14570375793261944,0.5575877853257395,0.7817011599231152,0.0,0.12113111255823579,0.207321305817891,0.1135274186481754,0.5608077806007875,0.25664583080256625,0.2551069606662948,0.4687865551439059,0.25558605019022085,0.7626301882687,0.7636029292752705,0.6081979287931679,0.15195331141763235,0.11873778698026492,0.2722641644096974,0.64223242651903,0.6375860943959005,0.5766624911118574,0.6061196075395348,0.6070060830927098,0.12626669632298226,0.6179396824099361,0.6017663102534012,0.5202252679453558,0.7611164214128597,0.14834387839413118,0.2969252961238634,0.08734704236499788,0.6535165841300952,0.08991213288889931,0.35469790208912155,0.31922303316300044,0.15350650786757375,0.15858038124430682,0.4033280703302061,0.5450235318131562,0.5536470850083329,0.6499945649733769,0.23056937417868478,0.26230699899017956,0.5120504732237741,0.26420561537723636,0.11991488270227788,0.8043051907979074,0.15960151552897398,0.4431964504727299,0.10342468558502887,0.3392527831683883,0.32568950698535126,0.11883053934680315,0.14693038285616983,0.41603097109186654,0.40817994447601047,0.38896907278827053,0.3676476411113785,0.2753238420423455,0.1251429144143731,0.24366592240280488,0.0,0.763509589916708,0.5177857516544981,0.30497523373721314,0.11470375601786466,0.1319364519217248,0.3794780335223508,0.3895576652170712,0.38869421729603104,0.5164338548280011,0.09452737524980316,0.1216341519397541,0.12370411220467432,0.1220073326842478,0.3635080112013535,0.08734704236499788,0.12042186981043154,0.4826880233658898,0.276130585630156,0.12848411215775085,0.06832897249137973,0.14446123273707268,0.46948380867379613,0.10441322454906557,0.6057540267036823,0.6651944323521174,0.7336440412659748,0.15120307434377214,0.49665772882590903,0.3089993446017043,0.10831367601000721,0.4878119589586485,0.6869067231919415,0.8422293508038583,0.763509589916708,0.1499011380267735,0.2655260242043473,0.11984550367705284,0.5546534675097471,0.6246322274308959,0.49123029318203293,0.285993179712863,0.7544206355914557,0.2161555453913782,0.5336149148113712,0.12394720594656736,0.313600908148362,0.4877669427163052,0.5695609265322319,0.5020875830847388,0.24034800718459212,0.5342814572906567,0.3567049714695319,0.7871266285502924,0.35119710670280513,0.09738187469371183,0.11919502607849437,0.3981223958937069,0.763509589916708,0.5005972791001179,0.39086640516246524,0.6499945649733769,0.12366473851515401,0.14648677099938615,0.645305356183026,0.11612541994074509,0.39037078012976384,0.13221940568135845,0.34745767154261215,0.26146845489254567,0.40089488596293765,0.09342167344416105,0.42965438214204066,0.11844464502268037,0.1208677558853528,0.12843349103240065,0.10967913975091433,0.11415458620468973
attention_zero_shot,ST8SIA4,0.6360466363384047,0.11283791875117766,0.3301348172227817,0.3264843894632496,0.33244143349668015,0.47928620654889653,0.4072237958535311,0.33145431093906286,0.2968783844574106,0.20591994811881786,0.25333403556358197,0.19090769129309718,0.45083025094123486,0.13165824629349837,0.5696866539593906,0.38570166085451324,0.6917779542623615,0.10654336036397247,0.38458656222282006,0.41675132241329677,0.2360492650410175,0.24925687136785746,0.22318129127583233,0.17566415229692792,0.611111446846771,0.597701206368652,0.0,0.4470869593268019,0.44440349892929265,0.4866500328635999,0.45329707793561896,0.4202579713768406,0.4455735439748135,0.6124397264794407,0.45059206945006897,0.44874762350150277,0.504498886850728,0.5312711125885541,0.1990291542310139,0.46851413918303897,0.3861442953705507,0.3590254734271804,0.2697641571481955,0.23244136201470522,0.09862105079550049,0.20147457630604557,0.5739449344677502,0.5577271262595003,0.0,0.21362276433269503,0.9114961811240883,0.9611548713676386,0.42853081567632606,0.2450435398937075,0.4482355391235969,0.46460773162601693,0.26914066720473,0.6781202912204258,0.6797051024983258,0.35011564655688776,0.20589207030715573,0.23804916045060667,0.2722275672072549,0.6474974521607287,0.64721929848273,0.5483591984383663,0.5552739579641874,0.6297640997483228,0.12352558195907104,0.4635231513499191,0.41743933003957057,0.3736232492012419,0.6807336733324196,0.14439760385598607,0.34855757499966566,0.4470869593268019,0.41426110378668035,0.5267138534570264,0.539871156393776,0.3506567889340761,0.16302956857396222,0.15771051732967015,0.3084050930399513,0.5231883908504905,0.6707281793802636,0.4912622070640231,0.3062686373169165,0.13581887089672057,0.8818227258277385,0.30857210000397645,0.12753050155748594,0.6849356956507544,0.2062964364705041,0.42810652957677625,0.4541427472019925,0.34764202447011566,0.24504645314180035,0.18667134974977387,0.22925778703566402,0.33113641230049873,0.43728017537151265,0.30960289383359363,0.32408276564402333,0.3329906284126466,0.2409897279553444,0.2296925644023145,0.0,0.5484614463339056,0.8892088054635048,0.31635162538281136,0.11176684777081694,0.18446344509637372,0.4939718839677229,0.36676073594175934,0.4640839838109783,0.48960439595491206,0.5946383498387846,0.2147335896382889,0.28886160702902347,0.4396119631957207,0.38146951615621155,0.4470869593268019,0.11768075544652032,0.5378508605640013,0.4397953993826873,0.2618711829544638,0.09697457300750874,0.24005244058484182,0.5113587407375999,0.1744110776263491,0.6545312501633697,0.4593777098630327,0.5992716727398982,0.13907620613874347,0.5453408298307266,0.3374770251408142,0.10420200446414038,0.5056767348269607,0.6325132752776099,0.55758253451033,0.5622566427769624,0.1597644160732892,0.3365378736107885,0.19396261687072397,0.5315998961046478,0.438692192790813,0.40973635856057516,0.3804432532261237,0.5971981532780823,0.23987003556976544,0.5126074673410886,0.3244694144995217,0.30518688185040893,0.4385324025590412,0.5658249787524976,0.4767601531810637,0.3388328003567747,0.4289404365204127,0.4755084878547199,0.5721946914593989,0.5334716150070107,0.19022313885192882,0.21965371940888673,0.6179655066013297,0.5622566427769624,0.5516277200909292,0.5018516860403541,0.4912622070640231,0.22051787895480354,0.14422010108290795,0.610563123804029,0.25333403556358197,0.4196331614836712,0.21479414721080994,0.43590837627266815,0.26375641401187744,0.5935679625433027,0.5746822764052323,0.6308356738273176,0.2675822289491788,0.2841173724977638,0.2618205618291136,0.22318129127583233,0.24755572376460494
attention_zero_shot,CD163,0.6955167552028164,0.3395677092762428,0.2824890831745454,0.45996631923644526,0.5575217141152301,0.6115876942023466,0.7933975530534098,0.11745416823318311,0.5862815853954064,0.3005035708186867,0.12331004131322569,0.08242765287694626,0.47681807384594554,0.21361127754804224,0.41762695771890535,0.5055441869333454,0.8455151616110413,0.2004591545454608,0.5362312485623592,0.6595002978115578,0.18263311721529693,0.20208015576827074,0.12165264778636047,0.14573019016322875,0.656835730757369,0.5661476286336481,0.0,0.33126628695680477,0.7049759100186577,0.6156762738684539,0.6058713510648251,0.37964220609332416,0.39682733646471624,0.6711601503122687,0.6252779667736328,0.5659872108623606,0.4894909893888353,0.486367039557229,0.4332043513956816,0.5011966342941222,0.5999941023991399,0.5448654611093318,0.1245071014276658,0.24171016030960848,0.23206863916066958,0.25645822656858414,0.5366424629793797,0.6710650114902278,0.0,0.2575338246325839,0.9072231559181069,0.9194493649070586,0.5949555202380715,0.7998647297464777,0.5342540195262964,0.4809078290202804,0.508481823800181,0.7126489834995338,0.7274144929371423,0.5677498121986495,0.18186804747467308,0.19197207923195234,0.5813269544412915,0.6910018802724756,0.6875685678310586,0.6096293665154957,0.6342687502300415,0.6662249529360124,0.4339151793796367,0.7971076225580236,0.5818630949367793,0.5382475692024523,0.8412891401089377,0.21801388972582972,0.4164226237814252,0.33126628695680477,0.516347924129105,0.3621141907179646,0.6951652871781722,0.5958657634413177,0.13426339363075826,0.08344110739176536,0.6130516785246319,0.5462495182706387,0.5664349382420694,0.5633830036041644,0.38240681690878375,0.16896123832156548,0.5284263599961707,0.5528570157109627,0.18886973580030156,0.8799170954176667,0.11323167422354395,0.447991847471605,0.3513053409758036,0.2634236319561127,0.39350309873948147,0.2757874764227948,0.26135130100699133,0.5856805577843037,0.4294769755617829,0.6902605356619003,0.6389138292924286,0.7210045140651192,0.21188210840085292,0.7059240079926459,0.0,0.6579076119498368,0.5271531306054161,0.5702959769804248,0.34562890198758184,0.19752602935863212,0.5436795270138797,0.4742570545048911,0.463687817554655,0.6517876374876052,0.3973342999529504,0.32624319504432736,0.1265004065109135,0.12513311052201992,0.5824956744957186,0.33126628695680477,0.34044485059182417,0.5124124620714444,0.46437498835362534,0.21458299835792147,0.07474629899688134,0.1206773114140039,0.60962358885776,0.11363194883806137,0.7058900296557804,0.5979501528597079,0.6502441406470028,0.16302327620484697,0.5139549890946994,0.7646451014176885,0.19535787832025167,0.5635200482850862,0.6599572625956911,0.6652479026568354,0.6579076119498368,0.09868295729560823,0.599467565135562,0.3529301280304627,0.592235771342966,0.610139612701054,0.4617377867247382,0.40404214241092873,0.7054783881283718,0.30357262866089985,0.5590641926976792,0.32018824338775304,0.6489429525016601,0.5981494605185363,0.6163869785061293,0.5426765059579447,0.3358303462917353,0.5452464984186208,0.43946959434613936,0.6699340085355978,0.5058613306123327,0.182733179637644,0.32166221767767267,0.5799345284154573,0.6579076119498368,0.5887850818353124,0.4649294145732714,0.5633830036041644,0.2703633214512883,0.46776442223736453,0.6592965957866275,0.12331004131322569,0.7155246130378746,0.4643429504657139,0.5244135377531416,0.45716198491839893,0.6692449323461318,0.4084278692310196,0.48065031156493004,0.1877155359845645,0.12558636256663738,0.24265983314656178,0.12165264778636047,0.12307790676472168
attention_zero_shot,MS4A4E,0.2627229921270999,0.15161074197109156,0.10254919516912214,0.3079287526388448,0.32139413370403525,0.2797906581643061,0.6002689693651152,0.11986943753979348,0.26891685316382974,0.12757397943497564,0.14630388552648355,0.08118720685109058,0.2523622516287139,0.1268416755384653,0.10974642094951848,0.42476880451109283,0.6796486198998367,0.15683439720983683,0.5392258499515792,0.4143884295216008,0.1275922615169142,0.12604272422041843,0.1544336042886682,0.11744676606023671,0.7390752340751834,0.7773797057857276,0.0,0.11367044370803832,0.6753430413299158,0.6967023740034138,0.4405835216923681,0.07862946497583738,0.3638332763259043,0.717720570965035,0.4529709348712063,0.23788015600711868,0.5280436875527388,0.515770090346153,0.13557144992581222,0.45991172695128896,0.3535314905604298,0.4201212354666527,0.14732010037175663,0.07247543962665735,0.141163431493601,0.11664320634891794,0.6495873051039486,0.917228821341659,0.0,0.1377729834793862,0.14733892064402596,0.11477721174654594,0.74710681678224,0.23408063573421575,0.24660461780548915,0.5391188156427192,0.2021141296286677,0.7624108027275092,0.7557426262701445,0.6874112200805005,0.11253410058328943,0.13037039566480446,0.24711129837446688,0.5341803974520098,0.5323090795643068,0.45428166717983237,0.472412406200711,0.5039014814341674,0.15213310749496606,0.6138352567317544,0.6590587277681951,0.5450860773462286,0.6768571069648497,0.09532754400984714,0.2962289702550247,0.11367044370803832,0.46357054830926614,0.10596129503720035,0.29617883836985703,0.3245657840564023,0.0836699593416049,0.07159676907062745,0.3095569231948545,0.4784433059379924,0.6804760625391225,1.0,0.18648994347477452,0.06984771547796514,0.6180811448622843,0.23261101173978294,0.0789130347169286,0.7702424695245201,0.11030971734904872,0.4487463599074214,0.09082342460828523,0.26103639174401383,0.29366164555175484,0.14097887203069742,0.0931947115194232,0.34174158406898864,0.4088111767716574,0.41862905373544274,0.3393544016150457,0.23137017804155766,0.13664496905877274,0.2148406557890877,0.0,0.9527021836238052,0.6167842160671091,0.24325431245447238,0.13702035715055916,0.115182884320511,0.3278689324447261,0.3441070233343526,0.4182625797457901,0.4935058568775777,0.11314056093193968,0.1363529888024852,0.14635345042465756,0.13805125420542666,0.35320778453788604,0.11367044370803832,0.14336586772614,0.4673566462333215,0.25342554755907276,0.15096337806555762,0.08631451473489657,0.12878929507877623,0.4349675997597061,0.11289590689027512,0.5755261527887734,0.608394364780216,0.8642018648988652,0.09803158274192714,0.5668965141398931,0.28459976127000636,0.14209347804099978,0.4698790724544509,0.692071361180234,0.7629604346468598,0.9763510918119026,0.0901274844827504,0.2257913152583759,0.12969585795923505,0.4394377317623084,0.4630055934255831,0.4811497548214396,0.2514935171933721,0.8781274163699819,0.13002943586216606,0.5265144632563544,0.14295233362639534,0.31669449410327294,0.45393951333461885,0.5513645054723812,0.5161476199390862,0.21728622579689746,0.5607237534549724,0.3322334219424215,0.7456271259686202,0.3079532777293718,0.10410187490391687,0.1281272564983903,0.387843470178599,0.9763510918119026,0.5010866091934544,0.416110092722385,1.0,0.14441022617950514,0.13024428258547288,0.6113166392079562,0.14630388552648355,0.3654441913406665,0.14824316448756505,0.3573469510417493,0.23184771451872785,0.32903474915293873,0.11367044370803832,0.399136281772635,0.14283951782471688,0.1544336042886682,0.1508916648046448,0.1544336042886682,0.1544336042886682
attention_zero_shot,OLR1,0.6574961007183943,0.1144316270051725,0.18612002222681254,0.5214494967301755,0.4130913998292337,0.5257169508550458,0.5822203940372848,0.31083786167899685,0.4758812131296715,0.3387307536833275,0.11352162197992446,0.09855920305306164,0.35773954883257325,0.11071881857197652,0.32061475548594187,0.49869763072643536,0.7619300417160548,0.11229308264609822,0.5967643661666374,0.6440276449121971,0.1109439943655112,0.11231014388760434,0.11088850535628693,0.5115013333215525,0.669629092103774,0.5824102437940002,0.0,0.22556258476697533,0.6058556244992259,0.6328833183687229,0.5991281801536439,0.35995313809852364,0.4259282754425259,0.6807168369593505,0.5378715324952772,0.501966679487154,0.5078437640814691,0.5032643767663237,0.24633320824047486,0.4758802970482033,0.45847704395030436,0.509421504135922,0.11493237999057081,0.18088889419285825,0.10299682599251224,0.23870276952447397,0.5535755077489145,0.6849155720296608,0.0,0.11739460702927185,0.8721568234917813,0.8847139610907712,0.5454047634232979,0.3068264378807292,0.34866860110799114,0.500333680184524,0.3916422688460382,0.7234317668267943,0.7343893333217361,0.5946489257900253,0.32453589098924396,0.24818362664241275,0.36279600901069764,0.632209773388631,0.628255039769154,0.5673319286430565,0.5781076339093584,0.6080284292407855,0.11939743716976674,0.6128964821748195,0.6041721617802427,0.5632512749057925,0.7393463844410285,0.3000999042272711,0.4011922819908002,0.22556258476697533,0.6373282675654419,0.2674195251106631,0.6066637141712362,0.40727614798440775,0.25852418564177254,0.26190708915914995,0.6118131083045475,0.5678641280022311,0.5806137036256035,0.5785225253221793,0.3153275461693861,0.2985365793598584,0.5445661426536904,0.3950403681609662,0.11113153552889424,0.7329223233848805,0.13075705116181321,0.48675199550801074,0.2815120383221196,0.31290606670872906,0.41921876527897717,0.115799296697422,0.2361954389570419,0.639409258637258,0.4693043900595533,0.4533617073446751,0.566143689102339,0.38518756836697116,0.24317434575251687,0.3822034149996443,0.0,0.6736625567450059,0.5444271351723164,0.4735985944298031,0.11377242305560467,0.12411422537326508,0.6052777339980401,0.5107506021013363,0.6075128877852305,0.5519833377201507,0.2991176234221503,0.11788208913926679,0.2552440040114769,0.28815190159675724,0.4287959137330253,0.22556258476697533,0.31472116002192074,0.5361320270417121,0.45798097510542035,0.28066266923793687,0.06848189028536798,0.3056674412713955,0.6283260958863686,0.30973347279827296,0.6554797143361045,0.6339733673778102,0.6657151029194438,0.409669682047162,0.530106539868083,0.37592051725595893,0.11117141798146565,0.5319359617424685,0.6708505175021524,0.7106019393006383,0.6736625567450059,0.324753639982204,0.38033648296843714,0.1173407775085344,0.6298807048346499,0.4882825153943249,0.5157864177715952,0.6468836610121063,0.6981790417886998,0.14718624210097125,0.6108288034924721,0.24812641617221906,0.5172837893201434,0.6064345325349224,0.6258855868419732,0.5716771921679585,0.33399752839756003,0.5681618453262202,0.47631532383919617,0.7911353916306545,0.44519335799016974,0.1039400355442025,0.2695275745919742,0.5334701473522738,0.6736625567450059,0.5996877623806756,0.48257390255820565,0.5785225253221793,0.30410976844108856,0.17255582703884162,0.6994806959381767,0.11352162197992446,0.4636927439577194,0.12431708815613536,0.44764576981432713,0.2965213431630394,0.6321882937490735,0.3056768001359089,0.4996052358736049,0.11551817125785199,0.11555405167047063,0.12092998348390442,0.11088850535628693,0.11256331685368622
attention_zero_shot,ID2,0.18303854586365825,0.5276412809344431,0.08673874983565485,0.3664185451561338,0.40906152868908385,0.4428386104417269,0.5237645054336976,0.5561931175796374,0.7639546992173549,0.8330714499892298,0.5520004222203331,0.275002032946044,0.3768872360164339,0.43587084078680594,0.09087534214351992,0.2223257213376331,0.18966396708828634,0.4321423730688663,0.1749807944102138,0.6043020654634343,0.5305077919401925,0.6744192292363421,0.43194925994104305,0.819910217537844,0.19038134095622866,0.21856800384478114,0.0,0.08873470299615621,0.4333274932856188,0.12052609579432666,0.13493783245388277,0.12028033793090609,0.38973128512822286,0.18919771380477032,0.414986252280492,0.22189349936987915,0.20310543129697156,0.22428440949666056,0.8765182243837715,0.42342274948665515,0.5499319850928709,0.20876349081227,0.5714786647324925,0.38378503419879645,0.19847943772595988,0.6846246879773458,0.22813684484444724,0.12791216897137325,0.0,0.7707897878225671,0.24210359710472498,0.14266290949030197,0.39527288183445025,0.730965005926239,0.6187737058525131,0.2264487000913951,0.8434929242926678,0.20462345577837476,0.17756121315094456,0.10769184382764348,0.6206133752365562,0.7129662645247218,0.48969823456935563,0.15712084787609124,0.1576738405205834,0.1660072544330339,0.15862033947516485,0.16140406429935295,0.6032186759849322,0.45851294484339855,0.12190243841183396,0.11792893535011874,0.32968132112697957,0.5668029072978634,0.3747694403693017,0.08873470299615621,0.19576369817415906,0.19195519180197765,0.3948887263322034,0.7127956581253683,0.5962074853685615,0.4732412908645923,0.7362358790540444,0.22157402059129552,0.19791910036608268,0.12835622567606014,0.3759278552779916,0.6129396625055957,0.221811796692651,0.4305811844255604,0.2960399900916317,0.12614512999830435,0.4653908653612518,0.23343175885510917,0.14242269196745586,0.3012959682448956,0.09636792167593217,0.7004811925821243,0.6783218906323134,0.5689889666719563,0.29530004554298644,0.5243898429600864,0.5723668521104662,0.6480127313605757,0.7964439041724052,0.7397111590277319,0.0,0.1287713362971051,0.23413479062817524,0.8893899310242809,0.510557661980275,0.633983826719545,0.5860854199748466,0.4377049680588583,0.2941260617182961,0.33222909203426143,0.1944056309115051,0.7271497806635218,0.5879907009068195,0.6163525280922714,0.6805914666398818,0.08873470299615621,0.638474061985395,0.25150632959954405,0.48788150974426403,0.8238287629994372,0.11082749306348998,0.5980765733904856,0.5815002638971419,0.5458529629826453,0.15604340877177203,0.21208348522432333,0.21945853214632913,0.7369666120159524,0.22305292381942207,0.6050837322029187,0.4144960795692235,0.37124474676852776,0.1618326896062073,0.22345016986435137,0.129858243329027,0.605402230716903,0.53298892585599,0.6880710700195615,0.23431967475186175,0.17957803801804145,0.2386347419816323,0.8270712062054831,0.12634605562260803,0.8298103881037612,0.20836647623695245,0.8093514723384992,0.7681243341728914,0.5177774952653001,0.1864818805345569,0.2301028844585638,0.29087738926326284,0.16259398681347387,0.19576862273167472,0.16660730520918338,0.48390446021030326,0.5509836273862356,0.7883236255821524,0.2693770926951532,0.129858243329027,0.19451517537757723,0.2354408154890034,0.12835622567606014,0.6652303958939827,0.5411542690337994,0.1870931801306737,0.5520004222203331,0.5314492726269536,0.8398954943463534,0.41753861460962455,0.5287237099204,0.19466217175919057,0.09104904302400296,0.23175881358073025,0.7351783793988024,0.5094107244945372,0.825864238534941,0.43194925994104305,0.46035179694399087
attention_zero_shot,CSF3R,0.6986614388117423,0.11413663294825217,0.20869726092167215,0.41389813765150446,0.4158274002472925,0.49667998275694947,0.6197219124277232,0.1112962237437647,0.3824881098784681,0.13128876808213993,0.11337751570769382,0.09653827285486524,0.3632700859613643,0.10971666211524743,0.3655829446237326,0.6139831130834682,0.8471525233702967,0.11143395309371729,0.6262270818456241,0.6193217809361221,0.10998687306748904,0.11172058234139441,0.1100645039873123,0.12952444053251472,0.7157587756678102,0.6457922400335807,0.0,0.25860601638543845,0.6493447456089007,0.6780924475901168,0.6215941343437272,0.38117901211898125,0.44912596477675193,0.7213931399634631,0.546592469185302,0.5507327453110707,0.5485056146167094,0.5407957709798942,0.1388959266266551,0.5105490826561936,0.47691671029035926,0.5194092347898884,0.11508818606523442,0.1843800987419844,0.10236930557512876,0.12420035454067241,0.6051109271972936,0.7484996089673158,0.0,0.1176721080582135,0.895681939680176,0.9070681576092349,0.595819874645266,0.283270276777897,0.3522090223121506,0.5336976852527882,0.2686426931575259,0.7840809610044632,0.797714012100728,0.6463339553391675,0.12890238881349372,0.11652511401903666,0.36697499083067264,0.7855124154423619,0.7830750565269343,0.7033271172261671,0.7264245190793501,0.7627040969187057,0.12010279030710228,0.6493315270882418,0.6490641551905079,0.5972399934570658,0.7992854160597138,0.1258953121006904,0.42412702549618614,0.25860601638543845,0.6497015990843606,0.30354739573890965,0.642765215364473,0.42106745624649056,0.12762459140571694,0.13132414611074675,0.4752439427478302,0.6504954000530135,0.6596625213013838,0.6416242571126398,0.2792272902356417,0.1623933629954291,0.6226616428897167,0.3798387355088126,0.10834525211012769,0.8663631564253684,0.12637552520809175,0.5219454935423684,0.3100814275924993,0.3432589344196082,0.42381255255224,0.11581269974392201,0.12644893161928236,0.49533339586208286,0.4969553152104174,0.4759208130773251,0.45115322964448773,0.4136443050007656,0.12125081032442103,0.30869881231593665,0.0,0.737564809357199,0.6154833412330555,0.35493951107294713,0.11338098749560122,0.11932402627617755,0.4693040812108279,0.4370811952012238,0.5707980488561516,0.5809441725498785,0.34158511371269434,0.1182184154335863,0.11827568952825208,0.11788143469912817,0.4447462902184087,0.25860601638543845,0.11673077501139993,0.5605726258405864,0.36876615970546456,0.12188935749363179,0.06879988594342146,0.12605598576746163,0.5233114339963129,0.10634358784166249,0.810203730726955,0.6664878599011377,0.7229156845575492,0.13082355024410916,0.5886945831001832,0.40613114564544617,0.11008613634476178,0.5572134445574828,0.7659995004633463,0.7527694111693767,0.737564809357199,0.1280774331108528,0.3833730783196502,0.11754733861788215,0.6492102402741807,0.6861706991298231,0.5569926225564391,0.34245839698509617,0.835466371306255,0.13969781111485163,0.6155956336389462,0.11930075207510821,0.4063523228851958,0.5352694998360432,0.6711827302209289,0.6200532853912768,0.35287519445563276,0.6006531643947206,0.4865350184403755,0.8231692093430388,0.4778699534027545,0.10215373776974501,0.11718348501206723,0.5829756166544899,0.737564809357199,0.676373494858873,0.5914969047266676,0.6416242571126398,0.11844565631234409,0.1710720984476372,0.7421759936897284,0.11337751570769382,0.4791812419324824,0.12557995393562263,0.4975903409075043,0.365196930313092,0.7271389346081341,0.3512802643372586,0.5270991644859919,0.11547588533829801,0.11585177793966306,0.12185862323895487,0.1100645039873123,0.11217731828737687
attention_zero_shot,TUBB2B,0.13078202685085855,0.21402002499206785,0.0716123425645237,0.16828027264940215,0.3074241633585243,0.38240636087965957,0.30286812902537474,0.3628636538338777,0.39283499685942685,0.4425383556742742,0.27892697983308723,0.1914397005224102,0.43008263877502356,0.5452421529317268,0.07816916003576976,0.12197803235936133,0.13285824607699953,0.22283916565595335,0.1300602782106189,0.2643194489549781,0.31080540152489816,0.4031054413316361,0.21285318070658155,0.2795877380965159,0.13529700543013237,0.14309673945005058,0.0,0.07285197536146851,0.27273919701381283,0.1644160314260771,0.11957092829147954,0.07067042660219747,0.2927256893210176,0.17413555411101347,0.3363784771978517,0.16783720129907528,0.14761185453614026,0.17429865729323438,0.4073680658816896,0.3078194489826717,0.5607195813417627,0.19103667836653535,0.31027798070990953,0.4741259333532583,0.08194708154067469,0.6342128262298437,0.16307541002140366,0.09999716916117767,0.0,0.4489459056053616,0.16834839262577575,0.11940699755553384,0.21278618152557974,0.20644445090745164,0.35228870029795595,0.16971286168652283,0.3167967593029329,0.14931296674541053,0.13054187611412818,0.146863110697408,0.27865019060048957,0.630680375245201,0.30201276381774433,0.11972037708671333,0.1198434792623621,0.12424142000017994,0.1577917745932518,0.12483471508307235,0.30498634854074314,0.18907451837369119,0.1872554424516243,0.16584402169090745,0.19124313468576748,0.17434807691246462,0.2378678580858952,0.07285197536146851,0.15014428907160166,0.12414013735226716,0.22184933104560187,0.5821694367487289,0.5188966920030735,0.29498052080234954,0.3339293856068279,0.16855964010820843,0.1302112550330671,0.09625397589433524,0.2796995460911732,0.19151332151901618,0.14899043414668983,0.454646913461683,0.1304474242316088,0.10046333017292441,0.22928229242841133,0.1451809205982291,0.09070293443966815,0.20447325131609084,0.08108113606558696,0.44710741247935026,0.3142928267267711,0.3569282422019654,0.20541048000806758,0.2553266880425655,0.4945483303806664,0.2436183679136277,0.4761235290627376,0.17049085199296177,0.0,0.09958747285917337,0.16411424971859725,0.45981544574686267,0.2761202896895974,0.5494455403203341,0.39863481377526955,0.4895847201390723,0.214817059707819,0.30981886353898347,0.1265905764617946,0.5039435191251805,0.38581121172914645,0.36002777772936706,0.35203919410606205,0.07285197536146851,0.19922019053935472,0.1890590032720038,0.3495440983694175,0.4445346885043825,0.15172543727221174,0.33014422697125495,0.3404718191587672,0.2358030368914708,0.14214566723754843,0.10964592196348603,0.1437175707979467,0.34740468361303,0.15755435196665674,0.2291422935805173,0.27329285141629867,0.22763483184450212,0.12043086158103027,0.09786241139419627,0.10067437989109528,0.2967359862179388,0.45982896707351983,0.5970510700025726,0.2198030216188298,0.1206161127096582,0.12087961821598486,0.2979890295313415,0.09959418080450393,0.4409436150465292,0.15737237867294535,0.41295579433904944,0.327350924496484,0.42316228948810297,0.1803447135433827,0.20205257260843515,0.25935247659193067,0.17724739544831733,0.19030299588738753,0.09829042047365558,0.24939044514410957,0.6536948364873594,0.5025473335047842,0.20302047360372316,0.10067437989109528,0.1752105024967762,0.18414699326702189,0.09625397589433524,0.2515100388683631,0.45520321985901513,0.14590451808484928,0.27892697983308723,0.24878868674544072,0.4251949264513327,0.2552509908791751,0.3448132287989653,0.12356226218097198,0.07723797551557886,0.23051488957705313,0.4186456268433121,0.32019138333750224,0.4761995930571977,0.21285318070658155,0.25221052167125246
attention_zero_shot,CD86,0.6513877618331723,0.12010743476890846,0.09090072777267699,0.5262048989716227,0.562232732159899,0.5584321432077713,0.7074694223415154,0.16835331897738537,0.5070100581737955,0.1658111001248026,0.15747642810732987,0.12923725442607467,0.5398682469820038,0.12439479530014096,0.0935355306035602,0.6067296567869248,0.8243196532018111,0.11902764006507809,0.6864702252929993,0.6463996654338052,0.15617797469688224,0.20862029612609626,0.14361826245379428,0.15346885144998432,0.8551739403924112,0.6621230503230116,0.0,0.09199967215513039,0.7265347817331689,0.7403763898869032,0.6329212046083674,0.08348897029354975,0.5559778473099882,0.8018085838701637,0.6471709867916978,0.6155664570501918,0.6025815936670232,0.6052775949806231,0.1568849697366501,0.5920950203514092,0.5970133039247234,0.6078300224922946,0.16445804805665362,0.13151942720004423,0.1093313804775572,0.16892677448738214,0.6449142503259694,0.7854672652878316,0.0,0.15645538708604034,0.3616772460867139,0.11476432149821918,0.6317903923167151,0.3548937504246873,0.5510761274881154,0.6205698816202299,0.3020140955371137,0.8239128380685956,0.8081588267363712,0.741075354294603,0.20205143507561532,0.171747368873282,0.524319190736834,0.6967472856665202,0.6939131481493849,0.671599457747724,0.679185043839277,0.691796448604881,0.12302380996996354,0.71744530703892,0.7281296743619062,0.6957448139872959,0.777024272147359,0.13078511237054236,0.5938556240944716,0.09199967215513039,0.7056410260046548,0.15437328357361252,0.6851289051032565,0.5536179281599172,0.14154933057735963,0.1418993211271797,0.6096559025033289,0.7530856026342223,0.6644544487315792,0.6576362189956588,0.41011235568786186,0.12732213584018634,0.631386120514397,0.43868554794098313,0.11852489341003578,0.7928345597854417,0.14425710289586255,0.5822311785188159,0.11245912257897143,0.332788362083222,0.5489522830952822,0.14307975849330162,0.13903461017893354,0.6365567492662595,0.5924052075924852,0.5516976913171598,0.6101232106527483,0.5300646850044437,0.17662990623686306,0.39593891963070216,0.0,0.78035934303278,0.6359238545117922,0.4916993891414586,0.11927099063758478,0.14454076506573502,0.6460653261099818,0.551383863059985,0.616479747932747,0.6818340180640422,0.15584176977935468,0.15921971916961,0.1774326696476064,0.1855865981732056,0.546382430619068,0.09199967215513039,0.12107553446577997,0.7680276694375239,0.5589160130613331,0.17134831649439625,0.07881443656012217,0.1653915738971304,0.6491148169580453,0.14270998636449583,0.719225980682628,0.7092465033946459,0.8308474865893287,0.13118567099855738,0.6214367253857015,0.4843395738161686,0.11813019409759243,0.644819150334664,0.74955307802477,0.767659897829583,0.78035934303278,0.14115920599652287,0.4114246428315758,0.1556911883332795,0.6766815614965691,0.6589173761620035,0.5913944098837345,0.4407742843238502,0.7767015051512872,0.1673760964412419,0.6923530729279586,0.16104151392902344,0.5188912590839952,0.6393785403345164,0.732938175890373,0.7525039191194968,0.5356698908726335,0.7205790367696462,0.6361913005557903,0.7649056232187839,0.5658829636019131,0.15154403164316893,0.16881231932870058,0.599525111253875,0.78035934303278,0.7085653488817792,0.6195473432578068,0.6576362189956588,0.15580437225481983,0.20034469769765634,0.7483207480511914,0.15747642810732987,0.5736274821180783,0.1612471741484231,0.5879501001728823,0.29764001340193874,0.638702428563171,0.0935115864495193,0.6592955055801568,0.16691990625402484,0.16605167841625548,0.17133000672565254,0.14361826245379428,0.1514699580406557
attention_zero_shot,ADM,0.8282297331201727,0.21233319498012662,0.7835699812772522,0.24468883303658137,0.13065638585654885,0.4376860946699867,0.31888615489874345,0.10631551148345372,0.2612904233270559,0.25811513932998675,0.11074069422549448,0.18665115910397778,0.10526438391847964,0.23440529819440797,0.9279621269514364,0.09234530616898332,0.5273517727835658,0.22327919581945613,0.09856557835309981,0.18512729475432962,0.19199009009186957,0.21443826450956094,0.1078829996029526,0.1390588597681993,0.11895552564516097,0.11603313946382263,0.0,0.8854620011590424,0.2837811418313302,0.11288040203109123,0.5145347059675136,0.6249626836878934,0.10078109216225542,0.11867283879234432,0.1909911796204671,0.49055868511540046,0.10344500678859016,0.10366198556757406,0.2754700368004589,0.1680600182173696,0.2011991771172517,0.11497099742827874,0.11235708871656694,0.4692777327423921,0.10111149524271795,0.18521755278751736,0.11254936160198561,0.1202118182426244,0.0,0.2848846884607649,0.9279967994388643,0.9944398336453657,0.2123455581486316,0.1330978088552332,0.1802127647815208,0.15701624213760051,0.21625251744451923,0.11934689854799876,0.11637045190538763,0.10218704703902214,0.10111895407730058,0.19737492186491198,0.14290564110265364,0.0951650542297015,0.09499824177698378,0.08758486735501819,0.08905396286011248,0.0928231182858994,0.32094773825463363,0.18526793047026072,0.11338515910761468,0.10618055233959273,0.6843989472566979,0.09089256264875394,0.1428866570314919,0.8854620011590424,0.0948717774304424,0.8855008493385362,0.7713624278984594,0.26642248726648093,0.12829083824645213,0.08958825052433526,0.2115598959627411,0.10319698240470668,0.1085537284138318,0.11932307336184263,0.1564830077186923,0.0738589997235417,0.10791193555747021,0.36033853808063293,0.2695671052755119,0.6678642671041166,0.09776095464445334,0.1354211118657045,0.7926523691500836,0.08401838928043809,0.38252225572145554,0.3162227614489327,0.20029664355624452,0.10850640960122787,0.1027186355280107,0.21731793500151667,0.1974961968553482,0.17429846052166537,0.22005751552241506,0.11472615589025122,0.0,0.12083411437803283,0.11069281163222668,0.26096700214085916,0.1956409745625301,0.20903830023142222,0.11308798574011802,0.16841093871602114,0.10186276083465598,0.1136897377036014,0.8634837163098135,0.27241201194376213,0.11507679802450464,0.11395282887834995,0.16208632558424316,0.8854620011590424,0.1950356453958379,0.10742553422845552,0.15788434519334618,0.23015998195861118,0.07001510986448396,0.10860145326748469,0.1748258136534352,0.13664205760797707,0.13010787014718017,0.1182519169708033,0.12170653818330099,0.16066722112026258,0.1055101376366435,0.16987980817874745,0.21427527752299075,0.17146657478363253,0.10986185881556841,0.11288398345337874,0.12216255630593739,0.08660746513261441,0.39708745134761353,0.23833476304358014,0.10111187530074857,0.09710689461421687,0.09230552757915658,0.15106234628957113,0.11871749976054358,0.24175843377303724,0.10666545496357194,0.2582492678332168,0.24375019829656583,0.17021298689891043,0.1020666886225897,0.10643316834177996,0.11174226533959342,0.10975578169109317,0.09288622731985754,0.11176368253784842,0.14515384443947016,0.1887198867474005,0.23070132131251825,0.2625588120710955,0.12216255630593739,0.09795588622318217,0.09876084731580287,0.11932307336184263,0.11511782561638197,0.13292233385040672,0.11043151878877723,0.11074069422549448,0.1691633270109332,0.29835882905799765,0.14528178775397588,0.3663130855391648,0.6259188993337257,0.9035469483444567,0.09912508502923124,0.19772646474814373,0.11347786459510568,0.2673318264336551,0.1078829996029526,0.10998107397501
attention_zero_shot,ANGPTL4,0.7401231693302958,0.09972022549524245,0.9273037831020309,0.08785746109446778,0.08188254928857124,0.33853340978422763,0.10601999498807474,0.08873200956975978,0.09369335979173767,0.09031024965414525,0.09810317499707431,0.06549449923168886,0.08781194041867182,0.09281294371163706,0.8341404127272356,0.0781717720131296,0.43007067282468275,0.09984839293414392,0.08177370982061731,0.08485849123158429,0.09342273100150356,0.09175618078985022,0.09885000345142402,0.08524742604376856,0.09858572928002346,0.09995666941300307,0.0,0.8432999948980494,0.10386636347534317,0.09649925048522419,0.45376480748108633,0.7238716845798272,0.08342016893884258,0.09778965519719184,0.0895236662276098,0.5326463331298128,0.08759200196362696,0.08715451766674119,0.09399821849669444,0.09225270930961563,0.0933070866471422,0.08281730149698757,0.09858735721031049,0.333121192793879,0.09313657019982907,0.08585338815415168,0.09553283523178878,0.10476265209603355,0.0,0.096265052592374,0.9038556738932939,0.9831074141713602,0.10350878705554037,0.09268480157990339,0.092835088588418,0.09346723244546475,0.09109286380431472,0.09841360574595852,0.09605950940043893,0.09301464434658789,0.08385749988387124,0.0933468410656039,0.08170651365139338,0.0767609839485256,0.07662570644108628,0.07081445104539982,0.07170407352640405,0.07521140814167161,0.10087130386166943,0.10207861196153864,0.0986117917479087,0.09166334776500312,0.5255895442406752,0.07500741097737552,0.07719829671833175,0.8432999948980494,0.07723193882328346,0.7652697096435909,0.7915333064070382,0.09914805485839652,0.0679182222448472,0.0574330355131425,0.08826906289173128,0.08592116050448557,0.09391012762643641,0.10690612697166674,0.07105218315689417,0.05868530185263649,0.09379444496452898,0.21821854838384755,0.06595034338483233,0.5731227713553598,0.08519399615437724,0.08040201861538279,0.8074890895147459,0.07077884776260412,0.07478831068271576,0.09700476270087985,0.0735809073910445,0.09052238348878458,0.0872389305044401,0.0998002111380107,0.09163180063755906,0.09023349768656813,0.09603132154914805,0.09113696990929446,0.0,0.10599941960030508,0.09536206920402211,0.0977929849706699,0.09613874374668027,0.08688463676234374,0.09408999787785602,0.08542651089949384,0.08676738846648796,0.09381969765102041,0.825098757018466,0.09561102464625079,0.09880998854244114,0.09636202653955826,0.09179992694602171,0.8432999948980494,0.09834291315227763,0.09072293992319283,0.08262351916985776,0.10083898411453536,0.06560920665497237,0.09189354902753691,0.0943225106177625,0.0861561291755216,0.08298419207260524,0.08233973293972645,0.10497765572694825,0.0741701645652639,0.09000012043968553,0.09097245490663071,0.09706669059426387,0.09008125386449076,0.09119087279778604,0.09487245816229606,0.1069359387671553,0.07001096782398665,0.20762093828655864,0.09298373214339636,0.08234513922658666,0.08218231107757305,0.0774696048739461,0.09170645311027038,0.10261028476368073,0.09256863247314523,0.0886260884554232,0.09816288778588,0.0958052935062098,0.08957325523318568,0.08453195298295806,0.09085797812608676,0.0717752361361784,0.09335028265413003,0.0774154770103973,0.09170905709771336,0.07630060316258265,0.08255195304208761,0.09191684652339215,0.18462453668532824,0.1069359387671553,0.08271693247915869,0.08405353264149638,0.10690612697166674,0.09850416082473867,0.08112320706372124,0.09018824733322192,0.09810317499707431,0.09187847286915768,0.10053074776321776,0.08120603389008486,0.08920631804975565,0.5313493263363199,0.8746399959184396,0.08204846573212318,0.09724219818997692,0.10024626875375112,0.10070949536535648,0.09885000345142402,0.09939299551344011
attention_zero_shot,HES1,0.18460601107207836,0.22481301881825852,0.08696425583387976,0.39434423449338124,0.20955867776582549,0.4135119817198727,0.3343814915464312,0.6769872783278414,0.6499617056339465,0.8114847763902671,0.6278023561440642,0.2883584968628331,0.24988268814972572,0.2897928460117908,0.09208989501906613,0.22290863476150496,0.1894279644502429,0.23832370883727325,0.1689668696472137,0.5373689000392623,0.39532981479081836,0.5717833671124702,0.4831420349628152,0.8355092294475002,0.1902818694602479,0.22411983621187953,0.0,0.08964056044776324,0.29829599465803164,0.11830750733717266,0.12714898170678016,0.1178975904575586,0.3959474995913823,0.18974684624774993,0.3272062915329477,0.22023106141578624,0.20426832042121018,0.22841218756437698,0.7102379663624767,0.3134042624009595,0.4582716203369121,0.13663383535686044,0.6484800030249496,0.27923172571494825,0.10625597879368609,0.6101488879905099,0.23475688035862638,0.12725224785069797,0.0,0.704520706619196,0.1959586686403664,0.11759749613406625,0.225219762434004,0.18626531190303894,0.38909088243096274,0.23773463331734151,0.6292749113756387,0.20556252565911629,0.17623349064975874,0.10726835817453233,0.696361103686808,0.7293891713394652,0.2182796502207546,0.15193680246523603,0.15246029410743073,0.16213360834658772,0.15434661279189715,0.1565939503348274,0.3363623244888645,0.1926442322076823,0.11969574193973652,0.11498632828924123,0.1955621197376071,0.5770406602893431,0.27255236926318327,0.08964056044776324,0.18909556653980522,0.20129046170042922,0.2662501891602835,0.5432522390110678,0.5854295226389443,0.5636856173330697,0.6374625594626251,0.22408419245553005,0.20095060229302925,0.12771233923281214,0.28443417714551084,0.6374044665883721,0.22906817402061813,0.2862065211509211,0.21019606400890797,0.12510944124642936,0.5022153419870707,0.23238845395005578,0.14021544240370468,0.29508503484179566,0.09178414284757107,0.5889654419761172,0.6235977747638851,0.5498331615239154,0.30432212803740566,0.2262712889896853,0.42510537910978186,0.240941656605987,0.8432816004946881,0.33700437280496653,0.0,0.1283252925592524,0.24397967235374501,0.7530536831693645,0.2052717619831887,0.511583545167471,0.6072132163574976,0.4243646770538858,0.41784023500552026,0.22760212846731465,0.20438575320720073,0.5795922539580278,0.7853809495414217,0.7878327023824276,0.44438625644779833,0.08964056044776324,0.5126392544911788,0.26160580904293224,0.41127711427800945,0.8706731625449433,0.11898586122521047,0.7609706091653187,0.5166973917975419,0.7523286132375822,0.15303522148194884,0.17730024644454512,0.2269638349917523,0.7428272472269006,0.22847205914644078,0.2063258796666129,0.22771656178652236,0.28181834753988194,0.1594955170607349,0.20119231254321535,0.1297318781299749,0.7194498135660916,0.3764188492264415,0.48682335239813174,0.28387820357491694,0.1764701423961255,0.2384500093782469,0.7652408508894237,0.12530873210071428,0.6568826818180955,0.21024238277766572,0.7753804599066193,0.6014852593552843,0.4582270589264203,0.1847447755402001,0.23686676445087645,0.23354458127527786,0.1623466241126269,0.19464859334926113,0.15890999166179226,0.3303216983323954,0.4406946333825473,0.7132951643723046,0.21785858958922413,0.1297318781299749,0.19376953185818582,0.24430648028020105,0.12771233923281214,0.7129888762329766,0.17904405084507072,0.1856770067540961,0.6278023561440642,0.22437168613796474,0.5676963449712494,0.27512865308101875,0.41609824958662806,0.19005042828462643,0.09244679646363291,0.23587487627890968,0.6269242173968681,0.5743522640870243,0.7516858115018,0.4831420349628152,0.5175992326319608
attention_zero_shot,ID3,0.2095520308316475,0.37148660683073603,0.09924650572412719,0.3545743403720637,0.2396064733269631,0.41238087566949605,0.4672879819814255,0.6903015661735891,0.6693845346094575,0.8429042084144643,0.7076937038847465,0.30129359372727377,0.2795669718458022,0.42824346059071317,0.10280542466697634,0.2144233934516489,0.21481753757246125,0.4250973664186428,0.1101955878674825,0.5337106935832342,0.571472203933679,0.7577978787573763,0.71112681374601,0.8513816172615118,0.21475317962280568,0.2729218340450121,0.0,0.10448918763397715,0.4280344188258924,0.13024682046208166,0.10362410327879511,0.07736489558247873,0.4311080866760215,0.21129165461991686,0.35411806742153634,0.22763981144132295,0.23063383661052858,0.25532260628792963,0.7223626589273434,0.40130068419367915,0.4568228621769507,0.1352562378040646,0.7301788035859199,0.2844213636665685,0.12700376340407318,0.5953672572841894,0.27608399552866436,0.1463054805961656,0.0,0.7723363527165931,0.21175584839571898,0.12428899833727303,0.35694436255048506,0.1941398741118057,0.4633159858330954,0.2847995717305355,0.6004624822581941,0.2311322622484431,0.1951795767915427,0.12597537717276835,0.6679969538189799,0.7915615163689891,0.24919954302738512,0.14168977189813706,0.14211417818505737,0.14255536816470551,0.13416514355892906,0.14689416727375532,0.4811060575882166,0.26015935364892817,0.13468927737804168,0.12663398003197845,0.2709519612068591,0.5146566095067694,0.33986193354257843,0.10448918763397715,0.16233730005218666,0.25177158870939126,0.3572799551526523,0.6811156122407673,0.5383010244377571,0.4371357030349131,0.6350647007057193,0.2493204596526073,0.24202952215321163,0.15271158749297714,0.2581907257905635,0.45144602521606836,0.27951961778999684,0.30841482768545825,0.19055267153387595,0.14090797409107847,0.6166784436428409,0.23934726368877265,0.14163427941086143,0.24561860411134562,0.09398262724367873,0.8179102142378869,0.6046571078322838,0.5176063930659637,0.3343999199580575,0.3055689306984942,0.4240157931897204,0.290766734755278,0.7851457085723239,0.2919068482856492,0.0,0.1494133966620734,0.29593774411663964,0.7423157263860084,0.31353627512332466,0.6528309246871368,0.6081335913509288,0.42371786067989264,0.37201337277584223,0.25258350942645347,0.25597234146858117,0.7408925227121277,0.8425539755257236,0.8341840613801207,0.5201729725882981,0.10448918763397715,0.5398650342556548,0.30538961055018227,0.4093106838068807,1.0,0.1537452130708751,0.7725696230374428,0.5277740797490342,0.6244114320085621,0.1601410119318985,0.14290761609100636,0.28026740366292024,0.6811604002190768,0.26814527399748256,0.227258637237892,0.3905092800843795,0.3328972540513498,0.17464027156967063,0.12842348881446097,0.15140605955393024,0.5534638989879574,0.3800391786389142,0.5912326786851538,0.2533715227720982,0.19891475596058994,0.22236227742679457,0.7322153144813062,0.14230690688222578,0.7455705709749173,0.23478470501195903,0.8710522778813048,0.6327761289828926,0.44733724513154255,0.2020078292220901,0.2810759093782082,0.26013997956387036,0.1858557300571116,0.211844880207611,0.12487862782727478,0.36655418251190974,0.5630954306988515,0.7603507059013969,0.2399141515488509,0.15140605955393024,0.21698066968732657,0.2805222710557921,0.15271158749297714,0.7455069967745416,0.19642991727694967,0.20026662351647634,0.7076937038847465,0.2637830566359042,0.7123844362278671,0.3382403653097376,0.5236405486986314,0.18718367350786605,0.1049481389206704,0.2566855385902817,0.8857788931847467,0.7833451103095075,0.894752851346547,0.71112681374601,0.740014132371409
attention_zero_shot,IFI44L,0.10170187945273639,1.0,0.09529114956313949,0.2287764538925085,0.3296930248072337,0.25769806855598654,0.767871930629748,0.11084422913916021,0.5493977533144319,0.40344315288508203,0.1325746251174513,0.07633695912209404,0.32296795453211974,0.4965729128090525,0.1022116704418083,0.08099350747828173,0.12327675208957356,0.7825595471712888,0.09422351746291245,0.3585020983269545,0.4023168948034116,0.3790437384325212,0.1382337184518868,0.17102709656926038,0.12828011612517412,0.12960277752837412,0.0,0.10498544215064184,0.5661901427791564,0.12129842443821374,0.09360350585367645,0.07395104461647442,0.09963551574540815,0.12651727085230877,0.25639856489787466,0.09042059566433017,0.10329905527374583,0.1036451893843906,0.699258290867234,0.25423544320207486,0.3615471825374871,0.18704296395730913,0.13368432067225378,0.17916116781275646,0.5651190943425777,0.30841500807392186,0.11950470618522191,0.1429195491441662,0.0,0.4930833902080312,0.1378326512291614,0.12381340143088672,0.5035310708584283,0.7044382132989784,0.465348073619296,0.11447935852746828,0.5781673859922353,0.12795428507657142,0.12300887178647,0.1227918894081165,0.19052804811672433,0.3001209424916144,0.44157674370403577,0.0938794027649095,0.09366924880601556,0.08567911883296082,0.08730315240364188,0.09122826692174418,1.0,0.565163461612278,0.1252261142995289,0.1086639998195006,0.3135337434523929,0.2616533225339615,0.20080714233513008,0.10498544215064184,0.0914046845118114,0.09864810104500957,0.2771989303703465,0.5570616539554256,0.17244822610216645,0.06626213794733814,0.46552609379196125,0.10296775961284166,0.1138960143233934,0.15370020406658966,0.23178896403488436,0.16818236749202056,0.11254824932503404,0.31810212980026276,0.20791098498749366,0.1355004756769354,0.09919815190905977,0.08928860118572568,0.08498801177155799,0.07981610660592485,0.0832899710074406,0.6421728241820899,0.3864884912133292,0.3442290056799758,0.10200109135144962,0.7040272922969123,0.4717156124118284,0.7127302639068084,0.32013401198331864,0.6909768377286046,0.0,0.14776370076400822,0.11768851840476847,0.5312964368058138,0.7969907764336993,0.3690745736113421,0.2873434548691255,0.19522159001274292,0.10051757521630145,0.2916018487055557,0.10518260533708276,0.5547311372815363,0.13330722148203275,0.12649756204002383,0.453090354099066,0.10498544215064184,0.7355846049965289,0.10998882941948535,0.2757845300959221,0.42289415303678085,0.08120134810165239,0.11783758653216969,0.30282404367335963,0.10449009020804345,0.10173178493666185,0.1401528177071444,0.143718067801054,0.20036952070272931,0.10693466338996813,0.620749464479223,0.6418909383522331,0.22091877978364366,0.11294423579351016,0.1201022452055668,0.15117969429290565,0.08319449532116038,0.3855127701322589,0.5318800544108374,0.10050682157418898,0.09284264092597286,0.08186324840533897,0.24609679749431598,0.1370757601949264,0.520419543474798,0.10814963001551549,0.5937351001554003,0.6283482467961713,0.27344544580650065,0.10137689713766483,0.10874829898047578,0.12837909334082837,0.11488235439459246,0.08878554963233683,0.11698323280018952,0.2893342310103771,0.29795335766591335,0.46261380255613405,0.1250383148888665,0.15117969429290565,0.0947982159731057,0.09574424548343055,0.15370020406658966,0.421925583145387,0.5553950470357816,0.11274647357690273,0.1325746251174513,0.5365711084606025,0.8067660540710644,0.2714982666893346,0.683854268232842,0.09063309934441606,0.10554514254776912,0.09760107841908003,0.41506439403957646,0.13961306321073724,0.49414018828061507,0.1382337184518868,0.13887741267268366
attention_zero_shot,F13A1,0.7169714951975953,0.23488176869957203,0.7535836461779379,0.20884627778084142,0.14057534891621984,0.46886442938797696,0.3271711682060988,0.10032690053542923,0.2803328738586872,0.28074785374528716,0.09951867624484631,0.23648474554591106,0.09939730982515244,0.2518725115689943,0.680230106317269,0.1124072190588552,0.37379928130519496,0.2471927781130328,0.13226948929619098,0.24284569348254315,0.2133132314757776,0.23075413995612223,0.09501682487543026,0.21713428081378638,0.11106958935785549,0.10565838935322293,0.0,0.5840023084850776,0.29547898294051955,0.10358785092395806,0.5426004568477338,0.7656096225257331,0.11999958419900857,0.11149934905114325,0.20342853693311355,0.5584805190802663,0.09677491343879865,0.09772095932448249,0.36240985378187807,0.18420494056379788,0.2095494516353192,0.12500069225535484,0.10151551021203797,0.4754879639045556,0.08920677698475417,0.20784254290779192,0.10396966912716642,0.10845102728541504,0.0,0.29537801859810514,0.8826800429826652,0.9665707302696905,0.23294163379246918,0.13619790130883946,0.1918164642746057,0.13843186352873885,0.24621962995422908,0.11191517822338831,0.10933239668694872,0.09078631626639967,0.12070439148759869,0.2116980295805336,0.15240221605038998,0.10330199745840413,0.10323483874844096,0.10278861915843109,0.10437452952822275,0.10082835680358153,0.33013007799900096,0.20133954316796743,0.10277955493346119,0.09705913241062054,0.533380299460134,0.19072787629014284,0.1586249231775214,0.5840023084850776,0.11678485643946292,0.6317356546587081,0.8454118479959922,0.2762214438678053,0.2974193242164219,0.29366704923113096,0.30715907055140396,0.09744165974455639,0.09882936187279655,0.1057009000096297,0.16817797542159152,0.18076620326278978,0.09824337709090115,0.3195299139336789,0.30654926335900495,0.4553599308870631,0.11678463838066828,0.1379725899920317,0.7930698013249665,0.11974635165884118,0.3234037782120316,0.32581596874162183,0.33793033586113386,0.11360068731012507,0.13689082255867885,0.23167424782905174,0.20801096436637959,0.18631018360705548,0.2318567800819832,0.12433703866357913,0.0,0.10842305425942218,0.10119537009553498,0.28724878452017344,0.21663221735819624,0.2403769552043946,0.10634872272122949,0.17545024507858417,0.094352814574461,0.10753362062403955,0.6188329027446813,0.28304184872797566,0.10536377439071364,0.10570766355982587,0.20982028362555197,0.5840023084850776,0.2151668627801005,0.09979091208800525,0.1662850538834643,0.24587075502711087,0.06290690457357624,0.1461595759346831,0.18541192238967746,0.12372568164343055,0.12206608712613407,0.15162550016103526,0.11034444500226694,0.29981209321968005,0.09745186915925703,0.17616908682199456,0.2378607628331982,0.1824129465954319,0.10339681049421744,0.1364277109220432,0.10961865199453631,0.19863270295997576,0.36906461612863606,0.24879086761420666,0.09763226323045449,0.09041466918606415,0.20602900527379106,0.17027453147822483,0.10762713734521472,0.2859575053894832,0.10038305829090648,0.27119506610103533,0.2537248335131625,0.19001039752156446,0.0966644744979403,0.09799396409948351,0.12062817981053298,0.10106099180654185,0.08830705045662272,0.13137346693029248,0.21283010897895097,0.20457487065189764,0.24100886468106245,0.22109954001806953,0.10961865199453631,0.09182059088795456,0.09217779350135924,0.1057009000096297,0.10579004072059242,0.15300734147012432,0.10537782965113943,0.09951867624484631,0.17954428482660298,0.3066288817197305,0.16003987028549113,0.3935641982753688,0.5968267073538109,0.6434305501300666,0.09467284277543539,0.2185281175269359,0.10198212957749639,0.2800688519441513,0.09501682487543026,0.09759656735767697
attention_zero_shot,CMKLR1,0.47578224862417917,0.14154781149072548,0.10147764604766764,0.4395609751499631,0.4307977076897936,0.35367655910677326,0.7649167233518305,0.12251180893598337,0.39661961208758517,0.12858585082708515,0.13874888595354545,0.08451561818896244,0.38380314638297935,0.12950201108744186,0.1059634374764783,0.5840922415780693,0.8213676266464166,0.14161769876292993,0.7087739203343606,0.576457183124184,0.12992421570031937,0.12845062562091608,0.13964469289262949,0.11970363554213724,0.8452426399974684,0.8008823856847355,0.0,0.10602220384542817,0.818763104153873,0.8432946272267209,0.5989438278876428,0.08196659481875226,0.457958149597387,0.84741269869402,0.5727347538802533,0.3826270314088779,0.610539752395587,0.5901305192248248,0.13490919807124782,0.5647845833562571,0.47349961469036644,0.5558674337532314,0.13979453384255364,0.0865797402988667,0.12864501534625913,0.11892229941112706,0.7112107509637384,1.0,0.0,0.13615613648877567,0.21190913025253647,0.11555645478536226,0.790782229732779,0.28094129855197286,0.3676331817509245,0.6479278571839925,0.23913637022442155,0.8853199862117408,0.8818414672198764,0.8835498714765987,0.11737182282703851,0.13105748519939103,0.3548287142593149,0.6246023198699636,0.619850450501229,0.5338675398064145,0.5498480600612704,0.5906651581527993,0.14422283367662014,0.7745486196351375,0.828913329034195,0.7311938448958443,0.8318692210194281,0.10462622536522942,0.42614623601357826,0.10602220384542817,0.6086946917483689,0.10359786768373434,0.527646587857479,0.4673355044719387,0.0938101764640063,0.07932232131451374,0.49334066835299467,0.606894324424038,0.7438802425984972,0.9034336248986022,0.2369402595457532,0.08326719036291813,0.7071773498474158,0.3199269934919651,0.08794485895377546,0.894061868658544,0.12075180186482802,0.5661367503174769,0.09423093737563272,0.3027521835957604,0.44882203366266893,0.1376615186976386,0.10349449362745726,0.5380660449715704,0.5442441431980949,0.5509381502188576,0.48160846441073246,0.3854243755700515,0.13574642816709942,0.2909339699690809,0.0,1.0,0.7014349930845236,0.34936773070067545,0.13522751949424464,0.12139172968597625,0.5136383804746176,0.45200027430269213,0.550688281589549,0.6353406426824855,0.10763620474952523,0.1353089094953324,0.14045806440752692,0.13586936444298414,0.4654994181051535,0.10602220384542817,0.13906563381260484,0.6510579744210082,0.35265958116121304,0.14431671759681966,0.08177865051554344,0.12959082551271994,0.5669567412650939,0.11801934114756812,0.6716881515689938,0.7563686637282688,0.944306343670197,0.10334106140191393,0.6560835569877014,0.36680600531123986,0.13674370731315674,0.589314816649247,0.8063574636959284,0.8971544088701341,1.0,0.09731410481487537,0.2898084754947769,0.13044872768717627,0.5427592030739873,0.5713457744590892,0.6113158187705527,0.31240021687142616,0.9624858637049927,0.13094993797660787,0.6636375041691905,0.13944187173480108,0.4416718058294907,0.5731737490587491,0.6816446558635966,0.6937730708262401,0.3095097358612639,0.7227475576115662,0.47127372086009967,0.875,0.4395793689678583,0.11250787378831122,0.129176203437895,0.45425628657720807,1.0,0.6426969221667574,0.5332474067114462,0.9034336248986022,0.13954104835885858,0.16100035559900988,0.7362611051223452,0.13874888595354545,0.4869694315759537,0.1439533623331621,0.46508162334791,0.30182178366318074,0.5021475434155879,0.1075518518179502,0.5291187860599262,0.13850079737345838,0.14281374533463778,0.14427142501098,0.13964469289262949,0.14087710217563268
attention_zero_shot,HSP90AA1,0.2703675363780936,0.6955340553317726,0.10677374160399165,0.814129268385224,0.7613962157129376,0.8503861648289516,0.7445521898304635,0.24840471033360317,0.8380236902774553,0.7972361359651698,0.16464183443041022,0.17764485002559444,0.7484818834254824,0.15065317547812462,0.1453465852544845,0.19349399567628967,0.2581356784134083,0.14106044403792858,0.21214042023910057,0.8252095810621494,0.18891872217244082,0.21035099154329978,0.15721776003382623,0.35025643577362564,0.2644332410824746,0.19958832073777832,0.0,0.11113392752759263,0.21838653017636622,0.19833627785210647,0.2432509239687678,0.18787744342169235,0.25701794803978506,0.2546089587601918,0.7711559483610415,0.30734857584856345,0.2286254155874791,0.233145638806643,0.8085639187982313,0.2247172945904976,0.7642982368624669,0.7171387504656457,0.16843891700118108,0.21104567898505358,0.6704180264495795,0.7799165791963119,0.2052733927306559,0.18708500196757202,0.0,0.1995401845433223,0.4492753011423976,0.5031239727787056,0.19269647933332312,0.8533448650029479,0.7856659797909672,0.21193301233919357,0.8360651797689722,0.2531170276332063,0.24811854646122009,0.1539814140818301,0.7877934625451848,0.2635089354776087,0.8012038606708348,0.30490998781169903,0.3024624877687825,0.3277586244331357,0.325417134294314,0.3099487398993901,0.7010199282086776,0.7511811123238893,0.17837698505616725,0.18823308865990665,0.24313468477394048,0.7596424114683539,0.25944482467859825,0.11113392752759263,0.24767215157050665,0.1793638091455024,0.26928353533440014,0.7645299497092701,0.28379254852583574,0.3086877758471792,0.8544835499720166,0.26735894097295715,0.20575634268294674,0.17010040386995887,0.7889753090129481,0.7683985206726682,0.19314013194895993,0.7914576970722089,0.7140125812144876,0.20226608299652687,0.1673778768103283,0.23183176560313268,0.16401373127430374,0.2027168661969936,0.230160844083972,0.1922843954532092,0.7850675009421298,0.8096492098074234,0.22885284381072185,0.7537275661600995,0.8137152549947021,0.7518466137438875,0.26958960699499684,0.8183741473899386,0.0,0.18337306133728695,0.19663006566562322,0.8639231582333862,0.6914424406939426,0.19368356748388968,0.8073536591931576,0.34316774150391083,0.2681650175268857,0.7529713422367523,0.16672693874670877,0.7281223631443838,0.23549631467342305,0.24545592859631796,0.7723699784023872,0.11113392752759263,0.7566027439751731,0.24349159334703688,0.8198384689617628,0.26280806497868303,0.07836170954553225,0.24470317910772754,0.8490516025354194,0.24661576446932745,0.30407224202874245,0.2117590155319289,0.22799351509623125,0.30000342555809006,0.21544285033456423,0.7888578696346006,0.14079348255095955,0.3259567323483992,0.2445716707825563,0.23233167143080277,0.18337306133728695,0.25852455000862384,0.8346894603999314,0.7218088005732651,0.308917863674236,0.193912249930849,0.1971703269287834,0.8564592878984494,0.18804739480608926,0.7651204273942567,0.24211801949297299,0.8096275179265036,0.8541225355093495,0.8193867776359347,0.24418980271615068,0.22012503304385314,0.2770227555110051,0.2027976880370647,0.27767955544436307,0.21688799188769362,0.7492996522969159,0.20560004966712317,0.7866927481702335,0.30954748956811284,0.18337306133728695,0.22619787185859844,0.21351219957907058,0.17010040386995887,0.7754575497263517,0.7006951075688094,0.26809556263839485,0.16464183443041022,0.7538285103455309,0.7442251615492976,0.7568141625302826,0.18702878401371142,0.26448618790326117,0.12325482851585273,0.2405234283449084,0.19371905253240276,0.16876272222514369,0.20369262066078736,0.15721776003382623,0.1611015491580943
attention_zero_shot,EPSTI1,0.0,0.0,0.0,0.0,0.0,0.0,0.0,0.0,0.0,0.0,0.0,0.0,0.0,0.0,0.0,0.0,0.0,0.0,0.0,0.0,0.0,0.0,0.0,0.0,0.0,0.0,0.0,0.0,0.0,0.0,0.0,0.0,0.0,0.0,0.0,0.0,0.0,0.0,0.0,0.0,0.0,0.0,0.0,0.0,0.0,0.0,0.0,0.0,0.0,0.0,0.0,0.0,0.0,0.0,0.0,0.0,0.0,0.0,0.0,0.0,0.0,0.0,0.0,0.0,0.0,0.0,0.0,0.0,0.0,0.0,0.0,0.0,0.0,0.0,0.0,0.0,0.0,0.0,0.0,0.0,0.0,0.0,0.0,0.0,0.0,0.0,0.0,0.0,0.0,0.0,0.0,0.0,0.0,0.0,0.0,0.0,0.0,0.0,0.0,0.0,0.0,0.0,0.0,0.0,0.0,0.0,0.0,0.0,0.0,0.0,0.0,0.0,0.0,0.0,0.0,0.0,0.0,0.0,0.0,0.0,0.0,0.0,0.0,0.0,0.0,0.0,0.0,0.0,0.0,0.0,0.0,0.0,0.0,0.0,0.0,0.0,0.0,0.0,0.0,0.0,0.0,0.0,0.0,0.0,0.0,0.0,0.0,0.0,0.0,0.0,0.0,0.0,0.0,0.0,0.0,0.0,0.0,0.0,0.0,0.0,0.0,0.0,0.0,0.0,0.0,0.0,0.0,0.0,0.0,0.0,0.0,0.0,0.0,0.0,0.0,0.0,0.0,0.0,0.0,0.0,0.0,0.0,0.0,0.0
attention_zero_shot,KYNU,0.13367588969681307,0.7914099307573175,0.09620687857001176,0.6371915550512482,0.46987525813512904,0.4112415468011042,0.7242554810832297,0.4388735614373119,0.7815942114416734,0.7854077876296317,0.20744281932256856,0.3621226590359091,0.458041062155092,0.3956038635332062,0.09932794012997362,0.1397198820592457,0.14611637573855368,0.4156931969990219,0.11380920940872359,0.6167832207546277,0.6068637591038109,0.43088571103195217,0.17769256825911658,0.6894342294270566,0.1484343388072375,0.15933503964664253,0.0,0.09929357806653576,0.42165466343635205,0.12878679965435086,0.10722855540799256,0.0789572155670773,0.29659360399773044,0.15335572901090225,0.3592156866705023,0.16375745873024017,0.1520983004784067,0.2814903438397647,0.8575311797669232,0.32995236150406565,0.4875564036151418,0.29516658639777676,0.22221948938497585,0.26361888476598166,0.5293990913483034,0.5789384965062078,0.17093331402976544,0.13946693115499126,0.0,0.46282250074654485,0.16833082762548365,0.13425179873963175,0.3731980000211571,0.7295428498366209,0.6167916785071899,0.18520163573395235,0.7970530906358406,0.15727997882433772,0.14312123904868052,0.11964290488334994,0.6128531837578345,0.5336902235421419,0.5461860203170726,0.118185421540401,0.11829596291070375,0.11784537354595452,0.11256670522268353,0.12101690358560856,0.8311413725178285,0.6122090641740842,0.13167751637436323,0.1255135577567181,0.30329275650821325,0.587845280717756,0.29990278918703867,0.09929357806653576,0.11818818522119158,0.12327768311472895,0.30783597227354625,0.676997105260657,0.4708645364027627,0.3549393781046034,0.7316722424414546,0.16562972219104707,0.14931683263218287,0.1421885199452783,0.3722338338043966,0.4724112919656951,0.16313969785479762,0.4112123969863508,0.4216744387041426,0.13626285978861233,0.17519933746639202,0.2420950387434522,0.10301712294519472,0.2668010165705261,0.09882485568401055,0.4887481974606051,0.6539264586968225,0.6216367903159725,0.39405668098988084,0.6941322588983657,0.6880567746097535,0.7242892281087064,0.5351448315953247,0.7566183871186666,0.0,0.1411589557855312,0.17559699730273762,0.8401221045747191,0.7313442905388846,0.38044288719032165,0.6176880671872532,0.3323913299473856,0.3087356220975766,0.5177739030908417,0.12621821004616188,0.670619749658812,0.4050192780510743,0.4554009319689039,0.5903862946159373,0.09929357806653576,0.9570534653766243,0.18884805828479448,0.5493337233092085,0.6395924537026424,0.0911313487734906,0.42311892964470876,0.5571390283983917,0.4037948992154319,0.128691656790293,0.15294753108237502,0.16445081726831196,0.5706915326099339,0.26420134858244615,0.644299474191398,0.3946634036288337,0.266377338015585,0.1343441367170668,0.1275178692667776,0.1424873977134358,0.3738009790190267,0.4766143797173784,0.6355354372220186,0.2393813303697535,0.1295833197513318,0.13184204513738346,0.725463278665938,0.1370098570272921,0.7683151298458694,0.15923297811878817,0.8498538192460315,0.8111553030894574,0.4951857417852986,0.14317716587197782,0.1703085812809306,0.2270997240098725,0.14031236938113237,0.1465468584775813,0.12482965201409736,0.4945519708886961,0.35723624382090785,0.78067045895584,0.21344153373544197,0.1424873977134358,0.14344785355875744,0.1861852362669741,0.1421885199452783,0.7616785634894224,0.5981414266506703,0.1482239533624285,0.20744281932256856,0.5882816088246482,0.8165933141392311,0.4976688787485307,0.49180047761279466,0.12308772288584979,0.10042795677334293,0.18203839594971075,0.4377222108270754,0.22944373196731516,0.48515893947951894,0.17769256825911658,0.19709925464969102
attention_zero_shot,MT1M,0.17554325915097052,0.5061972509260075,0.09763762988411238,0.2268893135511634,0.22582858152556842,0.3719826113278263,0.5738080528491434,0.4183389980329613,0.5812306741465079,0.5951796804649577,0.6718859377518265,0.2831225424825543,0.2594405533477342,0.5210447709395888,0.10307574692982117,0.17852688202849154,0.17918429467568395,0.6565808758223485,0.09947210743582836,0.40292298521758496,0.6417396853558154,0.7515533191174532,0.6565808758223485,0.3545644629467482,0.1809818215206681,0.2283476902366678,0.0,0.10610728709385985,0.5299641095341181,0.12486806694940772,0.09656751670287882,0.07489518129631131,0.3827226412297112,0.18500426490078947,0.3230064675131557,0.2091988965454934,0.19766045802904253,0.23153433582875096,0.631820203731789,0.40252172728330443,0.4243148917784687,0.13359336692750362,0.7083430557794013,0.28106041175151697,0.12957423526706674,0.47845658521806395,0.2442395331315192,0.14567335224856282,0.0,0.7703850234417893,0.1862323432675667,0.12399717715697398,0.46155265913659166,0.1804709742966902,0.4364202580552818,0.27331853911804765,0.43518220254808104,0.19794658125600803,0.16596271837634732,0.12580926418519364,0.39490479025793557,0.6617353546416298,0.2356206261203119,0.12797026067544398,0.12822998359147372,0.13137231627985355,0.12250097392883018,0.13380961136616568,0.606692631378837,0.2866138440655532,0.12947388057794956,0.1196027169165473,0.3038117456944824,0.25432745893442643,0.3370775223195282,0.10610728709385985,0.13017682702242497,0.20595935549569636,0.3533703434549914,0.659897306152135,0.37790995828476837,0.2800572637030428,0.4566344769139005,0.22104510995128313,0.2006321490907004,0.15603413290278062,0.2386703938569207,0.26535487717105155,0.24221883215565407,0.27927712070230054,0.16048542174606326,0.13842804853209903,0.5353630473889678,0.2020049188995423,0.12189411850698455,0.21869554745775754,0.0863047497958797,0.8318216239618065,0.4873830021807392,0.2889199741774209,0.31848684268682154,0.3450292210285499,0.31588346969207987,0.27888922610667827,0.6711376013665047,0.20180602658210922,0.0,0.1502562103039741,0.2672180660607064,0.6309553917044727,0.3846535933070502,0.6165958067414307,0.4166963375040654,0.33983171648811056,0.25406654501984044,0.23020370640852297,0.2118404093585622,0.731772213350956,0.716623246533334,0.6274704548479816,0.476551373659386,0.10610728709385985,0.3663149995574997,0.2818678512775834,0.32001366018057653,0.8644023615366815,0.1511707785660212,0.5356445925117801,0.4203719332482401,0.3133968255862671,0.14258785938691398,0.14177346237635563,0.24230751288490468,0.31875719648664547,0.2335034193186775,0.2195802097252218,0.5603534803646254,0.2930611507730446,0.14899285310854885,0.12327568066411138,0.1532452046417594,0.29354561651322997,0.3619779027951903,0.5598291522164949,0.1510209111585865,0.1552289840589524,0.16908890755259018,0.35343244575402727,0.1401385618838073,0.7370497543443697,0.20683409205439385,0.7712540251322798,0.4922689644571721,0.3536391945410758,0.17188201318703272,0.2455670013552027,0.24849777495179926,0.16091660786010256,0.18328534486384132,0.11980104081594208,0.35949910888521563,0.5149713402992392,0.5878839452690625,0.22988730694825232,0.1532452046417594,0.1810994472546788,0.26465910747277627,0.15603413290278062,0.46380499962557664,0.1964484277704546,0.17540717334165803,0.6718859377518265,0.2506370875638447,0.6982224570132902,0.32867046711241543,0.6429936468631301,0.1531430698883666,0.10623085024356697,0.24035433965761382,0.9282289154598022,0.7853630473889678,0.9301679325309901,0.6565808758223485,0.7138173965186237
attention_zero_shot,CPA6,0.5927809487693999,0.10274664056213281,0.5323253792250956,0.07990245884785326,0.07711698535976322,0.22476121930851986,0.10738863524993995,0.08501628883420778,0.08921054368218098,0.08771795957191976,0.09936524567692205,0.06051561333020328,0.08092308911104276,0.08566153288522463,0.8825983846983014,0.051692189300049665,0.21170180408085126,0.1064779765429812,0.06305563671604186,0.07496205948427165,0.08705533240491944,0.08634065878248944,0.10536590819561713,0.08221795079259667,0.0951738149665438,0.09467514843564583,0.0,1.0,0.10298324831811852,0.08916235666833738,0.15168221138449936,0.45472986855128034,0.07607091232013863,0.09453937647292028,0.086905412449006,0.25855007112743145,0.07856057991284796,0.07965587321268332,0.09192493414304337,0.08527847126278154,0.09054767008736907,0.07553928375391357,0.10036535609670456,0.1358859643060771,0.09901530458128444,0.0831047082565357,0.08869394561097321,0.10492959815076956,0.0,0.09468247793751948,0.9154216103078391,0.9941979089385907,0.10145216524833589,0.0920475295188575,0.08697979323256767,0.08340152239279444,0.08875212827035799,0.09529473125583302,0.09198968793033706,0.09249734993871168,0.0770852375161163,0.09068479403035769,0.07690410505433881,0.07322558483586145,0.07302240880442758,0.06746794408795712,0.0684093454064235,0.07158182568604364,0.10367947455734493,0.10042470589853592,0.0908466393472362,0.07867534080379669,0.32426761187288017,0.06381010415637274,0.06484442061478674,1.0,0.06774060254919366,0.7321022022172657,0.4306141106293556,0.0960524486827517,0.05695372748540735,0.04943923769189479,0.08372132273352932,0.07825880832287122,0.08182624713919166,0.11367044370803832,0.06846763149771606,0.04353527990043207,0.08158042148263836,0.13463464272054124,0.0562454028609965,0.3246147533076875,0.06321954491737028,0.06481315968699418,0.5658303751698996,0.06054981720947692,0.064037614827058,0.09546307459066711,0.06118378502047672,0.0868802205372923,0.07518417527398434,0.0964417271154115,0.08729194927467557,0.08751961287136414,0.09497659778678366,0.08860302275612288,0.0,0.10842593637367706,0.0860727836818347,0.095735474044008,0.09326336153675197,0.07748330600520494,0.09252114310555468,0.08233680385591453,0.07438618105591151,0.0895812231433377,0.8688543105026947,0.0938340855481534,0.10021795246550116,0.09564202786891168,0.08629217218308408,1.0,0.09830664429988736,0.0817689589783964,0.07840542299949252,0.10305643289865514,0.06848846837209636,0.08776219233365375,0.09132381394111659,0.07983031298835061,0.07874496459690004,0.06799654750555875,0.10539718558504092,0.06828246488682484,0.07901169472479251,0.08904885961950244,0.09314130598051523,0.08417894709167685,0.08513365592999547,0.08753828573936095,0.11104819004085768,0.062058725528549546,0.14625372151910992,0.09067312357677478,0.07788389612666209,0.06870088488839116,0.05300603000690899,0.08969776148021086,0.09998605195471513,0.08854873424765958,0.08141471863356933,0.09798921695708905,0.09182456595720992,0.08504982538527853,0.07698717732923875,0.07957248818053175,0.06629588303783986,0.08410395095879226,0.06833685110512656,0.08394367852061564,0.06287129979033831,0.07305803358803213,0.08938968345908382,0.0975682151549844,0.11104819004085768,0.07174972135563326,0.07246725771884523,0.11367044370803832,0.09949608340956048,0.07703722007382309,0.08584931511532563,0.09936524567692205,0.08839495963541627,0.10174327030567644,0.0716147662753066,0.08095436737557364,0.3306616346226293,1.0,0.07548633666932393,0.09578554312143003,0.10536590819561713,0.10281040427521522,0.10536590819561713,0.10536590819561713
attention_zero_shot,ABCA9,0.3632423529853709,0.15440104583609082,0.10560051709419424,0.4388452770634546,0.42259878809276563,0.42456680655698936,0.6154785590089754,0.34398825006931605,0.43562882504951206,0.3070450018307968,0.4435660096090516,0.28177669021407264,0.4221474915024031,0.18448717568913375,0.11247357960550025,0.5084987642551029,0.7705100601221564,0.15615340303270397,0.557780913452215,0.5192462923471907,0.3672868936617391,0.39260556908346467,0.3737766263084505,0.24708735607280105,0.8027357909312103,0.7988630164028544,0.0,0.11399097105153728,0.6778166233189317,0.7295905935183514,0.4914060746443424,0.08278067321174523,0.5877745011625543,0.8251439529280258,0.5882106250851241,0.3803185247496248,0.6059400389293351,0.6353400126982536,0.286371122585988,0.6109756628603404,0.5183892301925048,0.46437827651614233,0.481617661578351,0.17744475927352402,0.1405449796106568,0.3044976243257862,0.7363414078410032,0.9185087724752112,0.0,0.3235147410928145,0.19307695356180418,0.12020767397889101,0.695697617784824,0.29181348597095225,0.46235615166524135,0.6735204936023186,0.30887235352479603,0.8770881055409916,0.8500782989156915,0.6798787233322063,0.3167439981223583,0.3840997107678498,0.3330722852632524,0.6202053699835101,0.6150730101184223,0.5466420464076486,0.551424988342527,0.594686209155129,0.1570495430853097,0.6691638385216794,0.6778909257176493,0.5719952175374212,0.7298328857602706,0.19346461429589354,0.4451068052402172,0.11399097105153728,0.5433068085487558,0.18123573704817011,0.40992872328291563,0.5319169820843103,0.23911387024007189,0.24108244789224237,0.44712202192203465,0.6090591518215074,0.7082881717482427,0.8599350524907757,0.30040468002654014,0.2005735368097934,0.6977029564237626,0.30865446810293684,0.1617722640916013,0.7826761291938739,0.340749143016972,0.5490707919893446,0.11936028095128857,0.39393014988219077,0.3267537942243963,0.2567741261863008,0.22473930333948022,0.48625696852803135,0.6233654409217722,0.4334078159908076,0.42522961447854674,0.30470597566224283,0.38784460648870317,0.2823774710047678,0.0,0.9094541916391236,0.72273262584273,0.4779629713875785,0.14302639446972465,0.2737059160650211,0.5824745899407486,0.49451330682641814,0.5630180668656117,0.6444049860139136,0.187490481754482,0.32640279821791574,0.5165731556516825,0.48948349275194664,0.5305654733596464,0.11399097105153728,0.14888687837917156,0.6660683329431456,0.41299491169176167,0.43925779002989646,0.13541575552265678,0.39861524040536234,0.6214676363215191,0.2456015343196145,0.6590326304449355,0.6434769557852531,0.9115346340632303,0.18221943516776515,0.6649001073643177,0.3366167414036087,0.14610784936327478,0.5658983918572664,0.7561072116514639,0.8140831444390578,0.9094541916391236,0.235571007542598,0.32549461411873926,0.2797315650539512,0.5265252851384717,0.5100132970453114,0.5418825854881609,0.3990201927248731,0.871351049457454,0.37661265821425843,0.6476685771245034,0.3527137768380133,0.41924415198926557,0.572930949224038,0.654273606657986,0.6482231037440264,0.3595050161553225,0.6060333595738068,0.44605133569183786,0.7992151434080059,0.473709663812787,0.2658581813766489,0.3232939739560575,0.5095187800859063,0.9094541916391236,0.5949732986595362,0.5827790027638485,0.8599350524907757,0.3386104956291878,0.17322413836823294,0.7280762867053159,0.4435660096090516,0.43079842205459845,0.30845587478762065,0.4947530101013976,0.24501251899576618,0.41927858860795597,0.11543030882252717,0.5802603901681266,0.46337605064643983,0.5238785939729821,0.43924516114748197,0.3737766263084505,0.4381060410218212
ig_lora,AHCYL1,0.3421836152627589,0.5024340315845015,0.08959374642189391,0.48393017833074137,0.647142478682801,0.6344930900477156,0.7394314133791507,0.3049934124009219,0.6897058417797584,0.5257044129964973,0.31932406677793845,0.24084299549724458,0.5627894707373452,0.3124102372698854,0.09625301155029725,0.3435529232049045,0.5924516211426053,0.2771579459110308,0.3570283029460824,0.6644948771828987,0.39683327592156153,0.5000779793043509,0.2698576837593793,0.2877829641291972,0.6465349528536425,0.6548871018968749,0.0,0.09210706448242925,0.6606124383740278,0.49413606147670947,0.4003623557102741,0.0816057039318057,0.5125481344934503,0.6581779919550595,0.6805933516214193,0.4025316216500424,0.6957043034240502,0.718247413724638,0.6745972311376799,0.757561222798003,0.6784839451145779,0.49523620124467177,0.3445619899041438,0.24341361380295956,0.3265895390473155,0.4725771857726259,0.7079813939127404,0.4872040798310473,0.0,0.4732205565043576,0.21735106756873854,0.13387154288717287,0.49157138134121026,0.8326114358364042,0.714130311775359,0.440904798733063,0.6818068870724014,0.6802039923650706,0.6629897544990502,0.3162783340722921,0.4382495372094191,0.4363576555423313,0.6639445320797116,0.6394005763838903,0.6351077261027461,0.6053143074835727,0.5985272207062405,0.6351332224609751,0.5929005712964103,0.7536950209765715,0.38170447879823693,0.3959867151667249,0.5675347637532273,0.35931618308282715,0.4985511607607743,0.09210706448242925,0.5068520016300763,0.22381249851265372,0.46535124517010357,0.8004852638787942,0.29646264165843816,0.23539157845795322,0.6446314173407922,0.5505809072585378,0.49420965657219557,0.3869728964296626,0.501261172437716,0.3190952922230131,0.4627675149452475,0.5002811943978281,0.30075557033040606,0.45232306464524186,0.2706213404974797,0.42676560336183517,0.13467599298046518,0.36023973148245614,0.2573039462660597,0.46403582390290343,0.4593328792757716,0.5816672340446326,0.4560102859934133,0.6707612222045064,0.6660494495451135,0.7276119930269705,0.45889754586431536,0.7502679696341049,0.0,0.46021482087478666,0.48216650782776704,0.7338356031690811,0.48727383651204853,0.3826632854665097,0.6171620442175278,0.5194381835123496,0.45603832700684815,0.6818805931854496,0.2270887933588171,0.5879603728303227,0.3821962698161408,0.3850475021882392,0.7041026736359218,0.09210706448242925,0.47482285309709577,0.5563948953021643,0.5893751920869599,0.483775102337749,0.10666612082494242,0.3251118087994293,0.6900657388581866,0.23290312895638857,0.6499342943293407,0.4795382331651053,0.5927794594444011,0.26990672246149444,0.48902605375684477,0.7750403113799575,0.2659036271719525,0.602447232372591,0.6847298676074313,0.5642433645080398,0.46021482087478666,0.22933440991756215,0.5774155559929345,0.5752427792839021,0.48976883996751125,0.5084952399771152,0.5169798434054688,0.5683632602882555,0.4887801369947579,0.5984000982592045,0.620436930308068,0.6018037646370531,0.7742920531992299,0.6524203154009441,0.5761542989370737,0.49843378205725714,0.43337130014183156,0.42470027024157075,0.4317461112120666,0.5428993654007223,0.5898734068901105,0.36249306351185356,0.5680618762066919,0.6738344025247527,0.46021482087478666,0.5171099034889532,0.48974712156869,0.3869728964296626,0.4992684701228933,0.5621118263854293,0.6289790790305516,0.31932406677793845,0.7278135961356837,0.7777978087584398,0.7074334793047743,0.4804657601631395,0.437618894133232,0.09610931935329041,0.6029050628224135,0.4630893973727544,0.357366869897695,0.518486594155108,0.2698576837593793,0.30245914526188905
ig_lora,CCL4,0.716717181752626,0.10512112709539996,0.8299365015363983,0.08899383938713387,0.08223446952852173,0.2893644510328099,0.110136926450358,0.09010369367456013,0.09511465748152587,0.09146996296613205,0.10286563214616085,0.0662284233274398,0.08882762297928308,0.09606975471410292,0.9373858051724274,0.07880767560354471,0.4625239573278531,0.1064779765429812,0.08273917276848493,0.08580040706692632,0.09676665447395032,0.09417183791156956,0.10536590819561711,0.08590969384156823,0.10080322371395518,0.10353961956276232,0.0,1.0,0.10797060616674777,0.09925392191997895,0.3564485741537582,0.5414773894635766,0.08404657049332949,0.09969004842083667,0.09008092463228103,0.40272089063043087,0.0888009568531118,0.08815951583652207,0.09584306094302662,0.09391950635481623,0.09422629316338464,0.08338981668564514,0.10305796107304209,0.35191447322955777,0.09901530458128444,0.08651330988164234,0.09789581333094458,0.1096362072969912,0.0,0.099028187950058,0.9217877256610125,0.9944501737673477,0.10857949434982898,0.09290753178774538,0.0939380055051474,0.09586519587554193,0.09229729792488263,0.10043993074245051,0.09782681448587202,0.09814062774210815,0.08500382530637653,0.09529113892987288,0.08205139246585676,0.07685525165772347,0.07671768470475583,0.07076812263224863,0.07167561023231324,0.07526457976296817,0.10498544215064186,0.10483995183503673,0.10225854152763726,0.0939856983244024,0.5732216496039243,0.07544572928736117,0.07750301919451863,1.0,0.07748329612834252,0.8660511011086329,0.6298991719090811,0.10141444716870851,0.06778715696675162,0.056967827952011246,0.08962119594338722,0.08680644445032534,0.09668687220465344,0.11367044370803833,0.07101940315475037,0.05796242650264192,0.09655576518782502,0.22242533114019647,0.06590312260428732,0.6397945350974333,0.0878049234963476,0.08109892102734223,0.7346741181593832,0.07107227792174751,0.07489479614477246,0.10060336216841369,0.07386615864677797,0.09227187943763704,0.08865436922590324,0.10247177792283088,0.09272281577566201,0.09142280539199119,0.09795843672357561,0.09179342178636667,0.0,0.11148523231872114,0.09814675994329879,0.09912857641287862,0.09987066903986659,0.08875901121434016,0.0959793490913407,0.0858183193950394,0.0881356729841559,0.09520204127510118,0.9344271552513473,0.09804871587976266,0.10247018309742689,0.09904538598325859,0.09313674006432263,1.0,0.10211993267999782,0.09240278722161037,0.08297681457282254,0.1044653038110247,0.06848846837209636,0.09424777186174552,0.09544029837186534,0.08760201587751867,0.08335776372478623,0.08322117957305195,0.10953381464653963,0.07435902355939517,0.0917807075080936,0.0914763397409074,0.10247697537424141,0.09090863363914316,0.09253208239096955,0.09716592288571577,0.11257783801337973,0.0700363644409041,0.21051419409294037,0.09462433681832638,0.08270131599338582,0.0830093808764607,0.07798549447207989,0.09227943495089998,0.10682824783137675,0.09482396905102215,0.08977731402324649,0.10129040124049155,0.09748831204075802,0.09046453695985472,0.08527049554380639,0.09283280421900653,0.07173230803278066,0.09560203147238795,0.07767023781749076,0.09340219471661379,0.07654799238356524,0.08369165180097048,0.09337695184532654,0.18781139363948596,0.11257783801337973,0.0834875236143067,0.0850073578025127,0.11367044370803833,0.10191307008617204,0.0816168933023588,0.09111277187610912,0.10286563214616085,0.09281816934812512,0.10318426785616049,0.08176613669010392,0.09146408879744734,0.49799622596697196,1.0,0.08252025112382394,0.10113175983220561,0.10536590819561713,0.10432058109135416,0.10536590819561711,0.10536590819561711
ig_lora,ETNPPL,0.37201169352052993,0.11784810391983903,0.08423293792075567,0.8031622860654748,0.37600019808084584,0.32561120473386435,0.38222681456208196,0.24615977907733658,0.3400947126235978,0.22188590001862313,0.31582062805083433,0.8052099276481288,0.2741623930862458,0.14237919275207822,0.25813775575607184,0.30115975920538635,0.5603156213373076,0.11007632806191837,0.3583950650440885,0.36292857622025837,0.6785647656866627,0.2878485571121773,0.2947434964145863,0.18523146434273832,0.6197662240232461,0.5788045892558843,0.0,0.08956007869878632,0.4266183616324964,0.48045845816655464,0.4912098303571168,0.17041060387522,0.553875179435164,0.6264806065803767,0.4494347203405807,0.3236113907979503,0.46395100144066714,0.6707381444113442,0.21718861600222497,0.433159761301794,0.37130988727267833,0.3439530904596751,0.3330585202965817,0.14409738919197124,0.10145930280325229,0.2145147290358655,0.5502727023879533,0.570382049702407,0.0,0.2416804625862201,0.1491683366568533,0.11353395830375523,0.3995264048629422,0.254529538567887,0.3021550422232154,0.5777709883554076,0.23755423095944314,0.6676962481963277,0.6503652974000791,0.29983135924003806,0.22745075320315022,0.26656312480789507,0.28883460651055604,0.5222914261166678,0.5203100226132898,0.459093407575752,0.4693545874745093,0.4993118876863507,0.12953762120681864,0.45485300188882605,0.39068349783677775,0.3408190040155842,0.4901243389874184,0.15413833580679215,0.3074257637945374,0.08956007869878632,0.40506111219575947,0.2917548611601481,0.32327165557592225,0.3324353842054235,0.27473314701676466,0.2832475167740813,0.2918329898675296,0.458312572986042,0.4910472761600007,0.48085570375582837,0.2938861448282414,0.14437841803484788,0.46561491111561754,0.25881805805176067,0.6630233473562287,0.5057012184613333,0.250740058777314,0.649658612067678,0.221532236181338,0.49152858879336525,0.6323732850477396,0.21306905010476437,0.17335720997267035,0.31512069181304614,0.7388453294824985,0.2732603371954377,0.3070426989968002,0.20926447767776934,0.26731995656090585,0.20917927979799153,0.0,0.5594339124063816,0.4964434562188827,0.39115478616994553,0.11511850853519956,0.20732668053193123,0.3731835650688483,0.36270544740886407,0.37651898970276726,0.6335541985975814,0.16842166163503222,0.24055475224716,0.34560135924450247,0.3340022537376803,0.35883721884699027,0.08956007869878632,0.12223158806613026,0.43992552706775634,0.3412481343267145,0.3066903001868177,0.11238573440806147,0.27597420771667397,0.448054130949605,0.26843141025111195,0.5934949005641242,0.4500166534874587,0.6245260955637644,0.14484694355179975,0.6738467724647763,0.27244326805671615,0.106226824248166,0.4376112353711212,0.5932340602380292,0.5654647507091773,0.5778275076637908,0.1698365223606765,0.30597935522890607,0.21052237349256045,0.42361413612473997,0.37068174218148675,0.3532610765050436,0.2951966841113177,0.5699215157836942,0.4434936455584636,0.4817750264650454,0.2623682119916883,0.28203344517056433,0.434852815409216,0.504255164725839,0.43367469563284566,0.26832900675535964,0.41228119378397,0.3237036052995657,0.5811395298819655,0.3188790639230162,0.20981860306066977,0.23929566815446252,0.42795004249661894,0.5778275076637908,0.4406093686335711,0.411444075207113,0.48085570375582837,0.2536557977090133,0.13561764775763196,0.5719363573167894,0.31582062805083433,0.3296517346402134,0.23760451054674842,0.4312709657653382,0.15774133233526527,0.4378417826038071,0.09679318820156191,0.42929527255205746,0.32450736432062616,0.35922884777916014,0.30662883167746385,0.2947434964145863,0.32238007557083226
ig_lora,CCL3,0.645473372839037,0.5126243508416262,0.6689809949357158,0.20498053064542582,0.2903641755714749,0.4188915437375016,0.5080383686984661,0.10857716177923273,0.44370926695843427,0.3354903555945814,0.11823046961999922,0.07615913651246745,0.28539376461411264,0.2934302910385257,0.8184513912411476,0.08850730295621827,0.4014723823531787,0.3076784497714492,0.09722744400312527,0.27408258515149275,0.232837136606328,0.25369091438225905,0.11596423704726432,0.14458649605646876,0.12322740675180553,0.12141440268814228,0.0,0.8205493281124265,0.35626160600265294,0.11651584460570341,0.30976454368053163,0.5041009798944273,0.1004540213912067,0.12238657511295684,0.2292804265548044,0.36427261626859697,0.10366126313498182,0.10389384360283489,0.5508958449026846,0.18514176695154688,0.31323551775477787,0.16799877613336037,0.12001675576891245,0.3576510315410863,0.302703335130318,0.26876485846742765,0.11569758692797368,0.128349589091671,0.0,0.34431764853528024,0.9239835388640499,0.9945977527247525,0.2672283465214356,0.6826190746384859,0.3836603302953129,0.11170238631576546,0.4852539839721412,0.12337095866279285,0.11955286817516399,0.1084392056765839,0.17205216887809271,0.22254857360827338,0.3910595225785968,0.09459467521636905,0.09440745687105861,0.08666679914799745,0.08821730191931389,0.09209135355211509,0.6425911906171925,0.4154589546687942,0.11801594955243952,0.10753076644080622,0.588237708170923,0.22895238841188248,0.15184369606004045,0.8205493281124265,0.09347028579906402,0.7396745019064415,0.6366036024691637,0.422136192758517,0.13421781137551192,0.06932814890659086,0.365942293432631,0.10332463778436528,0.11094322721815515,0.12936892853713414,0.21987830147096346,0.1565100815639449,0.1100447172192489,0.40636380257373717,0.18933997575733502,0.539446158867769,0.0987608602484375,0.0930383754290478,0.6369986829873536,0.0824087808240833,0.08668804631997779,0.4040397400719191,0.2947455073409788,0.29296226531405717,0.10276023176550689,0.5121216023350957,0.392993394770331,0.5972954562516274,0.24747467121818137,0.6377096391176112,0.0,0.12996118086553754,0.11373512296817789,0.4509056389198452,0.48655606051151296,0.24649096201140747,0.2509598389180564,0.17468055369821142,0.10164759466414575,0.26050781608924284,0.8076982563411327,0.4054555264648795,0.12232016849501198,0.11941033451090943,0.36082502880452666,0.8205493281124265,0.4663142606148784,0.10880997789286469,0.24436045623978536,0.2772704526881916,0.07348343208638755,0.11265628795095826,0.25461095009129203,0.10311151666793972,0.10204365928298419,0.12272961284731182,0.1299036339462771,0.16939270833328024,0.10643545013147088,0.5725561594067174,0.28483225510190524,0.18225596541727707,0.11148005379613396,0.11613787883770148,0.13195384375739438,0.08516214750568749,0.46658853644004133,0.42400389681096956,0.10094247844279376,0.09561423458090598,0.08867924975896828,0.2222743155678029,0.12563357905662362,0.37225805056899286,0.10757333797702717,0.4087457867376718,0.5002105219171851,0.22789937643395275,0.10196734163282835,0.10771756398803212,0.11264347359564948,0.11214771512044971,0.09117556483459298,0.11426832830189158,0.2214631351333134,0.2138215881626552,0.3734737641053746,0.2003001784461906,0.13195384375739438,0.09684610338002027,0.09776455146696274,0.12936892853713414,0.32669707396249853,0.48565932757086994,0.11170474106754812,0.11823046961999922,0.461550286459233,0.6156807318494368,0.213723484923871,0.46147759282658773,0.44354460570353954,0.8619610216249435,0.09857957507547459,0.24103195754386256,0.12233622517441602,0.32756177168383926,0.11596423704726432,0.118513032298125
ig_lora,CD163,0.6955167552028164,0.3395677092762428,0.2824890831745454,0.45996631923644526,0.5575217141152301,0.6115876942023466,0.7933975530534098,0.11745416823318311,0.5862815853954064,0.3005035708186867,0.12331004131322569,0.08242765287694626,0.47681807384594554,0.21361127754804224,0.41762695771890535,0.5055441869333454,0.8455151616110413,0.2004591545454608,0.5362312485623592,0.6595002978115578,0.18263311721529693,0.20208015576827074,0.12165264778636047,0.14573019016322875,0.656835730757369,0.5661476286336481,0.0,0.33126628695680477,0.7049759100186577,0.6156762738684539,0.6058713510648251,0.37964220609332416,0.39682733646471624,0.6711601503122687,0.6252779667736328,0.5659872108623606,0.4894909893888353,0.486367039557229,0.4332043513956816,0.5011966342941222,0.5999941023991399,0.5448654611093318,0.1245071014276658,0.24171016030960848,0.23206863916066958,0.25645822656858414,0.5366424629793797,0.6710650114902278,0.0,0.2575338246325839,0.9072231559181069,0.9194493649070586,0.5949555202380715,0.7998647297464777,0.5342540195262964,0.4809078290202804,0.508481823800181,0.7126489834995338,0.7274144929371423,0.5677498121986495,0.18186804747467308,0.19197207923195234,0.5813269544412915,0.6910018802724756,0.6875685678310586,0.6096293665154957,0.6342687502300415,0.6662249529360124,0.4339151793796367,0.7971076225580236,0.5818630949367793,0.5382475692024523,0.8412891401089377,0.21801388972582972,0.4164226237814252,0.33126628695680477,0.516347924129105,0.3621141907179646,0.6951652871781722,0.5958657634413177,0.13426339363075826,0.08344110739176536,0.6130516785246319,0.5462495182706387,0.5664349382420694,0.5633830036041644,0.38240681690878375,0.16896123832156548,0.5284263599961707,0.5528570157109627,0.18886973580030156,0.8799170954176667,0.11323167422354395,0.447991847471605,0.3513053409758036,0.2634236319561127,0.39350309873948147,0.2757874764227948,0.26135130100699133,0.5856805577843037,0.4294769755617829,0.6902605356619003,0.6389138292924286,0.7210045140651192,0.21188210840085292,0.7059240079926459,0.0,0.6579076119498368,0.5271531306054161,0.5702959769804248,0.34562890198758184,0.19752602935863212,0.5436795270138797,0.4742570545048911,0.463687817554655,0.6517876374876052,0.3973342999529504,0.32624319504432736,0.1265004065109135,0.12513311052201992,0.5824956744957186,0.33126628695680477,0.34044485059182417,0.5124124620714444,0.46437498835362534,0.21458299835792147,0.07474629899688134,0.1206773114140039,0.60962358885776,0.11363194883806137,0.7058900296557804,0.5979501528597079,0.6502441406470028,0.16302327620484697,0.5139549890946994,0.7646451014176885,0.19535787832025167,0.5635200482850862,0.6599572625956911,0.6652479026568354,0.6579076119498368,0.09868295729560823,0.599467565135562,0.3529301280304627,0.592235771342966,0.610139612701054,0.4617377867247382,0.40404214241092873,0.7054783881283718,0.30357262866089985,0.5590641926976792,0.32018824338775304,0.6489429525016601,0.5981494605185363,0.6163869785061293,0.5426765059579447,0.3358303462917353,0.5452464984186208,0.43946959434613936,0.6699340085355978,0.5058613306123327,0.182733179637644,0.32166221767767267,0.5799345284154573,0.6579076119498368,0.5887850818353124,0.4649294145732714,0.5633830036041644,0.2703633214512883,0.46776442223736453,0.6592965957866275,0.12331004131322569,0.7155246130378746,0.4643429504657139,0.5244135377531416,0.45716198491839893,0.6692449323461318,0.4084278692310196,0.48065031156493004,0.1877155359845645,0.12558636256663738,0.24265983314656178,0.12165264778636047,0.12307790676472168
ig_lora,HES1,0.18460601107207836,0.22481301881825852,0.08696425583387976,0.39434423449338124,0.20955867776582549,0.4135119817198727,0.3343814915464312,0.6769872783278414,0.6499617056339465,0.8114847763902671,0.6278023561440642,0.2883584968628331,0.24988268814972572,0.2897928460117908,0.09208989501906613,0.22290863476150496,0.1894279644502429,0.23832370883727325,0.1689668696472137,0.5373689000392623,0.39532981479081836,0.5717833671124702,0.4831420349628152,0.8355092294475002,0.1902818694602479,0.22411983621187953,0.0,0.08964056044776324,0.29829599465803164,0.11830750733717266,0.12714898170678016,0.1178975904575586,0.3959474995913823,0.18974684624774993,0.3272062915329477,0.22023106141578624,0.20426832042121018,0.22841218756437698,0.7102379663624767,0.3134042624009595,0.4582716203369121,0.13663383535686044,0.6484800030249496,0.27923172571494825,0.10625597879368609,0.6101488879905099,0.23475688035862638,0.12725224785069797,0.0,0.704520706619196,0.1959586686403664,0.11759749613406625,0.225219762434004,0.18626531190303894,0.38909088243096274,0.23773463331734151,0.6292749113756387,0.20556252565911629,0.17623349064975874,0.10726835817453233,0.696361103686808,0.7293891713394652,0.2182796502207546,0.15193680246523603,0.15246029410743073,0.16213360834658772,0.15434661279189715,0.1565939503348274,0.3363623244888645,0.1926442322076823,0.11969574193973652,0.11498632828924123,0.1955621197376071,0.5770406602893431,0.27255236926318327,0.08964056044776324,0.18909556653980522,0.20129046170042922,0.2662501891602835,0.5432522390110678,0.5854295226389443,0.5636856173330697,0.6374625594626251,0.22408419245553005,0.20095060229302925,0.12771233923281214,0.28443417714551084,0.6374044665883721,0.22906817402061813,0.2862065211509211,0.21019606400890797,0.12510944124642936,0.5022153419870707,0.23238845395005578,0.14021544240370468,0.29508503484179566,0.09178414284757107,0.5889654419761172,0.6235977747638851,0.5498331615239154,0.30432212803740566,0.2262712889896853,0.42510537910978186,0.240941656605987,0.8432816004946881,0.33700437280496653,0.0,0.1283252925592524,0.24397967235374501,0.7530536831693645,0.2052717619831887,0.511583545167471,0.6072132163574976,0.4243646770538858,0.41784023500552026,0.22760212846731465,0.20438575320720073,0.5795922539580278,0.7853809495414217,0.7878327023824276,0.44438625644779833,0.08964056044776324,0.5126392544911788,0.26160580904293224,0.41127711427800945,0.8706731625449433,0.11898586122521047,0.7609706091653187,0.5166973917975419,0.7523286132375822,0.15303522148194884,0.17730024644454512,0.2269638349917523,0.7428272472269006,0.22847205914644078,0.2063258796666129,0.22771656178652236,0.28181834753988194,0.1594955170607349,0.20119231254321535,0.1297318781299749,0.7194498135660916,0.3764188492264415,0.48682335239813174,0.28387820357491694,0.1764701423961255,0.2384500093782469,0.7652408508894237,0.12530873210071428,0.6568826818180955,0.21024238277766572,0.7753804599066193,0.6014852593552843,0.4582270589264203,0.1847447755402001,0.23686676445087645,0.23354458127527786,0.1623466241126269,0.19464859334926113,0.15890999166179226,0.3303216983323954,0.4406946333825473,0.7132951643723046,0.21785858958922413,0.1297318781299749,0.19376953185818582,0.24430648028020105,0.12771233923281214,0.7129888762329766,0.17904405084507072,0.1856770067540961,0.6278023561440642,0.22437168613796474,0.5676963449712494,0.27512865308101875,0.41609824958662806,0.19005042828462643,0.09244679646363291,0.23587487627890968,0.6269242173968681,0.5743522640870243,0.7516858115018,0.4831420349628152,0.5175992326319608
ig_lora,FCGR2A,0.6133120008470729,0.13065574808459476,0.09687316096305619,0.5237146306221666,0.5141940931180347,0.43272014640187517,0.8091814060005967,0.12106314942716831,0.48408467085116075,0.1262030333334202,0.12891470812350783,0.0848336927287042,0.4748448932501659,0.1249394403619467,0.1001378642260985,0.6842232624850463,0.914005543950522,0.1297420364838116,0.7713256114491301,0.6929452611533825,0.12518070014073385,0.12485264578605498,0.12806041868176052,0.11953411097930043,0.8572564111504023,0.7674154096235969,0.0,0.0989535863167443,0.8422728941483032,0.8557915831287951,0.6761441819581832,0.08401867219171258,0.5295765575251502,0.8558624180779377,0.6225172759778138,0.5378538981757094,0.6451073653876072,0.6272371880759179,0.13009324246825943,0.6151259704418982,0.568069790385353,0.6357951828083602,0.12985985242592119,0.09580153242146283,0.11862921937374339,0.11890946973051275,0.7144082452327974,0.944701524432776,0.0,0.12986518239393113,0.289086331348929,0.11578271018713991,0.7535147726209108,0.3184973279049269,0.4570060498021328,0.6719697470445364,0.27468787763134184,0.9023090670708944,0.9136644357496666,0.8916910947273502,0.11739326215875917,0.12720438862946326,0.45995047774435394,0.7548310869302112,0.7521369230503234,0.6637344342881278,0.685318513040626,0.7298868882794318,0.1337262181116545,0.8091874117512319,0.8489126580082883,0.788947678927005,0.8477634788209982,0.10856938699289134,0.5220604497053651,0.0989535863167443,0.6768352206569758,0.09857805387130268,0.659091029800264,0.5460492022617093,0.10034387288068809,0.08625308119462591,0.6123841332336899,0.7306562125305772,0.7719364503195565,0.8067348487778333,0.3112999386230729,0.09258745680624882,0.7354815557730788,0.4002621409351141,0.09367904938359639,0.9451518600914851,0.11922397053727539,0.6220675914723591,0.09335119915529311,0.33588176124862545,0.5601497892220804,0.1298799300205274,0.10822111488914829,0.6523698228015552,0.6071127853509268,0.6070903581382248,0.5801009558014859,0.5217219700773243,0.1308028919410078,0.3661253218690195,0.0,0.9425746599878828,0.7262867250498461,0.43423086998453164,0.1282111594515483,0.12044083582671758,0.629555268762189,0.518012454407272,0.641835506052693,0.7040602030899116,0.10088567505175461,0.12966791631794522,0.1312514389065684,0.12936541251785938,0.5391522253304606,0.0989535863167443,0.13070303198447308,0.728036416324804,0.45245376636054474,0.13446096087338746,0.0773481439990625,0.12517288920086928,0.6381771309670905,0.11783193342029111,0.7752201080600151,0.7972405835838611,0.9148515235145752,0.10655105133143929,0.6967273544260725,0.45413201096390426,0.12779986002055496,0.6622509824022366,0.8427838983459562,0.8893085983623565,0.9425746599878828,0.10195888847031889,0.37195375343289233,0.12713652341311252,0.6997859809127434,0.7554218357561536,0.6533886090027197,0.38427226037221274,0.9437563515267949,0.1266814937712003,0.7615276786121365,0.1317221746072331,0.5202174449009757,0.6443277916269837,0.7866530420491346,0.7785338642508246,0.41819405418228456,0.7800591347473836,0.614186290597777,0.8751928099912487,0.5497222804934779,0.11462392010152518,0.12636160597154722,0.6079038769250863,0.9425746599878828,0.7876924066067965,0.630809472559161,0.8067348487778333,0.13098638473160906,0.18989871912042083,0.8250460878709017,0.12891470812350783,0.58248338042608,0.1358136813801214,0.5711546029940141,0.34553713199643277,0.6394126408184837,0.10058879269355475,0.6284303065023362,0.13008160395395613,0.13110347855948062,0.13443320090142122,0.12806041868176052,0.12915930141538168
ig_lora,ATP10A,0.44672151128475385,0.11334951483176398,0.08304822616036803,0.4607194280411942,0.4477373996420409,0.4156965790952173,0.6013674765258339,0.20869678747210846,0.4475123236979918,0.21362875307710566,0.2105760961502657,0.19094706522354032,0.4288958995143752,0.12801375970861154,0.0890472715139272,0.5518619465325051,0.7082495332579715,0.11042173413051798,0.7326427185032512,0.6104416513405112,0.19942544162327844,0.21864293412327193,0.18766070737206852,0.1921339006778809,0.7297523210011148,0.833648139951329,0.0,0.08485348984465936,0.631441045598183,0.6625796772832011,0.5446340663463486,0.10456000973669327,0.5547222577321246,0.7443314392600701,0.5804492924859712,0.4328680681555827,0.8234073577407147,0.8080003365520829,0.21153528577321876,0.7998666969363728,0.5052422044915053,0.5557012285291648,0.22249876810640995,0.1697520314818896,0.10080354669107192,0.21207487519677032,0.8565932240959733,0.7333501464929885,0.0,0.19568262997526717,0.23216230239093594,0.1133094759772027,0.5880911175271655,0.29888697046571194,0.44066795768546335,0.5905543621231227,0.3098345725693595,0.7814335351650212,0.7776248485372685,0.6107911379914697,0.21923034937425762,0.21745620377768127,0.3820743874774882,0.6993548767078066,0.6958991856354826,0.6260554531976668,0.6328797428214958,0.6760252556178508,0.1196802573836062,0.6348926329337709,0.6304027764119106,0.5811494308828025,0.6667692072671284,0.1785973377687037,0.46118746185727044,0.08485348984465936,0.6470639188528824,0.13001317062695525,0.48184928632189783,0.5995600193286298,0.19973598589102395,0.20622605587659454,0.5048746509845795,0.6134827792183422,0.6398076379824488,0.635412843406098,0.3579900084086388,0.21031894108736782,0.6275917058870768,0.34895018999657185,0.1550205984517859,0.6826442054613593,0.2154767321745223,0.638433486432278,0.11947401707451918,0.39534706387599233,0.4077857741397495,0.17491693865561989,0.19187433229959328,0.5291104736326583,0.6415626602159764,0.4662564224717867,0.47145967268502587,0.3875775295172657,0.22182327788632505,0.3357578600815344,0.0,0.7212296986063061,0.6323138973386155,0.4468174468440204,0.11266077391648027,0.1952330823506388,0.5386882725439136,0.4799193737459204,0.5504650850150051,0.6247915699931913,0.13270539533748252,0.19793143249942044,0.24123598869243962,0.24841672532257333,0.5158931075996219,0.08485348984465936,0.11617336147607578,0.618630550629999,0.43001670596381303,0.22578337297340287,0.08468279464852865,0.23380972390107593,0.5804722997937489,0.16978802966969808,0.6921550482292607,0.7614694571615421,0.7475060552619395,0.17361458071254632,0.6206021764238999,0.3826776636272046,0.10905713749227466,0.5771597787631508,0.7231026152973431,0.7456271755499011,0.7212296986063061,0.19389687971117386,0.3468226752451875,0.18597686017856074,0.550721207893108,0.6616703374918529,0.7301928991032409,0.45839685130839297,0.724473110400321,0.24526317408134132,0.770631404599302,0.20510503714540565,0.44541608491121487,0.5753023407847021,0.6587942471986172,0.6271112209624986,0.3832922890423716,0.6076041425825188,0.4942430854017857,0.7428491465699163,0.5067487907655271,0.1811114895991638,0.20647056894094504,0.6367093567069259,0.7212296986063061,0.6290298852104219,0.5617250387656069,0.635412843406098,0.19783220854720454,0.1822602915794094,0.7079720502854179,0.2105760961502657,0.47463162980999857,0.26467959290517895,0.6021362268761948,0.2910123033885813,0.5718488982181564,0.088612222957274,0.6735128066723011,0.22395937027330717,0.2281793678860934,0.22575150041299719,0.18766070737206852,0.2025175495605443
ig_lora,ADM,0.8282297331201727,0.21233319498012662,0.7835699812772522,0.24468883303658137,0.13065638585654885,0.4376860946699867,0.31888615489874345,0.10631551148345372,0.2612904233270559,0.25811513932998675,0.11074069422549448,0.18665115910397778,0.10526438391847964,0.23440529819440797,0.9279621269514364,0.09234530616898332,0.5273517727835658,0.22327919581945613,0.09856557835309981,0.18512729475432962,0.19199009009186957,0.21443826450956094,0.1078829996029526,0.1390588597681993,0.11895552564516097,0.11603313946382263,0.0,0.8854620011590424,0.2837811418313302,0.11288040203109123,0.5145347059675136,0.6249626836878934,0.10078109216225542,0.11867283879234432,0.1909911796204671,0.49055868511540046,0.10344500678859016,0.10366198556757406,0.2754700368004589,0.1680600182173696,0.2011991771172517,0.11497099742827874,0.11235708871656694,0.4692777327423921,0.10111149524271795,0.18521755278751736,0.11254936160198561,0.1202118182426244,0.0,0.2848846884607649,0.9279967994388643,0.9944398336453657,0.2123455581486316,0.1330978088552332,0.1802127647815208,0.15701624213760051,0.21625251744451923,0.11934689854799876,0.11637045190538763,0.10218704703902214,0.10111895407730058,0.19737492186491198,0.14290564110265364,0.0951650542297015,0.09499824177698378,0.08758486735501819,0.08905396286011248,0.0928231182858994,0.32094773825463363,0.18526793047026072,0.11338515910761468,0.10618055233959273,0.6843989472566979,0.09089256264875394,0.1428866570314919,0.8854620011590424,0.0948717774304424,0.8855008493385362,0.7713624278984594,0.26642248726648093,0.12829083824645213,0.08958825052433526,0.2115598959627411,0.10319698240470668,0.1085537284138318,0.11932307336184263,0.1564830077186923,0.0738589997235417,0.10791193555747021,0.36033853808063293,0.2695671052755119,0.6678642671041166,0.09776095464445334,0.1354211118657045,0.7926523691500836,0.08401838928043809,0.38252225572145554,0.3162227614489327,0.20029664355624452,0.10850640960122787,0.1027186355280107,0.21731793500151667,0.1974961968553482,0.17429846052166537,0.22005751552241506,0.11472615589025122,0.0,0.12083411437803283,0.11069281163222668,0.26096700214085916,0.1956409745625301,0.20903830023142222,0.11308798574011802,0.16841093871602114,0.10186276083465598,0.1136897377036014,0.8634837163098135,0.27241201194376213,0.11507679802450464,0.11395282887834995,0.16208632558424316,0.8854620011590424,0.1950356453958379,0.10742553422845552,0.15788434519334618,0.23015998195861118,0.07001510986448396,0.10860145326748469,0.1748258136534352,0.13664205760797707,0.13010787014718017,0.1182519169708033,0.12170653818330099,0.16066722112026258,0.1055101376366435,0.16987980817874745,0.21427527752299075,0.17146657478363253,0.10986185881556841,0.11288398345337874,0.12216255630593739,0.08660746513261441,0.39708745134761353,0.23833476304358014,0.10111187530074857,0.09710689461421687,0.09230552757915658,0.15106234628957113,0.11871749976054358,0.24175843377303724,0.10666545496357194,0.2582492678332168,0.24375019829656583,0.17021298689891043,0.1020666886225897,0.10643316834177996,0.11174226533959342,0.10975578169109317,0.09288622731985754,0.11176368253784842,0.14515384443947016,0.1887198867474005,0.23070132131251825,0.2625588120710955,0.12216255630593739,0.09795588622318217,0.09876084731580287,0.11932307336184263,0.11511782561638197,0.13292233385040672,0.11043151878877723,0.11074069422549448,0.1691633270109332,0.29835882905799765,0.14528178775397588,0.3663130855391648,0.6259188993337257,0.9035469483444567,0.09912508502923124,0.19772646474814373,0.11347786459510568,0.2673318264336551,0.1078829996029526,0.10998107397501
ig_lora,SLC2A3,0.5696028242232234,0.11758211232920993,0.08850474289152227,0.4863087200855283,0.5377829301540009,0.5715821637482721,0.6410720219038382,0.1797536431625306,0.497341701050043,0.17477731962516999,0.170606168843197,0.14079164348030312,0.4983547849232458,0.12371398203837636,0.09238807825256355,0.5645450923484603,0.8576888372279315,0.11583534794666245,0.6167618369745766,0.6702480534410502,0.1674158537088956,0.2360902957242906,0.1520476785365197,0.15857983034719764,0.782882131584326,0.6619353130788735,0.0,0.08998909254927158,0.6650581968185876,0.6871584469058641,0.5658554550832867,0.08093373398221082,0.5328901719405381,0.829361394872939,0.6084554953439206,0.5191539801253758,0.6335097119385996,0.5903136646944226,0.16525078948350558,0.5714479059924876,0.5669482880293744,0.6724402053092179,0.17986681132981167,0.27019252987301795,0.10642655138521936,0.23988547694737408,0.6391655765686434,0.7428370233676629,0.0,0.1662646053848059,0.26710137861600614,0.113996993509395,0.6035214932252123,0.36181308521039146,0.514686088440396,0.5924923644458611,0.31257675571761634,0.8392421989799574,0.8317660254405556,0.659756378134934,0.2236512561383,0.18475796074235876,0.5008692489657297,0.6958595319323303,0.6926580533210918,0.6637549574664876,0.65657644965139,0.6974486498143997,0.12186508729303636,0.7225725983760274,0.6653300309045209,0.693967121208699,0.6891135504271767,0.1324966573294857,0.6542644413102073,0.08998909254927158,0.6258048800339849,0.17600413070041687,0.6074257360797026,0.5100536222421936,0.14523069855636275,0.1448559916745256,0.5239137590790138,0.7450774514237261,0.7100163300777275,0.638424895688596,0.498367307129491,0.12798965073331744,0.6476855023092468,0.5103325761471554,0.11917574585282396,0.7038484694422059,0.15209911354714276,0.5572882556244844,0.11771515524902826,0.3486595947666555,0.46575793737856586,0.1492141080066792,0.18876153848728372,0.5523949438247943,0.5678409303121673,0.5743603088658759,0.5442450153614747,0.45624950446438134,0.19007513527828965,0.35026866644867544,0.0,0.734264924146585,0.6491048578400137,0.4457146798533102,0.1166687506273616,0.15065092097714225,0.5683223055095984,0.500389562735795,0.6447310088686388,0.6375173605126111,0.17802329923331234,0.16937646435056286,0.19606111436993973,0.2048290787749562,0.5131518577836863,0.08998909254927158,0.11920834796914966,0.8096454214207454,0.5182924910757143,0.18682420877881323,0.07994144611296823,0.17860438393912012,0.6528979336093782,0.14799522834405696,0.7655926752070451,0.6519083843627624,0.8065670227172266,0.13214864654701752,0.6257527744944863,0.480485764539839,0.11466729271162635,0.6861489206479691,0.737511218220449,0.7261673056937936,0.734264924146585,0.14469644808127874,0.461001006735843,0.16338185555113155,0.618392198932258,0.5649137075755776,0.5669675809029379,0.42113912087745864,0.7709583858732681,0.18037582247589307,0.7157075400398756,0.17265191946152683,0.46993889082760126,0.6201980235594184,0.755816715720049,0.7403857303396344,0.6400504244110151,0.6622402522767723,0.7264640582063631,0.7256986931099387,0.5758781995430831,0.2860913996367701,0.17946282482799739,0.6588000999187672,0.734264924146585,0.7400947819064654,0.6539829375394146,0.638424895688596,0.16648515945041675,0.2058028029328267,0.909699154486406,0.170606168843197,0.5271721940920868,0.17150186980215276,0.6117312620663896,0.31819143431769664,0.6033138135531403,0.0922808362097974,0.6380280017256575,0.18218600959996667,0.18261151927569283,0.1867996213750717,0.1520476785365197,0.16296333594336726
ig_lora,OPALIN,0.3802723126146684,0.12247643183350383,0.08903114626871884,0.3855070093241176,0.46697490287497945,0.4059008239634063,0.5874846255551883,0.43270581458707297,0.35734321611656683,0.19618277305787635,0.22232908064465218,0.17663530626542764,0.48839420758971563,0.13339756344800613,0.09690892460656739,0.45357355330757604,0.7128094896073299,0.11873903190148441,0.6287424425605418,0.48783104548891576,0.21767204732039822,0.22852659634454509,0.18589012430999863,0.1688496308847576,0.742202550891304,0.6676339889938141,0.0,0.09285734570455319,0.6336068990450683,0.7916773945323818,0.5445962222160003,0.07821394929483447,0.46799211176654093,0.8174824670894686,0.6762616026777463,0.3563772566625095,0.538176903212475,0.5538455310234481,0.18630146873819567,0.5139084952954612,0.5115442505847569,0.5747050693468156,0.23980026175314545,0.13356506516509403,0.10885326794113581,0.19441145527785939,0.6257907394132559,0.8013384010075181,0.0,0.19571070841230637,0.1912995304906443,0.11398331952244854,0.5862133496151942,0.287354811467658,0.5616153500845866,0.5651646504265613,0.24914391538514685,0.8034503656880053,0.7918384485200569,0.790377147754192,0.19221428381909186,0.22274245986957933,0.35217140948359726,0.6279225811479056,0.623152357829289,0.527340365997832,0.5365270487341823,0.599083241873546,0.13008648782032234,0.6378798120778825,0.8608108655069984,0.6699936539328624,0.6843995627756619,0.13308498915450565,0.39619268789032613,0.09285734570455319,0.5988247960746286,0.12617923119704413,0.42113167738759083,0.423997061654827,0.15370690425126407,0.15190974571245933,0.42519475463169737,0.5580193506938191,0.6040703666683009,0.6719114388656221,0.31939121871730997,0.1266076047909391,0.7046126059751594,0.2946582003744783,0.12126371040918316,0.7136118363312813,0.17890975840488804,0.48212235386662833,0.10159502915615388,0.31727021732744093,0.3478389926859392,0.263214535932035,0.19437507453769542,0.5179949069390046,0.5042756436999356,0.4803919220299934,0.4168812149872525,0.41106849937945206,0.2272180107399722,0.2578234834866144,0.0,0.7860567395465579,0.7516630253061095,0.3635745650893715,0.25374558730557684,0.27367212037525734,0.588528859351892,0.692713676465374,0.48041382994567733,0.5877738315003853,0.13048679073388772,0.3731064478759905,0.26306207847540414,0.38616354769978417,0.47944617981287607,0.09285734570455319,0.12460696296480606,0.645316176398779,0.43884480613384735,0.23928843089726712,0.0907946609688107,0.2205632996364745,0.6336749264461321,0.1609051836259802,0.6695850661382168,0.6188734945388835,0.7860464480118493,0.13277188257843633,0.5681650612252792,0.3735677493713205,0.24476174039455192,0.5608190716641127,0.7153079881875907,0.7529490100189034,0.7860567395465579,0.1518286521128842,0.3185217589258827,0.3582881518256856,0.5329212845258344,0.4686713849686376,0.482341323550057,0.34649137921359435,0.7745674288923425,0.22156106463429673,0.5982648142743864,0.27172403805683537,0.36967389800689787,0.5572078279083137,0.678598486244163,0.6644347928516665,0.4087145006689922,0.6792177664142018,0.5187585700648499,0.7486407658306631,0.5268612997621573,0.17566481307249376,0.2079030073610169,0.4907038377995536,0.7860567395465579,0.6197125110634993,0.49734742074774135,0.6719114388656221,0.19994853132495305,0.1547765113063153,0.6875492645336733,0.22232908064465218,0.5319351674182511,0.199818626323898,0.4334390443929917,0.2321991913688367,0.42588513519957827,0.09731729527672857,0.676077038877285,0.24010219008089512,0.250744468583897,0.23924062205665855,0.18589012430999863,0.21143880538759496
ig_lora,ID2,0.18303854586365825,0.5276412809344431,0.08673874983565485,0.3664185451561338,0.40906152868908385,0.4428386104417269,0.5237645054336976,0.5561931175796374,0.7639546992173549,0.8330714499892298,0.5520004222203331,0.275002032946044,0.3768872360164339,0.43587084078680594,0.09087534214351992,0.2223257213376331,0.18966396708828634,0.4321423730688663,0.1749807944102138,0.6043020654634343,0.5305077919401925,0.6744192292363421,0.43194925994104305,0.819910217537844,0.19038134095622866,0.21856800384478114,0.0,0.08873470299615621,0.4333274932856188,0.12052609579432666,0.13493783245388277,0.12028033793090609,0.38973128512822286,0.18919771380477032,0.414986252280492,0.22189349936987915,0.20310543129697156,0.22428440949666056,0.8765182243837715,0.42342274948665515,0.5499319850928709,0.20876349081227,0.5714786647324925,0.38378503419879645,0.19847943772595988,0.6846246879773458,0.22813684484444724,0.12791216897137325,0.0,0.7707897878225671,0.24210359710472498,0.14266290949030197,0.39527288183445025,0.730965005926239,0.6187737058525131,0.2264487000913951,0.8434929242926678,0.20462345577837476,0.17756121315094456,0.10769184382764348,0.6206133752365562,0.7129662645247218,0.48969823456935563,0.15712084787609124,0.1576738405205834,0.1660072544330339,0.15862033947516485,0.16140406429935295,0.6032186759849322,0.45851294484339855,0.12190243841183396,0.11792893535011874,0.32968132112697957,0.5668029072978634,0.3747694403693017,0.08873470299615621,0.19576369817415906,0.19195519180197765,0.3948887263322034,0.7127956581253683,0.5962074853685615,0.4732412908645923,0.7362358790540444,0.22157402059129552,0.19791910036608268,0.12835622567606014,0.3759278552779916,0.6129396625055957,0.221811796692651,0.4305811844255604,0.2960399900916317,0.12614512999830435,0.4653908653612518,0.23343175885510917,0.14242269196745586,0.3012959682448956,0.09636792167593217,0.7004811925821243,0.6783218906323134,0.5689889666719563,0.29530004554298644,0.5243898429600864,0.5723668521104662,0.6480127313605757,0.7964439041724052,0.7397111590277319,0.0,0.1287713362971051,0.23413479062817524,0.8893899310242809,0.510557661980275,0.633983826719545,0.5860854199748466,0.4377049680588583,0.2941260617182961,0.33222909203426143,0.1944056309115051,0.7271497806635218,0.5879907009068195,0.6163525280922714,0.6805914666398818,0.08873470299615621,0.638474061985395,0.25150632959954405,0.48788150974426403,0.8238287629994372,0.11082749306348998,0.5980765733904856,0.5815002638971419,0.5458529629826453,0.15604340877177203,0.21208348522432333,0.21945853214632913,0.7369666120159524,0.22305292381942207,0.6050837322029187,0.4144960795692235,0.37124474676852776,0.1618326896062073,0.22345016986435137,0.129858243329027,0.605402230716903,0.53298892585599,0.6880710700195615,0.23431967475186175,0.17957803801804145,0.2386347419816323,0.8270712062054831,0.12634605562260803,0.8298103881037612,0.20836647623695245,0.8093514723384992,0.7681243341728914,0.5177774952653001,0.1864818805345569,0.2301028844585638,0.29087738926326284,0.16259398681347387,0.19576862273167472,0.16660730520918338,0.48390446021030326,0.5509836273862356,0.7883236255821524,0.2693770926951532,0.129858243329027,0.19451517537757723,0.2354408154890034,0.12835622567606014,0.6652303958939827,0.5411542690337994,0.1870931801306737,0.5520004222203331,0.5314492726269536,0.8398954943463534,0.41753861460962455,0.5287237099204,0.19466217175919057,0.09104904302400296,0.23175881358073025,0.7351783793988024,0.5094107244945372,0.825864238534941,0.43194925994104305,0.46035179694399087
ig_lora,HBB,0.6229411239341909,0.21492391639685085,0.3585572571270813,0.312624193264266,0.27174961245906326,0.42682848738917833,0.18615726576780106,0.1378461007102528,0.2870324451102811,0.23705863646818096,0.11562642042080502,0.22926748681965792,0.3082957564783868,0.07853616838899298,0.4997008503141018,0.12953133367973538,0.36418204850613145,0.0664180513243309,0.12707800309794304,0.219495798858707,0.1150760684397955,0.17660492544705458,0.09636084743598704,0.15400781063157135,0.13865511941664732,0.0943060327911178,0.0,0.3932186485284764,0.0784328188132131,0.07607393595861829,0.37927769329265537,0.4962852015550761,0.1687234594394459,0.13155187160072526,0.20920868435184523,0.47741122865603175,0.10043013893132795,0.11487266983134536,0.3361389238314653,0.1173989415966864,0.24525496155395232,0.18373716682878247,0.12462799056573781,0.3469909466114787,0.1912342510722661,0.26532855087648605,0.10534220624305285,0.07630158790241923,0.0,0.11774279818190533,0.7756109627642959,0.8821879355002928,0.07436450292078049,0.6245776169614902,0.3477989177974896,0.154050069893008,0.371832209290911,0.13715962666445067,0.11816887036071808,0.06340240498302463,0.30440392203788513,0.13916478080823175,0.3423037628534727,0.1266165982027904,0.12685970369607588,0.16485274572777966,0.14998668085601857,0.14719106299809898,0.22819938890855243,0.2345888319414415,0.07415457004090999,0.07405647904624257,0.3431568250516181,0.26191303815802325,0.1864799132121093,0.3932186485284764,0.12408670068026542,0.5204736324837214,0.528123386764628,0.23950895439829809,0.15989304390993106,0.19597335143441866,0.2631362086914321,0.1709062428383609,0.11766031311400205,0.07299020665779973,0.30207145773787686,0.27332712579016866,0.09616746955394852,0.353112624047481,0.36709333674702005,0.34363990258595284,0.15225907017315474,0.1744484958834733,0.499299383609762,0.16277845427919133,0.26408138301231476,0.09898678195448972,0.23333468117446593,0.2831767154478032,0.1630378089369791,0.2551820085896925,0.28189759722810676,0.38142070020596947,0.14541377006190312,0.5337070391260336,0.0,0.07561190547038543,0.10357108582242343,0.3437838435914421,0.2282088173865271,0.14548984039103188,0.2566499934294315,0.12407201298328624,0.14582326406451787,0.24414043789996812,0.502530573114332,0.21659239749178755,0.14192382671097362,0.15333197841087076,0.30890668541253574,0.3932186485284764,0.22663860817328002,0.19503083907976498,0.2785364288633264,0.13348917803976254,0.0511658803009404,0.17239408035921314,0.2152128069412279,0.1441464297593109,0.1644440693809343,0.12489217968418755,0.14669233170388618,0.14298854235880096,0.10201421199502934,0.45228079347059175,0.06666354975941902,0.10721719523837787,0.09079413211433557,0.14296047731756142,0.07614357565424938,0.15628072208546712,0.41067029724463866,0.25344970733506705,0.12123192994957227,0.08624386330636735,0.1299323871900308,0.26599303058647045,0.07647599291538071,0.2925154594820994,0.10666436029618787,0.2233485038510997,0.277048929414146,0.21122896257804474,0.13868401225546298,0.1549145354880651,0.1961460121807497,0.10684365367735484,0.15749561063612386,0.1285069706024575,0.2729819773555979,0.11585166172188585,0.24814387862460965,0.2777648764567655,0.07614357565424938,0.12995021201847132,0.15780548759068455,0.07299020665779973,0.26203835954202137,0.37638506076647354,0.12691545811883986,0.11562642042080502,0.3163862330357014,0.30599828821988906,0.24365911252429495,0.11521252529726739,0.49814552979853005,0.441122439434123,0.15675184836766162,0.12719517070939226,0.12565748839481924,0.13343963522575855,0.09636084743598704,0.10668442567862316
ig_lora,MS4A4A,0.3635538123425699,0.12677367632891082,0.09175675257246756,0.4051073665355478,0.4296216097105258,0.39230079377081806,0.5549929814807402,0.3462221737435477,0.3831885511265734,0.2224194595022339,0.2889707870934194,0.20590051088628006,0.5268499156380558,0.14738843897892043,0.09895312933437891,0.4753401865783665,0.7100509255346854,0.12389572529597279,0.5179925300803604,0.5188726903414203,0.26087427663986795,0.2754975277105139,0.26894995569779084,0.18878907886635915,0.7583441208773195,0.7764779607375965,0.0,0.09583073439955178,0.6284127385995305,0.6854065757695975,0.49600170199157056,0.07894077764250079,0.49279155361564536,0.7776213683940035,0.5546355038430616,0.36916007517121835,0.6590335845962629,0.6157974113688455,0.2190251076345362,0.6936842311877512,0.4631561381641864,0.47027641466967507,0.3029584130968597,0.1502426670677943,0.1132941007876781,0.2152182475128975,0.7768615911429908,0.7618842617742596,0.0,0.2393623570165449,0.19022156543539706,0.11430163392951571,0.5819263590524579,0.29840022935728683,0.5230758945320404,0.5869606850147098,0.271855930037929,0.8038396872614312,0.7889739042945415,0.5648305370505972,0.22728940022162158,0.2602384719795725,0.34233090668537064,0.651987090898963,0.6475253869361293,0.5408521462278004,0.5498929879142536,0.6228050754676905,0.13330942119187758,0.612772632565809,0.5952661952924504,0.5622771486124204,0.6567816653123811,0.16571846026434978,0.412894127817054,0.09583073439955178,0.5851651178735956,0.16411952053123718,0.401855248261035,0.5564383469903272,0.1812426660026941,0.170934948114607,0.42117485891354633,0.5598889444681386,0.6302756402846215,0.6668449954732975,0.3463389993534345,0.15513064088164877,0.7734592812597485,0.31605233424973206,0.14133734200846146,0.6790894645021802,0.24417670062457633,0.5052095563367989,0.11787012219452184,0.33949873447376433,0.3311008730112236,0.21783589608991544,0.24776439313944273,0.4563525199737708,0.5304899691796251,0.4102252741065673,0.4152582877639204,0.38351150050311683,0.26142543403007773,0.27115995706053825,0.0,0.7435676665261257,0.8164598961621934,0.38642032773613894,0.12298685856502752,0.21227454880167704,0.6054409931094802,0.45009136069544814,0.5057230579221892,0.5891377335031478,0.16842708006808083,0.23856023993319014,0.3174165778183551,0.45535556544285527,0.45763063498500783,0.09583073439955178,0.12782989633636127,0.6861347713669195,0.4521788273916173,0.2893667745183348,0.10833091299141297,0.26607445233218724,0.6412456131771855,0.1969562956670268,0.6343795093970231,0.6114144140664459,0.7818166497671278,0.15238444384832509,0.5935609839424668,0.33386982872987975,0.12018973221139814,0.5952587100174985,0.7551389910410008,0.7577481516408937,0.7435676665261257,0.17556932371127795,0.29551170926545484,0.2130886744080503,0.5450298366091635,0.5443889305295296,0.5790915206556413,0.39487365758215426,0.7377435656079679,0.26449780753108626,0.71129148234552,0.3453419695862885,0.4195209728522177,0.547511295379077,0.6197415943733001,0.590753976221149,0.37609379341461147,0.5689139313715403,0.4804371519038903,0.7246252028191146,0.5694185170938625,0.2133921103574518,0.237783020280192,0.5639535406753745,0.7435676665261257,0.5606995851165374,0.5171018514525882,0.6668449954732975,0.2480786526490627,0.17083202965872854,0.6881699781964121,0.2889707870934194,0.4975687935670491,0.28401968913342607,0.4934580276882812,0.23144565851695256,0.45716373668547244,0.0996535292513703,0.7063630146432018,0.2991650505071682,0.3187609392617431,0.2893189656777263,0.26894995569779084,0.2885724643744993
ig_lora,ATP6V0D2,0.35794616039581506,0.07341776236780011,0.05803696421757081,0.3420519040494151,0.4531120409033248,0.5184016213495192,0.3493335894407427,0.17006280895950282,0.33232248254062197,0.1835636106114715,0.15620869357793982,0.20133347892792605,0.39195030102046696,0.08954125042192124,0.06539052838257578,0.5250065176743335,0.5635982370037286,0.06857878600167147,0.4941504105497662,0.5077257002764086,0.1471230656400068,0.2709881593597483,0.13677041986093771,0.20423269860865018,0.5846342462843581,0.4841255206782248,0.0,0.058419516346640804,0.428919678375399,0.42576320640055076,0.42194313484036305,0.09401359200600887,0.454530913822369,0.6085377380873678,0.4874731372720359,0.41629401679392763,0.4535254982059593,0.47233264519019114,0.2216578589681072,0.43269641292170163,0.46691913890941555,0.43043840374561426,0.16562986208888705,0.20341805693695406,0.06447755811532806,0.1885022221499315,0.4829083488124139,0.4050483605669688,0.0,0.15403347643625184,0.18604150049915893,0.10665618584260343,0.3501117640285616,0.27384115549930704,0.4115851081981605,0.3904371522264628,0.36614352264967825,0.6852705599824485,0.6899662356797944,0.30205429960923585,0.24968105184733425,0.17353471099041712,0.4233951834022631,0.7423158540714493,0.7430804433287911,0.7332604790564814,0.7241789390430459,0.7512611443928665,0.0827705733575622,0.386127026877945,0.3501589550704086,0.3738191770271311,0.3973609596030954,0.2670013328784016,0.5898015064668062,0.058419516346640804,0.4921084476437138,0.18858798635576876,0.3781386526636997,0.34665760754706104,0.23558548659487763,0.26578650649325203,0.3802626810688176,0.7373956739802706,0.6579035453439613,0.3663350678417148,0.36801714640440875,0.20711255226559117,0.497318695216478,0.27866644825594095,0.1797422586828063,0.39194534301926265,0.16900635912611478,0.4834602365406985,0.1509475913480487,0.3813057744560825,0.2657368901432766,0.13604550792824022,0.216457268830844,0.34580218866691637,0.48602234017973583,0.30520904547285566,0.4232028962875535,0.3762746198746815,0.179453538975278,0.27975611785312343,0.0,0.39653652428310854,0.5014574960504674,0.3481742786141991,0.07654701919886321,0.16024256822578622,0.3525834323707485,0.3610379812834956,0.6851481232312654,0.44543753599493247,0.19054596796342493,0.15767909537529262,0.18258178069137643,0.19250742125816822,0.4212982825476799,0.058419516346640804,0.08019197342555452,0.5356729447803428,0.46040007956543655,0.1733424725721727,0.0642916624402501,0.22606495253373748,0.41339814686954685,0.13798256750413518,0.7658929220353733,0.541376069802484,0.5288262068355795,0.21052683741171077,0.4727038305325109,0.4158599300211487,0.06908054515215355,0.5007678639545212,0.7139514684225484,0.49959274296977274,0.4018766003255822,0.30799612630393686,0.33289437301729,0.1535541927806767,0.6007197621986687,0.5139968691232396,0.4864859284845829,0.40162737356303424,0.5115034587446009,0.2023536965343629,0.47445893553592994,0.15991758935012754,0.3757927770184162,0.46990048207473556,0.6116005334687569,0.5722430369524002,0.5156235737017296,0.43389644692003876,0.5078277144105262,0.47609207766164574,0.6287515065889996,0.14799537374376148,0.1699454197739058,0.724421715630089,0.4018766003255822,0.7205940770161171,0.7273117629133552,0.3663350678417148,0.1542018060106892,0.1887012716268392,0.7007145323258107,0.15620869357793982,0.3926369451342376,0.16031091350542898,0.6251013869927213,0.4355243595524214,0.5210391288172185,0.06359929078677182,0.558800848521161,0.16784405103522798,0.1678267746416455,0.1733185681518684,0.13677041986093771,0.14783647731153474
ig_lora,GLDN,0.6015697320687594,0.11055261016332582,0.2755225708006458,0.260539603608001,0.36531094213621346,0.5121284296592334,0.4396985679736464,0.10934113518731575,0.24566241616285545,0.13163107860535303,0.11044702173846153,0.09689753436130084,0.22330746057204443,0.10468512766507056,0.48728515617496115,0.3328389492778665,0.7293000370712076,0.10545080660827995,0.4581919738790012,0.4618878097140589,0.1050824967124847,0.10841083358692627,0.1041927120455176,0.12850810673656024,0.745250936306721,0.49238565317075356,0.0,0.36128481500203546,0.4724858078767874,0.5304184844237014,0.6022940824235667,0.5640592211315113,0.32104571333506077,0.7133639550614693,0.48117298966110406,0.4004458270619178,0.5047376388243348,0.41780183152186473,0.13989353189969775,0.36029060708998034,0.3482288095090041,0.5444259359627607,0.11319618314784946,0.440806504163914,0.09710659298588285,0.21762676248053459,0.4628803168487076,0.5991107356978959,0.0,0.11667699359870086,0.9336733595211738,0.9454417910134963,0.4212594944461312,0.28329810808994604,0.22201579309299824,0.3779285243464459,0.1979519770889261,0.6603361213886905,0.6647356156318232,0.41994901356238645,0.12733226805118839,0.11537442992930728,0.28076490831375034,0.5592026515378075,0.55369268468203,0.5168337179114804,0.5324840947448384,0.5272502669095765,0.1199668425227596,0.6156090577065921,0.46166970798314433,0.5327099127092235,0.8338685712452704,0.12285088210634457,0.3618053847473245,0.36128481500203546,0.5935116425622857,0.403215361435588,0.5141150207363829,0.26658956970121267,0.12270979455305064,0.12520261626154272,0.32816225362631085,0.5045081486864154,0.4385502958115285,0.4683957460935606,0.30854934706783577,0.15418844094360298,0.40388645265772943,0.4517152779953457,0.10442944741939736,0.6913229004020816,0.12515086085269614,0.3617765625100244,0.39165155643819993,0.25432348787042486,0.2813063118770593,0.11377004504261033,0.19816987158401442,0.34006252680660876,0.3279179424804957,0.42795806066811826,0.3222615267554785,0.23673880520303348,0.12147538032510043,0.21563403159514472,0.0,0.5723847847444222,0.4144090039976046,0.23623560057607915,0.11007384145970849,0.11649208665336747,0.3193387256810245,0.3631180242551715,0.3201340606697017,0.4520203738486627,0.45915318198527133,0.11748832963749063,0.11802453063488269,0.1175368234988234,0.3078053909468462,0.36128481500203546,0.11509615376230066,0.5215877582688299,0.25148611081042566,0.12248163136233518,0.06664786462603664,0.12594868626074876,0.5018070431723909,0.10248863274678809,0.5630110733475178,0.5334559414516631,0.5702748982287932,0.1273837252724486,0.41025890441703594,0.3221225006622383,0.10373380620500085,0.5460704270849402,0.5990046072782752,0.6364616219419506,0.5723847847444222,0.12423896301727086,0.3483654482785658,0.11680892979104575,0.43445034067566635,0.358409591498048,0.37829324331875036,0.246395544942682,0.5873850347321304,0.1375936936380985,0.461041979735762,0.11887868702872151,0.2685474523162764,0.4941572449064129,0.5023542769019125,0.40291586608053026,0.36206052059263916,0.4305106153998884,0.46232199414140407,0.6495717764055706,0.2860259252464368,0.33066936563361915,0.11640162130059908,0.41029059004933155,0.5723847847444222,0.4263781667738851,0.3299663987776622,0.4683957460935606,0.11827504207728001,0.1602674900836101,0.6666132344563394,0.11044702173846153,0.34973227668270673,0.1271711173552378,0.30204598513182096,0.20701293302686116,0.5350985613372714,0.4810439121891538,0.38415910276983856,0.11315457358132142,0.1142408904941477,0.1224386034057875,0.1041927120455176,0.10805739606422149
ig_lora,ADGRG6,0.432421710240352,0.23834512395294288,0.09638077515693841,0.42317669308474115,0.44442380382726865,0.4779570288100324,0.8733250590159022,0.1195907534133858,0.5257423868771466,0.2736726232105155,0.13021323517128625,0.08296497360768552,0.365262855889389,0.25729464284509934,0.10121307204957333,0.5330789109872085,0.7477125348793286,0.252228222875706,0.6317815483364085,0.6418593877984579,0.21327304658277707,0.23415558909026696,0.12908801545579673,0.15135637137039692,0.8696730321491912,0.8176039495680844,0.0,0.09967663000243156,0.8823566193413338,0.7444588691980855,0.5565516432225621,0.08149686460314162,0.4677780311349022,0.7768726699510563,0.6304892313826034,0.36330059508750107,0.7487436695966376,0.7537294471568051,0.29430710938784654,0.7097374124150189,0.5443567449798535,0.5369224069980425,0.13155881123336302,0.13850886796465622,0.11939816572682434,0.1971511738263113,0.7732883230792257,0.8530831780583435,0.0,0.306757337854268,0.2624705426291034,0.12535603954145602,0.7810777637768292,0.29222400638492735,0.42034864112503634,0.5832576749483056,0.36211906368935837,0.8165007839967406,0.8235184481352208,0.7210566752563039,0.11467266036307566,0.21462278109799943,0.3875158127917087,0.6623401344976542,0.6582223312598208,0.5927775809904927,0.6065028235779658,0.6329341348904999,0.3477342707370343,0.7637094870091796,0.716742656294595,0.6436660196750181,0.8892052224364312,0.10320162264744748,0.4589386994488105,0.09967663000243156,0.6663025786609156,0.0989709940437413,0.5414075911348281,0.5864376852898624,0.13953909280118562,0.07990431483413986,0.5600054822913543,0.6475708894776872,0.6874096499612384,0.7574828707433395,0.30271304876232635,0.08387687674787458,0.6552698217637442,0.39605738086489023,0.08774054157892446,0.7777274486122716,0.11539210709822484,0.5500017431394169,0.09163051093060826,0.33051325884571475,0.4220390905292143,0.3421571530049,0.21513609891297758,0.4901490928983728,0.5160469521003924,0.6068470270220889,0.5401554957691592,0.4337470350927819,0.23738681425918323,0.29104710245357535,0.0,0.8444410120617756,0.6473841455125285,0.47734619712438925,0.2177389866197668,0.22801741871205838,0.47117681219617014,0.49928445659817616,0.5274280391339433,0.6075921013648552,0.10237169894124942,0.29288469848579957,0.1333040835189388,0.13041066449231525,0.500936472960965,0.09967663000243156,0.21687581043409682,0.5896088698743605,0.41710046946372326,0.25266289413624504,0.07769418226940757,0.12468949709705619,0.5944945038145216,0.1150580044018369,0.704791935638625,0.7014658501359359,0.8139157212512282,0.17170245844767396,0.6277819917745958,0.42301478306666457,0.2409549947750357,0.6312560807302776,0.7697638248473071,0.799822491305125,0.8444410120617756,0.09683034388737778,0.4182997672902844,0.25504118402586157,0.5386466134856673,0.6179380108265834,0.6523672268800766,0.387170202698693,0.8355683413325871,0.26162521099733416,0.6615298827889233,0.2803725684410436,0.5466081103209226,0.6009231006359973,0.6615041330250853,0.6239692211078093,0.3366252572621067,0.6439325372731091,0.46119572338562,0.7909443409277847,0.48215920136920076,0.2043242595398995,0.24675816435002232,0.5493562252283958,0.8444410120617756,0.6317622626255928,0.5228116824972489,0.7574828707433395,0.13283729606275196,0.19430165723837894,0.7163356086046397,0.13021323517128625,0.5212946084923334,0.3194606036913342,0.5619618196187025,0.5784707190040804,0.48650121067341795,0.10200893228669934,0.5523528827639922,0.220495431149631,0.13356076642630346,0.29094948702984547,0.12908801545579673,0.13077772137798815
ig_lora,ID3,0.2095520308316475,0.37148660683073603,0.09924650572412719,0.3545743403720637,0.2396064733269631,0.41238087566949605,0.4672879819814255,0.6903015661735891,0.6693845346094575,0.8429042084144643,0.7076937038847465,0.30129359372727377,0.2795669718458022,0.42824346059071317,0.10280542466697634,0.2144233934516489,0.21481753757246125,0.4250973664186428,0.1101955878674825,0.5337106935832342,0.571472203933679,0.7577978787573763,0.71112681374601,0.8513816172615118,0.21475317962280568,0.2729218340450121,0.0,0.10448918763397715,0.4280344188258924,0.13024682046208166,0.10362410327879511,0.07736489558247873,0.4311080866760215,0.21129165461991686,0.35411806742153634,0.22763981144132295,0.23063383661052858,0.25532260628792963,0.7223626589273434,0.40130068419367915,0.4568228621769507,0.1352562378040646,0.7301788035859199,0.2844213636665685,0.12700376340407318,0.5953672572841894,0.27608399552866436,0.1463054805961656,0.0,0.7723363527165931,0.21175584839571898,0.12428899833727303,0.35694436255048506,0.1941398741118057,0.4633159858330954,0.2847995717305355,0.6004624822581941,0.2311322622484431,0.1951795767915427,0.12597537717276835,0.6679969538189799,0.7915615163689891,0.24919954302738512,0.14168977189813706,0.14211417818505737,0.14255536816470551,0.13416514355892906,0.14689416727375532,0.4811060575882166,0.26015935364892817,0.13468927737804168,0.12663398003197845,0.2709519612068591,0.5146566095067694,0.33986193354257843,0.10448918763397715,0.16233730005218666,0.25177158870939126,0.3572799551526523,0.6811156122407673,0.5383010244377571,0.4371357030349131,0.6350647007057193,0.2493204596526073,0.24202952215321163,0.15271158749297714,0.2581907257905635,0.45144602521606836,0.27951961778999684,0.30841482768545825,0.19055267153387595,0.14090797409107847,0.6166784436428409,0.23934726368877265,0.14163427941086143,0.24561860411134562,0.09398262724367873,0.8179102142378869,0.6046571078322838,0.5176063930659637,0.3343999199580575,0.3055689306984942,0.4240157931897204,0.290766734755278,0.7851457085723239,0.2919068482856492,0.0,0.1494133966620734,0.29593774411663964,0.7423157263860084,0.31353627512332466,0.6528309246871368,0.6081335913509288,0.42371786067989264,0.37201337277584223,0.25258350942645347,0.25597234146858117,0.7408925227121277,0.8425539755257236,0.8341840613801207,0.5201729725882981,0.10448918763397715,0.5398650342556548,0.30538961055018227,0.4093106838068807,1.0,0.1537452130708751,0.7725696230374428,0.5277740797490342,0.6244114320085621,0.1601410119318985,0.14290761609100636,0.28026740366292024,0.6811604002190768,0.26814527399748256,0.227258637237892,0.3905092800843795,0.3328972540513498,0.17464027156967063,0.12842348881446097,0.15140605955393024,0.5534638989879574,0.3800391786389142,0.5912326786851538,0.2533715227720982,0.19891475596058994,0.22236227742679457,0.7322153144813062,0.14230690688222578,0.7455705709749173,0.23478470501195903,0.8710522778813048,0.6327761289828926,0.44733724513154255,0.2020078292220901,0.2810759093782082,0.26013997956387036,0.1858557300571116,0.211844880207611,0.12487862782727478,0.36655418251190974,0.5630954306988515,0.7603507059013969,0.2399141515488509,0.15140605955393024,0.21698066968732657,0.2805222710557921,0.15271158749297714,0.7455069967745416,0.19642991727694967,0.20026662351647634,0.7076937038847465,0.2637830566359042,0.7123844362278671,0.3382403653097376,0.5236405486986314,0.18718367350786605,0.1049481389206704,0.2566855385902817,0.8857788931847467,0.7833451103095075,0.894752851346547,0.71112681374601,0.740014132371409
ig_lora,SPP1,0.7628300486958155,0.10211456155294865,0.5156228135927049,0.3058712848758409,0.20532512925655258,0.486388973773519,0.11032458618782062,0.34112415801070606,0.20784182855813763,0.21470481923013515,0.2595696236713507,0.29374669949538795,0.47126522224460804,0.12745162448077316,0.7052040375727471,0.15283758450161078,0.5182403934865769,0.10143415715864974,0.09155006174020545,0.22083733394329427,0.22670813651113328,0.3291654404001304,0.24098511746728687,0.23372465927400565,0.21148929893422205,0.178596503875381,0.0,0.5845444008452544,0.10835310181823099,0.10269290163511574,0.4363365831107383,0.5601381619954884,0.22925937646397,0.24681823174224218,0.17969016460792225,0.5768462887518484,0.2070271736759984,0.18292087209976837,0.2085394855417802,0.19777084066123266,0.21149703880312204,0.1892566316953084,0.27113261563486374,0.5271187835944134,0.09456949298991843,0.2738745734015777,0.18590381454561702,0.10844544454030534,0.0,0.2267019683385384,0.884736498094553,0.947186825714196,0.10725895410853353,0.1804049007914886,0.47531402898920544,0.23000864116288242,0.20770173678783685,0.21850722449592044,0.18218292602800587,0.09528926277112229,0.28486223743242456,0.24905119474845502,0.2606699271028937,0.17416366637917483,0.17508027485450234,0.16632165872545504,0.14883104999375069,0.19539512731132305,0.10423352897456512,0.1588476137292218,0.10393834772663905,0.16463747118891783,0.4441983340646532,0.17162866740343083,0.3460513335210016,0.5845444008452544,0.12906615709957872,0.7673963296577985,0.662488637151192,0.23294062416593747,0.18694351830504266,0.19534026867898285,0.2312914971651402,0.31359358635501083,0.2143311425672523,0.10894755519459869,0.34989017581880477,0.16683911039052501,0.33664540386217795,0.38308160926954943,0.3164070741897223,0.4623797759952925,0.23201071230502732,0.20376273982375037,0.6319288060849971,0.171705443375503,0.3508965961157954,0.2078080738706833,0.3001397262361134,0.1873131946177527,0.21689344258106474,0.16588145977892538,0.19379735648008287,0.23329352700943254,0.2503920539341232,0.1522943314761227,0.0,0.10908302251824278,0.3642344907000349,0.24142882073765431,0.1002320555669749,0.20983291719374683,0.3478311878692017,0.16854756318760633,0.25212886208837504,0.18185690535945462,0.7683943880543013,0.2265628557956801,0.28714172853561737,0.42132473406778304,0.2135046036678662,0.5845444008452544,0.10216477026236931,0.49335860148886596,0.37164606547874846,0.264036808282948,0.09777598265671764,0.2517213921562158,0.3238867426210712,0.22786319333540092,0.19507580170523178,0.09181951178660804,0.25514280565627706,0.15362760642576423,0.18188517966794032,0.20073474543519704,0.09989468833343103,0.3049479437077743,0.13721763876875748,0.10177366530053407,0.10981115736956104,0.18021482135089628,0.3421187383655959,0.20643041535421452,0.21359713671346767,0.14821627983011978,0.15599997303396865,0.2463745353102139,0.10710606458262027,0.24730397134772542,0.24504168555488712,0.4019391194121444,0.18498355983972298,0.2033969217564382,0.21042661643795288,0.2719147398952123,0.41918711966180805,0.1745167936985697,0.4443765494035555,0.09965341663791027,0.3789478947797589,0.3415528035734816,0.22651826580356857,0.3641717843954515,0.10981115736956104,0.21138676208604812,0.2574089919884212,0.10894755519459869,0.23172682889213475,0.12738745055031817,0.24088345265820602,0.2595696236713507,0.21785792669759474,0.2201436139563361,0.246368157557854,0.09568240397800191,0.6144669585345992,0.638734261604569,0.34708643046483756,0.2691009294147559,0.27978511583522275,0.26394936063896374,0.24098511746728687,0.25521178353553003
ig_lora,SPOCD1,0.20225909861597532,0.12540266864590585,0.09066091410028888,0.2473926907539186,0.1914762958467905,0.2621866921575142,0.13748654321041628,0.5913720420346702,0.3925002646627125,0.5125814242210286,0.746275754085142,0.3073035685807608,0.2890536621744286,0.23318500471972028,0.09703181143580306,0.20367176057110875,0.2041302481015646,0.12449534393332641,0.09688250460418028,0.3088623187140998,0.4026142527399226,0.5734595683989674,0.7673441579744428,0.32662614345586766,0.20439315209797462,0.26560340768291013,0.0,0.09614654823973694,0.13295283819047507,0.11862417600523928,0.09491896320851125,0.07396850437220637,0.529207293744794,0.20277191679775772,0.24201502129168154,0.22223560338527584,0.22237497609922485,0.2501031144863849,0.41530736787676686,0.3112587105789666,0.34729639885376934,0.1054471293646443,0.7693415946228565,0.2025789747684237,0.11401130967149652,0.4075810000774529,0.2707636840899462,0.1335975087668694,0.0,0.6910885663696544,0.17580491543820603,0.10620808461174282,0.13100873366145585,0.16971925350873504,0.35143309196330036,0.28385724375919746,0.3153043858609076,0.22234555306055703,0.18534575575239917,0.11323564347461444,0.592614573913399,0.6978817685965407,0.18654582341847467,0.13626664488053547,0.1366441445659753,0.1381628733840938,0.12949095982983805,0.14180051651570455,0.12935068397082305,0.13027404733833817,0.12122099305797696,0.11661577441883231,0.1273225552448685,0.32250729246157667,0.24100361459756564,0.09614654823973694,0.15170036524499536,0.25267943233565354,0.22097850492710241,0.47073774824119125,0.42233843701651913,0.4095582585331169,0.3455323294760525,0.24251323687274132,0.23252540638684882,0.13740383190022532,0.1872207255645392,0.3207241624967147,0.27438056444174974,0.20547521490708545,0.18395164902083885,0.12913749125108506,0.63714091058211,0.23087745710772783,0.135506280431281,0.2635064731898119,0.0856278451186435,0.46816004664110145,0.34898346685454856,0.356788663775461,0.336138041282902,0.1260943262420239,0.20026953261256059,0.1867335945354624,0.664029820237236,0.23186267244537495,0.0,0.1361618427963017,0.29338643624459537,0.45785046033715804,0.11905332292433053,0.4770507215202987,0.47890407789175277,0.27778219005287624,0.3037775712843904,0.26230688506292166,0.25750631861857826,0.4933323648329783,0.7802679093736334,0.6735498215621567,0.42056648099319216,0.09614654823973694,0.12376255052001016,0.30342140273748414,0.25325897560243477,0.6592524916091692,0.5928522764552748,0.6133566205477493,0.35885284890708136,0.40718008305982323,0.15330616062441207,0.09922744621317524,0.2740779056726727,0.3332304614795287,0.26197040545048295,0.14983094076271614,0.1187583423477157,0.22612814966372916,0.1646622286189457,0.11773569100479593,0.1384858145871078,0.34084457059905787,0.23615809761538484,0.41192889520564885,0.17152349638045783,0.18675576499902852,0.20959847275336638,0.32001547164407573,0.129899288621226,0.5457804062200551,0.2276031624458137,0.5368516366130093,0.3322253255791102,0.3041851330137793,0.19316958161238548,0.2757552534420974,0.21417679276042215,0.17442684849095674,0.20377676750391183,0.11516076752676647,0.26418417248600917,0.41356735815406526,0.4448976663121087,0.19970341772988673,0.1384858145871078,0.20757891060380726,0.2783463060458975,0.13740383190022532,0.540590323669863,0.16363298352744252,0.19249034407600116,0.746275754085142,0.1707634136974791,0.4445208302657925,0.25722679693033473,0.1102781960935558,0.17919587088828612,0.09866091913679517,0.2529157918816865,0.7329292041645828,0.8371409105821099,0.6591409406346022,0.7673441579744428,0.7964261382276374
ig_lora,RGS1,0.43659288764263615,0.4361657177657677,0.0971271554762781,0.49734868166553414,0.5924886900039191,0.47523004854554857,0.9574558040685843,0.12025851860733064,0.6479807210733441,0.3338869165532972,0.13088443155107646,0.08357666369059534,0.516624507213991,0.2516348336592683,0.10158717531319902,0.5526914954893454,0.7751451662351957,0.24501957195922416,0.6116111398497127,0.6830174002564049,0.20981431721006216,0.2304032086751924,0.12996846575924428,0.1512167961349754,0.7460087913669864,0.6565287996053824,0.0,0.10026366816388665,0.8473725776896375,0.7185124724788519,0.5448699318349378,0.08204831212279305,0.41540101207643787,0.7572107660355767,0.6627001885947927,0.3916278278691674,0.5348712599119264,0.525765288582861,0.505005058869369,0.5509672422261822,0.6330603730090393,0.5916043830774642,0.13212386169516024,0.13867326770476865,0.2949284556453763,0.2760952592605899,0.6043012002124415,0.8159573131424156,0.0,0.3002509827052364,0.22856338273762652,0.12546826959886337,0.7182992587173201,0.8199446844672762,0.5808793259262665,0.5427275444160168,0.5596036900123328,0.7873170508846097,0.787335938495701,0.7105772489844471,0.19948885610084874,0.21227197036568204,0.6111300312703359,0.6415499288359908,0.6372312532797979,0.5510457924352653,0.5747617774991189,0.6087971093157637,0.5435627239056214,0.9317465858493621,0.6882901107126508,0.6211217344468678,0.7863509518677684,0.2437966627312988,0.43080837227414015,0.10026366816388665,0.5591667477153539,0.09947590637083989,0.5424858634576384,0.6726436598223247,0.13965907612558806,0.08098001233712901,0.6910803464545492,0.551911800195745,0.6103842075831896,0.6883317333659847,0.37659548954894895,0.18162505508100135,0.5806723420227904,0.49580622726953577,0.20618067968538334,0.8185853991555584,0.11688669948207403,0.4886388700879444,0.09235712466623762,0.2758934352697279,0.4148194235325431,0.3327257866298324,0.2966626328275449,0.6652968782675261,0.46713366867040834,0.8013113972231801,0.7021112156926028,0.7959230697642938,0.23455989440673763,0.7533735057791426,0.0,0.8057327194281053,0.5817242777542707,0.6179138953484002,0.4298586266526467,0.22452079539607586,0.6091321019858703,0.49418891004828536,0.4725864011554849,0.7218641368495508,0.10270657602347259,0.38360965966279087,0.13371275108660113,0.1308677454736689,0.6422139400985958,0.10026366816388665,0.4189356188552048,0.5732415689403365,0.4796301219488812,0.24794270130982046,0.0781102742979175,0.12539370801347435,0.6624159473342212,0.11599720321582563,0.6346785980678061,0.6809556980811128,0.7806045224214524,0.17115037846129003,0.5579943572725703,0.7818260973570837,0.23490146129712589,0.6058143450101322,0.7238653150572066,0.7737372614391483,0.8057327194281053,0.09786362629919898,0.5278551728657067,0.40398021848932925,0.5964451148936759,0.6666440560793807,0.5124828170310013,0.4054286617586898,0.795148138449289,0.35704188173838153,0.5984447445640129,0.3829594885170236,0.7276732348795872,0.6503016669043441,0.6215530430595834,0.5991104319262791,0.32371094797829614,0.6232558375807175,0.43672607251673706,0.7679710339180676,0.5232239836647528,0.20217333809663446,0.3637963205424486,0.45915753669533155,0.8057327194281053,0.5760001886518822,0.4656306690640927,0.6883317333659847,0.32104645124466874,0.5102719700535142,0.6794737685924968,0.13088443155107646,0.7719372574642616,0.5510875309018594,0.5386421562844932,0.5234233161741307,0.46561952436763543,0.10238052746033165,0.4924531907296123,0.2166755825485734,0.1340459888474816,0.28456465972978606,0.12996846575924428,0.1314975369173333
ig_lora,TRDN,0.3969278395910553,0.2273401633165337,0.07533245913835286,0.6216347581946486,0.5149184025201085,0.4317053222983082,0.5227698318126157,0.34423228956328994,0.5266515220343949,0.40996442264886257,0.17316258604420273,0.23119641430952292,0.4799519417562839,0.11296936928951004,0.14699484673684016,0.4295256884273827,0.5718672669639884,0.09594643147666887,0.44883805530440535,0.737078057732196,0.16988174354438737,0.18643851143618145,0.15125726936004533,0.5244753471446009,0.5854890714452687,0.6406620872521456,0.0,0.07642436324080716,0.46137408589572243,0.4971582366502804,0.5209307655802723,0.15999615217025978,0.44040141532814775,0.6035824187265746,0.5437239780766027,0.38002738178884093,0.6172208249847946,0.5999998515156787,0.40484076114354767,0.6261005140112004,0.520660252156089,0.46834886910460455,0.18390861932342278,0.1467628835349264,0.1933787499805689,0.33775367052844546,0.6627387599757713,0.5304697893845364,0.0,0.16833438579032292,0.2059493538059813,0.11116705214993525,0.42091642225156534,0.7824028260837785,0.5022472326880476,0.4873316880023527,0.553107782134697,0.646993070031646,0.6442413990178841,0.4155987713885026,0.3972684606015059,0.2779491733137173,0.5289332215958582,0.6218230360931559,0.6177566171264156,0.5626848977730867,0.5695431966419615,0.5996956187152941,0.2454415355218039,0.6311151771567058,0.4548745718899559,0.42721889452260353,0.5100822152445583,0.38359834469208554,0.38648444132658427,0.07642436324080716,0.5311299128598916,0.14952762570712883,0.39325861024813524,0.565815038045843,0.26303589683318046,0.3050638625009257,0.5952324825668539,0.5057387743658683,0.500582393362293,0.44445815790646725,0.4427764735279868,0.34537505477040814,0.48716066028175165,0.39416480674656346,0.3419791778333414,0.5026669567531228,0.16635176661352621,0.46912233866380226,0.13749880998237018,0.31990569515359824,0.5026776785616297,0.14805905483125972,0.28981731884193646,0.6447642105724205,0.4464325971274454,0.5235334414206828,0.6106279319222105,0.6221557352815179,0.2774864485093385,0.7456982515718815,0.0,0.513700853291127,0.498149585352502,0.5755676025593472,0.24401799135270974,0.15870328605314535,0.6339069986994618,0.4789206758096597,0.5179284854504811,0.6229265708922312,0.1154004171853984,0.24192275221612639,0.28518530769010886,0.3347520936239746,0.5470528205085913,0.07642436324080716,0.38390173256675963,0.4785271263060529,0.5215337513978113,0.297594153769376,0.07573325442171754,0.316312648954616,0.6153008524867325,0.33621505372662025,0.6304303140093578,0.49874805944609374,0.5488562022399807,0.40135256360580657,0.4868711296036476,0.6750218537074547,0.09545348416470666,0.48872173938979907,0.5968497447695306,0.5612007194154547,0.513700853291127,0.3319997967495116,0.43415577998307436,0.28315676856407157,0.5629116973670633,0.5287109237238115,0.559212749660494,0.7528232054851824,0.5519455242005147,0.26876192257599585,0.6464649047481099,0.3292166911753546,0.5955907389431979,0.5731249506527456,0.5492318701897871,0.49312420907487664,0.34057534779501036,0.45897570132115356,0.42003948746841346,0.5767951860436439,0.47629357400677685,0.15822302369873148,0.3922628600130445,0.5444696701002797,0.513700853291127,0.5086785660707921,0.45717511797554305,0.44445815790646725,0.4321029192969618,0.43182625544330333,0.6055324947265757,0.17316258604420273,0.6232510102815212,0.4082072118321882,0.5578959874914967,0.2578985449075351,0.5489644227303386,0.0802774060477621,0.5763136055497471,0.18639773733126425,0.18699372812235304,0.19127871953119632,0.15125726936004533,0.16408574173625837
ig_lora,ANGPTL4,0.7401231693302958,0.09972022549524245,0.9273037831020309,0.08785746109446778,0.08188254928857124,0.33853340978422763,0.10601999498807474,0.08873200956975978,0.09369335979173767,0.09031024965414525,0.09810317499707431,0.06549449923168886,0.08781194041867182,0.09281294371163706,0.8341404127272356,0.0781717720131296,0.43007067282468275,0.09984839293414392,0.08177370982061731,0.08485849123158429,0.09342273100150356,0.09175618078985022,0.09885000345142402,0.08524742604376856,0.09858572928002346,0.09995666941300307,0.0,0.8432999948980494,0.10386636347534317,0.09649925048522419,0.45376480748108633,0.7238716845798272,0.08342016893884258,0.09778965519719184,0.0895236662276098,0.5326463331298128,0.08759200196362696,0.08715451766674119,0.09399821849669444,0.09225270930961563,0.0933070866471422,0.08281730149698757,0.09858735721031049,0.333121192793879,0.09313657019982907,0.08585338815415168,0.09553283523178878,0.10476265209603355,0.0,0.096265052592374,0.9038556738932939,0.9831074141713602,0.10350878705554037,0.09268480157990339,0.092835088588418,0.09346723244546475,0.09109286380431472,0.09841360574595852,0.09605950940043893,0.09301464434658789,0.08385749988387124,0.0933468410656039,0.08170651365139338,0.0767609839485256,0.07662570644108628,0.07081445104539982,0.07170407352640405,0.07521140814167161,0.10087130386166943,0.10207861196153864,0.0986117917479087,0.09166334776500312,0.5255895442406752,0.07500741097737552,0.07719829671833175,0.8432999948980494,0.07723193882328346,0.7652697096435909,0.7915333064070382,0.09914805485839652,0.0679182222448472,0.0574330355131425,0.08826906289173128,0.08592116050448557,0.09391012762643641,0.10690612697166674,0.07105218315689417,0.05868530185263649,0.09379444496452898,0.21821854838384755,0.06595034338483233,0.5731227713553598,0.08519399615437724,0.08040201861538279,0.8074890895147459,0.07077884776260412,0.07478831068271576,0.09700476270087985,0.0735809073910445,0.09052238348878458,0.0872389305044401,0.0998002111380107,0.09163180063755906,0.09023349768656813,0.09603132154914805,0.09113696990929446,0.0,0.10599941960030508,0.09536206920402211,0.0977929849706699,0.09613874374668027,0.08688463676234374,0.09408999787785602,0.08542651089949384,0.08676738846648796,0.09381969765102041,0.825098757018466,0.09561102464625079,0.09880998854244114,0.09636202653955826,0.09179992694602171,0.8432999948980494,0.09834291315227763,0.09072293992319283,0.08262351916985776,0.10083898411453536,0.06560920665497237,0.09189354902753691,0.0943225106177625,0.0861561291755216,0.08298419207260524,0.08233973293972645,0.10497765572694825,0.0741701645652639,0.09000012043968553,0.09097245490663071,0.09706669059426387,0.09008125386449076,0.09119087279778604,0.09487245816229606,0.1069359387671553,0.07001096782398665,0.20762093828655864,0.09298373214339636,0.08234513922658666,0.08218231107757305,0.0774696048739461,0.09170645311027038,0.10261028476368073,0.09256863247314523,0.0886260884554232,0.09816288778588,0.0958052935062098,0.08957325523318568,0.08453195298295806,0.09085797812608676,0.0717752361361784,0.09335028265413003,0.0774154770103973,0.09170905709771336,0.07630060316258265,0.08255195304208761,0.09191684652339215,0.18462453668532824,0.1069359387671553,0.08271693247915869,0.08405353264149638,0.10690612697166674,0.09850416082473867,0.08112320706372124,0.09018824733322192,0.09810317499707431,0.09187847286915768,0.10053074776321776,0.08120603389008486,0.08920631804975565,0.5313493263363199,0.8746399959184396,0.08204846573212318,0.09724219818997692,0.10024626875375112,0.10070949536535648,0.09885000345142402,0.09939299551344011
ig_lora,PPP1R3C,0.10092261405139989,0.8900140110991268,0.0900954601303668,0.5123090571988886,0.4247193076270263,0.23576039802270712,0.6783986932917482,0.10736922616744542,0.5436842382466087,0.41954721871040973,0.11909941406270365,0.12843435921753682,0.5527839467768794,0.11364364470430433,0.09281642584576454,0.12511769807306425,0.11935431429172594,0.12155564277281167,0.1376032133241886,0.5305183639881303,0.11410430178944897,0.11220272179135986,0.1200064181306049,0.147361585687768,0.12177310575894873,0.12411762459054601,0.0,0.09282684804495417,0.12857652342426415,0.11990867607143446,0.11499243165661141,0.09767329031046679,0.12214975035267944,0.12043286965078337,0.29848159144180003,0.10236667018475581,0.10819739496693638,0.10701737385192975,0.6801156890604663,0.11381906402154604,0.4076340107447354,0.41088389604639153,0.1195983030667684,0.16546730368574375,0.9333333333333333,0.37030153111384545,0.11839608464269392,0.12959234629857655,0.0,0.1171217962739079,0.10287393735924534,0.10103988585597239,0.12857115819166123,0.7051173061907503,0.5451579698796445,0.116710868220053,0.5913366286079385,0.1213425729068493,0.11841994537305037,0.1117972048065253,0.5166053258799224,0.11344520269961954,0.5030932904747029,0.10057954229065928,0.10056459897021337,0.09784760303447512,0.09923679340759022,0.09828650739102356,0.7867120359400295,0.6697559120461084,0.12274112354882569,0.1147840417297371,0.12440400126412843,0.6221252276478403,0.09622248604904288,0.09282684804495417,0.11777819268737356,0.09123744382312857,0.10707008082221106,0.5678820525549061,0.1831821565680144,0.2054396269546775,0.5837197695573739,0.10600954974427058,0.11758278038576529,0.13234071702525094,0.25084807633919853,0.5200647782119172,0.11717237479264735,0.3302849381577752,0.5274681309500954,0.12656097753280213,0.13072233903511574,0.11569976335230922,0.09441005542589398,0.11433214666347455,0.09275967294033806,0.11831794463823224,0.5689589274983935,0.6146744530935746,0.1419055710247477,0.7221351439413376,0.5237214441629627,0.7223121483087993,0.11644209360315619,0.7663149738499268,0.0,0.13113526343251586,0.11875680376502022,0.5137663301548586,0.814656053823654,0.11892885641800836,0.5504039202201387,0.10363333277092002,0.10845366415836405,0.5230206143902927,0.09388262903231186,0.5677403260486727,0.11976694631205707,0.11673730040590012,0.5972924354176483,0.09282684804495417,0.7837391202537964,0.11278411093794523,0.34468040953339985,0.12240521364087158,0.07274420718787802,0.1477324845241815,0.4093693242302512,0.1047762160370758,0.10074822373482167,0.1326180741662759,0.12984876357310018,0.1726965689255589,0.11222700634712629,0.6144817479084826,0.11864657113403687,0.11171170286783336,0.11246143874447495,0.13746181236289629,0.1322281410326806,0.17733059949331198,0.3264572330052582,0.5489714950837945,0.0999986020982422,0.10313179929128642,0.18322273761446853,0.3247198610626218,0.12726789815404357,0.600431203979376,0.10959696651766439,0.6271310850292072,0.6164570590753748,0.39716825887499324,0.10435001813248514,0.11355843149381765,0.08629659921721868,0.11641437495153943,0.09555894302798877,0.13616635133498095,0.509299829521752,0.10125995660992679,0.49911484466505157,0.08766758485858699,0.1322281410326806,0.10279494083768116,0.10443865468833811,0.13234071702525094,0.7266964457419292,0.6206343413117633,0.11039531932732652,0.11909941406270365,0.5849685946166485,0.6940714569773472,0.44454106518773856,0.12874602807194718,0.10467252704450203,0.09380397276121685,0.10036931541351093,0.11880521751055721,0.12143506596549306,0.12231474415442953,0.1200064181306049,0.12054216106868797
ig_lora,NR4A3,0.1838255896843781,0.11150095136477875,0.08188676738101401,0.3997517641200868,0.17719069949026808,0.3080475940846147,0.12572914056532056,0.691719030191836,0.5079193737638468,0.6718422596583425,0.6543092361505871,0.2911968871649827,0.2503105863484899,0.15146344445832688,0.08809299118305526,0.21983739399179178,0.18744007025760206,0.10887366616860104,0.1539240618939405,0.45971709176726644,0.310560678749752,0.47139038688268026,0.5046381702645935,0.8103870080414002,0.1882627058786603,0.22372987327943922,0.0,0.08439469069503612,0.12200832120193468,0.11281589744948442,0.12185703642159536,0.10885152295223438,0.4017916613919391,0.1878009629565642,0.24714868481362773,0.22101791591652836,0.20322402737908782,0.22821013343586227,0.5495853350108154,0.25349752873442166,0.3149913912887306,0.11900683296563681,0.6746439869652585,0.21823565559207994,0.09967057825041703,0.524685738561834,0.2348263444330695,0.12113787075271454,0.0,0.5396382288694913,0.17725239919497152,0.10564227700560992,0.11874115893594636,0.17058004367039395,0.3221605414744364,0.2381294845148129,0.5080941766154998,0.2041313557982154,0.17386003412027737,0.10092722547086828,0.7072507821065944,0.6561400361839167,0.1730174316364202,0.1485122787198195,0.14901299613027963,0.1563364194839437,0.14835960521112737,0.1533593110991602,0.11712890233048573,0.12259912423156033,0.11357906239201705,0.10928810185703575,0.11975020197927598,0.5822981723309375,0.21911591130612523,0.08439469069503612,0.1816281749597305,0.20327709630631569,0.19696366019454517,0.39652235728311663,0.5355059220689944,0.5187699444319797,0.5357318683833302,0.2236659655884672,0.1994912193989356,0.12064299011159897,0.22911139380202328,0.5885843033602429,0.2291823869504124,0.20062227790900328,0.2059591909435815,0.11939782066445734,0.5182516871929318,0.23257942472010662,0.14160707397576566,0.2720640797539442,0.0877390711088858,0.3832271591247267,0.5127007733354154,0.5629413471957946,0.30879478133210275,0.11914454494654224,0.33993178264137325,0.17338380707283438,0.7531206881100564,0.33513188262931104,0.0,0.12196185214522502,0.2447464060869712,0.5989749673426326,0.10958500709724975,0.4100541229948163,0.620325070400874,0.3629719287544878,0.4258294786337256,0.2271184809879511,0.20649502049493215,0.4227420139544831,0.8144653832165079,0.8121718868133746,0.3983963294928505,0.08439469069503612,0.4382437460872578,0.26283472999070534,0.3552557302496767,0.7797660715245053,0.11824741577330086,0.7859752452761419,0.4621510747281549,0.7031740394183672,0.1510430009914277,0.14671823793730776,0.22665398515213525,0.6721130749601493,0.2284147906939041,0.14807783730904206,0.10671121367430389,0.21857859556868725,0.15675536238376614,0.16304695084192536,0.12341433451447884,0.7207375515617558,0.24090114921985675,0.3611895371244367,0.2843566025517412,0.17435148432354167,0.2335704590396502,0.7235666010665044,0.1193645927675164,0.4975391330587944,0.20929362430893078,0.6451437844676168,0.47733147475501086,0.4016152171476428,0.18307941327184615,0.2371793478558633,0.20722384987262016,0.15911103473500823,0.19352568497317318,0.15015818352818203,0.2723364677091845,0.3506595566129629,0.6018686296333116,0.19440127031605042,0.12341433451447884,0.19241988074631042,0.244917604167207,0.12064299011159897,0.7370039690690534,0.14301656870727944,0.18397618635159696,0.6543092361505871,0.16537563033680217,0.3900064019487826,0.22492604621537038,0.13847742829131365,0.18905075328018367,0.08809549378337395,0.23578551905171968,0.5550214370561378,0.5975185133399822,0.6142294270772062,0.5046381702645935,0.5400211581028368
ig_lora,CEBPD,0.16901108877212528,0.10088905220909863,0.0736275123807023,0.36221908183083784,0.16891486711922804,0.2885998652809896,0.1175020495984558,0.6495164182625404,0.46567613808928293,0.6671942021755546,0.6234473889204697,0.28453545880496417,0.23858436634761898,0.14033008944899406,0.08201391639403732,0.21009587839261257,0.17152581904489278,0.0962741767206261,0.15391913236918564,0.4088240950804966,0.29313395982345875,0.44057015054431126,0.4535882724031139,0.8179111893584246,0.17299218108263437,0.2021366542511488,0.0,0.07569302556500981,0.11311745743894489,0.10435449887517105,0.12104537699023768,0.10883717958779705,0.3851463204563037,0.17498134418961087,0.23516430447543074,0.2149850099918512,0.1880690722528071,0.21570691789652263,0.504559157936898,0.23969328692464295,0.297701628025787,0.11857759296442918,0.6469819271129403,0.21261829856792153,0.08814261943616368,0.49965399788199655,0.21766355028054238,0.11108124586627471,0.0,0.5133210870004487,0.16744653512420635,0.10470065955110572,0.10785431160262603,0.16523350612303814,0.30398857801636103,0.22430808807090932,0.474187101794009,0.18908070327756743,0.16055969366931414,0.09003621097975761,0.6654455206478406,0.6063674449314691,0.16447908833944022,0.1440663765940045,0.14451777919552272,0.15224552604296243,0.14414803469300813,0.1490789371255256,0.10918786692971823,0.11595559320221904,0.10366936788944443,0.10019569306341915,0.11237321711761802,0.5919332316042915,0.207767444776389,0.07569302556500981,0.17240462312620955,0.18289124814092178,0.1804707134240176,0.36840359161527164,0.5176912579229243,0.5055784699455207,0.490912634881797,0.21024525502938077,0.17948684785453137,0.10822753789435649,0.22039710823686248,0.6463923376611351,0.20888497062484415,0.18931261719067102,0.19686185570438375,0.11036192909382987,0.5559647743790426,0.2214599850108269,0.13761675062540907,0.26645983031272924,0.08218750545668964,0.3423722596322988,0.46257171667405245,0.5453428455144572,0.30158908651002675,0.11206196564266359,0.31041751615732577,0.1622444243950194,0.7115580443803916,0.3316729268475813,0.0,0.11128971769252326,0.22633643373309384,0.5690352660303947,0.1007330934238938,0.3828704330598517,0.5727500728284904,0.3381684731295558,0.37921600545565826,0.21533995571014988,0.18629846198769215,0.3937472916197353,0.7520688244384293,0.7605271862400431,0.37952518947553776,0.07569302556500981,0.39917661033900154,0.2477216093079698,0.3347248055377035,0.7187543751007306,0.10741888210266826,0.7777924598215555,0.4246425643556709,0.6532961178575352,0.14328847689171506,0.14666460592182362,0.20555737542135882,0.6972263412142192,0.2108059259456547,0.14251713366189112,0.0949145732227657,0.19961447590360043,0.14482862735012886,0.16688513548165385,0.11283903221972731,0.748450415532919,0.23378373114423825,0.33675644638688856,0.2628553477587991,0.15682923106493665,0.21968627468914406,0.7077872419670096,0.10979522358114963,0.4793809053734995,0.19585648459293958,0.5806268218232176,0.4265758572468445,0.3651876988992223,0.17006558347465459,0.21868552506917308,0.20025658653501682,0.14529424019412387,0.18110398177030668,0.15098213679055614,0.2638485180492847,0.31994132487794424,0.5595010123494726,0.1884951284522106,0.11283903221972731,0.17695096125952298,0.23281559251216838,0.10822753789435649,0.6738541675225062,0.14127197203660236,0.17293685035097792,0.6234473889204697,0.1553951593955501,0.3619829808703346,0.21271092843599473,0.13869490137148724,0.17982763194264362,0.08125669105824869,0.22659960937520882,0.5218688539424737,0.562870617922491,0.589010130931645,0.4535882724031139,0.49561994375672047
ig_lora,DUSP1,0.20241400455833056,0.425142792843755,0.09935502506444677,0.24866516663092542,0.23676070523318257,0.3873001086125134,0.5138974173405041,0.46308215203042585,0.6122506242097295,0.6197142452852633,0.7375087502014612,0.30265368610405463,0.27710713174636686,0.4712231640544166,0.10342807943225131,0.20830120584524994,0.2070344738009407,0.5094012511747835,0.10634229454243335,0.45484272563344713,0.6161496628812309,0.7826091542277716,0.7547006255873917,0.38390244190371414,0.20733460860710456,0.2678015149912703,0.0,0.10592194236929915,0.4721901856502027,0.12881013859464244,0.10085389356108544,0.07634616829151634,0.42254698695682663,0.2055838797049844,0.34676062654778184,0.22381579003859678,0.22376383013018267,0.25127781388102455,0.6625018534208066,0.410357520031712,0.4517284683604464,0.1348958817625764,0.7613715910922374,0.2876386608639408,0.12928968380217162,0.5011323858607568,0.27254047642682094,0.14726612534676378,0.0,0.7973985500956964,0.20411734671223558,0.12421673706136264,0.400128848167007,0.18989084815534896,0.46226440947173264,0.288469020401748,0.4694135842118337,0.2240329099928139,0.18812912872424578,0.1271554197340471,0.4475217650181151,0.6924866860378454,0.246550573437352,0.1373604525298161,0.13773845205947668,0.1390091297267165,0.1304049399877869,0.14280930212963794,0.5351171787906884,0.27270013461535475,0.13363383452973598,0.12457855796970743,0.286237846705563,0.3191685494618676,0.34466809193805625,0.10592194236929915,0.15305558341720943,0.2479138105677888,0.36496098150757583,0.6922880388995507,0.4193826277324505,0.3088549731549211,0.5001037187607885,0.2435986898683844,0.23622099423845866,0.15563400074925252,0.24292070480564784,0.31782952880169074,0.27678910661840855,0.3007912365022319,0.18308639614345945,0.14089044172541737,0.6282904379111742,0.23213066959520184,0.13793855957310985,0.2411542143786367,0.09084667342873226,0.8576952202753747,0.5319583932954576,0.3535636128885644,0.33734381022254223,0.3238519302796741,0.3231382304957704,0.29064150048523324,0.6974465932571843,0.23192655388089753,0.0,0.15109168910091292,0.2957477160753995,0.6520436550356457,0.34412002601518704,0.6645213308987519,0.4653049760453933,0.3614765782425987,0.2811635246542221,0.24863198098707903,0.2528146887868437,0.7600067172087501,0.7571056398857149,0.6688626265315392,0.5168166526086639,0.10592194236929915,0.33172072109571066,0.30461222079881417,0.327917690128714,0.882482046665124,0.15980422215215329,0.5902746404515707,0.4525734925122268,0.3787876041018607,0.15494465258461348,0.1431061088934412,0.2782039417254624,0.35119732998728137,0.26346767004686933,0.22573613531437853,0.4556281576624368,0.32429770245122114,0.16802919675952893,0.12694131873758863,0.15348288457114115,0.33279308226249493,0.3760003664700213,0.5936884481998415,0.1636570993587854,0.1881858407672156,0.21118339336445605,0.373958399857074,0.1425210689512841,0.7662664483061064,0.22907116878136904,0.7998472719907448,0.5328874473005983,0.39057409771015716,0.1943687268796012,0.27711354640196184,0.2578883059307942,0.1810087138084018,0.20467491323686066,0.1232642971632147,0.37103579662222064,0.5634742062693153,0.6173208063212723,0.23777119091240007,0.15348288457114115,0.20865074416551327,0.2805924917659527,0.15563400074925252,0.5352976663421665,0.1976422278568779,0.19383758410666477,0.7375087502014612,0.2620206943322507,0.7269631753929768,0.3404874362528518,0.5761214525554955,0.17865495306169105,0.10607358805303062,0.25393451807338996,0.9401907628831685,0.8282904379111742,0.9394788748601913,0.7547006255873917,0.7853630473889678
ig_lora,CHI3L1,0.6532856199678937,0.3364944970731008,0.47059198504143696,0.2940826124939757,0.25044938332838085,0.5786377478260052,0.40745384086194725,0.232819361463651,0.41704528074395225,0.414076003912811,0.25720843768665363,0.2801133174288855,0.3179825901548725,0.3672192105246674,0.5274498901016508,0.15579390393148146,0.35558669738170806,0.3607599451187415,0.09997976326993403,0.3653780145681426,0.42462379598923633,0.511240492452544,0.2401406193262962,0.3162544841134372,0.20780961217925034,0.32158342348084157,0.0,0.3892165819020829,0.37925220658140485,0.1132059684503595,0.3839475702646768,0.6313365771060458,0.22580762169855137,0.19971891981251855,0.2965004442940256,0.6057112634855961,0.30838150642980283,0.27384297554353687,0.43755935641415034,0.5202011423495801,0.3400637487599943,0.13584735296634762,0.2680460145178408,0.39316468086786194,0.10068311502183418,0.3328218257896668,0.3547626682276159,0.11990116719779775,0.0,0.48041789707028465,0.8954667181749711,0.9568461962180277,0.3292808409794873,0.1915766219611762,0.46967720606635144,0.23469749957457053,0.36268394238767093,0.21227621596341717,0.17951949850506815,0.10187765034220105,0.27567130075523083,0.40600876868789426,0.323079239777312,0.1707684205994453,0.17149498451467088,0.1978705166233442,0.18104417423870642,0.19057519579630477,0.41407102752495956,0.26778037571073854,0.1137092339407356,0.111675543620808,0.4734345927405975,0.17045940418787364,0.3966927058886212,0.3892165819020829,0.2112127349050325,0.6031353553684136,0.7852941087594292,0.5816870017253553,0.2902613152653169,0.18801994346253129,0.4077060237623099,0.2996730914036683,0.20258420803871224,0.11905939657407617,0.317364572104882,0.1619238318238786,0.18633760454174328,0.33808774457485136,0.29359417848759717,0.31167013579976705,0.22835940398443094,0.20280964393504258,0.6049520131585472,0.17023775634824864,0.3277257704563486,0.5075051672233422,0.3657437157996859,0.18945884950391545,0.21932436217951873,0.30048796724835036,0.33324247749776476,0.27666805437226977,0.41821286717859973,0.16089721944917967,0.0,0.12044570116742401,0.19671217433190535,0.4317633617719827,0.30438866458988023,0.40516563365781944,0.23634549365709012,0.2676733479394016,0.23762012044450284,0.18832765938478732,0.5905423521473878,0.4626586642395863,0.28249907832593796,0.2836555037206776,0.3309842348785545,0.3892165819020829,0.2991078123060591,0.30415480306527815,0.372096586581174,0.4679600754840078,0.0988785740414858,0.24768130645321892,0.3169396693237632,0.2242660618804677,0.19342632380203528,0.1378495227045877,0.2466599317051415,0.27054979194465295,0.18557017472940865,0.27098836205107957,0.34511864278303417,0.2891538547491815,0.14571329278767123,0.11318516855105029,0.12164129890253812,0.17710359736603729,0.420127288695162,0.3974294426722867,0.16137088357413376,0.25595719535057176,0.2833099978255873,0.32323055706185283,0.11855681635248913,0.46053871761507154,0.3982250561682681,0.5392036801212264,0.3819467801875557,0.2915183388454436,0.2022516275894162,0.2575346922930914,0.3081854359605206,0.1709319087297009,0.26547646194386154,0.11210943585345484,0.350677910792835,0.3814463454487143,0.40782208479720516,0.39070315253944604,0.12164129890253812,0.19924020596080724,0.24628213575533964,0.11905939657407617,0.2319418498740383,0.20118266113635638,0.18088026203557972,0.25720843768665363,0.2568880022630549,0.5591746778188632,0.4362388661941136,0.4483572838851022,0.6118012161868177,0.47647135591607104,0.3180509456548378,0.46148636045021973,0.27683915909858936,0.5021581724010482,0.2401406193262962,0.25373267109381215
ig_lora,GADD45G,0.20241400455833056,0.425142792843755,0.09935502506444677,0.24866516663092542,0.23676070523318257,0.3873001086125134,0.5138974173405041,0.46308215203042585,0.6122506242097295,0.6197142452852633,0.7375087502014611,0.30265368610405463,0.27710713174636686,0.4712231640544166,0.10342807943225131,0.20830120584524994,0.2070344738009407,0.5094012511747835,0.10634229454243335,0.45484272563344713,0.6161496628812309,0.7826091542277716,0.7547006255873916,0.38390244190371414,0.20733460860710456,0.2678015149912703,0.0,0.10592194236929915,0.47219018565020277,0.12881013859464246,0.10085389356108544,0.07634616829151634,0.42254698695682663,0.2055838797049844,0.34676062654778184,0.22381579003859678,0.22376383013018267,0.25127781388102455,0.6625018534208066,0.410357520031712,0.4517284683604464,0.1348958817625764,0.7613715910922374,0.2876386608639408,0.12928968380217162,0.5011323858607568,0.27254047642682094,0.14726612534676378,0.0,0.7973985500956964,0.20411734671223558,0.12421673706136264,0.400128848167007,0.18989084815534896,0.46226440947173264,0.288469020401748,0.4694135842118337,0.2240329099928139,0.18812912872424578,0.12715541973404706,0.447521765018115,0.6924866860378454,0.246550573437352,0.1373604525298161,0.13773845205947668,0.1390091297267165,0.1304049399877869,0.14280930212963794,0.5351171787906884,0.2727001346153548,0.133633834529736,0.12457855796970743,0.286237846705563,0.3191685494618675,0.34466809193805625,0.10592194236929915,0.15305558341720943,0.2479138105677888,0.36496098150757583,0.6922880388995507,0.4193826277324505,0.3088549731549211,0.5001037187607885,0.2435986898683844,0.23622099423845866,0.15563400074925254,0.24292070480564784,0.3178295288016907,0.27678910661840855,0.3007912365022319,0.18308639614345945,0.14089044172541737,0.6282904379111741,0.23213066959520184,0.13793855957310985,0.2411542143786367,0.09084667342873227,0.8576952202753747,0.5319583932954576,0.3535636128885644,0.33734381022254223,0.3238519302796742,0.3231382304957704,0.29064150048523324,0.6974465932571843,0.2319265538808975,0.0,0.15109168910091292,0.2957477160753995,0.6520436550356457,0.34412002601518704,0.6645213308987519,0.4653049760453933,0.3614765782425987,0.2811635246542221,0.24863198098707903,0.2528146887868437,0.7600067172087501,0.7571056398857147,0.668862626531539,0.5168166526086639,0.10592194236929915,0.33172072109571066,0.30461222079881417,0.327917690128714,0.882482046665124,0.15980422215215329,0.5902746404515707,0.4525734925122268,0.37878760410186063,0.15494465258461348,0.14310610889344116,0.2782039417254624,0.35119732998728137,0.26346767004686933,0.22573613531437853,0.4556281576624368,0.32429770245122114,0.16802919675952893,0.12694131873758865,0.15348288457114118,0.33279308226249493,0.3760003664700213,0.5936884481998415,0.1636570993587854,0.1881858407672156,0.21118339336445605,0.373958399857074,0.14252106895128414,0.7662664483061064,0.22907116878136904,0.7998472719907448,0.5328874473005983,0.39057409771015716,0.1943687268796012,0.27711354640196184,0.2578883059307942,0.1810087138084018,0.20467491323686066,0.1232642971632147,0.37103579662222064,0.5634742062693153,0.6173208063212723,0.23777119091240007,0.15348288457114118,0.20865074416551327,0.2805924917659527,0.15563400074925254,0.5352976663421665,0.1976422278568779,0.19383758410666477,0.7375087502014611,0.2620206943322507,0.7269631753929768,0.3404874362528518,0.5761214525554955,0.17865495306169105,0.10607358805303062,0.25393451807338996,0.9401907628831685,0.8282904379111742,0.9394788748601913,0.7547006255873916,0.7853630473889677
ig_lora,F13A1,0.7169714951975953,0.23488176869957203,0.7535836461779379,0.20884627778084142,0.14057534891621984,0.46886442938797696,0.3271711682060988,0.10032690053542923,0.2803328738586872,0.28074785374528716,0.09951867624484631,0.23648474554591106,0.09939730982515244,0.2518725115689943,0.680230106317269,0.1124072190588552,0.37379928130519496,0.2471927781130328,0.13226948929619098,0.24284569348254315,0.2133132314757776,0.23075413995612223,0.09501682487543026,0.21713428081378638,0.11106958935785549,0.10565838935322293,0.0,0.5840023084850776,0.29547898294051955,0.10358785092395806,0.5426004568477338,0.7656096225257331,0.11999958419900857,0.11149934905114325,0.20342853693311355,0.5584805190802663,0.09677491343879865,0.09772095932448249,0.36240985378187807,0.18420494056379788,0.2095494516353192,0.12500069225535484,0.10151551021203797,0.4754879639045556,0.08920677698475417,0.20784254290779192,0.10396966912716642,0.10845102728541504,0.0,0.29537801859810514,0.8826800429826652,0.9665707302696905,0.23294163379246918,0.13619790130883946,0.1918164642746057,0.13843186352873885,0.24621962995422908,0.11191517822338831,0.10933239668694872,0.09078631626639967,0.12070439148759869,0.2116980295805336,0.15240221605038998,0.10330199745840413,0.10323483874844096,0.10278861915843109,0.10437452952822275,0.10082835680358153,0.33013007799900096,0.20133954316796743,0.10277955493346119,0.09705913241062054,0.533380299460134,0.19072787629014284,0.1586249231775214,0.5840023084850776,0.11678485643946292,0.6317356546587081,0.8454118479959922,0.2762214438678053,0.2974193242164219,0.29366704923113096,0.30715907055140396,0.09744165974455639,0.09882936187279655,0.1057009000096297,0.16817797542159152,0.18076620326278978,0.09824337709090115,0.3195299139336789,0.30654926335900495,0.4553599308870631,0.11678463838066828,0.1379725899920317,0.7930698013249665,0.11974635165884118,0.3234037782120316,0.32581596874162183,0.33793033586113386,0.11360068731012507,0.13689082255867885,0.23167424782905174,0.20801096436637959,0.18631018360705548,0.2318567800819832,0.12433703866357913,0.0,0.10842305425942218,0.10119537009553498,0.28724878452017344,0.21663221735819624,0.2403769552043946,0.10634872272122949,0.17545024507858417,0.094352814574461,0.10753362062403955,0.6188329027446813,0.28304184872797566,0.10536377439071364,0.10570766355982587,0.20982028362555197,0.5840023084850776,0.2151668627801005,0.09979091208800525,0.1662850538834643,0.24587075502711087,0.06290690457357624,0.1461595759346831,0.18541192238967746,0.12372568164343055,0.12206608712613407,0.15162550016103526,0.11034444500226694,0.29981209321968005,0.09745186915925703,0.17616908682199456,0.2378607628331982,0.1824129465954319,0.10339681049421744,0.1364277109220432,0.10961865199453631,0.19863270295997576,0.36906461612863606,0.24879086761420666,0.09763226323045449,0.09041466918606415,0.20602900527379106,0.17027453147822483,0.10762713734521472,0.2859575053894832,0.10038305829090648,0.27119506610103533,0.2537248335131625,0.19001039752156446,0.0966644744979403,0.09799396409948351,0.12062817981053298,0.10106099180654185,0.08830705045662272,0.13137346693029248,0.21283010897895097,0.20457487065189764,0.24100886468106245,0.22109954001806953,0.10961865199453631,0.09182059088795456,0.09217779350135924,0.1057009000096297,0.10579004072059242,0.15300734147012432,0.10537782965113943,0.09951867624484631,0.17954428482660298,0.3066288817197305,0.16003987028549113,0.3935641982753688,0.5968267073538109,0.6434305501300666,0.09467284277543539,0.2185281175269359,0.10198212957749639,0.2800688519441513,0.09501682487543026,0.09759656735767697
