method,gene,A1BG,ACMSD,ADAMTS20,ALAS1,ANK2,ANXA1,ARHGAP27,ASH1L,BAG3,BAP1,BARX1,BCKDK,BICD1,BIN3,BMP4,BORCS7,BST1,CA8,CACNA1B,CAMK2D,CARS2,CCDC62,CCDC82,CCNT2,CD38,CERS6,CFAP20DC,CLEC19A,CNKSR3,CNNM2,COL13A1,COL5A2,COQ7,CRHR1,CTNND1,CTSB,CYP17A1,CYP1B1,DCUN1D1,DDRGK1,DGKQ,DLG2,DMRT2,DNAH1,DPH6,DYRK1A,ELOVL7,FAM171A1,FAM200B,FAM47E,FGF10,FGF20,FNDC3B,FYN,GAK,GALC,GCH1,GPNMB,GPR65,GPRIN3,H2BC13,HASPIN,HIP1R,HLA-DQA1,HLA-DQB1,HLA-DRA,HLA-DRB1,HLA-DRB5,HSD17B1,HYCC1,IGSF11,IGSF9B,IL1R2,INO80C,INPP5F,ISM1,ITGA8,ITIH3,ITIH4,ITPKB,KANSL1,KAT8,KLHL7,LAMP3,LDLRAD4,LRRC37A3,LRRK2,LSM7,MANEA,MAPT,MCCC1,MDGA2,MED12L,MICU3,MMRN1,MRPS30,MUC12,MYLK2,NAA11,NCKIPSD,NDUFAF2,NGEF,NISCH,NSF,NUCKS1,NUP42,OGFOD2,OR9Q1,PAQR3,PARP9,PDE10A,PDLIM2,PHF7,PKP2,PLEKHM1,PLEKHN1,PM20D1,PRAG1,PRDM15,PRDM2,PRICKLE1,PRSS53,PTPDC1,RAB25,RAB29,RAI1,REDIC1,RERE,RIT2,SATB1,SCARB2,SCN3A,SEMA5A,SETD1A,SFXN2,SH3GL2,SIPA1L2,SLC2A13,SLC39A8,SLC41A1,SLC45A3,SMARCA2,SNCA,SORBS3,SPPL2B,SPPL2C,SPTSSB,SREBF1,STAB1,STAP1,STBD1,STH,STK39,STX1B,SV2C,SYT10,SYT11,SYT17,SYT4,TAS1R2,TBC1D5,TEKT4,TIAL1,TLR9,TMC3,TMEM163,TMEM175,TMEM229B,TOX3,TPM1,TRPM2,TSHZ2,UNC13B,USP25,VPS13C,WDR41,WNT3,WNT9A,ZDHHC2,ZFP64,ZNF184,ZNF396,ZNF608,ZNF646
attention_zero_shot,NR4A3,0.0,0.6605798716911451,0.2605230017727012,0.7642170369318424,0.7116821451295049,0.6835960503656446,0.38001005741214566,0.4505472666874568,0.8455390700962955,0.6692022104032803,0.5312059930888102,0.591032800488246,0.6783672421855635,0.7182977004756006,0.6553022165770835,0.682903427903544,0.19641076141541408,0.7745497861295072,0.639225374339086,0.7320984044008519,0.2505040235726659,0.7052157029552849,0.0,0.7542895656803926,0.47105308891267245,0.6940466831049527,0.0,0.6815785779967252,0.7194914939146735,0.11385086177987808,0.6626913490913906,0.5080727833970393,0.6841784422652653,0.6623197111549195,0.7532928297043803,0.6223877881532601,0.3108995515407614,0.5464297555812828,0.7964328996649653,0.6986247067941543,0.6108279936005967,0.7535069422488393,0.8996444383495047,0.5017792154363667,0.22778093404648858,0.6668183473267256,0.6756302411128073,0.6874333789334933,0.0,0.6888453589362619,0.6162213231209235,0.4847355762601323,0.8222935874922794,0.7541555464852667,0.6518870836908532,0.18696384486143305,0.6757940559608805,0.6583261136084313,0.16339656854150109,0.0,0.7360291595031989,0.6018550503879911,0.6661668367483393,0.6797455085691071,0.6892152557326285,0.6452667621348936,0.6358497716823406,0.6737291511290242,0.5775460842890306,0.7082711536712605,0.679661432632616,0.0,0.6679775803282725,0.7002785825389662,0.6186449358990002,0.0,0.2772726911922328,0.6499507255024638,0.6499507255024638,0.6513205546884888,0.8122032993898441,0.58397350591585,0.7079542484369353,0.0,0.6958163273823641,0.0,0.8314902596553733,0.8029146299288445,0.19009161716568843,0.8554618094731914,0.6487205097770452,0.0,0.7197043391919355,0.41773947542522194,0.6920516552034316,0.35151560645231295,0.0,0.638612315642601,0.6693538044544498,0.7852778341623816,0.7281768348752532,0.6877874954434835,0.6972757168415233,0.7006369223498443,0.7350866258075295,0.7387527659928933,0.7050354900029684,0.4374009495740666,0.6545556621593827,0.6633264927882264,0.25249446928151825,0.7094221682626415,0.7314150574162479,0.8292035301480916,0.7843759358250152,0.7971739208232578,0.24449013407987166,0.6843519921023503,0.5560414317645674,0.8538399683380531,0.7695813739381118,0.646261115996593,0.671788712086412,0.6671846694955469,0.6554282709835124,0.7304699197812691,0.7476131582177299,0.7927092742950934,0.6170484873931221,0.8737900480939179,0.7006799230957318,0.08118769144963703,0.3992714071137014,0.7146706442792106,0.6876339011538698,0.7871331474625265,0.6760536997027874,0.6605979853132488,0.08745169938213082,0.719480743708481,0.1929963446336981,0.755792639419441,0.8711897352439558,0.8857473557422362,0.7035183274345561,0.6490420905792028,0.6568625876399549,0.9304677506735723,0.6612792613891606,0.7049945633883625,0.7226302540148537,0.742592194415818,0.5727384292576136,0.781055151535909,0.6768947372473106,0.5565721848759086,0.7246949598836707,0.8088974195252617,0.7169148158750334,0.16047377930138187,0.7724167834925871,0.8817315487856461,0.7821901555031001,0.4407144009351243,0.06064260899722342,0.7524420778633071,0.5935059805463554,0.801093968412223,0.7546752956327668,0.7759191740244133,0.21095132174035597,0.8840013940171638,0.7134707922508334,0.6929914776780596,0.0,0.67102556822215,0.6576733033341541,0.6640803916630689,0.3276011094483271,0.825860118202002,0.5824351546908834,0.9078425102780319,0.2559735472496607,0.8965386525213846
attention_zero_shot,PLA2G4A,0.0,0.44151832394004487,0.4498917442764017,0.4857492369151633,0.30215841630081725,0.5422288301613489,0.13736464953378544,0.3350916109840867,0.49086326807918573,0.4121040792408799,0.17190611083328985,0.34330229719152305,0.24750427616162737,0.3434216074490047,0.2586396916350479,0.1775476014199073,0.3128890964301386,0.45150857488707963,0.32547860364269393,0.42360753044413507,0.323338010371724,0.17615877244984196,0.0,0.319268235598341,0.3636801872464881,0.34938904204755716,0.0,0.19177575083391843,0.27791373647549916,0.12376426487517467,0.2113104775488861,0.28629965769885507,0.4131630763691515,0.20719535038377188,0.37284294852432376,0.4123826634116306,0.3322980621950996,0.38301427802102256,0.4183103393789142,0.27835998204684126,0.35705542058441425,0.32287209179564397,0.31561470682415493,0.23442809253560606,0.24378147034653982,0.39964036047610496,0.41496493782386207,0.19177575083391843,0.0,0.21584997875120865,0.19492932162478088,0.1593890745628385,0.43800651162961696,0.47861389078581984,0.33092305996758203,0.286375667836886,0.4311658309729365,0.21178868881895888,0.09742178953425594,0.0,0.21833518901487456,0.29458585629709744,0.39194380347771585,0.220972690226482,0.2265087794152427,0.23689233435868912,0.236598233737362,0.2069808837893083,0.29977415887032777,0.25036224842102295,0.1949241785809303,0.0,0.19150186656879106,0.22912464304569757,0.3531099215014795,0.0,0.295096685307124,0.1655437273778977,0.1655437273778977,0.33929323401810224,0.4236045569890372,0.3811725160578169,0.2436072134242081,0.0,0.24845876632808012,0.0,0.5216928380430768,0.4180606348265481,0.2763457979751078,0.47267824858296,0.3832373725705204,0.0,0.23461412405491763,0.3252729851854939,0.3402295475942609,0.16296739018102901,0.0,0.33764863436842135,0.38296460761566403,0.4087990947192903,0.3083771704219119,0.26257631080954047,0.2890928378113904,0.4447569058856275,0.21284369425504654,0.3639204546741742,0.4221853112801998,0.17300445460700797,0.17604873912649385,0.32899807960346283,0.4265974654970577,0.3286414523937596,0.4213318737395935,0.4303380780340868,0.435240848812145,0.5134941256871828,0.47648519308372556,0.2538889270871135,0.36158559414181235,0.35455629947203837,0.4214699078686708,0.3416096123478812,0.3692152962399058,0.38200959311537724,0.3168582580155956,0.3452855087781604,0.2507643405261926,0.3690798238275223,0.3595914750880147,0.25066448708832767,0.35845801662396026,0.06383031817110908,0.1607497854005276,0.36781781997617213,0.22894690113700064,0.4376986494921557,0.21690666370084646,0.21376379870227585,0.06723304586653865,0.3526369913444733,0.09977884514640131,0.4144133381992161,0.5480430454710803,0.5146758310069769,0.3914529249175065,0.33549247151858314,0.21867902164708558,0.2736764995456848,0.3640060094257098,0.32306903645895224,0.3301420314391492,0.32758990433129714,0.30149685081418576,0.3698960473545197,0.18046992833533165,0.4749013769290624,0.43149425379918005,0.47798675872786905,0.48866285822644145,0.09464236324056224,0.40607606936943585,0.5099329807861113,0.3771972035922478,0.15422125507885212,0.052562944835266,0.34806661577434683,0.16476324510497536,0.4227254224816349,0.2124249627970673,0.3980567088222483,0.2502973554866306,0.42571338259341407,0.4645461626790744,0.43626696402020254,0.0,0.18564519873657717,0.2199588271025273,0.18328318967447116,0.3214282366350031,0.4438602471384507,0.3162542263080201,0.3636534913824136,0.2943379932605833,0.36238518446706025
attention_zero_shot,CR1,0.0,0.4340612456610599,0.17389772341333473,0.8043449621091276,0.6753068743426941,0.5697835728650358,0.3379029116556311,0.22886337359878725,0.9079367154793642,0.6023488009485858,0.2864476167179379,0.42878694671224404,0.5776048385099812,0.7802266872013974,0.6020357320369103,0.6542937656601244,0.17271674322981725,0.7921895780659689,0.43837713721526383,0.7356478816635906,0.17278660498006826,0.5511839117065421,0.0,0.7148518624648987,0.3539305656847252,0.5649074330527106,0.0,0.649713063429132,0.795719043344619,0.10288978278529774,0.5875012479591384,0.37815846141247633,0.586445937532098,0.6931589970295711,0.8071935263349611,0.5369150282627978,0.1983194621901746,0.3092744805374799,0.8904006831733313,0.686725793335649,0.3563277442518618,0.7645303410947867,0.5026160298078061,0.4442544554877186,0.19204525937968064,0.6311475910581216,0.6520173905235433,0.6789870681129726,0.0,0.6865408017990707,0.474630858397089,0.4085205059821247,0.9182761073684793,0.7531481723572708,0.568241049359443,0.14418877365641344,0.4445324947957472,0.5788599677133965,0.4077916148334715,0.0,0.6099130209453202,0.42361039817620794,0.5475652099162636,0.7453735303799482,0.7439401029488927,0.6121665475344417,0.6317673653444621,0.6216300270974029,0.34695219282164813,0.763464155451664,0.6450690986115899,0.0,0.7237764792521294,0.7356364090342128,0.40930300675036535,0.0,0.2832309838298425,0.5195226699951141,0.5195226699951141,0.5837485718526766,0.9115027358250283,0.3687326853989847,0.706864496177751,0.0,0.7117798165482493,0.0,0.8394149642030991,0.8776893762155527,0.14954654764748984,0.8291298175472779,0.48893300660564143,0.0,0.6841030311542962,0.3048496106313196,0.5759360273578202,0.30883937603991474,0.0,0.5567499455652966,0.6410861913966067,0.888374779187967,0.811383957231071,0.6841423907424523,0.6657178290251392,0.5871984621090214,0.5602322102404103,0.5684312541532465,0.5951260010620991,0.5219715582692831,0.5392968097571774,0.5094604227752705,0.1562275763179867,0.6113951094205763,0.6395607040290378,0.8635771107871424,0.8202752439583678,0.8528792300225481,0.19074017917636904,0.6602681823802754,0.2649540443788354,0.38584773992409643,0.7826507409670245,0.5116002784436091,0.624438726613848,0.6038234101929059,0.5491608840411417,0.6180848934115315,0.7180209180054904,0.6294984856637998,0.47314021715635146,0.5652925455912874,0.6456082616384312,0.0729193530931,0.4164558367373668,0.6789623803933533,0.6820013165672273,0.8866438739857031,0.6382781802824461,0.5498228820862195,0.07306791561518228,0.7511110092917269,0.1547306934296077,0.6587049082913391,0.8613600575067079,0.9610030704669095,0.653464163088648,0.4825330415367352,0.5424742961446145,0.524391394187469,0.49643037186631944,0.629988511017159,0.7501620646887863,0.8450282397786765,0.3951021733647622,0.8280722705523774,0.6262938596820593,0.44114109816040853,0.6880255962573464,0.9071876830789638,0.6572644644421531,0.3878107038494345,0.8567953708348045,0.9651613872370669,0.782262139768288,0.3899876685535065,0.060671548026128494,0.7056128264105195,0.3987006969704046,0.9167744250663262,0.5919770075627745,0.8385237051814857,0.11433427729637084,0.7577199836624041,0.5680968414222923,0.682362058907035,0.0,0.6062077087644923,0.5862807999321424,0.5801971188024181,0.23245703879858773,0.8241225788907526,0.27182064906258335,0.6163263615574518,0.18752371509105883,0.6345864693263001
attention_zero_shot,CEBPD,0.0,0.4108256293270407,0.18055050587215965,0.7841945580810965,0.6328337020285489,0.540987051465496,0.2888201512062207,0.3097319472239578,0.8861478306211009,0.5997200651908715,0.7630041349870164,0.41102788948869584,0.5357234796321685,0.6989093271027413,0.5622824786896932,0.5492285681405703,0.17651164650078618,0.732174400917569,0.41518883969733034,0.7265203961828792,0.17840434606506553,0.5420858122757618,0.0,0.6776153052311069,0.35231135370447453,0.5982129442561146,0.0,0.5513830611029734,0.6994857120937136,0.09878113714474832,0.5252128092852567,0.35020080408064436,0.5394176219347694,0.46090356076335015,0.7614060718741653,0.5102970717655458,0.2066293682482006,0.30614094978769213,0.8424052434402375,0.6296887462876045,0.34813706163327685,0.7019058171838819,0.9168567079923571,0.39952682605697637,0.19444676225191693,0.6310598861211171,0.6025491884269889,0.5729533803436982,0.0,0.5932494956151295,0.4454291225430656,0.370410274607974,0.8855750264776403,0.7479384649504736,0.5317632223265363,0.15250971617062764,0.4440361809829673,0.5227857245423472,0.12491717741081537,0.0,0.6912815001667486,0.4036710274212784,0.543329001697731,0.5303807082175558,0.5628838745211067,0.47570731696202556,0.4605039778775715,0.5430911697092953,0.344731118717866,0.6619214261054277,0.5572095643206708,0.0,0.4931697347738686,0.6311870102968302,0.392911641909228,0.0,0.20916686454968866,0.46419003013025395,0.46419003013025395,0.5471188674166114,0.8594171881827908,0.3793610129222775,0.6525864867874771,0.0,0.6310907865559309,0.0,0.8476684612287827,0.8553586553527803,0.1577972577612141,0.8632238264973596,0.4601662563332209,0.0,0.6634149473935357,0.2714874800335699,0.5045367481273225,0.3592541247202163,0.0,0.5262400661114306,0.600527620640287,0.8346628735214551,0.7250412309985966,0.6203793694685894,0.6098632254733688,0.5560845213570923,0.676412546255838,0.5514409405528604,0.5419481766500376,0.3311516168243733,0.4794700472191211,0.5096667461211045,0.16545827262257973,0.5384959670660444,0.5638311937291819,0.8586267903413921,0.7505039376290552,0.8181310266832216,0.19438538024893784,0.6165420838251336,0.625272459135016,0.7441481329802455,0.7102805000559824,0.46039566456233094,0.5574426358399791,0.5569999308210235,0.5132264327975349,0.536650169882531,0.7380549312752365,0.6920217050526163,0.44910592903847074,0.9308035653267025,0.5592002118292257,0.07272393832755708,0.35289196515965937,0.674855522560178,0.5974300119885819,0.8577972853904808,0.5658343551439028,0.507047284039893,0.07436365514570413,0.7101582545760375,0.16293059490987902,0.7518854853747601,0.8897396900986616,0.9383228050405128,0.6267130959254623,0.46267521300857917,0.4790420957744039,0.9229305013945677,0.45707835092407123,0.5888339230604812,0.692768002091357,0.761356300780302,0.3848398355393284,0.7739533278109413,0.5341268057103936,0.4278138137342698,0.6528273238783776,0.8639596948262765,0.5937302294667491,0.12110833397130918,0.8084006778143816,0.9394486136308229,0.8104211034288696,0.4119520526478087,0.05916576274619931,0.6315518312690039,0.38011862994302964,0.8624765123140723,0.6917568554052753,0.8061873881632702,0.1182572484607062,0.8817150240957946,0.5209939725783306,0.6515815282769363,0.0,0.5276008863419298,0.5345771757084069,0.5110748314813525,0.23215243718041154,0.8179922328004111,0.6627029699817855,0.8782957459337577,0.17610927905270643,0.8788034283107172
attention_zero_shot,ITGA4,0.0,0.6626620089773393,0.2676290427437127,0.8288146274349156,0.747004447431827,0.7314400960844724,0.4234690637912632,0.3873294890702112,0.9140127395276734,0.6820071592139418,0.35606690430179677,0.584482852905666,0.6979668592599014,0.8394941661084856,0.703126945846342,0.8085423534568996,0.2111053276342146,0.8719620225021905,0.6572242994480937,0.7710462309798175,0.26585663978614454,0.7344841700694621,0.0,0.7768625716692278,0.4930049536671605,0.7029502488434646,0.0,0.8010120631454972,0.8551131323457619,0.1260383879060232,0.7395254829255525,0.5517867989439157,0.7458767542391886,0.7609665687236936,0.8614940578995293,0.6403146407554514,0.29983627060600576,0.491364417331878,0.9009055033842989,0.7700405768829716,0.5437139640508729,0.8198236536590718,0.705440373164538,0.5638335528419004,0.2445811261161597,0.6741301414088715,0.7427071006351772,0.8151443412687307,0.0,0.806392517931118,0.6362373469820558,0.5389449509049082,0.9229413714293154,0.7741872912056147,0.694311731266449,0.190596686019474,0.6280819018822515,0.7730377777393611,0.26311569417283326,0.0,0.7565210100344899,0.6039096253669871,0.6713249218143003,0.7890531113262201,0.8071077216348135,0.7497075856063146,0.7261665968372251,0.7911167225868538,0.5342336586201699,0.8423289969645056,0.7912120325052047,0.0,0.7561146056943788,0.8324745592747872,0.6142727975697523,0.0,0.3668836312657749,0.717664135410266,0.717664135410266,0.6921792220025892,0.9179932415410303,0.506132593777225,0.8049311489706762,0.0,0.8052033218181908,0.0,0.8492782791991218,0.8911341859374732,0.19758938021119027,0.8422345376223048,0.6742365136677192,0.0,0.7947265018942141,0.45786463529456,0.7893001764875427,0.378880044592382,0.0,0.6672482602756692,0.723214810892288,0.9007431504295944,0.8603069201608146,0.7804729171112774,0.8492823471203196,0.7079438482170792,0.7239431756577079,0.8002017550670791,0.7808784600423835,0.519399127292413,0.7281691471588622,0.642623581757373,0.25486027176543974,0.8077977621502042,0.8312481353723823,0.885742192572512,0.8979620718508935,0.8828390493616098,0.2657555542654726,0.7811065883090594,0.3882546374961153,0.6254396548567797,0.8807453188998664,0.7073385440968648,0.7568494500583994,0.7288531007716046,0.6943347075713208,0.8387142426030252,0.814108151523468,0.7921400939845872,0.6344853269834997,0.6882051273161192,0.724293047436193,0.08321715039593645,0.47077590398721286,0.7436989580541938,0.7968056458232027,0.8989042980066742,0.7685408728245856,0.6899663037985595,0.08588116152518617,0.7932683887598986,0.20478462632540914,0.7278576460443833,0.8862477259404515,0.9592535107539152,0.736760403413299,0.6602567590964316,0.7359017961782389,0.6171855975223836,0.7099510040131435,0.7241089909325021,0.8084978574397342,0.878163315836209,0.5217583822881281,0.8590094181291957,0.7897062406469104,0.6218641239129346,0.8065107126468168,0.9135196312359171,0.8167952841970131,0.252519131428126,0.8759420709697521,0.962772124283286,0.8197533092477762,0.4603825973672239,0.06462979097030462,0.841147116285471,0.5900779473800583,0.92230704198251,0.7464979437324791,0.8599609248485744,0.21677978555822208,0.8455900479433895,0.7675435775251026,0.7336506912702725,0.0,0.7687964607562402,0.7263172513046886,0.7562731586849007,0.3149212372777051,0.8948573815841108,0.4180571659475258,0.7593656907813582,0.28805194461444183,0.8080597900161626
attention_zero_shot,MX2,0.0,0.4003690845224773,0.23404428281181597,0.7991849723087152,0.6230462354482179,0.5413731746360808,0.26053627598409435,0.23153349647116425,0.8918304796550238,0.5927858520765995,0.2393320000117291,0.5163138110762813,0.5090042816574549,0.6935008019934111,0.5428806592806663,0.4808419952441519,0.19669943976828752,0.753800563585408,0.4980579250186994,0.767899830371231,0.3919901571098218,0.418544322564916,0.0,0.6584800370797077,0.3213637006135022,0.49526078588721845,0.0,0.48865070518572884,0.6932248153715442,0.28834791187451975,0.4810221169978992,0.32226856012976024,0.5351028355427393,0.4150190612964695,0.7646487524593453,0.5280104188251179,0.20723768322724462,0.28093000680615426,0.8521824964715069,0.6139879541289508,0.4075931448129278,0.7032886409763899,0.43443392062043856,0.5719353826066272,0.3779542137621426,0.6616792727630932,0.5937272731819095,0.5179247098695696,0.0,0.5539012126574446,0.40119697497554474,0.3307983827173546,0.8819071877651302,0.7693140591564329,0.6432698969662449,0.19296370542021882,0.6759641852008874,0.48272097406854225,0.11363382845724104,0.0,0.4912354938186021,0.5422519257041916,0.5450419423902967,0.48568685606898704,0.5218464287335688,0.4308276132639483,0.42012069306034633,0.48899043795577685,0.356487696716305,0.644786628324946,0.5041395351486122,0.0,0.43748784836972815,0.6029968198925867,0.381974544886407,0.0,0.22467989817994358,0.386883080853488,0.386883080853488,0.6433822814331136,0.8712371462641776,0.3568405385553957,0.5994895906821489,0.0,0.6092855885751746,0.0,0.8778341899568557,0.8381302005066467,0.19142507622166782,0.855532931815472,0.577775048600154,0.0,0.5713593803839141,0.2738976098989118,0.45796390073312365,0.24489675336720285,0.0,0.6255323219622408,0.595254639838684,0.8481138991156054,0.7246580720230847,0.6006285753569841,0.597580172017526,0.7430581818426163,0.44748855947002814,0.4933023883190547,0.5669120554245523,0.2705593168695685,0.4066572206155513,0.5073914479769203,0.3782377690054457,0.5284277888924845,0.564975944931039,0.8325672033964789,0.7715875373991781,0.8418557959331449,0.24634562560963602,0.5523429592996267,0.26400348092831477,0.34286066491745804,0.7274713401999428,0.4308948350264478,0.5503771384177137,0.9325694188569392,0.9239094520531995,0.5146235169732534,0.6052772672351082,0.5658299463171672,0.8860866681908757,0.49255470638458926,0.5528241023732279,0.0630873382788352,0.347446792308564,0.6389489324635445,0.5633237894405092,0.8440991001100873,0.5255345295120639,0.4663090667007513,0.06510950618377238,0.7085662354161111,0.12410722200182638,0.7160529007712872,0.8642824461908795,0.9464371988064416,0.6220668659794324,0.4321733789756354,0.41825764297959345,0.4695540725309532,0.4399575057320413,0.5706497474538,0.6854842578454028,0.767273997868068,0.44237136681952055,0.779053291956559,0.46523150143865627,0.40507746922301746,0.6526272445327825,0.8740277857935573,0.5915546708871715,0.10895933878148344,0.8157976796455747,0.9476817514587129,0.7362443231273157,0.25011205949110793,0.05272144518696588,0.6245275984173968,0.32039121457793185,0.8750175173735921,0.47329948043605646,0.8030395396939806,0.16613895745497764,0.715274290764649,0.5068055286452614,0.672281415927149,0.0,0.46527814530151457,0.4960858793158367,0.44755752966079204,0.19577188852010513,0.7805598940746354,0.2610426503678818,0.566163269951014,0.2112963134466824,0.5626133378909762
attention_zero_shot,GFRA1,0.0,0.30850785578985707,0.15907849062243976,0.7724247923064007,0.6046955635639492,0.5161831668119395,0.22357744756675485,0.16936285572488857,0.8915052693817554,0.5373835580560874,0.23297434352101837,0.33432888770057434,0.4774900627151724,0.6678262437246557,0.5195734542405194,0.3861595396124565,0.16335092863835224,0.7179205541295062,0.31761607495047567,0.7016629029499636,0.15468184480740932,0.340804165411108,0.0,0.6404213284408251,0.24657204326058338,0.4345637183969116,0.0,0.40315990584693756,0.6623877467868511,0.0867913123177202,0.4162200522965651,0.2679950470374469,0.46778547050208263,0.6505030361714622,0.7736075206135863,0.46159840103608263,0.170491206974709,0.2301545879990096,0.8469399349014377,0.5872563991572594,0.2763945848322508,0.6847529788149704,0.3611885533630676,0.32676418000485496,0.1690396096287224,0.6014865134766527,0.5567261248203978,0.4373129113114185,0.0,0.49420864084930705,0.36787532322464345,0.35492088323335064,0.8779175773166853,0.7547131970047317,0.47128296659997937,0.13350666382074788,0.3688785953847992,0.5105483407650098,0.46446414439828904,0.0,0.43119314000685216,0.3099156241264686,0.482313320163414,0.6410506720103468,0.6460825327304399,0.5469340374501829,0.5699981252550295,0.42447875162959725,0.24245891165137654,0.6028091138668836,0.4571768967347559,0.0,0.7083364973734607,0.5498503290491347,0.2529640065529169,0.0,0.5079833052920408,0.30492142480482287,0.30492142480482287,0.4954466611629839,0.866409059043648,0.3100560412815409,0.5571626527309566,0.0,0.5700545973108444,0.0,0.8326497145878471,0.8321860077534892,0.1377417650999904,0.8149271943566784,0.37959307311786433,0.0,0.5235553669578515,0.21514624567940513,0.3540651728486091,0.23681753223127489,0.0,0.47612009616237344,0.5627732536320966,0.8391672023545331,0.7033813652307176,0.5837248233230322,0.5994668947837918,0.5202420447460506,0.3859211214979783,0.40415749049334626,0.4617428699438209,0.5031036282908952,0.3273321165351613,0.4141915059430924,0.14183436653482773,0.4216904969828611,0.4643287858063012,0.8327546047670018,0.7384779461481221,0.8192962621567651,0.17752498979147732,0.49707220165338406,0.21961914966331936,0.26133457785279635,0.6880247180907182,0.30942131213377294,0.46606048637085334,0.4948799388550921,0.4479090572035499,0.402235305481422,0.5612419079036228,0.5045373587255916,0.3868918779605366,0.4574484446719074,0.594392383084924,0.07082202145887294,0.37673163855992997,0.6130501245511286,0.5117624115842778,0.8379227706548562,0.4726388659891292,0.42348615193933326,0.07073354408408541,0.6970748916591555,0.14136053237721685,0.5961377976261918,0.8527631867846581,0.9447804463216958,0.5691460004695823,0.3381186514826993,0.31582319431923117,0.48098486304743737,0.34553927339856055,0.5633825118188075,0.6701057454498565,0.7499168494717415,0.32710492491152554,0.7854561892774445,0.37583750147535294,0.3340487243280498,0.5850965667812783,0.8701620974473476,0.5292846779656187,0.4543980195949261,0.809896490694839,0.9468327160294253,0.7249527836340748,0.48509660398731186,0.05998595874368696,0.5762110825458123,0.26559828835872046,0.8701491333795581,0.41114700740283056,0.7937838153989184,0.0904433341809377,0.6835950093240315,0.4380189107972918,0.6333223995844838,0.0,0.38866138017052,0.5047691146102727,0.4328937436056099,0.17683163792059467,0.7516276105556667,0.20671092108667277,0.5187324488242359,0.13800368500863788,0.4922583226981098
attention_zero_shot,ANKRD22,0.0,0.0,0.0,0.0,0.0,0.0,0.0,0.0,0.0,0.0,0.0,0.0,0.0,0.0,0.0,0.0,0.0,0.0,0.0,0.0,0.0,0.0,0.0,0.0,0.0,0.0,0.0,0.0,0.0,0.0,0.0,0.0,0.0,0.0,0.0,0.0,0.0,0.0,0.0,0.0,0.0,0.0,0.0,0.0,0.0,0.0,0.0,0.0,0.0,0.0,0.0,0.0,0.0,0.0,0.0,0.0,0.0,0.0,0.0,0.0,0.0,0.0,0.0,0.0,0.0,0.0,0.0,0.0,0.0,0.0,0.0,0.0,0.0,0.0,0.0,0.0,0.0,0.0,0.0,0.0,0.0,0.0,0.0,0.0,0.0,0.0,0.0,0.0,0.0,0.0,0.0,0.0,0.0,0.0,0.0,0.0,0.0,0.0,0.0,0.0,0.0,0.0,0.0,0.0,0.0,0.0,0.0,0.0,0.0,0.0,0.0,0.0,0.0,0.0,0.0,0.0,0.0,0.0,0.0,0.0,0.0,0.0,0.0,0.0,0.0,0.0,0.0,0.0,0.0,0.0,0.0,0.0,0.0,0.0,0.0,0.0,0.0,0.0,0.0,0.0,0.0,0.0,0.0,0.0,0.0,0.0,0.0,0.0,0.0,0.0,0.0,0.0,0.0,0.0,0.0,0.0,0.0,0.0,0.0,0.0,0.0,0.0,0.0,0.0,0.0,0.0,0.0,0.0,0.0,0.0,0.0,0.0,0.0,0.0,0.0,0.0,0.0,0.0,0.0,0.0,0.0,0.0,0.0,0.0
attention_zero_shot,CD69,0.0,0.6021440156976398,0.2201357557997586,0.8477699724495539,0.7602849703855614,0.6619016516181652,0.410638735241166,0.3386332225704149,0.9238532286446046,0.6871479656019707,0.36420072456120256,0.5658349998130087,0.7054400705932625,0.8765164836340906,0.7100638668521762,0.8569480139830778,0.23103573711627087,0.8612657774390859,0.5965716948944065,0.7924565782717521,0.21506530021951376,0.7564548124637477,0.0,0.7936798338738226,0.5010066982667989,0.7138836019710282,0.0,0.8820792890553821,0.8998636097881545,0.11569953700603955,0.7613159288580348,0.5039094740918989,0.7235606404034143,0.8478654495876866,0.8701085554984098,0.6412027509234455,0.2597628594158986,0.44630138070765474,0.925727308168501,0.7914392098908041,0.4880301930902047,0.8449937325971861,0.687027120813066,0.5463330425945426,0.2396653324761559,0.6814511429991339,0.7593541105493647,0.8634503769838471,0.0,0.8472138533596183,0.6310566651335849,0.520665798146727,0.9489029713844104,0.7731817008075619,0.6988392613926523,0.20304048475970016,0.5783323327257553,0.7416520426991074,0.3841631016178488,0.0,0.7821492017966563,0.579393630197741,0.6556535389896356,0.8332605299647351,0.8453528812953568,0.7296280370508033,0.7250400046257073,0.8023119920287547,0.5179555505105486,0.8887373442090606,0.8254664549103524,0.0,0.8141543939795557,0.8798363317457855,0.6127028413544081,0.0,0.3242418544571852,0.7340582010584888,0.7340582010584888,0.69342691681846,0.9458475397853845,0.4661873383320558,0.86532933703598,0.0,0.83830817680415,0.0,0.8632232614715367,0.9156674428361465,0.21174596571831755,0.8619775170735587,0.6320077226770549,0.0,0.8299042467819387,0.37453124388076287,0.7826770499483073,0.3926333818768759,0.0,0.6621403397814086,0.7345749829008117,0.9280929642972884,0.8995903596491431,0.8003371086104415,0.8341562394267354,0.6800455759606382,0.7400110993261054,0.7406310396482982,0.7484767231270498,0.6100227771036928,0.7497722271745514,0.6376046780059483,0.20862727167347803,0.7882769734474381,0.8030123861889019,0.8993906067872027,0.8899868484439886,0.8838915032769973,0.23563723826869026,0.8408854926456442,0.33674051140551897,0.5600496852199228,0.8676213570808882,0.7224025382662348,0.7818659607597277,0.7282050434594656,0.673972282228967,0.8074769847769802,0.8518038464347438,0.7627582845912059,0.6047864141197299,0.6956807109676804,0.7468806953025923,0.0848788901846005,0.4623838058946573,0.7556024930446091,0.8338253074661363,0.9485579773731518,0.7957015500115138,0.6976324758812822,0.08720940033264579,0.8110111817441152,0.22077280542316438,0.7362936806725021,0.90085822913682,0.9729618788228405,0.7671900313384572,0.6829075475429549,0.7577718989068756,0.6155314577514831,0.679085060172658,0.7293857705318988,0.8797909421153406,0.9188083322606657,0.5046104477853631,0.8818549701871253,0.8317179584589757,0.5621995997458146,0.8151646961397956,0.9367942084195685,0.7860366364112573,0.36624822388203193,0.8988861646410194,0.9780723233112748,0.8394124811398044,0.4736485057700031,0.06692723119549371,0.825774911684859,0.5749303695018178,0.9515469079620102,0.7760777740898392,0.8923129900079836,0.14592541896355787,0.8317515569237498,0.7135472710894888,0.7433271359352452,0.0,0.8004114885963514,0.7333248514322868,0.7751197204367845,0.3150840231775287,0.8871032029980787,0.3468639384008646,0.7380915635316775,0.2168881605826857,0.7777792055105693
attention_zero_shot,ST8SIA4,0.0,0.30735602918566435,0.3071474234818384,0.3215559932276689,0.21454132063551468,0.21994528187619808,0.11972991362991096,0.35574968947681623,0.25551374885519323,0.26331870761915277,0.1699167173966806,0.4235855355246249,0.19613526226606387,0.21450676318064313,0.18712127068922438,0.1598767343459999,0.45073682693227124,0.25698701976837823,0.1647379250695412,0.31329646360025687,0.28429137404507315,0.15519219910785753,0.0,0.2070523433233961,0.44610234483819367,0.41108304558271314,0.0,0.16843901944845882,0.20758089420255685,0.11459784013140259,0.19939666675316933,0.1880195397226629,0.3121328318495195,0.16663880743425535,0.22952808164480248,0.286280935286133,0.28289525713865377,0.34715783906862874,0.24476123870124503,0.19996737010205637,0.3708053235978624,0.23367142046433426,0.1828929002890259,0.2320952665975627,0.3103807972235729,0.3162603045508021,0.4030211668864033,0.16843901944845882,0.0,0.18109092569928004,0.1579335969187816,0.1468337062768405,0.24903676411853723,0.2882870196771243,0.4024566174369606,0.2643476952626201,0.2772896423424735,0.1947514353049781,0.12244483196078601,0.0,0.1897243849355925,0.41266891182999593,0.24426159360408523,0.1795187015018535,0.18535318277329388,0.1920334207219056,0.18910830148486746,0.1784529038695926,0.26970136141546536,0.1969799697899886,0.16615517321793252,0.0,0.15522448766944116,0.18770416092899145,0.248647862532237,0.0,0.18164379950263682,0.14028670303045748,0.14028670303045748,0.3734456206766339,0.2455285450011058,0.2943838783899324,0.19259113511056822,0.0,0.19320607777518242,0.0,0.2836154076770292,0.2443679741357033,0.2679938794968916,0.24896296722883587,0.31430211088678406,0.0,0.1953286990839987,0.15984322343724996,0.1850697090602301,0.16538371583354647,0.0,0.3672223765121344,0.36026054955156905,0.24291169851109512,0.21775778163862236,0.19163879909740664,0.21246715360758242,0.2690561550368146,0.17990871033325612,0.20731899179240906,0.3525584783432867,0.15520815748867808,0.16129672652764984,0.4840142259914369,0.2860906807376051,0.18272666517518954,0.4606069186950667,0.24585861213359428,0.23513610703014315,0.2675748167634458,0.350628120712376,0.300336598950524,0.4010456925217545,0.36132854280903176,0.23016364721665028,0.30708378570909467,0.30450443376523123,0.2934776523378738,0.2365498147309367,0.19187570665275544,0.19926306887445544,0.21082823343915355,0.2873043754585458,0.1913354024575322,0.24820363014771496,0.07055705625639982,0.16668290151038465,0.3325074816290967,0.19197070200330904,0.24431390889816204,0.1717374329963772,0.16763080792321633,0.07073829403753258,0.2184072802186708,0.12316484787458896,0.28078146591481845,0.26505247658452186,0.261392815705979,0.267795276682363,0.2768311598163365,0.21301658839596502,0.18845556118737897,0.2662614596481702,0.1927075137804794,0.22993119212427302,0.2234822808214092,0.3696638270356455,0.23059706666612548,0.1677550687784009,0.21430632813223946,0.2133438102228566,0.2479538724670686,0.21199384703674792,0.11754774753856376,0.2390428509697358,0.2607511557093438,0.23474420654881387,0.14668760751218318,0.05906219438106764,0.2086120677469882,0.12245400130245822,0.24598424301789817,0.1828932673422698,0.23974752872913052,0.11369660527704112,0.23438503763318247,0.21092900084930935,0.2656865251564591,0.0,0.1588807759653482,0.17407315988401062,0.159466048566056,0.4322798520267226,0.2386168513666225,0.1730556202748591,0.20506790018461554,0.1449253011344987,0.20322391067926018
attention_zero_shot,CD163,0.0,0.3786628610378251,0.1784578135635293,0.8219503666402215,0.6887341583158447,0.5628936197552067,0.2901428191761666,0.19481221535207927,0.9237138871110706,0.6013785253605266,0.2981484759345801,0.3882809933460222,0.5686898671862847,0.8436158255735656,0.6005549369651788,0.7081042953738387,0.19129411494960882,0.8337422833925237,0.3867009102225795,0.7472367386805588,0.16835252214197305,0.511293331767263,0.0,0.737481252038102,0.3045171683517956,0.5489684251595731,0.0,0.691255672381323,0.8832417181495354,0.10261686766934286,0.5763716752187833,0.3362564311271298,0.5792044318838171,0.45605602780303056,0.8374796459655294,0.523434271952014,0.18430514539327356,0.25824346059659636,0.9283932139593839,0.7096377671694388,0.3086818261011712,0.8050680894771912,0.46156708688092024,0.4220793673009374,0.19559363815163316,0.632823007267166,0.6638223348437825,0.7498036817490046,0.0,0.7414000449245616,0.43214098691713615,0.3696695746927331,0.9577440995546751,0.7598437826501986,0.55940883024679,0.14774097466013436,0.41570097956219854,0.5651817405570759,0.1404390416047791,0.0,0.6109295180518747,0.3719335824120027,0.5376992398715021,0.5788527111724515,0.6488160314415717,0.4790882383552195,0.4562177963484802,0.6310517279317263,0.2834286323683073,0.8540521476869193,0.6737680440496504,0.0,0.513208903559525,0.8248625772243031,0.3274164106276578,0.0,0.2534401827200118,0.45746922085783537,0.45746922085783537,0.5780501325736815,0.954835918874755,0.3382587875163357,0.756211517028156,0.0,0.7601308521815265,0.0,0.8437663393861182,0.9154220252589583,0.15653882157611773,0.8380189873259696,0.4555465212016776,0.0,0.7249898032113337,0.26033583860518494,0.5508648062651709,0.35128975116184974,0.0,0.5461633702011346,0.6480683174098691,0.93196211858746,0.8862520898246979,0.7107325684353814,0.6967048768587845,0.5833352003570362,0.534419309497663,0.5485616539913992,0.5900531580674384,0.328719137814406,0.491085258453343,0.4856338633990052,0.14797676253076222,0.6134471625665262,0.6578716829344275,0.891421273409338,0.8752653745646636,0.8770054473298614,0.2026688437228911,0.6883208050974556,0.2643262508929598,0.3181843050601873,0.8357534368553108,0.45014653005876154,0.6325728626823016,0.6025003967151561,0.5332736920007343,0.6257961236939908,0.7771711675977863,0.6373561813642216,0.4405467115962092,0.5527864888329718,0.7450789919871921,0.07032284205306195,0.41849829159553686,0.6916686235065556,0.7250693194532277,0.9290202639109495,0.6544900326392565,0.5294012317494671,0.06869518343160849,0.7728628328504987,0.16692895301830002,0.6671273172604054,0.8680104055362767,0.9787716194735986,0.6640326950980463,0.43373340908450375,0.4913772841083607,0.4968851010795858,0.6616439057368202,0.6349151689455954,0.8278722390485912,0.9203920805565015,0.3626787392824742,0.8675418272838661,0.6444172648871779,0.42029287321376807,0.7123293350600785,0.9415011355414911,0.6763565794286246,0.13358312341366796,0.893053171136993,0.9856444735429757,0.8112774206501792,0.2880460037989994,0.06626199575967988,0.7457361560302284,0.3288774444682258,0.9627367185583624,0.5825308301961775,0.8695327966224821,0.09416409240566284,0.7904339431717242,0.5533328787179481,0.6919794891109362,0.0,0.6046811287659212,0.5777681564980541,0.5606157838302522,0.19767703094138206,0.8728859618229036,0.26458362741669644,0.6185221826945124,0.18579532329168852,0.6461434758228948
attention_zero_shot,MS4A4E,0.0,0.0,0.0,0.0,0.0,0.0,0.0,0.0,0.0,0.0,0.0,0.0,0.0,0.0,0.0,0.0,0.0,0.0,0.0,0.0,0.0,0.0,0.0,0.0,0.0,0.0,0.0,0.0,0.0,0.0,0.0,0.0,0.0,0.0,0.0,0.0,0.0,0.0,0.0,0.0,0.0,0.0,0.0,0.0,0.0,0.0,0.0,0.0,0.0,0.0,0.0,0.0,0.0,0.0,0.0,0.0,0.0,0.0,0.0,0.0,0.0,0.0,0.0,0.0,0.0,0.0,0.0,0.0,0.0,0.0,0.0,0.0,0.0,0.0,0.0,0.0,0.0,0.0,0.0,0.0,0.0,0.0,0.0,0.0,0.0,0.0,0.0,0.0,0.0,0.0,0.0,0.0,0.0,0.0,0.0,0.0,0.0,0.0,0.0,0.0,0.0,0.0,0.0,0.0,0.0,0.0,0.0,0.0,0.0,0.0,0.0,0.0,0.0,0.0,0.0,0.0,0.0,0.0,0.0,0.0,0.0,0.0,0.0,0.0,0.0,0.0,0.0,0.0,0.0,0.0,0.0,0.0,0.0,0.0,0.0,0.0,0.0,0.0,0.0,0.0,0.0,0.0,0.0,0.0,0.0,0.0,0.0,0.0,0.0,0.0,0.0,0.0,0.0,0.0,0.0,0.0,0.0,0.0,0.0,0.0,0.0,0.0,0.0,0.0,0.0,0.0,0.0,0.0,0.0,0.0,0.0,0.0,0.0,0.0,0.0,0.0,0.0,0.0,0.0,0.0,0.0,0.0,0.0,0.0
attention_zero_shot,OLR1,0.0,0.4524041320344418,0.1857663456054517,0.8419198336139722,0.7127688394495648,0.5936278935352848,0.3520403221557097,0.24217057371432393,0.9252460834103036,0.6274981871815781,0.32768303591602205,0.44165385740457586,0.6158547100185084,0.864010047451211,0.6373629228130963,0.8031273478079918,0.19530792057168883,0.8478097395057979,0.45667851127493164,0.7784788944463663,0.17952589971655697,0.6224964365924249,0.0,0.7587889354246183,0.4166100688190581,0.6095418380027628,0.0,0.8637982195845698,0.9015636739039959,0.11142149485462687,0.6545220084920673,0.3990548024039772,0.6309505594828771,0.5205101187878226,0.8470119198457805,0.5586647105063353,0.2055091559701803,0.3083523236929397,0.931926681525761,0.7411417322257565,0.36001869809430576,0.8238786257971019,0.5769343379504592,0.48119043432343683,0.20654765916328632,0.6548927941660849,0.6978931401368014,0.8228146130271927,0.0,0.7995016005595776,0.4994648828082356,0.4375156071499332,0.9595766523023452,0.7662905429251036,0.602432543439101,0.15768568048232354,0.4814954817601296,0.6365136925769463,0.13929396363687874,0.0,0.6873783049767593,0.43849499708317724,0.5978498128001796,0.6479061680897593,0.7133830479230829,0.5612908726006413,0.526613470414354,0.7146182797958581,0.3565414858077481,0.8818764086847951,0.7536193962063124,0.0,0.5979085298742497,0.8637035484824559,0.4368234759554636,0.0,0.24483168285271964,0.5810932743544037,0.5810932743544037,0.615788616219374,0.9570476996709979,0.3721336839901268,0.8579555854063212,0.0,0.7989712855973219,0.0,0.8616604944194284,0.9198230494523926,0.16668591426410792,0.8609172951679982,0.5131494067168154,0.0,0.7752742374860144,0.3081054085294365,0.6614419678679527,0.37964920856583173,0.0,0.582407430942364,0.6768270786820716,0.9357878269680123,0.900832275668098,0.747572683771153,0.8040360582667048,0.6133233651608847,0.6204357113436572,0.6270225596416755,0.6591058817530885,0.3961772076908388,0.6069517648124865,0.5332156998937514,0.15906189693375056,0.694817081875763,0.7249320368828016,0.8950683799758506,0.8870561823758272,0.8817149610601224,0.2061545815291248,0.8144717744413372,0.2929833600954066,0.3960676682466617,0.8539172848346556,0.5665094420482337,0.6962082609165362,0.6475780570183647,0.5808495293119995,0.7176404559395677,0.8176715960500072,0.6858767183613229,0.4923554685724676,0.6017183737044526,0.6580594217877672,0.0743062808389982,0.4505585608964686,0.7132046827329658,0.7786901460978418,0.9667395683281825,0.7179931738962019,0.5898932605660102,0.07296461085831522,0.7863512381459558,0.17702396597324904,0.6888637262881316,0.8980640167845035,0.9790758835553458,0.7170903615942751,0.5340561244287173,0.6168263262503451,0.5266624021753885,0.6789737912907347,0.6665261939806575,0.8775767022290291,0.929125845210877,0.40128045642903487,0.8765155148118969,0.749044121223914,0.5309778750055599,0.7871904858144722,0.9439232754071851,0.7216161327497207,0.13358069847761944,0.8989425994628344,0.9858251690421754,0.8234038227852537,0.3566371558499029,0.06557729063839607,0.7828517505271388,0.4119144454942349,0.9645629226054385,0.6773840333862147,0.8947998025069518,0.11299514255958983,0.8078116154149735,0.6133111388031777,0.7078318029827974,0.0,0.7018042097435154,0.6371117702378033,0.6604367843331859,0.2550707265589989,0.8834995639570267,0.3093844211461358,0.6704426713416073,0.21291599947226905,0.7009376826944848
attention_zero_shot,ID2,0.0,0.7400762912049861,0.23185269689816176,0.8585661535820595,0.8411856324899245,0.7712307273448192,0.4746398487377323,0.42157058051814084,0.927188097203262,0.765085577066283,0.39796216694938275,0.7001498213407923,0.7973572059397429,0.9000496237320917,0.8064553651739167,0.8984286073007137,0.23305510751191133,0.8867619833872997,0.7374014684941101,0.8229547716259447,0.23604274313001514,0.8944843775651664,0.0,0.8495342548981195,0.5723146434838269,0.8097544526374811,0.0,0.8922633138432241,0.9141896854781892,0.11835246782216051,0.8440572814881451,0.5854608414420875,0.811526078985189,0.7662709014947479,0.8901888577973655,0.7392680505964557,0.3061444194728349,0.5995518794041951,0.9268507695934728,0.8478460059337085,0.6527928133315768,0.8787316343053729,0.8003049262507843,0.61331324970338,0.25039846236827856,0.7299860140260083,0.8265761839337722,0.9004600351546995,0.0,0.9024145375602622,0.7738042777679477,0.6107137648209823,0.943370423071419,0.7860431726765773,0.7875671173329878,0.2186270014684451,0.6887038137448563,0.8400506712820035,0.1383538923431471,0.0,0.8607156186071946,0.7216575815557649,0.7407195658427719,0.8354683905703226,0.8608747213255781,0.778675452983618,0.7483483868196004,0.869526288015268,0.674991174595527,0.9095091228679086,0.8815055458065153,0.0,0.8238473795671104,0.9060943727874523,0.7588554191095387,0.0,0.25196130758030316,0.8646700461730186,0.8646700461730186,0.7824093145575669,0.9408840870690756,0.6305527867790763,0.8868808316543215,0.0,0.8823506684174972,0.0,0.8577486145497524,0.9198438413810737,0.2245187196657907,0.8552519805539661,0.7523976325813806,0.0,0.9047579324267575,0.47383681239102154,0.8602338315745861,0.3953154722833987,0.0,0.7577133840562406,0.8047451376318109,0.9285530832037232,0.9131155756800194,0.8658064998525298,0.8719917747260025,0.7647051061612262,0.8678453693326548,0.8325305112521321,0.8261529972246858,0.5067344736681055,0.843117520189158,0.8204431398982168,0.2340578147753752,0.8615239772911801,0.8667061123764558,0.9111739890706292,0.9058077299819695,0.8951031819816851,0.238418399992226,0.8700454723528369,0.3684776590704147,0.7312939460404443,0.893889470199456,0.8282590336321911,0.8531648432113011,0.8178859071416545,0.7773839417030585,0.8732027134372665,0.8906714493618422,0.8836410665639408,0.7347057692109816,0.8076768249831683,0.7745838282505307,0.08816932115964807,0.4955509013359939,0.8356892971456326,0.8813674148896486,0.9270708778134339,0.8673285748154741,0.7994031844520838,0.09355815275261527,0.846360295467583,0.23041188892751338,0.8197537158044649,0.8828802610745592,0.9660639071006712,0.8282032542475908,0.792545163746943,0.8499379142782152,0.7354944175595168,0.7955098535098085,0.8044618738306236,0.8710682919890431,0.9234307962728457,0.6721223275416516,0.8976647225556429,0.8857059367940436,0.6229947001736768,0.8577996992789539,0.9390651414813471,0.8591085881269573,0.13658081005234252,0.9102494218312503,0.9698363742893028,0.8688003253270524,0.4155806835506803,0.0660677253549697,0.874198177300097,0.7293875362394482,0.9447000195303886,0.8708779526314825,0.8991029517005523,0.1796052105484224,0.875590145821583,0.8110919464698864,0.795270808221469,0.0,0.8754587099460068,0.8347677960120029,0.8651202012132563,0.3727393126951657,0.9031600108378643,0.38141409459095366,0.8301780547212679,0.22490120776671463,0.8561582617810057
attention_zero_shot,CSF3R,0.0,0.36895018218046854,0.16946352979812904,0.8079543753429546,0.6656734316365853,0.5482212829256624,0.2871299190118918,0.19150330022660128,0.9139123586316407,0.5859572612418458,0.27540072102706675,0.3806343097947206,0.5451068554603818,0.7882343864474686,0.5787198258544928,0.5966059002177657,0.1753254508181477,0.7990979458990098,0.3767336945847369,0.7349550671886345,0.16354271574878004,0.4697628955976436,0.0,0.7103172213358988,0.297755641787022,0.5216486432157611,0.0,0.5958901262409283,0.8101674824554191,0.09836571247410365,0.5344702138228852,0.32559267944483167,0.5516310651764892,0.7063890648027259,0.8135059404981968,0.510033063890349,0.18178342573709094,0.25842333288278013,0.9037160843590195,0.6752126092909857,0.30629356398057506,0.7676227532890778,0.44162144966778294,0.4038986513878509,0.18490710664032875,0.6252574502770105,0.6351286476941943,0.6414274668602362,0.0,0.6615184898953924,0.4179717975698371,0.357654716733553,0.9333359106141442,0.7532870245180627,0.5377108070275551,0.13887821963253286,0.4076977558429638,0.5295263257561902,0.5062442877083526,0.0,0.5610982604372564,0.36379855517774673,0.5254508609771931,0.7409351660224209,0.7384321475333433,0.5799279776081157,0.6087858289424837,0.5695615590680297,0.2815758238889204,0.7694890858387232,0.598921256904177,0.0,0.7942335123832129,0.7310706001451771,0.3205421268510145,0.0,0.4602802486067603,0.4249094698397872,0.4249094698397872,0.5583039189596731,0.9276702245953351,0.3355869253139922,0.69444891674333,0.0,0.7015402477777642,0.0,0.8406558815003612,0.8902946671624424,0.14491456911634304,0.8314745751376013,0.44121794294596417,0.0,0.6632725914164287,0.26141195750025814,0.4983640623532393,0.3040951823663246,0.0,0.5303826671204909,0.6260135972578508,0.9034578035305275,0.8268100541032549,0.669948763554851,0.6387589885775529,0.5672739760766617,0.4981114968645809,0.5127552865861678,0.5572589137356493,0.5683949098814088,0.45292283450271037,0.4712130150990402,0.14528667147655833,0.559395401363914,0.6013344017651588,0.8727217214025194,0.8329788463015521,0.8601590163002637,0.19098444549533955,0.6314927930510678,0.25039157763618497,0.3136984178353361,0.7898620190868496,0.42121794308811317,0.5862650941907073,0.5752692221579073,0.5139049079113638,0.5596715038859101,0.7084964405513543,0.6016185178771097,0.42903471179965036,0.5304268139034776,0.6151068340793642,0.07030604556526208,0.3973641025259432,0.6707145791769454,0.6589323759241305,0.9012323660292244,0.6021727902539619,0.5051020938403834,0.06940364004507926,0.7515814945962923,0.15102369899978002,0.6487174716917301,0.8635729135046913,0.9686062165697115,0.6389125713262651,0.41498636656797727,0.4496924533158491,0.5066383615264253,0.426940377838103,0.6123209596003802,0.7519873410672483,0.8655353000725885,0.3584884049269356,0.838008602282192,0.5594602537454821,0.4042139688796559,0.6763118454352359,0.9199331856750801,0.6349319929607168,0.4803866381995987,0.8678154728814951,0.9739745742075978,0.7863152976546958,0.4761551401929299,0.06253587236777204,0.6948282148427882,0.3230716418839929,0.9341397388110637,0.5367565279895159,0.84703568247904,0.09705096050204327,0.7593561062057138,0.5255974345304812,0.6766270328837437,0.0,0.5423955989447622,0.5462024123232034,0.510864938983468,0.19792379648715258,0.8358692801820942,0.25052522459077436,0.5930642206984434,0.17441419495019972,0.6034731690369672
attention_zero_shot,TUBB2B,0.0,0.42616248029541237,0.3110840916440539,0.7856027305008206,0.6643876948327323,0.5949161905376897,0.24492152448252652,0.2725611918871168,0.8835836782540103,0.5619295337833831,0.23888128876171652,0.4823771494751097,0.5390141785922012,0.6490949482956458,0.5108097649433913,0.39203028784862126,0.18131023080687328,0.7691340045438037,0.525151154557671,0.7585416433149328,0.4519145795923823,0.35062948749774553,0.0,0.6296162321761603,0.2879405786414384,0.4447454039804667,0.0,0.4061826911755933,0.6407451700923672,0.3010216123884732,0.47540327792583364,0.49173321721061464,0.5396661022607687,0.37520691660192124,0.7428647487585547,0.49364770072585423,0.2487426925240458,0.29212104443440434,0.8326138151809662,0.576744334898567,0.41980154949829135,0.6668747619783033,0.4458986886819774,0.546391842183401,0.39127855069678,0.6440541396203457,0.5539272753159838,0.43545669585943403,0.0,0.4859863775902741,0.3613848302809965,0.3044179867234542,0.8632853781499383,0.7647725847395687,0.608223210053824,0.17949814757898133,0.6791696837310824,0.4302413287893651,0.11876236354118484,0.0,0.5794311438583538,0.5036355479204065,0.5827844666090268,0.4332072107898099,0.4641188189264739,0.38959360625888056,0.4521983463317543,0.4210756028886063,0.3372112523186823,0.5840207232648462,0.43198002288974363,0.0,0.3825091723629712,0.5350819848254164,0.3366083788064498,0.0,0.34753165998822955,0.31896824578631755,0.31896824578631755,0.6099843330795697,0.8506201427616437,0.3655045676869441,0.5646619437443744,0.0,0.5568059432959974,0.0,0.8700364368765735,0.8178748988199467,0.17603586726025355,0.8190251729202638,0.5817679069784297,0.0,0.5136317705768191,0.4763544964405495,0.5339062390494766,0.3145426850548321,0.0,0.5902972656512829,0.5624196415992954,0.8228089097350912,0.6802522183253195,0.5578673829072841,0.5606946180994917,0.7216843405461318,0.38976094966293323,0.5589102606134653,0.5883988476707923,0.24586146719878202,0.3387423855483809,0.47462691077991487,0.4203124133423932,0.5326210245235922,0.593248039991881,0.8176492287780046,0.7920586415047559,0.8356292840569156,0.3055855067005185,0.49140306436604286,0.33799067141391687,0.3744129363910306,0.7506719248529311,0.346897079672692,0.47837906240020883,0.8272790392379822,0.830635090784112,0.5581246131976063,0.5475496574280132,0.5925998516859998,0.8041478301658602,0.4553110871542055,0.5627281298814895,0.06618608464768395,0.337145953444206,0.6103967600814674,0.5025578843804093,0.8223150964092967,0.467806919704969,0.4235478742510513,0.06751926217689252,0.6867822317153205,0.12600911155938233,0.6675928032132559,0.8730664836013783,0.9528091632240931,0.6051850705937376,0.3965532103895944,0.3408781501086593,0.46027271701445804,0.4355350743044498,0.5402667949237501,0.6543696250697276,0.72746185317352,0.41905581796893326,0.7539543311708655,0.38276348742852073,0.5788165669408865,0.6407611453191557,0.8570490770267647,0.6240665463339375,0.11408787386542726,0.7948058215339038,0.9387317344343572,0.712682033410134,0.2847649921513144,0.05463927786911083,0.642635866830406,0.2798790126637737,0.8536369211487421,0.4348057653995688,0.8577261103240406,0.24331817837286937,0.7331208943438707,0.5538130372691202,0.6474951930358768,0.0,0.39311863304264594,0.4499037914701608,0.3796426945936216,0.22174028427022355,0.7988761451164683,0.37337582236218114,0.6665810673526904,0.34729326052384274,0.5928749700470478
attention_zero_shot,CD86,0.0,0.47141681633856425,0.19130416142582424,0.8212049584831537,0.722241064609698,0.6046999545475354,0.41201755228712966,0.2523835956071948,0.9217756266722409,0.6276455412456201,0.31504260009541907,0.4569134786047117,0.6172548242372826,0.8359115440218159,0.7958747079243533,0.7598094739075566,0.19978368685775508,0.8301378026977265,0.4745934086126543,0.7525395833607559,0.18475991285384977,0.6238763270200174,0.0,0.7537340105930781,0.37761698767336865,0.6119795197071816,0.0,0.7467598170243777,0.8627482708043182,0.10710089374622989,0.6506273522364122,0.4040228069336832,0.6308289253410299,0.7128948862121431,0.8379155942353183,0.5636315343458642,0.2089840008468471,0.3288738255129383,0.9163023282850967,0.7300131442238059,0.3980332434222651,0.8062401918342972,0.5490539782710089,0.47076858708834185,0.20944339933325598,0.6433342805127018,0.6915146443933122,0.77828566822236,0.0,0.7997595744009327,0.7559341764804134,0.6272352514952987,0.943360875248439,0.7604330918503082,0.60667912752125,0.16648489987316792,0.46967590267334103,0.7511577794460267,0.36370831607813964,0.0,0.677791229515008,0.45701378951444244,0.5712276577371885,0.7170873900121776,0.7427705436002136,0.5958478232083666,0.5917412447104617,0.6987253246228069,0.37662071178164896,0.8398729826050377,0.7288666874063001,0.0,0.6808405899802451,0.8198571054306675,0.45370290849207956,0.0,0.39515248296441846,0.613136208618425,0.613136208618425,0.616960885884947,0.9392008716274663,0.3848085447220674,0.7728024576520917,0.0,0.7748119379700261,0.0,0.8451269570876166,0.9042890924570637,0.1754549814963113,0.8371355094964799,0.5244435788609544,0.0,0.7523134398102623,0.3485664758496836,0.6551247447356124,0.35015487297196385,0.0,0.5859660625371556,0.6732139074147008,0.9177918284526148,0.8683151048526764,0.7495198650144892,0.7329605954637813,0.6144505801867052,0.621923102006172,0.627447553526362,0.6454185316608975,0.5220337329525657,0.6112462811988174,0.5467247305148415,0.1680455519866821,0.6833533354634963,0.7090860061033766,0.8866421950830323,0.863674334178593,0.8719022685073741,0.20891218335990558,0.7272241253112931,0.2873729593086336,0.4202526527942054,0.8307385159420619,0.5776882203114132,0.6862553996099935,0.6491080242702718,0.5854438720833356,0.7000835351929043,0.7880164786009931,0.6791542144227143,0.5069279490194103,0.6045321215546323,0.6690917698560661,0.07682486461440458,0.5074685821100141,0.7076480940311849,0.7538844304492434,0.915461924125987,0.7472232153597301,0.5945043288321918,0.07614441889455963,0.7773226581878959,0.18551615359187518,0.685175734158014,0.8693895070426975,0.9718506415274335,0.6886130213219178,0.5322856716826098,0.6194322314415264,0.5475679268635468,0.5468087857379277,0.6696898647988729,0.7916896975272324,0.8970612031032387,0.433437419406024,0.8600715373048538,0.7215391360659917,0.4757203759808378,0.7408599555696594,0.9333273622861086,0.7198242681188983,0.3450381817184174,0.8951912821904536,0.9774821381788334,0.8113070746240661,0.47247817280986565,0.06508945401889672,0.7628957637896316,0.4361301573511256,0.9456172393752958,0.6588587709445431,0.8635309196382193,0.11610061604261866,0.7937624762142849,0.6152965044115465,0.7039330054439701,0.0,0.7190412725075658,0.8100861387843906,0.806421568644559,0.24250334198176568,0.8629338575988557,0.2952521991298391,0.6547082707720304,0.197501582604491,0.6912447058097256
attention_zero_shot,ADM,0.0,0.24800416754364316,0.13670717620950365,0.5811039558808256,0.5303407677774796,0.4460775054350668,0.34103290003432424,0.13553085745013646,0.6686997081147449,0.41417729834212447,0.2044585813337964,0.26677097141146217,0.44885203005592966,0.5357954124140013,0.6695453666824883,0.3358213164522413,0.127942102006823,0.558890300040102,0.2555882514288107,0.5507821724862125,0.13285801714218595,0.29025554757895944,0.0,0.5183623266057013,0.21395404950535593,0.34964666392010524,0.0,0.34598558165355836,0.5413465297879633,0.087464156433124,0.352161195458622,0.23875630691468105,0.3750973702100465,0.30097225786443305,0.6207909094623677,0.3643345523157609,0.14740669216927954,0.1953912307455758,0.6542674918376108,0.47265679882264094,0.27773679331589857,0.5599764716071371,0.3110018092686641,0.3124510724671489,0.14131453859075874,0.4657771339107715,0.43770240066312166,0.37895623776961507,0.0,0.515295127670496,0.6872499056705861,0.7318904311475817,0.6636933970678945,0.5835947168757621,0.3806771467857034,0.10262015095174205,0.29578381966775397,0.6565943532020884,0.1167284164648507,0.0,0.3761376415404187,0.24937397205705694,0.4200057621324289,0.36373226355717503,0.39687527281719,0.3560952130895053,0.3576700846227286,0.36582484846113145,0.1946343162690342,0.5021988701049687,0.43249277155347127,0.0,0.31277594100939377,0.46522608040436264,0.20292682513958818,0.0,0.16187448783980563,0.29786330240130937,0.29786330240130937,0.39164735299885034,0.6586420438367274,0.24768157088770879,0.47104957291549787,0.0,0.4873800702080011,0.0,0.6256024727410878,0.6353991549917427,0.10337641446270598,0.6286437161427693,0.30541104717307666,0.0,0.44048748606428717,0.2720146901603008,0.29429737935318695,0.20418560572069558,0.0,0.38513321552824653,0.4365175175521899,0.6446387468239707,0.5620141683135852,0.5148920104424003,0.46626168834196846,0.4278808754337845,0.33653717637911307,0.3405312911173163,0.3764497212653046,0.1898309540084275,0.27441310791066975,0.35988361356840004,0.11632759053493723,0.3686980654624302,0.38594931327493043,0.636300831065901,0.5792396255020078,0.6180328867433202,0.15032239517697685,0.4278512981612463,0.19274220470333692,0.214585629219006,0.5442028320511717,0.2528775981573016,0.3810153515344606,0.4076796257898042,0.36400546550160395,0.3423007445457571,0.47248242520260036,0.4107167783022537,0.3477664097729306,0.3750213614649047,0.41726622363512694,0.06476542329973842,0.6613303611794088,0.4805196036566255,0.4247189770355845,0.6479188119905771,0.4779698888272925,0.35815363563275304,0.06384439373721155,0.5303630447624457,0.10218124596394698,0.464285869400622,0.6506297429217578,0.6965944989671465,0.4539840589466151,0.2757124264826666,0.2589877225267765,0.3613858014591936,0.28176692353385135,0.4817665464915187,0.5366672519626524,0.594630844356484,0.30455499996815494,0.6230354457470109,0.319609056760713,0.3501844546836213,0.5195926417084636,0.6659042732153403,0.4665590303878515,0.11124514446536585,0.6393767144046139,0.6989895249630342,0.5658581858304562,0.2560690600712108,0.05761641013302301,0.46720384649699515,0.2068529316262453,0.6606536831075659,0.3636838791559838,0.61526849856197,0.08527732285880586,0.5386930681091173,0.3920635993259244,0.48985963930189935,0.0,0.4168926821147441,0.8162107253712664,0.8360810223235243,0.15358991580156087,0.5866757535431234,0.18955904511732394,0.4290034692454168,0.14564450273272245,0.4060554966140101
attention_zero_shot,ANGPTL4,0.0,0.37275615553496383,0.16925965439634738,0.8119154056802409,0.6769173648113878,0.653631526182769,0.3843332662009463,0.1971144847294621,0.9185350347875357,0.5786733731786746,0.2724171287554481,0.3827939398515313,0.5452194792680857,0.7560772950858548,0.5990320407709494,0.5609702873319942,0.17266323642155892,0.7773453681784327,0.3798221494887496,0.7526522790349635,0.16541121339513593,0.46242931562496714,0.0,0.7334220549870529,0.3516616684022809,0.5126729208308174,0.0,0.563624255249652,0.7689317301747338,0.09681804236239021,0.5208181693482996,0.3317367452871153,0.5409748068254827,0.4382426812593685,0.8593272475725567,0.5055645161780836,0.18545440242746078,0.2655346441230525,0.8886746424990035,0.6744624492903162,0.33910567197815644,0.7704169255673424,0.4771444472730754,0.40438614151649305,0.18503152791853134,0.6321594336549042,0.6206819269005085,0.600882079392722,0.0,0.7478739544067563,0.4523599129020945,0.39424899146235104,0.9158813996031193,0.7615703078212989,0.5299247470131209,0.14006748645313435,0.43737471115038173,0.5450658220199565,0.1332902218477737,0.0,0.5432644573562129,0.3675660917716199,0.550694641103325,0.5286246194033517,0.5762167946951378,0.45687720426146083,0.4407579935379131,0.5479710271710123,0.2962495222093715,0.7256064295824964,0.5711530382710588,0.0,0.47477787505057,0.6864073480942816,0.3389536315312994,0.0,0.20944994090459657,0.7011652895924584,0.7011652895924584,0.5500759140672752,0.9146493176842172,0.34235829213146834,0.7203778719419709,0.0,0.6717389412526216,0.0,0.8653593625841229,0.8728181178523116,0.1456313415755103,0.853281012379128,0.43964621141789134,0.0,0.6344673260484851,0.32740545398312343,0.4860661813433422,0.29453823700046877,0.0,0.5244903075767233,0.6147927452865566,0.8836606619900532,0.7912985568585292,0.7166668395344845,0.6615372750185466,0.5662934814429272,0.4887369485027371,0.5022744587198056,0.5446379066495819,0.29506455586564984,0.44799497754359574,0.6058254361410104,0.1480718383830503,0.5491501094858684,0.5784710810181275,0.86386365611946,0.8062336198168655,0.8483795181532943,0.18862847852383685,0.6713591255358478,0.2505056181579782,0.3214561524985637,0.7623483758795948,0.4208459287815525,0.5676165099238406,0.5782737131965802,0.5118149615358443,0.5379417087940637,0.6743707223440076,0.5856888933477009,0.4403556293378527,0.5224268868952942,0.5706437488418652,0.07137581889728478,0.4075928741007606,0.6589803120426182,0.6288693084072277,0.9150359118225793,0.6440009906138038,0.5389263279182114,0.07087959402704334,0.738255348243997,0.1510692752996558,0.6387048788263899,0.9092481543224996,0.9609114140413085,0.6483981963429145,0.43372957805876394,0.4448825121578582,0.48711632558425044,0.4260891236331836,0.6245230281932191,0.7393547687411594,0.8311424182046132,0.4081527647182148,0.8244586016536358,0.533817995935196,0.4862373221997317,0.7221862403114409,0.9125370727740485,0.6389890405453381,0.12787765485479122,0.867527910844641,0.9651563720104758,0.7703201906170528,0.31641121213578166,0.061425304777148956,0.6685043692186092,0.3307001373963861,0.9139157426141165,0.5338948277400772,0.8499204621594708,0.10050022618106533,0.7404156467381136,0.5218546760737935,0.675596585816731,0.0,0.6104375494962258,0.568156738441647,0.5346201677375397,0.22979305807091222,0.8120154833596264,0.2533381280914777,0.5941464737318208,0.16975524053877689,0.5849686357121613
attention_zero_shot,HES1,0.0,0.32548349359489065,0.16262575281107644,0.6778844349556707,0.517427442583888,0.439413758897817,0.2627167204898387,0.33247115286771667,0.8205733533909562,0.5269578212152896,0.6366256831175018,0.3378132778574386,0.44412751918929716,0.4955730666115626,0.4370757193980677,0.3551092495667099,0.13672473316850056,0.5570085158168282,0.3298117572074777,0.6421488296583231,0.16932650056567014,0.40170319047730374,0.0,0.5860458405502881,0.3009993869200088,0.4940327449179821,0.0,0.36113629276823606,0.4785989677347868,0.09016755745639293,0.3719634997585806,0.2893275137667292,0.41940548890565355,0.35701404301775214,0.6179304919201977,0.42091596162961376,0.19972951611418457,0.27169188487332047,0.6872989737780767,0.47982159684088205,0.33298600032703896,0.5502345925197617,0.7912510644568136,0.3171781795186955,0.17552906909771648,0.5657230795674201,0.45698114512466015,0.37164490983423015,0.0,0.3966553847747038,0.3472708782123878,0.3004516499628856,0.737852329966948,0.7132509237206504,0.41082187107808155,0.12495544256487316,0.4073553638819359,0.37893020447651127,0.1061976280186004,0.0,0.5405703314074155,0.32533096967705283,0.48571954236428105,0.3861477695943847,0.397794731379772,0.37348065487472504,0.3723324897924362,0.3756350424444421,0.31332913916078814,0.4430488973530677,0.37340092945704384,0.0,0.3571837035027238,0.41652741627464235,0.3345369877384616,0.0,0.1724305742809047,0.32905280761595945,0.32905280761595945,0.428823059491974,0.6970552429657291,0.3698375264480074,0.4775026834845959,0.0,0.4393082658301031,0.0,0.8210335639746983,0.705998323963353,0.12614703518526413,0.8381662879879032,0.3620033112514716,0.0,0.44918308011089814,0.26380204231665544,0.34642216994337766,0.30605589031812896,0.0,0.42144061057773513,0.4712581567048865,0.6745818875062095,0.5275291676295834,0.4511572515384533,0.4293961343423837,0.4879968746470624,0.5589202398741782,0.4173280519021074,0.39732965113011676,0.2593015818487024,0.33705662609108034,0.4362721802001751,0.1609066974741849,0.37685082464423875,0.3895451342387517,0.7602547183373275,0.5572489970260656,0.6943001210845835,0.17069609619753037,0.4311851047434098,0.6006358388637505,0.6601756368335953,0.5325004889111207,0.3301659893474028,0.39351186497487317,0.42005517883164606,0.40952396969683547,0.3628705079155576,0.5578320444612989,0.5765375622565377,0.3744434832578615,0.8311308140951458,0.4863875905996065,0.0670925474575731,0.28236972815656586,0.5840343239286275,0.40787176238024264,0.6890002585958076,0.3945310252356062,0.40229409063456956,0.07137827488622087,0.5743232823386524,0.12668461859669305,0.67336401209544,0.8562928096542191,0.8496770808077319,0.5214180964302955,0.38294116667031447,0.3333639333723705,0.871037659807104,0.34875760302619413,0.48951056376615293,0.5285736044366491,0.5461879904358329,0.34299321957856904,0.6235111263063781,0.35272939911544077,0.3730879238848063,0.49181590752267007,0.7169580105303538,0.4283988828201437,0.10400956902143728,0.6690652733388021,0.8408711135294479,0.6812676797842769,0.41679268165406447,0.05185512186949657,0.4474089870164454,0.3047538121721639,0.6897993858675313,0.5847966311883639,0.6783876094362571,0.1257321427704735,0.7271230914033511,0.3915684581786567,0.548484451399197,0.0,0.35823550902890816,0.39758362699076355,0.35361151308558253,0.2460316332250644,0.6638846782427812,0.6454044068863438,0.8217771807530007,0.15755808054312945,0.7519373170802242
attention_zero_shot,ID3,0.0,0.7136766326668447,0.23184911191060767,0.8564792863218177,0.8084128993875442,0.7579736995082063,0.4761425692316,0.405080897321458,0.9266385037958399,0.7451041787608963,0.396542148416767,0.6823761873877511,0.7761823505716695,0.896846893658347,0.7880032254434335,0.8904661323232258,0.22864192412352355,0.8834476071509205,0.7180986007135823,0.8130669615885444,0.2514839325004874,0.8709154772710452,0.0,0.8366535865315979,0.5522318405682737,0.7886871622399602,0.0,0.8831416884720795,0.9105845978148782,0.12770294894842626,0.8268691765644719,0.5705562869011623,0.7942573080424038,0.7393437880777263,0.8826194552511055,0.7146068673649368,0.2965062781322099,0.5622142075213606,0.9261217051927205,0.834505619530216,0.6215916097639358,0.8706042284683634,0.7800977574726529,0.6158645539301428,0.25881484458612214,0.7216741503991548,0.8104900037770724,0.8931376900714398,0.0,0.8924965815330761,0.7477981243809092,0.5965329998936648,0.9443364606313834,0.78283935166289,0.7777689576998568,0.21192728074229195,0.6766664402253701,0.8212943289555136,0.1377654950835222,0.0,0.8464130990997774,0.7086417414489393,0.7438274364919438,0.8174042895565872,0.8469069772218389,0.7532885913844656,0.7205280370957747,0.8563758363637105,0.6430819920221849,0.9047531585419355,0.8705565562123919,0.0,0.8032280035524865,0.900423756657478,0.7279797780738505,0.0,0.2549752939191328,0.8456877391657478,0.8456877391657478,0.769870027597924,0.94165035597047,0.5898571865881851,0.8780802279060497,0.0,0.872897598028753,0.0,0.8582423884533432,0.9183466759956418,0.2185049635562553,0.8560541273692462,0.7483870656210921,0.0,0.899193356406223,0.46926375468072407,0.8472175466524563,0.3931412990030527,0.0,0.7454928555089042,0.7874070745553983,0.9309132111190249,0.9096001741010427,0.853876565126676,0.8665929776539245,0.7580035614092292,0.8476554560692076,0.8189516090493779,0.8295640032082302,0.49768922944052546,0.8245652751186234,0.7937742994212219,0.2451736280664158,0.8504172813556409,0.8580987798881463,0.9032956105144692,0.9050860457850413,0.9075364260299239,0.2384521454242124,0.8578338295096367,0.3662221155400372,0.703970753327869,0.8912353110055042,0.8071473633629418,0.838042491629963,0.8148135345689455,0.7783927114225919,0.8653546230904074,0.8824094616905791,0.8790462985115848,0.728789560853434,0.7881032898114885,0.7688495822703808,0.08654412708767463,0.49052838309863,0.808050657745054,0.8711054642201029,0.927988960223729,0.8545966749970342,0.7770008176976915,0.0909633469558382,0.8365213728976117,0.22517584959635345,0.810441691899817,0.8843618746280878,0.9677414718353536,0.8133512671135653,0.767113257328449,0.832381745992122,0.7118751279329782,0.7832943741615811,0.7883586749789522,0.8615470166154257,0.9217615230880184,0.6334023157974611,0.8932075449966682,0.8751448871925912,0.6247179130069989,0.8467623115131134,0.939597009674186,0.8483055114851948,0.13566674461685554,0.9076626941687542,0.9719143929033913,0.8611009366841252,0.4079769490543259,0.0655785048947384,0.8671803634165474,0.7070922740404626,0.945909201147272,0.8585637158679478,0.8954700458924015,0.18258198168088263,0.8708025550116423,0.795573249333329,0.7811012719622336,0.0,0.8624971614726392,0.8267932216265179,0.8493603147446943,0.35865522955276313,0.9021161307100247,0.3830955031745768,0.8180998911652857,0.22983384590160916,0.8463409027845799
attention_zero_shot,IFI44L,0.0,0.0,0.0,0.0,0.0,0.0,0.0,0.0,0.0,0.0,0.0,0.0,0.0,0.0,0.0,0.0,0.0,0.0,0.0,0.0,0.0,0.0,0.0,0.0,0.0,0.0,0.0,0.0,0.0,0.0,0.0,0.0,0.0,0.0,0.0,0.0,0.0,0.0,0.0,0.0,0.0,0.0,0.0,0.0,0.0,0.0,0.0,0.0,0.0,0.0,0.0,0.0,0.0,0.0,0.0,0.0,0.0,0.0,0.0,0.0,0.0,0.0,0.0,0.0,0.0,0.0,0.0,0.0,0.0,0.0,0.0,0.0,0.0,0.0,0.0,0.0,0.0,0.0,0.0,0.0,0.0,0.0,0.0,0.0,0.0,0.0,0.0,0.0,0.0,0.0,0.0,0.0,0.0,0.0,0.0,0.0,0.0,0.0,0.0,0.0,0.0,0.0,0.0,0.0,0.0,0.0,0.0,0.0,0.0,0.0,0.0,0.0,0.0,0.0,0.0,0.0,0.0,0.0,0.0,0.0,0.0,0.0,0.0,0.0,0.0,0.0,0.0,0.0,0.0,0.0,0.0,0.0,0.0,0.0,0.0,0.0,0.0,0.0,0.0,0.0,0.0,0.0,0.0,0.0,0.0,0.0,0.0,0.0,0.0,0.0,0.0,0.0,0.0,0.0,0.0,0.0,0.0,0.0,0.0,0.0,0.0,0.0,0.0,0.0,0.0,0.0,0.0,0.0,0.0,0.0,0.0,0.0,0.0,0.0,0.0,0.0,0.0,0.0,0.0,0.0,0.0,0.0,0.0,0.0
attention_zero_shot,F13A1,0.0,0.7046021005050246,0.36814408262095477,0.8938367294198905,0.7089733431826333,0.6939936324507424,0.3717202460916753,0.5058113060198762,0.8907675283554268,0.7350132006498992,0.3249661417299145,0.7277035437115905,0.6578496517677338,0.7784750162840227,0.6662406710779212,0.7296544368145399,0.35415161486239466,0.8294875546319097,0.6224344790208899,0.8169488740477002,0.3131547341844561,0.6755936420295777,0.0,0.7360083015853883,0.5939200237977389,0.8009456121669382,0.0,0.7256689938891596,0.7862383918998687,0.11312737476843367,0.6842062648120856,0.5000471904016998,0.7664544327170679,0.61185715382236,0.7984282269441307,0.7159742646865366,0.3739060312893891,0.6008860585673131,0.8604509025667412,0.7229025286830357,0.6669559531211885,0.7759703930204511,0.6605799974235367,0.5247595790480216,0.30166718546586346,0.7580379051094082,0.8439358938259838,0.7373785957626959,0.0,0.7361480402288669,0.6013345358325664,0.4793683552328154,0.8823560307826319,0.8225733597668721,0.7754528224924142,0.2726182008506651,0.6611227086311908,0.675287236925755,0.1319826860233284,0.0,0.6972694824018456,0.7153379294480035,0.6447090420134565,0.6800561801636767,0.7071764265412623,0.6249077160185905,0.6003942182317002,0.7071090094412786,0.5916517190495811,0.770206271292359,0.719555066916167,0.0,0.6605845173639209,0.7581118645182725,0.6475720415661188,0.0,0.2742988958865046,0.6614294023165704,0.6614294023165704,0.769973893219595,0.8746309753807056,0.6553835503333127,0.7415853885201312,0.0,0.7432927409807959,0.0,0.8763809773214717,0.850393927466657,0.2749452294566071,0.827670789590298,0.7029758657835131,0.0,0.7313290858828941,0.4092119254239185,0.7199289304328376,0.33942549188898763,0.0,0.7533300236651499,0.8370416444413585,0.8561358961080414,0.7957109528961827,0.7244640926699781,0.7356057453820071,0.7153279706158712,0.6709042951931937,0.737531622317048,0.7862270162087811,0.4196534487148548,0.6702757279995989,0.7399329286394785,0.31696002579938326,0.739138233483536,0.873770998606912,0.8455947157577499,0.8394401177380899,0.851243399449807,0.3720357175240681,0.8079833103414883,0.46732994000466926,0.7008794794303774,0.8188111845102192,0.7616158961654738,0.7833830808414869,0.734625975166288,0.6613790166792236,0.7613299047458094,0.7478743965420134,0.7371661448567923,0.6507001306956417,0.6505096309892817,0.6691781817117,0.08197866975560025,0.4071135864859327,0.7963051641619749,0.7315114228222515,0.8553318543156081,0.7089755000917478,0.6489093690508473,0.08550772916780099,0.7582610187915441,0.20621067400321963,0.739891118385699,0.8831117523498964,0.9377777256663565,0.7725646645817347,0.715886362539065,0.7228083801991759,0.5855096644025581,0.7166588891120814,0.6820677172333015,0.7625079724620468,0.8161650170338871,0.6580794790658888,0.8118471096048074,0.7163013123903306,0.5603151177390708,0.754157784784469,0.876305554466093,0.7574103548430801,0.12959108665433616,0.8345549643950919,0.9387216723446291,0.780475382096555,0.3388310889840983,0.06278502231391317,0.7771956108896564,0.5620901365764014,0.877443344689258,0.6887498760451364,0.822191631297755,0.19929356029455858,0.7971821257307368,0.7157096092219228,0.7760431249158289,0.0,0.7027501415768814,0.6730315629655718,0.6885732346777328,0.5281786469144865,0.840618748794221,0.37584040032497795,0.7151595946741917,0.2488551126551519,0.7471667494435306
attention_zero_shot,CMKLR1,0.0,0.2804404660123494,0.1537034084036121,0.7632944365956451,0.5836751295138962,0.4816854729535079,0.1925880560523992,0.1594267165023954,0.8847482364150266,0.5212597383966682,0.21763641759082195,0.3132783453674436,0.44447815351627995,0.6362504302249596,0.48992361210269025,0.31726685561311957,0.15867125064541165,0.6968700117963755,0.29055109195073614,0.6924212014378575,0.1488551201559318,0.2902828638115942,0.0,0.6204787093883856,0.21504957430626936,0.40298790489721553,0.0,0.34000827884754536,0.6244967705872158,0.08366175002476475,0.37411896763030367,0.23497150813292747,0.4386385657331323,0.8537126572594871,0.7404975167434438,0.4430566119458524,0.1638054443897516,0.2136802505209073,0.8336448555331446,0.561124691433373,0.2538699334582052,0.6555671267307952,0.3282398784068629,0.29435006894725957,0.16094693650167033,0.5939833498727645,0.532280333723859,0.3741612843120263,0.0,0.44368733924979326,0.32401523524734366,0.2550427244911063,0.8652872519168068,0.738463707097343,0.4469019148018558,0.12946512373593555,0.35130155804196594,0.3859517873928711,0.8223873905714754,0.0,0.38661552094845764,0.2846549733267117,0.46588285320783074,0.6663658360821803,0.655994506236811,0.5411447070865042,0.5734652293436127,0.37012179458790306,0.2195554993561696,0.5582314948084892,0.3789444311391526,0.0,0.6243745475315512,0.499329027449621,0.21851766455324845,0.0,0.5150941245192349,0.2544001232053091,0.2544001232053091,0.47379467476319226,0.8523753641548941,0.2974257158816624,0.5172774146260773,0.0,0.5321636211112091,0.0,0.830563363106465,0.8184074709536218,0.13306208710704984,0.8103721420906145,0.35433242231810735,0.0,0.48145428229159,0.19616123373584993,0.29993520684913005,0.21508880383016335,0.0,0.45668882631640667,0.5428306345796571,0.8235920995187397,0.6700041394237727,0.5382384403283563,0.46102627992586004,0.4978615640248526,0.34382003683171686,0.364272252388467,0.4287941949876163,0.739185146056241,0.2768108149356475,0.3919026964138951,0.13734495409620082,0.37432677673331693,0.4197511667479067,0.8189173777106663,0.7147960860233501,0.8093249526305453,0.17214990757264967,0.45497111698712245,0.20720273343411272,0.23426959485305685,0.6594156673990511,0.2620575918842288,0.4261752482659739,0.46781495585535254,0.4227879235974314,0.34810533948194294,0.5191408232373613,0.47296154522589556,0.35344600811151033,0.431316736948021,0.6023679401257486,0.07100841864877884,0.2889304344145293,0.5958269535512944,0.46718479252588324,0.823063564302058,0.4305377813228677,0.39317337097962496,0.07087301196381686,0.6822156853063572,0.1358034147605999,0.5800139779667726,0.8499791429726911,0.9395178107384131,0.5474940140697907,0.3037635330398889,0.2616932283197521,0.4715901601429905,0.30485785767085927,0.5256577743559651,0.6472023331546495,0.721849459694234,0.3122457185587274,0.7517145659902741,0.3126858744759607,0.30458135063932673,0.5580315837815387,0.8586799834474581,0.49633600300941405,0.6932767719900153,0.7944879595108857,0.940865633163341,0.7088289639746554,0.4666593875480065,0.06018961877548512,0.541764740546144,0.23645138358977022,0.855575680995083,0.3665693883444361,0.7799476326994799,0.08726996295135454,0.6631134005674719,0.4064430972975957,0.620478000872743,0.0,0.334531414171041,0.4191798459333156,0.3231644985202537,0.1589121461177642,0.730577068222536,0.1940325302060646,0.49428665772769703,0.12980580933221472,0.45617167869845715
attention_zero_shot,HSP90AA1,0.0,0.8480366781253402,0.26718871133691263,0.8807513906465991,0.8695169208067347,0.8406891752739251,0.4911837556375171,0.5083685396622989,0.8966868214326759,0.8495471025195244,0.39025427963203385,0.8632679386588177,0.8606080880407622,0.8710205955963418,0.8455876760838159,0.8635967302367579,0.2521603917692619,0.8705658173068004,0.8587261619682875,0.8925340357499013,0.3049823948832878,0.8536790548344221,0.0,0.8686615031499308,0.6559848862870358,0.8539954264836508,0.0,0.8625159681979812,0.8683002912630766,0.14951016796882027,0.8547550882523504,0.6339366868181426,0.8581798127041887,0.8342972342634941,0.873664936099483,0.8509871463365057,0.38577837427994294,0.8106019054811139,0.879443797158237,0.8696448860684138,0.8464455259210752,0.8713339875788013,0.8607689786066564,0.6734495129262226,0.299741036185746,0.8607997749914776,0.8550709766099259,0.8641358735955059,0.0,0.8702282289589407,0.8383604973261569,0.6362796117752926,0.8910371112746748,0.8753469736407051,0.8860040073089257,0.2495567010089391,0.8844640221455325,0.8554144861756016,0.13512821656653265,0.0,0.8617806497331036,0.8712124018053838,0.859236716244338,0.8561881031835012,0.8617384918173975,0.8451967420870016,0.8375200193112005,0.863487721115672,0.8390691702423949,0.8667688993010193,0.8615614672542175,0.0,0.8485033503335024,0.8657280313268085,0.8513290105690549,0.0,0.2529469994465075,0.8579835240944104,0.8579835240944104,0.8736629239224932,0.8870208559343044,0.794626923909544,0.8805750207516715,0.0,0.8612249541384784,0.0,0.9178942027500555,0.8877402738426481,0.2477431155646781,0.9060425326402605,0.8728704105698483,0.0,0.8604933846946434,0.4879777769824311,0.8605678000046263,0.3970517849121253,0.0,0.8702592258492489,0.8489776760473885,0.8825599052174975,0.869574221683572,0.8636961508654074,0.8800012834341734,0.9092865311052224,0.8611204299671538,0.8652799309656128,0.8640110519345614,0.513023785530167,0.8654743931662416,0.867002710120223,0.3230570313654634,0.8702343519780356,0.8678316756993545,0.8837142907903055,0.8741087083464644,0.8799667038832388,0.27255773809884126,0.8702095787247834,0.39681219717839417,0.836684735993496,0.8715333461154959,0.8631659733716974,0.866177205538679,0.9023882123441629,0.90090148381365,0.8652222642297442,0.8720595255063445,0.8590361368021636,0.8956952175969858,0.8466207435416185,0.8550926597215985,0.08997389212055215,0.49157405270307913,0.8609217906826553,0.8610222908046667,0.8881478112203395,0.861123487685245,0.8504165414768695,0.10005308991481501,0.8530895541520869,0.23317740530617745,0.8944104016802219,0.9105763717311205,0.9089848367057694,0.8683117438459462,0.8633817198953344,0.8549700315110215,0.8210698431385889,0.8530987050610412,0.8628666898775806,0.867402767207066,0.8717402090285932,0.8456649535422751,0.8790020607234901,0.8613765328542127,0.6565409359014349,0.8775255472973224,0.8839354371434669,0.862678756575317,0.1346762462953126,0.8759250122557424,0.9065934130969103,0.8844851893621664,0.4421608621783399,0.06459972671750161,0.8621317010298197,0.8255157328618071,0.882683877200215,0.8623143290757962,0.8823923814330467,0.22941202667989266,0.8693930221578949,0.8545703262395515,0.8640485168893114,0.0,0.8629686039662803,0.8563677664255511,0.8589530853563327,0.43581857718104294,0.87703173467143,0.3940262347652439,0.8607494647032324,0.2308416791357483,0.8637228220226376
attention_zero_shot,EPSTI1,0.0,0.48182422480822257,0.18575798192114595,0.8463734534898005,0.7460297158003204,0.6176056349552508,0.3806520843742091,0.24337036155825195,0.9373531433845474,0.6513784254162579,0.33631895829983777,0.4621276569213642,0.6559972416091121,0.9390037456827358,0.6722489133249051,1.0,0.20085311960003088,0.8936682816539125,0.48522896511984576,0.7729308090533333,0.17619862533203218,0.7149370495845089,0.0,0.7967133983827746,0.38261652882302194,0.6590887152894428,0.0,0.9487704918032787,1.0,0.11505709828905283,0.7317290004000822,0.4170828561687028,0.6779394226053239,0.5558524712792887,0.8782008072802409,0.5820642707889864,0.20173541971583517,0.3176037169575576,0.962789082144244,0.79130722559294,0.3729632050921132,0.8745790229871833,0.5820832521901859,0.5116415232390865,0.20541699893603185,0.6546637414990196,0.7411390716183449,1.0,0.0,0.9241249706365985,0.5329772147797375,0.4625073426688949,0.9897732089868588,0.765969747168173,0.6376600145630471,0.15812643077379024,0.47355969308075074,0.7018187710070691,0.14120242691671267,0.0,0.7755791111061127,0.46345053030988603,0.5880100350507173,0.7146353059589838,0.7989987597498143,0.5823739651462081,0.5412235901043501,0.8238083188249301,0.3657997418309772,1.0,0.8815286624203822,0.0,0.6624199251726879,1.0,0.4620807338015083,0.0,0.2595802443353869,0.6660060396668473,0.6660060396668473,0.6481573614505617,0.9907666850523994,0.3813501346634898,0.889222364410077,0.0,0.8845835631549916,0.0,0.848880569649847,0.9514210880530369,0.16841484578477253,0.8489524458427182,0.5438475868384195,0.0,0.8697315478217361,0.3223312921022678,0.7709157484143507,0.4066741256019847,0.0,0.6091693947027298,0.7099302559494898,0.9715145557433189,0.9795081967213115,0.8079059807840284,0.8434669733515118,0.6389259446493423,0.6927732322304705,0.6954158255757704,0.7038068985774136,0.4269052044227688,0.6965660738445817,0.5611585422109374,0.15500131648197676,0.7916077513323962,0.8189103402284691,0.9179999231612245,0.9422692621786746,0.9030383470580156,0.20854483383583944,0.8356817638588493,0.29550498593942853,0.4195672185058865,0.9155709698095466,0.6419155048669455,0.7738262870206127,0.6920368063418983,0.6154255636954097,0.8383539341002886,0.9181856718948707,0.7430570836838589,0.5175742954682345,0.6407299983899317,0.6364024316651977,0.07268922868416054,0.49217180774608604,0.743161263612816,0.8809389277842846,0.967793752503418,0.8042674751476646,0.6352094696545861,0.07090807466573915,0.8149588199761683,0.18090813899226998,0.7155981756440464,0.8745710615408202,0.9914330666756227,0.7313662929257535,0.5580921534012387,0.7173769784732215,0.5438536245520312,0.5830635058437488,0.7010545145334508,0.8524323458085578,1.0,0.41350204754788894,0.9146376372956937,0.9077868852459017,0.5000029281636322,0.7972895389224487,0.9706926370288375,0.7855680346038005,0.134775003612546,0.9309780906598496,1.0,0.8563959510480115,0.33713821802801164,0.06694670088096367,0.8571604933483806,0.43899093461771416,1.0,0.7493649377008537,0.9050392387193592,0.11017395429570069,0.8498563760379437,0.6632349461698992,0.7294230298135913,0.0,0.8193504386650258,0.692168476037997,0.7597756423690446,0.2309077670797621,0.9315887201333432,0.31647203701236454,0.6975167028820108,0.22837470330981308,0.7699805788778403
attention_zero_shot,KYNU,0.0,0.5678113312680295,0.4055087813206962,0.8093530546375212,0.5965564012452135,0.5400560154639337,0.26618907779564493,0.317707328700057,0.8651278953964595,0.679110172327233,0.24674244191683706,0.5154932321310747,0.5015559545406675,0.6373316113776188,0.5289419672975374,0.48538535199737237,0.3947827071969031,0.7220200740099664,0.4228699225381554,0.7484953436515666,0.28469859137348436,0.44548780153219125,0.0,0.6250423728190779,0.5448801330310673,0.554253748801607,0.0,0.4897511262652414,0.6301207217481114,0.1295796309286017,0.48026897005135716,0.3414221344359343,0.5972758444422841,0.4345761521888002,0.7212587466366807,0.6633851440101952,0.30918029693089666,0.4524714346475948,0.799879484776587,0.5840620423356845,0.4351585128007824,0.6537900281735923,0.45751296383048745,0.42639385921513273,0.2942378138755608,0.6594492151404862,0.6302899069471511,0.5068276289974819,0.0,0.5307125101089685,0.4210856163044494,0.3375654979972915,0.8276550388778285,0.7682974131945898,0.5887190557598746,0.3620580714249078,0.5898785676829709,0.48103010725164597,0.12077364458364753,0.0,0.4996757157376003,0.5028066060905991,0.588526818438315,0.4874383747276033,0.5116615244145655,0.44673921918831955,0.4366720936920237,0.489842763074585,0.45999501908859275,0.5918573481358471,0.499198066159361,0.0,0.4548439346299962,0.5616245591088728,0.5780818160640533,0.0,0.21160239303585324,0.42555294563981055,0.42555294563981055,0.5946319632109164,0.8136696567963566,0.43057971721377475,0.5985807645238402,0.0,0.5724125033256072,0.0,0.8584255523009097,0.7863632624872307,0.35773458419071585,0.8081444770041902,0.5509338494062969,0.0,0.544670158848129,0.2931405457594738,0.4716200479004448,0.2515323901044276,0.0,0.5835671212914187,0.6277586395609803,0.7879602041956811,0.6598340841768277,0.57107807276768,0.5756462131533225,0.6474442235817688,0.4620896115722051,0.49849057577589445,0.619027927822126,0.2906020675451398,0.4380033299344431,0.5498064228997724,0.3655563787467733,0.509349813501146,0.6034885747211814,0.7931820715225033,0.7101500097844217,0.812379122919107,0.4469803198641169,0.5629935710303641,0.32412222199707835,0.4358662751916354,0.6709191091235196,0.62817525439438,0.6761717873088038,0.6775747560052311,0.5715273909802092,0.5094846319428674,0.5672820834155918,0.5478945211996902,0.5969633740942588,0.4922466598948258,0.5753102761751747,0.07701843486222834,0.3201276781547127,0.6510375654871462,0.5384851433494918,0.7911276133969906,0.5141202582668957,0.47306113401853717,0.07892119081066504,0.6740782164257059,0.15395591475925535,0.6945207198569197,0.8537929732595715,0.9164390540418381,0.753389218468033,0.6405389663832639,0.4460433282566406,0.47593292585698843,0.48093609709596014,0.5541168241877081,0.645525669178087,0.6965093101522966,0.47057372061899366,0.7276672962101305,0.4760899240794491,0.4397041828857206,0.6022080219148075,0.8249590588683011,0.5661342048275421,0.11755993293156418,0.7658736852041876,0.9148479359420112,0.6947269320509163,0.29236910580501113,0.06068114436857404,0.5888891855969911,0.366221575479366,0.8150603608740556,0.5158418077309996,0.7720903128029356,0.1491372827937963,0.6715983979339554,0.5070600767321688,0.738125453269804,0.0,0.47528336471499316,0.49471611830461454,0.4637553763703354,0.34358741430986556,0.7223729194537217,0.26081218789218297,0.5919927248587372,0.1895637254563757,0.5440221494071198
attention_zero_shot,MT1M,0.0,0.6502020322035537,0.41782601674555214,0.8256065907084794,0.6930440467909907,0.7166234297325268,0.3325417382878162,0.40347309303287626,0.9164493718576627,0.6143396679941953,0.30417102850338296,0.45576721660266073,0.5953318325191688,0.8185319590201171,0.6185929265463308,0.7149720093480084,0.17879496817144172,0.950384601997842,0.5992148558606009,0.7532147007402126,0.3429127352522878,0.5819333098838461,0.0,0.7356038854695376,0.3493572066124552,0.5852694336923729,0.0,0.7045713364378602,0.8432346051414047,0.16656839375529978,0.6171610060238469,0.5453030561318352,0.7413701123545275,0.5055295904537679,0.826277059705871,0.5472174855430851,0.3127323779241796,0.40163432959143913,0.9103949729205794,0.7119783704362618,0.47553909653278625,0.7922782733271632,0.6704581485006141,0.48306333631814036,0.23368377322039746,0.6433404483162607,0.6734015173072065,0.738724341902341,0.0,0.7353377853220451,0.4860432608430391,0.4099439254680969,0.9381998634348698,0.7727696997153791,0.6029620241206353,0.1468446979629615,0.6143381310667343,0.60468962194706,0.1296917815359157,0.0,0.6439541498357386,0.46045936619812944,0.6153939968490095,0.6149428499085916,0.6694819299625274,0.5260353590786412,0.4992815817950176,0.6617722406601548,0.3728919359415968,0.8155701236957702,0.691427051930851,0.0,0.5684732094957058,0.7909794735218728,0.41737024142069284,0.0,0.536466464881974,0.5460505692775609,0.5460505692775609,0.6120956610808607,0.9333893769527419,0.4495344700025424,0.7475277667883814,0.0,0.7509014556653979,0.0,0.8522957501139659,0.8979485017005996,0.1531858046330799,0.8433188232571914,0.629734621043847,0.0,0.7244963206851333,0.515404092391912,0.7997783031509488,0.33767950262295815,0.0,0.5845110556187939,0.657955810660809,0.9110872333404153,0.8522856682189301,0.7132287079717075,0.7735780792477416,0.6885390578785874,0.58686207522526,0.8845853506168984,0.8154069248257921,0.37070995676523655,0.5684612610078994,0.5397953925338285,0.2993851442591455,0.8662655399930843,0.9566055930568949,0.878460379642678,1.0,0.8924131955021085,0.3764865618623744,0.6980131553806657,0.5066688295222571,0.5908253908231467,0.9853629976580797,0.5354798850769649,0.656425600428278,0.6510149331577748,0.6045030004221554,1.0,0.7621828616309045,0.8532334305280956,0.5181342152412646,0.5821704159509098,0.6458248406182028,0.0725788872795124,0.4206515471066864,0.6952532419850166,0.7245234214131644,0.9088431072644851,0.6735798197164109,0.568163638622976,0.07235823340159998,0.7679952282687844,0.1597003293227606,0.6787361018491791,0.8998483672261165,0.9698980655376059,0.6724870623864702,0.4959250392750177,0.5741758491114506,0.5186474246408768,0.6481066056766617,0.6471787935527367,0.7753100039780687,0.8838774852899294,0.40999212920172945,0.8511408544239962,0.6772489320662755,0.673864545411548,0.8391394485014059,0.9249641757366064,0.8641188633397013,0.12454984289258235,0.8770305385879382,0.9753125362427408,0.8019088935721826,0.30569777946660054,0.06234036482684799,0.9456634552017995,0.4076483824375926,0.9397056173620787,0.6239080172317171,0.8566977500869146,0.28059501961541466,0.9097762450878177,0.8112143815764759,0.6946264193656885,0.0,0.6470140349627395,0.609386658589132,0.6148149445925054,0.22141631484012128,0.9840916584240027,0.6228020105922101,0.7886906979616582,0.6202881904563016,0.8907681190438285
attention_zero_shot,CPA6,0.0,0.49229307300446595,0.8420475157385503,0.2602665940203376,0.20509547192871752,0.2932230137139173,0.11108503528788824,0.3511103478382744,0.24626176854758142,0.4207095866943484,0.1575693517940735,0.34259534032771577,0.1912028029535955,0.2052644540891955,0.1736421267042803,0.14444499411869538,0.4497682073222307,0.3236244845590041,0.2344638067617337,0.2658136691875522,0.3234026773086482,0.1472761242453435,0.0,0.20670697179797468,0.45923640271493976,0.24994972206388652,0.0,0.1542658347727385,0.19747753365052834,0.10663728875493615,0.169341684715551,0.2642002343445365,0.3561774816445014,0.15978177720393574,0.2246404769281841,0.510399894345782,0.3290360499111617,0.38750742764871665,0.23492437767414506,0.1930488157403452,0.31279914073205284,0.21153772987266212,0.25334315913786637,0.20915435652444475,0.27847755321730766,0.28159757684379694,0.2641761341982612,0.1542658347727385,0.0,0.1694103238806582,0.1464810397877532,0.13470350855282315,0.24001813930038834,0.27694488218404445,0.2981236411624169,0.3916957474756934,0.41647530511702296,0.16184514821937934,0.11366575735604419,0.0,0.17580617097559081,0.3029957815399788,0.23525061643953227,0.1676751912411365,0.17251786477646613,0.17336177864731078,0.17468521558281108,0.16377601817458623,0.2518434825301737,0.18603914277111344,0.16077698294449297,0.0,0.14550039626473765,0.17587168421163343,0.3476445459590275,0.0,0.3172406332596633,0.12766409144273136,0.12766409144273136,0.2503055674867314,0.23730406889628397,0.2933231787881726,0.1816538549197526,0.0,0.18684478575123115,0.0,0.2723735815652008,0.235393282742608,0.38932126978582,0.24515820676813554,0.33425473255462357,0.0,0.18401726737008975,0.28013942277942155,0.27551043193694535,0.14850726105591414,0.0,0.28345305518660435,0.2685873188478752,0.2336941641035776,0.20828045836997577,0.18345493437303687,0.2159677062128091,0.34935201439529134,0.17220310303753728,0.3858840634202935,0.4022896615687704,0.14358030953149997,0.15007478317306985,0.280883994907921,0.3981547107684097,0.2895342410938131,0.45654296559118057,0.23723251741873377,0.3184050672399942,0.2584628759038173,0.6832763487705781,0.2636533351826234,0.38345135895832483,0.3827896987193014,0.32642077942182,0.597418975763099,0.4044123050161325,0.34116649235950874,0.24256616027987585,0.3905464768764269,0.18580162898469677,0.32584522700956015,0.3218777841711621,0.18343654356578454,0.2563882978225071,0.062415422087128185,0.13814280435690474,0.2555320323380732,0.18178125437471773,0.23371834979001924,0.16098999529121139,0.16276657972829592,0.06407329382008858,0.2109963124157244,0.10691560111088294,0.30198383397038653,0.27808492050280825,0.25292345206561456,0.40543244810983986,0.5035708343380576,0.14773957372522079,0.18501545768099067,0.3354410123013163,0.19171968669183423,0.21904520743906453,0.2142820832141133,0.2893264762274931,0.22356264818090876,0.1542658347727385,0.3215966732599465,0.2679686474171785,0.2394030675042363,0.3015089385529663,0.10852381871271082,0.22968547411359969,0.2520875940433259,0.22537527236909394,0.15352924206379942,0.054412135912403126,0.359329466129712,0.1095250361457457,0.23736525569156527,0.16796747648157803,0.23085212515397602,0.18925934987556522,0.3036452047300278,0.34142073891288827,0.39701080848648923,0.0,0.1460496002802229,0.16954655067452934,0.14910809608140377,0.2986111710821889,0.3110521357186908,0.38364579846831115,0.29569077269698085,0.3843377102950238,0.33363266366761557
attention_zero_shot,ABCA9,0.0,0.21159198502433485,0.23314270798823278,0.25814796873778695,0.23460672716468797,0.23598890701707656,0.13231158302528068,0.1632159841396517,0.27224166396370436,0.23437784548710125,0.1897003765289252,0.3621151966617449,0.22227814460629144,0.2407592477054305,0.19910780471494247,0.18944659101999484,0.19746932337727685,0.25741504187883324,0.3607560073337604,0.3023535430617741,0.46417582614361624,0.17684795067007963,0.0,0.2313585460493082,0.21787200253723749,0.2001695336455406,0.0,0.1994197521513435,0.23696577052818557,0.4486077078120608,0.2105479406676458,0.21796800885862055,0.2336081979461173,0.18101234994100412,0.25312256997065,0.2353882483321349,0.1832588338326952,0.19422102401352204,0.2623544799643552,0.22241709882600497,0.27527093553871385,0.2382853645639367,0.21859065403322253,0.5158374759355397,0.44779949041860784,0.27167701805135,0.2194781938964514,0.1994197521513435,0.0,0.20988021073074506,0.16745606092058618,0.16316914309036748,0.2662548073263722,0.26333693276284165,0.39179413435116867,0.18695167449464925,0.36305717628253,0.20316970851931954,0.12133021445497236,0.0,0.2199573509504678,0.4221622491303603,0.2560214731323246,0.20213496125384167,0.21254080549793125,0.2117776394367894,0.20702663778489822,0.20880090588679442,0.2313004740981342,0.22791449824091115,0.19731088505572805,0.0,0.1724148465266211,0.21936607441404085,0.19463200748730838,0.0,0.23833633487626515,0.15346993037460663,0.15346993037460663,0.3329192340317776,0.2644546389294922,0.16986939335906975,0.22083518500159113,0.0,0.22891802595228902,0.0,0.28330187444231447,0.2624792941267961,0.1825051049520179,0.2650571946955613,0.3899026943381997,0.0,0.22291388439367205,0.1832587636070005,0.22638292444075878,0.1919288215376258,0.0,0.341388126895411,0.2130627367178984,0.26234414812070406,0.24501134589465176,0.21368688952628886,0.26045155048142515,0.4866348153932464,0.21492043782331727,0.28184039270378636,0.272210497171882,0.17336520298556746,0.18148329503752977,0.25187612376132124,0.37623738606937784,0.23225899139102885,0.25172523417497367,0.26135707929860424,0.26410229043875344,0.2768973461956765,0.24959631473061078,0.2105132817395095,0.20503401120018439,0.2002680519915633,0.2616858503166128,0.2115836426799852,0.22951755702775783,0.47468714616884095,0.4983391684287547,0.2393886982804963,0.22865443717682699,0.24396385679706137,0.5159745472384771,0.21238336300347957,0.2687012416978306,0.13888945713661255,0.18123529524262688,0.22738922933022582,0.27789368166104295,0.2625706553833396,0.19280916966905293,0.2544186272278331,0.2080250151003865,0.27608799162252906,0.23307604364789705,0.3529916619807589,0.26756977425819933,0.2737498605273838,0.23650406475113842,0.21894684468864334,0.1639553970093356,0.2040065111692692,0.2363268818343921,0.21240043915472276,0.2533395691743273,0.2492855578080869,0.2812124903742376,0.2504906605209013,0.26710020681317137,0.23835863955941566,0.24695061360651574,0.26475474184258785,0.24869292117597902,0.11528087487458019,0.25633492037401967,0.27341417344844626,0.25396176492141564,0.17194943943574212,0.10381726555728611,0.23332408809305652,0.17521386528420665,0.26455060035606937,0.20998920533984336,0.2587566433545598,0.2083127887210209,0.25929753871774985,0.24138371621625426,0.24560161382162846,0.0,0.18075292327384995,0.19575346582117573,0.1823630140562735,0.15399336165132557,0.26532396539609504,0.2071713090953586,0.2374620201539215,0.1891968348157228,0.2373914157465981
ig_lora,AHCYL1,0.0,0.8112277146909265,0.24107228373123507,0.9000389642969638,0.8747682808261011,0.8233400827543436,0.5148059769815224,0.4699185071030188,0.9515827029895413,0.821058461461435,0.4170096502477505,0.7673872076016118,0.8605012938943508,0.9559677273643319,0.8669248766452713,0.9673274737166406,0.2447753628329992,0.935793305058216,0.8078805562800649,0.8614273737273074,0.24765107104874173,0.9180651401193133,0.0,0.909910102275304,0.6341358658398212,0.8826762018005918,0.0,0.9608246540737025,0.971782818209826,0.12207197761957127,0.912216750116401,0.6324041603940634,0.8757268513773006,0.8345516827571527,0.9268067680199403,0.7983648669526137,0.33117120975866915,0.6682285012398471,0.9627717218979945,0.9056046218889602,0.7099696257759597,0.9311010082755083,0.8862157325131779,0.6574931887972874,0.26185770152488175,0.766965350299449,0.8850444277343354,0.9678907931353192,0.0,0.9694484070823935,0.8425519093594459,0.6554131918052739,0.9878336443262681,0.8067081998461804,0.849273741630343,0.23152761094224572,0.7602792033479528,0.9041352693556729,0.14068193693130332,0.0,0.9389838425878745,0.7919392077619151,0.8022405453232432,0.9026034984423069,0.9269320099741549,0.8465262949314596,0.8149441939567008,0.9376976640807008,0.7465357013397806,0.9704391428864844,0.9492158771008723,0.0,0.8934456135298282,0.9694699344565331,0.8330292557453803,0.0,0.2598379184830407,0.9270456575750396,0.9270456575750396,0.8423523976150116,0.9767600025446848,0.6555969202170184,0.9614579203612932,0.0,0.9438030759443694,0.0,0.8796677423549485,0.9829635332904076,0.23728960733717036,0.9011053624815042,0.8194434639427293,0.0,0.9424048073648879,0.48928403860047365,0.9307803914332003,0.44008038859561033,0.0,0.817159939016989,0.8604201750491806,0.9669514121462623,0.9675404276610677,0.9359425596198707,0.9495952625600604,0.8208514364401445,0.9298876551584437,0.9186815996762597,0.8914492329683967,0.5473392200658443,0.9147523412153921,0.8225716802668943,0.24751338515385946,0.9296283712554398,0.9330714353145811,0.942605127585399,0.9554000684980949,0.9275116966395544,0.24685402227675426,0.9522041916037185,0.39965507490625024,0.7962688864698866,0.9474509361794274,0.9006556783911591,0.9191547739562724,0.8789376927178278,0.8409630678133061,0.9420200890475233,0.9745564517351647,0.9034736974555218,0.7994966846620093,0.8742744221379032,0.831040530384903,0.0897516812607774,0.5204489816142677,0.8920976600798572,0.945870985127686,0.9822655538109024,0.9405584307482827,0.8658741530224623,0.09592228416727874,0.8911415519662724,0.24304031383954394,0.8569803212110294,0.9193120171070172,0.9838857649286089,0.8836234790640451,0.8618331887408357,0.9218572631096789,0.7752402919262077,0.8664141134506305,0.8628880388649122,0.9227569081111685,0.9744885753677879,0.7067380480422983,0.9413685721519585,0.9551717428244091,0.6714261420277987,0.9271403502026238,0.9692189545524796,0.9173242329211886,0.13912377370605078,0.9526304115842659,0.9892350635945001,0.9615425873772164,0.4571159878182603,0.06673047821108458,0.9348022776782259,0.8027148133810864,0.9809965918555971,0.9315707156509511,0.9429466894122227,0.1923924881662218,0.9291411331073347,0.8771766417892356,0.8405326918247242,0.0,0.9503458284347889,0.897289303170591,0.9311698279905047,0.401148090210189,0.9562975471282872,0.41056616928006107,0.8853684876170628,0.23562969740161488,0.9216180670776829
ig_lora,ETNPPL,0.0,0.5674857854654317,0.306927728421823,0.841182664821608,0.6119969162373733,0.5308298390316125,0.21405451838613931,0.30608752297522107,0.895008256773543,0.6070370257797125,0.22895078728070772,0.5107805394122272,0.47895503588120814,0.6865602120913366,0.5205538595210054,0.40108099644460254,0.38367795815621414,0.8209105139251827,0.35335201662974414,0.7611990505225662,0.29627296203120057,0.3482226792768302,0.0,0.65132609485028,0.4663952244328303,0.5620804936392848,0.0,0.41827035444293226,0.6847794718129487,0.13691340883709668,0.42676564529689265,0.2791925053541844,0.5879258430460335,0.37674680014883327,0.765724958132347,0.5547329965523051,0.339683918061182,0.45382882295931115,0.857832702108767,0.5997675215810545,0.42843418775419456,0.7002777079844773,0.3840529898665315,0.40479010917495867,0.3178728014233364,0.6830994476784893,0.6780372948900478,0.4555281785860023,0.0,0.5125846172463292,0.3565109963223072,0.28354909816585266,0.888781519791697,0.788053776011654,0.599602176711945,0.2541777870267887,0.4796984793159604,0.4336794895031122,0.12637059825356564,0.0,0.44333365055159313,0.4817070949395936,0.5440944343506124,0.44447236104156657,0.4821642706437309,0.39292148790650416,0.38746156324211595,0.43376439082287543,0.35976455236287885,0.6256756227778766,0.44816127604998823,0.0,0.3859504912242413,0.5722007117461446,0.35346161717431,0.0,0.21973141929676396,0.30977688577009616,0.30977688577009616,0.6158254416030308,0.8782857399446414,0.4097365484710731,0.5749525239220655,0.0,0.5875866828908364,0.0,0.8626400418654537,0.843208989910202,0.25653411813667404,0.8237227427475016,0.5186725788442367,0.0,0.5404148019970783,0.24260309994405732,0.3829014735367687,0.23131446758266458,0.0,0.5951270955024233,0.6573018028581795,0.8510301944620142,0.721781473864011,0.5823681483712758,0.5609670291679204,0.5876381537896769,0.3946844244513302,0.4489050040255308,0.6154469086110916,0.23900796252796885,0.3337883411954588,0.5508244175030457,0.29074954728096714,0.45925846676259446,0.6077163403947291,0.8374824212634936,0.7701187952877865,0.8536322630367075,0.4288117941361388,0.5580787491570227,0.3357675619624973,0.36788173177445815,0.7208832069758374,0.44210097745094956,0.5786907342945775,0.6055251011085675,0.5320001639271432,0.451821742609337,0.5803181982926009,0.5370123907215509,0.49635360828960035,0.46532356872122566,0.5348893217906655,0.07056943320810724,0.3150766415000437,0.6808062661784183,0.5289385016026078,0.8499423266421334,0.4865032127360781,0.43125870113301396,0.07024224252404232,0.7062774900665186,0.13551585319831372,0.6608468434498016,0.8642609677175149,0.949730344748484,0.6381502296264366,0.4329726750107742,0.3592399249343527,0.45325066554791227,0.40693011069001067,0.5555586979861843,0.6824472707840838,0.7696465370940779,0.4730941496928303,0.7813096617738085,0.3884640951284762,0.3849044545690067,0.612019737762553,0.8799038993882146,0.5655354269259454,0.12095803126058315,0.8197833924380511,0.9524667457495716,0.7355616491197938,0.23011054537978937,0.06056069501736085,0.609775142998239,0.27053466946889476,0.8825649012636475,0.42203463465982016,0.8031766002959297,0.12767029566154253,0.7093167700602955,0.4730976080767349,0.691632251147611,0.0,0.4003318731612525,0.4619095913258167,0.38345300217896533,0.3439698968655776,0.7800280673481564,0.24242707328279225,0.5441031430244262,0.18898133244743362,0.5289906576920889
ig_lora,CD163,0.0,0.3786628610378251,0.1784578135635293,0.8219503666402215,0.6887341583158447,0.5628936197552067,0.2901428191761666,0.19481221535207927,0.9237138871110706,0.6013785253605266,0.2981484759345801,0.3882809933460222,0.5686898671862847,0.8436158255735656,0.6005549369651788,0.7081042953738387,0.19129411494960882,0.8337422833925237,0.3867009102225795,0.7472367386805588,0.16835252214197305,0.511293331767263,0.0,0.737481252038102,0.3045171683517956,0.5489684251595731,0.0,0.691255672381323,0.8832417181495354,0.10261686766934286,0.5763716752187833,0.3362564311271298,0.5792044318838171,0.45605602780303056,0.8374796459655294,0.523434271952014,0.18430514539327356,0.25824346059659636,0.9283932139593839,0.7096377671694388,0.3086818261011712,0.8050680894771912,0.46156708688092024,0.4220793673009374,0.19559363815163316,0.632823007267166,0.6638223348437825,0.7498036817490046,0.0,0.7414000449245616,0.43214098691713615,0.3696695746927331,0.9577440995546751,0.7598437826501986,0.55940883024679,0.14774097466013436,0.41570097956219854,0.5651817405570759,0.1404390416047791,0.0,0.6109295180518747,0.3719335824120027,0.5376992398715021,0.5788527111724515,0.6488160314415717,0.4790882383552195,0.4562177963484802,0.6310517279317263,0.2834286323683073,0.8540521476869193,0.6737680440496504,0.0,0.513208903559525,0.8248625772243031,0.3274164106276578,0.0,0.2534401827200118,0.45746922085783537,0.45746922085783537,0.5780501325736815,0.954835918874755,0.3382587875163357,0.756211517028156,0.0,0.7601308521815265,0.0,0.8437663393861182,0.9154220252589583,0.15653882157611773,0.8380189873259696,0.4555465212016776,0.0,0.7249898032113337,0.26033583860518494,0.5508648062651709,0.35128975116184974,0.0,0.5461633702011346,0.6480683174098691,0.93196211858746,0.8862520898246979,0.7107325684353814,0.6967048768587845,0.5833352003570362,0.534419309497663,0.5485616539913992,0.5900531580674384,0.328719137814406,0.491085258453343,0.4856338633990052,0.14797676253076222,0.6134471625665262,0.6578716829344275,0.891421273409338,0.8752653745646636,0.8770054473298614,0.2026688437228911,0.6883208050974556,0.2643262508929598,0.3181843050601873,0.8357534368553108,0.45014653005876154,0.6325728626823016,0.6025003967151561,0.5332736920007343,0.6257961236939908,0.7771711675977863,0.6373561813642216,0.4405467115962092,0.5527864888329718,0.7450789919871921,0.07032284205306195,0.41849829159553686,0.6916686235065556,0.7250693194532277,0.9290202639109495,0.6544900326392565,0.5294012317494671,0.06869518343160849,0.7728628328504987,0.16692895301830002,0.6671273172604054,0.8680104055362767,0.9787716194735986,0.6640326950980463,0.43373340908450375,0.4913772841083607,0.4968851010795858,0.6616439057368202,0.6349151689455954,0.8278722390485912,0.9203920805565015,0.3626787392824742,0.8675418272838661,0.6444172648871779,0.42029287321376807,0.7123293350600785,0.9415011355414911,0.6763565794286246,0.13358312341366796,0.893053171136993,0.9856444735429757,0.8112774206501792,0.2880460037989994,0.06626199575967988,0.7457361560302284,0.3288774444682258,0.9627367185583624,0.5825308301961775,0.8695327966224821,0.09416409240566284,0.7904339431717242,0.5533328787179481,0.6919794891109362,0.0,0.6046811287659212,0.5777681564980541,0.5606157838302522,0.19767703094138206,0.8728859618229036,0.26458362741669644,0.6185221826945124,0.18579532329168852,0.6461434758228948
ig_lora,HES1,0.0,0.32548349359489065,0.16262575281107644,0.6778844349556707,0.517427442583888,0.439413758897817,0.2627167204898387,0.33247115286771667,0.8205733533909562,0.5269578212152896,0.6366256831175018,0.3378132778574386,0.44412751918929716,0.4955730666115626,0.4370757193980677,0.3551092495667099,0.13672473316850056,0.5570085158168282,0.3298117572074777,0.6421488296583231,0.16932650056567014,0.40170319047730374,0.0,0.5860458405502881,0.3009993869200088,0.4940327449179821,0.0,0.36113629276823606,0.4785989677347868,0.09016755745639293,0.3719634997585806,0.2893275137667292,0.41940548890565355,0.35701404301775214,0.6179304919201977,0.42091596162961376,0.19972951611418457,0.27169188487332047,0.6872989737780767,0.47982159684088205,0.33298600032703896,0.5502345925197617,0.7912510644568136,0.3171781795186955,0.17552906909771648,0.5657230795674201,0.45698114512466015,0.37164490983423015,0.0,0.3966553847747038,0.3472708782123878,0.3004516499628856,0.737852329966948,0.7132509237206504,0.41082187107808155,0.12495544256487316,0.4073553638819359,0.37893020447651127,0.1061976280186004,0.0,0.5405703314074155,0.32533096967705283,0.48571954236428105,0.3861477695943847,0.397794731379772,0.37348065487472504,0.3723324897924362,0.3756350424444421,0.31332913916078814,0.4430488973530677,0.37340092945704384,0.0,0.3571837035027238,0.41652741627464235,0.3345369877384616,0.0,0.1724305742809047,0.32905280761595945,0.32905280761595945,0.428823059491974,0.6970552429657291,0.3698375264480074,0.4775026834845959,0.0,0.4393082658301031,0.0,0.8210335639746983,0.705998323963353,0.12614703518526413,0.8381662879879032,0.3620033112514716,0.0,0.44918308011089814,0.26380204231665544,0.34642216994337766,0.30605589031812896,0.0,0.42144061057773513,0.4712581567048865,0.6745818875062095,0.5275291676295834,0.4511572515384533,0.4293961343423837,0.4879968746470624,0.5589202398741782,0.4173280519021074,0.39732965113011676,0.2593015818487024,0.33705662609108034,0.4362721802001751,0.1609066974741849,0.37685082464423875,0.3895451342387517,0.7602547183373275,0.5572489970260656,0.6943001210845835,0.17069609619753037,0.4311851047434098,0.6006358388637505,0.6601756368335953,0.5325004889111207,0.3301659893474028,0.39351186497487317,0.42005517883164606,0.40952396969683547,0.3628705079155576,0.5578320444612989,0.5765375622565377,0.3744434832578615,0.8311308140951458,0.4863875905996065,0.0670925474575731,0.28236972815656586,0.5840343239286275,0.40787176238024264,0.6890002585958076,0.3945310252356062,0.40229409063456956,0.07137827488622087,0.5743232823386524,0.12668461859669305,0.67336401209544,0.8562928096542191,0.8496770808077319,0.5214180964302955,0.38294116667031447,0.3333639333723705,0.871037659807104,0.34875760302619413,0.48951056376615293,0.5285736044366491,0.5461879904358329,0.34299321957856904,0.6235111263063781,0.35272939911544077,0.3730879238848063,0.49181590752267007,0.7169580105303538,0.4283988828201437,0.10400956902143728,0.6690652733388021,0.8408711135294479,0.6812676797842769,0.41679268165406447,0.05185512186949657,0.4474089870164454,0.3047538121721639,0.6897993858675313,0.5847966311883639,0.6783876094362571,0.1257321427704735,0.7271230914033511,0.3915684581786567,0.548484451399197,0.0,0.35823550902890816,0.39758362699076355,0.35361151308558253,0.2460316332250644,0.6638846782427812,0.6454044068863438,0.8217771807530007,0.15755808054312945,0.7519373170802242
ig_lora,ATP10A,0.0,0.3953933642716865,0.27680861139693214,0.7235680409345543,0.5241807298156839,0.5375584605222711,0.1993256282530356,0.26783724585528124,0.8465342329620462,0.5073256124661941,0.21197706721602516,0.4657753297385428,0.41248666551541696,0.5325563195966061,0.4505426221692646,0.33018787130915467,0.17204768342251875,0.6636312079876168,0.5031378218646271,0.7088351865296811,0.41491530253548775,0.31388630203033246,0.0,0.5492698913026284,0.261041335514005,0.3887746371710444,0.0,0.34058691383383766,0.5128639064066579,0.25743099729457186,0.3629755434777237,0.32473053726602297,0.47399634706044463,0.3427278937710838,0.65937416958736,0.450988786074919,0.24864298927489645,0.2978715845807521,0.7421761466437806,0.4930283226486479,0.41875241727750795,0.5655728260695781,0.4016134089002104,0.5121099431404017,0.3349107237306927,0.6224838667931976,0.4819060254076091,0.35698035645678844,0.0,0.396067271015082,0.3316627945535562,0.260591844063011,0.7719425837627919,0.7530162503460704,0.5519515574104976,0.16851710031092876,0.5549496523501813,0.3711157379094965,0.10990872717685926,0.0,0.3669012451933059,0.48441815061104676,0.4863004783763645,0.3745052668716198,0.39066101767474554,0.3522240037086228,0.35312604191448105,0.3566571578033551,0.3159260890942755,0.4641502970473237,0.36073316798605676,0.0,0.3394002434065634,0.42587531826498964,0.29595967054992045,0.0,0.2780221087817086,0.2946634052769655,0.2946634052769655,0.5482562751192255,0.7531767636423833,0.35893862833174056,0.4457138867990895,0.0,0.45690442187574476,0.0,0.8502030687150819,0.7271615353253618,0.1645655742098893,0.7868723265377241,0.5416333873557915,0.0,0.4226048574491619,0.30779603470636113,0.3896171077347755,0.20962234253594964,0.0,0.5458026586202837,0.4980166923363151,0.7240345789779743,0.5544506174552957,0.470803539681166,0.4532200889891975,0.7252513384164614,0.3426881987950419,0.5020126620232883,0.49996543258169013,0.23000493897206103,0.30666913298964676,0.42692793569557397,0.3695005579633492,0.44475151533733787,0.4857692276493249,0.7450454996484213,0.672013540322663,0.7634890032066842,0.27347821678845063,0.4083507380284331,0.29750286228309464,0.35525973711708525,0.6300188597303921,0.31584563924481246,0.4051374040904796,0.6127457445595632,0.6125143122601607,0.45335590053777186,0.4444873650950936,0.5058976120863279,0.5879988691363492,0.4033990207420953,0.4916913154256063,0.10727415934700081,0.25630893436201196,0.5425838157244978,0.47063923937082375,0.7251689887356306,0.3930404375318392,0.4248597926604269,0.11166970704728545,0.6462268390832281,0.19804107198896337,0.638050730810824,0.8532535529067243,0.8899690334140565,0.5073745269704764,0.33897171613560106,0.30416465001342385,0.41583819830641866,0.38780739729447716,0.4766990484997987,0.5608340249372504,0.5981127227854928,0.4172935216061233,0.6580704281271483,0.3932240010726439,0.4053869338860486,0.5495963381203125,0.7735120557874384,0.5253410878251827,0.10679240072635418,0.7051884144507932,0.8851750636529979,0.6291589134414034,0.20801663044665697,0.08484095605891695,0.531289466938201,0.28618264292392687,0.7526847524833802,0.355541770051027,0.6984512651935108,0.25221615115169305,0.6380466076553819,0.4786420127663585,0.5897059888173215,0.0,0.3377041962248137,0.39099194322615705,0.3315014634814001,0.18523973594238716,0.6871001840364068,0.30924562183029997,0.5156822943484375,0.2580216774003778,0.49843352395412455
ig_lora,MS4A4A,0.0,0.62756116158091,0.21225159347555378,0.862085259382889,0.7968237726402563,0.6878413346573475,0.4482301564795338,0.33516866025859887,0.9412959525421633,0.7117167748634439,0.3735383539670338,0.5801971956459427,0.7470567953008177,0.9579336177122315,0.7478837794806962,1.0,0.2238938554877242,0.9170093905591512,0.625621065541706,0.7964207253581609,0.20710055009306239,0.8432153772714799,0.0,0.8392617568607985,0.4964228886515497,0.7648887691651329,0.0,0.9758919961427194,1.0,0.11977526660278547,0.8367046089391804,0.5233357319094383,0.7714408805586169,0.6807689637319887,0.8977756775387736,0.6620945168081167,0.2478735686234337,0.4380265904356357,0.9681906669942731,0.8465494305830441,0.4930340807127724,0.9050868282065171,0.716413635414769,0.5881033938641133,0.2342905806923323,0.6839847445792915,0.8058543037137587,1.0,0.0,0.9582687338501291,0.6643273731229363,0.5566575182991906,0.991189226204063,0.7746020105922977,0.7282450109222853,0.19284931450493112,0.57226725062811,0.8091640134445243,0.1412024269167127,0.0,0.8673876565627029,0.6014203939444868,0.6579705951364444,0.8173665958137497,0.8776514189781478,0.703620233329567,0.6559176925782625,0.9030945753537114,0.5160050661341667,1.0,0.9376466644317801,0.0,0.7890124532329299,1.0,0.6413871558676723,0.0,0.2610175113169419,0.816303321816766,0.816303321816766,0.7273219551241853,0.9921751568240672,0.4670093467870066,0.930763977756298,0.0,0.9261334804191946,0.0,0.8524409750769449,0.9587079248450814,0.2036199343531877,0.8563406414264982,0.6611439216513973,0.0,0.9207061595436655,0.39433227894150075,0.8794293412707109,0.4175935490701606,0.0,0.6891120185135351,0.7706425279600617,0.9761758102580486,0.9858677218767665,0.8655341865488199,0.9047190272574419,0.7066273300275906,0.8129924022272429,0.8096348909848565,0.7990118240346735,0.5003716329243261,0.83311134061452,0.6624296478545671,0.19073021604245463,0.8809187150470835,0.892992473771368,0.9277104585763427,0.9563118740811591,0.9138118640515694,0.22715068895823798,0.8999802040879953,0.3411262342441207,0.5778670680042811,0.9385970689523975,0.7953802884953974,0.858641429387883,0.7760267682486534,0.7115691727715573,0.9149231232106783,0.9501999741968777,0.8227979887474889,0.6289033042063342,0.7358308811690675,0.7091219453321581,0.08164387695124263,0.5110564442854009,0.7903357253982171,0.92964573005435,0.9729697565653687,0.880858463133361,0.7446466287582102,0.08171250305436448,0.8446975810514269,0.2157882574101027,0.7648215683210384,0.8785459222666393,0.9919505324468938,0.791808877017459,0.7053947689341592,0.8512510413016955,0.6158767364648684,0.7273876768978358,0.7666766942700104,0.8873825796960046,1.0,0.507760647049121,0.9303164386087295,0.9566055930568949,0.5746804882119566,0.8525742101254172,0.9744076548702525,0.8544925949097217,0.137088876002046,0.9416883869367695,1.0,0.8812504979820095,0.3860835346712285,0.06694670088096367,0.9047736622322538,0.6018645342448293,1.0,0.8518974631868681,0.9188238653568715,0.1427745609499263,0.8820300097440986,0.7677482387378615,0.7674729162460551,0.0,0.9049212835079082,0.7911143230257837,0.8678766033029746,0.30122089529313845,0.9466058303479752,0.36181062775170875,0.7731375271615081,0.2348344149818784,0.8496026861893571
ig_lora,CCL4,0.0,0.5948747066498009,0.19770728561988277,0.8188790841285554,0.7379411600548502,0.6662010009702827,0.42672591969885715,0.3295301065425181,0.9029783515333639,0.6688426623750061,0.32182774223599747,0.565966908247105,0.7064439943839861,0.80560230360569,0.8472652951203853,0.7647508983937915,0.19353042784561728,0.8082353291495883,0.5942351818668903,0.7701510298234451,0.19862436189829435,0.7037871192786368,0.0,0.7595681566381733,0.48089608182945803,0.681195623430893,0.0,0.7594603843341684,0.8163909450878374,0.10715534884744804,0.7106726860051917,0.4825505898927376,0.6890786392748608,0.6303465747505202,0.8275277370299079,0.6284201752156002,0.24863412395207074,0.45987141583311564,0.8782032064390546,0.7450941877684966,0.5219643017538188,0.8007381266640484,0.6609895300817649,0.5207037676363313,0.2121591542933269,0.6705106954842657,0.7208227631210893,0.7718796590485251,0.0,0.783809255365368,0.7933988042265848,0.6440656005385338,0.8999917092822892,0.7730583529724373,0.6674980064721379,0.17615572264540588,0.5735109833951744,0.7857197154566963,0.12305322157697109,0.0,0.7251199261310736,0.5788576967972229,0.6444784002238589,0.705029113266953,0.7348208047461212,0.6515101858436819,0.6276537460229604,0.7370533404354322,0.5239284932751376,0.8018954933842455,0.7647484198216359,0.0,0.6852081906547911,0.790889687461148,0.6041942357543878,0.0,0.21886249266844512,0.6988531916235168,0.6988531916235168,0.6708019098851562,0.8934715066829506,0.47935353444144146,0.7888290794636367,0.0,0.771350384367834,0.0,0.8563914537085909,0.8683487399908711,0.1813660751648954,0.8467513973568684,0.6198444314980438,0.0,0.7602120620027085,0.3862213993490043,0.7194624637927096,0.3366879015722997,0.0,0.6465492927199479,0.7052484313709149,0.875516877644986,0.823604281845057,0.771460682359027,0.7709756463603918,0.6698284361074653,0.6966885640981517,0.6975816533059471,0.7010081777630043,0.4191167649116683,0.6981737655803257,0.627277437254459,0.1912803743462687,0.7289546422862184,0.7399437676729324,0.8612431590176918,0.8274635488604569,0.8504205127502933,0.20693053520440152,0.7692170927615232,0.30668791685810237,0.5620743263825021,0.8050149392659275,0.680405805594721,0.726985576347763,0.6976409979462539,0.6555484416995652,0.7387305168458347,0.7776058501315262,0.7185148982728558,0.6119215185996922,0.6698055741669924,0.6686115384281377,0.0770193457982468,0.5192206692268447,0.7261304506632917,0.761164073942027,0.8935855149266521,0.7593225983934517,0.6698136437249487,0.08064579430518778,0.7746540734372395,0.1864680537224721,0.7094522103131665,0.8881002037486244,0.9471070186859909,0.7304975812667942,0.6493133736137577,0.7041656723809584,0.5969452428369703,0.6520025797129776,0.7349664065485026,0.781733592070316,0.8431672655958611,0.5244615331724063,0.8417105472076306,0.7495249645626831,0.5402026731536704,0.7690046717594741,0.8954175896872323,0.7419131696471246,0.12054495882412555,0.8620346250205513,0.9491353293824414,0.7984860977009679,0.39762906344526006,0.06071094086101845,0.7651376192760971,0.5772304108551285,0.8968771061452238,0.7211748189242795,0.848485991852825,0.149297873582096,0.7847808475491977,0.6830383927110958,0.7198786923543606,0.0,0.7504255129685501,0.8527936710803417,0.866627424623386,0.30863709595602656,0.8295239963661107,0.3146662660228401,0.7055138478314618,0.20047849353829025,0.7276594902267766
ig_lora,ADM,0.0,0.24800416754364316,0.13670717620950365,0.5811039558808256,0.5303407677774796,0.4460775054350668,0.34103290003432424,0.13553085745013646,0.6686997081147449,0.41417729834212447,0.2044585813337964,0.26677097141146217,0.44885203005592966,0.5357954124140013,0.6695453666824883,0.3358213164522413,0.127942102006823,0.558890300040102,0.2555882514288107,0.5507821724862125,0.13285801714218595,0.29025554757895944,0.0,0.5183623266057013,0.21395404950535593,0.34964666392010524,0.0,0.34598558165355836,0.5413465297879633,0.087464156433124,0.352161195458622,0.23875630691468105,0.3750973702100465,0.30097225786443305,0.6207909094623677,0.3643345523157609,0.14740669216927954,0.1953912307455758,0.6542674918376108,0.47265679882264094,0.27773679331589857,0.5599764716071371,0.3110018092686641,0.3124510724671489,0.14131453859075874,0.4657771339107715,0.43770240066312166,0.37895623776961507,0.0,0.515295127670496,0.6872499056705861,0.7318904311475817,0.6636933970678945,0.5835947168757621,0.3806771467857034,0.10262015095174205,0.29578381966775397,0.6565943532020884,0.1167284164648507,0.0,0.3761376415404187,0.24937397205705694,0.4200057621324289,0.36373226355717503,0.39687527281719,0.3560952130895053,0.3576700846227286,0.36582484846113145,0.1946343162690342,0.5021988701049687,0.43249277155347127,0.0,0.31277594100939377,0.46522608040436264,0.20292682513958818,0.0,0.16187448783980563,0.29786330240130937,0.29786330240130937,0.39164735299885034,0.6586420438367274,0.24768157088770879,0.47104957291549787,0.0,0.4873800702080011,0.0,0.6256024727410878,0.6353991549917427,0.10337641446270598,0.6286437161427693,0.30541104717307666,0.0,0.44048748606428717,0.2720146901603008,0.29429737935318695,0.20418560572069558,0.0,0.38513321552824653,0.4365175175521899,0.6446387468239707,0.5620141683135852,0.5148920104424003,0.46626168834196846,0.4278808754337845,0.33653717637911307,0.3405312911173163,0.3764497212653046,0.1898309540084275,0.27441310791066975,0.35988361356840004,0.11632759053493723,0.3686980654624302,0.38594931327493043,0.636300831065901,0.5792396255020078,0.6180328867433202,0.15032239517697685,0.4278512981612463,0.19274220470333692,0.214585629219006,0.5442028320511717,0.2528775981573016,0.3810153515344606,0.4076796257898042,0.36400546550160395,0.3423007445457571,0.47248242520260036,0.4107167783022537,0.3477664097729306,0.3750213614649047,0.41726622363512694,0.06476542329973842,0.6613303611794088,0.4805196036566255,0.4247189770355845,0.6479188119905771,0.4779698888272925,0.35815363563275304,0.06384439373721155,0.5303630447624457,0.10218124596394698,0.464285869400622,0.6506297429217578,0.6965944989671465,0.4539840589466151,0.2757124264826666,0.2589877225267765,0.3613858014591936,0.28176692353385135,0.4817665464915187,0.5366672519626524,0.594630844356484,0.30455499996815494,0.6230354457470109,0.319609056760713,0.3501844546836213,0.5195926417084636,0.6659042732153403,0.4665590303878515,0.11124514446536585,0.6393767144046139,0.6989895249630342,0.5658581858304562,0.2560690600712108,0.05761641013302301,0.46720384649699515,0.2068529316262453,0.6606536831075659,0.3636838791559838,0.61526849856197,0.08527732285880586,0.5386930681091173,0.3920635993259244,0.48985963930189935,0.0,0.4168926821147441,0.8162107253712664,0.8360810223235243,0.15358991580156087,0.5866757535431234,0.18955904511732394,0.4290034692454168,0.14564450273272245,0.4060554966140101
ig_lora,SLC2A3,0.0,0.2815379528197557,0.1480595184943386,0.7397288823040106,0.5516792244218608,0.4692911691441021,0.1780920831870753,0.1611026029945217,0.8663530797132374,0.49855075291469464,0.19327119005388843,0.31475978062844934,0.41868930745388305,0.5784603935501805,0.4627443027762498,0.2944544070500226,0.1400637328494864,0.6547541902623258,0.37652516056673746,0.674756134970694,0.15770151399692817,0.27795387637789143,0.0,0.5834540869229684,0.20718086276423534,0.3785210861263999,0.0,0.32535552722539224,0.5590340044062642,0.22115972658940772,0.34822827778870413,0.22936447799783544,0.4151504375209828,0.32907815952174124,0.7034955281440303,0.4246795303419962,0.16489413859801236,0.21864277419570505,0.7941743845802504,0.5211968710779952,0.26061691472336773,0.6084730208164297,0.31849731925651453,0.2871581427346151,0.15625275542186168,0.5832648326354722,0.49793060112701865,0.3385510066093962,0.0,0.3990626727764696,0.3121061950220743,0.24004047422825672,0.8256893095158506,0.7318008716105944,0.43134607309412526,0.11749787751792108,0.3556593749619402,0.36024651841097693,0.11261303396470719,0.0,0.35711164524427635,0.29158534394252933,0.4602092985513082,0.36879087504558666,0.3910363064658064,0.3471300277047895,0.34899172944984463,0.34098461120129314,0.22847989553842318,0.49603886217858756,0.3462279294418978,0.0,0.31970065144959375,0.442990321355281,0.22054881977605728,0.0,0.16045671594541278,0.24962539695187688,0.24962539695187688,0.45567746163980655,0.8095715579029364,0.296068595917551,0.4676152857348475,0.0,0.48208971317625854,0.0,0.8262754112728636,0.7786320609568682,0.11890833688301354,0.7988569429853669,0.35306659291932696,0.0,0.4360480806933929,0.19570587601202372,0.2884854494519137,0.18374634612810273,0.0,0.4432872864166331,0.5132010668579283,0.7797497346285743,0.6073921442920203,0.4959600586970667,0.424926520692433,0.4838900650676196,0.32343824349895123,0.35253550855384735,0.43593865300631907,0.19747987456294103,0.2673180483179336,0.37782615431611183,0.14690326806973086,0.3519569422150558,0.39231509621609206,0.7875023816176642,0.6660089427380755,0.7851548147747782,0.16143710702611117,0.41438003635337406,0.19628674181926964,0.24110414409264325,0.6114526835311547,0.25599010820768425,0.3923569743938926,0.45034967362062117,0.4175012304827761,0.33201788547615113,0.46688252328538765,0.4447830096873219,0.35576923534043964,0.40712321410601915,0.47559792047010707,0.20546887173991782,0.25677381675952937,0.5654847218804787,0.634327524285308,0.7800567722438362,0.3943891253553474,0.5433784530494786,0.22161577310568314,0.7739050173847724,0.44255999737663065,0.5539101835446858,0.843512264530234,0.9203881448671454,0.5151069534986846,0.292397789644041,0.25503254947125303,0.42003196579014,0.29902787371624184,0.49626401427051914,0.6166798100681442,0.6586069711532367,0.3122731042921903,0.7083816999495434,0.537302650105179,0.296684455810246,0.5210873363265979,0.8228537085934038,0.4641630735564877,0.10832808509526275,0.7549954832997013,0.9192123366851171,0.6714086666826438,0.19664752388112391,0.17046974228131204,0.5001736651456774,0.3192478920621275,0.8110145733169704,0.3408838236124494,0.7439982911127275,0.2181040250464569,0.6253181221175604,0.3901516436145149,0.5957949642142518,0.0,0.3116844718000332,0.39140804261008455,0.30391306167420157,0.15146836582444784,0.6850905410458703,0.18628123907846608,0.46930667358234646,0.13040985672724886,0.42729809753964476
ig_lora,ID2,0.0,0.7400762912049861,0.23185269689816176,0.8585661535820595,0.8411856324899245,0.7712307273448192,0.4746398487377323,0.42157058051814084,0.927188097203262,0.765085577066283,0.39796216694938275,0.7001498213407923,0.7973572059397429,0.9000496237320917,0.8064553651739167,0.8984286073007137,0.23305510751191133,0.8867619833872997,0.7374014684941101,0.8229547716259447,0.23604274313001514,0.8944843775651664,0.0,0.8495342548981195,0.5723146434838269,0.8097544526374811,0.0,0.8922633138432241,0.9141896854781892,0.11835246782216051,0.8440572814881451,0.5854608414420875,0.811526078985189,0.7662709014947479,0.8901888577973655,0.7392680505964557,0.3061444194728349,0.5995518794041951,0.9268507695934728,0.8478460059337085,0.6527928133315768,0.8787316343053729,0.8003049262507843,0.61331324970338,0.25039846236827856,0.7299860140260083,0.8265761839337722,0.9004600351546995,0.0,0.9024145375602622,0.7738042777679477,0.6107137648209823,0.943370423071419,0.7860431726765773,0.7875671173329878,0.2186270014684451,0.6887038137448563,0.8400506712820035,0.1383538923431471,0.0,0.8607156186071946,0.7216575815557649,0.7407195658427719,0.8354683905703226,0.8608747213255781,0.778675452983618,0.7483483868196004,0.869526288015268,0.674991174595527,0.9095091228679086,0.8815055458065153,0.0,0.8238473795671104,0.9060943727874523,0.7588554191095387,0.0,0.25196130758030316,0.8646700461730186,0.8646700461730186,0.7824093145575669,0.9408840870690756,0.6305527867790763,0.8868808316543215,0.0,0.8823506684174972,0.0,0.8577486145497524,0.9198438413810737,0.2245187196657907,0.8552519805539661,0.7523976325813806,0.0,0.9047579324267575,0.47383681239102154,0.8602338315745861,0.3953154722833987,0.0,0.7577133840562406,0.8047451376318109,0.9285530832037232,0.9131155756800194,0.8658064998525298,0.8719917747260025,0.7647051061612262,0.8678453693326548,0.8325305112521321,0.8261529972246858,0.5067344736681055,0.843117520189158,0.8204431398982168,0.2340578147753752,0.8615239772911801,0.8667061123764558,0.9111739890706292,0.9058077299819695,0.8951031819816851,0.238418399992226,0.8700454723528369,0.3684776590704147,0.7312939460404443,0.893889470199456,0.8282590336321911,0.8531648432113011,0.8178859071416545,0.7773839417030585,0.8732027134372665,0.8906714493618422,0.8836410665639408,0.7347057692109816,0.8076768249831683,0.7745838282505307,0.08816932115964807,0.4955509013359939,0.8356892971456326,0.8813674148896486,0.9270708778134339,0.8673285748154741,0.7994031844520838,0.09355815275261527,0.846360295467583,0.23041188892751338,0.8197537158044649,0.8828802610745592,0.9660639071006712,0.8282032542475908,0.792545163746943,0.8499379142782152,0.7354944175595168,0.7955098535098085,0.8044618738306236,0.8710682919890431,0.9234307962728457,0.6721223275416516,0.8976647225556429,0.8857059367940436,0.6229947001736768,0.8577996992789539,0.9390651414813471,0.8591085881269573,0.13658081005234252,0.9102494218312503,0.9698363742893028,0.8688003253270524,0.4155806835506803,0.0660677253549697,0.874198177300097,0.7293875362394482,0.9447000195303886,0.8708779526314825,0.8991029517005523,0.1796052105484224,0.875590145821583,0.8110919464698864,0.795270808221469,0.0,0.8754587099460068,0.8347677960120029,0.8651202012132563,0.3727393126951657,0.9031600108378643,0.38141409459095366,0.8301780547212679,0.22490120776671463,0.8561582617810057
ig_lora,HBB,0.0,0.6912275378553935,0.29283626520997696,0.8239954342340973,0.7410856116554971,0.7253621436981619,0.410476467295719,0.42714463102659084,0.9083217909613659,0.7012934687047817,0.36627756856873456,0.6305492049946368,0.7006435590173696,0.8137851295657114,0.7049067616695068,0.7829936365067249,0.2386532569207387,0.8490168635565011,0.6719409536797623,0.7757942995491757,0.29572862735200356,0.730257194632369,0.0,0.767045566193585,0.519072964045876,0.716745789678594,0.0,0.7781728939547126,0.8236823296617141,0.12883321841059406,0.7343686484644223,0.5474313361841511,0.7763989682980627,0.6603883393306529,0.8204074653915645,0.6733839399672156,0.46094028932100917,0.6577033859948993,0.8772302726753788,0.759990043220803,0.5937433554556069,0.8012055788396177,0.7081408010500118,0.5600885626868625,0.2798373717739282,0.6981699352771559,0.7506070789596878,0.7884187955940568,0.0,0.7837703837387175,0.6508223229762953,0.5270413004956412,0.8973187673525724,0.7832446634819649,0.7145658757397086,0.22386602891006901,0.6554861146155189,0.7242885866640704,0.13745078313708955,0.0,0.7470951170698164,0.6442903545086244,0.6776689862503068,0.7285607649813753,0.754842053483906,0.6731292417959046,0.6466065890945716,0.7581079844380582,0.629544825224106,0.8119278183058283,0.7702866297134785,0.0,0.7121925681138849,0.8031802749712157,0.6496502832246124,0.0,0.2989136925230856,0.7177399595371533,0.7177399595371533,0.7106382658531514,0.8911595862973444,0.5556519338730757,0.7845763253173069,0.0,0.7852101840467113,0.0,0.8525932152435798,0.8681834616200863,0.2261500115147269,0.8353526592720198,0.7004806732495832,0.0,0.7763694237666648,0.4453500686645471,0.7706159856686406,0.3840934283127761,0.0,0.6915827412359152,0.7347997859225494,0.8746977101019865,0.8293637645805482,0.7642033475514504,0.7801812289723958,0.7143400504355988,0.7225125451084535,0.8050984051626101,0.7880545821222565,0.46608277418461563,0.7255576426988993,0.6697298035358258,0.2883778683645756,0.7853384563164959,0.8073783644587547,0.8607518703351267,0.8649617907943811,0.8653999761307578,0.2913377064259839,0.7700266290702049,0.39603501295992016,0.6514751815900635,0.847997703251591,0.7206924842735799,0.7565372316320315,0.7343520691306369,0.7035641369244843,0.8070882725634017,0.7911163310932708,0.7764482650064839,0.6557900127314796,0.6939473997107116,0.7071677912796684,0.08625653529436515,0.44188186596951523,0.7476116639093042,0.7775323974435105,0.8737095973597838,0.7564455755615126,0.6957764280473318,0.09051647399282643,0.7827824856030656,0.21915869813832678,0.7310287415739136,0.882276754831284,0.9438219834787759,0.7419064166224143,0.685726898729597,0.7345864856527493,0.6205215725282471,0.7173109019969965,0.7182890045130109,0.7939176777020275,0.8461227604320414,0.5771258379105199,0.835031351605417,0.7699761726432371,0.5979864689407581,0.7891169285013542,0.8906350565909595,0.7954779861735216,0.13530830870236732,0.8537614600752458,0.9453983988629824,0.8048237029176902,0.36611238431117576,0.06548307502190524,0.814046069242049,0.6161281048946591,0.8942093977970285,0.7395221336416304,0.8412215467751567,0.223124660855719,0.8239912079371094,0.757054857798044,0.7441109433755626,0.0,0.7554822907241079,0.7193716248722396,0.7417275323214364,0.3495753285049454,0.8644532367332337,0.40845655517392665,0.75164608617753,0.27781079193778935,0.7878334275016992
ig_lora,GLDN,0.0,0.13476506556005546,0.08454793884996177,0.2678829986606465,0.2522570783617325,0.23779038451700138,0.1433314942788222,0.07710347543879058,0.2990928522385065,0.20209847362910216,0.11554593120002682,0.1336506715644406,0.2285042760194647,0.28840808773757404,0.21939017008906078,0.3127390703542748,0.07410707271591113,0.28151674518982855,0.13644746829080964,0.25666936258852663,0.08809167268614547,0.19526550528784783,0.0,0.26702961872096914,0.10692475685287677,0.18934213423931365,0.0,0.2700151536392099,0.31273907035427484,0.07733286901169056,0.19572973787262707,0.11858978346499742,0.195921575703518,0.1562771762026871,0.3360044083847879,0.17851161835384807,0.08213221813374301,0.0936649975912979,0.3092576737922786,0.2485362023569217,0.1280323891854176,0.29163812758962143,0.1736296454822674,0.1759834435426148,0.0893607041360098,0.2184770849124478,0.22457732869037128,0.3127390703542748,0.0,0.27195907303739314,0.16951769694412303,0.17713642402573623,0.3099574941279192,0.2558062279849631,0.19251745711685408,0.0694940347522546,0.16319705249241123,0.23818203189856577,0.07169236693329603,0.0,0.22577629106492497,0.12831707311208534,0.23136342014523237,0.20228528044693297,0.23287689695317437,0.17797604594256125,0.16974659065414796,0.2342984876168622,0.10755798746599295,0.3127390703542748,0.292285527549204,0.0,0.18128942928700356,0.3127390703542748,0.10847576706667982,0.0,0.13026994801236855,0.1418036626146302,0.1418036626146302,0.19854081961622932,0.3118632498782505,0.1285754466172905,0.2796785505193596,0.0,0.29840746256478984,0.0,0.27642626680831806,0.30004493402787136,0.0645836246319468,0.29243292257475223,0.1618011780205346,0.0,0.25821720646990876,0.13581012290687142,0.1877613400443824,0.1412624285710771,0.0,0.19528758858280407,0.21625897379095707,0.30775207170652263,0.30419428701126183,0.24924549789600958,0.3013710335164798,0.22065203101744138,0.2015689834121866,0.19988350689213347,0.2062909896301161,0.10931735135855743,0.15345917284550928,0.18096126592751033,0.07465275304798222,0.2686381553576494,0.23955540651104704,0.31745600408064073,0.2973147155506022,0.2886759670415133,0.08724448001350778,0.2501537673092103,0.11658554955878629,0.11382343780063113,0.2873216013737661,0.13496783102466628,0.21289993309143695,0.21261510920188292,0.19851567490577574,0.24178703825738043,0.2812145397889145,0.22308959550760957,0.1694222518949563,0.193883922903577,0.20759111354959228,0.043863352176945376,0.23895156710256907,0.23518022000692967,0.2543013029334413,0.3074783491039008,0.22773821112858977,0.20281068451678705,0.04632643398365256,0.25323966017512245,0.054441280503565656,0.22221876636753948,0.288889847477717,0.31073817352699806,0.23536515917096917,0.15115624183241222,0.15384814717522002,0.17957096670578487,0.15879877456833116,0.23581886624029635,0.2713933925535935,0.31273907035427484,0.13339264477320797,0.29463077721331,0.23583602026715803,0.19985306397381758,0.27226180990448506,0.3054465688846611,0.24924454978775562,0.0708538380087111,0.2917868503409213,0.31273907035427523,0.27240156295217977,0.15008228852317093,0.0561165075146251,0.2674134429460546,0.10680112988847633,0.31273907035427456,0.21677205357524418,0.2946881338279765,0.05961104704796123,0.2679559524497223,0.22890415818821144,0.2387591379772004,0.0,0.21291429292330574,0.22783411731397618,0.2178098948327268,0.08270950853216735,0.2943457167235863,0.1301925167867255,0.2334923636747809,0.14170264739872282,0.2318499250093059
ig_lora,ID3,0.0,0.7136766326668447,0.23184911191060767,0.8564792863218177,0.8084128993875442,0.7579736995082063,0.4761425692316,0.405080897321458,0.9266385037958399,0.7451041787608963,0.396542148416767,0.6823761873877511,0.7761823505716695,0.896846893658347,0.7880032254434335,0.8904661323232258,0.22864192412352355,0.8834476071509205,0.7180986007135823,0.8130669615885444,0.2514839325004874,0.8709154772710452,0.0,0.8366535865315979,0.5522318405682737,0.7886871622399602,0.0,0.8831416884720795,0.9105845978148782,0.12770294894842626,0.8268691765644719,0.5705562869011623,0.7942573080424038,0.7393437880777263,0.8826194552511055,0.7146068673649368,0.2965062781322099,0.5622142075213606,0.9261217051927205,0.834505619530216,0.6215916097639358,0.8706042284683634,0.7800977574726529,0.6158645539301428,0.25881484458612214,0.7216741503991548,0.8104900037770724,0.8931376900714398,0.0,0.8924965815330761,0.7477981243809092,0.5965329998936648,0.9443364606313834,0.78283935166289,0.7777689576998568,0.21192728074229195,0.6766664402253701,0.8212943289555136,0.1377654950835222,0.0,0.8464130990997774,0.7086417414489393,0.7438274364919438,0.8174042895565872,0.8469069772218389,0.7532885913844656,0.7205280370957747,0.8563758363637105,0.6430819920221849,0.9047531585419355,0.8705565562123919,0.0,0.8032280035524865,0.900423756657478,0.7279797780738505,0.0,0.2549752939191328,0.8456877391657478,0.8456877391657478,0.769870027597924,0.94165035597047,0.5898571865881851,0.8780802279060497,0.0,0.872897598028753,0.0,0.8582423884533432,0.9183466759956418,0.2185049635562553,0.8560541273692462,0.7483870656210921,0.0,0.899193356406223,0.46926375468072407,0.8472175466524563,0.3931412990030527,0.0,0.7454928555089042,0.7874070745553983,0.9309132111190249,0.9096001741010427,0.853876565126676,0.8665929776539245,0.7580035614092292,0.8476554560692076,0.8189516090493779,0.8295640032082302,0.49768922944052546,0.8245652751186234,0.7937742994212219,0.2451736280664158,0.8504172813556409,0.8580987798881463,0.9032956105144692,0.9050860457850413,0.9075364260299239,0.2384521454242124,0.8578338295096367,0.3662221155400372,0.703970753327869,0.8912353110055042,0.8071473633629418,0.838042491629963,0.8148135345689455,0.7783927114225919,0.8653546230904074,0.8824094616905791,0.8790462985115848,0.728789560853434,0.7881032898114885,0.7688495822703808,0.08654412708767463,0.49052838309863,0.808050657745054,0.8711054642201029,0.927988960223729,0.8545966749970342,0.7770008176976915,0.0909633469558382,0.8365213728976117,0.22517584959635345,0.810441691899817,0.8843618746280878,0.9677414718353536,0.8133512671135653,0.767113257328449,0.832381745992122,0.7118751279329782,0.7832943741615811,0.7883586749789522,0.8615470166154257,0.9217615230880184,0.6334023157974611,0.8932075449966682,0.8751448871925912,0.6247179130069989,0.8467623115131134,0.939597009674186,0.8483055114851948,0.13566674461685554,0.9076626941687542,0.9719143929033913,0.8611009366841252,0.4079769490543259,0.0655785048947384,0.8671803634165474,0.7070922740404626,0.945909201147272,0.8585637158679478,0.8954700458924015,0.18258198168088263,0.8708025550116423,0.795573249333329,0.7811012719622336,0.0,0.8624971614726392,0.8267932216265179,0.8493603147446943,0.35865522955276313,0.9021161307100247,0.3830955031745768,0.8180998911652857,0.22983384590160916,0.8463409027845799
ig_lora,ATP6V0D2,0.0,0.6326580610778726,0.21048988142880154,0.8563140416794578,0.7899613486655824,0.687794237795124,0.4394060883412529,0.3415442509400335,0.936071206716889,0.7103699501824637,0.3653407264375741,0.5874809088322744,0.7421893515503843,0.932535933774723,0.7435367230210375,0.95058289300718,0.22070806158430467,0.9013286359104914,0.6711339878695711,0.7927742008144046,0.20704550158583507,0.822842717937653,0.0,0.8293332720032772,0.4970854725781824,0.7575890397789149,0.0,0.9325619450781325,0.966466963112015,0.15072638102247912,0.8194338835668297,0.5212370763241043,0.7639924195427513,0.6813051944731445,0.8870595408357245,0.6635903451423582,0.2515342849594828,0.4518598348028489,0.9552137895504823,0.8336150164043221,0.5046735352127345,0.8887321902694388,0.7135695728629017,0.5806331363580617,0.23108340021016643,0.6840684210324892,0.7967135872008136,0.953053748356821,0.0,0.9228891149625653,0.6662728830591538,0.5508143813332709,0.9777702157411841,0.7735383220714861,0.7251735674846882,0.19308655409013292,0.5790936621343107,0.7960776894017688,0.13816820912968453,0.0,0.8457441364606353,0.6081786514524594,0.6595270805244281,0.8034014236600058,0.8556560616782238,0.7021559470692058,0.6583105615372787,0.8749115858352456,0.528613201263388,0.9624429986854568,0.9034709814245564,0.0,0.7776805127676569,0.9591771724841922,0.6459509391854523,0.0,0.25114814117294293,0.7994409305857278,0.7994409305857278,0.7245105388861357,0.9774098261251031,0.476715919239586,0.9036818678995397,0.0,0.900514713486296,0.0,0.8511520193416348,0.9457706421879573,0.2026867983536056,0.8536243475380326,0.6631871638140876,0.0,0.8937429475631049,0.3926628121846793,0.8531923841490876,0.4007382353928669,0.0,0.6889788038666376,0.7651892102047625,0.9612197332987774,0.9578512156738328,0.8493060776848793,0.8796004843868303,0.7067842387656347,0.7984577007062695,0.7960115685471473,0.7881743883905574,0.48907980410762597,0.8140565991055139,0.6641864579396319,0.19314350792942625,0.8566819992968823,0.8682763756042607,0.9186195391202862,0.9361153577034826,0.9057123328013517,0.22384769117189768,0.8754084485061658,0.33741229186247407,0.5869635614243804,0.9176327289601538,0.7818358760641569,0.8395729360165042,0.768609953315055,0.7096811586387816,0.883846104915423,0.9198336297563311,0.810069270025425,0.6330548531234156,0.7318736466725598,0.7078215891384935,0.13396316532854916,0.49504618433594716,0.7843754906086358,0.9091573830144095,0.9584301921152045,0.8584930622770663,0.7736821553591239,0.19217396714453108,0.8664950527568428,0.2515121899230422,0.7619757667590626,0.876557458754098,0.9859322651429183,0.78449837320546,0.7036869166640954,0.8288565796303925,0.6194341490938986,0.72321222643035,0.7612458961865193,0.8728167504182619,0.9731735704896121,0.5168757830828339,0.9162803934416186,0.9205659000890037,0.5674245967191549,0.8387784417020886,0.9627570062557343,0.8382860524067299,0.13449539581301787,0.9291639575322795,0.9930449997565661,0.8706563793127439,0.38059202613810683,0.07907227653585293,0.8829987949135757,0.6903570020164882,0.9843512494522737,0.8321127662899008,0.9081254556809609,0.2214021830911144,0.869029675030857,0.7601804340792001,0.7638707702519992,0.0,0.875208152444849,0.7810411616728504,0.8442872623128658,0.30426816420809955,0.9289071366228047,0.35490906881201556,0.766513485767967,0.2264021848806526,0.8327843037261967
ig_lora,SPP1,0.0,0.6354882691801812,0.22651714215328805,0.8477575549905082,0.7872059042567932,0.7055641016497223,0.4655668278627935,0.3592610990252666,0.9321406304252258,0.7019007371237153,0.3663799235774114,0.5945172168984363,0.7292065022359668,0.8994584392551747,0.8790576178769407,0.8954986572852909,0.22106638014351887,0.8843553667614241,0.639026935088679,0.7894858599914955,0.23996267325503945,0.7909722309886921,0.0,0.8162744621732467,0.49089184068873065,0.7395069933161501,0.0,0.8822232345522881,0.9258377567831096,0.1247410977150621,0.7912129815819844,0.5178065221865928,0.750883910507644,0.6706730868342116,0.8785651858768614,0.6573650635482047,0.27614099333996434,0.4615205848610378,0.9371881149106078,0.8120912775024974,0.5313109153295675,0.8658870602971565,0.7037535053846834,0.5775526516754289,0.2510502145139661,0.6836620832491086,0.7788506046183741,0.9000421939250608,0.0,0.8934846159295768,0.8339263980660364,0.6768335244590244,0.9595531008949365,0.7773519726663117,0.721312247358841,0.1959233443707069,0.5960173334424239,0.8923444661917965,0.1380628671971459,0.0,0.8136963894519952,0.6168388228060357,0.6724625442788167,0.7804087157178337,0.8256719975312589,0.7036148636177748,0.663421415459083,0.8392460307301283,0.5521421521979109,0.9178918021527285,0.8635743028457822,0.0,0.7545756445955571,0.9115757869337077,0.636921929354653,0.0,0.2638271729362088,0.781636492104761,0.781636492104761,0.7190042354177196,0.9575277648137903,0.4834214755777066,0.8679768642142517,0.0,0.8662679829276214,0.0,0.8529895477987072,0.9276279689542619,0.2048472432358897,0.8508385114566497,0.6706515699554116,0.0,0.8578349010269207,0.4211381044007269,0.8215319877826041,0.3973862785689351,0.0,0.6877739842618162,0.7518081461746745,0.941173371184689,0.9238390940021884,0.8402682865637188,0.910713329718515,0.7078763530405005,0.7724067486725168,0.7855207179895867,0.7817763121001373,0.4890690540815187,0.783199895098723,0.6619388435225698,0.22216016145555526,0.8284196447205355,0.8433268445654226,0.9097773921832142,0.9151361992061539,0.9028648698420227,0.235520162439343,0.8413970742862168,0.3492632164945391,0.5932361615999755,0.8970321639914056,0.755702093284435,0.8102788255195196,0.7644834852366201,0.715937274149684,0.8540342626345848,0.8812265471311928,0.7950988256725403,0.6483642416631629,0.7179805105006173,0.7152976179165924,0.08282975485926401,0.5369817667247425,0.771407654632528,0.8626134471954321,0.9385044649667265,0.8508075998212209,0.7233435923061864,0.08438553053468029,0.8226457257928436,0.21444786215601272,0.7510025135727239,0.8789541498012451,0.977429676095894,0.7689853378472774,0.6896106914809842,0.7949896098003445,0.6166536243515536,0.7180733321796449,0.7592869141416851,0.8507280019567809,0.9394992226388524,0.5345402765749656,0.8992974376248027,0.86796806705407,0.5788067136795275,0.8244372003356458,0.9484932265396109,0.8256490084284949,0.13474548742725342,0.9204567802773187,0.9833403656541769,0.8538964888851879,0.3770113151155142,0.0656468153668933,0.8614454194162223,0.6056116096219533,0.9635074676234349,0.8015255232281249,0.8926307794452607,0.16823294275491898,0.8544287007107059,0.7531482256687118,0.7545605300003418,0.0,0.8529892804548017,0.8787403689281784,0.9122507148947636,0.3049586079287961,0.9101735376410365,0.36997112220465433,0.7571492429208578,0.245278804627532,0.8142808458057819
ig_lora,SPOCD1,0.0,0.3339080132924385,0.16220810498389449,0.8283439721021526,0.7540281036226386,0.5546255688938123,0.25216952203842335,0.16170164041868404,0.9411002010120165,0.5967068557658026,0.2775492248382922,0.3589421465518167,0.6536352636084174,0.9398896969402151,0.5934524031428603,0.7540983606557378,0.17851058783014642,0.8521314319604434,0.3453895122421755,0.7506878133530703,0.15096711811348376,0.4466575181995444,0.0,0.7450183542327182,0.25208675423132726,0.5277543367347544,0.0,0.7131147540983607,0.9385245901639344,0.09901532602236196,0.5506501087568364,0.28711735348401024,0.5653867988491299,0.42352115375741334,0.8497147214915938,0.5111981579984911,0.16730762115164413,0.2263592419522272,0.9446962537880029,0.8241273343314158,0.2774969669255152,0.8229378219003477,0.4214584582387164,0.3963331091259037,0.17421078610609947,0.6318782581437862,0.6640456528548925,0.8155737704918034,0.0,0.7753813941385425,0.39583005378427244,0.3308208683656483,0.9747998997159867,0.7587237474739734,0.5442916167676132,0.12836395900424083,0.3934489949314888,0.5409496181733601,0.14120242691671267,0.0,0.5938692807051864,0.3323640395465568,0.5551259861564508,0.5580383314425795,0.6448277718464615,0.4485845730657662,0.4293622615123768,0.6177409412916349,0.23640317222204676,0.9180327868852459,0.6795969510285058,0.0,0.47259945086886646,0.8946135831381733,0.25569630645674024,0.0,0.2568654067035606,0.3697659311860763,0.3697659311860763,0.5687101217383196,0.9739267246649387,0.3195750504446662,0.8430728676794886,0.0,0.7846360077039233,0.0,0.8481437679767463,0.9315908632483424,0.13427657808206686,0.849733233570225,0.42737874271664184,0.0,0.7438536751471518,0.23224960154697843,0.49524209435178657,0.344797392615654,0.0,0.534942706340734,0.6466641261416621,0.9512372534799971,0.9282786885245902,0.719312981084224,0.7070832708888379,0.5765830549511874,0.4961120333193801,0.5175938605094337,0.5756417436625382,0.2867760940695033,0.7498250471665359,0.46527120570366665,0.13052040382016786,0.5951985122444962,0.6564588338819236,0.9136920416728086,0.9019097676237542,0.8864861186785932,0.19200629594926288,0.6961839775991103,0.24226010204746334,0.2665954163054245,0.8617999178698165,0.37066014254631985,0.6245172170251276,0.5935589217086386,0.516468926162751,0.6076390704950164,0.8116894488495403,0.6327147972277745,0.41498169023131726,0.5371688115102622,0.5691366978874983,0.0629607219248615,0.4275294071684441,0.6941318229577736,0.7460556825736571,0.947641894177392,0.6522039734034517,0.5059819967478543,0.06243401318446438,0.7805897586243516,0.14021466750479838,0.6675132470425951,0.8729285819088948,0.9857567971805469,0.6642463023209472,0.4358758953433716,0.4060108111165713,0.48561975137419805,0.39802882163930325,0.7484980347959576,0.8008969928360402,0.9611734253666955,0.3417881701562324,0.9221178818572583,0.6311475409836066,0.3978418317593458,0.7198622008052993,0.9559523892716403,0.6792058492959615,0.13263252917782375,0.9084493672066631,0.9938007990081278,0.8482868239090567,0.26821960942062434,0.06694670088096369,0.7636559973027188,0.27333864686427356,0.9832339791356184,0.5560043635642568,0.8822321374304745,0.08168424771226347,0.8037088100420469,0.5329371253353247,0.6937365043473477,0.0,0.575966578102912,0.560899741779277,0.5171181640038148,0.1653766001718221,0.8954690759369355,0.24083877156319458,0.6128367852078915,0.18275963946916146,0.6424588402223459
ig_lora,TRDN,0.0,0.44218474204563024,0.18957603522327937,0.8251378297067391,0.814652433973648,0.6006860848129634,0.34020840509082373,0.2327081755765354,0.9396404216777894,0.621820748298905,0.3215083346788117,0.4341396000598615,0.7059168374943489,0.9186519079986026,0.6372001215310087,0.7747401533946264,0.1995658089680845,0.8402954821610835,0.44685217474722827,0.7636144707723227,0.1819378189993312,0.6028437635370181,0.0,0.751692136821277,0.364305484553193,0.5979288948336589,0.0,0.7562825314977867,0.8873700766973133,0.10811425158375178,0.6385542116345493,0.3941800382693375,0.6203053615778651,0.510290728799011,0.8530617980837908,0.552277591763328,0.20300589871185176,0.3025458521083877,0.9272815042581194,0.8256696107480337,0.3583369751942288,0.8207393758612535,0.5253449129602462,0.4689171299220777,0.21001479313227422,0.6411620636965307,0.6890833211809294,0.7972661380551638,0.0,0.7798489275041708,0.5057087872329569,0.4889699344707904,0.9551717428244092,0.7738364318195629,0.5954712136112119,0.16130488561925987,0.4517237276017598,0.641751552843598,0.13993011806349007,0.0,0.6703459883287401,0.42937054173602407,0.5911183677281567,0.6337125708830765,0.6974152510655649,0.540257533448957,0.5172696318502449,0.6949656067404514,0.34387217143939386,0.8648440920367759,0.7592135423370946,0.0,0.5828800151848209,0.8440508754270492,0.41450572944893943,0.0,0.2520700931265923,0.5614406012989969,0.5614406012989969,0.6080466541066379,0.9521345314071462,0.3677287745121908,0.8388357066889148,0.0,0.7847776883906392,0.0,0.8500782640739487,0.9150025824765381,0.17094380266050363,0.8517087805487328,0.5040249513696623,0.0,0.7593064406284964,0.29985279583109214,0.6401515720579286,0.3703871567100162,0.0,0.5755024377066806,0.6697302800787303,0.9304652280155064,0.889219332498994,0.7466311216651084,0.7581853276245514,0.6110263530127029,0.6044679144861391,0.6119940449522467,0.635475831120119,0.37652453463543184,0.8016063196224281,0.5252318014649924,0.16194184949923773,0.6765681711814567,0.7078997202347824,0.9165484624406639,0.8785400240518175,0.8782624644422806,0.20996427114695249,0.7295128796609704,0.2881085959607669,0.38624133171895825,0.8440909483069521,0.5482605313539274,0.6811797462271075,0.6377517204906613,0.5720397103561274,0.6963500601295437,0.8017037991924891,0.6742637751922189,0.49167872080874786,0.5922559755666641,0.6042719037228944,0.07474011412998222,0.4984028407297428,0.7071217125015303,0.7616578294498225,0.9277340356778017,0.7020253770386838,0.578785227969476,0.07332300491862806,0.7811372636618682,0.18219425902601524,0.6831862874054585,0.8725305494474604,0.9772766951770339,0.6862126200378788,0.5614789517221641,0.595535930440321,0.5215527071809828,0.5202495252576509,0.7884513241345392,0.7991091235474531,0.9189064552220656,0.4185941873891428,0.9247747392589218,0.7234956462518851,0.46271483368586974,0.7349080890265541,0.9399313261928056,0.7094501922868498,0.1342168529042308,0.8939330945663582,0.9837812910444131,0.8501176212750896,0.32899289453757785,0.06603376071925193,0.7700775130411245,0.40126924758922283,0.9594532276110327,0.6476270380441824,0.8716316551395941,0.10867064319530531,0.8005120511372509,0.6016981956340737,0.7033496143912134,0.0,0.6805138139334913,0.67427204588528,0.6956484216645195,0.23068578522516128,0.8759853066123123,0.29465645586450473,0.6484693916677907,0.20037495131584399,0.6874911169197327
ig_lora,CEBPD,0.0,0.4108256293270407,0.18055050587215965,0.7841945580810965,0.6328337020285489,0.540987051465496,0.2888201512062207,0.3097319472239578,0.8861478306211009,0.5997200651908715,0.7630041349870164,0.41102788948869584,0.5357234796321685,0.6989093271027413,0.5622824786896932,0.5492285681405703,0.17651164650078618,0.732174400917569,0.41518883969733034,0.7265203961828792,0.17840434606506553,0.5420858122757618,0.0,0.6776153052311069,0.35231135370447453,0.5982129442561146,0.0,0.5513830611029734,0.6994857120937136,0.09878113714474832,0.5252128092852567,0.35020080408064436,0.5394176219347694,0.46090356076335015,0.7614060718741653,0.5102970717655458,0.2066293682482006,0.30614094978769213,0.8424052434402375,0.6296887462876045,0.34813706163327685,0.7019058171838819,0.9168567079923571,0.39952682605697637,0.19444676225191693,0.6310598861211171,0.6025491884269889,0.5729533803436982,0.0,0.5932494956151295,0.4454291225430656,0.370410274607974,0.8855750264776403,0.7479384649504736,0.5317632223265363,0.15250971617062764,0.4440361809829673,0.5227857245423472,0.12491717741081537,0.0,0.6912815001667486,0.4036710274212784,0.543329001697731,0.5303807082175558,0.5628838745211067,0.47570731696202556,0.4605039778775715,0.5430911697092953,0.344731118717866,0.6619214261054277,0.5572095643206708,0.0,0.4931697347738686,0.6311870102968302,0.392911641909228,0.0,0.20916686454968866,0.46419003013025395,0.46419003013025395,0.5471188674166114,0.8594171881827908,0.3793610129222775,0.6525864867874771,0.0,0.6310907865559309,0.0,0.8476684612287827,0.8553586553527803,0.1577972577612141,0.8632238264973596,0.4601662563332209,0.0,0.6634149473935357,0.2714874800335699,0.5045367481273225,0.3592541247202163,0.0,0.5262400661114306,0.600527620640287,0.8346628735214551,0.7250412309985966,0.6203793694685894,0.6098632254733688,0.5560845213570923,0.676412546255838,0.5514409405528604,0.5419481766500376,0.3311516168243733,0.4794700472191211,0.5096667461211045,0.16545827262257973,0.5384959670660444,0.5638311937291819,0.8586267903413921,0.7505039376290552,0.8181310266832216,0.19438538024893784,0.6165420838251336,0.625272459135016,0.7441481329802455,0.7102805000559824,0.46039566456233094,0.5574426358399791,0.5569999308210235,0.5132264327975349,0.536650169882531,0.7380549312752365,0.6920217050526163,0.44910592903847074,0.9308035653267025,0.5592002118292257,0.07272393832755708,0.35289196515965937,0.674855522560178,0.5974300119885819,0.8577972853904808,0.5658343551439028,0.507047284039893,0.07436365514570413,0.7101582545760375,0.16293059490987902,0.7518854853747601,0.8897396900986616,0.9383228050405128,0.6267130959254623,0.46267521300857917,0.4790420957744039,0.9229305013945677,0.45707835092407123,0.5888339230604812,0.692768002091357,0.761356300780302,0.3848398355393284,0.7739533278109413,0.5341268057103936,0.4278138137342698,0.6528273238783776,0.8639596948262765,0.5937302294667491,0.12110833397130918,0.8084006778143816,0.9394486136308229,0.8104211034288696,0.4119520526478087,0.05916576274619931,0.6315518312690039,0.38011862994302964,0.8624765123140723,0.6917568554052753,0.8061873881632702,0.1182572484607062,0.8817150240957946,0.5209939725783306,0.6515815282769363,0.0,0.5276008863419298,0.5345771757084069,0.5110748314813525,0.23215243718041154,0.8179922328004111,0.6627029699817855,0.8782957459337577,0.17610927905270643,0.8788034283107172
ig_lora,ANGPTL4,0.0,0.37275615553496383,0.16925965439634738,0.8119154056802409,0.6769173648113878,0.653631526182769,0.3843332662009463,0.1971144847294621,0.9185350347875357,0.5786733731786746,0.2724171287554481,0.3827939398515313,0.5452194792680857,0.7560772950858548,0.5990320407709494,0.5609702873319942,0.17266323642155892,0.7773453681784327,0.3798221494887496,0.7526522790349635,0.16541121339513593,0.46242931562496714,0.0,0.7334220549870529,0.3516616684022809,0.5126729208308174,0.0,0.563624255249652,0.7689317301747338,0.09681804236239021,0.5208181693482996,0.3317367452871153,0.5409748068254827,0.4382426812593685,0.8593272475725567,0.5055645161780836,0.18545440242746078,0.2655346441230525,0.8886746424990035,0.6744624492903162,0.33910567197815644,0.7704169255673424,0.4771444472730754,0.40438614151649305,0.18503152791853134,0.6321594336549042,0.6206819269005085,0.600882079392722,0.0,0.7478739544067563,0.4523599129020945,0.39424899146235104,0.9158813996031193,0.7615703078212989,0.5299247470131209,0.14006748645313435,0.43737471115038173,0.5450658220199565,0.1332902218477737,0.0,0.5432644573562129,0.3675660917716199,0.550694641103325,0.5286246194033517,0.5762167946951378,0.45687720426146083,0.4407579935379131,0.5479710271710123,0.2962495222093715,0.7256064295824964,0.5711530382710588,0.0,0.47477787505057,0.6864073480942816,0.3389536315312994,0.0,0.20944994090459657,0.7011652895924584,0.7011652895924584,0.5500759140672752,0.9146493176842172,0.34235829213146834,0.7203778719419709,0.0,0.6717389412526216,0.0,0.8653593625841229,0.8728181178523116,0.1456313415755103,0.853281012379128,0.43964621141789134,0.0,0.6344673260484851,0.32740545398312343,0.4860661813433422,0.29453823700046877,0.0,0.5244903075767233,0.6147927452865566,0.8836606619900532,0.7912985568585292,0.7166668395344845,0.6615372750185466,0.5662934814429272,0.4887369485027371,0.5022744587198056,0.5446379066495819,0.29506455586564984,0.44799497754359574,0.6058254361410104,0.1480718383830503,0.5491501094858684,0.5784710810181275,0.86386365611946,0.8062336198168655,0.8483795181532943,0.18862847852383685,0.6713591255358478,0.2505056181579782,0.3214561524985637,0.7623483758795948,0.4208459287815525,0.5676165099238406,0.5782737131965802,0.5118149615358443,0.5379417087940637,0.6743707223440076,0.5856888933477009,0.4403556293378527,0.5224268868952942,0.5706437488418652,0.07137581889728478,0.4075928741007606,0.6589803120426182,0.6288693084072277,0.9150359118225793,0.6440009906138038,0.5389263279182114,0.07087959402704334,0.738255348243997,0.1510692752996558,0.6387048788263899,0.9092481543224996,0.9609114140413085,0.6483981963429145,0.43372957805876394,0.4448825121578582,0.48711632558425044,0.4260891236331836,0.6245230281932191,0.7393547687411594,0.8311424182046132,0.4081527647182148,0.8244586016536358,0.533817995935196,0.4862373221997317,0.7221862403114409,0.9125370727740485,0.6389890405453381,0.12787765485479122,0.867527910844641,0.9651563720104758,0.7703201906170528,0.31641121213578166,0.061425304777148956,0.6685043692186092,0.3307001373963861,0.9139157426141165,0.5338948277400772,0.8499204621594708,0.10050022618106533,0.7404156467381136,0.5218546760737935,0.675596585816731,0.0,0.6104375494962258,0.568156738441647,0.5346201677375397,0.22979305807091222,0.8120154833596264,0.2533381280914777,0.5941464737318208,0.16975524053877689,0.5849686357121613
ig_lora,DUSP1,0.0,0.5290456397936618,0.38279640562193473,0.7582051470479718,0.5903138677144798,0.4997101634082738,0.2594559468824324,0.3281051913056999,0.8410287738825878,0.6742486428977807,0.2362448067544848,0.6703946037793497,0.509422312944593,0.5922113630357774,0.5082350455493823,0.4605556470941771,0.35477325497043805,0.6618033573234074,0.39422333797491227,0.7138018392600242,0.239729413952519,0.4326152172956883,0.0,0.6209470245279152,0.505126137850414,0.5411757217611869,0.0,0.46460590607330376,0.5819306264979873,0.08499243297772587,0.4610902911979116,0.32084384831692986,0.5642704396377696,0.42684748722006666,0.686674471374392,0.6587692958400927,0.29455371178463235,0.445496091160951,0.7593612575060108,0.5563495952088574,0.4429565719614773,0.6406041381633496,0.42643736864030285,0.38062046385363624,0.2598962635831627,0.6566486823481131,0.6070796627325856,0.4774132831224841,0.0,0.4983599924834879,0.41565321276283945,0.33224458422490377,0.7838065595397948,0.766797577883475,0.5718007836431656,0.33113970117118935,0.5642699270750606,0.4626581349008149,0.11644342853410791,0.0,0.46918252714321507,0.4923881902810129,0.48749509709045663,0.46778474888158084,0.4858738867478129,0.4367272237638276,0.42922082338699896,0.4668319019141064,0.4280858514571972,0.5480331097275538,0.4733091671800974,0.0,0.4462665158441027,0.5222064302834141,0.6783279347691947,0.0,0.17451071892780867,0.4172368998929946,0.4172368998929946,0.5633849555307275,0.7704970780814929,0.44686542365875664,0.5286041160530934,0.0,0.535764051759984,0.0,0.8445095963075149,0.7439960073416584,0.3253247469398789,0.7972755812745995,0.5053369631422271,0.0,0.5119333349848367,0.2513615462668237,0.44077595717832346,0.23819701240106014,0.0,0.5723399897823106,0.6155012940982892,0.742384208915888,0.6106224771442209,0.5387389034752019,0.5022569128115962,0.6273608999282454,0.44673816608279154,0.4540631395783602,0.5549265481871746,0.279450246883999,0.4268414820631397,0.5423239265301267,0.36385830864948593,0.47061912473074063,0.5583937155128792,0.7722364340729863,0.6473223923254303,0.7530831880010065,0.41862860316830586,0.5861036521588866,0.3001587116517357,0.44107142785882836,0.6093943403197627,0.6280501580160514,0.8926982143950434,0.6093831291475028,0.5008515063882385,0.46061071767418754,0.5297848543802022,0.5031446984908334,0.5315712372455588,0.4754178575442405,0.5104286745970968,0.07259921157766157,0.3014447347585107,0.6359773782172327,0.5062008411112213,0.7431483299659174,0.48781499242070514,0.4626188530701515,0.07573911033138912,0.6419759098422451,0.15282667016924345,0.6534050343814618,0.838702508640219,0.8907186243567479,0.6876108539661142,0.6008773833172182,0.43256180928902493,0.4814824482299271,0.5036279228885743,0.5728938021240586,0.6119956785722052,0.6441962778706275,0.49888888539124693,0.7111277713973826,0.4543600044339595,0.3545171093628384,0.5537071751761808,0.784420564601249,0.5163492492416675,0.11387245921244124,0.7245911164692072,0.8862396262579557,0.6582425515669251,0.24928964847605384,0.05654284014986155,0.5406217604807224,0.36815273090237394,0.7677392369433262,0.4599721418927187,0.717458502753838,0.11222344040451679,0.619692727529327,0.4706294181299066,0.7299420154957322,0.0,0.455021454310875,0.4750796768521264,0.44670734645654236,0.3411154374777344,0.6622868590033298,0.22455471711747144,0.5119642360339958,0.14299051003515445,0.496753534166897
ig_lora,CHI3L1,0.0,0.4312450000014422,0.19266684027738745,0.8123513331945067,0.71005835389096,0.5742246188104512,0.3201987802714329,0.2574341034328849,0.9142534713259362,0.6078921302627427,0.3393010262563004,0.4314766391279688,0.6074940198136433,0.805905530962689,0.6212581478868309,0.6874234390408929,0.19854951110075839,0.8099734122881951,0.4381532754125209,0.7435675411470579,0.1961245830949888,0.5617310249919613,0.0,0.7276292993280041,0.3495271225992996,0.5726430056349449,0.0,0.747624491251966,0.828082891472491,0.13820905427432997,0.7452450523791139,0.6495864096164127,0.595243274106421,0.49430609884716525,0.8203352112082577,0.5547680217849241,0.2168387353464986,0.3021959552536357,0.905078582159557,0.7015289127335628,0.352271389099395,0.7828084522840922,0.5052712878723197,0.45193284429528935,0.2198057773365309,0.6355081009237986,0.6636262181659721,0.7134714857874851,0.0,0.7151355004301603,0.4893994654940393,0.41829257591484864,0.9331492922118987,0.7560118236502903,0.5787208829544078,0.163905439583735,0.4491774987670368,0.616759542987713,0.13891227098091197,0.0,0.6647014105145481,0.42853088314682425,0.5507104035766954,0.5997911362396782,0.6526466925526234,0.5309420246766648,0.5245496789068449,0.6415699557682701,0.33968006221314473,0.7977445782029307,0.6697817466895459,0.0,0.5525240372126389,0.7707771886299881,0.403595956267135,0.0,0.2470633256540625,0.5258482843856761,0.5258482843856761,0.59187642153262,0.9277776311494406,0.3652877561767542,0.7315785945053145,0.0,0.7357497419964844,0.0,0.8426610611741072,0.8924387876391765,0.1729403475623965,0.8331191947034944,0.49413241752325543,0.0,0.7076610832752293,0.2887257938736175,0.7488521476922634,0.44209180818276045,0.0,0.5642272841665205,0.6499812245192755,0.9050265478728499,0.8396592401615021,0.7011073370365767,0.6872330809094992,0.5953964444005372,0.570026837815356,0.5785734322677041,0.6162928354779459,0.40515248061652137,0.5482589761160147,0.51635470561167,0.17781105108795203,0.628809427839911,0.6592642501423482,0.8747499210103871,0.8420374115766471,0.8629002476003546,0.211113339446425,0.6811779179707618,0.30569313092521433,0.3796882526282535,0.8048343251742478,0.5165402429908229,0.6404764281452111,0.6197841906903135,0.5663277981036987,0.6389426550323362,0.7453476242210005,0.642616645963625,0.4841561675636661,0.5717209582482108,0.5877934269970638,0.0763084382944341,0.44570985015634024,0.6883660994082377,0.7066978759203247,0.9029012587668719,0.656744582306507,0.5560422676878453,0.07535154633105476,0.7620533797711712,0.18315884905132412,0.6679471936461338,0.8641874246009354,0.972347394923299,0.663828940289948,0.48395037732535157,0.5525305438701454,0.5128198424605255,0.49874940137112145,0.6387611748477846,0.8212146054772048,0.8726539936833267,0.39448100985587325,0.8442537118472173,0.6519960759514195,0.44228035375349317,0.7034502415567354,0.9203727473520871,0.6733674124748709,0.1337703323375786,0.8713129107883482,0.972926439601967,0.7954613558407301,0.29767849469953483,0.06545279879816264,0.7268430322600306,0.39305609196305896,0.9338780351817273,0.6060824717388775,0.8686376147184722,0.13505673888580777,0.7731599523973504,0.5760981980353251,0.689490245240633,0.0,0.6253687297214342,0.5962112553987724,0.5946126597006208,0.21968128400138467,0.8436804687143556,0.3198660804047781,0.6256325421698101,0.21512183622439277,0.6500632223987194
ig_lora,OPALIN,0.0,0.0,0.0,0.0,0.0,0.0,0.0,0.0,0.0,0.0,0.0,0.0,0.0,0.0,0.0,0.0,0.0,0.0,0.0,0.0,0.0,0.0,0.0,0.0,0.0,0.0,0.0,0.0,0.0,0.0,0.0,0.0,0.0,0.0,0.0,0.0,0.0,0.0,0.0,0.0,0.0,0.0,0.0,0.0,0.0,0.0,0.0,0.0,0.0,0.0,0.0,0.0,0.0,0.0,0.0,0.0,0.0,0.0,0.0,0.0,0.0,0.0,0.0,0.0,0.0,0.0,0.0,0.0,0.0,0.0,0.0,0.0,0.0,0.0,0.0,0.0,0.0,0.0,0.0,0.0,0.0,0.0,0.0,0.0,0.0,0.0,0.0,0.0,0.0,0.0,0.0,0.0,0.0,0.0,0.0,0.0,0.0,0.0,0.0,0.0,0.0,0.0,0.0,0.0,0.0,0.0,0.0,0.0,0.0,0.0,0.0,0.0,0.0,0.0,0.0,0.0,0.0,0.0,0.0,0.0,0.0,0.0,0.0,0.0,0.0,0.0,0.0,0.0,0.0,0.0,0.0,0.0,0.0,0.0,0.0,0.0,0.0,0.0,0.0,0.0,0.0,0.0,0.0,0.0,0.0,0.0,0.0,0.0,0.0,0.0,0.0,0.0,0.0,0.0,0.0,0.0,0.0,0.0,0.0,0.0,0.0,0.0,0.0,0.0,0.0,0.0,0.0,0.0,0.0,0.0,0.0,0.0,0.0,0.0,0.0,0.0,0.0,0.0,0.0,0.0,0.0,0.0,0.0,0.0
ig_lora,PPP1R3C,0.0,0.5929755188238414,0.2822095520687792,0.8274326585483093,0.7647397177126768,0.6414039298428429,0.40103604210671034,0.3614895288450698,0.9177395046956789,0.7189102107111534,0.3428065462166151,0.6179847566900141,0.7117036044870123,0.8452725913648136,0.6830161092459572,0.7900799642375184,0.2415075027877008,0.8321598476130525,0.5711413822451433,0.7790498571657158,0.22204700791171214,0.7069370813115547,0.0,0.7767719973626818,0.49158096425273096,0.688980928245673,0.0,0.800135862333495,0.8491199742957163,0.11467638289574467,0.7164258963947752,0.4813697365210987,0.6996447516515059,0.6189005625747785,0.8525130257259491,0.6966385668381103,0.27290127837618344,0.4509467530043434,0.9071871821421635,0.7913740505723785,0.5013488153019302,0.821763463040611,0.6370256310647621,0.5228559908538275,0.2423646456942455,0.7058385024704711,0.7386378418506603,0.7988266323942884,0.0,0.7909732302892126,0.6032058331733571,0.4971959886469481,0.9249880400100976,0.7931803035733805,0.6947355917268779,0.22832381315534112,0.5728333493909259,0.7007966301497347,0.13938280657099483,0.0,0.7342744597354482,0.594686648393949,0.6255214132610815,0.7076865315568424,0.7457047819877028,0.6629551868670124,0.6295968243731456,0.7493974327606352,0.5083420076704979,0.8335116957745835,0.7687356077564131,0.0,0.6824623949842124,0.821179228794923,0.7002103341755391,0.0,0.2440680148132013,0.6861994781585373,0.6861994781585373,0.6775292172139203,0.9252620783149553,0.5107728835886692,0.7993962120134078,0.0,0.7914117558732121,0.0,0.8593419367553681,0.890959920420415,0.2273144329668912,0.8517221441902354,0.6181790977985794,0.0,0.7804416597904191,0.3687820893172064,0.7292376954837562,0.36441269493419326,0.0,0.6703182997625466,0.7322477477154695,0.900992076478316,0.8545000864413653,0.761830532031993,0.7660125601461362,0.6769045604631112,0.6965413888316412,0.698523581729643,0.7137252468036622,0.43655549723126713,0.7421738884343205,0.6412112220636133,0.29064920011522344,0.7524066867911826,0.7582900007785215,0.8945643640014297,0.853531329965132,0.8658022746095461,0.26900590173041694,0.7789561562421433,0.32531440532614064,0.5507281347607298,0.828638561322301,0.7208788826429859,0.8265681677299023,0.7072034894902709,0.6643497983344459,0.7521299430179157,0.800881286133037,0.7252697933310913,0.5983817449836494,0.6660360636965321,0.676749150567937,0.08239836343876468,0.4495846204053915,0.745792398437416,0.7823866960484126,0.8993356435733899,0.748519142804689,0.6743294940099278,0.08526549509551663,0.7880573487334812,0.1997450405901804,0.7196197598462603,0.872253093524902,0.9616157706572801,0.7535423992772499,0.7122690225194543,0.7097495990241883,0.5926284125152195,0.654043044777205,0.7488320714395819,0.8904379515703097,0.8762010045503313,0.5495899247534725,0.8731639244125622,0.7697385820798229,0.5139734389567979,0.7680137799689444,0.9150293682526345,0.7461468538682793,0.13569642404635623,0.873934757787731,0.96526503005369,0.8216061740770011,0.3575823999471067,0.06481128749968998,0.7823743546392286,0.5493006364706243,0.9245599871478581,0.7220400208218534,0.8582333659501479,0.1481074960410189,0.801392939984378,0.6897998093767317,0.7749180280796323,0.0,0.7456079465434892,0.6964471708881069,0.724219403508811,0.3488758478525935,0.8538057962860396,0.32757195510020176,0.6989754564603877,0.21488415354487608,0.7359723107468465
ig_lora,F13A1,0.0,0.7046021005050246,0.36814408262095477,0.8938367294198905,0.7089733431826333,0.6939936324507424,0.3717202460916753,0.5058113060198762,0.8907675283554268,0.7350132006498992,0.3249661417299145,0.7277035437115905,0.6578496517677338,0.7784750162840227,0.6662406710779212,0.7296544368145399,0.35415161486239466,0.8294875546319097,0.6224344790208899,0.8169488740477002,0.3131547341844561,0.6755936420295777,0.0,0.7360083015853883,0.5939200237977389,0.8009456121669382,0.0,0.7256689938891596,0.7862383918998687,0.11312737476843367,0.6842062648120856,0.5000471904016998,0.7664544327170679,0.61185715382236,0.7984282269441307,0.7159742646865366,0.3739060312893891,0.6008860585673131,0.8604509025667412,0.7229025286830357,0.6669559531211885,0.7759703930204511,0.6605799974235367,0.5247595790480216,0.30166718546586346,0.7580379051094082,0.8439358938259838,0.7373785957626959,0.0,0.7361480402288669,0.6013345358325664,0.4793683552328154,0.8823560307826319,0.8225733597668721,0.7754528224924142,0.2726182008506651,0.6611227086311908,0.675287236925755,0.1319826860233284,0.0,0.6972694824018456,0.7153379294480035,0.6447090420134565,0.6800561801636767,0.7071764265412623,0.6249077160185905,0.6003942182317002,0.7071090094412786,0.5916517190495811,0.770206271292359,0.719555066916167,0.0,0.6605845173639209,0.7581118645182725,0.6475720415661188,0.0,0.2742988958865046,0.6614294023165704,0.6614294023165704,0.769973893219595,0.8746309753807056,0.6553835503333127,0.7415853885201312,0.0,0.7432927409807959,0.0,0.8763809773214717,0.850393927466657,0.2749452294566071,0.827670789590298,0.7029758657835131,0.0,0.7313290858828941,0.4092119254239185,0.7199289304328376,0.33942549188898763,0.0,0.7533300236651499,0.8370416444413585,0.8561358961080414,0.7957109528961827,0.7244640926699781,0.7356057453820071,0.7153279706158712,0.6709042951931937,0.737531622317048,0.7862270162087811,0.4196534487148548,0.6702757279995989,0.7399329286394785,0.31696002579938326,0.739138233483536,0.873770998606912,0.8455947157577499,0.8394401177380899,0.851243399449807,0.3720357175240681,0.8079833103414883,0.46732994000466926,0.7008794794303774,0.8188111845102192,0.7616158961654738,0.7833830808414869,0.734625975166288,0.6613790166792236,0.7613299047458094,0.7478743965420134,0.7371661448567923,0.6507001306956417,0.6505096309892817,0.6691781817117,0.08197866975560025,0.4071135864859327,0.7963051641619749,0.7315114228222515,0.8553318543156081,0.7089755000917478,0.6489093690508473,0.08550772916780099,0.7582610187915441,0.20621067400321963,0.739891118385699,0.8831117523498964,0.9377777256663565,0.7725646645817347,0.715886362539065,0.7228083801991759,0.5855096644025581,0.7166588891120814,0.6820677172333015,0.7625079724620468,0.8161650170338871,0.6580794790658888,0.8118471096048074,0.7163013123903306,0.5603151177390708,0.754157784784469,0.876305554466093,0.7574103548430801,0.12959108665433616,0.8345549643950919,0.9387216723446291,0.780475382096555,0.3388310889840983,0.06278502231391317,0.7771956108896564,0.5620901365764014,0.877443344689258,0.6887498760451364,0.822191631297755,0.19929356029455858,0.7971821257307368,0.7157096092219228,0.7760431249158289,0.0,0.7027501415768814,0.6730315629655718,0.6885732346777328,0.5281786469144865,0.840618748794221,0.37584040032497795,0.7151595946741917,0.2488551126551519,0.7471667494435306
ig_lora,NR4A3,0.0,0.6605798716911451,0.2605230017727012,0.7642170369318424,0.7116821451295049,0.6835960503656446,0.38001005741214566,0.4505472666874568,0.8455390700962955,0.6692022104032803,0.5312059930888102,0.591032800488246,0.6783672421855635,0.7182977004756006,0.6553022165770835,0.682903427903544,0.19641076141541408,0.7745497861295072,0.639225374339086,0.7320984044008519,0.2505040235726659,0.7052157029552849,0.0,0.7542895656803926,0.47105308891267245,0.6940466831049527,0.0,0.6815785779967252,0.7194914939146735,0.11385086177987808,0.6626913490913906,0.5080727833970393,0.6841784422652653,0.6623197111549195,0.7532928297043803,0.6223877881532601,0.3108995515407614,0.5464297555812828,0.7964328996649653,0.6986247067941543,0.6108279936005967,0.7535069422488393,0.8996444383495047,0.5017792154363667,0.22778093404648858,0.6668183473267256,0.6756302411128073,0.6874333789334933,0.0,0.6888453589362619,0.6162213231209235,0.4847355762601323,0.8222935874922794,0.7541555464852667,0.6518870836908532,0.18696384486143305,0.6757940559608805,0.6583261136084313,0.16339656854150109,0.0,0.7360291595031989,0.6018550503879911,0.6661668367483393,0.6797455085691071,0.6892152557326285,0.6452667621348936,0.6358497716823406,0.6737291511290242,0.5775460842890306,0.7082711536712605,0.679661432632616,0.0,0.6679775803282725,0.7002785825389662,0.6186449358990002,0.0,0.2772726911922328,0.6499507255024638,0.6499507255024638,0.6513205546884888,0.8122032993898441,0.58397350591585,0.7079542484369353,0.0,0.6958163273823641,0.0,0.8314902596553733,0.8029146299288445,0.19009161716568843,0.8554618094731914,0.6487205097770452,0.0,0.7197043391919355,0.41773947542522194,0.6920516552034316,0.35151560645231295,0.0,0.638612315642601,0.6693538044544498,0.7852778341623816,0.7281768348752532,0.6877874954434835,0.6972757168415233,0.7006369223498443,0.7350866258075295,0.7387527659928933,0.7050354900029684,0.4374009495740666,0.6545556621593827,0.6633264927882264,0.25249446928151825,0.7094221682626415,0.7314150574162479,0.8292035301480916,0.7843759358250152,0.7971739208232578,0.24449013407987166,0.6843519921023503,0.5560414317645674,0.8538399683380531,0.7695813739381118,0.646261115996593,0.671788712086412,0.6671846694955469,0.6554282709835124,0.7304699197812691,0.7476131582177299,0.7927092742950934,0.6170484873931221,0.8737900480939179,0.7006799230957318,0.08118769144963703,0.3992714071137014,0.7146706442792106,0.6876339011538698,0.7871331474625265,0.6760536997027874,0.6605979853132488,0.08745169938213082,0.719480743708481,0.1929963446336981,0.755792639419441,0.8711897352439558,0.8857473557422362,0.7035183274345561,0.6490420905792028,0.6568625876399549,0.9304677506735723,0.6612792613891606,0.7049945633883625,0.7226302540148537,0.742592194415818,0.5727384292576136,0.781055151535909,0.6768947372473106,0.5565721848759086,0.7246949598836707,0.8088974195252617,0.7169148158750334,0.16047377930138187,0.7724167834925871,0.8817315487856461,0.7821901555031001,0.4407144009351243,0.06064260899722342,0.7524420778633071,0.5935059805463554,0.801093968412223,0.7546752956327668,0.7759191740244133,0.21095132174035597,0.8840013940171638,0.7134707922508334,0.6929914776780596,0.0,0.67102556822215,0.6576733033341541,0.6640803916630689,0.3276011094483271,0.825860118202002,0.5824351546908834,0.9078425102780319,0.2559735472496607,0.8965386525213846
ig_lora,COL27A1,0.0,0.29317346579160813,0.29415749919111944,0.2384149726162355,0.28024172528633,0.3144008258629491,0.13448006856254016,0.21385588129870556,0.2541542308987353,0.19827045854003456,0.2089465023974767,0.19539239684885143,0.2842355808778376,0.24972292358453996,0.1973179640658999,0.2345472642118693,0.1750258043249815,0.3061381162066322,0.25760026932918245,0.2298213619761538,0.26002341258363015,0.20275305136457195,0.0,0.23252283570571528,0.18631290350755206,0.19448753083807657,0.0,0.2385112381769184,0.25119595486507557,0.12725794450650935,0.6031127024142952,0.9513768430182133,0.28984284571939967,0.18784075611235596,0.2451098472457164,0.1901531120068062,0.2105212575411806,0.2271589158644141,0.2540207341806122,0.22570017943481568,0.21193774266425652,0.23802647584144587,0.2881506814118656,0.2138063942771997,0.20052705258228326,0.20904774264690862,0.21406075009896483,0.2385112381769184,0.0,0.2359543508175439,0.17151712382885925,0.16431404919688536,0.2585359455997976,0.2324592750345639,0.23047242575957816,0.13434354238102952,0.26974382993018475,0.20368610762354358,0.13645864538641958,0.0,0.3554564634999063,0.19754941306512244,0.25454271410340845,0.21145949831921979,0.22490078584168896,0.20599023308550699,0.2573851668646529,0.22750289225843603,0.1701181486800933,0.24842117308954123,0.229918490132052,0.0,0.18449258421397013,0.24564639131400684,0.14349766740576406,0.0,0.4523867434798018,0.17333500216065367,0.17333500216065367,0.20482190047449353,0.25781241572173264,0.1792124447593319,0.2335579923886333,0.0,0.23701895766601266,0.0,0.24485468096272894,0.25530038401618016,0.1402705109514904,0.2502104949933636,0.2707475696278758,0.0,0.24082303558670629,0.317109108241143,0.8061635655425818,0.43845002662710086,0.0,0.20715097892379894,0.2042919272433114,0.25562437455876547,0.25353261320236764,0.22023810046457443,0.272363525321506,0.26848562484462796,0.2244649618954798,0.4210486299896158,0.3508173055560794,0.19720932929380663,0.20695103975616144,0.20802098618017467,0.22971192120905815,0.3629424966130603,0.4014516280867217,0.2527641497613685,0.3241424357981058,0.2724437413110978,0.2897079640552992,0.22228471424325866,0.3082602891543451,0.28618027972554355,0.3348984973339132,0.1918426948795056,0.21884701560351846,0.2372629756004802,0.23727004010100566,0.4478371434598913,0.24329369013000837,0.3359562664788677,0.21757538415382263,0.21408535055722164,0.2830433962026146,0.06857664183877424,0.1710248704275303,0.21702193922153235,0.24238916452798068,0.2551744454186206,0.20893912040056709,0.19437765715864824,0.06737786339696909,0.22998262137320677,0.14622383040513795,0.23203777069896653,0.2699182707037072,0.27120683275440527,0.21161229801139453,0.19264837802062726,0.17567259666704782,0.20083388190164003,0.3019109811737819,0.21678378615714836,0.2524077497503342,0.2547274953066648,0.17625261686294666,0.24756782486988596,0.2385112381769184,0.37511223150516615,0.2983887709966805,0.2560490345122158,0.34969584399782655,0.12960272719530844,0.2498274745413823,0.26093043519236037,0.2478815821741186,0.1902456989999613,0.06404225593777207,0.33359975760877053,0.12695426617880737,0.2587528073601481,0.22281964584603275,0.28390793541633613,0.1947946359561261,0.3061798809337523,0.35563059730412433,0.2149536392841494,0.0,0.20700922820985412,0.2065532953044301,0.2055010091186623,0.1451591879960109,0.3148632419594165,0.38569630935582305,0.29728067571059424,0.4303910316976332,0.34807309699306066
ig_lora,COL21A1,0.0,0.1343080237463226,0.12774824942364776,0.1716676983688212,0.20543444314447218,0.14432878679723898,0.10839120354600729,0.0959373858617461,0.18591174543096173,0.1508390450459579,0.16775995141099265,0.13320865810749521,0.2064395847610951,0.18894220012194884,0.14815613622314303,0.18991097922848665,0.14915310232057752,0.17595790970516464,0.10547973728258457,0.1653094667401399,0.10002550131211842,0.15305731897251035,0.0,0.16289284643202,0.15401082873993086,0.14871929495270308,0.0,0.18991097922848665,0.18991097922848665,0.07212802742846351,0.6226000036438158,0.8568683653785651,0.1649908782049112,0.14988597493373984,0.1759775108903305,0.14932082675860614,0.1178560964815196,0.1498521865852643,0.18643943061428192,0.17076937359505737,0.11044822140430378,0.16996084923711333,0.14590221681714752,0.1382992625036776,0.12920365747425577,0.15284309032159424,0.16330187728758358,0.18991097922848665,0.0,0.18526518558387572,0.1271966378451232,0.12282855188456446,0.1896002387603519,0.16421561274980342,0.15717246604185994,0.11283643092139076,0.11678300958947165,0.15020035686929886,0.12975164723770913,0.0,0.27390976220030944,0.12150688410140828,0.13692664583830105,0.16231514186934629,0.17088885964430697,0.15653736342212476,0.1927530357961281,0.1730994754404176,0.11103541412834211,0.18991097922848668,0.16384492018433663,0.0,0.14044604530083046,0.18991097922848665,0.10698642821813863,0.0,0.17166473789758166,0.1331792375559348,0.1331792375559348,0.14401307384956477,0.18863099344144893,0.11018253123389547,0.17729599073487465,0.0,0.17140041553901664,0.0,0.1742955014975528,0.1869810012891544,0.11639885226175482,0.1733499731298363,0.1361946535844227,0.0,0.1869165710810062,0.11429173852887618,0.55514787171721,0.37652810949474474,0.0,0.1430977295485087,0.15500620755937933,0.1877459136095783,0.18991097922848663,0.16629519263910453,0.16441221366076653,0.15086880442971384,0.16504045035708712,0.15967635056555,0.15941489560002664,0.15983131323309788,0.17075383502800667,0.15091148036276422,0.09137143676486931,0.15029024108633587,0.1676933189417579,0.18360537056875406,0.1810239151137951,0.17727419214948967,0.15051831515108863,0.17389629221607217,0.1281673373127039,0.12973928852661978,0.17933114099671102,0.15116468459343743,0.16940170779390917,0.1466404172670848,0.12966345968564844,0.15817146453315983,0.1869165710810062,0.17039664574075178,0.12479842570531362,0.16063960696172794,0.1684913442194014,0.06191790622556478,0.12235550362635787,0.16142897881572194,0.1882640547473724,0.1884137751547465,0.16023418416340746,0.14030260792755234,0.060550887098844014,0.1706081968520422,0.11901331036323029,0.17030629346596765,0.17860459260503148,0.19640291765295095,0.1557641619586321,0.1440562295233649,0.131705476155794,0.1488614979944565,0.15457179601085316,0.15507509732810237,0.18500417979130027,0.1899109792284866,0.1314536037818434,0.18184178152484387,0.18991097922848665,0.1309998119220341,0.16722724075225606,0.18759254009640702,0.16477702013989107,0.12258121462299816,0.18446384183501865,0.18991097922848635,0.18246730105381054,0.13938783037324168,0.06283847015326084,0.1637218999859341,0.09081866963020724,0.18991097922848676,0.17244733446997856,0.20550390633575633,0.055175161654009014,0.1797602183310533,0.15262341288531817,0.15919915482866248,0.0,0.1613329618151797,0.1510840496245815,0.15514895209742402,0.11998162600269051,0.18168181206716147,0.1250843559688979,0.15424249211657384,0.09073693466231413,0.16078570994570665
ig_lora,ADGRG6,0.0,0.37580316253031,0.4921361026951546,0.5066351275257491,0.4299555970585617,0.4502450458664468,0.21393607064411757,0.2978388463592132,0.5760120727886743,0.4972515575565161,0.2305130242071685,0.3511024967973858,0.39046452236001666,0.43466034492825195,0.35624921497856155,0.297000948502698,0.24620124924109363,0.5126072927562522,0.3213248335665172,0.49909891955864727,0.251678597002199,0.2757365247130591,0.0,0.4337364253799428,0.31821385593115303,0.3346370490338359,0.0,0.31532363512291867,0.4220597013413181,0.10669487741944769,0.3163728247857419,0.3060657827465051,0.4122794404353905,0.7585153746765985,0.49283826610481307,0.5969537876069575,0.26608753371874766,0.3086121168974239,0.5397068388729377,0.39316725898443206,0.3115233553062175,0.4446740362964277,0.3526754632311302,0.3008354233959868,0.20995116805896785,0.46824531258436136,0.39451746284825,0.3178440739758013,0.0,0.3427295669873741,0.27182459055354397,0.2497039400251505,0.5491543722230846,0.5356444293731056,0.39373909165211507,0.23078346290119603,0.3955348495999814,0.32904692908966376,0.7688990017690226,0.0,0.33660693853121404,0.3288207033316167,0.419423770810061,0.5635415781479746,0.5544119387672419,0.5107695674252113,0.5221351201523247,0.33640778089725715,0.25985075565396104,0.39228380780831323,0.3198358646534707,0.0,0.4945134940155174,0.3672093711489408,0.28792860500544665,0.0,0.5140142400728639,0.25163582441451526,0.25163582441451526,0.36824309585019954,0.5409427709717654,0.3377475470786831,0.3793770734949484,0.0,0.39015226429312205,0.0,0.5673890676457741,0.528764880697278,0.21846287868114606,0.5500381223434913,0.3689109805117963,0.0,0.364160137053343,0.30347887727939454,0.34911854454783914,0.23262625345428278,0.0,0.3956093068576169,0.41098802166219994,0.5383197667360078,0.4657741862057788,0.37917829344204956,0.390474862157606,0.4481812546433763,0.32066143454228485,0.4297423228394276,0.42727977548369983,0.7349400734700288,0.269328475780572,0.35406202965127226,0.27547192342102844,0.3939610296830113,0.4358356916866981,0.5342976342838123,0.5220916115782152,0.5403419182678582,0.36838807738467994,0.37951692445711793,0.31120440916246583,0.3345174827264412,0.520737960931472,0.41855260035983577,0.3938909075192994,0.38923830323781883,0.37996961173165716,0.4136922670840786,0.3846394733832008,0.4313042114481952,0.36104143851317166,0.34109727041584464,0.5394727156985205,0.07375716792584616,0.2578592174353274,0.4367793813548575,0.3537706720488369,0.5353039496925615,0.3289419410862354,0.31687746083861645,0.07422826309439873,0.4485964990652893,0.1396253383993237,0.433001284701634,0.5879080953983333,0.5929099384376268,0.4866914770160869,0.4314611239951948,0.2653686831766602,0.38637526694455565,0.3613616871296415,0.3775905937980635,0.45624851005308775,0.469124823377358,0.3437969247910928,0.4924299141030472,0.2948318318442302,0.4022382840239833,0.4584380411719736,0.5468827247561431,0.44921810107041754,0.6730343790881855,0.5315720603838778,0.5923050773430011,0.48378048981345284,0.4197673601010708,0.06047266411738106,0.4486343659407485,0.21500539934114954,0.5411632754733369,0.3322203159039048,0.5183162835479953,0.1813400951755976,0.49895168500158554,0.4409560572433131,0.5283197585343137,0.0,0.2932783094590599,0.3332842726695165,0.29468297186380216,0.2531353353605344,0.5278517647074225,0.3300622455332194,0.42725323268970955,0.2684362511356294,0.42698220526892877
ig_lora,SV2C,0.0,0.3339080132924385,0.16220810498389449,0.8283439721021526,0.6912301515868359,0.5546255688938123,0.25216952203842335,0.16170164041868404,0.9297508945807429,0.5967068557658026,0.2775492248382922,0.3589421465518167,0.5553441010569055,0.8776481247263705,0.5934524031428603,0.7540983606557378,0.17851058783014642,0.8521314319604434,0.4050565650475074,0.7506878133530703,0.15096711811348376,0.4466575181995444,0.0,0.7450183542327182,0.25208675423132726,0.5277543367347544,0.0,0.7131147540983607,0.9385245901639344,0.23744081617917207,0.5506501087568364,0.28711735348401024,0.5653867988491299,0.42352115375741334,0.8497147214915938,0.5111981579984911,0.16730762115164413,0.2263592419522272,0.9446962537880029,0.7164274153233673,0.2774969669255152,0.8229378219003477,0.4214584582387164,0.3963331091259037,0.17421078610609947,0.6318782581437862,0.6640456528548925,0.8155737704918034,0.0,0.7753813941385425,0.39583005378427244,0.3308208683656483,0.9747998997159867,0.7587237474739734,0.5442916167676132,0.12836395900424083,0.3934489949314888,0.5409496181733601,0.14120242691671267,0.0,0.5938692807051864,0.3323640395465568,0.5283684156049693,0.5580383314425795,0.6448277718464615,0.4485845730657662,0.4293622615123768,0.6177409412916349,0.23640317222204676,0.9180327868852459,0.6795969510285058,0.0,0.47259945086886646,0.8946135831381733,0.25569630645674024,0.0,0.2568654067035606,0.3697659311860763,0.3697659311860763,0.5687101217383196,0.9739267246649387,0.3195750504446662,0.781875504374397,0.0,0.7846360077039233,0.0,0.8452432183234694,0.9315908632483424,0.13427657808206686,0.841105105873935,0.42737874271664184,0.0,0.7438536751471518,0.23224960154697843,0.49524209435178657,0.344797392615654,0.0,0.534942706340734,0.6466641261416621,0.9512372534799971,0.9282786885245902,0.719312981084224,0.7070832708888379,0.5765830549511874,0.4961120333193801,0.5175938605094337,0.5756417436625382,0.2867760940695033,0.4177888420368016,0.46527120570366665,0.13052040382016786,0.5951985122444962,0.6564588338819236,0.9017124070516647,0.9019097676237542,0.8864861186785932,0.19200629594926288,0.6961839775991103,0.24226010204746334,0.2665954163054245,0.8617999178698165,0.37066014254631985,0.6245172170251276,0.5935589217086386,0.516468926162751,0.6076390704950164,0.8116894488495403,0.6327147972277745,0.41498169023131726,0.5371688115102622,0.5691366978874983,0.21048201205960218,0.4275294071684441,0.6941318229577736,0.9693372898120671,0.947641894177392,0.6522039734034517,0.6565372198089422,0.22034023549278486,0.8829751989413864,0.4423553051079455,0.6675132470425951,0.8701436483991822,0.9857567971805469,0.6642463023209472,0.3819675395482234,0.4060108111165713,0.48561975137419805,0.39802882163930325,0.6320014123942014,0.8008969928360402,0.9611734253666955,0.3417881701562324,0.8846611270498599,1.0,0.3978418317593458,0.7198622008052993,0.9559523892716403,0.6792058492959615,0.13263252917782375,0.9084493672066631,0.9938007990081278,0.8227518199238898,0.26821960942062434,0.1924717650327706,0.7636559973027188,0.36512681442977907,0.9832339791356184,0.5560043635642568,0.8822321374304745,0.18638437420963475,0.8037088100420469,0.5329371253353247,0.6937365043473477,0.0,0.575966578102912,0.560899741779277,0.5171181640038148,0.1653766001718221,0.8954690759369355,0.24083877156319458,0.6128367852078915,0.18275963946916146,0.6424588402223459
ig_lora,GADD45G,0.0,0.7909115293085811,0.23678271528519082,0.8925973701388871,0.8693867109830219,0.7933003432190544,0.4971997739471607,0.44321750524488296,0.9500316738900556,0.805315224583105,0.40213481635908777,0.739213409416419,0.8542361193258949,0.9774087946973096,0.8463666781210493,1.0,0.2434863179772595,0.9484452274685636,0.7869912959116603,0.8418625277335714,0.2398753187790034,0.930317945453991,0.0,0.8983566991913873,0.6058520807943647,0.8737365612183121,0.0,0.9902419984387197,1.0,0.1225183877154207,0.9217542917833573,0.6217180242619708,0.8734762017378058,0.8207825761302393,0.9293263943477941,0.7794228095830762,0.3128830376961371,0.6228862646344396,0.9773312799269531,0.9115708583020932,0.6690639137986154,0.9433582684458247,0.85018078852101,0.656069501086359,0.2576835288745199,0.7442929994305718,0.8854222120277919,1.0,0.0,0.9814527706000574,0.8115522094725257,0.6403465633038976,0.9936366633696011,0.7955497791246121,0.8396200064459388,0.22623670270795146,0.7187510689061546,0.9045820067222621,0.1412024269167126,0.0,0.9379261371144566,0.7674952298009505,0.767595404387584,0.9086832979068749,0.9413746382603625,0.8359326291645817,0.796935031685532,0.9569309223794273,0.7080665478269578,1.0,0.9730746960046323,0.0,0.8966591607671494,1.0,0.8137971770851375,0.0,0.2617779700373416,0.9183570319185628,0.9183570319185628,0.8321981262302679,0.9945039791978567,0.6150623060128381,0.9660884789010439,0.0,0.9630667402095974,0.0,0.8615047972466657,0.9708526528318222,0.23355623415626203,0.8735247752271564,0.8023339542966484,0.0,0.9620050347813397,0.46356399705614815,0.9479353973668978,0.4233710218046455,0.0,0.8017525915158775,0.8549651279747449,0.9836208695524084,0.9924104432301154,0.9266550108448108,0.9543445338941909,0.8070974224838952,0.9103921927338873,0.9067599466048277,0.8938175674145445,0.5502562448698278,0.9258272624953422,0.7942930666613769,0.23555141620792863,0.9456368046954077,0.9499113707014915,0.9456039094237826,0.9739280538871433,0.9341392546054446,0.24437833259008868,0.9520738477921644,0.38336813082253957,0.7598209180024359,0.965063849576364,0.906586653443551,0.9307631490879427,0.8725669543483717,0.8297785281930502,0.9632622577500656,0.9761374876360039,0.9048359569199478,0.7738629510007349,0.84776694847031,0.8130069648563873,0.08852392585621113,0.5255659168037873,0.8611682506015221,0.9670682140679937,0.9813124242921067,0.9429113469180689,0.8607163429590238,0.09317174528472477,0.8926304264059248,0.2410637055389672,0.8411782019830389,0.8883723039602768,0.9931070651413055,0.8718823858568978,0.847031899254275,0.9357674951075503,0.7329874875426524,0.8610211686145829,0.8550567343192489,0.93207203219759,1.0,0.6596863732685282,0.9538581823219966,0.9824355971896954,0.6464858344122681,0.9161198092092891,0.9810723280811242,0.9231281633485322,0.13914565145937924,0.9592521258112365,1.0,0.9198055311047337,0.4295904827985325,0.06694670088096367,0.950555555389824,0.7796035814569591,1.0,0.9306754083002361,0.942150340829035,0.1828572740493842,0.9260486628246589,0.8752722022851478,0.832789512806152,0.0,0.9589432815147787,0.8896453027306027,0.9412784903568776,0.3779514915577358,0.9668308946101059,0.39664524238595683,0.866113950455972,0.23825225184540527,0.9233268596259467
