method,gene,A1BG,ACMSD,ADAMTS20,ALAS1,ANK2,ANXA1,ARHGAP27,ASH1L,BAG3,BAP1,BARX1,BCKDK,BICD1,BIN3,BMP4,BORCS7,BST1,CA8,CACNA1B,CAMK2D,CARS2,CCDC62,CCDC82,CCNT2,CD38,CERS6,CFAP20DC,CLEC19A,CNKSR3,CNNM2,COL13A1,COL5A2,COQ7,CRHR1,CTNND1,CTSB,CYP17A1,CYP1B1,DCUN1D1,DDRGK1,DGKQ,DLG2,DMRT2,DNAH1,DPH6,DYRK1A,ELOVL7,FAM171A1,FAM200B,FAM47E,FGF10,FGF20,FNDC3B,FYN,GAK,GALC,GCH1,GPNMB,GPR65,GPRIN3,H2BC13,HASPIN,HIP1R,HLA-DQA1,HLA-DQB1,HLA-DRA,HLA-DRB1,HLA-DRB5,HSD17B1,HYCC1,IGSF11,IGSF9B,IL1R2,INO80C,INPP5F,ISM1,ITGA8,ITIH3,ITIH4,ITPKB,KANSL1,KAT8,KLHL7,LAMP3,LDLRAD4,LRRC37A3,LRRK2,LSM7,MANEA,MAPT,MCCC1,MDGA2,MED12L,MICU3,MMRN1,MRPS30,MUC12,MYLK2,NAA11,NCKIPSD,NDUFAF2,NGEF,NISCH,NSF,NUCKS1,NUP42,OGFOD2,OR9Q1,PAQR3,PARP9,PDE10A,PDLIM2,PHF7,PKP2,PLEKHM1,PLEKHN1,PM20D1,PRAG1,PRDM15,PRDM2,PRICKLE1,PRSS53,PTPDC1,RAB25,RAB29,RAI1,REDIC1,RERE,RIT2,SATB1,SCARB2,SCN3A,SEMA5A,SETD1A,SFXN2,SH3GL2,SIPA1L2,SLC2A13,SLC39A8,SLC41A1,SLC45A3,SMARCA2,SNCA,SORBS3,SPPL2B,SPPL2C,SPTSSB,SREBF1,STAB1,STAP1,STBD1,STH,STK39,STX1B,SV2C,SYT10,SYT11,SYT17,SYT4,TAS1R2,TBC1D5,TEKT4,TIAL1,TLR9,TMC3,TMEM163,TMEM175,TMEM229B,TOX3,TPM1,TRPM2,TSHZ2,UNC13B,USP25,VPS13C,WDR41,WNT3,WNT9A,ZDHHC2,ZFP64,ZNF184,ZNF396,ZNF608,ZNF646
attention_zero_shot,NR4A3,0.2820770838114538,0.19982626603395184,0.14771917162857268,0.6001324530863037,0.3060535039752761,0.37498118217283877,0.22142412855482707,0.7766213939740256,0.603137874144179,0.7514758853659322,0.7250994778382097,0.5356367058411637,0.43104936351657486,0.3547278928348992,0.3489996914681192,0.3696342094766254,0.19929463594330668,0.19199833354704737,0.16412068545672875,0.5499413482214457,0.5094396787097009,0.5800780690127351,0.6081211829467694,0.8483283202066884,0.26646095259209224,0.3845689785895755,0.0,0.15594121055125632,0.2122862361359381,0.1463422400151513,0.3061627338204304,0.29846744402052194,0.5572772770112338,0.2449884439718048,0.32499019005812824,0.3430360206837134,0.3640469184584325,0.41852102928153,0.6088304221589828,0.5026981817201421,0.4928251653570264,0.17763632027614829,0.7412700967889032,0.314393953447912,0.17425461983691937,0.6331620461143016,0.39791644156171946,0.14638427461918907,0.0,0.6592928712824259,0.32662471521632463,0.25803761973310824,0.21839000267801068,0.28054350186242455,0.4234720760957919,0.40476754748934207,0.6123973303180875,0.282428169887071,0.2408116067511951,0.12620412080913426,0.7858728465599445,0.7712366425793444,0.30418953121027575,0.25058461391701625,0.253412444713267,0.23778183702396372,0.2374402725841192,0.25254148071543026,0.21326415263320536,0.19860639275158157,0.14872350556667813,0.16130221792586108,0.20034831865126704,0.6655875463119638,0.2961584204416961,0.15594121055125632,0.26084221575416683,0.2826959084040548,0.26123502193992976,0.5507089807454423,0.6611515631467096,0.6527696493111411,0.5835214520710058,0.3325309605932456,0.31022849521482937,0.15594121055125632,0.36469258668364635,0.6676284627300735,0.4381550366411613,0.3695798209593474,0.501126601384187,0.15943988181677396,0.6340881215866119,0.418278844954702,0.27942385875073883,0.45337877346546457,0.39293091026540455,0.5194253772887715,0.5605508125753088,0.6183677072827177,0.48252129938555477,0.21784378237434962,0.4475271535006661,0.3300043646303318,0.8310829055167487,0.45939683924943137,0.0,0.15418764681909425,0.44195570309889354,0.7083717745759842,0.2025457488450428,0.5340626299968101,0.6853496174926782,0.4258588811107162,0.5281635955733991,0.39737299985372304,0.2309963538454928,0.5224221071038645,0.8501029245621495,0.8533302002567619,0.5086997014206346,0.15594121055125632,0.5444329015147302,0.37192205280773083,0.524015233518983,0.8168162932164136,0.3641499379362834,0.8376028968995884,0.5261793853036856,0.8204886418208172,0.2604078523875069,0.1890964835638718,0.21762053370402024,0.753339529965424,0.4122100761778812,0.2587430889099557,0.18837005450202346,0.32785624867722996,0.2557113549652559,0.20351988788595804,0.16171154564867257,0.7811730094900908,0.36324980161210657,0.4806374956597148,0.4161458237865319,0.3250230625321923,0.36878695013894863,0.7922846334308287,0.21244266212454335,0.6812734986385861,0.341068702597508,0.7085134155002172,0.5601534694380736,0.487957631960587,0.25496343382987174,0.3334678339702594,0.3007954549180573,0.2671545954665921,0.3016781245738813,0.21008023829638262,0.41752607827412264,0.47897654464069495,0.6828736589117954,0.3405118111739287,0.16171154564867257,0.29938525318064874,0.35457311531925767,0.15594121055125632,0.77349929636199,0.33078585426579504,0.27621047653505443,0.7250994778382097,0.28118343803973816,0.5032075196909538,0.403846234718615,0.28523548295370726,0.41026670430015094,0.17470954080113105,0.36514724115527647,0.6743037115119613,0.6815984611442502,0.6941744117014012,0.6081211829467694,0.6361125270220002
attention_zero_shot,PLA2G4A,0.3139062227095347,0.7018312059354199,0.21622062751382382,0.7505008988856172,0.6660043502487596,0.6657655174079431,0.7432389631505518,0.5222291902460663,0.804864785369087,0.7516049692400315,0.41199305675546066,0.4730579541683944,0.7914550792982044,0.515758578143153,0.37480594991377025,0.3561140288444061,0.36042296543248753,0.5011182807523387,0.2935187448726109,0.793920026167546,0.6154280150891001,0.6237156861415946,0.38460832438032566,0.5457113283582009,0.43380500553013374,0.618535849446143,0.0,0.22360673476161552,0.562701921948752,0.28809554256760866,0.38402670273558176,0.36233229543136947,0.6484376965233278,0.4457597968699415,0.671851697529584,0.48420360469557416,0.655141387176515,0.6966735091713271,0.812363315737123,0.7674596103376001,0.7497954546855083,0.5712885377475424,0.4256676368309151,0.4519560607878405,0.6361599899232324,0.6851883091674988,0.6496757801036007,0.2861309388606396,0.0,0.6362394028555349,0.607151518907162,0.5732268560239129,0.5511569854159875,0.8387295143253534,0.813804797345253,0.39287106101283154,0.8019053594975603,0.4921800506723852,0.45466173836445023,0.22209819602426012,0.6786914375309668,0.619116845189949,0.7078394145232977,0.5767670184183683,0.580597547368471,0.5230500140060954,0.5353239188871255,0.5638330203176326,0.7283350987411603,0.7141950748506157,0.2772600130599873,0.26691500780096306,0.5437809931854383,0.6611549622942077,0.5597805025420368,0.22360673476161552,0.47255612027879845,0.2710993455018601,0.49324487092557995,0.8607145188551111,0.533015159517562,0.42735716608680846,0.738533115444486,0.5757591436998849,0.47031518310711445,0.27424573823731946,0.6592223501920291,0.6598351463173894,0.5973366175666781,0.66125017571171,0.6464849167346166,0.30905350481307764,0.4035906159619098,0.5678909064816989,0.32551263172333716,0.5388261312104822,0.4495965629100766,0.6306076961055039,0.7583707417687878,0.7221701206168762,0.5596394442134438,0.7319894667637707,0.7421070498784748,0.8365539157288076,0.6287918669774344,0.8792919756311763,0.0,0.28896976072024144,0.6060901693587069,0.8364119238423438,0.6953413385103651,0.586659742140087,0.7891773325778174,0.5737748698284951,0.4490892874075789,0.7739428504860161,0.269155453247469,0.7862882935285235,0.4471900159115165,0.5641975826813429,0.8245551854058273,0.22360673476161552,0.7024995082216194,0.5028885153165363,0.770384418789253,0.6463368062446448,0.2781183382540766,0.4222968497669802,0.7899940358034586,0.376731658958973,0.4975645055728307,0.47625141896699896,0.31460500459178,0.5080492368014505,0.5629915666710279,0.8152101485913512,0.4965329602475953,0.6453959980405147,0.4121294517004018,0.3030147502130568,0.2988876128540824,0.407293069364714,0.7240037606374472,0.7718654838835292,0.5445292986050678,0.6043117675456872,0.558761799338746,0.8010801215288244,0.3427668969126373,0.803923483612743,0.6866359305726555,0.8472859534303806,0.8041846730634885,0.7230268233114169,0.4343681238168821,0.4557377333282768,0.5223483539277115,0.3843260563264835,0.5850851396571629,0.330425599006209,0.7968625795158758,0.5642260640184488,0.7630751937132367,0.6792332682079839,0.2988876128540824,0.4429266558505179,0.43549804737968656,0.27424573823731946,0.7580344634293168,0.6704247985314693,0.48317724148791574,0.41199305675546066,0.787660593583629,0.8789905663794887,0.8156652202995411,0.5675828087398426,0.49866136199724537,0.2491804928777514,0.6264115791997248,0.6462963293818723,0.42856487263887383,0.6584948313949206,0.38460832438032566,0.3999931162708175
attention_zero_shot,CR1,0.7281210233183917,0.2732728850690853,0.3285852308060111,0.448554890614383,0.5846976541009463,0.6522794862752586,0.6883460569470415,0.33511486780453065,0.4520771573969308,0.32680487554244975,0.2233644012279794,0.22403506945735027,0.49016832645874164,0.3970484937375797,0.39103273241510633,0.4808912486823278,0.8661559727194175,0.27523506401432485,0.6817968140155741,0.660708058216807,0.32334816441335207,0.375394793573697,0.1877898600181017,0.2567144333587081,0.8951698589637281,0.5697215729640231,0.0,0.3455772680228384,0.7136999121534608,0.7218099214644527,0.6456709076479779,0.3517856508938088,0.48702655527706434,0.7820277871888682,0.7029359618092438,0.6271907048443316,0.487554379279401,0.4890210311449233,0.3036132629696931,0.49906233465896155,0.6480452433930258,0.6089833157759275,0.23217479250589304,0.3688216418253142,0.18131606376724713,0.3639099613706124,0.5475896305546478,0.773367856101208,0.0,0.3728947713178256,0.6370268561159896,0.5565650840639981,0.5454954720506483,0.4098023597377271,0.4619653614231234,0.5173700331464351,0.314755193513758,0.8318177832877789,0.8311764489960172,0.6640962783049353,0.3511243397742002,0.3943481638388445,0.5356637321795941,0.6794563458201484,0.6759338880819081,0.6907848590220229,0.6917889705847211,0.6872927784097413,0.28067676558230387,0.7046604115031284,0.71227295496864,0.6698676644575962,0.8155131055704219,0.2203922622368011,0.5045161111392934,0.3455772680228384,0.7262575547018197,0.4679139834756537,0.7162534258012274,0.553380842595446,0.33027447731638093,0.2616577929035977,0.5411938108701333,0.7372824611473977,0.5991191017285128,0.5471280341821533,0.4390005452491156,0.22970750607224913,0.5565658913609485,0.563186550571222,0.2321081600100079,0.7664716708858923,0.20073435271828524,0.4733128890027477,0.3885911120332167,0.286940615265637,0.5661700334978631,0.3321482191991516,0.29307572437137197,0.5680869616598611,0.5025753657329968,0.4762515921915754,0.638381129392215,0.4911641268729244,0.3782903947916921,0.3738949732482535,0.0,0.7646512351820237,0.5666614808847136,0.44789237725577086,0.2929359483620853,0.36622130542398096,0.5773110483242354,0.5943239252273124,0.5291951287082789,0.7019919496911672,0.4571504081600522,0.3325076154118953,0.23984549715121456,0.269105071583222,0.4885928315768653,0.3455772680228384,0.26441459014304686,0.7552562968822739,0.5757165843809995,0.3216976601758315,0.2251877414250628,0.22990401901311788,0.6627647850806679,0.22869995352691577,0.743667035390625,0.7166820165297344,0.8452337001191738,0.2769064413665943,0.5259465783501616,0.4951335078840799,0.2770046638705031,0.6861464983735291,0.7304245716335446,0.7555451270916415,0.7646512351820237,0.27735054057797764,0.5077193477274857,0.3731821480739971,0.6786403468095744,0.5181324964452183,0.4822457083806871,0.397300628935039,0.8064610599795751,0.3326399626941074,0.7440537857420492,0.31949242629115515,0.4702124179733661,0.6733352752623252,0.7295089964940661,0.7351501948124417,0.5127478607727828,0.7017125744484363,0.6785490943136493,0.7618231125148127,0.5231293330668964,0.38354818743259694,0.3164391684413462,0.6271457398086853,0.7646512351820237,0.7055687649191731,0.5132334595484003,0.5471280341821533,0.23333835971873762,0.4119561447598568,0.7891176645718245,0.2233644012279794,0.5761535821296737,0.31770114408525973,0.5932274236772662,0.2960672945781444,0.6919996254992462,0.3727535642898819,0.6387346890953154,0.3275521382647081,0.21934237221581845,0.3399372806329807,0.1877898600181017,0.19918382275616606
attention_zero_shot,CEBPD,0.23616206233685072,0.19003444020755578,0.11239132034713019,0.5741163156012198,0.2968244260667794,0.34629821718180326,0.1933151913267489,0.7658651345484968,0.5628464847540904,0.7702363533047047,0.7604823401580698,0.5269096317362822,0.42532049498667274,0.3557238533318142,0.3041754106697186,0.312367965130679,0.1751690988284949,0.17992220904234327,0.13379876016340606,0.496224585826661,0.5196939470675737,0.5902479551068851,0.6426015696056411,0.8452048676403185,0.2367283496893742,0.3584412342379044,0.0,0.11055884880183621,0.18210803059413955,0.1193876595783441,0.257202852068412,0.2255055446523767,0.5378239986031071,0.23019837914774527,0.31579630096392763,0.2987688580884721,0.3535426291617169,0.41105085599429775,0.5766581247196109,0.48095839665734397,0.4761198442596395,0.15466153317337092,0.7754521938981904,0.304100116820111,0.17258992850397847,0.601152685092604,0.37714589904544976,0.11538897368484041,0.0,0.6726011626572823,0.23767171412621832,0.16024566927641484,0.17567621888232718,0.2765088344979462,0.41518226919456575,0.38599623506096503,0.5623088502064189,0.26573056526301125,0.22952209831234544,0.10256484496717665,0.7747265304317794,0.762712907268994,0.29568849785114787,0.24268316265748902,0.24415253790138697,0.23016464684663857,0.22663541014887376,0.24610222937207676,0.2063948373570781,0.17967598467886683,0.11709083394797286,0.1350797561286098,0.16569598843822406,0.6575318593863414,0.2911452366019509,0.11055884880183621,0.23412417671542377,0.2347436360219506,0.22485895598515163,0.5456789513281343,0.6514308222092213,0.648435519658082,0.5605771866853063,0.3147664386454887,0.29665627467826616,0.11055884880183621,0.3347157736268256,0.6641581050316367,0.4265157203729062,0.3463120577766445,0.44073141654570613,0.12110238986111319,0.7335509374081489,0.40441333573782995,0.2463198868301377,0.4138615215543446,0.3800138427111453,0.5218824315135807,0.5448070024544697,0.6404074864289131,0.47238539756004405,0.18991778013207639,0.4194706447708652,0.3308034299920449,0.8254064191686801,0.4602527984014829,0.0,0.11473936238745266,0.42567623730437715,0.6605970089832226,0.18818697865101666,0.536348153912345,0.6759668972220203,0.4056812186491439,0.49926993633931716,0.3897147149648743,0.18644832190327057,0.5243897615147669,0.8512018375410242,0.8526136889087763,0.4929804246305981,0.11055884880183621,0.536806622851265,0.3561270217897096,0.5079297741759649,0.807588233079294,0.3794197295935308,0.8292512888941043,0.49824875847671646,0.8201526827384054,0.24927591011260816,0.16017271038092662,0.18447425630935257,0.7480621264336499,0.3966878421445722,0.2528081385357679,0.17686337393011226,0.2898226475211587,0.24780181684286245,0.14378610336614386,0.11585799955733954,0.7969156151433752,0.335291055940999,0.4794218290543916,0.3944916446480468,0.30797336290569194,0.329909443681988,0.7638922718340557,0.19391697431756896,0.6207734530227158,0.3239420467867698,0.694567506906951,0.5314932649445553,0.4534600437449626,0.2421834455655056,0.3185185236845972,0.29165586624842627,0.2546110923005859,0.28556860415296675,0.1435080744639584,0.40186343667508606,0.4708760166025047,0.6732220274861284,0.3356724299705895,0.11585799955733954,0.2911967246202854,0.3532338245656864,0.11055884880183621,0.7683971710816921,0.3267945719647435,0.2631809174685178,0.7604823401580698,0.2658604291348171,0.5084650988700065,0.3962018342342555,0.2402904332159011,0.33596469197626216,0.11958386307191621,0.35720479609437394,0.6924091968341011,0.714081255684513,0.7105576092346919,0.6426015696056411,0.6700937565590533
attention_zero_shot,ITGA4,0.6011296960865093,0.23634431442113465,0.31859300365260923,0.37632566826821673,0.4792183815261609,0.6116374822037254,0.574044215673624,0.25874979429462364,0.3861851733308554,0.2428126576659579,0.14816925826519575,0.15970156568666546,0.3801777680724989,0.2387289503137658,0.35252388169548776,0.41021811309986483,0.7079871564379657,0.23784690584312873,0.6462195735967616,0.5233424089417847,0.25269761264547075,0.2583042097491036,0.1394167520672296,0.20202037343937157,0.793123229897046,0.46369095468941657,0.0,0.3299591941111936,0.58744117915961,0.6079211979901158,0.5964226396174063,0.3427874342408661,0.3579098245751738,0.6683592412402883,0.6781470132129191,0.5468375183270544,0.4214583299994482,0.3732255422312837,0.25392749479647325,0.3883877315404338,0.5117987626908321,0.6010893816696993,0.15160124077572856,0.2937629410947787,0.15426635488768728,0.23940793561202964,0.44092606262436945,0.6293566031164093,0.0,0.2523757816324615,0.6074307672366183,0.5399221901817911,0.46792457094153656,0.37360775194323737,0.4308220761704548,0.4475134320288494,0.263493071563767,0.6713256221076415,0.6528888786234122,0.5153076668850564,0.25261498637668534,0.23864011168165883,0.46421795354520035,0.5492992548791663,0.5448806201230798,0.58918945679647,0.5953005044601793,0.5538923142456569,0.24440729568422323,0.6003450290986208,0.6079479855389425,0.5682817658390898,0.7171903372676642,0.1560218764394946,0.4444213216116361,0.3299591941111936,0.8479210439525965,0.41742143094589895,0.6011596418900699,0.4062021907093605,0.20995097461127052,0.14210538096792638,0.43673173424251427,0.6023709042002323,0.4457321169248285,0.4677337078406764,0.41409281786773056,0.18570569737313486,0.4287787048692698,0.49075041735607045,0.18572354382913137,0.6335514162970274,0.15810225271262365,0.39349729888223645,0.35396656281568356,0.1792697726563891,0.48033621884482075,0.28311543943515927,0.23820840498355714,0.45075234720609536,0.41989439454257543,0.4689257887847075,0.5113680497784695,0.3945047903032277,0.24007553144535637,0.32052666515518297,0.0,0.6193392140114473,0.44302603058108575,0.37236678244140614,0.2663276457202639,0.25581404106161637,0.43579099281347833,0.5778621438344861,0.4011937759155188,0.5404278361172623,0.4291083293352726,0.3486945316493229,0.15442222226784513,0.18125797243505876,0.41199072760818634,0.3299591941111936,0.22844483985523145,0.6409069125609893,0.4583163828829618,0.2518660961410203,0.12845386233846973,0.1515501108191183,0.5792555736126089,0.1350130405422535,0.5968249404157279,0.6371286336288695,0.7069484703288871,0.19877263625851765,0.41968854609107464,0.4294660278056847,0.24445370385095844,0.6480013691069006,0.611940693505464,0.6344835388940736,0.6193392140114473,0.14734486658524884,0.47605357063227677,0.3462668394248705,0.4920560405155362,0.3932015406742983,0.404880457376567,0.30665021164364037,0.6199806577972929,0.2650727757338274,0.5682596215313802,0.25372126020386376,0.427152840793798,0.5609569472778396,0.5582434068807439,0.5739207690581234,0.44829352752377954,0.5856764728657612,0.5668853291982557,0.6552311110287906,0.42162234381917113,0.300070385947374,0.2391512598313111,0.38319661868511,0.6193392140114473,0.5053331193252191,0.3870226681308179,0.4677337078406764,0.17562754476888692,0.23120992230810486,0.6276831688618528,0.14816925826519575,0.5078362600282353,0.25689440263573293,0.42104958834496004,0.25360333440403665,0.5615878707615507,0.3505016736097491,0.5023008388223775,0.25562375609740295,0.1507006311157333,0.2575955780019701,0.1394167520672296,0.1433929761128928
attention_zero_shot,MX2,0.3630227308766297,0.5403040819443318,0.2419080810272199,0.5400434238750821,0.6626617084416726,0.6334261597274157,0.6312306898168629,0.5641480823344456,0.7509713302305203,0.723003582040179,0.5313455984112609,0.4690869859966146,0.6248980565275254,0.5381190042372888,0.36801777541569375,0.3452361526247789,0.4905556264110026,0.466907416685026,0.40581411387229344,0.6498817011658474,0.6293204164147157,0.7064043996251437,0.4810347333724408,0.5559143632753979,0.5400411278338857,0.4557841313451731,0.0,0.25035669424999535,0.5793341294527253,0.48296153729595154,0.509122416622377,0.3266527449334964,0.525773049497341,0.6100028914749854,0.7717426880555189,0.4314770668693588,0.41008683077064034,0.44264780704892603,0.7840551553124974,0.5461018982254799,0.8028044852418244,0.5288409358669196,0.552648071210749,0.4723017680235943,0.37376131861646533,0.6748583271520212,0.45744208708148765,0.4173946678662557,0.0,0.7194212021870781,0.503623470430377,0.43214481696349055,0.5068675810733493,0.8774224631176005,0.722898581555022,0.40218321012974567,0.7550399316178946,0.605228566583092,0.5815455194625941,0.3837325998738591,0.5613869503426114,0.7097094309855722,0.6760653078515761,0.529419321518673,0.51910385095934,0.48916920035978967,0.5045426101683728,0.5026561672323403,0.6169200682869431,0.6831312947412906,0.4390616929701956,0.4107887543762398,0.6099095716528219,0.5373855251325159,0.48660504856911285,0.25035669424999535,0.5522030051537499,0.2983981908228461,0.47392919083775487,0.7609981720880398,0.5775486238270411,0.44168106397574597,0.7184513959780318,0.48507177146032593,0.38178292671179764,0.2815570059902626,0.5408197128544763,0.5784752088561488,0.47343703051195773,0.6450416859630939,0.4844266749046435,0.4043585746274143,0.5491812930720256,0.4128419908178326,0.3314680225770238,0.3977915494310952,0.45017629871935,0.7984595393443495,0.6464323821465319,0.7794413335201488,0.48851954663791314,0.6296029335606369,0.6733704153112737,0.7758586741369995,0.6901878836750831,0.8897272487805059,0.0,0.3698158525445861,0.4870696658721157,0.7988391600226367,0.6343487860213957,0.6676844153034994,0.7033713059268974,0.7388508229872444,0.39566245034626546,0.6698276577891655,0.30052557766818644,0.7685630662512324,0.5697247613741196,0.6065358541902895,0.7826234032722124,0.25035669424999535,0.5776672260342745,0.5285702817832404,0.6407056843530329,0.7349268641210338,0.3031194521251673,0.5249905723619895,0.7839996914505775,0.43340114807488395,0.4833517551011622,0.50682228140384,0.4009997869409166,0.5307047967092294,0.4475000603396082,0.8098859231134179,0.5207912786723492,0.6129975055909264,0.5170010577307919,0.47925143579620416,0.34998014827690427,0.49129008150027925,0.7155531622222091,0.7663500570063125,0.5062997967241846,0.3804477532717816,0.39653031140402967,0.6133024110813178,0.4146952155350705,0.737801564203991,0.573502032943531,0.7558418692725283,0.7546720615195159,0.7441246577618215,0.517839370462966,0.5199792281501698,0.5170133065849566,0.49292617176144293,0.5020022878436992,0.4883406234019824,0.5779262849680347,0.625377093866413,0.7118517366169521,0.4596783887400221,0.34998014827690427,0.45190963728081596,0.3884659619164654,0.2815570059902626,0.6520067429243994,0.647196639987205,0.5645651930799546,0.5313455984112609,0.7814597825516628,0.8263858013699266,0.5434775646251282,0.5456564590552924,0.47071297856914773,0.2744852863882816,0.5694428503459704,0.7465042472665686,0.5551726286049492,0.7645178808817639,0.4810347333724408,0.5083486947738912
attention_zero_shot,GFRA1,0.742843125620426,0.29842958845134376,0.2906663553431513,0.5208281919380408,0.6868126121860756,0.705272462940022,0.7583441766512342,0.3721274901408463,0.5139156263329571,0.35246461135250345,0.21767840896498372,0.2798110287646083,0.5792116621778635,0.3048846469716216,0.3535925936270212,0.5170375053604415,0.8300784017298077,0.29611988781213244,0.7777826880432717,0.74584814807442,0.36617714762735726,0.3809980485680016,0.19595662769918634,0.3184952927652289,0.8138244200655311,0.5659325549819846,0.0,0.29907294665544665,0.7686516734922866,0.7529223749447284,0.7479940876498813,0.37367738016483554,0.5119137514859934,0.8640048429915723,0.7394738938699839,0.7360108868742997,0.5678767222056619,0.5225615166737784,0.35294700542857477,0.5406471688926341,0.7089216405522482,0.7343076644303979,0.2271908889505834,0.31908245805785124,0.1917226538717958,0.39528541069873296,0.5659083155493277,0.7862595310189701,0.0,0.3438082916766838,0.6599167935633076,0.5282469564180202,0.5307639963352934,0.5365776727589774,0.573695337733074,0.5381474361266791,0.3893268656844202,0.8603397849953471,0.8509935996488805,0.7397216402884997,0.3004472386777142,0.34982205091245977,0.6548132572937194,0.7220869586901753,0.719583237597294,0.7055778347381833,0.7152001131343875,0.7184709893370995,0.3075099116375654,0.7810176919970938,0.7503522621308519,0.7369883548862188,0.7948831290265935,0.2279303544064667,0.6359450149988175,0.29907294665544665,0.7776456608285998,0.3547907612605122,0.745085313319079,0.5520007969816678,0.31812790616399933,0.25283243921016035,0.679526928098941,0.7719142152914277,0.5829539746575509,0.5113778002785767,0.6598906334857657,0.2850961515133682,0.5843452654514916,0.667420093079388,0.3193152948744888,0.7972828516058805,0.21960556029472136,0.5018800240918868,0.3519476239350272,0.2678960299120701,0.7431081956569187,0.3345430523801899,0.3527301343737676,0.6987207679298654,0.5498134410203475,0.5079381403358845,0.7291186331918629,0.6661893026235325,0.35450181844484097,0.4579954753907945,0.0,0.7816129990845999,0.6011789046024542,0.5390695082658351,0.30549931956179505,0.3267742549000888,0.7485728024502902,0.6659771435832262,0.5494960996418067,0.7484190234471744,0.3559479918155635,0.3495796868160762,0.24262479675848514,0.3338735437592821,0.5173188544534555,0.29907294665544665,0.2963599052275353,0.857102501953642,0.7199933294630021,0.35059626213116496,0.1695347954320547,0.2355090290871945,0.7949196396912375,0.20713171366803707,0.7225630328035606,0.7792987042687974,0.8164533229462414,0.297244187482832,0.5295360463471332,0.6226959662824275,0.2966104690110068,0.7801476886007082,0.7601946216988411,0.7956072008203137,0.7816129990845999,0.24130341094535743,0.630248932983263,0.35160402933705426,0.7096780527091463,0.5168898274574493,0.5233921709366208,0.497361555771137,0.7952981899884737,0.39475769416953216,0.7834796158592565,0.37513892058817383,0.513052676875513,0.7359978201114279,0.7508375905875446,0.7932091946258125,0.7072782797152968,0.7742531570800539,0.797404007211963,0.8304692196285196,0.614662838451893,0.33996022147915833,0.35261756715196924,0.7035374263756853,0.7816129990845999,0.7517054718527484,0.5630712983158782,0.5113778002785767,0.2528210621646698,0.3295918771093785,0.7965729936185582,0.21767840896498372,0.6936226683364687,0.3687260414503147,0.5660957208096155,0.32572708916905363,0.7727465220786532,0.317653222470603,0.7909565835118847,0.3505910285897322,0.22653108469411992,0.3545164981930211,0.19595662769918634,0.20661136271257227
attention_zero_shot,ANKRD22,0.0,0.0,0.0,0.0,0.0,0.0,0.0,0.0,0.0,0.0,0.0,0.0,0.0,0.0,0.0,0.0,0.0,0.0,0.0,0.0,0.0,0.0,0.0,0.0,0.0,0.0,0.0,0.0,0.0,0.0,0.0,0.0,0.0,0.0,0.0,0.0,0.0,0.0,0.0,0.0,0.0,0.0,0.0,0.0,0.0,0.0,0.0,0.0,0.0,0.0,0.0,0.0,0.0,0.0,0.0,0.0,0.0,0.0,0.0,0.0,0.0,0.0,0.0,0.0,0.0,0.0,0.0,0.0,0.0,0.0,0.0,0.0,0.0,0.0,0.0,0.0,0.0,0.0,0.0,0.0,0.0,0.0,0.0,0.0,0.0,0.0,0.0,0.0,0.0,0.0,0.0,0.0,0.0,0.0,0.0,0.0,0.0,0.0,0.0,0.0,0.0,0.0,0.0,0.0,0.0,0.0,0.0,0.0,0.0,0.0,0.0,0.0,0.0,0.0,0.0,0.0,0.0,0.0,0.0,0.0,0.0,0.0,0.0,0.0,0.0,0.0,0.0,0.0,0.0,0.0,0.0,0.0,0.0,0.0,0.0,0.0,0.0,0.0,0.0,0.0,0.0,0.0,0.0,0.0,0.0,0.0,0.0,0.0,0.0,0.0,0.0,0.0,0.0,0.0,0.0,0.0,0.0,0.0,0.0,0.0,0.0,0.0,0.0,0.0,0.0,0.0,0.0,0.0,0.0,0.0,0.0,0.0,0.0,0.0,0.0,0.0,0.0,0.0,0.0,0.0,0.0,0.0,0.0,0.0
attention_zero_shot,CD69,0.5491945579003131,0.2824167889088859,0.3669983066293793,0.29167244635100514,0.4309249234407432,0.47947226620831834,0.6931641190053838,0.18997842547075314,0.3525446938142634,0.20338839506366574,0.1388599250681446,0.1377094094391564,0.31012588781536243,0.2575182216172967,0.4394693531110784,0.4814436550599966,0.7826593811924035,0.2983315730559195,0.689273884092048,0.530702756664926,0.24108764433806643,0.23279054454080036,0.13790768872872108,0.12762727726181894,0.8532663392990902,0.557370516493403,0.0,0.4116205035321016,0.736830681856797,0.7597180673047449,0.6186081736538941,0.39072153620888006,0.29445795338242936,0.7931979191626491,0.6037269077692244,0.47233413941457314,0.35856959741865335,0.3177779314658261,0.26152432935179976,0.3556771061839144,0.47010616458547927,0.568088692667219,0.14038548915846139,0.2613318989848511,0.1785182445144454,0.20458930928111663,0.4809819958097939,0.8823356907608544,0.0,0.2500564456960462,0.6101228937787581,0.5775972709021265,0.6287200597699346,0.3360002163798066,0.3394328195666023,0.475909294648683,0.27469292190915706,0.8018400054347506,0.7794218989476812,0.7231851085407135,0.1548985728738378,0.2007737030028134,0.3658785360534182,0.528007191716668,0.5218774149857156,0.47659559244274524,0.5110038298436692,0.4854194049725248,0.2916320790803885,0.7135064713061714,0.752362471734315,0.6434256690259574,0.8638364910686466,0.12366540502028296,0.36653868323022226,0.4116205035321016,0.6968513990266458,0.3921757046023073,0.5472817620741175,0.38433437655797614,0.15548426825923017,0.1046279712849239,0.43362291897816213,0.538970539837083,0.49823598471824215,0.6602111366826037,0.2899484865657757,0.23749326114438485,0.46177090380932645,0.4064304713561554,0.21304063110933502,0.8452428821822573,0.16927094560398426,0.34232101699371253,0.3773104322274948,0.19420366588515034,0.4140293394838103,0.3053647270092423,0.21376231792828215,0.45550898314176785,0.36285422626839786,0.46773873718389714,0.4885122030834584,0.34673097861074764,0.19828794527134258,0.2746534827112217,0.0,0.8725303316575923,0.4938736511711467,0.3417633853669177,0.30340245155412227,0.23818057379174334,0.42168756162759646,0.5110069554374241,0.33950173373719383,0.5390202639250189,0.42868216884276344,0.2819963221127784,0.1327865401977279,0.15763861497219017,0.3893408383940778,0.4116205035321016,0.23279749302613376,0.5982203870189233,0.33230955491914793,0.2321879903607582,0.13998614568007528,0.12617434051660026,0.5758683361370039,0.09064436425788787,0.5233426843511435,0.7360550021363896,0.8275155360778637,0.15540839063967438,0.41434247608962865,0.3830819024400673,0.30026896180658785,0.6489186808703246,0.6916726495244835,0.8878060625211122,0.8725303316575923,0.11464783117118343,0.3839215162228626,0.2720254723364741,0.47336301261164276,0.40270343043186246,0.43735643066929175,0.23563794922309572,0.8298558143877853,0.31711934198553415,0.6131041314065703,0.25277426165918804,0.3971971667379866,0.5524414724216996,0.559982465477723,0.5876394322371928,0.32777222801281525,0.6563353617774093,0.45205880295615536,0.8745984046203238,0.35268057408719167,0.26074158401927866,0.19837446280903853,0.30367735448490196,0.8725303316575923,0.46028630363104583,0.3235156140703915,0.6602111366826037,0.157583467823429,0.20904776225315483,0.6561604274768639,0.1388599250681446,0.47815837449522147,0.26259461291793684,0.3033334334596245,0.34331178716607336,0.5520259098606735,0.45282283373843885,0.4645106794907664,0.2460724069147163,0.14310383110710653,0.2524083333213652,0.13790768872872108,0.13998614568007528
attention_zero_shot,ST8SIA4,0.6283102825089706,0.34285174270635677,0.47365148087554,0.54026778461422,0.4378783820218078,0.5599009823909475,0.5262830554113549,0.5147468782161209,0.4898720680375657,0.4200498042815112,0.44134321285785516,0.49646803917361476,0.6161244613081337,0.35433619078067763,0.7601243327219926,0.47437451489948457,0.6087535410233109,0.34168809615346113,0.46638406698366874,0.5314363266996409,0.5710095075794089,0.47884651228100467,0.41211630366333585,0.345576435113364,0.627243635375467,0.700065251216621,0.0,0.5344406384249509,0.5337541821280981,0.4615590560293131,0.5291247107099145,0.6002058357288877,0.5419093571232816,0.5972442024092648,0.48926955538016176,0.5550038300488285,0.5808547539238108,0.5994496643167216,0.42368903622026627,0.6121069391843863,0.49933472261047407,0.4257010718232807,0.45852950173711,0.3725006220762821,0.26700410208231046,0.38900494320627216,0.6889973279859063,0.5084341402175553,0.0,0.4546701080452984,0.9348042421736392,0.9727221152288603,0.5657157017249159,0.4045415556810403,0.5957241489375401,0.5883989914101139,0.4231614227166086,0.6269487710678642,0.6008842660004547,0.3463383218869667,0.3646596825009496,0.4461071477882957,0.42158209814597625,0.5704310432619786,0.5756717006971034,0.501204218451235,0.5175690122076977,0.5518869838334046,0.3606682239800107,0.49567541989928576,0.46467528760429694,0.405003873574433,0.6373137796904537,0.29947988672259657,0.5094969754928068,0.5344406384249509,0.5091394710304744,0.5871018647039737,0.5685339775128598,0.5959266584825901,0.35553742287098256,0.32554695082238444,0.3997407855158037,0.5796386507104736,0.758080210521517,0.5275842981313492,0.45842900561309485,0.3508913752416138,0.9453551912568305,0.45844431182514606,0.40824528227480217,0.6295286243420347,0.4176017937866818,0.5212997600442885,0.6196976805131214,0.4333066541156043,0.6137859290327186,0.45951749865483726,0.441205649276342,0.41907147895429037,0.6240996362211152,0.4681492585065906,0.49746745960205146,0.4660141080679861,0.4459816118196937,0.43260941055088203,0.0,0.5368952835059045,0.9487704918032787,0.5269587312999856,0.3635189534016033,0.39759646469378174,0.5638089582112351,0.4673578805374596,0.5372192300664069,0.57073533927921,0.6350653967010239,0.46319217562273557,0.46338447373932923,0.6027630873170882,0.5422053486587061,0.5344406384249509,0.323410340614806,0.6331232710688747,0.6030264111475065,0.4880765860403435,0.2813922126867342,0.39487939969123415,0.602783584509032,0.3082356269992662,0.5580877891640851,0.4987978076485139,0.5542577095634255,0.3036827447217991,0.6140584846413109,0.4854888159152976,0.33928983259437534,0.6110437211463363,0.5343320636129586,0.48177559011897364,0.5716077659743478,0.3312660810797645,0.4835966464618075,0.43927152614609355,0.552761240388157,0.5576781437038419,0.5252158889467026,0.5097701922701293,0.6035234710273948,0.5083775434026343,0.6262165198834679,0.555775060465021,0.47750553143920377,0.5184394468220724,0.5075719689606663,0.5931252233010371,0.45327428042821116,0.5744581979711106,0.5729615625034631,0.5221883909156174,0.654221694679759,0.41427706430673195,0.4339654791827014,0.623574909912045,0.5716077659743478,0.5182224691576759,0.569659892250927,0.5275842981313492,0.4100507599648362,0.3161068870566488,0.5661019684311486,0.44134321285785516,0.5098440041608489,0.4881690632010707,0.5403547580340149,0.38663874523895186,0.6672517406632511,0.6418774141730392,0.677509739420338,0.5175187118788266,0.47527846981954386,0.49983729422591217,0.41211630366333585,0.4373811701258191
attention_zero_shot,CD163,0.7553666282301853,0.47703261993371165,0.461608444493836,0.5337136031759383,0.6693024888734939,0.7144875809026335,0.8849965401816173,0.29601326421012086,0.6270248036268998,0.4219960161856484,0.17810882430673286,0.24072364812479163,0.6003183435455759,0.39282634221853674,0.5609297571497865,0.4939378987280516,0.8337181450987371,0.39296757278621575,0.6895300495327122,0.769253479949256,0.39754333407114684,0.40318170759169564,0.16976738203626518,0.29375211390743516,0.7705007070887552,0.5869401806646339,0.0,0.4875149027161145,0.8352286924340918,0.7294569588679293,0.697869566662457,0.5264045676657395,0.4442355520797116,0.7788518045879289,0.7176091031836688,0.6931447154866093,0.4996466592735997,0.4943315123266457,0.5401837907248943,0.5480844185376873,0.6956030912209706,0.6631836997036885,0.18156511417086868,0.3955168242340635,0.3142680394345719,0.3737578334752909,0.5641085781555232,0.7861102154518586,0.0,0.42000520843352795,0.9371364340744194,0.9409452047705246,0.6519404922731736,0.8534485706586409,0.6381270701557953,0.5341100422132156,0.5358770653887587,0.8241203260471344,0.8186167505402279,0.6651139666525062,0.27362238362220653,0.35119591594702754,0.717136040718096,0.6919491850172941,0.6885263981841531,0.6359391793842543,0.6605216854926329,0.6665333694624231,0.5517422456574671,0.8818413272302795,0.7222806009680601,0.6642521491818115,0.9090909870273712,0.29428919073397586,0.5615850910174446,0.4875149027161145,0.6739449946523905,0.5127501536517187,0.7839571082960782,0.6455625814095693,0.2893687967897525,0.18325066695375042,0.6782548881728128,0.7065882938135543,0.5948996531498226,0.5776439385216027,0.5066538882865912,0.28747101688410936,0.5673316976855907,0.6555877962590709,0.32293934378105554,0.8470080791129345,0.1782773452199197,0.48587444881412656,0.5205735345774793,0.25658655959070803,0.5508458816829825,0.46686755838801464,0.42174044444163333,0.6624811415934234,0.5104031966911201,0.7122962391865841,0.7688900566951747,0.7759106629825036,0.3619693983176123,0.7354702494473959,0.0,0.7775546240699329,0.5796073317732052,0.6210779876723247,0.5053108802184686,0.3653556730859921,0.6346719590007501,0.6144722521475676,0.5211966309583915,0.7580113675405001,0.5374533652858676,0.47678053509505375,0.18619161588414082,0.24593850545825416,0.616272943600139,0.4875149027161145,0.46927667769204195,0.6935498293768001,0.6090577331416962,0.3830181206314649,0.17015856302448779,0.18044873709657588,0.7322555780052372,0.17162152816392828,0.724551161715678,0.7627075366137168,0.7643675898416915,0.29372172583287703,0.540603968714733,0.8346187531342525,0.38969530703736305,0.726260900832119,0.7237594683829027,0.7637684498332502,0.7775546240699329,0.1866252141861867,0.688791819807121,0.4997923921611477,0.6215019130200259,0.5289285977234266,0.4954005467484793,0.4564574207753077,0.8256017844522383,0.45381275305859453,0.7415780001628195,0.47085343845085154,0.6880287013210457,0.6962518603974693,0.706888036754254,0.7182308673139578,0.5309796153189199,0.6942220690305569,0.6238128789035141,0.7709590153585418,0.6161283223238453,0.39571912759037864,0.45106054237649257,0.6754488336476745,0.7775546240699329,0.6827259208186086,0.5167401902633064,0.5776439385216027,0.347682743260266,0.5309706189938885,0.7578216531283881,0.17810882430673286,0.7970696823883505,0.5775311881854189,0.5631439401421048,0.48863539895989516,0.743085192738475,0.5466477985565628,0.6306838870572598,0.3716769755731676,0.1815519794848251,0.40860910628503117,0.16976738203626518,0.17403716372052602
attention_zero_shot,MS4A4E,0.44027160728040193,0.3051770307403779,0.47859933495555057,0.28482724944286175,0.3253743437158799,0.39116888586380144,0.6548829213248831,0.1823275199927935,0.33932439815716453,0.18181718479029538,0.15141699074689954,0.12494289403289421,0.3079808074924781,0.2588591787874085,0.5426654933476307,0.44845759364277316,0.6359554224770272,0.3523654159869494,0.6245438634148113,0.4224356823834919,0.23330050301971694,0.22420825447530227,0.15869225824226285,0.10991908132784194,0.7076951756583522,0.6758446380575007,0.0,0.5901639344262295,0.7004607135118993,0.6308884142654025,0.4442189591592955,0.35888710997942486,0.2727536391706599,0.6159353569898004,0.4311337995946563,0.35859484793607344,0.36860836690640236,0.31720307453117796,0.23927946032905104,0.3654701153002219,0.3773079108754377,0.4645386531076532,0.15232639918381996,0.23769877944454984,0.21080026024723486,0.17741119623776913,0.5383247538257178,0.7917251051893408,0.0,0.24825356961924286,0.5726761245280619,0.5886395849490546,0.8489327643447399,0.2816829116360883,0.34295329108537914,0.5406955535167978,0.22735763786914412,0.6205069129882238,0.5815503669959096,0.5522201089557643,0.12420009312390556,0.18647612518484438,0.2963174101607088,0.36566438154368225,0.3684249921101588,0.32015966233433046,0.3479019008000567,0.33567454501111094,0.30989586926503504,0.5633733237381613,0.6921790050162961,0.5590767448499,0.687397034395552,0.10119008093199819,0.3770196854722711,0.5901639344262295,0.4953828971578527,0.4805638334713815,0.4159366227214922,0.4020877385559674,0.12217732628048941,0.0854031325465986,0.2804033094798591,0.43779208187475493,0.5871428403947595,1.0,0.23674905884563344,0.1521603920384536,0.532445219031386,0.3464737194612398,0.14207795002653614,0.7937578187095716,0.13485305356241475,0.3436205191581415,0.4217850337664399,0.15251303065827365,0.3313139001610439,0.3344507053728559,0.19822396041327117,0.29242114119957496,0.3769982105694613,0.5168442251234604,0.4099793640028456,0.2561521608464136,0.1853750922168533,0.2639093976334252,0.0,0.880985774393909,0.5727151865374828,0.3014658586454868,0.3346300522608485,0.21182189193368825,0.2784862062801706,0.3891682118000615,0.34586155386118933,0.40803780800526185,0.5373516667343132,0.29287243205989205,0.13801677068856436,0.15685617622055112,0.3982414950755409,0.5901639344262295,0.22164399018365294,0.48258830237882666,0.27839290625510704,0.22263944521478438,0.15869225824226285,0.10973906268526279,0.4569768023134697,0.08213445624122125,0.3840646090837718,0.609919166469711,0.8090837717729273,0.11603452702792975,0.4478854056340648,0.3216538235700873,0.34543342490208023,0.5692587180681759,0.5271885466199842,0.634135230781929,0.9404928871969546,0.09131684139928287,0.3299265230137576,0.27742388582657396,0.34911669947739365,0.3933431881418408,0.43217814370163626,0.2053021486263474,0.7664408947415482,0.2365909139309673,0.5005707548061236,0.25187801663922366,0.3870309531706374,0.46017961966834275,0.4220478431757334,0.5146612315966957,0.274112948805039,0.6097786724985339,0.3816046807370875,0.6595471540488289,0.35610464215363835,0.2688782050137801,0.18702845562862716,0.2503457019178125,0.9404928871969546,0.3601847015821201,0.3243748753773871,1.0,0.15962131611310204,0.18329326971841628,0.4810132678648661,0.15141699074689954,0.39602129916158524,0.264675200197615,0.2997732584792947,0.3055139135446468,0.3785122218924741,0.5901639344262295,0.3539922152433366,0.2410545781389501,0.15869225824226282,0.2512849310756442,0.15869225824226285,0.15869225824226285
attention_zero_shot,OLR1,0.736782597787104,0.2506272559623129,0.35581947858491947,0.5557608529253615,0.5085162409240355,0.638589694389802,0.6425563670170431,0.44605491884873677,0.5083952171257188,0.4709594657959854,0.1992455482495443,0.24075624360660788,0.4008287298143323,0.2549491213075521,0.5167828583313652,0.5019260010999345,0.803394746704326,0.25381341561951914,0.6387600208804189,0.7211123244831027,0.28351161270378084,0.3315534786266823,0.186534346516319,0.6138407764330998,0.7498915487764807,0.5330282696806974,0.0,0.37466792370813057,0.6620528409132643,0.6735187254684256,0.7146437899086325,0.548731665513711,0.42600865736364,0.7424297955291175,0.6335383352652467,0.6437584901016836,0.44639105488004194,0.4374741254586106,0.3806944726452683,0.5089015846913525,0.6158270571912003,0.5757074151730273,0.20496580400220762,0.3054413324227683,0.16236192839871474,0.39229909861810625,0.5048270018375236,0.7165956819368444,0.0,0.2963178944837801,0.9009024824403485,0.9060035269625704,0.5107865530331794,0.3911458978219277,0.40672387729456494,0.5347235746003027,0.4306801793726017,0.7849903454947103,0.7883501775130681,0.6070307135543329,0.3851067315285488,0.39114323046964045,0.4710113193421795,0.6418244474336616,0.6379730974060666,0.5977802159158444,0.610558770572118,0.6172198975532762,0.2591881425545333,0.6609409118348335,0.661466180018593,0.6154565929163811,0.7629640943403161,0.3877948916845987,0.4712036265190488,0.37466792370813057,0.6469585538974545,0.46993142582204356,0.6919899299139547,0.44550711730740133,0.3543714332703181,0.3102588374149446,0.6473353858278088,0.6483243945999372,0.5603829560736797,0.5076625803974609,0.42904660379794585,0.38798471915814065,0.5062811851282424,0.5287230310366832,0.3214432838569672,0.7483229202854669,0.21573680795453218,0.46454063560461023,0.48364693112111423,0.24757808885664473,0.6357550311241539,0.31895643554154707,0.34904018250731705,0.667691684290858,0.4502519587117302,0.44755993087132645,0.6686971008737932,0.44173885325781553,0.4077290674761827,0.40990103066915573,0.0,0.7064740991488746,0.5159457262681304,0.5257626663284419,0.2696362246507475,0.2865898267618743,0.6545497323678604,0.6324761389203162,0.6040214996780701,0.6005124478306306,0.4440094339238513,0.31770542656605927,0.33079708128833935,0.3780239513735849,0.46051403237293764,0.37466792370813057,0.4393283943351544,0.6418693542016742,0.5472170255183816,0.4311756528795384,0.14378365458208472,0.38523376495993195,0.7227573661022544,0.429880617170799,0.6830874458536939,0.6730079629040525,0.7083725563953084,0.5342070591884274,0.48759492506876734,0.46112496953525217,0.25627080196348395,0.6530026917057389,0.6962253943183447,0.7426930989072436,0.7064740991488746,0.38394177506154975,0.5065689503344821,0.30612132298730144,0.6799718898214141,0.48509924747110433,0.4692782389015767,0.664011725525935,0.7596125042670268,0.3726774399668606,0.6968784194508694,0.40030870123236956,0.5435985039864625,0.6767494518159644,0.6935532733070588,0.6754420207262762,0.46938784072602324,0.6696952108873582,0.6050638858528912,0.7982461346703683,0.46873953853266415,0.3072783289696299,0.40939184833368375,0.5622164960469024,0.7064740991488746,0.6645471677991133,0.47960545131474175,0.5076625803974609,0.37220149923177104,0.23304863336361237,0.7615617234561184,0.1992455482495443,0.5437867127447352,0.2979220403889879,0.46030738742975913,0.3245220940259662,0.7294932020564406,0.4393574488417722,0.5788991869439047,0.3111050479991148,0.2056699127906542,0.30990741149225887,0.186534346516319,0.19340352415325987
attention_zero_shot,ID2,0.31353786382127047,0.5878929404156834,0.2364614474975165,0.6150716272573455,0.5355538677031065,0.5363144450315652,0.5998348847134459,0.687595681447443,0.8287746796501295,0.8789052695698846,0.6226796631498264,0.5156081409747124,0.6037862247308738,0.6000768134907236,0.35292674998672297,0.38276613704288587,0.2881164957431733,0.5233686110617464,0.24399387345768705,0.6882270051795774,0.6926548793130776,0.7565339513807646,0.518457868246454,0.8688662808301812,0.32241312419248896,0.4264974531483399,0.0,0.24046858401881077,0.5378048661876441,0.24513203187686536,0.34739569316476887,0.3451966621089376,0.5488626238040517,0.33035852450667463,0.5327428165378388,0.4237809199690017,0.4009891514458629,0.4371384765943849,0.8807893171701332,0.6058989587487978,0.6891713669347473,0.3366776387101778,0.6390848951867905,0.46464857330874504,0.404527837774873,0.7538170411694701,0.4313001341871074,0.2462482684784257,0.0,0.842743079114841,0.4517453214593709,0.3727900309028207,0.5111203773784884,0.7920329777754193,0.6943533528791251,0.38815383818010546,0.8831207345841019,0.3592218105393927,0.3201793318889918,0.21256902120693258,0.7485687956335456,0.8140780369375288,0.6142281409827542,0.31523161857108145,0.31597006775787195,0.29436280493734673,0.29822129223540583,0.31107035094685453,0.6538300699491739,0.54994655748473,0.24886068695702224,0.2463207922926029,0.46231274428398217,0.6984424560205038,0.4689911838296135,0.24046858401881077,0.347065222830083,0.2995857989309901,0.46536616398475594,0.8029140412356526,0.6977960662425067,0.5958662535641747,0.7756022858567183,0.4171549691897937,0.3371146553874148,0.24046858401881077,0.5125810713661244,0.6834380391354316,0.4600172305459662,0.575246503927751,0.5929091303998248,0.25669657519893635,0.5508708141618247,0.41623795380706596,0.3111150255987113,0.4642222395322051,0.3901667365044882,0.7932326228261057,0.7281766862760477,0.7061412755909203,0.4861839056236064,0.6009582177086633,0.661039708281125,0.7428589271250838,0.8696235791033168,0.8308960719752394,0.0,0.24603289253106714,0.46556421013325766,0.9407953175176129,0.5846741457945425,0.7158572951450699,0.7247613052361113,0.5643728450477946,0.43732121255974704,0.5580564299858949,0.29121087181641253,0.7840573752036721,0.6567516967210246,0.7197245177956104,0.7462017191186527,0.24046858401881077,0.7164070705194129,0.42668818625439403,0.6470989926392701,0.8677843497939318,0.3497543760079934,0.6673051363510673,0.6800520270334492,0.677150096008401,0.3056366352226376,0.3656788513763841,0.2869867519553027,0.7959359956089336,0.4332068701787311,0.6841033374988013,0.5120312708684503,0.5107214559772871,0.32309074283664047,0.32083250857429024,0.24833695790985433,0.6647643410412116,0.6467544831677363,0.7676080571926744,0.414774366245613,0.36612984460386966,0.40860026187820425,0.8745496270701217,0.2765672232205075,0.8929279202767643,0.45288502603896846,0.8605336575972974,0.8265513530168481,0.6272295452239297,0.31759193939588864,0.37352444474294527,0.4102800337903939,0.3229158981868912,0.40226550398684324,0.30385326030982085,0.5956020144903507,0.6467229020815283,0.8348482113786535,0.4181700447864845,0.24833695790985433,0.33360727473153823,0.36207986779174456,0.24046858401881077,0.7880229348134286,0.6539114108110915,0.346168269322352,0.6226796631498264,0.6287726944637403,0.8746007126168871,0.564618355360856,0.6260282190817924,0.44534359646091654,0.2550638229711767,0.41155858149328584,0.8161281483187791,0.5841227043946648,0.8756875371157959,0.518457868246454,0.5425349748341313
attention_zero_shot,CSF3R,0.7317077013911335,0.2650890805023172,0.38477679130255155,0.42475563567597985,0.5256140755206338,0.615706219994033,0.674360344624918,0.2578998720111713,0.41093189445285,0.2671556272833349,0.16893825403753834,0.1992167850469921,0.4131268774542408,0.25511358280930974,0.5227573872844419,0.6042412947674713,0.8342577147178541,0.27051796252782545,0.6729451952554271,0.7088514284873314,0.29026191724873857,0.31727729930590415,0.16310511594499483,0.244262068544126,0.7796965936091759,0.5742622630301992,0.0,0.4094918811083192,0.6988293703322538,0.7151317104618279,0.6874222677044487,0.5370932059648011,0.4168386348121514,0.783434395024533,0.6243781662418973,0.6992913222386534,0.47469252963221675,0.4625840293640602,0.2791687292228812,0.46486454001795585,0.5461582458446866,0.5873761167953,0.17177466906201574,0.31352342704006786,0.17260056003804547,0.2482927499686466,0.539292888166038,0.7741185303600678,0.0,0.27272700189597393,0.9113233400689,0.9261578341354748,0.5469128334747507,0.366801629299589,0.42056911640710787,0.5861623526708487,0.31049141956821075,0.8457242608413547,0.8409851715439239,0.6539358631021054,0.20452968019259382,0.25564349188894103,0.4891948279387388,0.7779848483888316,0.7754619489387047,0.7261833935508996,0.745831132489895,0.7568705545306055,0.2730713953561178,0.6906481030692576,0.7056622141212372,0.6445663501172533,0.8116556287412823,0.18249782196141812,0.5241081439426051,0.4094918811083192,0.6593811544788346,0.46915876868240913,0.6886675908966202,0.4285355152963722,0.2245828277961423,0.16214261746393305,0.5083820268802631,0.7653161893090692,0.6202867682671062,0.5537068174985696,0.40563778710026127,0.24003482735794188,0.5589532028185471,0.4795947601491247,0.2574426373423006,0.8083320068540651,0.17886791093117618,0.458454398341743,0.5005539044039093,0.25039621724532135,0.5359392895719572,0.30889578308520943,0.24828386090118826,0.5275078388702159,0.4660617015283531,0.46416545794703207,0.5743844528788333,0.47105845805641977,0.25759682794063715,0.32950853648591566,0.0,0.764297596897462,0.5656117607934489,0.3984958981603602,0.284832258876489,0.2642828314169617,0.5071248713544871,0.553072794563008,0.6210622461494144,0.6255117309819405,0.48675620289028615,0.29673131089466104,0.1779601878271382,0.21200252309516673,0.4457604552250312,0.4094918811083192,0.2708607873753992,0.6827330261085776,0.47482926797687885,0.27828161716062866,0.14173837406957165,0.1805618429917106,0.6169523242615941,0.17146163112500923,0.8399336708800524,0.7052432220516862,0.7514718746070846,0.23083527763340844,0.5203497126330499,0.4819385868549145,0.27276498624376727,0.6643710623550322,0.8016745297294983,0.7791626071058336,0.764297596897462,0.18099999410005188,0.49044950716159386,0.28692801050466876,0.6694973860105992,0.5812634090616654,0.4961830129441283,0.3796036206226321,0.8962637908633684,0.31238018516680977,0.6934665254397391,0.2816692099340305,0.43716503556686415,0.5966395863469874,0.7096172491806358,0.7455173243578964,0.5342889514917262,0.6987058447078508,0.6006149999544458,0.8300975197549803,0.5213156976024873,0.2934838192358389,0.2932129761198613,0.660231016322693,0.764297596897462,0.7363079603802664,0.6660800041488686,0.5537068174985696,0.2020732608087055,0.22840467264659628,0.8300469183851965,0.16893825403753834,0.5462982470096257,0.2790530233800829,0.5160576560005777,0.3899530071561914,0.7739484557004134,0.4833053959697793,0.6068243173297516,0.27921913773651363,0.17274517229456016,0.2798796949622943,0.16310511594499483,0.16662450159642342
attention_zero_shot,TUBB2B,0.32326812192535614,0.3514919135450735,0.21889204335882667,0.4287129815950012,0.5128891635398573,0.5278034594120729,0.45242431475551087,0.5444560419034483,0.622305639380055,0.6409445953650992,0.476232061798856,0.4039488770505229,0.6505868781815918,0.6780701369832989,0.35602510991174713,0.2975827315873506,0.2803643531437772,0.3255171821873093,0.26819292034053144,0.4471522712899031,0.4778290860861321,0.6491871424351096,0.33300842764764943,0.4671700565310211,0.3342478742923015,0.3641082192908449,0.0,0.2337978286466602,0.4166728931680247,0.27848535744297065,0.31839840729686214,0.345607281029703,0.5085160809074418,0.34044092033957,0.49587733191182204,0.36539362075689363,0.341191497763084,0.3797941996693628,0.5704959046234664,0.45881762907424134,0.6595760778374529,0.35156997796461886,0.4990045808510796,0.6202738241042344,0.23804829237376968,0.7104347691806228,0.37751631189616336,0.23032929759469922,0.0,0.6695127455307642,0.5761919118421858,0.5636633051730472,0.3841817706855865,0.5560550192337123,0.5335743071811779,0.35560712404461986,0.527807369116076,0.33594516669488117,0.30058055040569187,0.2249819782402518,0.5098295333802547,0.7681182627575354,0.5493389650888738,0.2944911445554512,0.2976953339335676,0.2737997972133534,0.3178561111593286,0.2881203633958207,0.439183281835615,0.38064696134919485,0.28330241054392213,0.3006637057916834,0.37447705857813085,0.38028685065214,0.3649049757589801,0.2337978286466602,0.3440501242633424,0.28483385322339727,0.3653668976626175,0.7426227658792649,0.6520289644773815,0.4522322894402464,0.48112448296529053,0.3775786646644331,0.3087047575087462,0.2337978286466602,0.4654982459667472,0.410879961558747,0.3786041152133289,0.6463949738099725,0.3763605993135062,0.26109287311898854,0.37628369749422047,0.3353450103725414,0.32210132580207695,0.4171819110248335,0.3611446873303076,0.6313614880063114,0.5578365274481334,0.5571353469527897,0.4165403757923181,0.45388866223186686,0.6801641952194085,0.5438514032691071,0.6623012144517312,0.5305168320666106,0.0,0.24008396254630718,0.39642846533030934,0.6750586701869474,0.4179812543225185,0.6756559172497644,0.4924573112545417,0.545779269564136,0.3630912091355702,0.5518355742255887,0.300021452509425,0.5754504979701516,0.4703924964370517,0.4958905822756576,0.5571472067818632,0.2337978286466602,0.37992343849649757,0.369585255088711,0.5708317672860239,0.5579737816300826,0.43224156176904793,0.4324832128691635,0.5247960991779891,0.42461857333045316,0.294689872847072,0.3035089039680631,0.276086566435804,0.47985453318987414,0.37123579487706615,0.5166608954820375,0.3646624935463296,0.4633466951224386,0.30385637853681335,0.2361659144176679,0.2531393549501005,0.5117803455392175,0.613559988846645,0.6970216241879076,0.4437087135840668,0.30960547366226676,0.3092618132319738,0.5273366370596868,0.26535059523585797,0.56474070847924,0.3860182450629089,0.5557652796468315,0.5442041790789142,0.6378767788797431,0.3226907283029179,0.3749662213829561,0.4011189185083945,0.3804733349046782,0.37536335290650497,0.25732446423444644,0.4433473707794098,0.692649901117983,0.5881823042761881,0.3646471315227878,0.2531393549501005,0.32205738491424307,0.3325469567995671,0.2337978286466602,0.44516542608178755,0.6548809336579,0.3347751515733923,0.476232061798856,0.49225366265675274,0.5936152215396919,0.5039722902867647,0.44273546266462016,0.36641058899631507,0.28028036418312574,0.3999825243115814,0.5469496384998512,0.4239618238775154,0.6475915336343763,0.33300842764764943,0.36635800626526693
attention_zero_shot,CD86,0.7516408990918835,0.2569491488616511,0.27691058524583734,0.41716600266879006,0.6029401408128419,0.6431669613686313,0.7491162624789085,0.2500132125190704,0.4555889414170923,0.2611137863314128,0.17282103436434854,0.15496633375457225,0.48401214383916674,0.2901339432795396,0.3178396570516623,0.4584377025375691,0.8325448223200251,0.25931575853418526,0.741583787819387,0.6733120926375264,0.2720968907330536,0.3305717931471343,0.14953644245275677,0.2171604112686329,0.8647804220559283,0.5024860602351159,0.0,0.2858139414369294,0.7649151643954579,0.7681765754437101,0.6969148358858934,0.31250026980713896,0.40418996267834667,0.7969656576965349,0.7367648693935132,0.6739533200631709,0.42466654992847036,0.41191992380344195,0.2661357414206237,0.4392273825730698,0.6359830887060823,0.6699200099398033,0.17528065202251353,0.30592487730529355,0.16205232740453396,0.3078958982951498,0.4788771689484858,0.8060338577108098,0.0,0.2883241907026862,0.6592174714609513,0.5261211701867459,0.5079218506164893,0.4140409248995032,0.43171178641742947,0.488608009575269,0.26421844994308946,0.8076702652063141,0.7889031764546791,0.7618000912437476,0.24805508793231237,0.3376958499805201,0.5588873337478384,0.6063378369486224,0.6026587513126282,0.6028117793877451,0.6213949673124811,0.6031347971252644,0.26228470247857283,0.7520070209288872,0.7664128751353211,0.7328772525694317,0.8151251894948269,0.18301593297855848,0.44267080160747907,0.2858139414369294,0.7433024808309333,0.35456127045582014,0.7594655163284654,0.4670938508151892,0.27755773215007085,0.17736616696665175,0.6380321232148832,0.692962181592419,0.48494196490688324,0.505263952680236,0.4248427352466833,0.17766728912202007,0.4714529492838742,0.5596822327710459,0.18455998957122735,0.8006056426534701,0.15337934371727888,0.42873864872257095,0.3009208182883998,0.1729427142256857,0.6187748171321308,0.2949207051687092,0.32069035430019516,0.6684616446301826,0.4493006460984894,0.46285703504662556,0.6711651425384755,0.570756722907139,0.27585046602485996,0.35054380585759953,0.0,0.8014156162277339,0.4832239516701754,0.41725473592233614,0.26455884322627093,0.28983309829825327,0.6438011786638229,0.6262290542698338,0.4504130162296975,0.6968601509429161,0.36118132541731246,0.2825310006090621,0.1720712647602577,0.1934397629245008,0.4450034078037734,0.2858139414369294,0.25444684877514706,0.7762273432486001,0.566179287253013,0.2710451229817781,0.15637930998248087,0.16678029752889828,0.6866118882940808,0.1662119687900349,0.6664331942951208,0.7606047231275743,0.8524523528220294,0.22392578704709604,0.46074893612956913,0.5091010569539829,0.2607755010848957,0.7201935475894452,0.7507471280695919,0.7890036872342961,0.8014156162277339,0.17952717515909397,0.4949092440650266,0.29589184723934586,0.6739589160440335,0.4445237853646003,0.44765029903031583,0.34095087413130964,0.7985614269978311,0.2827300609440092,0.7104962151721527,0.2723074777288929,0.4476421854429224,0.7410292538580413,0.6876216071051655,0.7349630080377741,0.5180732896465379,0.7465401705716238,0.6512842271157434,0.7923876118724127,0.43608540003537316,0.312052313177042,0.2626983366188494,0.47328038392780514,0.8014156162277339,0.6555522787623707,0.4278122056995996,0.505263952680236,0.18269003227061828,0.27597314544510765,0.7315972785486563,0.17282103436434854,0.6142534530866899,0.2732041862447208,0.4534108875437935,0.26594439146768445,0.7033439064099197,0.30704766187804333,0.623312221430188,0.2754140234603122,0.15875416753937716,0.29138288357981845,0.14953644245275677,0.15276264623307392
attention_zero_shot,ADM,0.8651542820833644,0.4466725631938383,0.8421676863209155,0.4851829682799139,0.40997803005447164,0.5708637664073087,0.651456232023546,0.35740109503397005,0.5518000877608996,0.44162291258988345,0.18827097517435343,0.2864545199471672,0.49925808977131925,0.41779655019796513,0.9208773951143111,0.4381951357248633,0.6522777320892921,0.426461990093839,0.44981823009416205,0.49136392532167017,0.42234732029166944,0.44972150159104524,0.17806929001785832,0.3683428402261581,0.4816238012415132,0.5099479760980822,0.0,0.9031931726296334,0.6183727261940641,0.453066228520263,0.5856445193270285,0.6877802339317917,0.36170765662566456,0.44152600789876095,0.41008002768769386,0.6255687283213319,0.41931036278539985,0.40715873880605763,0.4961766942719722,0.49066411425881,0.4758420873651076,0.4039980346104273,0.19246578494276978,0.546095722227398,0.2596280960756259,0.3576915608656392,0.4815923338438264,0.4913159534624329,0.0,0.44651285152683295,0.9505872900702672,0.9950212267039771,0.6122779931087573,0.5133835573637874,0.536226307952617,0.490203868875008,0.46805595321500754,0.4523285164475344,0.4409366561867568,0.39193950065755934,0.2667080317330222,0.37182276534944275,0.4762122408728772,0.3219948418457091,0.32568481983590647,0.29604523092752094,0.3037093713888946,0.3151962716869993,0.5329374017018612,0.5321874341740654,0.4895911568544986,0.44672445576577124,0.7666617815069324,0.28547812496994013,0.4809219858102799,0.9031931726296334,0.3953530646034637,0.9074103515272428,0.8367778215659167,0.5789430552032238,0.2986268332866848,0.20841409648705628,0.42742188231564937,0.4644049819455087,0.5102978787636643,0.5445866152525841,0.38171965330226354,0.274183563762362,0.4938478320599118,0.5376194628676256,0.3347585324781345,0.7567914262638988,0.18431460552650492,0.4138547072392977,0.8502920833922003,0.25858356052698983,0.517666153936889,0.5354548560392958,0.41353203262682753,0.3535633916037226,0.4504053165610744,0.5929242497074,0.5476324958762062,0.4746149740331612,0.39267946711794827,0.5197251881100066,0.0,0.5177375803959389,0.5050773516885795,0.5475789351200613,0.4917951023445764,0.3769131552722413,0.3500578681319154,0.405282551687075,0.44736284642779073,0.4452296750445011,0.885168954378134,0.48805755998237504,0.21557869729086818,0.2792378793672571,0.49284438756085436,0.9031931726296334,0.45250063260388246,0.4675569017274981,0.46122862173937906,0.4207728837867259,0.1792964616297209,0.2259006758409191,0.4758921004132512,0.23996140081221237,0.36011352050692896,0.45876548709741055,0.5080864353520838,0.3561431370743374,0.4438767842679215,0.5315399741529201,0.4196647069981368,0.499835240603099,0.3968501556717253,0.4354496315688205,0.5336941711116863,0.22140647893944349,0.5716671842467689,0.47803704674208386,0.35580358001921086,0.4114416589782998,0.4328813466544303,0.42504091076322725,0.5056875771231135,0.445732826418572,0.47248730359237706,0.4749450346063524,0.5848794938698643,0.45577163937445403,0.4288732836798408,0.499252932704738,0.3799077559005398,0.4927926438212709,0.44932582381234115,0.4382790045218011,0.49701762027299257,0.46251596537544115,0.4387225018082057,0.46914917251584126,0.5336941711116863,0.43516244121830433,0.4256010895492609,0.5445866152525841,0.3133000156335471,0.39680878091424104,0.4105200404618858,0.18827097517435343,0.5085123602740573,0.5290444072735221,0.44908613690893107,0.5207561455485679,0.6809508454496294,0.9184784611617965,0.4075064843593283,0.38740739149971215,0.193053135143926,0.4339533829064724,0.17806929001785832,0.18368823194013367
attention_zero_shot,ANGPTL4,0.7757045626090064,0.3229138985812043,0.9690048939641109,0.27357865997057507,0.26606401413294506,0.4688996902410609,0.46848234011118034,0.22941578290732817,0.3246160166970696,0.2113874065087095,0.15421290739505308,0.12893900379059425,0.30035001102118325,0.29353444413750407,0.8908895939920235,0.3742575999815884,0.592793223896924,0.34329819646010784,0.42958632872409896,0.33985904554354496,0.27915768901817756,0.2640762902646159,0.15762098193377252,0.14319793399072725,0.4586105569305337,0.4424625209537568,0.0,0.9191619645186798,0.47773873251577814,0.4324532793783231,0.5580252590231405,0.7596016340130944,0.23662700972356596,0.39986503890202485,0.3166290030255697,0.5975819525452667,0.30008187498292926,0.25860060458336015,0.26398882728655215,0.3130131330855835,0.31208402074477504,0.3605681136660406,0.15451153078486707,0.43787865879146287,0.20883922405101504,0.1999099987067492,0.38456260916658896,0.47540614453388763,0.0,0.2782080224658471,0.9361244512606252,0.9900755152773687,0.5322860176197582,0.2455855491023476,0.3287955829747778,0.39936765646795996,0.231579039631695,0.3910358887213957,0.3690764317289195,0.3917570534987293,0.15176115077958982,0.22730249521636278,0.26980513305422354,0.21934252496708329,0.22191994086971312,0.19882605433795675,0.2123535393613181,0.2065501679701006,0.32151630528021996,0.4021849864622765,0.4742445118320039,0.42355705994828097,0.6847766032533441,0.12880859415600704,0.3205739547009051,0.9191619645186798,0.3634182293124099,0.8314768704363924,0.8238004539993692,0.36627561023378485,0.1666354796084295,0.09468535181467742,0.2414111102064613,0.33886211059986354,0.41414069751875404,0.5424562413552864,0.21629632229440365,0.17235982291042057,0.3993372314882781,0.37922021923455157,0.15600173103824744,0.7336160449230527,0.1459309388028107,0.2874490522018894,0.8448106629067651,0.14207739312095502,0.2909982465570533,0.3579998227780986,0.23449250760662269,0.23262275262478427,0.32435763599984396,0.42100628514160654,0.3488156034955068,0.24305270036743337,0.22224381123738485,0.25702523628767043,0.0,0.5082403928106421,0.4148927380854441,0.2965697035510971,0.3595725252404221,0.2560251546125668,0.22154615611300274,0.3131149266250626,0.30957865838170223,0.30561189852043436,0.8890347807451522,0.3229325585416256,0.1454025692153697,0.16964521317887862,0.3401562302629876,0.9191619645186798,0.2696034352323481,0.38262548785069844,0.25143325724633075,0.2651837810363579,0.15771025495948007,0.12549564980457742,0.35312603274658333,0.10309927922577718,0.25107078150281315,0.4033838964051651,0.4937588969670935,0.14982967502614455,0.3417296955927282,0.2804237292066295,0.34116546846864915,0.4286826362785756,0.3508896129524733,0.4134442781639334,0.5287560094451745,0.10281293836196952,0.3603086403419203,0.30407464358367725,0.243979350233208,0.3035508564351509,0.35627507006347553,0.19357028302683105,0.46666184038495034,0.26889464573081356,0.35093382415591706,0.2820616356711648,0.3533208023126826,0.34252040047715865,0.3053087493809961,0.3912972546318184,0.2496561436793006,0.4373128332167351,0.32576397384212463,0.419495882451355,0.3141304946887803,0.3387326962236063,0.22007905899465835,0.25157327266413937,0.5287560094451745,0.2929846174882998,0.29138073127404146,0.5424562413552864,0.17734137983839213,0.2045710231803729,0.3246353887784237,0.15421290739505308,0.32620365753416475,0.28523888402681835,0.27431148408834705,0.31375846332781415,0.6054119178924314,0.9353295716149438,0.28336965734793773,0.2835193562727462,0.15785054114273475,0.2832756668432168,0.15762098193377252,0.15771025495948007
attention_zero_shot,HES1,0.32845355868270004,0.336854238265195,0.1692181789406076,0.6431448933458064,0.41516926967029627,0.5187086503969207,0.42474271345348447,0.7914770604473241,0.7873430561270905,0.8916696170814522,0.7159587785234818,0.5514076216359449,0.5119361123973069,0.46760378730005014,0.38732496064860744,0.3765229978268888,0.2659604821046396,0.2995117206682467,0.19885343140943967,0.6625435317075706,0.5808994024690302,0.6720784621332777,0.6053773548425598,0.8918282704699219,0.3255337761681356,0.40142030827220443,0.0,0.170078143065206,0.37862539558885083,0.1981984239216927,0.35571776488717716,0.35074676993103404,0.5567026425502953,0.3188374740188507,0.4729635600267609,0.3930930251221079,0.3792965857205148,0.4229841364377771,0.825607817487181,0.5655862369467897,0.6527169003869924,0.26059203987668067,0.7317388463832883,0.3615219251692784,0.23067752482914575,0.7277994679715869,0.4114030720067377,0.18919503558920367,0.0,0.8051616011971867,0.41757596538105024,0.3486414550690859,0.31600203290662704,0.5363883303238871,0.5579545129557351,0.42511602769489215,0.7932448577138815,0.3477461731649754,0.3070164761402513,0.15097509036922555,0.8108094658706964,0.8516686671237581,0.46286296730387094,0.3035173598416555,0.30415797960411095,0.2839005348946989,0.28628641990256715,0.29938694138610755,0.44939598368434763,0.35257649408968095,0.19549773434581094,0.19875339161361727,0.3139356600550582,0.7207420170044015,0.36877712439831833,0.170078143065206,0.3234151162744516,0.31150836488592576,0.3618191504237627,0.7044586083262432,0.707383621308734,0.6680922044825739,0.7445777601512596,0.3745723541045405,0.3217952700905201,0.170078143065206,0.46809842191065987,0.6991032913526591,0.44332003001923737,0.5274326301021137,0.5451551916904668,0.2079607422787642,0.6226501638246089,0.43005487723066393,0.3170636665209378,0.446775803189407,0.4137927944997995,0.7063567810574745,0.7120181521826637,0.711356822262732,0.4848589965729107,0.3898257582803523,0.6094135460083984,0.5302713756511476,0.924980095769134,0.6577375440699564,0.0,0.18556024125207957,0.4509828238190614,0.8891861545729002,0.3494195673102566,0.6304917038396372,0.7527692768963599,0.5553375130168547,0.5467387952378232,0.4740944154685958,0.25605067468614223,0.6915906703151476,0.8561640154434742,0.8639815402077806,0.6162985755211978,0.170078143065206,0.6879297473328243,0.40747076293823026,0.6165501981718535,0.9207685232687286,0.3647392998322239,0.8397059777177303,0.6544699704027112,0.842319883746936,0.3125432240939819,0.265003015253084,0.25071494433526664,0.8162467435088454,0.4207898741999074,0.4838236178642006,0.29931905977008527,0.4338268317874955,0.3153869552687808,0.2644929169462134,0.1885419729187453,0.7849551291520497,0.5674343190790836,0.6554060535870936,0.460392574634106,0.3363749949651637,0.38173531397486843,0.8491012449971493,0.25369170618542664,0.8114768993961607,0.4073116925455166,0.8747033131777332,0.764847466784679,0.6018505310686392,0.30224698170283193,0.3616654903857818,0.35579121998026025,0.3145288185965425,0.35843161207409435,0.26250912240555946,0.4825848401638887,0.5611090876564615,0.8236616325301391,0.37074588936663955,0.1885419729187453,0.32065141800290403,0.3593633601391805,0.170078143065206,0.8444321000836812,0.48070345888321475,0.33840944244366256,0.7159587785234818,0.4551701876815424,0.7344299023424352,0.4571421168669171,0.5161815356817383,0.4459925778128422,0.2004593552188299,0.39815771507937925,0.7421855936197254,0.675016645164461,0.8184444270791079,0.6053773548425598,0.6316855311863893
attention_zero_shot,ID3,0.33010266692629353,0.5122386157745571,0.2197667416314926,0.6221458126116836,0.4245052037779854,0.5070326133128769,0.5651737326064892,0.7680703797083924,0.7816452691616251,0.9043565909735963,0.7670884516268296,0.5847065189175993,0.5492800201780988,0.5805375629408195,0.38494825354011347,0.3364631741662353,0.2952612340592155,0.4931245611813847,0.2214620494575393,0.6320663393776607,0.7499092825564099,0.7863458811761773,0.7667864096250343,0.9179637887403042,0.3350104906986136,0.4615712745207733,0.0,0.22611154408747872,0.5130460433971779,0.23942991889258447,0.3130421352879649,0.2948388586884041,0.5516379407673776,0.33820034844865465,0.49308801088894166,0.3809607794746525,0.412281830760935,0.4545904381597762,0.8392822780583794,0.5886841459217245,0.6410824109681438,0.2887331178583762,0.7850047245786119,0.37404947854345505,0.34959425655149595,0.6893715490330538,0.46151772002785346,0.239650302730951,0.0,0.8366100190701772,0.42855959378157343,0.36023393963135963,0.45793477488277584,0.5434654165534599,0.6212747200127966,0.4298063229355219,0.7666603410673195,0.3698734209514894,0.3241060817472476,0.20521372118787173,0.7508713329871373,0.8356033227816223,0.48723232818574985,0.3030582160895912,0.3037344716320494,0.27845576550133155,0.27870692649728,0.29868112507437317,0.6155251089975974,0.4423891231196361,0.2446000176762218,0.23489090482263691,0.40303360950010775,0.7183091351381838,0.4195229276430264,0.22611154408747872,0.32958957628359703,0.3190056042760684,0.4100470841459033,0.7953057350439496,0.6210922638149236,0.5544596287340794,0.7477501261177084,0.4024094917381723,0.3545512651347423,0.22611154408747872,0.43307535226004734,0.636736518964668,0.5174375701834838,0.5024662178353996,0.5005334473637003,0.2579438760314654,0.7376799088494016,0.43404509872612573,0.3135618254497995,0.43651963080980943,0.41681431208194164,0.8592914067609545,0.715786598403933,0.6966168952531492,0.5396958707607336,0.49344133480947294,0.5810911682192205,0.5860312923219863,0.8578807178799271,0.6487967776660515,0.0,0.23870561634850415,0.5228626407854875,0.8539220945282081,0.4891823639314387,0.7152982321931818,0.7540846205125392,0.5402036028415607,0.48040106575863833,0.5066191272856297,0.30464858636536407,0.8095882675953264,0.8808099809244149,0.8927336131677535,0.6832588013419648,0.22611154408747872,0.7080280273143601,0.451738734690014,0.6052529554411427,1.0,0.3933075223634393,0.8507185861674458,0.6516717629817945,0.7761766086305656,0.3034275826050414,0.308675385062867,0.2974072380320329,0.7933163396125695,0.4648033724249451,0.5111711571734822,0.47347428578282874,0.4728715045648502,0.3252189386665453,0.23893540339026964,0.24292973620961397,0.6660209064795267,0.5607432047336205,0.7262241284061723,0.4013356938557247,0.36260399165576956,0.39087420470420947,0.8176672652983794,0.27808155170733556,0.8530769493962584,0.44804445540824417,0.9367371495097685,0.7813495260407903,0.5703035496499026,0.3127529571012878,0.396264255983942,0.3740718668541961,0.3336770220548695,0.38350498956425105,0.24759815264813884,0.5427296151389827,0.6140614915361988,0.8317868643864023,0.38774435802723933,0.24292973620961397,0.3323228526193143,0.3804653417083822,0.22611154408747872,0.881838782777598,0.47552649333834296,0.348695279946745,0.7670884516268296,0.498690817969791,0.8530177870446932,0.499816701367252,0.5934714306186394,0.4065784146624153,0.25524705298735656,0.42147222896791636,0.9397784368010387,0.8250898072187757,0.9217127469396134,0.7667864096250343,0.7901077686625309
attention_zero_shot,IFI44L,0.28180618732709894,1.0,0.296096773544444,0.38883257245379665,0.4395258092076409,0.38915902789061474,0.8187642554206847,0.24753052136626594,0.6200020374429905,0.4499844346547178,0.2532090160560159,0.3372315113758838,0.5425865485806344,0.6174725571106167,0.3303557414929056,0.22163472863339528,0.29129189098030867,0.8995629653609583,0.257343336427381,0.4468189862054359,0.6178279893239661,0.515029054150013,0.26365622738040606,0.22617142438355226,0.2962722419653948,0.31544175019301257,0.0,0.32405238483900656,0.6855821461769038,0.2857879253745152,0.24995095981251883,0.2536797665240834,0.23448623004726749,0.3051676914351291,0.385776755448191,0.2980020702376521,0.2590316422223764,0.2601904421024317,0.7334274643196698,0.3989634229827142,0.4692052386500497,0.3326320123304476,0.255054434145797,0.30612752287672224,0.7991259307219165,0.3861748825114407,0.3086123502223848,0.30932505235282604,0.0,0.5929929019970765,0.37378497954972933,0.36639612238115565,0.6650497299149544,0.7647266354745955,0.6176014585487871,0.28347145479046,0.6187297530289482,0.3047663837872333,0.2824554351459077,0.2899530196690745,0.29041496367174835,0.40031092965629284,0.5582016519259354,0.22206550453476015,0.2216638234960719,0.19941115957485886,0.20518316493184657,0.21194945847511565,1.0,0.6536901930690351,0.30928297008748346,0.25634996756060513,0.48698352795095845,0.323917464781699,0.38224807779565767,0.32405238483900656,0.26298824883349864,0.2860537911277783,0.43551407663743136,0.6657107365330067,0.2691427274852578,0.16910602030109886,0.5291942982887712,0.31705131445903356,0.27114023691004585,0.32405238483900656,0.3720832440034571,0.2944234807043896,0.3391249058075072,0.4500396711308394,0.3736359150640286,0.32283046237922264,0.2252519253308448,0.2185336660905,0.27842579530315037,0.22365596094518736,0.2672220963104514,0.7376174818903974,0.5159816673969747,0.4591902454369608,0.31431079302239745,0.7626297558891887,0.570041296843809,0.7689635941701564,0.4052113117206338,0.7461737170335186,0.0,0.31765912564318505,0.35739026909810484,0.6040702537383136,0.8461862733417979,0.47245851354804524,0.43562438447774354,0.34315066899702223,0.23168624575021754,0.45609149581163705,0.3102061078870093,0.6318661397548939,0.23149028629711818,0.29344289688998726,0.5382312317405088,0.32405238483900656,0.729477774028342,0.3214172244741847,0.42562666188814885,0.5112193465697863,0.26451945405917776,0.1840779082147465,0.4434621512038898,0.1377359564819437,0.2146831158084246,0.35525012416565394,0.29894178825738305,0.24391047777350833,0.2649515931443471,0.7026827196256491,0.7789747337279317,0.3985288295012938,0.25988587774999083,0.27849422483824066,0.32490047397651617,0.15367965633954428,0.5113005664332446,0.6200643225088264,0.2233633580915377,0.21259742571542295,0.239642488674174,0.3046543438952411,0.2958503981797522,0.6143331244851064,0.3629715061839892,0.6869705284440808,0.692699511341325,0.3932609686382982,0.23438642216917727,0.2888093473534657,0.2840995448943643,0.2950523756586978,0.300353321127491,0.2827238730340764,0.47196058433737875,0.4084248489587923,0.5319254167597366,0.27304765003101233,0.32490047397651617,0.22205628206745726,0.24985071299390046,0.32405238483900656,0.5245998787911567,0.6155197539525965,0.2721713052682994,0.2532090160560159,0.6194354950082642,0.8463392089760042,0.387359642582241,0.750461242464154,0.27857785924224,0.33466977151948507,0.2918397239509714,0.542407724449165,0.26550599883491677,0.5933339288864261,0.26365622738040606,0.26451945405917776
attention_zero_shot,F13A1,0.7836065143995085,0.44241574916427256,0.8195146772524037,0.4247405914924993,0.3898691499346844,0.5861955271648394,0.5936049114858662,0.3293807701704552,0.5292176485826758,0.43346488108055253,0.18211569824959362,0.30109871147305783,0.4527206043636331,0.41674530289932865,0.7643417905232993,0.4031400204370061,0.5567450928996728,0.42408208889608906,0.3969614001649248,0.4913527559357203,0.4200856132458899,0.4295716192287876,0.1720279860071403,0.35540337767127006,0.4246276245368286,0.43221861905115405,0.0,0.7149677069926564,0.5608829574442662,0.38805071305915023,0.6002143184147083,0.7758243225196767,0.34598013312222053,0.3897386367566207,0.3965525565887476,0.6751245290387229,0.36267262655355337,0.35503789395638247,0.5372435507603406,0.44906309633603786,0.45179874577196355,0.3743761988862645,0.18620411075076843,0.5271596925558052,0.2636092545656772,0.36324981075801793,0.41529993891829164,0.4102736993475681,0.0,0.4430689386364481,0.9222552502630451,0.9776367397869109,0.5467742323550204,0.5060690016348127,0.5026215526282785,0.41698828110603975,0.46929587072584744,0.3960809874849508,0.38464747090489254,0.33637799017012426,0.27468016033821546,0.3720658080471564,0.4510394739849676,0.29580592313924475,0.2991009731919497,0.2752632155361002,0.2835320125828287,0.28824431744481366,0.5219196128506528,0.4925359135807774,0.4123894412546672,0.37965065828710665,0.6747632852628542,0.29146285738015815,0.4280088244756987,0.7149677069926564,0.36484678046808033,0.753973522308899,0.8744479070877623,0.5380492504804167,0.3333708321818246,0.2457741657582465,0.4590468868752189,0.4131987575063959,0.42166136163129075,0.444118356364114,0.3739947506808443,0.30046898447662385,0.4149300300126879,0.5118735311868903,0.3989965898715845,0.6222151267537197,0.18639177610412658,0.35606308619500443,0.8524449260633311,0.25448751512577167,0.42515676073212844,0.512021502139149,0.41589843268135285,0.3452774690637296,0.39894549751813463,0.5475182594119706,0.5114726270569643,0.4686707297974426,0.39034995189764005,0.48979022983981024,0.0,0.43000105088198026,0.430051379613966,0.5300713015361325,0.4718304647308816,0.3823295261429693,0.3390168302347804,0.39140379822432675,0.37693103591240007,0.4052320688838573,0.732696959352132,0.4727412652379083,0.20762690672193948,0.26804348507343334,0.46899251557906196,0.7149677069926564,0.4447788406222764,0.40583230003177806,0.4296272735348993,0.417393214115075,0.17423212048709052,0.2307048670986996,0.4521374251148279,0.22378156122878237,0.31944628515143153,0.4231946378796544,0.4290954241793147,0.37976106483693867,0.38056348664149603,0.5096316906040668,0.4181722762108954,0.4746195061211271,0.35048219370956407,0.39425498362032846,0.44436198252615283,0.22802467020907918,0.5542868652020441,0.4662556156001685,0.322274892039939,0.35581869969330776,0.45662168835317346,0.4045242280709862,0.4231349999007943,0.46171670232230105,0.431709215450796,0.4686688012494613,0.5474312124229871,0.43359679641618526,0.38086844267797293,0.4182451400270072,0.3512044635449939,0.42062674546006984,0.40576157386159534,0.4085475867063963,0.45980427523783024,0.4279245188740847,0.4335579201904346,0.41197963659297626,0.44436198252615283,0.37589369511317305,0.3595599358037605,0.444118356364114,0.3083090006610878,0.400967437704711,0.37229488519806625,0.18211569824959362,0.4862503011685407,0.520337124632733,0.413921496435786,0.5363884320800164,0.6640964454884514,0.7556866059937055,0.36543712978493165,0.3883013743303414,0.18641964222220891,0.4312387144744856,0.1720279860071403,0.17735822904975831
attention_zero_shot,CMKLR1,0.6136575488267421,0.30329184830905287,0.38401639388713404,0.3594829896768167,0.48222850369511644,0.4998329564006987,0.8122367735663907,0.20464929685933989,0.39444958156202325,0.20449317262930491,0.14666484572042962,0.12483966229249162,0.3701835758861369,0.277591528291381,0.44395717907504384,0.5009547223734043,0.8636287795607788,0.3201085006839289,0.7968282966882878,0.5994401596613238,0.2632147731720545,0.2513219575877174,0.14801435798425178,0.13788362870868623,0.8770101450906662,0.6377998737191634,0.0,0.4226197319108822,0.8577703675271087,0.8655180612783976,0.6669343343372299,0.35037422608689145,0.33489295341226427,0.862599354226349,0.6417954684998874,0.4972627066694718,0.4264504016874006,0.37932740622892885,0.2548785896601961,0.42650454192219067,0.5263979839536952,0.6345736547442872,0.14746667322188517,0.25292296793413616,0.19155116735756483,0.19480826563598982,0.5533665726767056,1.0,0.0,0.26606103896403904,0.6085478815588502,0.5763705052935703,0.7161914873617107,0.3520543488930048,0.3924673627045885,0.556447269202755,0.24141786431485793,0.8731717094806541,0.8498073354553072,0.8481375278666783,0.13880976527490316,0.21749147008028705,0.41968390043807313,0.5529844423390328,0.5473260175585144,0.48940890361464,0.5147325283124745,0.5108261808661526,0.3065112080132806,0.8049248659799345,0.8789194140243314,0.7680248180291228,0.9106122485364588,0.12176531179941621,0.4268477432083012,0.4226197319108822,0.7110396550198035,0.40285572575261697,0.6207090513838046,0.4528692306663274,0.1591329309749598,0.09272844693607134,0.49719041991106394,0.5916164369108631,0.5856223456822568,0.7570126227208975,0.29308148572324483,0.15837098752830045,0.5534472742920371,0.44181352178135225,0.15023904547376404,0.952189856232922,0.13838287712818723,0.416612164312219,0.38019112748815787,0.14986294816719517,0.4934874965762006,0.32095522925317527,0.2250448537718831,0.5309865789098415,0.4426874832360314,0.5380370386137581,0.5594180812485133,0.4123600681713142,0.21344771973607557,0.3031512518302111,0.0,1.0,0.5768899180312823,0.35207843459759874,0.32021264462019106,0.24327082193566835,0.503494989312412,0.5495857571179479,0.42145794457130054,0.6156326230581081,0.4347988819630161,0.295551772023204,0.13953185457955145,0.1661950417804698,0.44145686197960704,0.4226197319108822,0.2545983379654087,0.6996636585872296,0.38347057117398003,0.2517581676922543,0.14890418300575267,0.12046360868816176,0.6353158198328762,0.09887236468798802,0.5684872416494454,0.8255126549988294,0.9446783453249364,0.14428431299271044,0.49307367388227047,0.42093768621032424,0.31990824734048506,0.7076502245115941,0.7656826743886187,0.9048440377578899,1.0,0.1001711167758513,0.3982959011972713,0.28308270725288737,0.5106293105861238,0.448791069627586,0.4879099577405477,0.24481015507808385,0.946726088846118,0.25729979784272405,0.6925326747615961,0.26930730299426636,0.4531213152767148,0.6146146281977379,0.633002801512676,0.7053572900189182,0.37339272903000986,0.767183626605113,0.5249898700171715,0.89769583065836,0.41492624789446353,0.2788144415014042,0.21210760107159682,0.3442645949173893,1.0,0.556918281884631,0.3969159691777496,0.7570126227208975,0.16733250491060517,0.20868249293812285,0.7130146624808424,0.14666484572042962,0.5394278809504227,0.27503541788529956,0.3638293443920595,0.30409993716374634,0.5651810157463619,0.4561285724139516,0.5295260460189505,0.26757644042662315,0.1503024794681113,0.2698500534991132,0.14801435798425178,0.14890418300575267
attention_zero_shot,HSP90AA1,0.35975422534339996,0.7401010758512218,0.22472631590786057,0.8415310165252748,0.8109350562865303,0.8898216310739296,0.7875155025267727,0.42846657568852325,0.8691365819141494,0.8367321863292962,0.27380328196283626,0.39636187229354375,0.7959565808321283,0.49512886558177205,0.30974802531544493,0.3060744503714579,0.3300883289842056,0.4828821275619041,0.27453782167826757,0.8684594854919765,0.5322726745226349,0.5476459630337496,0.26685246661518897,0.6323657896713323,0.3456422073816619,0.3704459224535037,0.0,0.22638053899784413,0.5421632498206537,0.27104249414508225,0.3592347696575268,0.3480560386887262,0.43385682650015117,0.36617031862368027,0.8347623633621509,0.6237805633657343,0.38409617235393423,0.40807777863015976,0.842136356437791,0.5690341647278648,0.8505483493513877,0.7652067957470557,0.27710417613573246,0.5275809711002795,0.714170237320745,0.8204964206562405,0.37290075722816163,0.2601475594451093,0.0,0.5396793715045244,0.6950929151874765,0.7077950433855529,0.5140879600958155,0.874034577183395,0.8128347869489504,0.325383211405656,0.8557167187398033,0.41771598724442166,0.3629489220809669,0.22202387570606189,0.8271876405812463,0.5861740321221428,0.8365349076116524,0.44389753321388076,0.4419394259364649,0.46741821592916694,0.46745307105868317,0.4564468062214137,0.7447839393493979,0.7926558242257369,0.25472929277064865,0.2608011092076395,0.5561697464538328,0.799093111060084,0.5595733458090509,0.22638053899784413,0.4188141084879405,0.2992951997498366,0.5940861078754974,0.8132490452897193,0.5752968814182986,0.436902109090978,0.8684284939729975,0.5740572017808868,0.31614043741336006,0.23341520886270065,0.8192906877463468,0.8032205817670443,0.36911546844922216,0.8452959026465453,0.7711671251109239,0.27269185248276834,0.27561931050439575,0.41689179269441046,0.2933792080922902,0.3777722092094262,0.3475242941903681,0.5400381995782234,0.8182543147773842,0.8485686580009284,0.4148367969330752,0.7818094191650922,0.8556811182267199,0.8087000110338359,0.5919423122060431,0.85520799728364,0.0,0.25676923779873995,0.3731944764627485,0.886705503265557,0.741446408346641,0.530427197549996,0.8508129881163627,0.6323875070944831,0.42355258529553774,0.8111884540132757,0.27428893857605496,0.7868343023516569,0.3323398604162022,0.4112608691300542,0.809135799570787,0.22638053899784413,0.81113744794271,0.42723604502451473,0.8718348634332154,0.5908559003279288,0.2297246406498073,0.3393138645439687,0.8787185001748135,0.3405368860260936,0.40748218131428143,0.49628882273226493,0.2995669588040533,0.5986360183920681,0.4064084417707442,0.8185112756605851,0.48212094476467227,0.6045392414998405,0.3603532487611087,0.2967075392056654,0.25676923779873995,0.34906238974385234,0.862878903120968,0.7832583660913521,0.4651258497707657,0.3648480978047672,0.3631500663737396,0.8732531097981893,0.2826213070526183,0.8256691380808006,0.5721957329944222,0.8434877918233568,0.8756605581844892,0.8586193595219883,0.40400271405443605,0.39290816791389854,0.5671186400225885,0.30297595107572,0.5925110726587337,0.2898372410280077,0.790118256993627,0.5494034360026578,0.8319484987399305,0.5701380709597019,0.25676923779873995,0.3923953977305106,0.3272461140040043,0.23341520886270065,0.8143075444949616,0.7428509635883259,0.4369992390929059,0.27380328196283626,0.8121911482327274,0.7978485922729074,0.8061295290771527,0.5141477648385631,0.45743436323212744,0.23692989528423716,0.41049606058398247,0.5394970394249036,0.2768955835108713,0.5434868941770651,0.26685246661518897,0.2702310266768701
attention_zero_shot,EPSTI1,0.0,0.0,0.0,0.0,0.0,0.0,0.0,0.0,0.0,0.0,0.0,0.0,0.0,0.0,0.0,0.0,0.0,0.0,0.0,0.0,0.0,0.0,0.0,0.0,0.0,0.0,0.0,0.0,0.0,0.0,0.0,0.0,0.0,0.0,0.0,0.0,0.0,0.0,0.0,0.0,0.0,0.0,0.0,0.0,0.0,0.0,0.0,0.0,0.0,0.0,0.0,0.0,0.0,0.0,0.0,0.0,0.0,0.0,0.0,0.0,0.0,0.0,0.0,0.0,0.0,0.0,0.0,0.0,0.0,0.0,0.0,0.0,0.0,0.0,0.0,0.0,0.0,0.0,0.0,0.0,0.0,0.0,0.0,0.0,0.0,0.0,0.0,0.0,0.0,0.0,0.0,0.0,0.0,0.0,0.0,0.0,0.0,0.0,0.0,0.0,0.0,0.0,0.0,0.0,0.0,0.0,0.0,0.0,0.0,0.0,0.0,0.0,0.0,0.0,0.0,0.0,0.0,0.0,0.0,0.0,0.0,0.0,0.0,0.0,0.0,0.0,0.0,0.0,0.0,0.0,0.0,0.0,0.0,0.0,0.0,0.0,0.0,0.0,0.0,0.0,0.0,0.0,0.0,0.0,0.0,0.0,0.0,0.0,0.0,0.0,0.0,0.0,0.0,0.0,0.0,0.0,0.0,0.0,0.0,0.0,0.0,0.0,0.0,0.0,0.0,0.0,0.0,0.0,0.0,0.0,0.0,0.0,0.0,0.0,0.0,0.0,0.0,0.0,0.0,0.0,0.0,0.0,0.0,0.0
attention_zero_shot,KYNU,0.31586283891713457,0.8051304558104584,0.22634934142762908,0.799025417196185,0.5575930876655223,0.5267039267297722,0.758801116291151,0.615782643091559,0.8411393589013788,0.8708855001973499,0.3804990300290499,0.6015104791934308,0.676378470002955,0.6026720855712139,0.3439905847710947,0.2943746350653034,0.2728072887510064,0.6184485944960527,0.22570089735662427,0.7032657950692088,0.7697127469812889,0.6470149050491784,0.34117544719649867,0.8384659822389495,0.298252248683105,0.3770779568650425,0.0,0.2307262554498789,0.5968713579888569,0.23916579423900922,0.3016642810935394,0.2890587539442535,0.48071676956637743,0.31269408226289097,0.5026970178380817,0.4243567197373131,0.37372373449993934,0.46041462956717893,0.9014709086538314,0.6335328021662769,0.6722700243375413,0.4180739155697209,0.39852793388086555,0.42647786331538573,0.6719239737565009,0.6876446056470519,0.3982085377221036,0.23926097799082305,0.0,0.679746725312177,0.41482840538744525,0.3762651026793847,0.5741013980778688,0.7920957244602288,0.7384251724869071,0.3859282934980719,0.8583194637191797,0.3408280932644377,0.3029301182101385,0.2083850474155336,0.7380531970936525,0.7184011971511467,0.6456939534612286,0.3062879429142126,0.3069542248852234,0.28340219457624555,0.2828845750808432,0.3027301519649253,0.8422484642275139,0.6720837347363835,0.24274524468951902,0.23079513020965142,0.49984985789241504,0.7589877782790777,0.4897607044591559,0.2307262554498789,0.30224779832179505,0.29862286580136826,0.5169674895813497,0.7965574379795071,0.6148638150932073,0.504485490174731,0.8049588615299174,0.4369651555371645,0.31493939496919665,0.2307262554498789,0.5279280304032195,0.6455692716450943,0.42469264158292785,0.5683075282068426,0.6527578746633378,0.2523648946092979,0.36467030879960544,0.4391082976348553,0.2975370287468406,0.4441484713192989,0.3939561339658705,0.7000735532534127,0.7577056845413792,0.7522837575709299,0.5385601015855328,0.7356409264275239,0.7635616297165129,0.8025290575176823,0.7395168099751939,0.8498259279549709,0.0,0.2386095579169625,0.43407477930427374,0.8977236753069798,0.7651447104426986,0.5960519788752893,0.7763458299372754,0.5088637718483704,0.4852525167037154,0.6557838132480378,0.2672555066877246,0.7684669890473823,0.5542949455466811,0.6571074318288338,0.706613180825273,0.2307262554498789,0.9710685718330654,0.39560226158733014,0.7091556609386085,0.8229478429540993,0.27190426486396396,0.5816853616481709,0.683082946215969,0.5876782409012703,0.30553524272325505,0.38850890748548916,0.2621865628543928,0.7458492018003775,0.4447398576865949,0.7291999992110688,0.5983344202897884,0.47433545977062963,0.2978901402740093,0.23881109242953596,0.24142563782436907,0.5274461702932082,0.6137661726247169,0.7414806343563456,0.40836976357545374,0.32565425668328174,0.33217084592721097,0.8222131009665238,0.2716181031583427,0.8683583489602136,0.45803449717280803,0.9265002775060394,0.8689718376993631,0.6121867501121897,0.30190563281979893,0.3549093042383597,0.40840655585771507,0.3005716780175222,0.4008590722799853,0.2456308573065118,0.659927977242379,0.5428330642778245,0.85670055703004,0.43233488816765125,0.24142563782436907,0.31937714316713745,0.3600532422492784,0.2307262554498789,0.8819652286360662,0.6755225764925213,0.3376741428440953,0.3804990300290499,0.6701331152858094,0.8873501273769467,0.6156777301409077,0.6615818864712145,0.3756362551176389,0.24993243869257423,0.40310535506540385,0.6941316907452248,0.40482090653267355,0.7090632047531716,0.34117544719649867,0.36504249444756426
attention_zero_shot,MT1M,0.3111109492182613,0.676064063490885,0.2690235567862793,0.5131094056242584,0.40824495356807866,0.4744484060419804,0.6783836160516578,0.5706986842623195,0.7211831644310324,0.7281788517641973,0.7299910568056469,0.5533381938339041,0.546946850251554,0.6575375242012196,0.36887258011584767,0.31006772795147075,0.3062029343717992,0.7071889443097058,0.2465748306995174,0.5317519737865856,0.8061337422494834,0.7706494925781723,0.7071889443097058,0.5434880236161551,0.3293256055099166,0.4259431773207123,0.0,0.2878076967387206,0.6175922110794304,0.2720030277485748,0.29056033902159983,0.27896740836196987,0.5108496887004956,0.3294673603165623,0.4677647214067414,0.36352548194240275,0.3828284885489338,0.4287974889657846,0.7812032815724838,0.5358841298152728,0.579252593758823,0.2988916312316829,0.7599920504939085,0.3707052427219115,0.4592342477458321,0.5966252634645645,0.4353761675496967,0.2867982972288777,0.0,0.8353638264837725,0.4100102163663994,0.363665528353917,0.5741301211886722,0.5365394206298382,0.6151461074810746,0.4041372123321306,0.6546336708923645,0.3485179289844299,0.31281049966944485,0.25908375417555946,0.5519316077422441,0.7392372838456248,0.4765724804189372,0.28865191031114834,0.28916787429732416,0.2660500435817533,0.26617861234183315,0.28442355939456193,0.757336391443639,0.49341148567226023,0.28901309870246417,0.25710162961093924,0.45036415009454095,0.4677410165453828,0.42497974751267475,0.2878076967387206,0.2978710982784462,0.31347579075072396,0.4293513206600217,0.785626260049161,0.49131628931772636,0.4218752416390448,0.6058659074407472,0.38869644422414834,0.34250403298612636,0.2878076967387206,0.41449824257768986,0.5075959409296302,0.5021244895880449,0.46907199351386974,0.44954771602560556,0.3031717163663198,0.6858782426395051,0.3679209099583427,0.297296436606947,0.38989764609190725,0.3941394431747539,0.8658398305761398,0.6314189488178622,0.5407102190652964,0.5218533137424624,0.5604156479440954,0.5177845093564638,0.5889871536690504,0.7475466284508265,0.5963546804271843,0.0,0.29127476696744825,0.5106340071070029,0.7785004967507286,0.5946376765956207,0.6789585609963927,0.6182718555184277,0.47674959108896037,0.3711412410902773,0.4903060742341879,0.3302311692904973,0.8021306267308868,0.7587225151637887,0.7468794474115881,0.6569213946874265,0.2878076967387206,0.6018564008832183,0.4263385924448744,0.5395009368897636,0.9023281484733509,0.39682076407918626,0.6150983392411824,0.5733468506900516,0.44740565130848814,0.2818552035109512,0.33183125849825335,0.32009328162383366,0.47370198899906485,0.4257999787159122,0.5184758531944006,0.6387610881240591,0.44895856666860023,0.3095659247183524,0.267033560264844,0.29761094675911304,0.4773487696128311,0.5461023586358202,0.7070476095956687,0.31925921938928487,0.31821350799380715,0.3389744086682921,0.5454952156561433,0.3000274682476952,0.821943846048819,0.428652440379949,0.8733144040180438,0.6881175275328217,0.4921057388712422,0.2876808390750265,0.37177125661405347,0.36058301060996445,0.33071710285883793,0.3600137429419035,0.2729383387675884,0.5385467193476295,0.5635246790331306,0.7082360689191998,0.3769521600801552,0.29761094675911304,0.3026479600323605,0.3731477780956934,0.2878076967387206,0.6989737078807312,0.48397209425698884,0.3317957940371599,0.7299910568056469,0.49192884865299646,0.8554882177342719,0.4822628855303063,0.6966585440051672,0.36726509630211956,0.3093269364881302,0.40519034265995013,0.979176515013776,0.8169930901935661,0.9464602871458959,0.7071889443097058,0.7559907869247549
attention_zero_shot,CPA6,0.659799858379243,0.28158283811709217,0.7164399763453577,0.15374838874691332,0.2115429219053115,0.382595188960528,0.4104110032240553,0.15899683587171717,0.2420051556647458,0.1696351682762487,0.1485068837487542,0.12286164074275822,0.207812147666906,0.2321431110161111,0.8893974404550302,0.22196152296487148,0.4131395866201346,0.3523654159869494,0.3502494074088393,0.24651172981616476,0.19928195645765048,0.2009069523822755,0.15869225824226285,0.09748593596070823,0.42039255189241226,0.3478599704036397,0.0,1.0,0.42282191997293506,0.34776292152033916,0.32458005234027537,0.5684382343683687,0.1362677787438485,0.33985463138273403,0.28029588637644237,0.3888086323669059,0.18018503862184787,0.14376357354838362,0.22737567552295646,0.19289657713467745,0.2599157259804028,0.3052395925552857,0.15020444616433898,0.24316267569141564,0.21080026024723486,0.16887684405488226,0.2780693082928017,0.3986848458372611,0.0,0.23090159522462508,0.94071952669227,0.9957945806232918,0.5426042307383735,0.230622749391912,0.25760266912630786,0.28490023799064906,0.19631696918876523,0.32327699458294096,0.2944819471276315,0.38584823602365564,0.12344000705456828,0.16695973803165556,0.21606706571709017,0.1804002662589002,0.1827527462246084,0.1664134323166036,0.18093352559761938,0.16709768055566435,0.29927848258455647,0.32223368540340086,0.40698987090390215,0.3205604428982565,0.5291970911746724,0.08901117211919411,0.227883079667075,1.0,0.3069482666519077,0.7533837646797314,0.5835718088385382,0.27611919767874205,0.10376227910397262,0.08214583807123575,0.19646864334500452,0.26207919707322824,0.2876760956042589,0.5901639344262295,0.19243037193256507,0.14258346247943104,0.25621873028949754,0.30475309663595174,0.1363510908414779,0.5551911486834674,0.12531737169047552,0.13373893626133626,0.6479677669183884,0.09665794508026927,0.20619829159820255,0.31123845590004623,0.18109713201619582,0.1930495168065158,0.1843757614624476,0.3479350138561996,0.289569578994574,0.2103091808940857,0.16867605983984368,0.2064886536544264,0.0,0.47527648127284844,0.3032317991725828,0.22757451151693459,0.3081530091170639,0.1862685239240044,0.18733106714645265,0.27881227031507716,0.1593651839548232,0.21915641998561528,0.8849447025283252,0.2736685361735774,0.1334222178988536,0.14954913572351633,0.26027161023356565,1.0,0.18896363373282876,0.29010022339866554,0.1987506236768037,0.19669425106035135,0.15869225824226285,0.10158019675909613,0.3027760715122124,0.07256473099109106,0.19717195412326036,0.3242033231667179,0.4515941797841069,0.10325988438149628,0.20311170953854538,0.24581170529842505,0.3408120975121674,0.39830886502072843,0.2718407841318488,0.3286122290381545,0.532720207849539,0.086970040312639,0.30464392160765436,0.26314999845157194,0.18746448488018858,0.16974916409725824,0.20302432382212868,0.14190044603125745,0.38965805045349394,0.2187794520762008,0.27190489037684235,0.2336075803941826,0.2753660087041524,0.28731041752081465,0.2223419015245052,0.28063290905923816,0.2035065547927998,0.3642975973954504,0.25883407279006443,0.35526120572318476,0.21350898727900533,0.2260401077587869,0.17265132864094698,0.16005288980307744,0.532720207849539,0.17620008773329707,0.15909594930414306,0.5901639344262295,0.14938552728627547,0.17219180948395363,0.2640599023124592,0.1485068837487542,0.2715627431348537,0.2537139232239482,0.1711214960797277,0.28898614741411827,0.42848446990143885,1.0,0.21276784519137945,0.20925148161095028,0.15869225824226285,0.23106883409338316,0.15869225824226285,0.15869225824226285
attention_zero_shot,ABCA9,0.5158483229695003,0.3202283154342492,0.42203952285392854,0.5584681678953819,0.5105965187103945,0.5544753036804095,0.6927044240648554,0.4758449863767946,0.5153345776618761,0.4430643512079548,0.453802954882949,0.45941815158714927,0.5307648041994126,0.3823073077372744,0.5374221983891817,0.5345333268371664,0.8002925645180795,0.34197340958658523,0.6758893870214069,0.5773832952468892,0.5548461581341096,0.4738417792995992,0.36615237289894814,0.3755067666131829,0.8216582142293489,0.7302731640458017,0.0,0.49364854931846747,0.7435665886565775,0.7604727168460644,0.6269561708892888,0.38842533340018837,0.537507095149998,0.834215199467984,0.6809122776207351,0.5135628000420422,0.5014109678394205,0.5225667027704849,0.39714628500745025,0.5594342963088317,0.598347578583519,0.5619481523287156,0.48736889749330115,0.3433322871752069,0.22048975540041857,0.40971909906567244,0.667647187366099,0.9201774871555347,0.0,0.46734372458957796,0.6054869055256653,0.5852621732247681,0.7629647085233269,0.39404945751859705,0.5488528638189919,0.6891971923091387,0.36525695634741057,0.8647607007175412,0.8165343603490236,0.6236278276187199,0.38419356172856234,0.4880306370220747,0.43299036386573,0.5825851387007965,0.5769443973318884,0.5221504179351948,0.5416778688417473,0.5443984453560067,0.3228263170343402,0.7239303235764777,0.7513168632676955,0.6277864743665655,0.8414725021989824,0.2808948472301903,0.5005871265327341,0.49364854931846747,0.6693203852607954,0.47132748152075005,0.4963547597121083,0.6184804963380649,0.3595725491702399,0.3431306011774666,0.4806834444831529,0.6018288247675948,0.6308668123328118,0.8264607259905757,0.40280014962401506,0.35837171589689176,0.6957587421945318,0.4714470857434631,0.3707054791208383,0.8657502022929183,0.41523639895577635,0.5016774146440068,0.4302220320384692,0.3560035915017815,0.5840214009427455,0.4339183428094289,0.3568109479226647,0.531054725299033,0.6608360924794116,0.523398839223453,0.5514940005906527,0.3918906131528199,0.48598484515913265,0.38110821465999956,0.0,0.9113083190617053,0.7408130659599788,0.558942953910343,0.3442388711008518,0.3969898665700447,0.610694133975603,0.6084257400795893,0.5191457649745256,0.6804147564188271,0.5080189122312552,0.46357614085028953,0.5071650866446601,0.5462824354778733,0.5643285479987601,0.49364854931846747,0.3068131850326007,0.7246867545087335,0.5270298716796512,0.526921651390513,0.28856442308123537,0.4180649932695183,0.7112412523054473,0.30919818221204476,0.5816374623358775,0.742550628115112,0.8694501143264722,0.3198626760954628,0.6129400210520998,0.4202633341977816,0.3385065597260164,0.7025263486734836,0.7262103118510321,0.8252187290294397,0.9113083190617053,0.3617346221201951,0.45567651338181425,0.43155983155315597,0.5563049865333687,0.48280037760156796,0.5136406651710177,0.461862977687263,0.8601431404183338,0.4992523510566306,0.7076259822753613,0.47138698248311267,0.517342372839008,0.6403594139513435,0.601589034178461,0.6653439730830186,0.44248955950777236,0.6834595241245152,0.5135672566010936,0.8287618319661046,0.5557526003737208,0.4204267454393862,0.42909512084435225,0.4403703423328001,0.9113083190617053,0.5139181846091223,0.5144556698029737,0.8264607259905757,0.40005141094754343,0.3001793382027992,0.7229430670449863,0.453802954882949,0.5113763206466051,0.42535974065747817,0.4898623660847207,0.31664356843260866,0.5476275661466328,0.522603164850796,0.619044814116791,0.5712212370363653,0.5072557089281221,0.5329307395767187,0.36615237289894814,0.4266252311971655
ig_lora,AHCYL1,0.5060686785444408,0.6043986131193011,0.2760341612223836,0.6073830660631074,0.6859037085805993,0.7349533011835928,0.7741783470723071,0.46683494144453225,0.7179313312477998,0.6130452839576235,0.3917692607667845,0.4620812829560491,0.6875858964100044,0.5030189520648122,0.4227276339832427,0.3941948489905645,0.6387989910697215,0.47962066377993234,0.4595679242077473,0.7045015836650317,0.6012190251686039,0.5803914301826862,0.3472689748760033,0.43801371709639925,0.6723631005682459,0.7007952114821796,0.0,0.29693168025886757,0.7523117075906621,0.5056485965666416,0.5427909402739723,0.3778231072228924,0.5297086357434209,0.6699140270326887,0.7537142527035037,0.5764552694586691,0.7406779462923656,0.7792914883135391,0.7206547725405371,0.7934415877917612,0.719838623612954,0.561947395188532,0.41165391677776875,0.4029245144183516,0.45606001939466007,0.5505917131470467,0.7468267174079981,0.5276316085713963,0.0,0.6077623742415965,0.6094731726384507,0.5815530899795069,0.6027680560714949,0.8699274102474037,0.7507759166761878,0.4807243784277762,0.6886920047283734,0.700748087138983,0.672292189919217,0.37378365183409074,0.5491197494428923,0.5573450434285719,0.7056486476173042,0.662294206393997,0.658273899327259,0.6397118363723254,0.6418627463394078,0.6560224067915132,0.6763261380067008,0.7901359801152026,0.457873466467487,0.4241048069923064,0.7096580293374057,0.45724406401595374,0.5334000137816799,0.29693168025886757,0.6068188151948171,0.4073532382562926,0.6131003933062301,0.799756685174134,0.4354114631981153,0.3562924247438618,0.678885858689866,0.6004376946528647,0.4851611009637356,0.4008355138450314,0.5792508956944218,0.46703143589728907,0.5512759065369747,0.622128603800708,0.5007672510259248,0.5372554145403132,0.37350089216970267,0.47694286622622684,0.35708609536653685,0.41144218652883174,0.5197515012201693,0.6092524441121152,0.5914627469657607,0.656555286082069,0.5502727512067819,0.7059853626015744,0.7292202980114642,0.7937408169510382,0.568833054019247,0.8016992860473411,0.0,0.5027701142856804,0.5862296291956793,0.7591247571306586,0.6047197374881554,0.519623971494955,0.7055936300799347,0.6297467398886023,0.4509138140144065,0.7563788072817598,0.42065488915924093,0.6596098385818016,0.4327189342175194,0.5199269700316185,0.7166360195471126,0.29693168025886757,0.5837935234737632,0.6545960607661506,0.6954819461706085,0.6002481703453894,0.27242500157250804,0.3864780481897945,0.7670608584624222,0.31811176682877534,0.6204283548551464,0.6260838126663504,0.5996660856371305,0.4076677896617488,0.5276135854434274,0.7970892808543687,0.47009624006126594,0.735615004589706,0.6703426580735048,0.5650941517779049,0.5027701142856804,0.3560022474406487,0.668433239380322,0.6613920467109259,0.5939763428166349,0.6463407263817033,0.5768827498521908,0.6165561227965215,0.5368295550020739,0.6772686539803561,0.748251520993558,0.7021436768915877,0.7958961270855551,0.6886958408041944,0.5524198900269681,0.536666565857951,0.4948274067985447,0.5018027515927398,0.5643106656744051,0.5895631761113299,0.6649992280465038,0.5043657595721608,0.6353853899423332,0.6213589891752305,0.5027701142856804,0.49351151872664534,0.46034487868032414,0.4008355138450314,0.5855351317796642,0.6279733042132626,0.6474328751558986,0.3917692607667845,0.7695920141845322,0.8074998953720304,0.7097730049089308,0.5662834885109039,0.5948298948515202,0.34091651838397186,0.6659688477275735,0.6030881901051967,0.4170889863671296,0.6307382461212198,0.3472689748760033,0.37328035170603074
ig_lora,ETNPPL,0.4794329460818303,0.3415699695264128,0.2643597851028855,0.8368202099964787,0.4637618290056626,0.47414556642204225,0.5191748601097997,0.5262616347471925,0.5400069946629414,0.49945076535516586,0.5389636866844795,0.8386672522694127,0.5481028135106715,0.362002292721044,0.5951786623389764,0.45712827462047667,0.5206501410298415,0.3248628278156325,0.43617869095565237,0.5001932985067855,0.8040556049141722,0.5012503895662358,0.5198870579308162,0.48816537571975666,0.5975118808059378,0.6556875361682991,0.0,0.31344313474584684,0.5274335379211446,0.42816222222336214,0.5119764638961942,0.4260098161420261,0.5842732146932551,0.5791754677792461,0.49267770049657944,0.47403715864733725,0.4699173269012966,0.581035654519011,0.46349459416318795,0.5443398725883738,0.5207398608867712,0.4249740794183904,0.5573721383373863,0.31287084114750596,0.30077550112491025,0.43046598889050325,0.6190516739316428,0.47574109814569654,0.0,0.4840885751119415,0.5909543933685263,0.581594262772911,0.5763306094814529,0.43696768342975817,0.5321048115490634,0.6513901341518958,0.44357729127324597,0.6157368751641518,0.547850489183175,0.28453530088820284,0.45755202737924,0.5095061229983379,0.4494692241012643,0.43715123466424083,0.4408032726900094,0.39149891517057056,0.4111914662529408,0.41404890148759266,0.35846426469609777,0.4989991029098084,0.423020107735355,0.37049479676745,0.5542502885286015,0.40456793672731733,0.4589769671947829,0.31344313474584684,0.4900851924818153,0.4370509893541284,0.42162641149405716,0.5776617609351595,0.44137000478647215,0.4314291469448949,0.4566312054074399,0.5314375777922179,0.5350553144281724,0.4890871628488913,0.4381865650127962,0.401247569049166,0.6310741370890902,0.44969199456158226,0.7330478685569434,0.5300990272531629,0.5046687452357465,0.579220233637321,0.4143185321370288,0.5291038039617808,0.7023168667585031,0.4697060854140995,0.4148190591138896,0.48824636165423096,0.7710920429701548,0.46715528096098935,0.5086137049822775,0.432658649329393,0.51845921188574,0.4436155225083567,0.0,0.5100567289666225,0.6808941461949746,0.6054503486475654,0.35856278199762726,0.41708672374859257,0.5638774946666439,0.48501977334221896,0.5035334804728149,0.6450117721764514,0.4262785946600751,0.48153081538252884,0.585909113121486,0.6213421902004519,0.5307324104550964,0.31344313474584684,0.42111751895585586,0.5840470362868463,0.5398572325149325,0.5769645240778344,0.3305533334243077,0.5215318094525695,0.5895713618412857,0.4723682888767432,0.4583042350299269,0.5001144617593354,0.5740892141328011,0.4105719438480039,0.6743074791795471,0.430406474393085,0.32384034677948553,0.577859762971138,0.5162544645376627,0.45634396068057786,0.5563400389245468,0.4165148524038252,0.47340876583583275,0.4573476171379492,0.46589159213534165,0.443173575945923,0.44971012699030133,0.5252070564488538,0.5484507907255836,0.6327508643065397,0.5821107023696822,0.5396212323488858,0.5070681642557512,0.5399167702704422,0.45669357851102316,0.5558040501340096,0.40714182471468974,0.5376080564981097,0.4491427483354949,0.5071532504617016,0.54573939407152,0.40219957308713383,0.4992536523209046,0.42377165241733167,0.5563400389245468,0.42892772033402404,0.48083615343793984,0.4890871628488913,0.5249832901653697,0.34124076273945647,0.5344429335888075,0.5389636866844795,0.4734972756664643,0.49250798151661124,0.510514999862173,0.33062945101733127,0.54576006361959,0.3964593746499616,0.5203129684230342,0.5870057144007289,0.5876074396917268,0.5476973407010867,0.5198870579308162,0.5489100786854922
ig_lora,CD163,0.7553666282301853,0.47703261993371165,0.461608444493836,0.5337136031759383,0.6693024888734939,0.7144875809026335,0.8849965401816173,0.29601326421012086,0.6270248036268998,0.4219960161856484,0.17810882430673286,0.24072364812479163,0.6003183435455759,0.39282634221853674,0.5609297571497865,0.4939378987280516,0.8337181450987371,0.39296757278621575,0.6895300495327122,0.769253479949256,0.39754333407114684,0.40318170759169564,0.16976738203626518,0.29375211390743516,0.7705007070887552,0.5869401806646339,0.0,0.4875149027161145,0.8352286924340918,0.7294569588679293,0.697869566662457,0.5264045676657395,0.4442355520797116,0.7788518045879289,0.7176091031836688,0.6931447154866093,0.4996466592735997,0.4943315123266457,0.5401837907248943,0.5480844185376873,0.6956030912209706,0.6631836997036885,0.18156511417086868,0.3955168242340635,0.3142680394345719,0.3737578334752909,0.5641085781555232,0.7861102154518586,0.0,0.42000520843352795,0.9371364340744194,0.9409452047705246,0.6519404922731736,0.8534485706586409,0.6381270701557953,0.5341100422132156,0.5358770653887587,0.8241203260471344,0.8186167505402279,0.6651139666525062,0.27362238362220653,0.35119591594702754,0.717136040718096,0.6919491850172941,0.6885263981841531,0.6359391793842543,0.6605216854926329,0.6665333694624231,0.5517422456574671,0.8818413272302795,0.7222806009680601,0.6642521491818115,0.9090909870273712,0.29428919073397586,0.5615850910174446,0.4875149027161145,0.6739449946523905,0.5127501536517187,0.7839571082960782,0.6455625814095693,0.2893687967897525,0.18325066695375042,0.6782548881728128,0.7065882938135543,0.5948996531498226,0.5776439385216027,0.5066538882865912,0.28747101688410936,0.5673316976855907,0.6555877962590709,0.32293934378105554,0.8470080791129345,0.1782773452199197,0.48587444881412656,0.5205735345774793,0.25658655959070803,0.5508458816829825,0.46686755838801464,0.42174044444163333,0.6624811415934234,0.5104031966911201,0.7122962391865841,0.7688900566951747,0.7759106629825036,0.3619693983176123,0.7354702494473959,0.0,0.7775546240699329,0.5796073317732052,0.6210779876723247,0.5053108802184686,0.3653556730859921,0.6346719590007501,0.6144722521475676,0.5211966309583915,0.7580113675405001,0.5374533652858676,0.47678053509505375,0.18619161588414082,0.24593850545825416,0.616272943600139,0.4875149027161145,0.46927667769204195,0.6935498293768001,0.6090577331416962,0.3830181206314649,0.17015856302448779,0.18044873709657588,0.7322555780052372,0.17162152816392828,0.724551161715678,0.7627075366137168,0.7643675898416915,0.29372172583287703,0.540603968714733,0.8346187531342525,0.38969530703736305,0.726260900832119,0.7237594683829027,0.7637684498332502,0.7775546240699329,0.1866252141861867,0.688791819807121,0.4997923921611477,0.6215019130200259,0.5289285977234266,0.4954005467484793,0.4564574207753077,0.8256017844522383,0.45381275305859453,0.7415780001628195,0.47085343845085154,0.6880287013210457,0.6962518603974693,0.706888036754254,0.7182308673139578,0.5309796153189199,0.6942220690305569,0.6238128789035141,0.7709590153585418,0.6161283223238453,0.39571912759037864,0.45106054237649257,0.6754488336476745,0.7775546240699329,0.6827259208186086,0.5167401902633064,0.5776439385216027,0.347682743260266,0.5309706189938885,0.7578216531283881,0.17810882430673286,0.7970696823883505,0.5775311881854189,0.5631439401421048,0.48863539895989516,0.743085192738475,0.5466477985565628,0.6306838870572598,0.3716769755731676,0.1815519794848251,0.40860910628503117,0.16976738203626518,0.17403716372052602
ig_lora,HES1,0.32845355868270004,0.336854238265195,0.1692181789406076,0.6431448933458064,0.41516926967029627,0.5187086503969207,0.42474271345348447,0.7914770604473241,0.7873430561270905,0.8916696170814522,0.7159587785234818,0.5514076216359449,0.5119361123973069,0.46760378730005014,0.38732496064860744,0.3765229978268888,0.2659604821046396,0.2995117206682467,0.19885343140943967,0.6625435317075706,0.5808994024690302,0.6720784621332777,0.6053773548425598,0.8918282704699219,0.3255337761681356,0.40142030827220443,0.0,0.170078143065206,0.37862539558885083,0.1981984239216927,0.35571776488717716,0.35074676993103404,0.5567026425502953,0.3188374740188507,0.4729635600267609,0.3930930251221079,0.3792965857205148,0.4229841364377771,0.825607817487181,0.5655862369467897,0.6527169003869924,0.26059203987668067,0.7317388463832883,0.3615219251692784,0.23067752482914575,0.7277994679715869,0.4114030720067377,0.18919503558920367,0.0,0.8051616011971867,0.41757596538105024,0.3486414550690859,0.31600203290662704,0.5363883303238871,0.5579545129557351,0.42511602769489215,0.7932448577138815,0.3477461731649754,0.3070164761402513,0.15097509036922555,0.8108094658706964,0.8516686671237581,0.46286296730387094,0.3035173598416555,0.30415797960411095,0.2839005348946989,0.28628641990256715,0.29938694138610755,0.44939598368434763,0.35257649408968095,0.19549773434581094,0.19875339161361727,0.3139356600550582,0.7207420170044015,0.36877712439831833,0.170078143065206,0.3234151162744516,0.31150836488592576,0.3618191504237627,0.7044586083262432,0.707383621308734,0.6680922044825739,0.7445777601512596,0.3745723541045405,0.3217952700905201,0.170078143065206,0.46809842191065987,0.6991032913526591,0.44332003001923737,0.5274326301021137,0.5451551916904668,0.2079607422787642,0.6226501638246089,0.43005487723066393,0.3170636665209378,0.446775803189407,0.4137927944997995,0.7063567810574745,0.7120181521826637,0.711356822262732,0.4848589965729107,0.3898257582803523,0.6094135460083984,0.5302713756511476,0.924980095769134,0.6577375440699564,0.0,0.18556024125207957,0.4509828238190614,0.8891861545729002,0.3494195673102566,0.6304917038396372,0.7527692768963599,0.5553375130168547,0.5467387952378232,0.4740944154685958,0.25605067468614223,0.6915906703151476,0.8561640154434742,0.8639815402077806,0.6162985755211978,0.170078143065206,0.6879297473328243,0.40747076293823026,0.6165501981718535,0.9207685232687286,0.3647392998322239,0.8397059777177303,0.6544699704027112,0.842319883746936,0.3125432240939819,0.265003015253084,0.25071494433526664,0.8162467435088454,0.4207898741999074,0.4838236178642006,0.29931905977008527,0.4338268317874955,0.3153869552687808,0.2644929169462134,0.1885419729187453,0.7849551291520497,0.5674343190790836,0.6554060535870936,0.460392574634106,0.3363749949651637,0.38173531397486843,0.8491012449971493,0.25369170618542664,0.8114768993961607,0.4073116925455166,0.8747033131777332,0.764847466784679,0.6018505310686392,0.30224698170283193,0.3616654903857818,0.35579121998026025,0.3145288185965425,0.35843161207409435,0.26250912240555946,0.4825848401638887,0.5611090876564615,0.8236616325301391,0.37074588936663955,0.1885419729187453,0.32065141800290403,0.3593633601391805,0.170078143065206,0.8444321000836812,0.48070345888321475,0.33840944244366256,0.7159587785234818,0.4551701876815424,0.7344299023424352,0.4571421168669171,0.5161815356817383,0.4459925778128422,0.2004593552188299,0.39815771507937925,0.7421855936197254,0.675016645164461,0.8184444270791079,0.6053773548425598,0.6316855311863893
ig_lora,ATP10A,0.5567183600740229,0.3103057025752354,0.3256090399852018,0.5633227265099348,0.5728596764622655,0.5793370328220373,0.6966861535245411,0.41801765408511254,0.5418654837093521,0.3850180656833574,0.2876939471763679,0.3837226489599554,0.577419040617545,0.31957117231874727,0.44917139436408915,0.5649950105609395,0.7391887054685966,0.30632860261532474,0.6807077806686567,0.6933627167224247,0.4389671761151654,0.39982645246267634,0.24958921139767662,0.3298210394035297,0.7663501564513298,0.7861553764134491,0.0,0.3458506751043541,0.714422526407936,0.6967529654581514,0.6928298409830388,0.4243343867102958,0.5811165845001575,0.7959591331389616,0.6783850139800627,0.5815824274862244,0.799923708611518,0.8243528916575633,0.3947593119202078,0.773110089465417,0.6204913475073626,0.5922681301886805,0.3040883393986201,0.3343077812425486,0.20561134091275526,0.38391718952642545,0.8156511865633183,0.7551081262208927,0.0,0.38662738773253763,0.6099043760343074,0.5650851903935915,0.5977046003993106,0.4729785973514719,0.5662492836117914,0.5910657885483276,0.41051009540968614,0.8176513897263007,0.7992779490073683,0.6013985492623426,0.31427765862493406,0.3905892275971181,0.5235613109478588,0.7121727497650385,0.7088643905669356,0.6391826914305878,0.6552045749838837,0.6801480850066268,0.3262029577604072,0.7156530280983222,0.6845915636445765,0.6248580165435876,0.7670923312064318,0.25571162066103537,0.5328310536542535,0.3458506751043541,0.7118259202025644,0.3673902264953472,0.5599032152090752,0.6343041560142547,0.33178424663045836,0.2909094682260178,0.5540235881808899,0.6662546628603445,0.6033795210738577,0.5725819187865653,0.5075974538110598,0.3396106611162555,0.647929451891456,0.5174900581753852,0.39401391986683126,0.7421885783616082,0.29310689150950214,0.5554702482988646,0.39022918015323266,0.38242017142612866,0.6422138888823108,0.3854431183157673,0.36657939761551006,0.5796280440719603,0.6377227826352385,0.5241299319405885,0.6158547661320025,0.5302332879666269,0.39499907325715267,0.4595890514067736,0.0,0.7439766774127515,0.6751326086528301,0.5678804141720911,0.333507050775882,0.35265705030186595,0.6389440581606597,0.6118935369717269,0.537105314631985,0.7253273233904708,0.37902917103542694,0.40226939245642157,0.32489614859288846,0.4132720948163967,0.5622340213335081,0.3458506751043541,0.30732126293923656,0.7408541707082543,0.6061947499747248,0.4026208945951393,0.19720348581735384,0.3047700024500192,0.7160831336275604,0.24613841528996838,0.6590980309440369,0.7326238962869053,0.7384106513480378,0.2984190421374272,0.6063148504986058,0.5209286354487698,0.30689744551268866,0.7099466036324832,0.7209037400506678,0.7736891691466161,0.7439766774127515,0.2858763212390649,0.5197549552130276,0.39586626868848,0.6569672968161206,0.7181334632124272,0.6903095515070617,0.5380051320249568,0.7526374418767161,0.46402436439351885,0.8181792053166393,0.42157459903588146,0.5244100246919519,0.6519277661252265,0.6627379276573043,0.6998915485490522,0.5152430723754503,0.6879540354112726,0.6065638303902464,0.7840885997194108,0.6037599354489736,0.37745525392622836,0.38961594104823766,0.627378002211412,0.7439766774127515,0.6281779557493063,0.5521320715157558,0.5725819187865653,0.3105203922336311,0.3192000082624193,0.7376031004209409,0.2876939471763679,0.605284980647934,0.44051856273951184,0.6071738504447974,0.3716315296147421,0.6714587643487469,0.37771762197242476,0.7536570859695996,0.40911350657027046,0.30620408733728915,0.410025784934201,0.24958921139767662,0.2703479992422012
ig_lora,MS4A4A,0.515199798092608,0.3492882258813446,0.35041664420624946,0.5656920952536225,0.5536860162270629,0.5611903864495469,0.6910386350338574,0.48922964284156245,0.5260297127489457,0.41236845850021425,0.39191385411836654,0.46331174135952485,0.6395492158240698,0.3558050857657484,0.5085561876462303,0.5122337813931229,0.7409855365339975,0.34952824061873616,0.628308928462305,0.6064026611027941,0.5386104749795597,0.45973978202518184,0.35078082822145257,0.3412773908802035,0.770928410623274,0.7578204266708368,0.0,0.38947485389753067,0.7262105594600505,0.6942488420935254,0.6534164859852253,0.40184935818091927,0.5180569179096621,0.82330100759627,0.6728202017088738,0.5279593901965269,0.6066347209067807,0.5987623705935932,0.41331245547710155,0.6689213459627007,0.5980635373699777,0.5633815336411477,0.4114032194162095,0.3269858761892614,0.2499710753728177,0.38399507408277317,0.7419309058149659,0.7858074076441458,0.0,0.4391126704507745,0.6041556695214418,0.5797315583668798,0.6690965655617306,0.4611416068829967,0.6176375715996212,0.6337556227482769,0.39003576852833416,0.8417573416903414,0.8090911091183982,0.5585412300750252,0.346828436217004,0.43400371612295663,0.49002388094533783,0.6333064886478527,0.6286052897843637,0.5560096726399206,0.5746457775113963,0.5960335895946123,0.3643820562816482,0.7190482124993406,0.6709342887604896,0.5913606843501926,0.7939747204462014,0.28415555566089534,0.5354962407395724,0.38947485389753067,0.7001297694833006,0.40342353188677876,0.5152190997981616,0.6656790410723212,0.3473400469834276,0.314503880272365,0.5113984989338488,0.6232298867551794,0.634961547272654,0.6363993199317244,0.4699738505939345,0.3363802753666702,0.782312775290084,0.49399954529428586,0.39056730287700253,0.761783203936107,0.369998698052668,0.5155925798670501,0.4186450775235885,0.36288246722921624,0.682133491156241,0.4397677397485862,0.41767042068836413,0.5461276866789091,0.6445132513119024,0.5367929572254914,0.5894142155783444,0.515577707742642,0.43517945983166245,0.44016194285695726,0.0,0.7693310543860031,0.8201783310377037,0.5545282754599586,0.3672903258952438,0.38422409056015216,0.6655480834605785,0.5973261615131902,0.527723424359448,0.6925854515586899,0.4272722616949268,0.44866168382873944,0.42428900759257476,0.5537323827207569,0.5530103786943057,0.38947485389753067,0.32945279062676885,0.7742299921892155,0.6059350762769024,0.4689346288244811,0.2551810880063762,0.36507350716889764,0.7366067858039921,0.28700754042615106,0.5941521379028926,0.7142900706445624,0.7570448290860278,0.3001236027536441,0.6044702755981712,0.49605891083606235,0.34663526061363314,0.7212440406587951,0.7126872467455149,0.7526680393154794,0.7693310543860031,0.3176121187250142,0.4803799085819002,0.42907324442225653,0.5944451588405021,0.5609400936387221,0.5862676761432232,0.4816810031088486,0.7580426222202186,0.48821785174449317,0.7829156887122455,0.5175389891768052,0.5427400403582056,0.6357070864637201,0.6243507408423857,0.6808887894663573,0.4912693987677533,0.6806988004839098,0.578710891167748,0.7628697236008123,0.6489555654022975,0.4026318796541478,0.4234818789637832,0.5395576040600927,0.7693310543860031,0.5576224001371185,0.5416242618708084,0.6363993199317244,0.38177278880669885,0.3286981251134659,0.720599796191731,0.39191385411836654,0.5963807037063792,0.48649367062303456,0.5396677166376662,0.3484205601616496,0.6194833143960359,0.43247965686796613,0.7317750515486,0.49258555483055944,0.42323870669838687,0.4800419643330738,0.35078082822145257,0.37932484095479035
ig_lora,CCL4,0.7633390319159952,0.3266262967615468,0.8968872641255846,0.2712448818144215,0.26454986365823996,0.43404558988048403,0.48905291062500644,0.2260725527198116,0.32604348157269014,0.20618121781838886,0.15444835220330091,0.1285624649722612,0.30010395826398406,0.2922542635015303,0.9410119682426827,0.38305007797921553,0.5998678999682736,0.3523654159869495,0.44354950124893544,0.3427343471069828,0.27582368622229997,0.2598074660063154,0.15869225824226285,0.1362719437907884,0.4720621030983566,0.4609351536141816,0.0,1.0,0.500914860051139,0.44757510330511746,0.4876124534995192,0.6370957879915827,0.23254878146435354,0.40724559758675205,0.3170598920772646,0.507651398295563,0.29976221656479246,0.2553636637678451,0.2610267594940315,0.31380403370167154,0.3124552136876934,0.36390048646989176,0.1547748065139903,0.4323720067685617,0.2108002602472348,0.19563559412830875,0.39305153897353823,0.5017889704620901,0.0,0.2756514239265341,0.945181497801454,0.9959774249440183,0.5703473912229561,0.24492268288759506,0.3303504459106657,0.4105970541700057,0.2275266585484021,0.39800533773906166,0.37408863601571557,0.41486426309196317,0.14790087794851492,0.2210363941019496,0.2684406273363697,0.21717392878673744,0.21979012697021033,0.19668132532443403,0.21046561695638505,0.2041159777693388,0.32405238483900656,0.4115437684110104,0.49857690266506577,0.43851197044174467,0.7026507944261089,0.12311211679504551,0.3218077457157446,1.0,0.3670243173919153,0.8766918823398656,0.7293216757450498,0.37169803060189033,0.1581442152971238,0.09245016386348939,0.2368863251410643,0.3412720647101596,0.4288370870545118,0.5901639344262295,0.21488307304107837,0.17051617369324687,0.4120598255533057,0.37528539118013055,0.15316219361051978,0.7627686126311827,0.14478605551235146,0.28588060231630064,0.7848691908945707,0.14125255885752339,0.2901907759668334,0.36540037133660236,0.22905225152800682,0.22940750040204136,0.32640162199977124,0.43271513605571005,0.35145665217167954,0.2395560528249694,0.2162992262483526,0.2553200530253832,0.0,0.5422941622789873,0.4287646083460532,0.29617251044572007,0.3677263561905795,0.2508617597262608,0.21845797640700151,0.31340689966076074,0.3101447466198154,0.3057248400217586,0.9424723512641625,0.3248789252037499,0.14447786054909514,0.16873011702823262,0.3427446912817316,1.0,0.26521779878475177,0.3901214604078535,0.24948938618135888,0.2607941425007153,0.15869225824226285,0.12262148256868387,0.35571594099637344,0.0987774566762303,0.24907655529535058,0.4128568602532217,0.5208790571051681,0.14289030986418202,0.3457098976550605,0.27976192507158887,0.3488994204445149,0.43561401740513145,0.35436900828224377,0.42497338365481374,0.5662290483526083,0.10018202782599075,0.35698255116406746,0.3041874246547027,0.2416740261652325,0.3035175001110218,0.3624347517179349,0.19017497555071597,0.48991099243986164,0.2655345394449628,0.35441649438964645,0.2797911831247031,0.3569802857432094,0.3446070288272445,0.3053984895990881,0.4010060855908459,0.24787707376712778,0.45213450624075335,0.3270490443033925,0.43000298303778983,0.3149160884340272,0.34189768897115497,0.21458461568834758,0.2440476008227697,0.5662290483526083,0.2921099648073181,0.2902905534717345,0.5901639344262295,0.17467394674078812,0.2002188149399752,0.3257552597393887,0.15444835220330091,0.3273179516108445,0.28373829058660077,0.27226967085302123,0.31508349329704877,0.5713633524260792,1.0,0.2822881774188518,0.2808084487989499,0.15869225824226285,0.2810144854613222,0.15869225824226285,0.15869225824226285
ig_lora,ADM,0.8651542820833644,0.4466725631938383,0.8421676863209155,0.4851829682799139,0.40997803005447164,0.5708637664073087,0.651456232023546,0.35740109503397005,0.5518000877608996,0.44162291258988345,0.18827097517435343,0.2864545199471672,0.49925808977131925,0.41779655019796513,0.9208773951143111,0.4381951357248633,0.6522777320892921,0.426461990093839,0.44981823009416205,0.49136392532167017,0.42234732029166944,0.44972150159104524,0.17806929001785832,0.3683428402261581,0.4816238012415132,0.5099479760980822,0.0,0.9031931726296334,0.6183727261940641,0.453066228520263,0.5856445193270285,0.6877802339317917,0.36170765662566456,0.44152600789876095,0.41008002768769386,0.6255687283213319,0.41931036278539985,0.40715873880605763,0.4961766942719722,0.49066411425881,0.4758420873651076,0.4039980346104273,0.19246578494276978,0.546095722227398,0.2596280960756259,0.3576915608656392,0.4815923338438264,0.4913159534624329,0.0,0.44651285152683295,0.9505872900702672,0.9950212267039771,0.6122779931087573,0.5133835573637874,0.536226307952617,0.490203868875008,0.46805595321500754,0.4523285164475344,0.4409366561867568,0.39193950065755934,0.2667080317330222,0.37182276534944275,0.4762122408728772,0.3219948418457091,0.32568481983590647,0.29604523092752094,0.3037093713888946,0.3151962716869993,0.5329374017018612,0.5321874341740654,0.4895911568544986,0.44672445576577124,0.7666617815069324,0.28547812496994013,0.4809219858102799,0.9031931726296334,0.3953530646034637,0.9074103515272428,0.8367778215659167,0.5789430552032238,0.2986268332866848,0.20841409648705628,0.42742188231564937,0.4644049819455087,0.5102978787636643,0.5445866152525841,0.38171965330226354,0.274183563762362,0.4938478320599118,0.5376194628676256,0.3347585324781345,0.7567914262638988,0.18431460552650492,0.4138547072392977,0.8502920833922003,0.25858356052698983,0.517666153936889,0.5354548560392958,0.41353203262682753,0.3535633916037226,0.4504053165610744,0.5929242497074,0.5476324958762062,0.4746149740331612,0.39267946711794827,0.5197251881100066,0.0,0.5177375803959389,0.5050773516885795,0.5475789351200613,0.4917951023445764,0.3769131552722413,0.3500578681319154,0.405282551687075,0.44736284642779073,0.4452296750445011,0.885168954378134,0.48805755998237504,0.21557869729086818,0.2792378793672571,0.49284438756085436,0.9031931726296334,0.45250063260388246,0.4675569017274981,0.46122862173937906,0.4207728837867259,0.1792964616297209,0.2259006758409191,0.4758921004132512,0.23996140081221237,0.36011352050692896,0.45876548709741055,0.5080864353520838,0.3561431370743374,0.4438767842679215,0.5315399741529201,0.4196647069981368,0.499835240603099,0.3968501556717253,0.4354496315688205,0.5336941711116863,0.22140647893944349,0.5716671842467689,0.47803704674208386,0.35580358001921086,0.4114416589782998,0.4328813466544303,0.42504091076322725,0.5056875771231135,0.445732826418572,0.47248730359237706,0.4749450346063524,0.5848794938698643,0.45577163937445403,0.4288732836798408,0.499252932704738,0.3799077559005398,0.4927926438212709,0.44932582381234115,0.4382790045218011,0.49701762027299257,0.46251596537544115,0.4387225018082057,0.46914917251584126,0.5336941711116863,0.43516244121830433,0.4256010895492609,0.5445866152525841,0.3133000156335471,0.39680878091424104,0.4105200404618858,0.18827097517435343,0.5085123602740573,0.5290444072735221,0.44908613690893107,0.5207561455485679,0.6809508454496294,0.9184784611617965,0.4075064843593283,0.38740739149971215,0.193053135143926,0.4339533829064724,0.17806929001785832,0.18368823194013367
ig_lora,SLC2A3,0.7255386500287297,0.2848141466159481,0.31761063604249573,0.4335638513796258,0.5538104415985726,0.6631111284298563,0.7075001550405033,0.2683157855652518,0.47260015972430397,0.2899534114101199,0.17742899101657478,0.1834873507389036,0.4504445465339504,0.28531500722660047,0.37946069921729925,0.48690625678817623,0.893626760541728,0.28362838578689104,0.7016483925853145,0.6856601177223495,0.29905841933229654,0.3585092815545217,0.17062484413032084,0.24151916902261766,0.8302434379170357,0.561951939128933,0.0,0.3317832895582221,0.7205022478868139,0.7143910317685962,0.6447500284306311,0.34815841267699515,0.4261991096265664,0.7806406051190894,0.6841099155656566,0.6306245479471352,0.5062419914581062,0.4724954400168188,0.3079159964231202,0.48358070144675375,0.5954068823662848,0.6786594906627287,0.18069207497298986,0.33226884798646283,0.1840851553413253,0.2752153487288135,0.5371501311903523,0.7599626757293971,0.0,0.3062231366805873,0.608206856179988,0.5515612321206873,0.5473790834335289,0.4493052844998674,0.4671510524266688,0.5074773194529781,0.328717826572867,0.833644921617181,0.834488642785642,0.6539057156609676,0.2729670230018821,0.28091581522550435,0.550186290133715,0.6822606289822742,0.6789160040241929,0.6799186021887322,0.6784438170098825,0.6897199769118406,0.3050987784722069,0.7176404553207596,0.7069235491250192,0.6690902002475253,0.7615234168090285,0.1897137808604008,0.5523856863998073,0.3317832895582221,0.7001896847845116,0.4600827202413536,0.7193467553086321,0.48052652348675595,0.2386150272396102,0.16329434271138915,0.5477057511979887,0.713965762798024,0.6115032818829766,0.5408462743762202,0.48674425543896965,0.20915688269274554,0.553125421280073,0.551676483405378,0.21232224966437718,0.7547148269263505,0.1750930989165827,0.46366492033071494,0.39157321967908687,0.22261599550066977,0.575124604963216,0.3311258271453495,0.29244836689767945,0.5559852726094435,0.4728178750802862,0.5295034722095687,0.6182493196227322,0.5099470340521626,0.28379527673027033,0.3949303439933283,0.0,0.7519614315870436,0.5589228474863848,0.43072738644498915,0.3025033990588481,0.28412178853341047,0.5479839151855379,0.579143871536003,0.533964696118237,0.643637095695889,0.4340620515679602,0.3241211705867145,0.18498760487047386,0.221121967512438,0.4833266939652978,0.3317832895582221,0.27819413242720525,0.7823226799517411,0.5509778011556086,0.2983521314744726,0.155845832087478,0.17795117917990694,0.6601791515598627,0.1661362392083345,0.7493364466197331,0.7105698968046413,0.8227854967879169,0.235782016842439,0.5135957865117228,0.5502689612683014,0.2848454241717379,0.7257868605008554,0.7247500152639238,0.7448802092034323,0.7519614315870436,0.17585189993491385,0.5539872833232374,0.3209385709782388,0.6285457052253729,0.5293011713706806,0.48491729528855476,0.38749263882045437,0.815565561787204,0.30600461981984706,0.7614078604612645,0.3137264395414015,0.4772234936995626,0.6280430585766493,0.7367864788364897,0.7478739068870723,0.5759184184948322,0.7071622468438488,0.7282502231283997,0.7525885720852987,0.532297907168891,0.3605028722325814,0.28878888921998785,0.6291784290481696,0.7519614315870436,0.7182985797065712,0.5253464860970348,0.5408462743762202,0.2135441431098376,0.27676723871215,0.8706572106253784,0.17742899101657478,0.6062031506187011,0.3250312290341421,0.5661667159959616,0.3321746877931295,0.6919387909743125,0.3567878680938358,0.6356881534501334,0.2995095582103049,0.18142081908383298,0.3071716749912891,0.17062484413032084,0.17448054947086092
ig_lora,ID2,0.31353786382127047,0.5878929404156834,0.2364614474975165,0.6150716272573455,0.5355538677031065,0.5363144450315652,0.5998348847134459,0.687595681447443,0.8287746796501295,0.8789052695698846,0.6226796631498264,0.5156081409747124,0.6037862247308738,0.6000768134907236,0.35292674998672297,0.38276613704288587,0.2881164957431733,0.5233686110617464,0.24399387345768705,0.6882270051795774,0.6926548793130776,0.7565339513807646,0.518457868246454,0.8688662808301812,0.32241312419248896,0.4264974531483399,0.0,0.24046858401881077,0.5378048661876441,0.24513203187686536,0.34739569316476887,0.3451966621089376,0.5488626238040517,0.33035852450667463,0.5327428165378388,0.4237809199690017,0.4009891514458629,0.4371384765943849,0.8807893171701332,0.6058989587487978,0.6891713669347473,0.3366776387101778,0.6390848951867905,0.46464857330874504,0.404527837774873,0.7538170411694701,0.4313001341871074,0.2462482684784257,0.0,0.842743079114841,0.4517453214593709,0.3727900309028207,0.5111203773784884,0.7920329777754193,0.6943533528791251,0.38815383818010546,0.8831207345841019,0.3592218105393927,0.3201793318889918,0.21256902120693258,0.7485687956335456,0.8140780369375288,0.6142281409827542,0.31523161857108145,0.31597006775787195,0.29436280493734673,0.29822129223540583,0.31107035094685453,0.6538300699491739,0.54994655748473,0.24886068695702224,0.2463207922926029,0.46231274428398217,0.6984424560205038,0.4689911838296135,0.24046858401881077,0.347065222830083,0.2995857989309901,0.46536616398475594,0.8029140412356526,0.6977960662425067,0.5958662535641747,0.7756022858567183,0.4171549691897937,0.3371146553874148,0.24046858401881077,0.5125810713661244,0.6834380391354316,0.4600172305459662,0.575246503927751,0.5929091303998248,0.25669657519893635,0.5508708141618247,0.41623795380706596,0.3111150255987113,0.4642222395322051,0.3901667365044882,0.7932326228261057,0.7281766862760477,0.7061412755909203,0.4861839056236064,0.6009582177086633,0.661039708281125,0.7428589271250838,0.8696235791033168,0.8308960719752394,0.0,0.24603289253106714,0.46556421013325766,0.9407953175176129,0.5846741457945425,0.7158572951450699,0.7247613052361113,0.5643728450477946,0.43732121255974704,0.5580564299858949,0.29121087181641253,0.7840573752036721,0.6567516967210246,0.7197245177956104,0.7462017191186527,0.24046858401881077,0.7164070705194129,0.42668818625439403,0.6470989926392701,0.8677843497939318,0.3497543760079934,0.6673051363510673,0.6800520270334492,0.677150096008401,0.3056366352226376,0.3656788513763841,0.2869867519553027,0.7959359956089336,0.4332068701787311,0.6841033374988013,0.5120312708684503,0.5107214559772871,0.32309074283664047,0.32083250857429024,0.24833695790985433,0.6647643410412116,0.6467544831677363,0.7676080571926744,0.414774366245613,0.36612984460386966,0.40860026187820425,0.8745496270701217,0.2765672232205075,0.8929279202767643,0.45288502603896846,0.8605336575972974,0.8265513530168481,0.6272295452239297,0.31759193939588864,0.37352444474294527,0.4102800337903939,0.3229158981868912,0.40226550398684324,0.30385326030982085,0.5956020144903507,0.6467229020815283,0.8348482113786535,0.4181700447864845,0.24833695790985433,0.33360727473153823,0.36207986779174456,0.24046858401881077,0.7880229348134286,0.6539114108110915,0.346168269322352,0.6226796631498264,0.6287726944637403,0.8746007126168871,0.564618355360856,0.6260282190817924,0.44534359646091654,0.2550638229711767,0.41155858149328584,0.8161281483187791,0.5841227043946648,0.8756875371157959,0.518457868246454,0.5425349748341313
ig_lora,HBB,0.6766007242984182,0.47198875577922395,0.45949173861996545,0.5490366650477821,0.47646390012776124,0.5934421877237033,0.5390052108421207,0.3197261810138793,0.5431845118948964,0.4478185715732257,0.18367421065616554,0.31151991050665284,0.5502569382385559,0.33209830460261014,0.58701313178718,0.3704419355345165,0.5004935171954892,0.3326746993034495,0.3319241035479073,0.5176296264363178,0.35519739691795865,0.3794414862364768,0.17356014374490397,0.3811019508495517,0.3962229159734732,0.3696166536454225,0.0,0.4764555052839236,0.4268087089587376,0.3012141489013794,0.5087686609068748,0.6117714981997004,0.34354169813573504,0.35937812860253715,0.4438887360666228,0.6317675600020775,0.3377050253706461,0.3481765514784301,0.5259371247013996,0.40798685130756224,0.49729833992165484,0.44460517273435696,0.1861718523143044,0.4707994575399219,0.39906643233514266,0.4186739810925622,0.3628990815264475,0.30435458193889764,0.0,0.3485680798062056,0.8418058565370656,0.9196394794081827,0.4300276016579493,0.730978746410114,0.5662095634459212,0.38017228902310995,0.5495220154515821,0.37872284839917314,0.3554925275420824,0.23796412180131726,0.45822422430682225,0.34278156084868217,0.5590438283357929,0.3218259210473576,0.32482689410998533,0.35025491814266424,0.344237059487838,0.34538180888668657,0.49465876980958895,0.5336244803053415,0.30826395217902197,0.2981987326237357,0.5466123374552523,0.41513905283312447,0.43115359372507783,0.4764555052839236,0.3429619665491814,0.5976286562263792,0.6894622322923774,0.5251107334422532,0.31008275726956713,0.23944835328560454,0.4733048471021949,0.44072211189529886,0.3698287573137838,0.3126816240552352,0.4535409024933945,0.42134592100969137,0.35680959951718216,0.5354819193140293,0.49420524840185365,0.45293679686012667,0.22783717197568665,0.3582641947268218,0.5553589870345234,0.3004702532270398,0.44268757479913406,0.3858944720000529,0.44014734802452155,0.46865612577807614,0.3648343344267404,0.5687487969719631,0.5637098025677749,0.5695738531798958,0.3513557415509645,0.6841135609483386,0.0,0.31215533635185905,0.36458848178211056,0.5632633310729876,0.5032688663406364,0.3329027814837584,0.4446392339026901,0.3739356101347255,0.3805565765419581,0.5030712541979562,0.5773960281646601,0.46677810177890044,0.2082341601315479,0.2614548671140498,0.5273096124478444,0.4764555052839236,0.5027629997380723,0.42587440224769346,0.5121102210017285,0.3636492807157617,0.1625384833172509,0.2348771525815213,0.4893649292639509,0.2460783604831017,0.38984177936581915,0.38154049740428553,0.38825468148533376,0.3506761807697742,0.3613154032029819,0.6459195684388157,0.3322470067679968,0.4275814876741604,0.33774318006750215,0.38478412311957105,0.3199180021054659,0.23180578767108748,0.5691049306927087,0.48524931132176946,0.342586474681942,0.34012531784669836,0.3468248523955918,0.49003177702020556,0.3429880391694609,0.485110121420486,0.42300066297440736,0.4764814096192133,0.578813456572484,0.47173134172722536,0.37202329954232344,0.3917114769900574,0.3934933462846756,0.3644190803269457,0.4467119957356813,0.3836001483939611,0.5071729635185929,0.38896924493199586,0.46912680907502974,0.4488385996086737,0.3199180021054659,0.3733172393162664,0.36233471157680425,0.3126816240552352,0.4482675355938489,0.5185453011314861,0.3822248695279352,0.18367421065616554,0.5662795909212363,0.5253085773108612,0.5203241604609427,0.3819648490516124,0.6314046951606181,0.5177879653930875,0.3496888381146602,0.3392922393413084,0.18207563968440707,0.3479292012365562,0.17356014374490397,0.17656084231406222
ig_lora,GLDN,0.6968222935811479,0.2992450902581472,0.5455802150424639,0.3167384139464519,0.44333837122689723,0.5755268631528517,0.6354712136424209,0.21681772164913773,0.3732048856775253,0.21468093776835892,0.14445551089286082,0.1367934780624084,0.3311119108114526,0.2757706875446159,0.6604190349362947,0.47443400471690633,0.7988931037194595,0.31398589525996595,0.6376312889893676,0.5403275152689394,0.26223962390289685,0.25109887558812966,0.14514023009447227,0.14158636118018195,0.8114634006566153,0.5534715637067786,0.0,0.5978740850163895,0.6686548546095451,0.6949267149650259,0.6673176248704349,0.6318471015875167,0.3123204724516105,0.7784080483178369,0.6097187665822037,0.5364315902760647,0.43431288798309065,0.3387004025923904,0.269519439975592,0.37625014775196164,0.4610212424868286,0.6545566301556476,0.14534530760219844,0.42077205933987494,0.18992066582238434,0.26790886325639895,0.48820855998668444,0.7783556959381852,0.0,0.26517813881096336,0.9428295991921463,0.9641751739097562,0.6097714077706793,0.3480833336348492,0.35610801787006424,0.48461942041742906,0.28525867336667693,0.7510474032495937,0.7326998802675712,0.5814760690371655,0.16561830747576192,0.21857094287717918,0.3696524057147272,0.5147215620016492,0.50865558152667,0.47547412530388883,0.4988099781216515,0.4759151415787236,0.30318487621234136,0.7055968083507497,0.6774353976117803,0.6444999056528268,0.8838818551496815,0.13372705040543498,0.44358387758631773,0.5978740850163895,0.6774794274603594,0.5909440857630107,0.658565887562737,0.4016008100059393,0.17169561725780347,0.10614426162023258,0.39029211235974265,0.5319784023740323,0.5041927872274781,0.6310801358574623,0.3552893324349291,0.22906838421933862,0.4738052198033816,0.5349328674376798,0.20258284389685385,0.826134827093997,0.16497098838303856,0.3658247537640378,0.5724245515502714,0.1990227807496678,0.40663617196005103,0.3311657290228067,0.24997429485113276,0.3998449604898313,0.3851745619429969,0.5311085335403434,0.475479515133985,0.32636419115408527,0.21455403693141886,0.2871534474849906,0.0,0.7635794090007308,0.50020572726628,0.34113144836050696,0.33106744347232936,0.25499777444759,0.3721515505891336,0.5026782628435996,0.3648680466984717,0.5198162143294067,0.6451162366418435,0.3042681242350098,0.1381630634599381,0.16379460992423742,0.40263932625807025,0.5978740850163895,0.25415605450046236,0.6233890950995865,0.33347021953075684,0.2515021210874603,0.14618269379814847,0.13078168973704105,0.6013847474947414,0.09943592078871531,0.5157144323344472,0.6850200916660016,0.7440178854534847,0.16669322913978316,0.4306562475010871,0.39417407149596595,0.31427201566786117,0.684799816441929,0.6552829564093635,0.7840783917974701,0.7635794090007308,0.11672017750824121,0.4523392737582905,0.2902330787965537,0.4550486164847573,0.3956350385823321,0.4462396835186214,0.23994822610802277,0.7412534445028736,0.2959665091378893,0.5845712901032416,0.2682277759753191,0.4086802812173655,0.5735627218224384,0.5394936348508609,0.5505160445423489,0.4107913659508875,0.6093982698625344,0.5329240573892172,0.8002853937208566,0.3715740477885607,0.3929894954093031,0.2131539536329537,0.32151027624362066,0.7635794090007308,0.4460887409248572,0.34779959703615293,0.6310801358574623,0.16756513711184487,0.2307187073734636,0.666445952491861,0.14445551089286082,0.4748016068805593,0.2739431801049563,0.327448730067168,0.33850031707465555,0.6238200633586652,0.6732726940758165,0.4545056823358289,0.26634472249543206,0.14785063572403037,0.2686894126039762,0.14514023009447227,0.14618269379814847
ig_lora,ID3,0.33010266692629353,0.5122386157745571,0.2197667416314926,0.6221458126116836,0.4245052037779854,0.5070326133128769,0.5651737326064892,0.7680703797083924,0.7816452691616251,0.9043565909735963,0.7670884516268296,0.5847065189175993,0.5492800201780988,0.5805375629408195,0.38494825354011347,0.3364631741662353,0.2952612340592155,0.4931245611813847,0.2214620494575393,0.6320663393776607,0.7499092825564099,0.7863458811761773,0.7667864096250343,0.9179637887403042,0.3350104906986136,0.4615712745207733,0.0,0.22611154408747872,0.5130460433971779,0.23942991889258447,0.3130421352879649,0.2948388586884041,0.5516379407673776,0.33820034844865465,0.49308801088894166,0.3809607794746525,0.412281830760935,0.4545904381597762,0.8392822780583794,0.5886841459217245,0.6410824109681438,0.2887331178583762,0.7850047245786119,0.37404947854345505,0.34959425655149595,0.6893715490330538,0.46151772002785346,0.239650302730951,0.0,0.8366100190701772,0.42855959378157343,0.36023393963135963,0.45793477488277584,0.5434654165534599,0.6212747200127966,0.4298063229355219,0.7666603410673195,0.3698734209514894,0.3241060817472476,0.20521372118787173,0.7508713329871373,0.8356033227816223,0.48723232818574985,0.3030582160895912,0.3037344716320494,0.27845576550133155,0.27870692649728,0.29868112507437317,0.6155251089975974,0.4423891231196361,0.2446000176762218,0.23489090482263691,0.40303360950010775,0.7183091351381838,0.4195229276430264,0.22611154408747872,0.32958957628359703,0.3190056042760684,0.4100470841459033,0.7953057350439496,0.6210922638149236,0.5544596287340794,0.7477501261177084,0.4024094917381723,0.3545512651347423,0.22611154408747872,0.43307535226004734,0.636736518964668,0.5174375701834838,0.5024662178353996,0.5005334473637003,0.2579438760314654,0.7376799088494016,0.43404509872612573,0.3135618254497995,0.43651963080980943,0.41681431208194164,0.8592914067609545,0.715786598403933,0.6966168952531492,0.5396958707607336,0.49344133480947294,0.5810911682192205,0.5860312923219863,0.8578807178799271,0.6487967776660515,0.0,0.23870561634850415,0.5228626407854875,0.8539220945282081,0.4891823639314387,0.7152982321931818,0.7540846205125392,0.5402036028415607,0.48040106575863833,0.5066191272856297,0.30464858636536407,0.8095882675953264,0.8808099809244149,0.8927336131677535,0.6832588013419648,0.22611154408747872,0.7080280273143601,0.451738734690014,0.6052529554411427,1.0,0.3933075223634393,0.8507185861674458,0.6516717629817945,0.7761766086305656,0.3034275826050414,0.308675385062867,0.2974072380320329,0.7933163396125695,0.4648033724249451,0.5111711571734822,0.47347428578282874,0.4728715045648502,0.3252189386665453,0.23893540339026964,0.24292973620961397,0.6660209064795267,0.5607432047336205,0.7262241284061723,0.4013356938557247,0.36260399165576956,0.39087420470420947,0.8176672652983794,0.27808155170733556,0.8530769493962584,0.44804445540824417,0.9367371495097685,0.7813495260407903,0.5703035496499026,0.3127529571012878,0.396264255983942,0.3740718668541961,0.3336770220548695,0.38350498956425105,0.24759815264813884,0.5427296151389827,0.6140614915361988,0.8317868643864023,0.38774435802723933,0.24292973620961397,0.3323228526193143,0.3804653417083822,0.22611154408747872,0.881838782777598,0.47552649333834296,0.348695279946745,0.7670884516268296,0.498690817969791,0.8530177870446932,0.499816701367252,0.5934714306186394,0.4065784146624153,0.25524705298735656,0.42147222896791636,0.9397784368010387,0.8250898072187757,0.9217127469396134,0.7667864096250343,0.7901077686625309
ig_lora,ATP6V0D2,0.4162446276252571,0.18570647152666916,0.14271861257884902,0.3670163579963656,0.49735380298269083,0.5867760777888495,0.30480767653814395,0.3074760747948885,0.3290639528590345,0.28851636788988944,0.24840213493387578,0.31027140263205216,0.41444088265480916,0.20203320919881038,0.3284364057486862,0.5590276800747249,0.5022753990904033,0.1792559627286141,0.3516450567350503,0.48224071326980306,0.3090345107331959,0.37471806668734164,0.235135043929034,0.2613403946254589,0.5083301831914728,0.4418186922878247,0.0,0.15037179447459706,0.36661440200437195,0.29515469196888056,0.38994289049352343,0.33670054638280805,0.36738497114370805,0.5140168912451171,0.4221701605481451,0.5357936641281024,0.4087606231237197,0.41526992470700697,0.283139769642015,0.41447414198685306,0.43263115911838884,0.34677384276497214,0.25437876961292055,0.25600633046416915,0.15230506833431806,0.2787126689914827,0.4482225949843411,0.28258233639713215,0.0,0.2764688334916194,0.5132309897062322,0.528027894130536,0.2820384494409881,0.3536511970686531,0.41630895202427964,0.45354198789542927,0.35114747334854074,0.5982027348025928,0.5943136655852875,0.2103827830510897,0.302378596760105,0.2777400888366181,0.4569660423643711,0.6763759067345977,0.6816829430468605,0.6813411955601245,0.6776762209891419,0.694661794940075,0.20306776436648133,0.3168542431857131,0.27086196873758084,0.2687234128196393,0.34480687062753,0.2436201485362227,0.5842357607884215,0.15037179447459706,0.42246335753346204,0.31594651835684223,0.3669755688125215,0.36193858833724507,0.2671302094997841,0.25370008334343847,0.311027102675031,0.7567331916269825,0.5957958072472122,0.24517769984971854,0.4442027847352809,0.26087512786306083,0.475249649373218,0.3575763959405483,0.3003182442868006,0.31547563243495624,0.25442650834299957,0.36364820187290203,0.35490106613401345,0.30155551064987646,0.40997183569525875,0.27410247907941576,0.28690850107594074,0.31768409312916834,0.3972701583286887,0.27895878541975355,0.46222544468448534,0.4752697694869094,0.28342955475427195,0.34055207443545166,0.0,0.2863140110951892,0.4912676824305378,0.3483357409103175,0.20203476338192,0.25631605078797337,0.361510082806249,0.3780705550284036,0.721892386420054,0.4242440805079427,0.28370828581672136,0.2853888751141044,0.2616019186355161,0.3165932622314309,0.3837242270239002,0.15037179447459706,0.23150411140277496,0.5236541128240623,0.5076591113207094,0.2812834761690079,0.15868197835907985,0.2580314460168165,0.42243954483506824,0.22896744513289483,0.7308742444052986,0.39466071010188086,0.3677560133086451,0.25432140864929875,0.41457799978828264,0.45551601953490717,0.18403008334357926,0.4932485789495096,0.6828483577366227,0.3148758755913067,0.2997511010829737,0.28134637841067184,0.41950729891519944,0.28816469502185527,0.6284540424525918,0.6046513949494224,0.3856547853854653,0.40437429302599764,0.518452475169899,0.309436921327944,0.5005536048787578,0.3078759454882892,0.38110978796652556,0.39912104716885716,0.4914019400393616,0.5480068776031528,0.5710462882789067,0.4346831868771033,0.5132924888116592,0.3397750887354801,0.570482738004451,0.2669468689056372,0.34914936322815315,0.7299284503956712,0.2997511010829737,0.7139740058551656,0.7708630789067337,0.24517769984971854,0.25433789051399036,0.24313990489316212,0.6673587050702329,0.24840213493387578,0.4056322110471048,0.30872794462519276,0.6620250402255972,0.48241546070798613,0.5230228552034755,0.1916023075950626,0.5534246055883093,0.28106769139888305,0.25492724400009287,0.2844512046909062,0.235135043929034,0.2421874370578021
ig_lora,SPP1,0.7663122642438889,0.3946461504206921,0.6243633218933868,0.6035711987427536,0.4450840540913787,0.6362288447858502,0.5141734460680806,0.5375950636094029,0.5492246864625144,0.4862787599300614,0.35782523580197834,0.4724653892054415,0.6743350371363112,0.38243690701336064,0.8103546591488967,0.4417127280728878,0.5877188593168307,0.373396915736288,0.38357733638526675,0.5034773850505188,0.5185278048980766,0.4752249067096755,0.33079386138522543,0.4825707400918522,0.4955734723129509,0.5783642009990458,0.0,0.6622934927189846,0.497031434536196,0.38389078342569,0.5881771675807054,0.6820437602924275,0.488621059204022,0.46497578070574874,0.4438556158254063,0.6717589134407518,0.530786749109774,0.5376337139274043,0.49611469713680534,0.5840584398878261,0.5089814617323337,0.4261622252102866,0.37117044156224743,0.5508989699693967,0.2751223650604116,0.4462345246578034,0.5796367907990527,0.40345787010060014,0.0,0.46863026046420475,0.9285154141301895,0.9664459119636494,0.5120208530181599,0.542253632502271,0.695587302572041,0.5056737248292419,0.4915222540300306,0.4686616474214207,0.4415405438781663,0.3236762533728807,0.45605447655937703,0.4634577515643384,0.5088817787564727,0.38742273633297564,0.3916951049269256,0.37984851810375564,0.37297939608877984,0.4046245618220282,0.4271535449235425,0.47826427351980033,0.40568129306739803,0.39204377268776436,0.6296638146170062,0.3755429122590501,0.48855962459347435,0.6622934927189846,0.44055428418387027,0.7509418902161603,0.7509135941880284,0.6152033877498366,0.3940335742211267,0.349751131684977,0.46268497417318033,0.5468598057331161,0.5155008790499322,0.4328956870284463,0.49639910959642275,0.38269374497378517,0.6514465800559357,0.5460013128281688,0.4845762155667357,0.5874959617538973,0.34487537085406555,0.4819003125067668,0.686483372220486,0.3820227696292269,0.629728824919278,0.49475391965455384,0.49936022631630733,0.42988790193841725,0.5601103293872043,0.5376161546831616,0.5267609599575122,0.5403652456819871,0.4762004101692833,0.5619021307479307,0.0,0.42108201562065817,0.6654752176470862,0.5910405111228225,0.4324346281398008,0.4204341250247228,0.5303731550976918,0.4347740697380278,0.4923912996401782,0.5207915416747567,0.7677007170909479,0.4984369976563509,0.3976352644605843,0.5301920644884471,0.5424314269265093,0.6622934927189846,0.41743099550927837,0.6501310198708632,0.6412470155786443,0.4943812581094167,0.24442748291849603,0.3810941412537404,0.5659114398933559,0.36216203048138945,0.4131700952742111,0.4132898596056452,0.5046947927659606,0.4074113873199298,0.5181308999102272,0.5426158323146086,0.3706123429776038,0.5814828096684452,0.41615131347439427,0.37347478226717556,0.4341374080244515,0.35018439934695134,0.5645653062635629,0.4939313461722231,0.43326079269287526,0.487191123403234,0.5076469814803081,0.552436116244836,0.42231973311730203,0.5122486138074938,0.5727178705628296,0.5908550376534659,0.5530356648643743,0.47648865473243135,0.4135905372427231,0.5034715539499801,0.498092336127113,0.4742205133220399,0.5823204133095451,0.3817606257230628,0.6102784591747876,0.5320932329299108,0.4879963993410527,0.5256234688871461,0.4341374080244515,0.4403359685191787,0.4887069955966344,0.4328956870284463,0.4311049421034631,0.4164429242329208,0.4555370674383071,0.35782523580197834,0.5388177877737891,0.5497010818016174,0.5532488060108495,0.39670907358165014,0.7523788589625153,0.7063421675817257,0.5586140114574599,0.48719241334621627,0.37633537596289945,0.4918783822312306,0.33079386138522543,0.3474924167303726
ig_lora,SPOCD1,0.20047227229421058,0.26413579775750146,0.15619461293045056,0.47897061603327806,0.3208864245554817,0.3138259271354556,0.24212347515142582,0.6786011232628929,0.5013203814292267,0.6336771092008302,0.897715154948816,0.5484566852230814,0.4888405298870864,0.5609670375863467,0.2715983826954418,0.29035514751131297,0.18400172045917834,0.2679723607742645,0.13698870403553565,0.4066967965808859,0.635121882788037,0.6508765236705689,0.846069990209042,0.5073152549005926,0.21531944228853075,0.41206195992175854,0.0,0.15869225824226285,0.23036035135432648,0.14800174820540762,0.22031849378854476,0.18420365546437875,0.6076612450217016,0.2286007727416394,0.3121800042418517,0.2755436767337353,0.38411428409395165,0.44343238573580473,0.5102019793433606,0.45941515688528883,0.4665368248332271,0.1661716346954429,0.9070137772261965,0.35722120565387516,0.25070782719883095,0.5506468747505908,0.42365135539414556,0.1525906009519708,0.0,0.7876464985934802,0.23107423793750062,0.16350333193864006,0.235188330014664,0.27395667985157435,0.44194205100729644,0.3625929723935837,0.4546200042716243,0.2713988118376022,0.22778360006553122,0.1470914701686596,0.6824753869342469,0.7808420149383886,0.3160898892948665,0.23832474510621354,0.2398339664656877,0.22281325385972625,0.2181374523782323,0.2420747370602306,0.2639882376414721,0.21205071837918613,0.15190143405248088,0.163226870695465,0.19776775073839184,0.48384236242084144,0.2998536469190501,0.15869225824226285,0.22764665832316958,0.21337710219787,0.21610951888877303,0.6486802877542127,0.5805394747485565,0.5544632880868581,0.4334837241202281,0.32193149052684306,0.3161473706345183,0.15869225824226285,0.3168860509419678,0.4996470394417348,0.5063189407240686,0.3437120056885032,0.4046279205029873,0.15477815761648228,0.7873571151030807,0.39832921603924953,0.21074798161726532,0.4772778907804915,0.35901926406580825,0.5763780271869484,0.47217585249580835,0.4786964029342253,0.5342279037503805,0.22654673622425925,0.3335300143928469,0.36032584146144625,0.7742725041297243,0.3929243897505148,0.0,0.15533634673260222,0.499479412248839,0.5882894425480286,0.24299322116491795,0.6480629152621163,0.583257451769407,0.34565312719717484,0.39533173748037886,0.45176524112399585,0.21120048783562387,0.5682434406605267,0.8343727679335972,0.7784546517532299,0.5169854853247645,0.15869225824226285,0.3163054861120578,0.3919849786891879,0.46105331513328135,0.7459133722110256,0.7306224828658235,0.7054721774654564,0.4295870838645799,0.5958313861818231,0.2247174053832571,0.17096055866050505,0.2084038949109067,0.48744700270403873,0.4415838916734065,0.2530928597226783,0.25199548475039896,0.2945867631149599,0.23648959965886526,0.14326104276125573,0.15701430248743253,0.5885421057001734,0.3396873211846585,0.5396554844398256,0.3235927823816089,0.32964734150441205,0.35191031113589866,0.5016563130012692,0.18362352313872488,0.6454176307720485,0.34429994269777325,0.6411075375967936,0.43926935479664664,0.4036771254184859,0.24261910324578367,0.34316286514231736,0.2944418079158261,0.240788760857582,0.29583451330629096,0.13793230678457866,0.4261709073098437,0.5374409549891699,0.5671142667721761,0.34150971798034063,0.15701430248743253,0.2944840216059615,0.36545215064060305,0.15869225824226285,0.6513341538860087,0.39987982420484297,0.2613388830374239,0.897715154948816,0.27182748151634617,0.544350650800751,0.47191417031523586,0.23893907592800132,0.3207735985827711,0.15869225824226285,0.37636058387531,0.8318522868646099,0.8922489931463294,0.7854045754540635,0.846069990209042,0.8653112414329118
ig_lora,TRDN,0.4835394520759141,0.3660236618917292,0.21719858318505683,0.6646143326652678,0.622668053394956,0.6123564068994284,0.5985922059511213,0.5446824016392302,0.6310482530371976,0.5936564081079799,0.31366579521710153,0.4351371851955379,0.6373022356459619,0.31482164264769585,0.4669235821429606,0.46594676027935694,0.605750000039349,0.2831657037585742,0.46818595316066547,0.8097852118428132,0.44543170652399555,0.42238958068463944,0.28782281779018415,0.6749261071929166,0.6386258830578279,0.6778001012336373,0.0,0.22859943878439917,0.5573613694154747,0.495162168281563,0.6289031809901218,0.4314543960827362,0.5041273727386391,0.6739530050237522,0.6605410565668249,0.530514628427857,0.6649365069853237,0.6829366565314547,0.5758196120167034,0.7329470933565612,0.6804993738746644,0.5334824734520073,0.32577266325403487,0.32291987139436373,0.2867211844128632,0.5073556936686898,0.6986403791229752,0.5136382203104146,0.0,0.4145527307875834,0.5856361396447967,0.5508689423814395,0.4665754898325602,0.8476084912264515,0.6343486306572381,0.5287170245676699,0.6264660111672328,0.7111308352568405,0.6922186078386916,0.38219528321017876,0.5068236589691664,0.4829823440662985,0.6443088551957121,0.6777550843800866,0.6742900852873994,0.6162380297438012,0.6307163390473165,0.6494073794060501,0.40894820823897376,0.6669702828828914,0.46527396711304425,0.43828159418320656,0.609348300922021,0.5229073816476867,0.506366762536866,0.22859943878439917,0.6296410655032697,0.3336847615073028,0.48715850130783306,0.6583631523013321,0.4389339727895429,0.4190367513772828,0.6773509483019968,0.6121199836123625,0.5399525681547751,0.37741382464982437,0.5754059432078509,0.46911031033137546,0.5819835091807711,0.5838734323159133,0.479689785548309,0.5187979337084418,0.30986999297903445,0.5021753492847013,0.371090706173503,0.3668273047043791,0.6057527671583436,0.41172180659765506,0.5009456387502377,0.6949407829850921,0.5403350332593334,0.551934143418985,0.7365027155067946,0.7155754113289732,0.5047284972160216,0.7884449156561538,0.0,0.4962681567500723,0.6040145340612182,0.6915842504794733,0.39508156322449406,0.3777229131844555,0.7362178436587388,0.6277514434950799,0.5738413769775919,0.713036883908768,0.3005054898034114,0.4608934415594633,0.4257406847843601,0.5244762696797645,0.6120063178401918,0.22859943878439917,0.5375062755817817,0.6154033927714782,0.6955222225550214,0.5118570379338467,0.2034015867034342,0.4581255230454139,0.7490991408682193,0.483062616074415,0.6430056657869138,0.5915627059626363,0.5293794741358601,0.5813381460604794,0.538787706229345,0.7624839595614475,0.28449415594334454,0.6438498176328855,0.6286872018157422,0.5482598429327918,0.4962681567500723,0.45248255625380684,0.6036765092576404,0.49048545284386724,0.6796721629955045,0.6303294743327732,0.5959145598780767,0.8086313326356058,0.5968286907457291,0.5108032859304233,0.7570043281945662,0.561192283907551,0.6759527019144363,0.6703221503418854,0.5845489944400153,0.5976436626364555,0.4913158443584843,0.5673219457507684,0.5694845117986022,0.5740161904365523,0.6037498454574737,0.3856560314342495,0.5724368633468345,0.6107887949334889,0.4962681567500723,0.5554732065010648,0.5067645666740156,0.37741382464982437,0.5496211680184209,0.5133092927542038,0.6659719153689809,0.31366579521710153,0.7112607347208008,0.6003194543183227,0.619377967518555,0.3838354440929881,0.6208738011506323,0.266002662471485,0.688433077008729,0.42038953148042235,0.328209476772111,0.43029649528323355,0.28782281779018415,0.30232059280933743
ig_lora,CEBPD,0.23616206233685072,0.19003444020755578,0.11239132034713019,0.5741163156012198,0.2968244260667794,0.34629821718180326,0.1933151913267489,0.7658651345484968,0.5628464847540904,0.7702363533047047,0.7604823401580698,0.5269096317362822,0.42532049498667274,0.3557238533318142,0.3041754106697186,0.312367965130679,0.1751690988284949,0.17992220904234327,0.13379876016340606,0.496224585826661,0.5196939470675737,0.5902479551068851,0.6426015696056411,0.8452048676403185,0.2367283496893742,0.3584412342379044,0.0,0.11055884880183621,0.18210803059413955,0.1193876595783441,0.257202852068412,0.2255055446523767,0.5378239986031071,0.23019837914774527,0.31579630096392763,0.2987688580884721,0.3535426291617169,0.41105085599429775,0.5766581247196109,0.48095839665734397,0.4761198442596395,0.15466153317337092,0.7754521938981904,0.304100116820111,0.17258992850397847,0.601152685092604,0.37714589904544976,0.11538897368484041,0.0,0.6726011626572823,0.23767171412621832,0.16024566927641484,0.17567621888232718,0.2765088344979462,0.41518226919456575,0.38599623506096503,0.5623088502064189,0.26573056526301125,0.22952209831234544,0.10256484496717665,0.7747265304317794,0.762712907268994,0.29568849785114787,0.24268316265748902,0.24415253790138697,0.23016464684663857,0.22663541014887376,0.24610222937207676,0.2063948373570781,0.17967598467886683,0.11709083394797286,0.1350797561286098,0.16569598843822406,0.6575318593863414,0.2911452366019509,0.11055884880183621,0.23412417671542377,0.2347436360219506,0.22485895598515163,0.5456789513281343,0.6514308222092213,0.648435519658082,0.5605771866853063,0.3147664386454887,0.29665627467826616,0.11055884880183621,0.3347157736268256,0.6641581050316367,0.4265157203729062,0.3463120577766445,0.44073141654570613,0.12110238986111319,0.7335509374081489,0.40441333573782995,0.2463198868301377,0.4138615215543446,0.3800138427111453,0.5218824315135807,0.5448070024544697,0.6404074864289131,0.47238539756004405,0.18991778013207639,0.4194706447708652,0.3308034299920449,0.8254064191686801,0.4602527984014829,0.0,0.11473936238745266,0.42567623730437715,0.6605970089832226,0.18818697865101666,0.536348153912345,0.6759668972220203,0.4056812186491439,0.49926993633931716,0.3897147149648743,0.18644832190327057,0.5243897615147669,0.8512018375410242,0.8526136889087763,0.4929804246305981,0.11055884880183621,0.536806622851265,0.3561270217897096,0.5079297741759649,0.807588233079294,0.3794197295935308,0.8292512888941043,0.49824875847671646,0.8201526827384054,0.24927591011260816,0.16017271038092662,0.18447425630935257,0.7480621264336499,0.3966878421445722,0.2528081385357679,0.17686337393011226,0.2898226475211587,0.24780181684286245,0.14378610336614386,0.11585799955733954,0.7969156151433752,0.335291055940999,0.4794218290543916,0.3944916446480468,0.30797336290569194,0.329909443681988,0.7638922718340557,0.19391697431756896,0.6207734530227158,0.3239420467867698,0.694567506906951,0.5314932649445553,0.4534600437449626,0.2421834455655056,0.3185185236845972,0.29165586624842627,0.2546110923005859,0.28556860415296675,0.1435080744639584,0.40186343667508606,0.4708760166025047,0.6732220274861284,0.3356724299705895,0.11585799955733954,0.2911967246202854,0.3532338245656864,0.11055884880183621,0.7683971710816921,0.3267945719647435,0.2631809174685178,0.7604823401580698,0.2658604291348171,0.5084650988700065,0.3962018342342555,0.2402904332159011,0.33596469197626216,0.11958386307191621,0.35720479609437394,0.6924091968341011,0.714081255684513,0.7105576092346919,0.6426015696056411,0.6700937565590533
ig_lora,ANGPTL4,0.7757045626090064,0.3229138985812043,0.9690048939641109,0.27357865997057507,0.26606401413294506,0.4688996902410609,0.46848234011118034,0.22941578290732817,0.3246160166970696,0.2113874065087095,0.15421290739505308,0.12893900379059425,0.30035001102118325,0.29353444413750407,0.8908895939920235,0.3742575999815884,0.592793223896924,0.34329819646010784,0.42958632872409896,0.33985904554354496,0.27915768901817756,0.2640762902646159,0.15762098193377252,0.14319793399072725,0.4586105569305337,0.4424625209537568,0.0,0.9191619645186798,0.47773873251577814,0.4324532793783231,0.5580252590231405,0.7596016340130944,0.23662700972356596,0.39986503890202485,0.3166290030255697,0.5975819525452667,0.30008187498292926,0.25860060458336015,0.26398882728655215,0.3130131330855835,0.31208402074477504,0.3605681136660406,0.15451153078486707,0.43787865879146287,0.20883922405101504,0.1999099987067492,0.38456260916658896,0.47540614453388763,0.0,0.2782080224658471,0.9361244512606252,0.9900755152773687,0.5322860176197582,0.2455855491023476,0.3287955829747778,0.39936765646795996,0.231579039631695,0.3910358887213957,0.3690764317289195,0.3917570534987293,0.15176115077958982,0.22730249521636278,0.26980513305422354,0.21934252496708329,0.22191994086971312,0.19882605433795675,0.2123535393613181,0.2065501679701006,0.32151630528021996,0.4021849864622765,0.4742445118320039,0.42355705994828097,0.6847766032533441,0.12880859415600704,0.3205739547009051,0.9191619645186798,0.3634182293124099,0.8314768704363924,0.8238004539993692,0.36627561023378485,0.1666354796084295,0.09468535181467742,0.2414111102064613,0.33886211059986354,0.41414069751875404,0.5424562413552864,0.21629632229440365,0.17235982291042057,0.3993372314882781,0.37922021923455157,0.15600173103824744,0.7336160449230527,0.1459309388028107,0.2874490522018894,0.8448106629067651,0.14207739312095502,0.2909982465570533,0.3579998227780986,0.23449250760662269,0.23262275262478427,0.32435763599984396,0.42100628514160654,0.3488156034955068,0.24305270036743337,0.22224381123738485,0.25702523628767043,0.0,0.5082403928106421,0.4148927380854441,0.2965697035510971,0.3595725252404221,0.2560251546125668,0.22154615611300274,0.3131149266250626,0.30957865838170223,0.30561189852043436,0.8890347807451522,0.3229325585416256,0.1454025692153697,0.16964521317887862,0.3401562302629876,0.9191619645186798,0.2696034352323481,0.38262548785069844,0.25143325724633075,0.2651837810363579,0.15771025495948007,0.12549564980457742,0.35312603274658333,0.10309927922577718,0.25107078150281315,0.4033838964051651,0.4937588969670935,0.14982967502614455,0.3417296955927282,0.2804237292066295,0.34116546846864915,0.4286826362785756,0.3508896129524733,0.4134442781639334,0.5287560094451745,0.10281293836196952,0.3603086403419203,0.30407464358367725,0.243979350233208,0.3035508564351509,0.35627507006347553,0.19357028302683105,0.46666184038495034,0.26889464573081356,0.35093382415591706,0.2820616356711648,0.3533208023126826,0.34252040047715865,0.3053087493809961,0.3912972546318184,0.2496561436793006,0.4373128332167351,0.32576397384212463,0.419495882451355,0.3141304946887803,0.3387326962236063,0.22007905899465835,0.25157327266413937,0.5287560094451745,0.2929846174882998,0.29138073127404146,0.5424562413552864,0.17734137983839213,0.2045710231803729,0.3246353887784237,0.15421290739505308,0.32620365753416475,0.28523888402681835,0.27431148408834705,0.31375846332781415,0.6054119178924314,0.9353295716149438,0.28336965734793773,0.2835193562727462,0.15785054114273475,0.2832756668432168,0.15762098193377252,0.15771025495948007
ig_lora,DUSP1,0.30801320107037383,0.5853770184427471,0.2445054904431645,0.5306043054233659,0.42136175563663986,0.4872667376019321,0.6197534367263158,0.6037218623959872,0.741836263362067,0.7446528607481853,0.7839928454445175,0.5695010518700607,0.5556741182542662,0.6248220977896242,0.37564475001488284,0.3320545993737659,0.3034411003011635,0.5816984918710083,0.23558950914236057,0.5724691934573173,0.7922861524101608,0.7993183060059007,0.7908492459355042,0.5642385679972389,0.33381345787641886,0.4626849913157055,0.0,0.2555288371146061,0.5638045418017126,0.2568949251477332,0.2996219201651537,0.2853447548428083,0.5424077733004636,0.33864961734545784,0.48643964346264523,0.3694343258227047,0.40845907761613687,0.4514321592925356,0.7994363414414435,0.5481584953841199,0.5992881845322123,0.29588014347962965,0.803629859495016,0.37766983679958344,0.39965527044668897,0.6141632954878443,0.46236308528363457,0.2635062901404023,0.0,0.8547327880739168,0.4229770247979071,0.3624618407114057,0.5128985691057906,0.5418665537260469,0.6267671923814343,0.4121156944088514,0.6755649635655544,0.367009023943792,0.3233808284189335,0.23127063922650232,0.5908940766342229,0.7629429853142043,0.486842302202046,0.29854962236317517,0.2991837968037467,0.274356604513137,0.27456990404596654,0.2941759032123467,0.6820496174945044,0.46968105147247113,0.2672929586257639,0.24859282861687035,0.42890629252744955,0.5140244064110017,0.42615372328472545,0.2555288371146061,0.32154167053713795,0.3076605912365104,0.41259946210506837,0.8060428067111457,0.5252285366965446,0.445000231973483,0.6373966348454875,0.4014719313939961,0.35745025016723136,0.2555288371146061,0.4195564386536875,0.5427676594346567,0.5271461016957562,0.48492059072241095,0.46840981859029124,0.28094410742415715,0.7487025941116041,0.4053027303009959,0.30123421429098457,0.4176601925187106,0.39538959259374207,0.886479856641349,0.6634694750076133,0.5824638355139058,0.5442083014614718,0.5279219493696696,0.5129013803131416,0.5937232670827453,0.7677428981747605,0.6115865792789886,0.0,0.26475826522241114,0.5326527158471694,0.7911576112221155,0.5401934572920614,0.7190887408718436,0.6500825342252253,0.49390534220079774,0.39225504997103466,0.5069305120184279,0.32162340668632144,0.8229589818118461,0.7931907272832476,0.7750039532547449,0.6833120566345475,0.2555288371146061,0.565437410759151,0.45143610569153686,0.546560447132986,0.9153510620102374,0.41292681449230145,0.6603808875657492,0.5970498034294932,0.5000336845172035,0.28899718878140557,0.32320172285131893,0.31317516696410175,0.4987637990467284,0.4607703580685752,0.516191174686253,0.5460639062866104,0.46898820280494546,0.3219187169734872,0.2542875247327756,0.2698272090557429,0.506384949078785,0.5560781309734946,0.7295824088575403,0.33307944934524025,0.35286865402324324,0.3824131499509422,0.5599239389686467,0.28812206162687165,0.8417278631545058,0.44754144261260653,0.8891501035157884,0.7130681253301961,0.5211282680785998,0.30654185162275527,0.3954455396644335,0.3708942634126154,0.3358354872078334,0.37906069452604507,0.2615137307150558,0.549064906759341,0.6071722111298176,0.7290763497106855,0.3854172426745085,0.2698272090557429,0.3251277479440764,0.38179806855396414,0.2555288371146061,0.739110546829967,0.48291501851162416,0.3449026355788704,0.7839928454445175,0.5010254865285318,0.8692512446167222,0.5000988349883242,0.6395003862410468,0.39014970183950787,0.28193881317069974,0.41961115519485115,0.9826470958448134,0.8535944721548528,0.9535989155264432,0.7908492459355042,0.8169930901935661
ig_lora,CHI3L1,0.7136484767049383,0.5488844945142523,0.5637555807767507,0.5331849156428975,0.46677781394364726,0.6761315311939395,0.6361043989306666,0.4848187162740108,0.6400562252000604,0.5826902863692422,0.3739556022311893,0.471909420751192,0.6266343953713853,0.5319736760160904,0.6758130547286072,0.3774740620514403,0.49614005681423773,0.5430765689931251,0.3273193101172724,0.5624173801056558,0.6518214434965764,0.6101783181150472,0.3465906013705616,0.4870584403467458,0.448627959803129,0.5652168089014247,0.0,0.5080131104138322,0.6052302486910144,0.32540751187020966,0.51550648515382,0.7060890785687756,0.45396370575289535,0.41406155974445114,0.487436147913155,0.7099639756350034,0.5268874978692637,0.531232654813681,0.6287303459221074,0.6806981867712869,0.5527621597762318,0.375426034977045,0.3878036672815216,0.4974809941895826,0.36839253396337585,0.5003344654495921,0.5819806627518036,0.3356984598369246,0.0,0.6176736217515509,0.9328843556557213,0.9708964142838333,0.5977736172887809,0.5469891122180784,0.6749119219464113,0.4461500999630782,0.5760381399152449,0.4237661617849461,0.39998471958667714,0.28298912268762555,0.49048519261982776,0.561042565229345,0.5367276055477638,0.36543558307554114,0.3695498055980848,0.3723998934529736,0.36474274810887325,0.3838327899766387,0.6098720546615055,0.5277079031902674,0.34120398535814384,0.3187061867997356,0.6325738404472945,0.4039163354732383,0.5263098709526046,0.5080131104138322,0.4243037051337791,0.6646829866727949,0.8507669565639541,0.7424690014654063,0.4553240961962654,0.3440365564911695,0.5579453916776643,0.5128597863673711,0.45459707163172675,0.3571139102683632,0.49217481370025423,0.40704305453986506,0.5507105064447607,0.5408915220839472,0.4491661632973398,0.4602506598659443,0.35971075078848525,0.4325760228619688,0.6814759051863786,0.38812901031119773,0.4559394021248928,0.6524414131100396,0.5724160316964657,0.4530491161339274,0.5157522562591972,0.5839463915075138,0.5778310520245572,0.5916565496385265,0.5725541026859067,0.55458572331684,0.0,0.3516970493958046,0.5671548795976212,0.6678017404674789,0.5487181622795413,0.540598825284994,0.5242306320466581,0.467702915993103,0.43495877761815066,0.5078845868030187,0.6434064237160279,0.6238134282425947,0.4139405525030928,0.518015598891217,0.5838233531090139,0.5080131104138322,0.5332755405368941,0.5518865205489236,0.621656039153543,0.6217637001242314,0.26429243900664817,0.38457981318980244,0.5736419751954275,0.33548867364696183,0.37810845531448767,0.420417199149408,0.4415713476884205,0.44284603890647556,0.4690203478162215,0.5652898434509854,0.5305559518580961,0.5625510827465328,0.36107767176820477,0.31855204925961866,0.3660579810399772,0.34123481848250026,0.6011341103867645,0.5948235441887988,0.3906157034205507,0.47321411889357384,0.48989400318899756,0.5427930561004564,0.3612792391753726,0.6436247233572884,0.6105128806706892,0.707084479658649,0.6307343306613019,0.5124314659020152,0.39636560556573774,0.45050635270554906,0.4491102745032322,0.40848227803016235,0.5257712459316466,0.33288255557998736,0.6226105640801622,0.5424358766307917,0.5872079231187438,0.5286588447687693,0.3660579810399772,0.41299808354067974,0.4422013090086226,0.3571139102683632,0.48441706488792563,0.46352423885069916,0.4106258535423806,0.3739556022311893,0.5605944221972733,0.7211896531102538,0.6246728863428156,0.5950336598600172,0.6856924756785023,0.5782969517832848,0.5199554217882647,0.6170128972032102,0.3943167564082025,0.6386351366206798,0.3465906013705616,0.3642669550882064
ig_lora,OPALIN,0.5707000158673244,0.3247145883779199,0.32429161248926774,0.5117090183559561,0.5721510139643988,0.5770709441870066,0.7047167241321182,0.49487901596653117,0.477444943541046,0.3911452299411346,0.3118458028631,0.4122563946207675,0.5787922330600296,0.3361461757630086,0.4427598091648559,0.45746925148960016,0.7674721712882537,0.32003987561462643,0.6785974283733416,0.58659531236013,0.47840270960549286,0.41952734896587307,0.24669236158960609,0.3250213009200573,0.7879849240155684,0.6223934695606012,0.0,0.360974819297187,0.7329317174253962,0.7465713528035233,0.6453168292019037,0.37209457634690507,0.47518800390269184,0.8274578235439795,0.7465408259439031,0.5286580865411953,0.490059742867661,0.5035959544192967,0.38501481739832866,0.5435203727388549,0.603972630557662,0.6169647900408403,0.33705431467917624,0.3006005706654064,0.21459392060969681,0.36840249799855135,0.6110370521483371,0.8346789072340346,0.0,0.40091085904443113,0.6103582979015717,0.5750082629335972,0.6037650082027238,0.45825223189712616,0.5977743040309847,0.5820335667282832,0.3678096083670679,0.8372408956336461,0.8047419388415804,0.7232607529187465,0.3088620831470513,0.40344226699788194,0.4885426765827613,0.6167157603768737,0.6118018598688849,0.5442952907214708,0.5628118610835747,0.5798525089352626,0.34595182815407965,0.7296176449843602,0.8455290680935238,0.6395448654839183,0.8056010961797231,0.2461892025909426,0.49266533510344374,0.360974819297187,0.6965284865727264,0.37752294685248994,0.5653238448371127,0.5689548870853561,0.3199728809043063,0.2922403912383537,0.5326341363410875,0.6193156335060434,0.5600074624094289,0.6002505230154447,0.4542703083686042,0.3012152810680016,0.6683934326075087,0.4864235667052137,0.35537338311753675,0.8045457660772597,0.2899306467974015,0.44934062185627766,0.3775115251346608,0.3111665304137589,0.6833567344320931,0.39972101286075534,0.3688903096385483,0.5851046458109885,0.57510643815776,0.5089318075193628,0.5860591413647991,0.5257621065568517,0.40789245168427435,0.41661796386137046,0.0,0.821961900098191,0.7129601261599857,0.5161718787168799,0.35829438781035083,0.4212211695489197,0.6668521109092049,0.7402945784901513,0.4706155501779431,0.6804659252393522,0.4013716766606381,0.4805226708725826,0.36306049780913563,0.48378769546075856,0.516657388283462,0.360974819297187,0.3110225624992003,0.7384248438119557,0.5924646813208354,0.4264881717063218,0.21021271042951775,0.3130292738529744,0.720214399854785,0.24363734599621503,0.6088861781925998,0.7248811620659219,0.7976576690425541,0.28314501990638036,0.5315931217863216,0.5046298758906012,0.3440188169974425,0.6978423998531578,0.7118129424018316,0.7843614747096085,0.821961900098191,0.29092276830659203,0.48427919438448275,0.46565207821418203,0.5764351370532492,0.4574404959907011,0.4658881587119026,0.44291467586940164,0.7981565656096495,0.44521230504873116,0.7304227731513707,0.4507872582665307,0.4842961274049154,0.6368899088558427,0.6311516835148879,0.6960279022609562,0.4871747302875513,0.715953415677899,0.5663413129481393,0.7926175929163967,0.5814478067755864,0.3489655127725147,0.39883554902420687,0.5087848624238414,0.821961900098191,0.5635398196208559,0.4916548719619916,0.6002505230154447,0.32693250103898935,0.3175216402487863,0.7182233141028544,0.3118458028631,0.5888765894581447,0.4267225751417625,0.4694166553631767,0.3320381351593664,0.6131788073396792,0.4100867725391247,0.7005845949905041,0.44164980628876827,0.34317065544312036,0.43759550721491447,0.24669236158960609,0.2846989621985662
ig_lora,PPP1R3C,0.1946277368412117,0.9413571257971921,0.204360365710052,0.6007752787907658,0.5048524968056615,0.3616071932557295,0.7909081331402074,0.2583771273630266,0.6536260661550839,0.524865247479841,0.2433504874700166,0.36437422885041315,0.6758158071127223,0.5151105721836026,0.23078614910337522,0.22125322671988956,0.19273273586059633,0.5853563558214729,0.19686429330281396,0.5879865963324061,0.5369401155307931,0.4710462630651872,0.2464948259357042,0.28049944722117526,0.19664574973347443,0.29694761230068345,0.0,0.20652634288288152,0.5109230564705443,0.19663776427715549,0.2072050554686126,0.20147071534748812,0.27347003479031506,0.22539298372817482,0.39210086274182043,0.33638467778891606,0.26425204828870374,0.29093875426590127,0.7502772648661675,0.4072258925103546,0.5053542023889875,0.4709471094272013,0.24373771587679632,0.36531940511448757,0.9602681824806879,0.45940322025664637,0.28949369809991315,0.20083305098442994,0.0,0.4876632607880758,0.2684549628727645,0.24444302332276566,0.5229303398924333,0.7483743070147802,0.6613480128398641,0.2382334893480586,0.6659747007387125,0.26260925721060324,0.220883126547949,0.18666021891690204,0.5515586458657824,0.40765168944371666,0.6028707270445083,0.19514514700455562,0.19568541249659346,0.18358863565834418,0.18471511711975158,0.19140037298749074,0.8951346058516079,0.7212857688745479,0.2000359126246441,0.18897727183402405,0.4282742597019593,0.586936246977197,0.38131318689213667,0.20652634288288152,0.23438217870335273,0.19875578757468873,0.4137598942882627,0.7002217439899419,0.34497773593798514,0.23244713350583557,0.6314691804507385,0.36534743432462063,0.2466795311150475,0.20652634288288152,0.37514572377594513,0.5244886729092507,0.31776112526397393,0.44748333593782946,0.590238065906399,0.2031739728682076,0.23954012606428565,0.284079173396943,0.20885694536177682,0.2824809158617405,0.23509057395624738,0.5336790872678666,0.6315228841279794,0.6467502449464841,0.34138640685010174,0.7883379772875847,0.6126207470849024,0.7872320771943132,0.39805771303730264,0.7899935899248199,0.0,0.2036402698632641,0.31771582496271655,0.6291690718340331,0.8685765273589144,0.45187845696663903,0.6121612503993641,0.2883720910482677,0.2697389681614626,0.6028394406945137,0.202555304577001,0.68503294493051,0.2319345504189065,0.2938532183221454,0.6442339000565265,0.20652634288288152,0.8236777097364618,0.29060534100649715,0.47941798073292363,0.4707931961754653,0.24675813851464962,0.21333401069332866,0.4973072645099386,0.17594511558571474,0.17748292658849962,0.3735090745351855,0.19953044712291002,0.29825127008814095,0.3054685706339392,0.6907861150522163,0.5598674739935898,0.3428748868179244,0.20392861238840368,0.1975595525249859,0.20532074622664803,0.20381508626921507,0.46266012095486575,0.6578166051808074,0.20812730766083035,0.24413912528541526,0.2997744600700297,0.38189375044565416,0.19916245457078394,0.7066572541114788,0.397208473666395,0.749764748491298,0.7148074115179046,0.47455841673182925,0.22893915589674702,0.2883331623311674,0.28127731027024466,0.21154754984115276,0.3363465239745053,0.1957500078202973,0.6036319820631639,0.40339499840371573,0.6112769260386322,0.2814446867330623,0.20532074622664803,0.245452452649899,0.2398503535546162,0.20652634288288152,0.7587089993356627,0.6780163481219864,0.24003879984816504,0.2433504874700166,0.6485084896271381,0.8102169040730509,0.5401994474122971,0.5314622589367779,0.2589392423219556,0.207201171940411,0.2584047846177151,0.49971379706858243,0.24719699281289198,0.49616777944482565,0.2464948259357042,0.24675813851464962
ig_lora,F13A1,0.7836065143995085,0.44241574916427256,0.8195146772524037,0.4247405914924993,0.3898691499346844,0.5861955271648394,0.5936049114858662,0.3293807701704552,0.5292176485826758,0.43346488108055253,0.18211569824959362,0.30109871147305783,0.4527206043636331,0.41674530289932865,0.7643417905232993,0.4031400204370061,0.5567450928996728,0.42408208889608906,0.3969614001649248,0.4913527559357203,0.4200856132458899,0.4295716192287876,0.1720279860071403,0.35540337767127006,0.4246276245368286,0.43221861905115405,0.0,0.7149677069926564,0.5608829574442662,0.38805071305915023,0.6002143184147083,0.7758243225196767,0.34598013312222053,0.3897386367566207,0.3965525565887476,0.6751245290387229,0.36267262655355337,0.35503789395638247,0.5372435507603406,0.44906309633603786,0.45179874577196355,0.3743761988862645,0.18620411075076843,0.5271596925558052,0.2636092545656772,0.36324981075801793,0.41529993891829164,0.4102736993475681,0.0,0.4430689386364481,0.9222552502630451,0.9776367397869109,0.5467742323550204,0.5060690016348127,0.5026215526282785,0.41698828110603975,0.46929587072584744,0.3960809874849508,0.38464747090489254,0.33637799017012426,0.27468016033821546,0.3720658080471564,0.4510394739849676,0.29580592313924475,0.2991009731919497,0.2752632155361002,0.2835320125828287,0.28824431744481366,0.5219196128506528,0.4925359135807774,0.4123894412546672,0.37965065828710665,0.6747632852628542,0.29146285738015815,0.4280088244756987,0.7149677069926564,0.36484678046808033,0.753973522308899,0.8744479070877623,0.5380492504804167,0.3333708321818246,0.2457741657582465,0.4590468868752189,0.4131987575063959,0.42166136163129075,0.444118356364114,0.3739947506808443,0.30046898447662385,0.4149300300126879,0.5118735311868903,0.3989965898715845,0.6222151267537197,0.18639177610412658,0.35606308619500443,0.8524449260633311,0.25448751512577167,0.42515676073212844,0.512021502139149,0.41589843268135285,0.3452774690637296,0.39894549751813463,0.5475182594119706,0.5114726270569643,0.4686707297974426,0.39034995189764005,0.48979022983981024,0.0,0.43000105088198026,0.430051379613966,0.5300713015361325,0.4718304647308816,0.3823295261429693,0.3390168302347804,0.39140379822432675,0.37693103591240007,0.4052320688838573,0.732696959352132,0.4727412652379083,0.20762690672193948,0.26804348507343334,0.46899251557906196,0.7149677069926564,0.4447788406222764,0.40583230003177806,0.4296272735348993,0.417393214115075,0.17423212048709052,0.2307048670986996,0.4521374251148279,0.22378156122878237,0.31944628515143153,0.4231946378796544,0.4290954241793147,0.37976106483693867,0.38056348664149603,0.5096316906040668,0.4181722762108954,0.4746195061211271,0.35048219370956407,0.39425498362032846,0.44436198252615283,0.22802467020907918,0.5542868652020441,0.4662556156001685,0.322274892039939,0.35581869969330776,0.45662168835317346,0.4045242280709862,0.4231349999007943,0.46171670232230105,0.431709215450796,0.4686688012494613,0.5474312124229871,0.43359679641618526,0.38086844267797293,0.4182451400270072,0.3512044635449939,0.42062674546006984,0.40576157386159534,0.4085475867063963,0.45980427523783024,0.4279245188740847,0.4335579201904346,0.41197963659297626,0.44436198252615283,0.37589369511317305,0.3595599358037605,0.444118356364114,0.3083090006610878,0.400967437704711,0.37229488519806625,0.18211569824959362,0.4862503011685407,0.520337124632733,0.413921496435786,0.5363884320800164,0.6640964454884514,0.7556866059937055,0.36543712978493165,0.3883013743303414,0.18641964222220891,0.4312387144744856,0.1720279860071403,0.17735822904975831
ig_lora,NR4A3,0.2820770838114538,0.19982626603395184,0.14771917162857268,0.6001324530863037,0.3060535039752761,0.37498118217283877,0.22142412855482707,0.7766213939740256,0.603137874144179,0.7514758853659322,0.7250994778382097,0.5356367058411637,0.43104936351657486,0.3547278928348992,0.3489996914681192,0.3696342094766254,0.19929463594330668,0.19199833354704737,0.16412068545672875,0.5499413482214457,0.5094396787097009,0.5800780690127351,0.6081211829467694,0.8483283202066884,0.26646095259209224,0.3845689785895755,0.0,0.15594121055125632,0.2122862361359381,0.1463422400151513,0.3061627338204304,0.29846744402052194,0.5572772770112338,0.2449884439718048,0.32499019005812824,0.3430360206837134,0.3640469184584325,0.41852102928153,0.6088304221589828,0.5026981817201421,0.4928251653570264,0.17763632027614829,0.7412700967889032,0.314393953447912,0.17425461983691937,0.6331620461143016,0.39791644156171946,0.14638427461918907,0.0,0.6592928712824259,0.32662471521632463,0.25803761973310824,0.21839000267801068,0.28054350186242455,0.4234720760957919,0.40476754748934207,0.6123973303180875,0.282428169887071,0.2408116067511951,0.12620412080913426,0.7858728465599445,0.7712366425793444,0.30418953121027575,0.25058461391701625,0.253412444713267,0.23778183702396372,0.2374402725841192,0.25254148071543026,0.21326415263320536,0.19860639275158157,0.14872350556667813,0.16130221792586108,0.20034831865126704,0.6655875463119638,0.2961584204416961,0.15594121055125632,0.26084221575416683,0.2826959084040548,0.26123502193992976,0.5507089807454423,0.6611515631467096,0.6527696493111411,0.5835214520710058,0.3325309605932456,0.31022849521482937,0.15594121055125632,0.36469258668364635,0.6676284627300735,0.4381550366411613,0.3695798209593474,0.501126601384187,0.15943988181677396,0.6340881215866119,0.418278844954702,0.27942385875073883,0.45337877346546457,0.39293091026540455,0.5194253772887715,0.5605508125753088,0.6183677072827177,0.48252129938555477,0.21784378237434962,0.4475271535006661,0.3300043646303318,0.8310829055167487,0.45939683924943137,0.0,0.15418764681909425,0.44195570309889354,0.7083717745759842,0.2025457488450428,0.5340626299968101,0.6853496174926782,0.4258588811107162,0.5281635955733991,0.39737299985372304,0.2309963538454928,0.5224221071038645,0.8501029245621495,0.8533302002567619,0.5086997014206346,0.15594121055125632,0.5444329015147302,0.37192205280773083,0.524015233518983,0.8168162932164136,0.3641499379362834,0.8376028968995884,0.5261793853036856,0.8204886418208172,0.2604078523875069,0.1890964835638718,0.21762053370402024,0.753339529965424,0.4122100761778812,0.2587430889099557,0.18837005450202346,0.32785624867722996,0.2557113549652559,0.20351988788595804,0.16171154564867257,0.7811730094900908,0.36324980161210657,0.4806374956597148,0.4161458237865319,0.3250230625321923,0.36878695013894863,0.7922846334308287,0.21244266212454335,0.6812734986385861,0.341068702597508,0.7085134155002172,0.5601534694380736,0.487957631960587,0.25496343382987174,0.3334678339702594,0.3007954549180573,0.2671545954665921,0.3016781245738813,0.21008023829638262,0.41752607827412264,0.47897654464069495,0.6828736589117954,0.3405118111739287,0.16171154564867257,0.29938525318064874,0.35457311531925767,0.15594121055125632,0.77349929636199,0.33078585426579504,0.27621047653505443,0.7250994778382097,0.28118343803973816,0.5032075196909538,0.403846234718615,0.28523548295370726,0.41026670430015094,0.17470954080113105,0.36514724115527647,0.6743037115119613,0.6815984611442502,0.6941744117014012,0.6081211829467694,0.6361125270220002
ig_lora,COL27A1,0.6903136904218911,0.27080326949037115,0.6937600608901464,0.4982952466597694,0.3170309783614024,0.49409687161517146,0.38348582384646784,0.3728441277832212,0.386352981861363,0.35935176413373215,0.2480051020412013,0.38834275282300174,0.3905801775175782,0.27634392076268677,0.8646583716773303,0.42873121896173527,0.4776245227541409,0.27462718624837934,0.3492581718703396,0.41488379867705044,0.3624752286197464,0.3403951574201282,0.22640235588561206,0.37994031041336623,0.4110539178897028,0.47601701842392735,0.0,0.6011589937365567,0.3854400391348191,0.33391182603910763,0.7368384920945618,0.9810168872466519,0.3665857439668218,0.3921603145317192,0.33918521203828444,0.6612390497130972,0.4299109087660246,0.4267037440267169,0.3332447991246088,0.45779018788072645,0.3726155853769147,0.3305584085788889,0.25668334322111575,0.4131895791229488,0.1978068248137314,0.3311521664678888,0.4730844663044104,0.3470764136168237,0.0,0.32372047673825954,0.9037764658308021,0.9609594730187035,0.4124825897633105,0.28617950005584386,0.3886738377247182,0.4624834323445435,0.35205613539365355,0.3957067977953158,0.37776491879399293,0.27519901805074454,0.3034776291996088,0.3320848966312143,0.3187391959876124,0.3241698611354191,0.3278860441772998,0.29929333595420166,0.3075812771242784,0.3157935440701564,0.2810893201477366,0.34623079970102344,0.3525635940011699,0.3250350393156408,0.5391292668893045,0.27954577924542207,0.3919893232053,0.6011589937365567,0.3778448448713847,0.6663114225496001,0.6903304939654242,0.4286381145655773,0.28543558512134015,0.2709922288037394,0.3226934849635901,0.40273973786697176,0.4287409901760689,0.37330216168592323,0.36369920747340007,0.3222855399585424,0.4584770207606723,0.39722030959230586,0.46322623189207063,0.5266701471072688,0.2601873209348437,0.370700991064363,0.7661022210171812,0.30429710032724233,0.63420481136645,0.3543797246385979,0.3040996847949014,0.320183497437391,0.4133603723431013,0.3612091849987958,0.3965056007027877,0.299315667007862,0.3467169369764961,0.3258504105695389,0.0,0.36548473278112925,0.46536717368397545,0.414318976675468,0.30368472451549605,0.3071924078917451,0.34441995382384955,0.35628219201909456,0.40415245948961126,0.3696376445776679,0.655967483390674,0.347542938355532,0.2858121121670862,0.3385501804060808,0.3839118239348937,0.6011589937365567,0.3330326613051334,0.41352644809405337,0.4020122519338018,0.358205087731417,0.1796298703658845,0.29830246657389103,0.402237975343994,0.32916144021138527,0.3378306695894494,0.3528151880068574,0.3837120986870063,0.33914011165387836,0.397794606381684,0.32576937772289,0.27731957839301835,0.42176572647022664,0.35746855805050276,0.36404671855701964,0.3814413234968766,0.2841896645649291,0.419001628045513,0.3343883289450375,0.34962819073910073,0.39671404876393507,0.4284618166045503,0.4403046077424527,0.3801255255137394,0.3899483064055422,0.41324782809227084,0.35063612752158085,0.37883111225135035,0.37698465617882093,0.3478273780592206,0.4155836899055377,0.344371506645993,0.4158903587301414,0.37102483008282394,0.38168398477353743,0.40917148337608344,0.34820212321980987,0.3513139197333081,0.42408202826565433,0.3814413234968766,0.3602231993800749,0.40514207308827094,0.37330216168592323,0.2973685575283855,0.2505076360700754,0.37176028592940347,0.2480051020412013,0.3407997776601196,0.34896934434390964,0.38888827243560115,0.32084485309007,0.7525272159578895,0.6641338894623635,0.4020790899046929,0.3424159404697624,0.25748391064793946,0.33961708437005605,0.22640235588561206,0.23805793892148486
ig_lora,COL21A1,0.5868457329824704,0.5709866696080749,0.5821128836444098,0.5820711382266106,0.4754662861894351,0.5937614740110775,0.6215757265910118,0.37067121450670215,0.6208711069920114,0.5438594824543386,0.26985528741716225,0.4232911003027073,0.5554676661860842,0.44183569230387554,0.7141268437443437,0.3702789191072606,0.38488691124458957,0.44961778275793646,0.29836469159723744,0.5431191545197724,0.48970904934337084,0.4746620336636675,0.25472073246093974,0.44398841609819434,0.3672859039228092,0.4362484379691868,0.0,0.4328702555559248,0.5202006534572586,0.285992739317207,0.6718810357307323,0.8511771268457664,0.34814320658296505,0.35925342801183324,0.4341271668035206,0.657943109621139,0.40420887341779876,0.4076692697413971,0.6599525321119507,0.5113232415548618,0.5262985455851676,0.3917153874141282,0.276666544419182,0.4234645768335929,0.43772345914951344,0.47835749040107967,0.4394247534814475,0.28877611155954047,0.0,0.5030291815523746,0.8985371225059414,0.9571515458578354,0.49998958276996175,0.7637606823181227,0.6025243619421788,0.40916582082737646,0.6457257653230875,0.3682296880779407,0.34570482025867916,0.24195071805574686,0.41770462330954855,0.44271695542179923,0.5658685427389165,0.31618651799744435,0.3197213397543634,0.293313565723463,0.3013866911547694,0.3081820113913462,0.6455976835892792,0.5572443266218806,0.2964144710933681,0.2758590562072833,0.5465411454845666,0.4422202949730476,0.4431643630124157,0.4328702555559248,0.3587589159524112,0.5226976886915338,0.7257169697443311,0.6355541070821706,0.3581084940668968,0.2882598792693319,0.5500040090063656,0.4208318655933212,0.37691509917759847,0.3023711706114151,0.4755418721077486,0.43371430111036796,0.420233657494041,0.5374193945101584,0.5895337839315185,0.4014432082380167,0.27469057996371016,0.34623803588488045,0.6594097268949013,0.31765435045857693,0.5915900054157507,0.5464068514083421,0.5134687549961668,0.4970749166879409,0.38460436702810735,0.6288858350101193,0.6067404592531881,0.6837557568113241,0.46522286627625553,0.7357530048901241,0.0,0.3024285837045513,0.4281431044765118,0.6493405615433956,0.5807692994824156,0.4389483948121891,0.48985172354589157,0.4090445763570871,0.37116546148739804,0.4918277879483373,0.5132941076379646,0.5694496887431846,0.3009128153471889,0.36367901780568584,0.5709389318213012,0.4328702555559248,0.6085501362965045,0.3862407765085643,0.5258260769166756,0.4964178445997948,0.21278181987028835,0.3067796822249171,0.5139610253666591,0.33802244121715463,0.3199916229723349,0.3831878503467675,0.3245246080248105,0.41738532900606945,0.3717605271045261,0.6970283228700025,0.4422893204137513,0.47583863944141397,0.32538539978361436,0.31147572991860484,0.3167895153487239,0.2907647825363998,0.6131131070753734,0.5776386349702105,0.33859652915427774,0.3715116683926335,0.3926276691235701,0.5282184366257567,0.3214707724684313,0.5985685318116601,0.4456154239375381,0.5982261242771147,0.6556252481577008,0.4768948052045543,0.32703287084893373,0.37917990510192917,0.37171008673827793,0.3650679491595433,0.38836510294516285,0.3336617041928123,0.5206006806077577,0.4317279896697846,0.5677396575141546,0.4295976077441078,0.3167895153487239,0.33489661077877503,0.36821311635313464,0.3023711706114151,0.5131770187551201,0.5715903856969123,0.35267469488625786,0.26985528741716225,0.6083184809592289,0.7092659641297242,0.49128201602520943,0.5601691272095997,0.7034958489646728,0.5138887904765069,0.38540949222163723,0.47147333284338533,0.27844637526073523,0.5052222648678648,0.25472073246093974,0.2635080075719751
ig_lora,ADGRG6,0.5778203944615216,0.42011245596562163,0.3610653266740682,0.4969080966682901,0.5823796272877432,0.6109559163795025,0.883705337616788,0.29834765998145285,0.5832721776662385,0.40925592031805547,0.1915156345701826,0.26350651364769284,0.5393780800424023,0.39471780718072613,0.45479448222832186,0.5160134981827346,0.796870208469862,0.3946639694687343,0.7064561555765836,0.7163969638539979,0.4078780911667197,0.3902937840421379,0.1812805417730441,0.2966605561903652,0.8667840330247475,0.7975621277594442,0.0,0.39041792594552904,0.8742280114254358,0.7616713094902373,0.653094169718453,0.3743776837638267,0.45390173484968305,0.8058513428464563,0.6979493558762182,0.5342946728086535,0.7708669515908562,0.7852558362927499,0.4801468686423359,0.7379839296399391,0.6407622533300554,0.6169883669425386,0.1957632304704094,0.3236598007825881,0.24487722627923275,0.33924061928195476,0.7838174964033104,0.8506625358053148,0.0,0.43495433010525425,0.6278854026792084,0.579451949532778,0.7088485544239432,0.6118693630819492,0.562813586957462,0.5759907254870733,0.47753039360739746,0.8345141113354229,0.8204376640646578,0.6840656366303147,0.2371066429124686,0.34837191575973836,0.579670357451927,0.6899910723691526,0.6862104756907276,0.6238472239335423,0.6442518392005747,0.65391261884595,0.516002557844689,0.8334720436479481,0.7565598036255247,0.6731605890009466,0.8979051734556226,0.24195583861851985,0.5141020986580134,0.39041792594552904,0.7233003376584118,0.4019125226708773,0.6182822596968587,0.6296888589556815,0.277864250537546,0.1913503335039951,0.6157893595849138,0.6776859278387939,0.6123864892540504,0.6541751271178503,0.4612034556257393,0.252019713600449,0.6074341525207398,0.5608704496729588,0.2838910279669589,0.8249576600227669,0.19415103739177883,0.5074651873278054,0.3946991085899915,0.28336513669093705,0.5543364195169606,0.4960580156481663,0.3981435937440485,0.5790530245847559,0.5332684710675794,0.6578180816656721,0.6874905306829332,0.6272999988421378,0.3623080652040306,0.5520794811055066,0.0,0.8418779790879803,0.6246506235077767,0.5660087241553575,0.44025228788574,0.3635706183549578,0.5649078418950969,0.6026276512216766,0.5030318118230211,0.7128997444811012,0.41388752272573165,0.4559293252177785,0.20254950051740023,0.26309100244541556,0.5739883940331186,0.39041792594552904,0.41064238103384215,0.6831972281963332,0.5659215430406566,0.3888430346578405,0.17408546489787316,0.19700014446292138,0.6983483781412861,0.18875344787970352,0.6691315640417457,0.7746758824745524,0.8125987233367759,0.2926110657595068,0.5649900441574557,0.6490209408381935,0.38953340220832555,0.7309337352543043,0.74563819805684,0.8047354348921397,0.8418779790879803,0.20294723297040623,0.580363751368798,0.45242024016269594,0.6262361445262244,0.7139862580611234,0.6535879045015233,0.47120215619823874,0.846194077696201,0.432195786890988,0.784762362199384,0.455858011049054,0.6268129609146299,0.6643794073435172,0.6545195506599959,0.6915845551334947,0.46228777737475424,0.7209935538029356,0.5705348480291459,0.8095046511220855,0.5510174417889903,0.3847437457829422,0.4167872956269553,0.5602533098724588,0.8418779790879803,0.6072482820723655,0.4963912102546428,0.6541751271178503,0.28901445515235213,0.39809774535843573,0.7355194982355415,0.1915156345701826,0.6758935051258068,0.5270223482023781,0.579590407949472,0.528829533560672,0.5829407173375183,0.42370892735897914,0.6567086474522469,0.3717238602349336,0.19657909806737708,0.42077320187291567,0.1812805417730441,0.18705999637312545
ig_lora,SV2C,0.5527334111949646,0.23425984554952864,0.2248902272544812,0.4525272056163177,0.5582423375548223,0.5776019344864666,0.5212108964978289,0.35037908560259634,0.40870634581762355,0.31465751014318294,0.22402291715528766,0.3060406993032744,0.5163502162294712,0.2435704235544225,0.3604143399691338,0.4375338971368443,0.7222622126936945,0.22469196402231553,0.5695268556079575,0.5883842588431198,0.3398027397560634,0.4289085578097799,0.19450455144642234,0.28565164604852106,0.6615888378588194,0.501812943792542,0.0,0.2370547828405742,0.532703265052322,0.6166580420665222,0.5915209120201181,0.3441222331523343,0.43014279323708804,0.7450275239543487,0.6274008886419477,0.5417292335229043,0.4284451787094663,0.44349916705825926,0.30570490729723254,0.4481314224758902,0.6120986682568879,0.5753036658683857,0.23606372443606644,0.2634606136340226,0.16703694586954043,0.30728265775931896,0.4937801601092455,0.5674675874970824,0.0,0.30099953462552653,0.5711341797334063,0.5438144100975882,0.4231734269138058,0.4672511145482544,0.5171746024965462,0.47176347995056334,0.35448246085292906,0.7951050555794342,0.7703731523647893,0.5377992624611982,0.2549469446399719,0.31021642312891856,0.5679159941119786,0.6453252043343207,0.6414700435118676,0.6066482417674276,0.6172807932438145,0.6210382067115966,0.24989755520415596,0.5684825076572975,0.595671597060292,0.5654421752232461,0.6035840859668956,0.21620904128906857,0.5641072255161559,0.2370547828405742,0.6116969068775749,0.3738731657388939,0.5226706626908222,0.44556818787422436,0.27694423817235764,0.24923836788166054,0.45339103876744924,0.6801005208912811,0.5867988137126611,0.3989297569027627,0.5349511921255399,0.2500767320952399,0.4992176364321974,0.4608422083571835,0.2987670267600924,0.5692106668625991,0.21733803588962566,0.41802692593812407,0.40456926740049537,0.27819499839488065,0.5352964293610646,0.34745271946085116,0.29497293105710237,0.5187066622761319,0.47604781105224814,0.4321436789376836,0.5682434869553801,0.48738408384216875,0.31673364926342745,0.39341636392641227,0.0,0.5514478685154928,0.520838992425721,0.4347307074460031,0.331925793301869,0.2806431206954664,0.5140509010645599,0.5841226573425241,0.5478576558237639,0.5919790413807934,0.3123418645624258,0.34509812072857504,0.25342186449221793,0.3152987797200338,0.4750226541368191,0.2370547828405742,0.2544309686028104,0.6741472277552462,0.5341734771828837,0.310618878818839,0.15523185701168857,0.23676227740742425,0.627180154420301,0.2092372412690986,0.64010475042656,0.567113186107736,0.5795223938112867,0.2533857164088164,0.47430170676754435,0.5579763045831423,0.28333506589083446,0.5992482606959366,0.6330343565911414,0.5850240365539409,0.5514478685154928,0.2460648768877675,0.5853738874116519,0.35607043213439904,0.595971644587444,0.4835213273802671,0.4213149893006528,0.44561858344422856,0.7081130037834152,0.3356227422478986,0.6752517417437416,0.3266091729812074,0.41430562838716256,0.581071978965353,1.0,0.8102744219674625,0.643156779991205,0.7430302828437739,0.7629199555471478,0.606318713127539,0.5589119074913671,0.2899800868827015,0.32703238984770394,0.5780121227915966,0.5514478685154928,0.8719981878140436,0.54572225848026,0.3989297569027627,0.2508190801664128,0.2825501371806221,0.740245499858974,0.22402291715528766,0.7140926530096162,0.3324912837840832,0.5167194350460481,0.2993708165955032,0.584047544238115,0.2748879062247515,0.6793237545883177,0.31273311560531253,0.23524465917649695,0.31441947251588714,0.19450455144642234,0.2091709902292492
ig_lora,GADD45G,0.30801320107037383,0.5853770184427471,0.24450549044316455,0.5306043054233659,0.42136175563663986,0.4872667376019321,0.6197534367263158,0.6037218623959874,0.741836263362067,0.7446528607481853,0.7839928454445175,0.5695010518700607,0.5556741182542662,0.6248220977896242,0.37564475001488284,0.3320545993737659,0.3034411003011635,0.5816984918710083,0.2355895091423606,0.5724691934573173,0.7922861524101608,0.7993183060059007,0.790849245935504,0.5642385679972389,0.33381345787641886,0.4626849913157055,0.0,0.25552883711460617,0.5638045418017126,0.25689492514773327,0.2996219201651537,0.2853447548428083,0.5424077733004636,0.33864961734545784,0.48643964346264523,0.3694343258227047,0.40845907761613687,0.4514321592925356,0.7994363414414435,0.54815849538412,0.5992881845322123,0.29588014347962965,0.803629859495016,0.37766983679958344,0.39965527044668897,0.6141632954878443,0.46236308528363457,0.2635062901404023,0.0,0.8547327880739168,0.4229770247979071,0.3624618407114057,0.5128985691057906,0.5418665537260469,0.6267671923814343,0.41211569440885143,0.6755649635655544,0.367009023943792,0.3233808284189335,0.23127063922650237,0.5908940766342229,0.7629429853142043,0.486842302202046,0.29854962236317517,0.2991837968037467,0.274356604513137,0.27456990404596654,0.2941759032123467,0.6820496174945044,0.46968105147247113,0.26729295862576397,0.24859282861687035,0.42890629252744955,0.5140244064110017,0.42615372328472545,0.25552883711460617,0.32154167053713795,0.3076605912365104,0.41259946210506837,0.8060428067111457,0.5252285366965446,0.445000231973483,0.6373966348454875,0.4014719313939961,0.35745025016723136,0.25552883711460617,0.4195564386536875,0.5427676594346567,0.5271461016957562,0.48492059072241095,0.46840981859029124,0.28094410742415715,0.748702594111604,0.4053027303009959,0.30123421429098457,0.4176601925187106,0.39538959259374207,0.886479856641349,0.6634694750076133,0.5824638355139058,0.5442083014614718,0.5279219493696696,0.5129013803131416,0.5937232670827453,0.7677428981747605,0.6115865792789886,0.0,0.2647582652224112,0.5326527158471694,0.7911576112221155,0.5401934572920614,0.7190887408718436,0.6500825342252253,0.49390534220079774,0.39225504997103466,0.5069305120184279,0.32162340668632144,0.8229589818118461,0.7931907272832474,0.775003953254745,0.6833120566345475,0.25552883711460617,0.565437410759151,0.45143610569153686,0.546560447132986,0.9153510620102374,0.4129268144923014,0.6603808875657492,0.5970498034294932,0.5000336845172034,0.28899718878140557,0.32320172285131893,0.31317516696410175,0.4987637990467284,0.4607703580685752,0.516191174686253,0.5460639062866104,0.46898820280494546,0.3219187169734872,0.2542875247327756,0.269827209055743,0.506384949078785,0.5560781309734946,0.7295824088575403,0.33307944934524025,0.35286865402324324,0.3824131499509422,0.5599239389686467,0.28812206162687165,0.8417278631545058,0.44754144261260653,0.8891501035157884,0.7130681253301961,0.5211282680785998,0.30654185162275527,0.3954455396644335,0.3708942634126154,0.33583548720783346,0.37906069452604507,0.2615137307150558,0.549064906759341,0.6071722111298176,0.7290763497106855,0.3854172426745085,0.269827209055743,0.3251277479440764,0.38179806855396414,0.25552883711460617,0.739110546829967,0.48291501851162416,0.3449026355788704,0.7839928454445175,0.5010254865285318,0.8692512446167222,0.5000988349883242,0.6395003862410468,0.39014970183950787,0.28193881317069974,0.41961115519485115,0.9826470958448134,0.8535944721548528,0.9535989155264432,0.790849245935504,0.816993090193566
