method,gene,A1BG,ACMSD,ADAMTS20,ALAS1,ANK2,ANXA1,ARHGAP27,ASH1L,BAG3,BAP1,BARX1,BCKDK,BICD1,BIN3,BMP4,BORCS7,BST1,CA8,CACNA1B,CAMK2D,CARS2,CCDC62,CCDC82,CCNT2,CD38,CERS6,CFAP20DC,CLEC19A,CNKSR3,CNNM2,COL13A1,COL5A2,COQ7,CRHR1,CTNND1,CTSB,CYP17A1,CYP1B1,DCUN1D1,DDRGK1,DGKQ,DLG2,DMRT2,DNAH1,DPH6,DYRK1A,ELOVL7,FAM171A1,FAM200B,FAM47E,FGF10,FGF20,FNDC3B,FYN,GAK,GALC,GCH1,GPNMB,GPR65,GPRIN3,H2BC13,HASPIN,HIP1R,HLA-DQA1,HLA-DQB1,HLA-DRA,HLA-DRB1,HLA-DRB5,HSD17B1,HYCC1,IGSF11,IGSF9B,IL1R2,INO80C,INPP5F,ISM1,ITGA8,ITIH3,ITIH4,ITPKB,KANSL1,KAT8,KLHL7,LAMP3,LDLRAD4,LRRC37A3,LRRK2,LSM7,MANEA,MAPT,MCCC1,MDGA2,MED12L,MICU3,MMRN1,MRPS30,MUC12,MYLK2,NAA11,NCKIPSD,NDUFAF2,NGEF,NISCH,NSF,NUCKS1,NUP42,OGFOD2,OR9Q1,PAQR3,PARP9,PDE10A,PDLIM2,PHF7,PKP2,PLEKHM1,PLEKHN1,PM20D1,PRAG1,PRDM15,PRDM2,PRICKLE1,PRSS53,PTPDC1,RAB25,RAB29,RAI1,REDIC1,RERE,RIT2,SATB1,SCARB2,SCN3A,SEMA5A,SETD1A,SFXN2,SH3GL2,SIPA1L2,SLC2A13,SLC39A8,SLC41A1,SLC45A3,SMARCA2,SNCA,SORBS3,SPPL2B,SPPL2C,SPTSSB,SREBF1,STAB1,STAP1,STBD1,STH,STK39,STX1B,SV2C,SYT10,SYT11,SYT17,SYT4,TAS1R2,TBC1D5,TEKT4,TIAL1,TLR9,TMC3,TMEM163,TMEM175,TMEM229B,TOX3,TPM1,TRPM2,TSHZ2,UNC13B,USP25,VPS13C,WDR41,WNT3,WNT9A,ZDHHC2,ZFP64,ZNF184,ZNF396,ZNF608,ZNF646
attention_zero_shot,SPOCD1,0.20047227229421058,0.26413579775750146,0.15619461293045056,0.47897061603327806,0.3208864245554817,0.3138259271354556,0.24212347515142582,0.6786011232628929,0.5013203814292267,0.6336771092008302,0.897715154948816,0.5484566852230814,0.4888405298870864,0.5609670375863467,0.2715983826954418,0.29035514751131297,0.18400172045917834,0.2679723607742645,0.13698870403553565,0.4066967965808859,0.635121882788037,0.6508765236705689,0.846069990209042,0.5073152549005926,0.21531944228853075,0.41206195992175854,0.0,0.15869225824226285,0.23036035135432648,0.14800174820540762,0.22031849378854476,0.18420365546437875,0.6076612450217016,0.2286007727416394,0.3121800042418517,0.2755436767337353,0.38411428409395165,0.44343238573580473,0.5102019793433606,0.45941515688528883,0.4665368248332271,0.1661716346954429,0.9070137772261965,0.35722120565387516,0.25070782719883095,0.5506468747505908,0.42365135539414556,0.1525906009519708,0.0,0.7876464985934802,0.23107423793750062,0.16350333193864006,0.235188330014664,0.27395667985157435,0.44194205100729644,0.3625929723935837,0.4546200042716243,0.2713988118376022,0.22778360006553122,0.1470914701686596,0.6824753869342469,0.7808420149383886,0.3160898892948665,0.23832474510621354,0.2398339664656877,0.22281325385972625,0.2181374523782323,0.2420747370602306,0.2639882376414721,0.21205071837918613,0.15190143405248088,0.163226870695465,0.19776775073839184,0.48384236242084144,0.2998536469190501,0.15869225824226285,0.22764665832316958,0.21337710219787,0.21610951888877303,0.6486802877542127,0.5805394747485565,0.5544632880868581,0.4334837241202281,0.32193149052684306,0.3161473706345183,0.15869225824226285,0.3168860509419678,0.4996470394417348,0.5063189407240686,0.3437120056885032,0.4046279205029873,0.15477815761648228,0.7873571151030807,0.39832921603924953,0.21074798161726532,0.4772778907804915,0.35901926406580825,0.5763780271869484,0.47217585249580835,0.4786964029342253,0.5342279037503805,0.22654673622425925,0.3335300143928469,0.36032584146144625,0.7742725041297243,0.3929243897505148,0.0,0.15533634673260222,0.499479412248839,0.5882894425480286,0.24299322116491795,0.6480629152621163,0.583257451769407,0.34565312719717484,0.39533173748037886,0.45176524112399585,0.21120048783562387,0.5682434406605267,0.8343727679335972,0.7784546517532299,0.5169854853247645,0.15869225824226285,0.3163054861120578,0.3919849786891879,0.46105331513328135,0.7459133722110256,0.7306224828658235,0.7054721774654564,0.4295870838645799,0.5958313861818231,0.2247174053832571,0.17096055866050505,0.2084038949109067,0.48744700270403873,0.4415838916734065,0.2530928597226783,0.25199548475039896,0.2945867631149599,0.23648959965886526,0.14326104276125573,0.15701430248743253,0.5885421057001734,0.3396873211846585,0.5396554844398256,0.3235927823816089,0.32964734150441205,0.35191031113589866,0.5016563130012692,0.18362352313872488,0.6454176307720485,0.34429994269777325,0.6411075375967936,0.43926935479664664,0.4036771254184859,0.24261910324578367,0.34316286514231736,0.2944418079158261,0.240788760857582,0.29583451330629096,0.13793230678457866,0.4261709073098437,0.5374409549891699,0.5671142667721761,0.34150971798034063,0.15701430248743253,0.2944840216059615,0.36545215064060305,0.15869225824226285,0.6513341538860087,0.39987982420484297,0.2613388830374239,0.897715154948816,0.27182748151634617,0.544350650800751,0.47191417031523586,0.23893907592800132,0.3207735985827711,0.15869225824226285,0.37636058387531,0.8318522868646099,0.8922489931463294,0.7854045754540635,0.846069990209042,0.8653112414329118
attention_zero_shot,NOX4,0.4527741214609492,0.409067258841687,0.26060553344872817,0.6497446984862801,0.6460509758277175,0.695272746255476,0.6355901425357015,0.5743513579877563,0.6952841157814758,0.6358668397570431,0.3989104862267634,0.484104516209569,0.6819537806270736,0.451211542259254,0.40467906590822356,0.44117808802558284,0.5414022387159896,0.40005846824158475,0.48035509276862837,0.7419891751482954,0.5711709025551215,0.5672331116840535,0.37060688886482174,0.6672486996780833,0.5813871961877679,0.6458658939972083,0.0,0.2685085380032996,0.6264721900584488,0.4852300007276372,0.5695991952907553,0.3892566685791009,0.6175823902467289,0.6248585370152594,0.7821114755569797,0.6164722208848451,0.67622955428634,0.7418677976723526,0.6150908716018388,0.7850731977471997,0.7647493693800491,0.5697534064678103,0.4119776495696598,0.4305513560663619,0.32230907643606177,0.5776836486147227,0.673106979074346,0.47904674145937953,0.0,0.5844033286618654,0.6365478348205764,0.5557771509882293,0.5351897096078378,0.683807765499447,0.7353090164403933,0.49087119244635175,0.6050558562995311,0.6597964045978817,0.62346569723921,0.4014719688055295,0.5139900309304298,0.5938638681549997,0.6835688388854682,0.6775668196869116,0.6746356089567926,0.6326220422345251,0.6455564088710762,0.6533230050445841,0.4499419010516263,0.6343773709100644,0.4853131430599335,0.4509401285071853,0.6406953255016199,0.5163396930697248,0.540785182771833,0.2685085380032996,0.6613331304296194,0.3255410759505746,0.546530541441896,0.7167183540734364,0.543103868876676,0.4666277903823186,0.7841038464764932,0.692344076228712,0.4832119393723884,0.3717176274942416,0.5918498973376978,0.4952202194285558,0.5531251531533327,0.6399524338818918,0.5027295013627915,0.48382036798106515,0.39048158124116616,0.5557727936010939,0.35369757015070546,0.4461250409218136,0.5568133253601428,0.5907351081546066,0.5631716633184011,0.6823476129610516,0.6133586434313977,0.5440886746348007,0.6673936837778136,0.6446167877807614,0.6368324880398537,0.6308166750635695,0.0,0.4674700023806991,0.5693699659383088,0.7415706212973574,0.43843782979249757,0.5551608186833978,0.7145578015871482,0.7807394157696139,0.5400395201294742,0.7280568574522969,0.31749762751866123,0.6664420212720408,0.4605412403359888,0.5306236029244336,0.6715550602946075,0.2685085380032996,0.46946811167483654,0.6166849998286449,0.7362913930568773,0.6120289932317733,0.26491437102542503,0.4615833013458491,0.7779657257727473,0.44843965080462184,0.6211957164264654,0.6034022588026696,0.4995255628181206,0.5609451814471137,0.5728704792737304,0.6789184935045527,0.40901117949214355,0.7302535620830494,0.5832936467371186,0.5007283634624451,0.4674700023806991,0.4481602349383075,0.7087747512284229,0.6669598099405449,0.643868503558779,0.6241445331695898,0.6005880032545192,0.739093574053177,0.5134994045275681,0.6351919256844555,0.8210651564339019,0.6967849949818471,0.6788130538089362,0.7230472551692531,0.5850846220630572,0.5852497025479613,0.5651604938262756,0.5381371360095059,0.6700152770879426,0.5215387925461332,0.6179484075318312,0.5388523185897867,0.6088852016715817,0.6412455226803199,0.4674700023806991,0.5574921080345974,0.47577471713900454,0.3717176274942416,0.5290035037958184,0.4534370880418558,0.637937090741445,0.3989104862267634,0.6745845421607866,0.6309535316925218,0.6625408199001783,0.46916389139625053,0.5835937662713163,0.2894860638569689,0.6843505710846298,0.5822426319272138,0.412566429607167,0.5991824219664627,0.37060688886482174,0.3852439379609887
attention_zero_shot,LAMA4,0.6925615667324838,0.25408627833729647,0.8697070409466608,0.28043688962689045,0.26185229050376413,0.5826398667454172,0.34657948865008187,0.24261969997121624,0.30292040047273083,0.24299910523582863,0.17702265988035465,0.17687381324651733,0.2940487716382606,0.2532967147231705,0.64572967472297,0.3032098225487604,0.5534850422905542,0.25841488014630265,0.3281617464149291,0.3077655972268635,0.2714887473954666,0.2740339044051841,0.1686024848658368,0.1975589740985407,0.44103130319420336,0.3424159445873671,0.0,0.5998687526940193,0.3479431740122767,0.32648487070496796,0.641206807020619,0.759715623531377,0.257315862079192,0.34292219034602434,0.3426249136022725,0.7145952399425932,0.2754820382574027,0.2656715406474808,0.26108842666907156,0.2836975138931983,0.30920695236378976,0.3144153780730197,0.18125440712139998,0.40376405993309317,0.1865513552525576,0.22615620227747876,0.3213809010296933,0.3356690099816366,0.0,0.2673983133749915,0.8752571486568604,0.94738144896838,0.3642160138359817,0.24800019318061736,0.32378626533906557,0.3341758114702156,0.2484428581353463,0.34610919360098924,0.32350151591073434,0.27540267950453573,0.2730961730037598,0.24602229948064916,0.27508730190918235,0.2383464435531831,0.24087621372243148,0.2728587493925962,0.26885462149045997,0.2622190126151617,0.2637613319857156,0.31797558625572886,0.3405150504345211,0.3220051664756665,0.5315869633556825,0.16747489206268432,0.3078386666955632,0.5998687526940193,0.3178901477878041,0.6936957147367403,0.8751960742494777,0.3178696866043335,0.19962371177071722,0.143401740879566,0.24289044388753903,0.33914956389748063,0.3338608733437658,0.3540209032292572,0.261924903104302,0.19437718526298478,0.32111167213491076,0.3684977684039337,0.2006676243506476,0.5399528075400825,0.17313308164282323,0.269118352666332,0.813130338572893,0.17194924962670122,0.2890016026885433,0.30021987890312685,0.23708131303225866,0.23816690498618423,0.30290447358132266,0.3286162046666551,0.32075157480132976,0.23881536302532605,0.24740375380473603,0.25113824050690864,0.0,0.3495795465608676,0.33293317817102386,0.29992926462219205,0.2798123708462932,0.24677625749714968,0.23365760419866916,0.3084605443326963,0.29818170528798105,0.29085018249620265,0.7283207188471141,0.29616695766053636,0.18382189777824365,0.1994754461295012,0.31259272206078936,0.5998687526940193,0.23872224854162838,0.41026696840788435,0.30968309764607604,0.26770682311943883,0.15392090977611098,0.16919774381992866,0.3303996344769369,0.14911425198423767,0.31124661583071384,0.3188373027771801,0.45603145819712876,0.1879686423537459,0.3044953225410708,0.27487886573310794,0.26123824111850746,0.38038527255395244,0.31255354075128805,0.32024313043311886,0.36206731320797425,0.15708211292811164,0.3642134373730058,0.28725051754344944,0.25641939768701577,0.27366784861841,0.2910777869379898,0.23790018624377157,0.3427903722198256,0.27138103650156065,0.3070634475402454,0.2699113516616406,0.31253049066827054,0.31596694958781407,0.29732371055455176,0.3444156394900364,0.2850258707591877,0.34835893883706587,0.34704322271470844,0.33311712879949956,0.30350037378680106,0.3019888911495867,0.24562766585715973,0.3016320714465112,0.36206731320797425,0.2889437207661728,0.28893651208151216,0.3540209032292572,0.20350096964892148,0.20878877933970194,0.31731572930405466,0.17702265988035465,0.2943524154229859,0.272010186351077,0.32857541222447245,0.26489411959746256,0.7122341041327231,0.6498851586072669,0.2825272892087507,0.27546965988880606,0.18294797731795923,0.2763010459108636,0.1686024848658368,0.17383972814200846
attention_zero_shot,CH25H,0.42402107895809316,0.585822999921095,0.28145854974516316,0.6015942344666686,0.544025230132911,0.5090779504192227,0.6750802022678294,0.44457926904811684,0.6131105367136228,0.4771750269796964,0.4268599410536608,0.5074446815828535,0.7065381460740144,0.3918213213299824,0.5170021421247251,0.4221862496124088,0.5381147466358491,0.38080597680209877,0.4602412478782363,0.6072311997661736,0.5929696241711139,0.49958449674412103,0.37577794135978476,0.35040114620497426,0.6282786207335918,0.9456740126828657,0.0,0.33298458005130704,0.5950086088551038,0.45394353321184494,0.4613589777221679,0.39391092247069226,0.5277199459362625,0.5748788711425513,0.5141268082473184,0.44587418861265377,0.8996004683166557,0.9225286746923972,0.6380551613936449,0.8812531792832459,0.5796813292933111,0.4630097357828535,0.4506504437771115,0.3167697517677043,0.47735911703938755,0.44942953260635815,0.9592555095121492,0.5118349335295724,0.0,0.488550213474949,0.5862003346787208,0.5837186861521438,0.6206947367379628,0.82294974562596,0.6984310916580154,0.5642130063574037,0.636144415019293,0.6080923371284007,0.5671577531248516,0.3306843210813205,0.4072318633776938,0.4546912640600243,0.6108780535747345,0.5453906887919798,0.550505422143799,0.48047400417181935,0.49930516574613193,0.5231107390897943,0.6234449653083549,0.6786801976447943,0.45583268535706034,0.3837513453583411,0.5792051101103883,0.3924286270664394,0.49889870020584937,0.33298458005130704,0.491311469617327,0.3899507225111144,0.4207121169354111,0.7305487403661284,0.3415769066083437,0.3157080993681686,0.5170382832986591,0.5632058016160352,0.5797911147142789,0.5406497848258569,0.5166341847300011,0.40438045901479974,0.6405079569709974,0.5085043918179567,0.48773883291226,0.5601772234063929,0.3952047156254297,0.4924719241493368,0.3986677103933399,0.4277717233587651,0.5220620530172295,0.4934137723338985,0.47963362377052315,0.5543928366416475,0.6098505095845189,0.7052952905798394,0.6377478284386374,0.7607854325301131,0.4604796541529872,0.8308879172194849,0.0,0.5501609905042624,0.6954851547183961,0.6677630563933535,0.5915021318611459,0.39991209085529905,0.6181286193177712,0.46910034666199846,0.47048013425624985,0.6874723075640584,0.40821784894762414,0.5449388034790805,0.4584440380783041,0.5413368476540551,0.6864338867602193,0.33298458005130704,0.5493277955436789,0.5558256914703319,0.5993414462490523,0.5099462115019467,0.27220941069407983,0.37802059433263346,0.6211343484925641,0.2817520168085904,0.5083228555759812,0.5180684790381433,0.5664372044454716,0.3017572914219299,0.5767529751176764,0.7480472554977414,0.37179161733931376,0.5916556365491401,0.5091752984536521,0.4789026077955003,0.5964443004621867,0.3181066284634211,0.561151730409718,0.5734880420021387,0.5158730934136814,0.7723407665608333,0.6982699640027868,0.5576209683532168,0.5765369889416079,0.5932864693283585,0.7385571680023938,0.616284971834791,0.6642963158663874,0.5511834346686554,0.46885713460544487,0.5451126109264255,0.4200950797877944,0.5365463824636454,0.4814377765290591,0.5261500059268995,0.6296443018991623,0.3937075461163662,0.5397588538548975,0.5652573443802341,0.5964443004621867,0.4581299793000255,0.5016150187119999,0.5406497848258569,0.5798068247713546,0.5936423139166801,0.5375286211392761,0.4268599410536608,0.6942770832777826,0.7525705458818273,0.6479181071928859,0.45607495241459,0.5053327225392386,0.4101383863637837,0.6415599029520516,0.5381039802224032,0.47210695033591255,0.5362315844557479,0.37577794135978476,0.41706180234955376
attention_zero_shot,KCNE4,0.4294937671920067,0.26234897252040174,0.3789550172966304,0.2841526519033162,0.37418692951619764,0.42671228446709786,0.5954708217922171,0.18066248476846686,0.33456559440013545,0.19106248382146046,0.13741491514584742,0.13743165789571082,0.30480854767403576,0.23831759811066874,0.45889646764712894,0.4232076567433319,0.5972060776313393,0.27707717602702087,0.8024878183186863,0.42202749539401735,0.21914859128490005,0.21529911727626733,0.13557132131417554,0.11689668594905629,0.6687823590770643,0.5843644452272692,0.0,0.43622735225843967,0.7114173714505274,0.603307623880235,0.48050332759773545,0.3625940144335934,0.27505120612290923,0.5900483911937133,0.4387860446339333,0.3948854248376994,0.35644774448186983,0.3128446969844841,0.24061834620658182,0.3531787372754041,0.377330664158557,0.5198595094767904,0.13934921906370337,0.24551370026425717,0.17482737281272007,0.18005654379901753,0.49263752711409065,0.678789110184732,0.0,0.2356252084065146,0.5658239465764215,0.5809231094213136,0.678082075779267,0.28333711069131273,0.336601008889491,0.48844253663873766,0.22758715056232973,0.5888268534905131,0.5560598782263094,0.4819475905954658,0.13885521206845058,0.18514204303424509,0.3358555917572899,0.38434468940337513,0.3872439463186552,0.35346928132674743,0.3813791868274303,0.3550293258692439,0.27915671237628453,0.5340448710698898,0.6135408679719991,0.552375318806164,0.6327316383561795,0.11566989942302804,0.3653089795107782,0.43622735225843967,0.536678979575308,0.40533947059823355,0.40741830671151597,0.3845652714946145,0.13901381319168482,0.10013834931582076,0.29688086686671383,0.4311070124263498,0.5161322931790067,0.7297864259224365,0.24146057760543477,0.17757674433748696,0.4740571998225655,0.35184658074765585,0.15619827810677755,0.6977275044317724,0.1549820210156876,0.3880360071407653,0.38182760252990894,0.16434188431878063,0.3359451558288504,0.2980450478438391,0.20366398785187834,0.3064678961517809,0.4100099451963451,0.47727526579063323,0.40694627895624524,0.26634040139159065,0.18433322388048481,0.2687770112950612,0.0,0.7299779791274689,0.5098684613779858,0.2995771109724306,0.2951457532157488,0.2122218149324508,0.2892787713278537,0.3889163179761996,0.33478970640540734,0.40477944895174545,0.4479303455454324,0.2745282884841906,0.13088676384317038,0.1510136652855933,0.38707148036762906,0.43622735225843967,0.21127065154445207,0.4771602348517781,0.2841179187887994,0.21345012738791738,0.13846143843018646,0.11571289117220322,0.45036427352393965,0.08536430612248382,0.38368589424585037,0.782407535488575,0.7012194430394727,0.1387431369437381,0.41815806389743526,0.32408741632091437,0.2821557115939687,0.5850246751132738,0.6183967752927982,0.6092262716450412,0.7716329580896006,0.108966526652872,0.33153115986561776,0.26580107470202113,0.35082728491909654,0.3762562802895393,0.42002735898215915,0.20883206865016407,0.6692372852659382,0.23547280785817037,0.4961951909811341,0.23778079903445348,0.43630906443693784,0.4708124474900594,0.4174525273478067,0.48896721132964815,0.28330771169976265,0.5662501320623916,0.3812317222466519,0.6260231929497163,0.3764360507588083,0.25549643155853163,0.18592106996275096,0.27484303421538764,0.7716329580896006,0.3624597131373795,0.3179542459129743,0.7297864259224365,0.15306975747048837,0.19943996260189398,0.47215154120551545,0.13741491514584742,0.4004971129179696,0.25210629389516276,0.2975129485512061,0.2931929237040203,0.3769331262889158,0.47821005648601866,0.3559617353763176,0.22496414762432493,0.14250760239260174,0.23636651607660525,0.13557132131417554,0.13846143843018646
attention_zero_shot,GEM,0.5186761515986724,0.25731698873323755,0.30184650363867177,0.49220317043153916,0.5148869316238998,0.5604859828133297,0.6020402776932866,0.4949542183775836,0.5224686514719197,0.49108106688770725,0.45008009933258314,0.40010230439220257,0.504120497553971,0.35972539086154726,0.4301017223334783,0.44160559855828413,0.7170205456471272,0.25863882104011887,0.5956935238805263,0.5615510802802551,0.451490960338858,0.5065845826507609,0.32013362967266656,0.4380693220654382,0.7479492017318993,0.5640734094263684,0.0,0.33648924600562774,0.6347882173500057,0.6570252324585444,0.5884707485601655,0.3632156976781094,0.5275264633015204,0.7580566806960185,0.7082006189605413,0.49635247556719686,0.42813231445392347,0.45892166508079635,0.4068471505463328,0.48489392941600334,0.6175143430871814,0.5330632428484308,0.4893600922373986,0.37826880051099965,0.1820164300924804,0.4897443234711522,0.5435221056769756,0.7415436442831602,0.0,0.47174473907579184,0.6127559127033918,0.5726619845411004,0.5421709157590853,0.397797248315773,0.46800499186511446,0.5545719006368172,0.3846526708542712,0.7834886313862435,0.7437912040243733,0.5644734560020666,0.42789028388378747,0.6039853957887042,0.43535954385022324,0.5717426029715843,0.5662521235225021,0.5164088838162125,0.5402394149673396,0.535547310580384,0.2747254962474081,0.6476098824992781,0.6296214429569031,0.5509675169395868,0.734868622445244,0.3174859473231182,0.43185830880840753,0.33648924600562774,0.6294831403834157,0.36943981726335867,0.4998635525551434,0.5692940328397157,0.449863996963794,0.406464785941339,0.5225890202739384,0.5616827565078667,0.4890639589791185,0.5375262131618121,0.402579264083966,0.38933750354079316,0.5354937386085282,0.5020312735766351,0.3405983745065858,0.7230524109952448,0.396339808945706,0.4248973346799049,0.3599364567303447,0.33143087529423526,0.5522247087342933,0.4123286741208358,0.39524354892881736,0.5812663173555239,0.5488548743866394,0.43132827457451517,0.5614659567970613,0.40507397981898563,0.5282849866739353,0.3878743575859383,0.0,0.7216623861510956,0.5776337118567673,0.5739253622489052,0.2822256953585781,0.4296781915012058,0.63979343279154,0.6352655688393457,0.4495437569642171,0.6489929331623067,0.39392092253202704,0.457363007549324,0.5219594195200399,0.5484665042919362,0.548614673069398,0.33648924600562774,0.29133969289661954,0.6507227227850362,0.5234432129097868,0.5300266977681996,0.2564434073754515,0.45061090481273247,0.7097351252648217,0.3599696645260749,0.5635805061007493,0.6603394460584656,0.7212367565736038,0.3656403627556891,0.5063860079208908,0.41179420842911135,0.2640085155421629,0.6534236095953806,0.6726108168566982,0.7191667906439966,0.7216623861510956,0.42521865032118583,0.4734272486924664,0.4441781171136857,0.6016977393384135,0.4474656931265548,0.41404810525925134,0.5049563108524903,0.7201046809873713,0.48517121912727085,0.6496120740261032,0.4575733491275575,0.48773143211525044,0.6972871399352559,0.5689353942216681,0.5971776042763118,0.4273281980347964,0.6132890884351265,0.48765887536783065,0.7359265632941253,0.4784900115667511,0.4297561564147,0.4522596476901865,0.4285091734280017,0.7216623861510956,0.48712978926729655,0.4384603777890452,0.5375262131618121,0.40589925652099834,0.32293715327935096,0.6830639326286053,0.45008009933258314,0.4916358124241453,0.4180732610749251,0.4398791734143487,0.27920286958745155,0.5450922888481015,0.39084810781004237,0.5797204511722899,0.5498033213671343,0.4770258689789743,0.5449844720522259,0.32013362967266656,0.3819396633387878
attention_zero_shot,IGFBP5,0.6744914546815494,0.4474421702001413,0.5813377363720846,0.5710040360827124,0.4292628472993086,0.6063358426427677,0.5872783155096818,0.5239422352521443,0.6607108853205022,0.6412884921439252,0.4207147046499944,0.4767441186879045,0.5290538112852664,0.47320084996974476,0.7814381400827806,0.4060400543225134,0.4922859560530967,0.4273342113676491,0.3715559706828493,0.5421211448333115,0.557423325864877,0.582533222732822,0.3512587300535502,0.533655801649025,0.4242631315542676,0.4896901387281868,0.0,0.6260613508090005,0.5511387184176348,0.3515175281510034,0.549679524987455,0.6883685287894008,0.5083825130033581,0.3920157449499623,0.47810002490809017,0.5730435640703265,0.4455349057315253,0.4779122386439139,0.6414569453110072,0.5418440332966946,0.5730350131130938,0.3651243734530893,0.45120340440525786,0.5021161733685625,0.2833001213995488,0.5549413125239399,0.49183326266301125,0.3683885793312239,0.0,0.6229962934981689,0.9531920760618827,0.9740008482372576,0.53383831736959,0.5409021542293388,0.5818683444265167,0.4673181220555727,0.5874169567573138,0.40691080220829695,0.37667936839135163,0.3012626871279624,0.4600017595476645,0.6007433693953109,0.4815758196623225,0.33216569113269173,0.3359782094757443,0.30826577611305556,0.314918419877204,0.3255746100145481,0.5335604168974397,0.47989431701462054,0.37281015142985013,0.34835178417069784,0.6262456533492455,0.4081639858727676,0.44981253954331907,0.6260613508090005,0.3856196838472357,0.6604843622521741,0.6749734551997182,0.6827176976196887,0.45039508510130616,0.39578386070025007,0.5305322735035576,0.4453973116660925,0.4257118587525098,0.3986103584717735,0.44419446216326897,0.4588845837469669,0.49918969992217943,0.5545428572181252,0.4999983995888532,0.5456433715434166,0.4107132037044087,0.4183969313291669,0.6480851285384203,0.3661332253409587,0.6076363236643533,0.6257295517975786,0.5306519132370321,0.4657865528333166,0.5073864078225643,0.5386198588110533,0.5393013189218254,0.5217316382675633,0.6239296605059291,0.5807046518797376,0.0,0.387980907701885,0.5126929083486261,0.7226635299038064,0.4699689821167904,0.5247888207423004,0.5193412456330532,0.4965776734882628,0.42100966575233945,0.48636350626458164,0.6805949545019192,0.6385680137520832,0.4999313463190145,0.5489375729830178,0.6188366295179487,0.6260613508090005,0.47325066076378886,0.45668606838446996,0.5458829305822545,0.6507748406565388,0.24737828943218157,0.45601365546730266,0.5751499218969488,0.39023522311139297,0.3406601506752948,0.4117047259955013,0.4084368875077267,0.4716791469131636,0.4551324220511656,0.5256138280435187,0.42048241444233375,0.5182913883543343,0.36645525694755304,0.3527394126195059,0.4039374984176323,0.42358245975236747,0.6195593717656067,0.6089290309096393,0.3729521926695759,0.4070252675461458,0.42663771599199324,0.5816532761069504,0.3891925451195254,0.6414511123496174,0.46586115359070873,0.6423672100593959,0.6354541789582377,0.525525854386606,0.35939705562436053,0.4334202761517951,0.3954717912828567,0.41428047077000923,0.4133731116450116,0.3672090109378119,0.5369646572569966,0.532106865273776,0.6058963699889081,0.4625708681037639,0.4039374984176323,0.3727545236330846,0.4126614223743368,0.3986103584717735,0.4993108739780163,0.4494921313219298,0.3843904126851302,0.4207147046499944,0.5052213794772819,0.6710278334375726,0.49222186363502923,0.5350724003367656,0.6466677733187696,0.6851042954181057,0.43861969933557476,0.6418107545167697,0.45938227504462514,0.6673232031780122,0.3512587300535502,0.3918050594252033
attention_zero_shot,PRRX1,0.2594418477925208,0.5104866090104477,0.15291556486226796,0.6966698189421895,0.46726481795759583,0.4322618924206268,0.4496694903515032,0.7617897087674413,0.7614659627422369,0.8604842528768394,0.7231681584551222,0.5475824375456759,0.6306825927964476,0.4645613085825488,0.314749667452345,0.2884681677914559,0.20245870424231555,0.32846400920648067,0.1493051567628185,0.6080027488671168,0.5876729101063745,0.6446993064654534,0.5959588424769566,0.8759152958710891,0.24931726757120154,0.3757408994435169,0.0,0.15162409054822862,0.32725594216872794,0.15946801346877215,0.2648989062097107,0.23164454118316385,0.5327961712328041,0.25145016276637877,0.4007583029620877,0.3418684513268816,0.36388892924928296,0.4193666454342906,0.8425530420978863,0.5304948811999973,0.6156534913667671,0.27249738480626734,0.740470148551677,0.35088496547828235,0.45653856714465224,0.7056798045678547,0.3913001705773145,0.15515747873156477,0.0,0.75460286174224,0.28996836020195227,0.21940980285400938,0.3049312594146315,0.7625675172501556,0.6335373742319279,0.3829543924149161,0.8173768682616949,0.29069026593937813,0.24773171624213022,0.13826863759929206,0.8617785292053675,0.8050639583256581,0.5542837022547928,0.25492886443036583,0.25623668634617774,0.23939834052468867,0.2373840238761106,0.2564939868609119,0.552309339470987,0.4424357144669498,0.15690646726433818,0.1665358328716,0.266730875713848,0.7981047276457272,0.3429031458068258,0.15162409054822862,0.25363108935024364,0.25715199332703564,0.31396520163558617,0.7210625722183218,0.6746650758623745,0.6459489374187285,0.7378116790962846,0.3616859367746784,0.3012992589421429,0.15162409054822862,0.44042664732174386,0.6920079129796496,0.4380256075779662,0.49132059794278937,0.5495666288996304,0.16296361784629038,0.606839155286066,0.40972185008006495,0.25387705542093447,0.4175289124947596,0.38319357374249063,0.6245008341547149,0.7000365293317754,0.7807373455236646,0.4828790682205969,0.5061099476987481,0.6320762597210947,0.7106927481581345,0.8745316818086634,0.8880289320637836,0.0,0.15548110323597478,0.4393228673936431,0.8634786485543323,0.5008983491042522,0.5920655960553689,0.8156895615771893,0.45504826197450754,0.503734741683406,0.5506758631449467,0.21192185579688344,0.6869842314727915,0.8217432730386973,0.8409801345367092,0.6838899234453325,0.15162409054822862,0.7913352488709254,0.3742104696643094,0.6219885394644719,0.8647621520057907,0.39073093230032657,0.8038098013693674,0.6088875954425195,0.798625270217474,0.259378590236143,0.22994777387668056,0.20836319996854108,0.7794186770549156,0.41077409099206075,0.6331897284515069,0.31685402746562386,0.3502396643308243,0.2585554409626197,0.15773907874447704,0.15749767487203545,0.7646752157594238,0.5119654823819454,0.6804093954756641,0.40617247308454707,0.31834480177353397,0.33202919293796773,0.8425344959012432,0.20641346248623293,0.7653759841020576,0.39522076881672513,0.8742865793066117,0.7930095401401929,0.5521973661973427,0.2601633697878455,0.33672794452988153,0.3232411745962144,0.2591323449070295,0.3336061814786808,0.15511296587028858,0.5146333693299487,0.5186994718239007,0.8325298551813126,0.35543398127677583,0.15749767487203545,0.3000524881532317,0.34971101893862805,0.15162409054822862,0.9651991866448324,0.6479863029309318,0.28414210223393077,0.7231681584551222,0.55255412820199,0.8098233424474739,0.4949498949551586,0.3865190822787687,0.3480831535014048,0.16271962236679227,0.3698751044219013,0.7402444249435343,0.6767670739815653,0.7842455031946669,0.5959588424769566,0.6270389315171907
attention_zero_shot,NXPH1,0.6394636138363269,0.3028237166870399,0.6372793060050099,0.19561563729259737,0.2601978442663818,0.3949776071025162,0.40551071542729883,0.21362196831200855,0.26546360369856903,0.18893884664884106,0.14885433387830432,0.12509874179052416,0.23653105846962763,0.26556910528552075,0.7789711721915742,0.2750456906324792,0.4436614916821404,0.33349820216697496,0.44081807679740426,0.28023664022272626,0.24465746147559128,0.23374899048219872,0.15242318377424893,0.11856302054640865,0.4152110550908491,0.36340166956395864,0.0,0.7474963632369498,0.41337630261015557,0.5122394345714075,0.4169034089412985,0.567431444250934,0.17069675062928155,0.428834334294183,0.3125825790536583,0.40933105700905814,0.22100409181475233,0.1838790126421777,0.2441911398245271,0.23321427528466127,0.34770940663528005,0.4059332326108064,0.14983812631470017,0.2935556292871351,0.19954098343873916,0.18267131082840274,0.3071732481907504,0.3970049346561953,0.0,0.2541923452327157,0.9237150426465986,0.9847141769534532,0.4767734916922504,0.25065714463173877,0.3114252114691888,0.3162101893889198,0.21228542244729304,0.3362239170014238,0.31187379421579936,0.5315567691808673,0.13625297759637248,0.1968844727412426,0.2914866399071521,0.19181812234560403,0.19419773658460776,0.17601644855104545,0.19002082526940564,0.17891001236495954,0.30754052014203354,0.3382895481769999,0.5365570214073013,0.5394990054580657,0.5364274772971699,0.10808393083106632,0.2556500777033286,0.7474963632369498,0.3862592060038242,0.6823782632197063,0.5775828269152732,0.29979237171991296,0.1341488054699057,0.08762688366054239,0.21773463533033502,0.282449331044208,0.32327908636437147,0.47834743925958206,0.2279346509367617,0.1520948088475873,0.30230750948786383,0.3228936733106188,0.14457398429762267,0.556166977677199,0.13597127162370506,0.1916825210665052,0.6240079985840615,0.11040645717729478,0.23216888143080863,0.4237379184303724,0.2070912162417943,0.3142086201768282,0.23381324532648265,0.4617942163684083,0.3031070614319962,0.2853891843389348,0.19457414907603435,0.22094991628751642,0.0,0.4393691864336254,0.33130972800704855,0.24721104756018897,0.5169285123741842,0.2382984315409294,0.20371846486532422,0.32700171055334304,0.21468750958535812,0.24513103448916806,0.7660988600324479,0.333744361324951,0.1383041959423577,0.16004718123225198,0.3577241995883141,0.7474963632369498,0.23399728757421503,0.3132968555066502,0.2141023447911404,0.233085777973676,0.15331876584110807,0.1135073092043826,0.3470167396383548,0.08790951410092125,0.21669894366793496,0.3398214886595798,0.43082723000246675,0.12480180739373933,0.25095504912505817,0.31611642407960366,0.5871811724131385,0.39784537445877305,0.29228149809064013,0.345080438749765,0.4712823678651201,0.09409216673865077,0.3527499214285775,0.31665610604305205,0.2043641243091198,0.2170619859472242,0.2577273935542624,0.1581962280863116,0.39141332951934943,0.24355242694226825,0.29233491996146804,0.2577294510242639,0.2952191852342264,0.3483153865432498,0.33105633710576016,0.4484432766567457,0.28666131295918595,0.5761063942036091,0.3464605083769435,0.3635188609150609,0.24498308825389073,0.2615022046273784,0.19508292369517524,0.18381800895899295,0.4712823678651201,0.2827860853385981,0.20617377302023376,0.47834743925958206,0.16210718950005143,0.18665588431948069,0.279404039438593,0.14885433387830432,0.3586210998930196,0.26778405763055607,0.20548512251124598,0.29900856108350954,0.4492259364235546,0.8232474542658649,0.3157156833336658,0.25100170475496386,0.15451287526358692,0.2576390515686987,0.15242318377424893,0.15331876584110807
attention_zero_shot,PDZRN4,0.0,0.0,0.0,0.0,0.0,0.0,0.0,0.0,0.0,0.0,0.0,0.0,0.0,0.0,0.0,0.0,0.0,0.0,0.0,0.0,0.0,0.0,0.0,0.0,0.0,0.0,0.0,0.0,0.0,0.0,0.0,0.0,0.0,0.0,0.0,0.0,0.0,0.0,0.0,0.0,0.0,0.0,0.0,0.0,0.0,0.0,0.0,0.0,0.0,0.0,0.0,0.0,0.0,0.0,0.0,0.0,0.0,0.0,0.0,0.0,0.0,0.0,0.0,0.0,0.0,0.0,0.0,0.0,0.0,0.0,0.0,0.0,0.0,0.0,0.0,0.0,0.0,0.0,0.0,0.0,0.0,0.0,0.0,0.0,0.0,0.0,0.0,0.0,0.0,0.0,0.0,0.0,0.0,0.0,0.0,0.0,0.0,0.0,0.0,0.0,0.0,0.0,0.0,0.0,0.0,0.0,0.0,0.0,0.0,0.0,0.0,0.0,0.0,0.0,0.0,0.0,0.0,0.0,0.0,0.0,0.0,0.0,0.0,0.0,0.0,0.0,0.0,0.0,0.0,0.0,0.0,0.0,0.0,0.0,0.0,0.0,0.0,0.0,0.0,0.0,0.0,0.0,0.0,0.0,0.0,0.0,0.0,0.0,0.0,0.0,0.0,0.0,0.0,0.0,0.0,0.0,0.0,0.0,0.0,0.0,0.0,0.0,0.0,0.0,0.0,0.0,0.0,0.0,0.0,0.0,0.0,0.0,0.0,0.0,0.0,0.0,0.0,0.0,0.0,0.0,0.0,0.0,0.0,0.0
attention_zero_shot,IGFBP7,0.7920390788094915,0.2837725386932023,0.8792708886670371,0.4741549161433777,0.30689772078043337,0.5756674787541922,0.39289066646123133,0.3662136035150017,0.3604789172990454,0.3565750166021911,0.23696626451064062,0.35017857594926627,0.3808287901938246,0.2889313205170625,0.8292295960256187,0.3680317800506038,0.5638142090573601,0.29071397950785105,0.3554910862903879,0.3754439016159408,0.3605278592823722,0.3448284353211271,0.2073033892626949,0.3808885566611245,0.47762404372457906,0.45317815474635853,0.0,0.6954855578539524,0.39569307555401684,0.35450992729021524,0.6698629447287883,0.8314575822597067,0.3419393056424388,0.38431497466840403,0.356075255407798,0.7356286083954898,0.40956209857454506,0.409384140964754,0.31251522179575275,0.439875571041271,0.3710388612159017,0.3314545641139035,0.2479616032574491,0.4135009706970265,0.20112857465858605,0.3117276046831713,0.45399822982464727,0.37529240035153,0.0,0.323414327271317,0.9175778506570317,0.9726890752297332,0.43019474359204596,0.28113566354764996,0.3923860998813983,0.451888402024964,0.32566082649078815,0.38988528620030066,0.3676458220310837,0.30899763116867474,0.36775418709267094,0.3291504501653818,0.3116112954895282,0.30984805060380427,0.3135245678781102,0.3309116222420261,0.32365664286404894,0.329602062266046,0.29289087130394387,0.3490194220861973,0.380088142760484,0.3477225498320454,0.5690458188993345,0.27129887478566406,0.3836299701089517,0.6954855578539524,0.34999155417986066,0.795355041293575,0.8713865317517862,0.40877242991125434,0.276358095684419,0.25374642023067717,0.30737405172437543,0.4062927098596112,0.41932989356560435,0.4140816256830463,0.3504959123689448,0.2750860460179081,0.4486161089630415,0.3904032381381761,0.39607609845706465,0.5823800800871733,0.2337882096556952,0.3497210931203149,0.8305224660415489,0.2615394396401168,0.6189700301761674,0.3507756296032599,0.29383753333486495,0.3095896487419015,0.3988262057802043,0.3660727542656432,0.39009393150284216,0.29083733389930566,0.345539139191775,0.31645549004439055,0.0,0.39926344913101036,0.4571131761267414,0.385325530859291,0.31380094327779817,0.28847901710270396,0.3379968792058144,0.3501119581300615,0.3981670099427618,0.3589436997455226,0.8190145615873928,0.3457301750898322,0.27798461903501515,0.33232577422311677,0.37362506279744756,0.6954855578539524,0.32036840469361294,0.4654696036695934,0.42391363276099964,0.3581616136675735,0.17911800082662693,0.28394519390350736,0.39468955846964027,0.30329073345117424,0.37020477872623514,0.3444101492520837,0.5024006093397045,0.335902360944679,0.38559327483401373,0.3193056672317022,0.29279024728129355,0.4196984207219944,0.3514325204137722,0.3434507308663076,0.4184113579899072,0.2780648064765195,0.3988573726026115,0.33171187260283497,0.3411476909347262,0.37075371055688644,0.3702285130213312,0.4203123437370002,0.393326533104631,0.34658711231913414,0.39326759085256385,0.34477858053507904,0.3694886603741414,0.3653897174769311,0.3411836530368398,0.4145066558473475,0.3465566792222419,0.4107548675632236,0.39497420523081134,0.3576594966579474,0.39309867977264107,0.3419307534909675,0.3487929126948461,0.41696037283939047,0.4184113579899072,0.3505998736691411,0.3970142906559042,0.4140816256830463,0.29201633589483755,0.24361361848520766,0.36773696862504013,0.23696626451064062,0.3284619139006076,0.33303734576397886,0.41659133743588106,0.2932825203799238,0.7753217221037599,0.7525820157563363,0.3901723515730285,0.34531894652398437,0.2484210483020712,0.3416648111011888,0.2073033892626949,0.22311787350860884
attention_zero_shot,RGS6,0.5282483700215446,0.5998969823670188,0.3421110138394544,0.6344925340811446,0.7217638391528234,0.6974801695615873,0.9105687575879639,0.497130666240274,0.7991154506148974,0.6706369880621189,0.3967557050198514,0.41501263556965207,0.6800879704589886,0.5288171321965769,0.4314750637853369,0.4834645790569135,0.7316818386413663,0.5055615522271192,0.6173212568949308,0.8145820525644293,0.5963608676730604,0.6095267139387273,0.3312429627941401,0.5163907158924261,0.73337347928522,0.6082434868981329,0.0,0.3655184958526376,0.851093648043426,0.6623451963916801,0.6094769154806673,0.372827025100808,0.5590527750701701,0.7891329241623998,0.7978571719460977,0.5681627116852073,0.5198466830328682,0.5107583972280746,0.7492768578631751,0.6213191382531262,0.8048189535348091,0.7014259471995542,0.42548162382842997,0.4450194790120397,0.4122861585045784,0.6350334418680965,0.5864765837546174,0.7197041307382117,0.0,0.6514466319840401,0.648493225156706,0.5860372204069718,0.7278784445659218,0.9020514528749312,0.7406892608729917,0.5714825342578834,0.713016040373822,0.7761587941962906,0.7376694844856582,0.5613482451214481,0.4940380975283576,0.620104604475781,0.7235114985361821,0.5863715116409871,0.581505294130881,0.5317500230983607,0.5494593414634792,0.5527229150384185,0.6694801158684068,0.9495153352258113,0.6443862440859885,0.644218299371003,0.8452091003065735,0.4648106388004256,0.5994543515975621,0.3655184958526376,0.6580677730193556,0.3846746222409525,0.63599330063215,0.8262253649843695,0.47038644418022085,0.37919386712109926,0.779511261022401,0.6389606762450177,0.5305288108137101,0.557279877633103,0.5886146409933398,0.49127175201884055,0.5883619767639832,0.7431442511045079,0.46006747521390595,0.7087397522374834,0.3791105793533947,0.4935541159852678,0.3755011599780381,0.33814442407468964,0.577998470105285,0.6485168571680525,0.606629039184599,0.7550383258053546,0.5889742986690817,0.7918753490099374,0.7944134848327755,0.8255839791106874,0.6357764034480431,0.8373154300555024,0.0,0.7056893372751223,0.6160082812250085,0.8467860120594772,0.607629576846886,0.5601907636336269,0.7797531283869006,0.7145266402592333,0.4954059006304506,0.7923285927476647,0.40309972696081675,0.6977906776295922,0.46666065949655494,0.5287426906937406,0.7934524573629016,0.3655184958526376,0.5951201203829883,0.7125910077996713,0.6818512017479141,0.6715547038586422,0.24867279057927621,0.41932076794702183,0.9055221601308474,0.34180300067139113,0.5795416843827396,0.7425950057495722,0.7105525459097385,0.4616669466591363,0.5590017836678768,0.8208372474918469,0.49512510269020166,0.7813524078669474,0.6786228082826916,0.7079819088303012,0.7056893372751223,0.39837051766930676,0.7312206707105281,0.6917617985152268,0.5723715255733038,0.47948112693348993,0.4966916617000674,0.6237561727647656,0.7037357870266446,0.6977400657449448,0.7275319732580079,0.7111633745474465,0.823192819321037,0.8040799048373866,0.6012427796802217,0.6380350105263534,0.5636389833425797,0.6320989436158122,0.6431046086926986,0.7219495560434362,0.6605925037794078,0.5679024721221066,0.6705652671313822,0.49779005147394884,0.7056893372751223,0.5417077140627522,0.47989649953784075,0.557279877633103,0.5841139174164206,0.636418479068225,0.6975119616681218,0.3967557050198514,0.8176224802805203,0.7911891261842902,0.603808415494132,0.5684552224377198,0.5712876712834679,0.3976107013631508,0.612770641662538,0.6750166734750117,0.4315565183750191,0.6945034159683658,0.3312429627941401,0.368396131527799
attention_zero_shot,ARMC3,0.33085832149229755,0.11439031174970707,0.18833566716239336,0.17996998820421597,0.12785603444504684,0.24504015827398767,0.11339850650430128,0.18576170613413506,0.15481532630138786,0.1710252685487311,0.2513281334524613,0.20650574366391397,0.1920449260358138,0.15653303531865587,0.19425227001384435,0.11704373719822882,0.23286050388801274,0.11449679882720297,0.09663728715920707,0.13706186025999503,0.24263195243837807,0.2298372735998318,0.2785845936654423,0.1529342782655611,0.2235340216141185,0.15132789326490978,0.0,0.1946129176982769,0.11040151731846226,0.10535354352817497,0.130786905256559,0.1549483997821131,0.1692904820628677,0.13348218957835872,0.1680715134236505,0.2561719158695326,0.150550598722876,0.1713089436231883,0.15060882951066407,0.1666422662819513,0.1598732773270238,0.10896559261458975,0.25587087682129145,0.17000099209703165,0.11428382467221115,0.1589024071360641,0.162436301478211,0.1074544837068205,0.0,0.18374597913838472,0.19374820203272103,0.1940926831601527,0.11478217992462707,0.12254003865576735,0.20762126265140546,0.16991693678587444,0.1543994956868431,0.1478663840567513,0.13284031300990876,0.1063819369064739,0.30240481095004645,0.1923247096795933,0.139775443190825,0.12105543197220385,0.12146113241862828,0.1747328888906712,0.15350590190548263,0.15612595860619488,0.11441693351908103,0.10903212656507617,0.10715344180914585,0.1133889634281756,0.12921436500703623,0.12051683435592375,0.18356558854558708,0.1946129176982769,0.1050975199774622,0.41611808114768045,0.360707971365704,0.1802976845813526,0.13921711224123812,0.13820953700948463,0.12802567715929897,0.19115584621816623,0.17823578622892752,0.1148535251989831,0.16202436958260621,0.1474117146339548,0.2009166101012381,0.12824987995877876,0.15544024295040496,0.13058682168799254,0.23343607355981671,0.13200607258270206,0.17430383230448004,0.14363013133561026,0.1754650090389902,0.15243864960556797,0.150000652758264,0.14431191520333594,0.1962250945752953,0.10934208321152566,0.14307843483689328,0.13122936405576208,0.19111068050752938,0.13939017544178345,0.0,0.11041410030368555,0.19692386741029147,0.17885932925651368,0.11173162025471403,0.1521364384279378,0.17999423387602417,0.13295414607257136,0.18367853935293788,0.1556498886690083,0.42472351264162633,0.16924056232887238,0.23870119222519204,0.23513113630916488,0.16535058261924265,0.1946129176982769,0.12067590171237806,0.3058937734215203,0.22467676113740506,0.21545306300746536,0.17401079724448051,0.18842098371766744,0.15006238326049687,0.14093775359238941,0.1752983208718219,0.0972625125538233,0.36458150021691826,0.12755256941926627,0.15798724982000686,0.1278292449955117,0.11052481462900783,0.13716266113672157,0.12875002064966062,0.1008496158500267,0.11263381275133433,0.15748848462876192,0.13600166366466404,0.15573891482008406,0.13238669850890306,0.12094386669883393,0.11566070352274675,0.16612787309031765,0.12072851355915713,0.1916116311722661,0.14257359726975544,0.18684248114619537,0.13679037592870708,0.12769866275790712,0.13447551324732115,0.1897691333690151,0.1753437141587766,0.1357908881280071,0.20060838454509997,0.09544551934069248,0.19301494527769267,0.180773141477347,0.1723559713838847,0.1828621926476482,0.11263381275133433,0.1571209521496762,0.19029096268076057,0.1148535251989831,0.18382340543197936,0.12626795922007905,0.14251640695589207,0.2513281334524613,0.11697261985997708,0.16339884085860018,0.24131440811149574,0.1004295564872125,0.24608832588488883,0.1946129176982769,0.1720896851013734,0.25476424244432355,0.2785845936654423,0.21573002510748002,0.2785845936654423,0.2785845936654423
attention_zero_shot,CD83,0.5395041923454462,0.2916440144430712,0.38134991988084066,0.29616594449451633,0.4302957384407938,0.4702920427252699,0.7284696555147915,0.18561213152694594,0.3433479994570461,0.1893408936137647,0.14467443513827502,0.12332412777154839,0.31548702997732475,0.26028887955267077,0.46055447712850534,0.4399873810318967,0.8163227829676909,0.3147422299275958,0.7196799491736128,0.5114433723420779,0.24111987272690208,0.23177757835776888,0.1459420641605007,0.12046400636333847,0.8335031847751764,0.6065428315494847,0.0,0.4389216176656762,0.7815699616132997,0.8015437611534402,0.6019732450913398,0.3465988228188531,0.2827003976240895,0.8221289654729093,0.6092602952895647,0.45051969413023185,0.36955315458136084,0.3239338901455919,0.24244177551897686,0.36690821452248995,0.47125286940195305,0.5757176507439495,0.145948782693183,0.23183173832380416,0.18834410005908378,0.1830959866036836,0.5095974695957848,0.9616648411829135,0.0,0.2511343482479278,0.5912109677656768,0.5810586699449481,0.7069139779981474,0.33473555951705114,0.34621164296245105,0.5076638047846579,0.23074130550362715,0.8327804090865092,0.8072049435733604,0.7715641721291884,0.12866128356098946,0.19712637836624622,0.3625390849123302,0.5301646082502769,0.5239001363602807,0.46869422084752527,0.5037436698611506,0.48642950860157597,0.29943789524582487,0.7416623773973969,0.8034186564501126,0.6716257126811614,0.8647747336633932,0.10865257730715698,0.3768417403983304,0.4389216176656762,0.6601516509259732,0.40713564753639125,0.5357638027238623,0.39829474874170046,0.13641739183728624,0.08801545291689176,0.41653540880216894,0.5154971406388447,0.5383106795012224,0.7658263036960369,0.2672086238643674,0.15099009423807175,0.49623558614478114,0.4021951238729561,0.14376670207291678,0.9066609619888308,0.13307967910913568,0.34865993347887153,0.3777349192598738,0.14524984317721876,0.4118962712200957,0.3125620547689837,0.20687883277438246,0.44547791337678394,0.37675464378390083,0.49329298924556675,0.491167630561204,0.33874454677502125,0.1948794389726458,0.27022793040074633,0.0,0.9578313253012049,0.5304626772486146,0.30781479732068207,0.3108725107179887,0.2217136587927075,0.4205301143075377,0.5131374994373551,0.35080742986034086,0.5456627568168395,0.4497265224835901,0.28446097743297366,0.13607213526633297,0.15935030129793934,0.39562172370406673,0.4389216176656762,0.23155183441399246,0.6142409158167542,0.32793586997605634,0.231027152541519,0.147535838420721,0.11312778198518426,0.5830818346201971,0.0888212204045922,0.526374736151599,0.7665844377886907,0.8910972315175859,0.12664477380082462,0.43511800637912956,0.38125745429515534,0.31511263375697174,0.6608535818956655,0.7113244324112796,0.8576492968192785,0.9578313253012049,0.09445225506474411,0.3672134490851959,0.2730595781645934,0.47445651857852733,0.4191987266121616,0.4208498769325287,0.21340856106585937,0.8938275562124947,0.24125542525054902,0.6264704328439334,0.254259260115955,0.4099529025867159,0.5585223929349664,0.5678415759631157,0.6053411908369007,0.32376364715089273,0.6826241115696442,0.45243589292594444,0.8561506594406344,0.36084974574843764,0.25657413772142623,0.19533733343789472,0.29949064833917766,0.9578313253012049,0.46152638538682983,0.3316837231600601,0.7658263036960369,0.15937756351879143,0.19561038901171302,0.6681681454218544,0.14467443513827502,0.4798495856034158,0.2646613118620211,0.30819143085449513,0.2973267272054089,0.49782999196064154,0.4801695222367362,0.465537641493613,0.24693542906632696,0.14976712238502934,0.2539435412302069,0.1459420641605007,0.147535838420721
attention_zero_shot,ENPP6,0.851441042883369,0.2896839115362351,0.4373942345923089,0.3762032168522627,0.4797366445788901,0.6403137067178855,0.7327548950186151,0.2408181707592511,0.3904700772145009,0.24946178116043802,0.18170411409043832,0.1848353155448117,0.3769582661438332,0.27874002986757374,0.5805270619518728,0.4627606323383557,0.9370003851320012,0.30283118675106846,0.7256498578535433,0.5726112930367611,0.30020025355453306,0.2938599652436339,0.16884085261876272,0.19515204830337443,0.8845241406933594,0.5727325413081821,0.0,0.48136610607006874,0.7713431849510834,0.7873462122724104,0.6771724118364182,0.5233227000185284,0.3457461241059142,0.8209008921481025,0.6675907786032004,0.6497549488408131,0.393678027003869,0.37091090146111616,0.274546918276006,0.4001599488427475,0.5272117996728735,0.6024301515109385,0.18775914406387606,0.3009964092661831,0.18502691934151957,0.22832950544352504,0.5073770141564939,0.8938800675724159,0.0,0.28743355656810327,0.9410263824240749,0.954939785334743,0.621917460281507,0.35497196353201715,0.40328342067256556,0.5312993910436119,0.26723540936493445,0.8382258403363984,0.8053319628534845,0.7736090942418273,0.2655372135662374,0.2560136787063425,0.426464130154296,0.5532070323147981,0.547622120218733,0.5439115059613676,0.5511247215715729,0.5415612344688499,0.2957484038730763,0.7423063749457145,0.7861642179734092,0.695928328337251,0.8970093586202226,0.15550325972537454,0.43067782740378774,0.48136610607006874,0.6764715504448505,0.5998541975560748,0.8283000416924456,0.4302229152500821,0.1967259556968391,0.13978818562765594,0.49674888636237285,0.5917555016260916,0.528644522588934,0.6450948118314942,0.3304697386703544,0.1844994080895853,0.4951497639300779,0.4624147052885161,0.19904800479626233,0.9552562732054599,0.17574009412622346,0.3946897270644203,0.5007323964962734,0.1761902152292229,0.5031984632812065,0.322642696978958,0.24416128972892284,0.5300263979695111,0.4379093334617146,0.4842998230722318,0.5467029472942359,0.40729480194361845,0.25676438292761655,0.2987969630149564,0.0,0.886805405410577,0.5224007794629015,0.36937077884550035,0.3036028682432656,0.2599095386031366,0.5111107255899601,0.5516677303605803,0.41681673725591595,0.6003573508131925,0.6507733212478011,0.31163309746987955,0.1903806196905788,0.2162013265951925,0.4308403937856792,0.48136610607006874,0.25888539798791727,0.7496729518041034,0.4354952887874923,0.28986899452964077,0.1531502642944392,0.1695442203957399,0.6265990125356793,0.1432278885220192,0.6008881308461617,0.7620363394221554,0.952189856232922,0.18382689729158622,0.46289001068381147,0.41316563021396535,0.30397536165964806,0.6796007132475953,0.7273193242098769,0.8319911760942883,0.886805405410577,0.1549040016484363,0.4300945988537504,0.2969232863978862,0.5243437932438446,0.4454127745368309,0.4368438543695953,0.2813468248325788,0.8524326595055052,0.29193047716508297,0.6554182683591203,0.2918580019731479,0.43279198208308145,0.5997868600614724,0.617452264014323,0.6822230156611924,0.40649607542288585,0.7130082258484205,0.5480201758980583,0.8338712406783718,0.4115318259912108,0.29263820645383165,0.253706761920972,0.3716081278119188,0.886805405410577,0.5369663620811573,0.39474633845718965,0.6450948118314942,0.2011511154111827,0.21972208364260457,0.6999175117275499,0.18170411409043832,0.5153954767913766,0.2903821222763518,0.4056855500128614,0.29453397698003925,0.7016323312124532,0.5786099611819309,0.524679986098347,0.30519590238051064,0.19078960082809865,0.30190090643763545,0.16884085261876272,0.1772826788531227
attention_zero_shot,F5,0.755918651917832,0.2714503498172077,0.4106679743458785,0.5430757093412173,0.5121232685351982,0.6603391597940396,0.4477003693423612,0.3974126796559753,0.4411067500055746,0.3723905474290745,0.29020821968176425,0.38716467265189647,0.5073941133046788,0.2780434609866379,0.7291126258636509,0.46292827240627754,0.6718118344348459,0.2730795973734243,0.4049509638361387,0.5417387025601417,0.38803541293544647,0.4771326249976573,0.28448483701257965,0.38543912135645786,0.5859835525543104,0.5441274755658432,0.0,0.4253952194530257,0.45670539456974457,0.4257061500715919,0.7363332168189495,0.6647074206104508,0.455054520060689,0.6651701672400361,0.5785815721500639,0.6927367273060149,0.5034295493882827,0.506631430234475,0.3497444908434558,0.5155094855520033,0.5391017395786842,0.4527956033495075,0.29327530630120957,0.42393764688884245,0.21404541966764515,0.3392021393440704,0.541208907799767,0.43215568597151216,0.0,0.3500505840676793,0.8550742142693094,0.8970644210911558,0.41775411039788835,0.40190096592139074,0.5325366886311602,0.5253007592242868,0.4029107322322115,0.6897482821357236,0.6722733151356277,0.31142358941826725,0.34996036701807776,0.3610461970434587,0.5103237602456427,0.642412667565937,0.6389743278309942,0.6293851627878513,0.6332679700745065,0.6341532041217781,0.27653174844809647,0.48412701616123366,0.39875458690853144,0.3839581988941648,0.6247668534893251,0.3098746067322662,0.5651997861662301,0.4253952194530257,0.5727108277000501,0.6241485741513065,0.667335909096984,0.48229985760165534,0.33618281795009247,0.3059271036682841,0.42799924242889065,0.6125062787316317,0.5781370248893565,0.3523399478377441,0.472543420709955,0.3162217485418284,0.5364902678721838,0.5018156701529318,0.41476261055943775,0.549535872536221,0.29013997211366754,0.4783041221618442,0.6808628236427052,0.3428331281691892,0.66504857824839,0.3750068005910295,0.35351703616544045,0.434718247689715,0.4833456366944148,0.3884928191435479,0.5519908040608883,0.39204451910849236,0.36794685507899216,0.38388275957135165,0.0,0.4175955753553971,0.5421210405202546,0.446413423040364,0.29576876855450007,0.3345111579635219,0.455571025170009,0.5248068256738292,0.5464638635709327,0.5446880647234196,0.5417421786862997,0.3690565690772038,0.3149174980396559,0.3585914920622491,0.44585158423911325,0.4253952194530257,0.33166971200165,0.6359189190573216,0.5540038151809615,0.3781079285449499,0.20135436114120592,0.31535954173732783,0.5656738398074396,0.3492198093013431,0.6316446617217434,0.48613853421355335,0.5036166846266859,0.3559259251500691,0.5026982460557453,0.48171231814125043,0.2742857017839426,0.5710015467023497,0.5871347686410876,0.4627815702560038,0.4175955753553971,0.3048764753127311,0.5239471876137077,0.35818653025886715,0.5887566320173773,0.5094129763920612,0.4836601208547737,0.5102167490217975,0.5503069527520109,0.378675724870183,0.5920188368083136,0.38406783122874083,0.45138563742616106,0.530580342991402,0.6084673055370134,0.6118589609683689,0.5251207289539491,0.5810743014429551,0.6004930741231654,0.48634545662573736,0.5323539462500331,0.3913308869865454,0.377587228048845,0.6249868936978135,0.4175955753553971,0.5700359670374996,0.5422607874304125,0.3523399478377441,0.326305403954,0.25812723977490976,0.6639686097170205,0.29020821968176425,0.4830363048991287,0.3811721406046966,0.5500013905760187,0.29666044673246983,0.7727785608147395,0.4684905779940488,0.6046424340953087,0.36190262148279684,0.29436228681619475,0.35933397160316777,0.28448483701257965,0.2879552923489849
attention_zero_shot,CHST8,0.44675555848369153,0.3528858976541773,0.35106589359163415,0.5764425476821045,0.4542453141463935,0.4969224229383601,0.5998460549667379,0.5125533264092964,0.5203711166132964,0.4202603372174505,0.4439297154395168,0.49832700281493136,0.6469038832886798,0.36181716686806503,0.5474648463449526,0.5323504571440126,0.5978280512440224,0.3540853340191249,0.5285675446471031,0.5649491670103733,0.5798894051574675,0.48218301747178577,0.41201938106380576,0.3440805406834481,0.6702565020850224,0.7744347022385254,0.0,0.39887584425713174,0.6131053335600615,0.5273274378620648,0.4996165917295677,0.40289783343726443,0.5702221899109745,0.6359590996819244,0.5047186933468536,0.4748428845179218,0.6209400503157174,0.6342850986651202,0.4241209302906938,0.6554348483786785,0.5195664191690252,0.45610256604041743,0.46233265317690436,0.3300379292677112,0.2701141281169356,0.3884967146689678,0.7462253497123478,0.6000315730102445,0.0,0.45699113157783855,0.5885527571452281,0.5828187266266106,0.6696136689653073,0.408767601799332,0.6228668425854337,0.6498779670462733,0.4208828557696621,0.668122189451594,0.6393681674461389,0.39621626726483167,0.36265001575267347,0.4475512983678052,0.43761645304860625,0.5754973182543099,0.580873593221375,0.5045122220553461,0.5210819407843147,0.5565902637698723,0.36910808331942924,0.5493172877902196,0.5458606984426825,0.4713864686990428,0.6137099716523848,0.29475439515022245,0.5429858310941321,0.39887584425713174,0.5357096752217405,0.425896624713674,0.42471763814141505,0.6385191003722551,0.3523105384776385,0.32299746281763414,0.41701073512502257,0.6117241995054498,0.7993482349264498,0.6518420038453563,0.46068999046480735,0.34875343354444266,1.0,0.4404055658845459,0.40666776371514063,0.6288683015502803,0.41802998554369136,0.5655698126506474,0.44383228841292,0.4324160867176425,0.6422810364793621,0.46284791395449876,0.43567368562117365,0.4424484047858935,0.6761102113950103,0.5231656372658527,0.5237733895720297,0.4767477723058973,0.4472543013335443,0.4465288335654308,0.0,0.6394071323059609,1.0,0.5517103986161765,0.3728273195687919,0.39669674588402914,0.5858427981665416,0.481456885815289,0.5786721738703974,0.6029710851882479,0.4484873352750096,0.46570720018089345,0.4667506596913127,0.6042783668074412,0.5741033035066119,0.39887584425713174,0.3291889225709957,0.6770644023296765,0.6110018553417528,0.4927756423891415,0.2840931805803001,0.39387871720410406,0.6257155558240642,0.303478533478343,0.5653524030162317,0.5532409420505522,0.6423340759371285,0.3011430019371997,0.6684006944593222,0.48984825801619525,0.35004312585728914,0.6355220947261504,0.5684810789381676,0.5413595147530673,0.677275294998808,0.32905998369112094,0.4611346997552235,0.4402485573196682,0.5600638555163079,0.5991298904577709,0.579361073448999,0.5149177285735305,0.6740105486547845,0.5111568436309494,0.6634212730747566,0.5547046065511763,0.511516530597941,0.5441399994195735,0.5377425748296824,0.6427435718604753,0.4649238410044674,0.6278916312299385,0.5848595532201603,0.5751847454018237,0.6902185366328358,0.4143430347756441,0.43429506424489445,0.6121798206995562,0.677275294998808,0.5548656249618144,0.6069347374536697,0.6518420038453563,0.4098732021839149,0.3174483276341944,0.590681376319482,0.4439297154395168,0.5292169107841311,0.4886056084348694,0.571835537359874,0.3843281819932286,0.5566618361515354,0.44669786679940615,0.6909470872735239,0.5255669447572303,0.4809499957613591,0.5052713948363081,0.41201938106380576,0.4401022240887349
attention_zero_shot,IL1B,0.7768654770800262,0.5006249254766127,0.7498185898329679,0.5752806461504845,0.5703799113731381,0.6919948710303734,0.6583881118872397,0.3923295148781348,0.6415085772720962,0.4896671267877286,0.23573868105183712,0.3017791815378699,0.6307448114537001,0.4175847122457219,0.8197070135121497,0.5380163715534315,0.6664615070871087,0.41656870924205,0.43835689322820814,0.5762883550138314,0.4502763710098856,0.49292608094115253,0.21938980705861408,0.36884897468233147,0.4771060518757944,0.5210272793464255,0.0,0.7774454237220785,0.5855080460673406,0.439978499047038,0.6133808841963125,0.6844527062750837,0.44878662929008434,0.4770311560554696,0.49148366989987924,0.7908928973772875,0.47172220390938824,0.4756351067208195,0.5730519582543089,0.5360014349152983,0.5743544605200295,0.4842680548657166,0.24225974239057138,0.6666618212103534,0.3532482040506012,0.4448679041305947,0.5100705050428076,0.45924689493299026,0.0,0.46423034635892485,0.9355838185441023,0.9756013109516086,0.5793815979521733,0.7653552485272023,0.6883179735181115,0.6090900495537012,0.56596282421466,0.492642960668675,0.4706797721249896,0.3569368286566433,0.3601883990241795,0.41944330077694064,0.622927049274533,0.4240041520940567,0.42812816707824586,0.4102225165406583,0.4071122353770961,0.4257155019443951,0.5546114200196816,0.6107213089666363,0.45917948177662243,0.44174815321711375,0.7690985263964268,0.3570463855540514,0.5717964120553145,0.7774454237220785,0.43476628121547495,0.7893532068023293,0.8079478203333779,0.6495864808504787,0.35972394565255383,0.24538552346315334,0.48646147067579176,0.6103627883361792,0.522020798788087,0.48287575159093066,0.5261994525793176,0.37437421198805,0.5263308841721979,0.6439040043671509,0.40549729965338316,0.711345479691196,0.23431011176293803,0.4653941811055098,0.7802617190853615,0.3029543386264595,0.4766355509646012,0.5200936133158957,0.48885290871211196,0.4513176367221789,0.5039925451243993,0.6597555760431943,0.6433753906503137,0.6201703295023785,0.43224783170349196,0.7360511184940663,0.0,0.47229160747045107,0.5308634855261148,0.652768955332275,0.5510902149270824,0.41468870389137136,0.44843888967071294,0.45227762993425186,0.5732634955964608,0.5670757117787859,0.7994305020284932,0.5514416982425683,0.2510653782712014,0.31452759456694984,0.6162674491510035,0.7774454237220785,0.4962551860855251,0.5227377230772207,0.6045002042637361,0.44575032314859897,0.19381933821665434,0.24157384139698748,0.5595820938911396,0.22784701225132173,0.47110693101716494,0.4829210633834706,0.48748119728724454,0.3560237384308404,0.4956501277455794,0.7137499819361953,0.41347923272081727,0.5397035737728507,0.491848096147024,0.42987509746558406,0.48073921431996436,0.24982451627609598,0.6960289476102142,0.5599981532647215,0.4502255417106702,0.47065127444619476,0.4750095592515362,0.5003127720464424,0.48083603831285465,0.5158839945530475,0.5168168823760032,0.5274665814526889,0.6648401474188073,0.5301968564348806,0.4734444307510667,0.5419409852513692,0.5387249778693403,0.49697743189885546,0.5375670608780253,0.4320556893972469,0.6178883568345004,0.5435095514796483,0.5643290957881735,0.6403045169652776,0.48073921431996436,0.5291858489866693,0.6167000898540272,0.48287575159093066,0.4091706329196612,0.5366924393594986,0.5206783282792705,0.23573868105183712,0.6349282291930796,0.6051431956647048,0.619479741653177,0.49573483036293015,0.7100449585898545,0.796521530260186,0.47887312460964954,0.4400501777560041,0.2409709265452837,0.46493351026722307,0.21938980705861408,0.22703312021014288
attention_zero_shot,VCAN,0.5965977769029194,0.2515847347379815,0.45423237369481617,0.5497379616940388,0.42214173389865506,0.5771244468005567,0.3330020962612579,0.445193155119826,0.41229795079335757,0.3760887233297919,0.29323451484448276,0.44724260416743006,0.4575098590738233,0.2613664449068465,0.7150045685579259,0.4253421462387633,0.43491679917042675,0.25192876531735137,0.29539048751697533,0.4395095002912876,0.375589995946447,0.353346394379005,0.289709985934444,0.3878693023925706,0.41504710749219326,0.45950277022932956,0.0,0.3440285323057958,0.33468362844565896,0.29820596553049233,0.7680055265485694,0.7902757735780152,0.3906531965206984,0.4740369720925246,0.4368668987613362,0.6790563848540244,0.43480472348552124,0.4299811533241789,0.36008745997162966,0.450576283775897,0.4591395560340498,0.39940784316522127,0.2952626024650776,0.4044395215676392,0.21115089298104947,0.35708558765319565,0.4593911269953368,0.2707512071989287,0.0,0.34295118820510884,0.7706800952827993,0.83762578281138,0.3336831646634376,0.35518352415009874,0.4649193612817345,0.5253594538506448,0.36401463436242626,0.46077158223164943,0.44904915044403854,0.22348868072928182,0.33446208495888147,0.3679651125619797,0.3959030565724995,0.4729730513392513,0.47546144670983576,0.43621988669139966,0.44998827857560514,0.4592979147337222,0.2563860659316574,0.34325828822253507,0.28949129018171443,0.2995034736184246,0.4444498200650421,0.3288448600312436,0.4248972269113324,0.3440285323057958,0.4514846054581828,0.5101564995043953,0.6054928731415307,0.4299601827988941,0.34395480792751204,0.3563655053502906,0.37228801168382347,0.4565269018963579,0.4733634966219496,0.2614378639861083,0.4610258668081189,0.3296845655346298,0.49450918568587304,0.47685933178496653,0.46749942950096557,0.3774237397929151,0.29229709827719846,0.42080007204094627,0.6166133069422599,0.31730217716446935,0.780042817174051,0.3789998433846403,0.40775107251652754,0.390215463886168,0.42103435885278007,0.3514841218532286,0.4344525646297807,0.4153671667957167,0.37325761552700343,0.3697854952547445,0.0,0.2725417379996453,0.5030471512016826,0.41780690360714345,0.29601402224777124,0.334880109410272,0.4302539723036975,0.45528632006402464,0.4437913933344209,0.42200698927214997,0.41423897558027156,0.37062637756372363,0.3293315335425977,0.4049147802847069,0.4075681205132575,0.3440285323057958,0.3733254324808614,0.49709232431755973,0.4861012170846943,0.3814877460035674,0.20300687104010487,0.32930825132564245,0.5166227515620632,0.4180758442876003,0.5105785873429171,0.34020329804390687,0.32392292318525656,0.364142405767121,0.42200704640492465,0.4381066944226677,0.2684504664604251,0.5236162537698,0.4535073430492496,0.2848986709872165,0.2797236309241508,0.31679793463967404,0.5313735670297419,0.3679517668788458,0.4736506332592036,0.4382035816120058,0.41995810044180526,0.466520510745163,0.3437399459566407,0.36933909331134585,0.45581273969666813,0.4303352984416104,0.41460637087537283,0.46192339209161604,0.42886772454229327,0.43708218107789604,0.4913302796400966,0.48481099828039254,0.4826595577048753,0.3066591470890023,0.47012534977441983,0.39082567568485077,0.38269784270550583,0.4953271910927209,0.2797236309241508,0.43873287540396794,0.4510981595717003,0.2614378639861083,0.3422387312910756,0.2546940844902026,0.4749201796912952,0.29323451484448276,0.4745036373055038,0.37064810944946763,0.43227081086435837,0.28297596810154596,0.844852389117236,0.37738301371397565,0.4971558409381343,0.3507855687378473,0.29608145309953704,0.3493652104029663,0.289709985934444,0.2919096591223928
attention_zero_shot,HIF3A,0.3618796249128367,0.5378909556434794,0.17939131135743483,0.8122272421288061,0.6680693628151823,0.6997787980891584,0.6310064867571582,0.6631865452115564,0.8666491512340484,0.8787101755483973,0.44811399923995254,0.5161929248491959,0.6469182964244246,0.459924519552576,0.3417391586619018,0.34570471790157214,0.39461796382346004,0.3842173583948991,0.28572668003861473,0.8274860358735514,0.5577475600805509,0.5712724950155303,0.3702963387272876,0.8023219754460935,0.42838567181010656,0.3969631627475291,0.0,0.1799540575595276,0.4991212842686144,0.3200118540148614,0.4644182234099805,0.3318754796640018,0.5387911228685027,0.48361649992836436,0.7319443508998817,0.49456731769254875,0.38347656069882113,0.44965386252370126,0.8676524894838955,0.6019432951765538,0.8323511809038465,0.5209759070750354,0.46065686289359,0.40432773240740283,0.47851373804576414,0.8324290212605006,0.4059376367054607,0.3192057848221434,0.0,0.6465062355962502,0.4565107172445418,0.35957814110305447,0.4214126821827428,0.8540653801093526,0.6722801008549288,0.4074510494059714,0.8534365110985053,0.5233235675364344,0.4857574868078975,0.25036295601310293,0.8171897486186724,0.7526412039099176,0.678649134839876,0.5105609089535573,0.5021721230214484,0.48017470047879707,0.48604293500587936,0.4897225735642049,0.578074350804916,0.6609707014308381,0.28794117332102925,0.2836608460548343,0.5181645022787685,0.777299042085782,0.45213297089097915,0.1799540575595276,0.47186054780604014,0.2783038952392967,0.4926842820900029,0.7377640314892538,0.702457584774792,0.6306747479772311,0.8873727938677827,0.4995955077952336,0.332916183372247,0.2185928191236028,0.6242038246873256,0.7481047171012465,0.4086531364495319,0.7014333208881333,0.6546692508867856,0.3150444204977713,0.3931932893584687,0.466876172309471,0.2920627345113428,0.43312888382818765,0.4488020175150067,0.574215098813601,0.7753385345313174,0.8778736957635639,0.4902217458211772,0.5828592397150019,0.8317306646360954,0.739896993764203,0.8040894382167709,0.8695211254612206,0.0,0.2936861568035579,0.41830273920261135,0.9388490665615385,0.538675571661801,0.5510662867065336,0.9254158438763173,0.7171833952755673,0.5604666287411286,0.7380705130289659,0.22558824985383824,0.6887136550279708,0.6081147672850624,0.66389168509824,0.7005117875387737,0.1799540575595276,0.8037369605299022,0.4721043758691623,0.783730331683525,0.76150953806865,0.2818526942103169,0.6149628970463423,0.8638974178753489,0.6404207303170119,0.4810820568096779,0.46037194184394725,0.3317380797433981,0.7934773426203229,0.44574066343561425,0.7303184113415236,0.38208088153638514,0.5682392699205588,0.4588772151319669,0.3768217603341537,0.28399895239375983,0.6506699314760307,0.6931665168939263,0.6944239203448422,0.6132179778031225,0.3628094865086906,0.3761606372766539,0.8834756497275807,0.35718474674233,0.7920456797612747,0.5522375999666467,0.8598011095333233,0.8655197709553307,0.8109451302646709,0.444666644849231,0.422993933346167,0.45751226630298,0.3677421471979964,0.47179953581978373,0.3917999747347571,0.6129259343689767,0.5217825387943148,0.855908793446775,0.4734795423475493,0.28399895239375983,0.40793252979203704,0.359113358218428,0.2185928191236028,0.8421723403464251,0.6344223020937876,0.5200088080820373,0.44811399923995254,0.6938414272036186,0.7499751114436687,0.6069003711862828,0.4831719225930852,0.49224138837087295,0.19170937745230637,0.48556120512456374,0.5846861442156019,0.4142291523044536,0.6453366616206412,0.3702963387272876,0.38565496461198795
attention_zero_shot,DEPDC1B,0.0,0.0,0.0,0.0,0.0,0.0,0.0,0.0,0.0,0.0,0.0,0.0,0.0,0.0,0.0,0.0,0.0,0.0,0.0,0.0,0.0,0.0,0.0,0.0,0.0,0.0,0.0,0.0,0.0,0.0,0.0,0.0,0.0,0.0,0.0,0.0,0.0,0.0,0.0,0.0,0.0,0.0,0.0,0.0,0.0,0.0,0.0,0.0,0.0,0.0,0.0,0.0,0.0,0.0,0.0,0.0,0.0,0.0,0.0,0.0,0.0,0.0,0.0,0.0,0.0,0.0,0.0,0.0,0.0,0.0,0.0,0.0,0.0,0.0,0.0,0.0,0.0,0.0,0.0,0.0,0.0,0.0,0.0,0.0,0.0,0.0,0.0,0.0,0.0,0.0,0.0,0.0,0.0,0.0,0.0,0.0,0.0,0.0,0.0,0.0,0.0,0.0,0.0,0.0,0.0,0.0,0.0,0.0,0.0,0.0,0.0,0.0,0.0,0.0,0.0,0.0,0.0,0.0,0.0,0.0,0.0,0.0,0.0,0.0,0.0,0.0,0.0,0.0,0.0,0.0,0.0,0.0,0.0,0.0,0.0,0.0,0.0,0.0,0.0,0.0,0.0,0.0,0.0,0.0,0.0,0.0,0.0,0.0,0.0,0.0,0.0,0.0,0.0,0.0,0.0,0.0,0.0,0.0,0.0,0.0,0.0,0.0,0.0,0.0,0.0,0.0,0.0,0.0,0.0,0.0,0.0,0.0,0.0,0.0,0.0,0.0,0.0,0.0,0.0,0.0,0.0,0.0,0.0,0.0
attention_zero_shot,GNA14,0.7970217392799559,0.33276491044691336,0.2874080198938024,0.47112379332036436,0.6916709617929877,0.691846205706301,0.9161626493237452,0.25763239656155623,0.5421373234571056,0.3424764566484902,0.1537177511536977,0.19182899496387568,0.5086862927275004,0.32875847173647227,0.2950973767944492,0.4865941109874586,0.8857585749469563,0.3191501950111739,0.8317197255746919,0.786504760227543,0.33087610591940947,0.32966352630650547,0.1464755308204959,0.2529515410087118,0.8649530276660405,0.5186863409167437,0.0,0.29068525246435667,0.9126717779432988,0.8644608441190585,0.7745739117982537,0.2766490306917208,0.4318651348471902,0.8586677965085727,0.8011732641555058,0.7072742811052273,0.4584278853615937,0.44557268848251114,0.3967507580898551,0.49417187298536647,0.734759525971798,0.7399805413483024,0.15662163121211037,0.29938974439357396,0.192943922689877,0.31279320139045685,0.5007804603806972,0.9142824468152724,0.0,0.3540087931727101,0.5411955098789414,0.346229618223193,0.562308352102343,0.6468798386815886,0.5372135985360977,0.5038567866014215,0.3747043836350542,0.8675802465375253,0.8572666597426821,0.9002320197783037,0.2399549710018701,0.30999602919541,0.6904390486401177,0.6445977141566991,0.637383208778525,0.6240721954857917,0.6202006846642029,0.6379483262064748,0.38314695977260627,0.8951256676478612,0.8687828063711073,0.8279193481127942,0.8999721517863246,0.1979978178316544,0.4909729521519671,0.29068525246435667,0.7776318425242769,0.324375513136449,0.853345315486034,0.5602457030316306,0.2740291275861591,0.1663830261410479,0.7966569936541383,0.7363567892321367,0.5071176822815516,0.5404237697074601,0.5057467286585186,0.19886295388338043,0.512638768539751,0.6350672419304784,0.23548282081296007,0.8853531870284264,0.1545721181926958,0.4685787623359593,0.28719717066515854,0.17136369548586447,0.6950885046607066,0.36443290201389655,0.3425424402393093,0.7833800757567054,0.5012947085918799,0.5598112037178911,0.7704228829670956,0.7730840370833914,0.31785580199125246,0.5151845396928374,0.0,0.9023237005579856,0.5182581147974915,0.5327681750600088,0.3376656738600787,0.319672609092161,0.7698279270721359,0.6834127385778864,0.468252778367202,0.7894739357249463,0.32931575974629174,0.360029498614919,0.1587903907470043,0.2089193724201163,0.5129212313475425,0.29068525246435667,0.32522611848433924,0.8442735533815638,0.6672626198156527,0.32463612423465593,0.1466333008365366,0.16042177330543206,0.7748459424804042,0.1406511120504005,0.6937477760464811,0.8612773052536282,0.9174134570139795,0.2732819027182389,0.4850865237566469,0.7020544893300387,0.3185869853157902,0.7714488433048049,0.814486707107609,0.8815121588546131,0.8924058484241447,0.1632409962609135,0.6211927068482376,0.36737726198822546,0.6397057087672449,0.4584399231414775,0.4917372996476607,0.3840201950370995,0.8883379444061439,0.35311554965270575,0.7988153460251155,0.3583417983045229,0.5607560293757832,0.7457246744167133,0.7452387313936589,0.8102113290780782,0.5728806339761257,0.8156152265902815,0.7089089407434404,0.8634868521919681,0.5133689195995677,0.3144692031085563,0.34786532536442416,0.5371496086173007,0.8924058484241447,0.7281615051361017,0.45966644517054106,0.5404237697074601,0.21494500986008125,0.3707108193750894,0.7796329245802055,0.1537177511536977,0.758150294105075,0.40502639677695534,0.49237063280640825,0.3831441819273725,0.7596975973380246,0.2949885196868631,0.7064919666649346,0.318209402383901,0.15591189245227777,0.3443779117004935,0.1464755308204959,0.14977825739161954
attention_zero_shot,COBLL1,0.5613425350016754,0.46644639337888744,0.3608853079520615,0.3344998470424977,0.38878488622109475,0.521729897863052,0.693372582385945,0.2455468614550927,0.45117889486292206,0.32516825176266934,0.2357473849174975,0.2752890680712526,0.4174746842213322,0.3788779725752726,0.48175806283461037,0.3339270407532222,0.6537762868287389,0.4620763784458061,0.5116716899053547,0.43732474400991883,0.4083391029537472,0.36851848058872644,0.2355932188953176,0.20257448696661903,0.7245259919905245,0.5543491561636839,0.0,0.44890710202204254,0.6825251010295272,0.5086102262968247,0.4026048160109324,0.3513282297352322,0.2847589331488156,0.5663942908540893,0.4996665055005064,0.4452050356926322,0.32249690826249894,0.3082547872508879,0.43409208641675323,0.3789682943759305,0.44700773785626946,0.4380317281380218,0.2411020360109906,0.29159775417192113,0.3188642328523865,0.28168248587357225,0.47574491709470595,0.608307823236474,0.0,0.40533672579345,0.5782103474151602,0.588917552460772,0.726637251227755,0.46228955837620933,0.4713519214492401,0.4729535487168264,0.3921273665370338,0.5782120438093824,0.525333070471344,0.4239407534157763,0.3302063768362598,0.2968510365283854,0.4348771132953949,0.3586732317138176,0.36133674297710167,0.3702334747040976,0.3782177400610415,0.36208077783689613,0.5346029731971983,0.5759655774989343,0.5291414210581923,0.43441967004098814,0.6319463773012947,0.19689987488087146,0.3984580345813388,0.44890710202204254,0.4542088522608728,0.5960694842783388,0.5942262511156594,0.5022544800190728,0.20142172734857092,0.15523639806409723,0.38875516471051347,0.4459172439346963,0.4581363087604923,0.6788568628664461,0.3328611607028305,0.21426022830181854,0.4278915923727693,0.4148784903888208,0.25686809698805496,0.6549999323972076,0.2217691508642099,0.2970647063006793,0.37935959335669117,0.2139739676683275,0.3502840840647578,0.5028234487718509,0.3512213770883612,0.35611945994999855,0.375748640120039,0.5704587889013116,0.48800892798003387,0.428340272441778,0.3056426595386694,0.42105189613671246,0.0,0.6713660235906327,0.49306812160710406,0.43854391558150185,0.4548671371802466,0.31921001581951675,0.3559703302957117,0.4158341235843518,0.31156139846938186,0.4448125986919051,0.6467127106322915,0.4311278867663089,0.23031949257064677,0.26870468453092516,0.4537252989876874,0.44890710202204254,0.36674269255463593,0.5621039147536693,0.40805016733226324,0.3625056164050671,0.2024474691022224,0.18901824949017107,0.49487784222125536,0.14714417136880037,0.4180897383810056,0.5495163800211846,0.8427454044372718,0.1980401326874938,0.39014586375114224,0.46398408914015427,0.4332021948691656,0.5670358907418688,0.4750636611540109,0.5293253553802908,0.7308731363936781,0.16125287205549407,0.4393321926181479,0.41398406442778424,0.3458244623797942,0.3221368109265997,0.3309319087901223,0.2784786057646169,0.608031833994227,0.4056147122394705,0.4970929864222708,0.43698065093031063,0.5551463106125103,0.47909870194041443,0.39646573509062144,0.47236263096016395,0.32215747188144456,0.5228836453715997,0.4189577498627838,0.5732331390121858,0.41394272451574843,0.3392660331071791,0.3503269677320962,0.2854210014434528,0.7308731363936781,0.3234631744757627,0.3014602265520344,0.6788568628664461,0.3005773777942163,0.33062160424520526,0.4636188415548342,0.2357473849174975,0.48524140568726304,0.4908845954905287,0.3924743407711248,0.4830659983215935,0.4519808139620266,0.5018784141736126,0.37355487195332754,0.3780735125821203,0.2540180937967996,0.4114541006190062,0.2355932188953176,0.24419149384934252
attention_zero_shot,C1orf87,0.23403693818872,0.2566552231495013,0.1887800615181928,0.28941414219606815,0.2605690834621694,0.29388754881131074,0.25468903362639744,0.28174802109720026,0.2987268618422079,0.27816354339452937,0.384436159527576,0.3138432680118136,0.33334518270637414,0.41599998243986436,0.26229732919671883,0.21550583327246464,0.259538562408898,0.2536672677334974,0.1768044919130802,0.26685136938026466,0.34765229970717204,0.3304142534408554,0.3405284053035451,0.2262193778010218,0.22920676187802827,0.2767692373244088,0.0,0.21068193960235224,0.24573736335163923,0.19582258543027029,0.20169711198570214,0.19514955122189456,0.26791177922770665,0.26717187013118865,0.2781393776448237,0.2505736507997593,0.27604064081822977,0.2720567348660673,0.2682701857828961,0.29459290555206574,0.2934063808560757,0.26607880733617967,0.38172487451143206,0.5575375757307314,0.22156396498819889,0.32975058359832665,0.2821358817651147,0.20645302792727385,0.0,0.3520517959289371,0.25966296523602006,0.2546204177404125,0.2568810449783345,0.2654772981099966,0.3289125451673944,0.2945726544426488,0.25976566319019595,0.23819765807039253,0.2232392091987188,0.19106799234948862,0.28948057636344926,0.3628059595385978,0.26604041916939086,0.20737642353490218,0.20784711927968666,0.19820515890113694,0.19908755149481555,0.20726225781562618,0.2587962624666024,0.2843266152983805,0.21324927865057994,0.2658906838752194,0.23702114537846303,0.23897977673715576,0.28132661432834427,0.21068193960235224,0.19744862349122413,0.23315074262814847,0.2367632118763243,0.3591709828768619,0.2753973603281159,0.2405947629346298,0.23497796988990052,0.27880456203858395,0.2470179998728418,0.21068193960235224,0.27973794976985616,0.21673153784849528,0.3183826234501514,0.3251527299571215,0.2628447008497061,0.21975775974831693,0.3116992846493483,0.21997210704133002,0.21266127691840186,0.2537284110760544,0.278319483778399,0.3028139869743877,0.3594371208859789,0.26211352850707037,0.292030088108318,0.27480988541482315,0.2873107785594354,0.2733737300318963,0.34313201536903815,0.2606649470843424,0.0,0.21186902830595222,0.3203213793753221,0.30029660549756076,0.25099111385132367,0.33098558442437453,0.2957520405810642,0.24041888708804615,0.25979710278864526,0.2966919551159973,0.2458044317349357,0.27894300575427966,0.3302433616020739,0.32772669933463616,0.26803383552638343,0.21068193960235224,0.23490493861851514,0.3358926226465801,0.30917102109565603,0.30785485309559985,0.3575651810044292,0.2830877876927077,0.2987630506028688,0.2711197330677183,0.21422817677941344,0.19427687184653608,0.23573288672044862,0.2209385945327415,0.2606616213314593,0.25559707958091227,0.24669890238773573,0.28927926049023844,0.23479415928725775,0.18902719596200182,0.21858339164894358,0.300094727363191,0.26602986783543703,0.3039141792560231,0.26205678887589673,0.21339556008071026,0.20823639325322577,0.25564250097764796,0.226386504370165,0.3106864616418945,0.2499840132903811,0.30612975501960465,0.2567474688523488,0.27630680534011665,0.20447302696643985,0.2592244492986317,0.28985094317309756,0.24183376776883825,0.2991644405666883,0.1953145354365246,0.2831803930375155,0.5573888251814353,0.31266966191376305,0.2484080582806574,0.21858339164894358,0.21347479346071307,0.27595005763612573,0.21068193960235224,0.2823311081005379,0.36084776888052544,0.25127528986562175,0.384436159527576,0.23668851769503121,0.29713906001566764,0.2871649591569546,0.22532835540347892,0.2527624305434825,0.22947370224610145,0.2702896384724926,0.33362304720959723,0.352992784859057,0.34748039783390927,0.3405284053035451,0.3467605950813011
attention_zero_shot,F3,0.7485342131028323,0.301537268763471,0.5397300144955841,0.4089605754142305,0.5144686308856178,0.6296892631774547,0.7571001199256173,0.23655606318667272,0.43725344678693645,0.2323387818433301,0.14408127266947443,0.1463786167453914,0.4133245138731992,0.28650240277658195,0.5536278508651777,0.5330390540782882,0.8448703247396221,0.30978608771949245,0.7535435136205509,0.6412029759192436,0.2779828441873514,0.2684045023890312,0.14440372338534616,0.172175917653574,0.8605555232141362,0.5973763065510678,0.0,0.49506088263411885,0.7827763500574543,0.7926828239312476,0.7681991192124694,0.6306570060323591,0.3970311957320805,0.8073954736406574,0.6468818630679856,0.7102543212496899,0.45869322092098747,0.4210673394407801,0.28964395480268174,0.45962645217385795,0.5535078739564535,0.6421338962647278,0.14464323365304319,0.3597963567136874,0.1871013030466508,0.2176360267041614,0.5470198986379669,0.8590631366787643,0.0,0.27754319501720115,0.9371839015192278,0.9295331363021362,0.6364247821307228,0.37037733151641655,0.4272850902702251,0.5485478948352155,0.2605633300700913,0.8134546765690929,0.7982114601640122,0.7135544180986839,0.16494067735624,0.24186158498359675,0.4628445139115504,0.571976247556669,0.5672204280850763,0.5259484564073519,0.5552887573787667,0.5361112769522293,0.30374253423326386,0.760262160917246,0.7925315621495249,0.7296582164886926,0.9220237827689508,0.15708535636470505,0.4565630820811214,0.49506088263411885,0.7450263001567358,0.5059291353089946,0.7781281089231189,0.47793526380173074,0.21239081306427354,0.12793590263292798,0.5259505832283763,0.6406014117763319,0.5656970931000889,0.6507865305589083,0.32766492504533407,0.1972584745085916,0.5461622283274554,0.5003561972476454,0.20935071425962998,0.8911013864245877,0.14988827855104767,0.45676841973565385,0.5579746873795115,0.17405287225308874,0.5358714763830821,0.3258932412855472,0.2585846178573842,0.5329639692310634,0.4784782920557515,0.5369925327183879,0.5845679250764755,0.44260343749668907,0.2371021073662952,0.342535476338319,0.0,0.8534256621459149,0.5609640432678347,0.3977221121662407,0.32563608046719994,0.26616501190024544,0.5079237796837235,0.5665620495567695,0.4592731366900828,0.62874152305831,0.5400375266030745,0.30783713574191274,0.14001025376147488,0.17071458750151575,0.48425478859270754,0.49506088263411885,0.27222400598991303,0.6914019145192191,0.43119034226701564,0.26925018694861497,0.14502496403129903,0.14090611487420263,0.6421230264110376,0.11168147482918184,0.5873024034752417,0.7767668839248352,0.8344538693091166,0.20305970670632353,0.5074526838041188,0.4531439600833517,0.31013040827788857,0.6984969405120092,0.7385109777729454,0.8315148211051602,0.8534256621459149,0.14016786253439928,0.457463418602671,0.2966159286897064,0.545848526608649,0.4921558373008523,0.5452380454518948,0.28919650063124747,0.8327132953772504,0.2798537701895324,0.685477228043354,0.2800079510384175,0.47725755844886236,0.6271149966525701,0.6414712273537767,0.6917028178718141,0.4170186957099796,0.7315907769596816,0.5598943886545817,0.8393760107506116,0.45248412974421715,0.31970731527760693,0.23445450364178405,0.40397120965177996,0.8534256621459149,0.5887482938034976,0.43907883221244054,0.6507865305589083,0.1729494473131534,0.23204614407005492,0.7028642678080146,0.14408127266947443,0.5658794821427476,0.28249960748439185,0.4105335190204109,0.3145389658168368,0.697712959287535,0.5533230884840282,0.5591506547922723,0.2805675358937625,0.14611834756817615,0.2807083812929589,0.14440372338534616,0.14502496403129903
attention_zero_shot,COL8A1,0.6148416610814432,0.2512312393528392,0.7694952211062036,0.42933748557559354,0.30099562022396104,0.5262483330175588,0.3374060345874513,0.332431769317315,0.350187113782875,0.33248001265181226,0.20111131772227486,0.3153021429199259,0.3524463830225085,0.2567653753329255,0.7043006881877921,0.3666313890453213,0.45614749879158656,0.2520231824439287,0.32121414993444886,0.36654184350315067,0.31119890460868216,0.30209354530494287,0.18086642023883953,0.3541462968672417,0.3659064675146675,0.3913926798666031,0.0,0.5320941053486123,0.33723219775284297,0.3062192123060848,0.7724817492125744,0.9308424010165293,0.3368624583451483,0.3507022317376024,0.32386162664475077,0.6962987525388872,0.3750357261107829,0.3776656577651759,0.30548670172470227,0.3954039399397319,0.34714999319429185,0.31197540406138496,0.2089550350088416,0.4063881838643294,0.18415279509598922,0.3132829268859401,0.3994285450557356,0.3113805719003261,0.0,0.2909016918093858,0.8628773138786155,0.9343120911606707,0.35039152033618587,0.2813343903555186,0.352587910254591,0.3897600599714873,0.3261411200052289,0.35245820349086854,0.33918591514742136,0.2524251040050042,0.2700603860945977,0.30096740705776676,0.3019035506636101,0.31142757735235327,0.31467703788744145,0.2906033546453416,0.2982156786021799,0.3040352507561143,0.2613793491581772,0.31524927156939647,0.3165748379504483,0.2983529916711504,0.500079261552318,0.2509719840782322,0.35157577732351175,0.5320941053486123,0.3435771475460358,0.5785130234857171,0.7386021739308799,0.37255501761164206,0.2687380667408836,0.24674560096620218,0.2968349106212142,0.3622058146472812,0.3611343200867743,0.3244024237318302,0.35200015716625527,0.28942104720580075,0.3819812232464143,0.3934068075744202,0.4002949498122496,0.49006164544256675,0.21190854253910735,0.3291919236365053,0.8026846461293233,0.26321098052600955,0.5493832370279337,0.3098726720175004,0.27962979739518956,0.2904975944349282,0.36132606418134644,0.32579210949911575,0.3612329840125123,0.27945202516603757,0.31502130462153854,0.31032632932762816,0.0,0.3227518758711338,0.38958386197397854,0.3796178490814528,0.27681499617123545,0.280414162634635,0.3066792032936479,0.3389005552448619,0.3525565632711463,0.33589516981729073,0.578375574421882,0.3111543784815031,0.2339787986494998,0.2805545176917432,0.3483137133058005,0.5320941053486123,0.29199656747125896,0.3605520400460514,0.375214608731985,0.3133203737768161,0.15807410149492557,0.24982954679740269,0.36822901833283905,0.27190024993860773,0.31913614456521766,0.3230925434881234,0.3362566645945417,0.31869363052826644,0.3459787099002075,0.3123950185115475,0.2547599440322068,0.38327197099842836,0.3243916587687044,0.33291980561996565,0.33379874636665124,0.25563451519609015,0.4122438233370571,0.3065701689377266,0.3292101985006021,0.3461673248505332,0.3637184949400247,0.4137723989605998,0.3319357854949162,0.34338586714852876,0.36563923551887684,0.30801054963041447,0.3410733849773133,0.34811663080307653,0.31945533711961843,0.3587464293726429,0.32696438644604564,0.3595110862281644,0.33948126054969413,0.3490846762149527,0.36510101886493124,0.31373112371777295,0.3216354711185314,0.4157518514691831,0.33379874636665124,0.32425329193003605,0.3575156574067281,0.3244024237318302,0.2549868259840595,0.24590544745776255,0.34292721350616945,0.20111131772227486,0.31715236686180365,0.30988577850502214,0.3481346309157097,0.2941888066071271,0.7658493475239523,0.5840836491987665,0.36625981317375966,0.2983950971660176,0.207638566110463,0.3005786081214365,0.18086642023883953,0.19053413958137022
attention_zero_shot,KCNK12,0.541863777749052,0.3051481078371379,0.3110615590763753,0.5419751117833366,0.537086983996757,0.561566525263747,0.6765048018777686,0.4164396183605207,0.48988916680008,0.3881496811534374,0.31694998215342424,0.4178576467400464,0.5561130286315407,0.32049278681954263,0.46851964364530585,0.5018297764947554,0.759911960186653,0.29734082704491077,0.745866507843356,0.6489502619030931,0.46928619391022997,0.41558087528223464,0.25911162989306374,0.3240898139174799,0.7940068484454984,0.8613211431065454,0.0,0.3435853275325602,0.7014005648447156,0.701434209953677,0.6490216111599283,0.4031768138292547,0.5466731571969317,0.8022001067370306,0.6655286728346926,0.5251870993496078,0.8533069659717943,0.8771328301820815,0.3878168519250566,0.8200483189933522,0.5933693850007294,0.5755536757769205,0.34013764789574047,0.3065057231531014,0.20816619734147812,0.36794570433758395,0.8877361634672034,0.7921604549886873,0.0,0.3951679574135696,0.6028282968658334,0.5733998128753077,0.604456929986468,0.45861561640056386,0.5412040562333764,0.5942060296837518,0.39621932255997916,0.8334486474243874,0.8092614644393998,0.6161770405235577,0.31205566301437737,0.3987064076824379,0.4808989364509124,0.706318469316821,0.7026009815866542,0.6295185766392257,0.646737540532269,0.6713122343490086,0.3297399759890017,0.7064561005743369,0.6840698405762257,0.5978460195490586,0.7766154308165851,0.25053650784611786,0.5120590756589405,0.3435853275325602,0.6801885394057771,0.3800993636033645,0.5301256395032401,0.6110943126291365,0.32061322564112366,0.29506443936518784,0.5159515739503442,0.6432312711259814,0.607290542040187,0.6013506388620863,0.4779348824262051,0.3112422043050466,0.6459098096628738,0.4841295557685777,0.3691584351513024,0.7688020223994105,0.2999674692052344,0.5517264360101699,0.39214172352573856,0.3762648561147169,0.6188068768892214,0.3810366614923355,0.3562283658983125,0.5437677368561118,0.6501736797015798,0.501672444056517,0.5809119446758036,0.4927723257698981,0.40349305420538,0.43837635084991006,0.0,0.7773147732021649,0.6853154606642242,0.5237577735938544,0.3256179557786355,0.3421915193357735,0.6201636314606664,0.5897768112160224,0.5132521496041561,0.7113144450634867,0.392658013028465,0.4048650632010692,0.36418515420460806,0.4514958126232235,0.5480565625343854,0.3435853275325602,0.30708018242544516,0.7102303444926734,0.5776412368516893,0.4187945797636911,0.20841884629362925,0.3163757042851013,0.6935202261374627,0.24922402467347204,0.660090390308553,0.7931584820554419,0.7601104474495085,0.2847389135924153,0.594229316192159,0.49568522315511154,0.2990378798380518,0.6879632800764306,0.7201375285514084,0.7563872198926664,0.7773147732021649,0.2932323069221182,0.4859468001327663,0.39614878325459213,0.6371083317145505,0.7487019102196966,0.7024280015573242,0.5115102345535995,0.7930884111419345,0.44421461806033646,0.8279846982871293,0.4295987867858134,0.4937960280197091,0.6274451509005099,0.6364676504158225,0.677641156046908,0.4774805550976932,0.6774543331380316,0.5617052676469262,0.775099567928244,0.5915898106040114,0.3562082200270347,0.39680403319359386,0.610127303201723,0.7773147732021649,0.5878349367134688,0.5359498484940731,0.6013506388620863,0.32837606945829856,0.3145073693736646,0.7346334500316151,0.31694998215342424,0.562692087232674,0.44207408800535697,0.602205006123295,0.35163057589240726,0.6131767538446963,0.39290104891129407,0.7478616445037967,0.43156606369549133,0.3460373452634432,0.42931731866656825,0.25911162989306374,0.2929160747593224
attention_zero_shot,CENPF,0.2586984144021853,0.4577045712800769,0.15804893466822348,0.5781567768335931,0.5742648027940837,0.5903629323126995,0.47942316880005365,0.5667855987682867,0.7200317032705724,0.7684532975609699,0.4692691234469902,0.39980547767310426,0.6566784452311568,0.49991148347084,0.2884906247422056,0.29221460331015914,0.22334574649575803,0.33037302764722065,0.1845380893648448,0.6069020309806187,0.45898059558698784,0.5869246397730101,0.35689586823573827,0.6720941024717595,0.27522432353210835,0.3383449556135716,0.0,0.16200347795265793,0.36101539893701584,0.17055740431468924,0.2806219223443313,0.3192739872285538,0.5025241984433044,0.2876556760910221,0.6043637636620375,0.40603058593919533,0.3348418255503942,0.3699205155091225,0.6899771986466143,0.4788426834568358,0.6949917034430555,0.40533116876444747,0.4776934230748157,0.5188866670049436,0.4186437431400263,0.7401282307040661,0.34582581740405294,0.16415596744292626,0.0,0.6417466787405234,0.5550817609674836,0.5186521506459549,0.3482799110168241,0.7651215703100229,0.6072137802448351,0.3050579119143908,0.7053833296927408,0.32086208339250405,0.2758050821042133,0.14087447109155565,0.7181423036363497,0.714785302727401,0.6211970856607425,0.3110421478645189,0.313367466598418,0.2963061148678847,0.3197778044879108,0.30675160393137724,0.49107659766284145,0.47030806531838004,0.1687288432845016,0.18892257095050274,0.3465074391372639,0.6352329846623572,0.38967517944702995,0.16200347795265793,0.3258153082023558,0.22546209846686274,0.36280031005234464,0.7113921302493401,0.7467248766962723,0.6164228903985413,0.6659065372201363,0.412748886601744,0.2756563318287434,0.16200347795265793,0.553836304969487,0.6025339767037974,0.34465637302753677,0.6627214831667159,0.5325161761840396,0.17802421434155366,0.3800523842595228,0.3639989161078467,0.2645806711682105,0.41462441831863217,0.31225448639297865,0.5531303570085211,0.6973954927630744,0.6573296623023831,0.38430586020092006,0.4949782883953988,0.6564830419073081,0.6418846302820731,0.6890789949063428,0.7614032455022498,0.0,0.16654998839104887,0.3518731952326264,0.7768840160036978,0.4646862234248209,0.5826575192607085,0.65635895238978,0.5282465990698155,0.38300190173734094,0.602423193180929,0.2155719181276819,0.6235882618936267,0.45005062627034204,0.49410651283210083,0.6378731927578107,0.16200347795265793,0.5531429631262573,0.34767406449682714,0.6628830741067736,0.56849933044129,0.3567847011445491,0.46421609849756595,0.6209540265834388,0.5375151930668763,0.28813077280755384,0.30860265699163275,0.20659633585007398,0.67605279725743,0.3652251204980565,0.6195700414747466,0.33016190152914365,0.46699304954901183,0.2801812760344787,0.1888010855393571,0.1711825469859433,0.5770117590574976,0.6594269027746213,0.693312005738174,0.4697899453874547,0.31723291097188444,0.3217029630200091,0.7834441972098791,0.20455407280110488,0.6520786349010591,0.42378196534123486,0.6710009337119304,0.6719388901026451,0.6969665383232124,0.3016671877001313,0.31861079361045036,0.3955710231667767,0.26102543999490363,0.40497245872435883,0.19926531122918792,0.5368702120239947,0.5896980195308258,0.709118668341729,0.3983674606393298,0.1711825469859433,0.31045667628301954,0.30009844358247595,0.16200347795265793,0.6503078498819669,0.6773690951425405,0.3238534943854638,0.4692691234469902,0.564689093468438,0.6679410062816221,0.5766496362783602,0.4070490799679605,0.36278948410588124,0.1823920711180661,0.35236180721734645,0.5221030999126173,0.38801381009529934,0.621800935404098,0.35689586823573827,0.3676142704318093
attention_zero_shot,SLCO1C1,0.5260380314867215,0.2587505484815869,0.32109563339880276,0.29638867898220117,0.5088938076811292,0.5073920377933565,0.6677743291733748,0.18354712370813553,0.3374611719023705,0.18884352674397906,0.14113995793252868,0.12325089357985246,0.3131951662264842,0.24140172218156494,0.3958413034074964,0.40280801684844675,0.7552819462660167,0.2674687827060146,0.6668120967345734,0.5031318633993132,0.22702496706223843,0.2223701126998646,0.14098268261783237,0.12582036000541422,0.9030133850814092,0.5338798325750909,0.0,0.35445557471519,0.7210561301559055,0.9339476402014051,0.5878741986125826,0.33259227203584135,0.28441750485657186,0.7716969606873245,0.5991672062199811,0.43610107416130195,0.35850268247781464,0.32043938291395435,0.23419870045458693,0.35583891394422124,0.4698692013651237,0.6541608208484586,0.14231011128651094,0.22565730505585926,0.1846699932414343,0.18322752768084868,0.469240825083885,0.8266450667283808,0.0,0.2384878533565601,0.5854901138377921,0.5713522851319242,0.5900028659724796,0.3374457871004526,0.3405073421325522,0.4634661797580584,0.22576821842953204,0.7768634132186434,0.7569386212026542,0.6661563437455976,0.13600632396833146,0.19522082016655407,0.37498886129748743,0.5204803923506042,0.5144105238993462,0.4640529714112502,0.48912047558177774,0.4791149125847588,0.2724502140275713,0.6918673008027916,0.7163991640821884,0.6318656953922304,0.7867872961995881,0.1189618704928445,0.36592909839970694,0.35445557471519,0.6396864646627296,0.3517326078558478,0.521141418042872,0.38220360268835807,0.14210243398210518,0.0912960686206896,0.42188786096440994,0.5077350175858861,0.48170230453818424,0.6097925644334614,0.27316564389128445,0.15439637074713125,0.4495272331479645,0.4057384456233901,0.1479453207683872,0.7992296209932579,0.13285798934028628,0.33980169911877395,0.33929263317074254,0.14340040342592505,0.4170073789563687,0.28248633601586925,0.2035990427438439,0.4469952631616504,0.3623856332610662,0.45773518863879287,0.48718685905200526,0.3516996734642873,0.19348093015824602,0.27215755534864555,0.0,0.8142625714946937,0.47874321250632484,0.3067799551245414,0.2793394455555534,0.21431897704781547,0.4255030532605203,0.509580772516805,0.34115609459633534,0.5343724980870366,0.3836757640662469,0.2671182422391083,0.13523471963340625,0.15456364642533701,0.3825688386646326,0.35445557471519,0.2205373439796995,0.5922830264177806,0.33703621404765344,0.22128254149451448,0.1424584805865349,0.11678035016289445,0.5703077198560189,0.09577842752676348,0.5212086234844584,0.7716023283728148,0.7821580953827935,0.13169655434581792,0.4089479262894497,0.3853168095106765,0.27165517252739696,0.6464885920034242,0.8105158467864513,0.9667565139263252,0.8142625714946937,0.09823740605008598,0.37092406962806834,0.2612836677517473,0.4624751624551185,0.37518104048386797,0.39492886829585117,0.21844238344451317,0.784205838903975,0.2309799388537669,0.602866329965931,0.2403554581064135,0.518629259022664,0.5522183303672926,0.5542051045710308,0.5753410900652038,0.3344695698475413,0.6371674266513986,0.4527586478206635,0.789348997363598,0.35183193719984807,0.24473236290355813,0.1940126980166888,0.3532934976919528,0.8142625714946937,0.4606099856226204,0.3262503411997802,0.6097925644334614,0.16334866726442432,0.20755332517654498,0.6463396881456044,0.14113995793252868,0.48004499734728395,0.25187394197501733,0.30684093473240676,0.2736243109660065,0.4921647512963448,0.4015972466573979,0.46451794604209323,0.2313866343168071,0.14477759168021032,0.23937442730137332,0.14098268261783237,0.1424584805865349
attention_zero_shot,LRFN5,0.4030408079046372,0.268341274268083,0.37318630199269076,0.27818678215963544,0.37902326936859865,0.3998684539364136,0.49694485197603555,0.23914064478268196,0.31804408009395835,0.19911412976811682,0.14423566252962144,0.12803907569576262,0.2932389598795902,0.25651578804711084,0.43900501720665835,0.3676715839525446,0.5230223909626828,0.27880327681732814,0.5951370292698772,0.42188117135375536,0.2414494005983385,0.2351685380232947,0.144523459676502,0.1373839935896384,0.6491706634041421,0.49513232132200996,0.0,0.4108871323585686,0.5192881369487253,0.6658179552305578,0.501970180993115,0.3485440793094447,0.26639768465080566,0.7182099607868556,0.43816006282065856,0.34413697096605367,0.33316777127387714,0.29904845543152264,0.243270438788161,0.3306175272853756,0.452098820428205,0.6084144893416106,0.14519943557713083,0.25346975213429135,0.17113361813843414,0.19052379829376467,0.4378737921647242,0.5383397361673102,0.0,0.25042155275068395,0.574692742662179,0.5755067556332771,0.5413243929093248,0.31453631650390157,0.369038680661417,0.43327308404450066,0.23362117874883176,0.5241271652133113,0.49835188956817955,0.5529660194234057,0.13850339725935676,0.2070104551096022,0.3838423979474669,0.35561182814873965,0.3580005801410355,0.3278333520388042,0.35408035293718365,0.3284272838419961,0.27978429845253894,0.46762036438284815,0.6441844921775519,0.7117666909634646,0.5997315180597126,0.12193978807712101,0.3432592475887913,0.4108871323585686,0.6690110508566095,0.4004381491268388,0.3813718457905035,0.35697585440028534,0.15422587295349538,0.09721582340793569,0.26956632826610705,0.4352246632556709,0.4437177388130043,0.5530010125264473,0.27633138185506073,0.15777062758127455,0.41154266742278456,0.3410676741526392,0.1520942315846964,0.5693454934170966,0.13803810099252414,0.31256444000691913,0.3745717916649106,0.15332206143048624,0.3143167795689151,0.43483253884520123,0.2134531162174801,0.4037696921311,0.3332161866941139,0.5589264331783711,0.3796457670986519,0.3463019535953172,0.2040857324963303,0.2615202488886606,0.0,0.5648711158394492,0.44286890043254384,0.29165812097033966,0.5141427567382854,0.2450272261026738,0.2585919052429793,0.41934823414603856,0.31445888222794066,0.37319501253520226,0.4323813053372379,0.33636400977444936,0.13851904315165603,0.16211310820462155,0.49666139629579575,0.4108871323585686,0.23132915385263672,0.413675311519408,0.2761187873402836,0.2352926621698519,0.1457041928903154,0.12153941843295171,0.47220680190830444,0.10239790444897523,0.3726868104576751,0.5035651241967266,0.5639405716844546,0.1424656722657737,0.3783894584574044,0.3889999959907548,0.5369102353930959,0.5123766171874418,0.4642658063728699,0.5109191615192922,0.5946246722409719,0.1047087438730799,0.3691618318884174,0.3215125457346506,0.33816427767417845,0.34773488667960234,0.36026004243783144,0.21364071324743222,0.5399539533543036,0.2423349711283363,0.43988874331912214,0.25305589177341714,0.35829163343775283,0.5000442534076133,0.4728538105411038,0.5793762179111743,0.38160801913689074,0.6963753737460758,0.44614643116349917,0.5397332008260424,0.32706674166246497,0.27861397775694097,0.20461800688544152,0.2529847569137708,0.5946246722409719,0.41065059449562824,0.30265025330058365,0.5530010125264473,0.16361111859351007,0.19661856185338694,0.44041470172607605,0.14423566252962144,0.4635801591725831,0.2615469441289667,0.2874089569656024,0.2826041823523312,0.3624906230336092,0.44674249277210076,0.47516607580540543,0.246500700182353,0.14755963079773646,0.25233318364677687,0.144523459676502,0.1457041928903154
ig_lora,MS4A4A,0.515199798092608,0.3492882258813446,0.35041664420624946,0.5656920952536225,0.5536860162270629,0.5611903864495469,0.6910386350338574,0.48922964284156245,0.5260297127489457,0.41236845850021425,0.39191385411836654,0.46331174135952485,0.6395492158240698,0.3558050857657484,0.5085561876462303,0.5122337813931229,0.7409855365339975,0.34952824061873616,0.628308928462305,0.6064026611027941,0.5386104749795597,0.45973978202518184,0.35078082822145257,0.3412773908802035,0.770928410623274,0.7578204266708368,0.0,0.38947485389753067,0.7262105594600505,0.6942488420935254,0.6534164859852253,0.40184935818091927,0.5180569179096621,0.82330100759627,0.6728202017088738,0.5279593901965269,0.6066347209067807,0.5987623705935932,0.41331245547710155,0.6689213459627007,0.5980635373699777,0.5633815336411477,0.4114032194162095,0.3269858761892614,0.2499710753728177,0.38399507408277317,0.7419309058149659,0.7858074076441458,0.0,0.4391126704507745,0.6041556695214418,0.5797315583668798,0.6690965655617306,0.4611416068829967,0.6176375715996212,0.6337556227482769,0.39003576852833416,0.8417573416903414,0.8090911091183982,0.5585412300750252,0.346828436217004,0.43400371612295663,0.49002388094533783,0.6333064886478527,0.6286052897843637,0.5560096726399206,0.5746457775113963,0.5960335895946123,0.3643820562816482,0.7190482124993406,0.6709342887604896,0.5913606843501926,0.7939747204462014,0.28415555566089534,0.5354962407395724,0.38947485389753067,0.7001297694833006,0.40342353188677876,0.5152190997981616,0.6656790410723212,0.3473400469834276,0.314503880272365,0.5113984989338488,0.6232298867551794,0.634961547272654,0.6363993199317244,0.4699738505939345,0.3363802753666702,0.782312775290084,0.49399954529428586,0.39056730287700253,0.761783203936107,0.369998698052668,0.5155925798670501,0.4186450775235885,0.36288246722921624,0.682133491156241,0.4397677397485862,0.41767042068836413,0.5461276866789091,0.6445132513119024,0.5367929572254914,0.5894142155783444,0.515577707742642,0.43517945983166245,0.44016194285695726,0.0,0.7693310543860031,0.8201783310377037,0.5545282754599586,0.3672903258952438,0.38422409056015216,0.6655480834605785,0.5973261615131902,0.527723424359448,0.6925854515586899,0.4272722616949268,0.44866168382873944,0.42428900759257476,0.5537323827207569,0.5530103786943057,0.38947485389753067,0.32945279062676885,0.7742299921892155,0.6059350762769024,0.4689346288244811,0.2551810880063762,0.36507350716889764,0.7366067858039921,0.28700754042615106,0.5941521379028926,0.7142900706445624,0.7570448290860278,0.3001236027536441,0.6044702755981712,0.49605891083606235,0.34663526061363314,0.7212440406587951,0.7126872467455149,0.7526680393154794,0.7693310543860031,0.3176121187250142,0.4803799085819002,0.42907324442225653,0.5944451588405021,0.5609400936387221,0.5862676761432232,0.4816810031088486,0.7580426222202186,0.48821785174449317,0.7829156887122455,0.5175389891768052,0.5427400403582056,0.6357070864637201,0.6243507408423857,0.6808887894663573,0.4912693987677533,0.6806988004839098,0.578710891167748,0.7628697236008123,0.6489555654022975,0.4026318796541478,0.4234818789637832,0.5395576040600927,0.7693310543860031,0.5576224001371185,0.5416242618708084,0.6363993199317244,0.38177278880669885,0.3286981251134659,0.720599796191731,0.39191385411836654,0.5963807037063792,0.48649367062303456,0.5396677166376662,0.3484205601616496,0.6194833143960359,0.43247965686796613,0.7317750515486,0.49258555483055944,0.42323870669838687,0.4800419643330738,0.35078082822145257,0.37932484095479035
ig_lora,CD163,0.7553666282301853,0.47703261993371165,0.461608444493836,0.5337136031759383,0.6693024888734939,0.7144875809026335,0.8849965401816173,0.29601326421012086,0.6270248036268998,0.4219960161856484,0.17810882430673286,0.24072364812479163,0.6003183435455759,0.39282634221853674,0.5609297571497865,0.4939378987280516,0.8337181450987371,0.39296757278621575,0.6895300495327122,0.769253479949256,0.39754333407114684,0.40318170759169564,0.16976738203626518,0.29375211390743516,0.7705007070887552,0.5869401806646339,0.0,0.4875149027161145,0.8352286924340918,0.7294569588679293,0.697869566662457,0.5264045676657395,0.4442355520797116,0.7788518045879289,0.7176091031836688,0.6931447154866093,0.4996466592735997,0.4943315123266457,0.5401837907248943,0.5480844185376873,0.6956030912209706,0.6631836997036885,0.18156511417086868,0.3955168242340635,0.3142680394345719,0.3737578334752909,0.5641085781555232,0.7861102154518586,0.0,0.42000520843352795,0.9371364340744194,0.9409452047705246,0.6519404922731736,0.8534485706586409,0.6381270701557953,0.5341100422132156,0.5358770653887587,0.8241203260471344,0.8186167505402279,0.6651139666525062,0.27362238362220653,0.35119591594702754,0.717136040718096,0.6919491850172941,0.6885263981841531,0.6359391793842543,0.6605216854926329,0.6665333694624231,0.5517422456574671,0.8818413272302795,0.7222806009680601,0.6642521491818115,0.9090909870273712,0.29428919073397586,0.5615850910174446,0.4875149027161145,0.6739449946523905,0.5127501536517187,0.7839571082960782,0.6455625814095693,0.2893687967897525,0.18325066695375042,0.6782548881728128,0.7065882938135543,0.5948996531498226,0.5776439385216027,0.5066538882865912,0.28747101688410936,0.5673316976855907,0.6555877962590709,0.32293934378105554,0.8470080791129345,0.1782773452199197,0.48587444881412656,0.5205735345774793,0.25658655959070803,0.5508458816829825,0.46686755838801464,0.42174044444163333,0.6624811415934234,0.5104031966911201,0.7122962391865841,0.7688900566951747,0.7759106629825036,0.3619693983176123,0.7354702494473959,0.0,0.7775546240699329,0.5796073317732052,0.6210779876723247,0.5053108802184686,0.3653556730859921,0.6346719590007501,0.6144722521475676,0.5211966309583915,0.7580113675405001,0.5374533652858676,0.47678053509505375,0.18619161588414082,0.24593850545825416,0.616272943600139,0.4875149027161145,0.46927667769204195,0.6935498293768001,0.6090577331416962,0.3830181206314649,0.17015856302448779,0.18044873709657588,0.7322555780052372,0.17162152816392828,0.724551161715678,0.7627075366137168,0.7643675898416915,0.29372172583287703,0.540603968714733,0.8346187531342525,0.38969530703736305,0.726260900832119,0.7237594683829027,0.7637684498332502,0.7775546240699329,0.1866252141861867,0.688791819807121,0.4997923921611477,0.6215019130200259,0.5289285977234266,0.4954005467484793,0.4564574207753077,0.8256017844522383,0.45381275305859453,0.7415780001628195,0.47085343845085154,0.6880287013210457,0.6962518603974693,0.706888036754254,0.7182308673139578,0.5309796153189199,0.6942220690305569,0.6238128789035141,0.7709590153585418,0.6161283223238453,0.39571912759037864,0.45106054237649257,0.6754488336476745,0.7775546240699329,0.6827259208186086,0.5167401902633064,0.5776439385216027,0.347682743260266,0.5309706189938885,0.7578216531283881,0.17810882430673286,0.7970696823883505,0.5775311881854189,0.5631439401421048,0.48863539895989516,0.743085192738475,0.5466477985565628,0.6306838870572598,0.3716769755731676,0.1815519794848251,0.40860910628503117,0.16976738203626518,0.17403716372052602
ig_lora,GLDN,0.6968222935811479,0.2992450902581472,0.5455802150424639,0.3167384139464519,0.44333837122689723,0.5755268631528517,0.6354712136424209,0.21681772164913773,0.3732048856775253,0.21468093776835892,0.14445551089286082,0.1367934780624084,0.3311119108114526,0.2757706875446159,0.6604190349362947,0.47443400471690633,0.7988931037194595,0.31398589525996595,0.6376312889893676,0.5403275152689394,0.26223962390289685,0.25109887558812966,0.14514023009447227,0.14158636118018195,0.8114634006566153,0.5534715637067786,0.0,0.5978740850163895,0.6686548546095451,0.6949267149650259,0.6673176248704349,0.6318471015875167,0.3123204724516105,0.7784080483178369,0.6097187665822037,0.5364315902760647,0.43431288798309065,0.3387004025923904,0.269519439975592,0.37625014775196164,0.4610212424868286,0.6545566301556476,0.14534530760219844,0.42077205933987494,0.18992066582238434,0.26790886325639895,0.48820855998668444,0.7783556959381852,0.0,0.26517813881096336,0.9428295991921463,0.9641751739097562,0.6097714077706793,0.3480833336348492,0.35610801787006424,0.48461942041742906,0.28525867336667693,0.7510474032495937,0.7326998802675712,0.5814760690371655,0.16561830747576192,0.21857094287717918,0.3696524057147272,0.5147215620016492,0.50865558152667,0.47547412530388883,0.4988099781216515,0.4759151415787236,0.30318487621234136,0.7055968083507497,0.6774353976117803,0.6444999056528268,0.8838818551496815,0.13372705040543498,0.44358387758631773,0.5978740850163895,0.6774794274603594,0.5909440857630107,0.658565887562737,0.4016008100059393,0.17169561725780347,0.10614426162023258,0.39029211235974265,0.5319784023740323,0.5041927872274781,0.6310801358574623,0.3552893324349291,0.22906838421933862,0.4738052198033816,0.5349328674376798,0.20258284389685385,0.826134827093997,0.16497098838303856,0.3658247537640378,0.5724245515502714,0.1990227807496678,0.40663617196005103,0.3311657290228067,0.24997429485113276,0.3998449604898313,0.3851745619429969,0.5311085335403434,0.475479515133985,0.32636419115408527,0.21455403693141886,0.2871534474849906,0.0,0.7635794090007308,0.50020572726628,0.34113144836050696,0.33106744347232936,0.25499777444759,0.3721515505891336,0.5026782628435996,0.3648680466984717,0.5198162143294067,0.6451162366418435,0.3042681242350098,0.1381630634599381,0.16379460992423742,0.40263932625807025,0.5978740850163895,0.25415605450046236,0.6233890950995865,0.33347021953075684,0.2515021210874603,0.14618269379814847,0.13078168973704105,0.6013847474947414,0.09943592078871531,0.5157144323344472,0.6850200916660016,0.7440178854534847,0.16669322913978316,0.4306562475010871,0.39417407149596595,0.31427201566786117,0.684799816441929,0.6552829564093635,0.7840783917974701,0.7635794090007308,0.11672017750824121,0.4523392737582905,0.2902330787965537,0.4550486164847573,0.3956350385823321,0.4462396835186214,0.23994822610802277,0.7412534445028736,0.2959665091378893,0.5845712901032416,0.2682277759753191,0.4086802812173655,0.5735627218224384,0.5394936348508609,0.5505160445423489,0.4107913659508875,0.6093982698625344,0.5329240573892172,0.8002853937208566,0.3715740477885607,0.3929894954093031,0.2131539536329537,0.32151027624362066,0.7635794090007308,0.4460887409248572,0.34779959703615293,0.6310801358574623,0.16756513711184487,0.2307187073734636,0.666445952491861,0.14445551089286082,0.4748016068805593,0.2739431801049563,0.327448730067168,0.33850031707465555,0.6238200633586652,0.6732726940758165,0.4545056823358289,0.26634472249543206,0.14785063572403037,0.2686894126039762,0.14514023009447227,0.14618269379814847
ig_lora,SVEP1,0.645616707013532,0.540974220075477,0.5719507197947684,0.5872665770036345,0.5299201896104451,0.6784390719626475,0.7673137445925112,0.5562663810564732,0.7601811619325891,0.6843009461695336,0.5037533977920635,0.4621656080250368,0.6043932850829945,0.56393403909253,0.7309995186658744,0.4844885517437545,0.6271295019528593,0.5321622752495762,0.5005863174902319,0.6697120734879868,0.6610321178683376,0.6774220632734594,0.44277466398279763,0.5388137897560042,0.6128013038678348,0.6359941098844925,0.0,0.6223929208242925,0.7427412477466241,0.4983090348370184,0.5468047996724015,0.597899218439563,0.5746886544272533,0.573459030378092,0.6226878453744924,0.6027272191369701,0.4915007642261267,0.5141458418548635,0.7105672962835939,0.624253842833197,0.683067595187496,0.47963376489401616,0.5329443743925304,0.5132478675738222,0.33922557606578724,0.5860501103454295,0.6056154630662162,0.5428017412886637,0.0,0.7236804301381862,0.9745801018815446,0.9817226966737893,0.7346710471533713,0.5923177979855441,0.6703400891616123,0.589223071140774,0.6289871264688832,0.5984037676783325,0.5476430773028207,0.3776790706596841,0.49840059260394376,0.6749620776012212,0.5567798914941697,0.4377345537528383,0.4410781850243874,0.39420614786012964,0.41337873091102795,0.41594047034799186,0.6164665875039994,0.6550394795455093,0.5068577669744011,0.46204686770771347,0.7780340121313527,0.43743499208207876,0.5506670222847829,0.6223929208242925,0.5135690077676545,0.6409207845591275,0.7001806752109351,0.8124144171352603,0.4964180165782788,0.40347509208253746,0.6244319354072537,0.5521070751556777,0.5376573225909825,0.5638449114566111,0.4625344956712225,0.48739479030583177,0.6119270186694692,0.6121137383682702,0.4289298121863462,0.6779256460714275,0.4816969907089926,0.49513736010870857,0.619539271488072,0.3790898382650206,0.5071787055266677,0.7471727055950447,0.5991031179688553,0.5613500346552476,0.6065268750783014,0.6729068071203629,0.6365219180152957,0.584580752924599,0.6873472564609907,0.6274683200838679,0.0,0.5662955738218699,0.6439243319274253,0.800501974063131,0.5504153361147534,0.6191159401856137,0.6141412335984289,0.6033808967820473,0.49417004650693536,0.6108292268474865,0.686209027304171,0.7324431570812123,0.5662398046096653,0.6085988114390982,0.7400389686728914,0.6223929208242925,0.5315655721428357,0.5813688007594157,0.5965634630217109,0.7544980202892979,0.29016396145961476,0.4976783042976337,0.7202930549917475,0.39706789944774495,0.4477932961763375,0.5805931139401906,0.5943883767269389,0.48046400116425597,0.5721049042685921,0.5855587261290771,0.5168439313433638,0.6679858211767973,0.5209361596021449,0.5118139996234592,0.5923299356732024,0.4392853351681928,0.6563754481531553,0.6804165502078687,0.4676487960576207,0.47995083450588455,0.5005514015071422,0.5949696707659727,0.5601379294940458,0.7244611772832982,0.6099166318472299,0.7427542796442869,0.7503880074070303,0.6734930448311024,0.4696739094453329,0.5490148833850502,0.44945202688245695,0.5447273767708679,0.49147015964820373,0.5425434761239479,0.6268072651951715,0.6123933210612695,0.6625979496417909,0.4712626439998035,0.5923299356732024,0.4465248943184628,0.4783125684974307,0.5638449114566111,0.5690338869227024,0.4800690415552071,0.528249491910688,0.5037533977920635,0.6165219359808436,0.7543877271434393,0.5693306261572477,0.5969020833964981,0.6126255065874007,0.6890294642082408,0.5166592790426322,0.7725532025588586,0.5472544144860231,0.7818179156580163,0.44277466398279763,0.4825764736983121
ig_lora,CHI3L1,0.7136484767049383,0.5488844945142523,0.5637555807767507,0.5331849156428975,0.46677781394364726,0.6761315311939395,0.6361043989306666,0.4848187162740108,0.6400562252000604,0.5826902863692422,0.3739556022311893,0.471909420751192,0.6266343953713853,0.5319736760160904,0.6758130547286072,0.3774740620514403,0.49614005681423773,0.5430765689931251,0.3273193101172724,0.5624173801056558,0.6518214434965764,0.6101783181150472,0.3465906013705616,0.4870584403467458,0.448627959803129,0.5652168089014247,0.0,0.5080131104138322,0.6052302486910144,0.32540751187020966,0.51550648515382,0.7060890785687756,0.45396370575289535,0.41406155974445114,0.487436147913155,0.7099639756350034,0.5268874978692637,0.531232654813681,0.6287303459221074,0.6806981867712869,0.5527621597762318,0.375426034977045,0.3878036672815216,0.4974809941895826,0.36839253396337585,0.5003344654495921,0.5819806627518036,0.3356984598369246,0.0,0.6176736217515509,0.9328843556557213,0.9708964142838333,0.5977736172887809,0.5469891122180784,0.6749119219464113,0.4461500999630782,0.5760381399152449,0.4237661617849461,0.39998471958667714,0.28298912268762555,0.49048519261982776,0.561042565229345,0.5367276055477638,0.36543558307554114,0.3695498055980848,0.3723998934529736,0.36474274810887325,0.3838327899766387,0.6098720546615055,0.5277079031902674,0.34120398535814384,0.3187061867997356,0.6325738404472945,0.4039163354732383,0.5263098709526046,0.5080131104138322,0.4243037051337791,0.6646829866727949,0.8507669565639541,0.7424690014654063,0.4553240961962654,0.3440365564911695,0.5579453916776643,0.5128597863673711,0.45459707163172675,0.3571139102683632,0.49217481370025423,0.40704305453986506,0.5507105064447607,0.5408915220839472,0.4491661632973398,0.4602506598659443,0.35971075078848525,0.4325760228619688,0.6814759051863786,0.38812901031119773,0.4559394021248928,0.6524414131100396,0.5724160316964657,0.4530491161339274,0.5157522562591972,0.5839463915075138,0.5778310520245572,0.5916565496385265,0.5725541026859067,0.55458572331684,0.0,0.3516970493958046,0.5671548795976212,0.6678017404674789,0.5487181622795413,0.540598825284994,0.5242306320466581,0.467702915993103,0.43495877761815066,0.5078845868030187,0.6434064237160279,0.6238134282425947,0.4139405525030928,0.518015598891217,0.5838233531090139,0.5080131104138322,0.5332755405368941,0.5518865205489236,0.621656039153543,0.6217637001242314,0.26429243900664817,0.38457981318980244,0.5736419751954275,0.33548867364696183,0.37810845531448767,0.420417199149408,0.4415713476884205,0.44284603890647556,0.4690203478162215,0.5652898434509854,0.5305559518580961,0.5625510827465328,0.36107767176820477,0.31855204925961866,0.3660579810399772,0.34123481848250026,0.6011341103867645,0.5948235441887988,0.3906157034205507,0.47321411889357384,0.48989400318899756,0.5427930561004564,0.3612792391753726,0.6436247233572884,0.6105128806706892,0.707084479658649,0.6307343306613019,0.5124314659020152,0.39636560556573774,0.45050635270554906,0.4491102745032322,0.40848227803016235,0.5257712459316466,0.33288255557998736,0.6226105640801622,0.5424358766307917,0.5872079231187438,0.5286588447687693,0.3660579810399772,0.41299808354067974,0.4422013090086226,0.3571139102683632,0.48441706488792563,0.46352423885069916,0.4106258535423806,0.3739556022311893,0.5605944221972733,0.7211896531102538,0.6246728863428156,0.5950336598600172,0.6856924756785023,0.5782969517832848,0.5199554217882647,0.6170128972032102,0.3943167564082025,0.6386351366206798,0.3465906013705616,0.3642669550882064
ig_lora,SLC7A11,0.6143367699694382,0.29234899453828617,0.3795666912961418,0.3995661686323655,0.5257287197424398,0.5478509625356777,0.7568016506439498,0.22798447279039094,0.428881971901649,0.22015915390738675,0.14295285716809122,0.12437126800105593,0.4047239402329089,0.2777960499624997,0.41796640087238013,0.5048277035642963,0.8175748791141523,0.30011554066124346,0.7502250075867105,0.6298362469591218,0.26894881604291415,0.2602557332705748,0.1431294604654735,0.1620628797306868,0.8529180089054469,0.5911329092705481,0.0,0.40042079828223204,0.7957238234012378,0.7980072983445595,0.6692106342319281,0.3545541996299201,0.37420542370018384,0.8235517205377139,0.6597084125974921,0.5374672882773438,0.46975270180580775,0.41244532209867213,0.2609956146539049,0.4508744070038224,0.5497230634947418,0.6878492579391174,0.14358243321105807,0.3564234734746598,0.18508283261490815,0.23340115854892343,0.5399577007512851,0.8628073717534224,0.0,0.26995208595508763,0.6248737260823585,0.5646601915730084,0.6310279800059572,0.38020306327334424,0.4195882052053416,0.5410513383424608,0.2648320642712089,0.814751904049006,0.7990734128048463,0.7192793296593996,0.14939298125411465,0.23433364079028773,0.47312341362169846,0.5645437742328687,0.5596510076512157,0.5122725865506831,0.5354827014866615,0.5267166426615225,0.29599716231809875,0.776737234671826,0.793572881470187,0.7538818931934522,0.8552488272338302,0.13695513682605664,0.4708309767316484,0.40042079828223204,0.7567554889421801,0.3916735535123227,0.6192483549595464,0.4697063275353487,0.1861761931707166,0.09976401353900041,0.5091749433873064,0.6275601455907283,0.558280391617681,0.6455519168058996,0.35445441028256186,0.16794113170869962,0.53802201333495,0.5243314320726483,0.1566875615026528,0.8428671055479716,0.13812170882261648,0.44545668109878955,0.3780547776347225,0.1575824888297221,0.5306536176687814,0.31619292195464643,0.2628407247547944,0.5309808795035789,0.46428485400849095,0.5648015367715769,0.5806355482343922,0.44314719047917644,0.2300311979156176,0.3342927171850903,0.0,0.8570910122431483,0.5536431864872179,0.38467448257929326,0.31555278113055896,0.2548883095025421,0.5095086512773265,0.563910113420029,0.4496895461764885,0.625486386468929,0.41133088041102983,0.2993533561213687,0.13889764694214643,0.16771055617073904,0.45904241391168077,0.40042079828223204,0.26331128117684605,0.7558731478138788,0.4249172163572491,0.2608495873281285,0.14383686036441848,0.12604182304514747,0.659199512332084,0.10998199568993929,0.5821074243777702,0.7791399441035631,0.8340399161167131,0.1681841293576353,0.4991141241486032,0.46126957168103705,0.30091508247494164,0.7692764144982553,0.7463396036190388,0.829003009052205,0.8570910122431483,0.10768810805964453,0.4434496446178294,0.2893362803264524,0.5335026103982226,0.46732283435709077,0.4961475825568768,0.2794840400949433,0.8353000659759018,0.26380713746571327,0.6834264579979961,0.2722459635416074,0.4818798912316242,0.6360269848075546,0.6385878312500899,0.6892443364737973,0.4503280840343941,0.7304618941979274,0.6074923451154983,0.8269083596951824,0.4404190957401053,0.3746667127569238,0.22782562096795222,0.38645729046249516,0.8570910122431483,0.5839723758032594,0.42973971218636453,0.6455519168058996,0.170999801285564,0.25394678845901447,0.7300883930305925,0.14295285716809122,0.5668990207960068,0.27591766552843955,0.39991952129836256,0.29514247077496814,0.5778944675163162,0.4231899746195117,0.5550245226918716,0.27163291896880254,0.14507481018757218,0.27270289182227747,0.1431294604654735,0.14383686036441848
ig_lora,COL21A1,0.5868457329824704,0.5709866696080749,0.5821128836444098,0.5820711382266106,0.4754662861894351,0.5937614740110775,0.6215757265910118,0.37067121450670215,0.6208711069920114,0.5438594824543386,0.26985528741716225,0.4232911003027073,0.5554676661860842,0.44183569230387554,0.7141268437443437,0.3702789191072606,0.38488691124458957,0.44961778275793646,0.29836469159723744,0.5431191545197724,0.48970904934337084,0.4746620336636675,0.25472073246093974,0.44398841609819434,0.3672859039228092,0.4362484379691868,0.0,0.4328702555559248,0.5202006534572586,0.285992739317207,0.6718810357307323,0.8511771268457664,0.34814320658296505,0.35925342801183324,0.4341271668035206,0.657943109621139,0.40420887341779876,0.4076692697413971,0.6599525321119507,0.5113232415548618,0.5262985455851676,0.3917153874141282,0.276666544419182,0.4234645768335929,0.43772345914951344,0.47835749040107967,0.4394247534814475,0.28877611155954047,0.0,0.5030291815523746,0.8985371225059414,0.9571515458578354,0.49998958276996175,0.7637606823181227,0.6025243619421788,0.40916582082737646,0.6457257653230875,0.3682296880779407,0.34570482025867916,0.24195071805574686,0.41770462330954855,0.44271695542179923,0.5658685427389165,0.31618651799744435,0.3197213397543634,0.293313565723463,0.3013866911547694,0.3081820113913462,0.6455976835892792,0.5572443266218806,0.2964144710933681,0.2758590562072833,0.5465411454845666,0.4422202949730476,0.4431643630124157,0.4328702555559248,0.3587589159524112,0.5226976886915338,0.7257169697443311,0.6355541070821706,0.3581084940668968,0.2882598792693319,0.5500040090063656,0.4208318655933212,0.37691509917759847,0.3023711706114151,0.4755418721077486,0.43371430111036796,0.420233657494041,0.5374193945101584,0.5895337839315185,0.4014432082380167,0.27469057996371016,0.34623803588488045,0.6594097268949013,0.31765435045857693,0.5915900054157507,0.5464068514083421,0.5134687549961668,0.4970749166879409,0.38460436702810735,0.6288858350101193,0.6067404592531881,0.6837557568113241,0.46522286627625553,0.7357530048901241,0.0,0.3024285837045513,0.4281431044765118,0.6493405615433956,0.5807692994824156,0.4389483948121891,0.48985172354589157,0.4090445763570871,0.37116546148739804,0.4918277879483373,0.5132941076379646,0.5694496887431846,0.3009128153471889,0.36367901780568584,0.5709389318213012,0.4328702555559248,0.6085501362965045,0.3862407765085643,0.5258260769166756,0.4964178445997948,0.21278181987028835,0.3067796822249171,0.5139610253666591,0.33802244121715463,0.3199916229723349,0.3831878503467675,0.3245246080248105,0.41738532900606945,0.3717605271045261,0.6970283228700025,0.4422893204137513,0.47583863944141397,0.32538539978361436,0.31147572991860484,0.3167895153487239,0.2907647825363998,0.6131131070753734,0.5776386349702105,0.33859652915427774,0.3715116683926335,0.3926276691235701,0.5282184366257567,0.3214707724684313,0.5985685318116601,0.4456154239375381,0.5982261242771147,0.6556252481577008,0.4768948052045543,0.32703287084893373,0.37917990510192917,0.37171008673827793,0.3650679491595433,0.38836510294516285,0.3336617041928123,0.5206006806077577,0.4317279896697846,0.5677396575141546,0.4295976077441078,0.3167895153487239,0.33489661077877503,0.36821311635313464,0.3023711706114151,0.5131770187551201,0.5715903856969123,0.35267469488625786,0.26985528741716225,0.6083184809592289,0.7092659641297242,0.49128201602520943,0.5601691272095997,0.7034958489646728,0.5138887904765069,0.38540949222163723,0.47147333284338533,0.27844637526073523,0.5052222648678648,0.25472073246093974,0.2635080075719751
ig_lora,SLC2A3,0.7255386500287297,0.2848141466159481,0.31761063604249573,0.4335638513796258,0.5538104415985726,0.6631111284298563,0.7075001550405033,0.2683157855652518,0.47260015972430397,0.2899534114101199,0.17742899101657478,0.1834873507389036,0.4504445465339504,0.28531500722660047,0.37946069921729925,0.48690625678817623,0.893626760541728,0.28362838578689104,0.7016483925853145,0.6856601177223495,0.29905841933229654,0.3585092815545217,0.17062484413032084,0.24151916902261766,0.8302434379170357,0.561951939128933,0.0,0.3317832895582221,0.7205022478868139,0.7143910317685962,0.6447500284306311,0.34815841267699515,0.4261991096265664,0.7806406051190894,0.6841099155656566,0.6306245479471352,0.5062419914581062,0.4724954400168188,0.3079159964231202,0.48358070144675375,0.5954068823662848,0.6786594906627287,0.18069207497298986,0.33226884798646283,0.1840851553413253,0.2752153487288135,0.5371501311903523,0.7599626757293971,0.0,0.3062231366805873,0.608206856179988,0.5515612321206873,0.5473790834335289,0.4493052844998674,0.4671510524266688,0.5074773194529781,0.328717826572867,0.833644921617181,0.834488642785642,0.6539057156609676,0.2729670230018821,0.28091581522550435,0.550186290133715,0.6822606289822742,0.6789160040241929,0.6799186021887322,0.6784438170098825,0.6897199769118406,0.3050987784722069,0.7176404553207596,0.7069235491250192,0.6690902002475253,0.7615234168090285,0.1897137808604008,0.5523856863998073,0.3317832895582221,0.7001896847845116,0.4600827202413536,0.7193467553086321,0.48052652348675595,0.2386150272396102,0.16329434271138915,0.5477057511979887,0.713965762798024,0.6115032818829766,0.5408462743762202,0.48674425543896965,0.20915688269274554,0.553125421280073,0.551676483405378,0.21232224966437718,0.7547148269263505,0.1750930989165827,0.46366492033071494,0.39157321967908687,0.22261599550066977,0.575124604963216,0.3311258271453495,0.29244836689767945,0.5559852726094435,0.4728178750802862,0.5295034722095687,0.6182493196227322,0.5099470340521626,0.28379527673027033,0.3949303439933283,0.0,0.7519614315870436,0.5589228474863848,0.43072738644498915,0.3025033990588481,0.28412178853341047,0.5479839151855379,0.579143871536003,0.533964696118237,0.643637095695889,0.4340620515679602,0.3241211705867145,0.18498760487047386,0.221121967512438,0.4833266939652978,0.3317832895582221,0.27819413242720525,0.7823226799517411,0.5509778011556086,0.2983521314744726,0.155845832087478,0.17795117917990694,0.6601791515598627,0.1661362392083345,0.7493364466197331,0.7105698968046413,0.8227854967879169,0.235782016842439,0.5135957865117228,0.5502689612683014,0.2848454241717379,0.7257868605008554,0.7247500152639238,0.7448802092034323,0.7519614315870436,0.17585189993491385,0.5539872833232374,0.3209385709782388,0.6285457052253729,0.5293011713706806,0.48491729528855476,0.38749263882045437,0.815565561787204,0.30600461981984706,0.7614078604612645,0.3137264395414015,0.4772234936995626,0.6280430585766493,0.7367864788364897,0.7478739068870723,0.5759184184948322,0.7071622468438488,0.7282502231283997,0.7525885720852987,0.532297907168891,0.3605028722325814,0.28878888921998785,0.6291784290481696,0.7519614315870436,0.7182985797065712,0.5253464860970348,0.5408462743762202,0.2135441431098376,0.27676723871215,0.8706572106253784,0.17742899101657478,0.6062031506187011,0.3250312290341421,0.5661667159959616,0.3321746877931295,0.6919387909743125,0.3567878680938358,0.6356881534501334,0.2995095582103049,0.18142081908383298,0.3071716749912891,0.17062484413032084,0.17448054947086092
ig_lora,OLR1,0.736782597787104,0.2506272559623129,0.35581947858491947,0.5557608529253615,0.5085162409240355,0.638589694389802,0.6425563670170431,0.44605491884873677,0.5083952171257188,0.4709594657959854,0.1992455482495443,0.24075624360660788,0.4008287298143323,0.2549491213075521,0.5167828583313652,0.5019260010999345,0.803394746704326,0.25381341561951914,0.6387600208804189,0.7211123244831027,0.28351161270378084,0.3315534786266823,0.186534346516319,0.6138407764330998,0.7498915487764807,0.5330282696806974,0.0,0.37466792370813057,0.6620528409132643,0.6735187254684256,0.7146437899086325,0.548731665513711,0.42600865736364,0.7424297955291175,0.6335383352652467,0.6437584901016836,0.44639105488004194,0.4374741254586106,0.3806944726452683,0.5089015846913525,0.6158270571912003,0.5757074151730273,0.20496580400220762,0.3054413324227683,0.16236192839871474,0.39229909861810625,0.5048270018375236,0.7165956819368444,0.0,0.2963178944837801,0.9009024824403485,0.9060035269625704,0.5107865530331794,0.3911458978219277,0.40672387729456494,0.5347235746003027,0.4306801793726017,0.7849903454947103,0.7883501775130681,0.6070307135543329,0.3851067315285488,0.39114323046964045,0.4710113193421795,0.6418244474336616,0.6379730974060666,0.5977802159158444,0.610558770572118,0.6172198975532762,0.2591881425545333,0.6609409118348335,0.661466180018593,0.6154565929163811,0.7629640943403161,0.3877948916845987,0.4712036265190488,0.37466792370813057,0.6469585538974545,0.46993142582204356,0.6919899299139547,0.44550711730740133,0.3543714332703181,0.3102588374149446,0.6473353858278088,0.6483243945999372,0.5603829560736797,0.5076625803974609,0.42904660379794585,0.38798471915814065,0.5062811851282424,0.5287230310366832,0.3214432838569672,0.7483229202854669,0.21573680795453218,0.46454063560461023,0.48364693112111423,0.24757808885664473,0.6357550311241539,0.31895643554154707,0.34904018250731705,0.667691684290858,0.4502519587117302,0.44755993087132645,0.6686971008737932,0.44173885325781553,0.4077290674761827,0.40990103066915573,0.0,0.7064740991488746,0.5159457262681304,0.5257626663284419,0.2696362246507475,0.2865898267618743,0.6545497323678604,0.6324761389203162,0.6040214996780701,0.6005124478306306,0.4440094339238513,0.31770542656605927,0.33079708128833935,0.3780239513735849,0.46051403237293764,0.37466792370813057,0.4393283943351544,0.6418693542016742,0.5472170255183816,0.4311756528795384,0.14378365458208472,0.38523376495993195,0.7227573661022544,0.429880617170799,0.6830874458536939,0.6730079629040525,0.7083725563953084,0.5342070591884274,0.48759492506876734,0.46112496953525217,0.25627080196348395,0.6530026917057389,0.6962253943183447,0.7426930989072436,0.7064740991488746,0.38394177506154975,0.5065689503344821,0.30612132298730144,0.6799718898214141,0.48509924747110433,0.4692782389015767,0.664011725525935,0.7596125042670268,0.3726774399668606,0.6968784194508694,0.40030870123236956,0.5435985039864625,0.6767494518159644,0.6935532733070588,0.6754420207262762,0.46938784072602324,0.6696952108873582,0.6050638858528912,0.7982461346703683,0.46873953853266415,0.3072783289696299,0.40939184833368375,0.5622164960469024,0.7064740991488746,0.6645471677991133,0.47960545131474175,0.5076625803974609,0.37220149923177104,0.23304863336361237,0.7615617234561184,0.1992455482495443,0.5437867127447352,0.2979220403889879,0.46030738742975913,0.3245220940259662,0.7294932020564406,0.4393574488417722,0.5788991869439047,0.3111050479991148,0.2056699127906542,0.30990741149225887,0.186534346516319,0.19340352415325987
ig_lora,GAP43,0.5151592872553089,0.3907860867863986,0.30586777776371726,0.40335257117249057,0.6273597980547312,0.6026976665057266,0.7111700559255454,0.29044798972137525,0.5179512779698985,0.36729671802814867,0.16790400829250923,0.21808602609972405,0.4503740013636958,0.38370949888693356,0.3470246970252049,0.38401204729440114,0.6484676721312657,0.3769550351425696,0.6599531750588125,0.6822329162596281,0.38320193508052525,0.37353736284608446,0.16065496710593052,0.2559045947279518,0.642621998789626,0.4531547365603454,0.0,0.31829008228505795,0.7062527169982707,0.6818813374529463,0.6082860159776203,0.3299203608829595,0.3500926873305901,0.7529276717661065,0.6956548804386464,0.49453412211586306,0.4548658917878218,0.3704996125555037,0.4357164558693297,0.455229812937494,0.6753260338085554,0.8185204398935972,0.17084719513020794,0.3970647407286104,0.23994303568715844,0.42111204201026287,0.4385836042186371,0.6213088785808571,0.0,0.40436200187515486,0.6007340192369578,0.5603413244550737,0.5481802123694377,0.6806992330662643,0.5560669969748213,0.4295543059629507,0.44465732534560687,0.6559286571494976,0.6405790646920357,0.6298287490083716,0.2189455813286309,0.3439663802337042,0.6551320316533342,0.524263647708576,0.5194091951341737,0.47767471458674693,0.49696763500153013,0.49166129744636816,0.44731685107246083,0.7435017235716549,0.6677280085158773,0.7585313426455023,0.7121383002770009,0.2138969828361738,0.5555886309290753,0.31829008228505795,0.6757464635856288,0.3268671846855384,0.5874655621694994,0.5338217466505573,0.2856496809273412,0.161937589809737,0.5715812656067034,0.5413918009986048,0.41617652869621846,0.4486853141197747,0.5913760503690532,0.22509093312032627,0.42110293131129417,0.6818892279256343,0.2565987605969288,0.6197702618808003,0.16187235093855168,0.3702422184100149,0.32219510088751874,0.20304339364851834,0.49367475886406215,0.5135686734399577,0.40485287117109275,0.5802752638424463,0.4059935343522864,0.6489700906816284,0.6191823994041992,0.6578068937916568,0.3497339230187723,0.4779412112868092,0.0,0.6098333900530043,0.44182118954658717,0.5060412652160021,0.5020702532770029,0.3697871103273756,0.5080647376161519,0.6236027342505543,0.3676692850858792,0.5884325018606511,0.3398720238076058,0.45674607367463066,0.17059196008776115,0.2220538522242195,0.5757005055664974,0.31829008228505795,0.37217178830255576,0.6307296167862919,0.5112884015487941,0.3686108317338042,0.16411681851458648,0.15856500222463285,0.7302145120182695,0.14199128131672,0.5193531940969451,0.649003528763656,0.6109296671685674,0.267462893541753,0.4060897921346241,0.6865909884790177,0.4495207977813683,0.7481342276123676,0.6019539829538941,0.630216403961021,0.6098333900530043,0.14982708170280773,0.6730583342448823,0.46265224832192664,0.4872534277747643,0.3779204880475545,0.3879279436846595,0.3474982301420066,0.607774836951058,0.400142786812384,0.6037186455893595,0.41024871896686765,0.5530113827501623,0.709014825571053,0.610117361263234,0.6183871888554712,0.7005412742842761,0.64893958717677,0.6681229024457888,0.6434698094779019,0.47069429340830327,0.43317433095295094,0.3836023982708995,0.4174438390623841,0.6098333900530043,0.541031418284861,0.36632889582032907,0.4486853141197747,0.25410817000852354,0.4295351682903387,0.655976415149845,0.16790400829250923,0.710877760422308,0.4612374599709553,0.4276987076145402,0.44350070169553363,0.5128391558593833,0.34227895159163196,0.635993027764663,0.3644071133454174,0.1704110938030518,0.39454175246537465,0.16065496710593052,0.16411681851458648
ig_lora,SV2C,0.5527334111949646,0.23425984554952864,0.2248902272544812,0.4525272056163177,0.5582423375548223,0.5776019344864666,0.5212108964978289,0.35037908560259634,0.40870634581762355,0.31465751014318294,0.22402291715528766,0.3060406993032744,0.5163502162294712,0.2435704235544225,0.3604143399691338,0.4375338971368443,0.7222622126936945,0.22469196402231553,0.5695268556079575,0.5883842588431198,0.3398027397560634,0.4289085578097799,0.19450455144642234,0.28565164604852106,0.6615888378588194,0.501812943792542,0.0,0.2370547828405742,0.532703265052322,0.6166580420665222,0.5915209120201181,0.3441222331523343,0.43014279323708804,0.7450275239543487,0.6274008886419477,0.5417292335229043,0.4284451787094663,0.44349916705825926,0.30570490729723254,0.4481314224758902,0.6120986682568879,0.5753036658683857,0.23606372443606644,0.2634606136340226,0.16703694586954043,0.30728265775931896,0.4937801601092455,0.5674675874970824,0.0,0.30099953462552653,0.5711341797334063,0.5438144100975882,0.4231734269138058,0.4672511145482544,0.5171746024965462,0.47176347995056334,0.35448246085292906,0.7951050555794342,0.7703731523647893,0.5377992624611982,0.2549469446399719,0.31021642312891856,0.5679159941119786,0.6453252043343207,0.6414700435118676,0.6066482417674276,0.6172807932438145,0.6210382067115966,0.24989755520415596,0.5684825076572975,0.595671597060292,0.5654421752232461,0.6035840859668956,0.21620904128906857,0.5641072255161559,0.2370547828405742,0.6116969068775749,0.3738731657388939,0.5226706626908222,0.44556818787422436,0.27694423817235764,0.24923836788166054,0.45339103876744924,0.6801005208912811,0.5867988137126611,0.3989297569027627,0.5349511921255399,0.2500767320952399,0.4992176364321974,0.4608422083571835,0.2987670267600924,0.5692106668625991,0.21733803588962566,0.41802692593812407,0.40456926740049537,0.27819499839488065,0.5352964293610646,0.34745271946085116,0.29497293105710237,0.5187066622761319,0.47604781105224814,0.4321436789376836,0.5682434869553801,0.48738408384216875,0.31673364926342745,0.39341636392641227,0.0,0.5514478685154928,0.520838992425721,0.4347307074460031,0.331925793301869,0.2806431206954664,0.5140509010645599,0.5841226573425241,0.5478576558237639,0.5919790413807934,0.3123418645624258,0.34509812072857504,0.25342186449221793,0.3152987797200338,0.4750226541368191,0.2370547828405742,0.2544309686028104,0.6741472277552462,0.5341734771828837,0.310618878818839,0.15523185701168857,0.23676227740742425,0.627180154420301,0.2092372412690986,0.64010475042656,0.567113186107736,0.5795223938112867,0.2533857164088164,0.47430170676754435,0.5579763045831423,0.28333506589083446,0.5992482606959366,0.6330343565911414,0.5850240365539409,0.5514478685154928,0.2460648768877675,0.5853738874116519,0.35607043213439904,0.595971644587444,0.4835213273802671,0.4213149893006528,0.44561858344422856,0.7081130037834152,0.3356227422478986,0.6752517417437416,0.3266091729812074,0.41430562838716256,0.581071978965353,1.0,0.8102744219674625,0.643156779991205,0.7430302828437739,0.7629199555471478,0.606318713127539,0.5589119074913671,0.2899800868827015,0.32703238984770394,0.5780121227915966,0.5514478685154928,0.8719981878140436,0.54572225848026,0.3989297569027627,0.2508190801664128,0.2825501371806221,0.740245499858974,0.22402291715528766,0.7140926530096162,0.3324912837840832,0.5167194350460481,0.2993708165955032,0.584047544238115,0.2748879062247515,0.6793237545883177,0.31273311560531253,0.23524465917649695,0.31441947251588714,0.19450455144642234,0.2091709902292492
ig_lora,SLC39A12,0.5875437130290051,0.4191892386694797,0.3929492903216846,0.4422160817843979,0.5327348868886387,0.5876488533622356,0.7820082857935197,0.27417054609651004,0.5107540053379284,0.3269022645242561,0.23415520914490368,0.28045831271344196,0.5504520614250035,0.35345229528056876,0.47448713076307086,0.45979562963179227,0.830141699666063,0.374858078356217,0.6641010172808288,0.5630236961471057,0.3951276490726323,0.3566340229807558,0.21280291080502534,0.25326438964318454,0.8468699368543313,0.622695579575707,0.0,0.44541295173496553,0.7900256103954594,0.7373746577686182,0.5961142314520526,0.36315281570207253,0.3728099224481412,0.7977958159770057,0.6796267589566855,0.5514733049560151,0.40218796218229363,0.3921282737383374,0.4373165624356749,0.4423812317864211,0.5662051839203887,0.5877393697159385,0.243467828513106,0.3223574516975301,0.28991621028855713,0.2998947607081934,0.5435172618072865,0.862762613334028,0.0,0.38331617739957846,0.5930840961578047,0.5844938137011846,0.7359926525302144,0.6056281804069181,0.5660881348767421,0.5631383371967819,0.40949288661360794,0.8196216751619563,0.7790694114833768,0.6113472477572296,0.30834839038450457,0.3164983264410896,0.5486737284334985,0.5290140519714792,0.5228168684447881,0.510607685335666,0.521312369684527,0.5098245035011505,0.47022584649634475,0.8021307901450747,0.7242970757228951,0.6188865979047636,0.8449000864620615,0.22507351985581905,0.45361931116743787,0.44541295173496553,0.6462118512006454,0.5148143517690589,0.6179302234109563,0.5538770613950562,0.23101946402728843,0.17635232042495277,0.5418679628570444,0.6030958826407968,0.5524032524995184,0.7244501978628555,0.3750295803625158,0.24179785160733722,0.5343019571679852,0.4916006376034357,0.28336448256583063,0.8313738461684043,0.2161421329162324,0.4108773619882064,0.39364201794125114,0.23040811434441197,0.47213217176847583,0.44186787717368337,0.35816322935207917,0.5217881262102274,0.49001659297591954,0.6358161972686552,0.6022030306661638,0.5345972597172572,0.32071672612311364,0.5279620296709369,0.0,0.8502864872734851,0.5724127772493914,0.5023279455614799,0.4429395609442664,0.3215654162870568,0.5036358932268871,0.5554423211496781,0.420751172755465,0.641831313205348,0.5498415836325388,0.4175793153029904,0.241924417309635,0.27250718628767867,0.5350650483372432,0.44541295173496553,0.3690624353503623,0.6960812814495355,0.49173462801403994,0.36143472015654776,0.19200971820587348,0.20398498797794895,0.6480935860208632,0.15901836678151263,0.5638589497273129,0.7479407946244899,0.9092875775944319,0.2076700744477797,0.49506480549034265,0.5926061540660206,0.36850778749026,0.6754209724685266,0.692747646535525,0.7974931196068901,0.8502864872734851,0.17906815046918598,0.49319061213793586,0.4217610653352502,0.48216228580841125,0.41229729553070904,0.4465893411190329,0.3230800945038931,0.8087239799319501,0.3990163628564985,0.7129753402443957,0.4652699016901432,0.5709414899011844,0.6066287446631864,0.5723880734011156,0.6181018305261958,0.39280887557405453,0.6499700975623011,0.5499724236217743,0.8046595855147132,0.47504617590131865,0.36700525716941645,0.3649552377464408,0.3465746780748976,0.8502864872734851,0.470275010317321,0.39799293941549735,0.7244501978628555,0.32135337914909684,0.38830382828401144,0.6757809870565593,0.23415520914490368,0.614463978993727,0.480034425905182,0.43971262729286353,0.4058394443171658,0.5354627287800876,0.48160069740778155,0.5037652934824297,0.3738916102503662,0.2491039282845635,0.39439788934065667,0.21280291080502534,0.22759221422261497
ig_lora,COL27A1,0.6903136904218911,0.27080326949037115,0.6937600608901464,0.4982952466597694,0.3170309783614024,0.49409687161517146,0.38348582384646784,0.3728441277832212,0.386352981861363,0.35935176413373215,0.2480051020412013,0.38834275282300174,0.3905801775175782,0.27634392076268677,0.8646583716773303,0.42873121896173527,0.4776245227541409,0.27462718624837934,0.3492581718703396,0.41488379867705044,0.3624752286197464,0.3403951574201282,0.22640235588561206,0.37994031041336623,0.4110539178897028,0.47601701842392735,0.0,0.6011589937365567,0.3854400391348191,0.33391182603910763,0.7368384920945618,0.9810168872466519,0.3665857439668218,0.3921603145317192,0.33918521203828444,0.6612390497130972,0.4299109087660246,0.4267037440267169,0.3332447991246088,0.45779018788072645,0.3726155853769147,0.3305584085788889,0.25668334322111575,0.4131895791229488,0.1978068248137314,0.3311521664678888,0.4730844663044104,0.3470764136168237,0.0,0.32372047673825954,0.9037764658308021,0.9609594730187035,0.4124825897633105,0.28617950005584386,0.3886738377247182,0.4624834323445435,0.35205613539365355,0.3957067977953158,0.37776491879399293,0.27519901805074454,0.3034776291996088,0.3320848966312143,0.3187391959876124,0.3241698611354191,0.3278860441772998,0.29929333595420166,0.3075812771242784,0.3157935440701564,0.2810893201477366,0.34623079970102344,0.3525635940011699,0.3250350393156408,0.5391292668893045,0.27954577924542207,0.3919893232053,0.6011589937365567,0.3778448448713847,0.6663114225496001,0.6903304939654242,0.4286381145655773,0.28543558512134015,0.2709922288037394,0.3226934849635901,0.40273973786697176,0.4287409901760689,0.37330216168592323,0.36369920747340007,0.3222855399585424,0.4584770207606723,0.39722030959230586,0.46322623189207063,0.5266701471072688,0.2601873209348437,0.370700991064363,0.7661022210171812,0.30429710032724233,0.63420481136645,0.3543797246385979,0.3040996847949014,0.320183497437391,0.4133603723431013,0.3612091849987958,0.3965056007027877,0.299315667007862,0.3467169369764961,0.3258504105695389,0.0,0.36548473278112925,0.46536717368397545,0.414318976675468,0.30368472451549605,0.3071924078917451,0.34441995382384955,0.35628219201909456,0.40415245948961126,0.3696376445776679,0.655967483390674,0.347542938355532,0.2858121121670862,0.3385501804060808,0.3839118239348937,0.6011589937365567,0.3330326613051334,0.41352644809405337,0.4020122519338018,0.358205087731417,0.1796298703658845,0.29830246657389103,0.402237975343994,0.32916144021138527,0.3378306695894494,0.3528151880068574,0.3837120986870063,0.33914011165387836,0.397794606381684,0.32576937772289,0.27731957839301835,0.42176572647022664,0.35746855805050276,0.36404671855701964,0.3814413234968766,0.2841896645649291,0.419001628045513,0.3343883289450375,0.34962819073910073,0.39671404876393507,0.4284618166045503,0.4403046077424527,0.3801255255137394,0.3899483064055422,0.41324782809227084,0.35063612752158085,0.37883111225135035,0.37698465617882093,0.3478273780592206,0.4155836899055377,0.344371506645993,0.4158903587301414,0.37102483008282394,0.38168398477353743,0.40917148337608344,0.34820212321980987,0.3513139197333081,0.42408202826565433,0.3814413234968766,0.3602231993800749,0.40514207308827094,0.37330216168592323,0.2973685575283855,0.2505076360700754,0.37176028592940347,0.2480051020412013,0.3407997776601196,0.34896934434390964,0.38888827243560115,0.32084485309007,0.7525272159578895,0.6641338894623635,0.4020790899046929,0.3424159404697624,0.25748391064793946,0.33961708437005605,0.22640235588561206,0.23805793892148486
ig_lora,SERPINE1,0.852764358730775,0.2775847710316829,0.7878839821783279,0.380206988565165,0.40312322839802617,0.6636856495729951,0.4590482680690031,0.302321616147054,0.3784965056312539,0.29543767737943444,0.1652688586744678,0.2115726062176655,0.34978756933338306,0.2718252107680834,0.745570885345991,0.4222338388898409,0.7823213244096434,0.28394520063020173,0.4613593999649833,0.44220033699523,0.28856027770587234,0.3174493536914447,0.15557052991694312,0.3000556923327084,0.5927925618909411,0.4255755566109766,0.0,0.7009077930988039,0.4746365122110334,0.518339575224357,0.7557048351108536,0.7805827458377822,0.33376293951813596,0.594577291346431,0.5746821005281023,0.7781585339619771,0.35495474320433534,0.3427686665403157,0.29916503005024914,0.36942515376741697,0.4402773087662738,0.4524109433903581,0.16980148807410678,0.4803644980674478,0.18007158400317966,0.2744522351193636,0.39954661472374964,0.5434801806886719,0.0,0.2807171058759688,0.9072890192227563,0.9585448438974259,0.44829454760537146,0.33363483008835804,0.3686028904178789,0.41588978194757137,0.31469580330847713,0.6065246986009369,0.606914621200502,0.38455734708348105,0.29467726933453847,0.27458633620299594,0.3614014487529533,0.49327126145697653,0.4829727805118438,0.5058678700938173,0.4981647408697245,0.4919325792814938,0.28342023118284404,0.5198847746924036,0.48652750544638845,0.4468033884284571,0.7646980826311078,0.21804636175124553,0.3989377201766618,0.7009077930988039,0.5195871719720702,0.7980286299117344,0.8780183829878301,0.3749536435009243,0.2359566618443556,0.1778281425001802,0.3596358710272017,0.449289490431346,0.42889054954180506,0.44366448463735036,0.3334729816453981,0.2736264155569218,0.40109420481115926,0.46172991455788187,0.29073528812251587,0.7336491555496634,0.1796300491690346,0.3570855542780415,0.8246692582555021,0.23771812903396194,0.46955209259800895,0.33053064064163046,0.2606267340012502,0.352176527507344,0.3751459904652343,0.39278759903023885,0.4393422838391723,0.2845232545609959,0.28338742518576093,0.2975277011455091,0.0,0.5073820188184595,0.408493214646387,0.38134272401553915,0.3153014017511528,0.27079133795095367,0.338086130707972,0.4880282210734503,0.3890165947620085,0.4557530369654345,0.7800253843329314,0.3201696693971791,0.1920932961398877,0.22458029852172137,0.37489152417428084,0.7009077930988039,0.2901307470040696,0.5336049414746071,0.38924544439471653,0.30199304931581655,0.14434428993319737,0.2074162713421847,0.5033754789687969,0.20716442309704083,0.5202462890282818,0.5133550142189053,0.5656838585788879,0.2773169917027968,0.37823648053501296,0.3635192496363585,0.28547975789985636,0.5123662647696067,0.534953733209908,0.6069300095512212,0.49030551608621903,0.19656670031491374,0.4468483678759157,0.30727566572910686,0.4373030140911258,0.3595315523858547,0.3933922591173224,0.35754254709272365,0.5238608628036959,0.3323090822575708,0.4845497341288261,0.2958754038413487,0.3962934957363325,0.457156407144487,0.5154409902431469,0.46673795886577374,0.3662377548705994,0.4640052492780447,0.45645169517007017,0.6080524165109261,0.37996197768217377,0.3547559012209151,0.2810341165802471,0.4231052864567111,0.49030551608621903,0.4366001184380508,0.36465599089449624,0.44366448463735036,0.22169328338796634,0.23092339941758208,0.5737126051095852,0.1652688586744678,0.4044805618854638,0.2850356735301914,0.3834974092452302,0.32212319954342555,0.7860420412646965,0.7367988579269473,0.4350194713388326,0.2910393222355939,0.17094728788550553,0.2902313850486024,0.15557052991694312,0.16116207826914764
ig_lora,APOE,0.5948757171077715,0.2697602358608805,0.45976928103646336,0.41139780081887467,0.4804775117973339,0.7139906511374817,0.3890462015880681,0.3729656974057651,0.4459966605391583,0.39223725319025443,0.2181714878816921,0.27594734597276976,0.4449632414930875,0.28301022808207177,0.5207645038042433,0.35390904694093756,0.5806488640955462,0.26237840157811754,0.3753761989962442,0.4445371511760915,0.3236946578653538,0.367057169789309,0.19963812530583178,0.37007946618321,0.4540332534028363,0.3891341353301385,0.0,0.44746538363343213,0.38184403674748113,0.3666116785076247,0.5788950648330167,0.5921953861915082,0.4066101627819757,0.4926374075340363,0.5526611405581899,0.6267237446677981,0.40300637540608875,0.39307319914675376,0.3727038307839677,0.418422859727091,0.5302190654310333,0.4109656807904036,0.22657824607651264,0.46106222987925954,0.1882696093584669,0.41236269415675664,0.4008205469285766,0.3413850149978174,0.0,0.3447977089789414,0.74699315245101,0.8063544699461548,0.35333965050211197,0.5860705701422879,0.4836059432393881,0.3675712062471316,0.4142436575026205,0.48258392700555547,0.4751328441490031,0.27401628751970675,0.33068780654566,0.3537207508492416,0.5003238057345714,0.5254600204027607,0.522437472762014,0.5482460644823527,0.5469183168428738,0.5464664664386991,0.29627824552404164,0.4053156124103708,0.34347632858298877,0.3452651064672217,0.5427493807586545,0.2608591894281039,0.48684455992507425,0.44746538363343213,0.4550188940013124,0.5363039301920973,0.6047918566360573,0.44739065931016125,0.3247716858129677,0.2752607777911068,0.37473492595994573,0.46880434994737796,0.40582993122705824,0.3101745201728265,0.5998247441080508,0.31079323456887215,0.3912621265836147,0.5924455613317521,0.32505347652654093,0.4919759082736874,0.22411287977925948,0.3646154268638866,0.5277290706920507,0.2812746665875541,0.44667627106421764,0.3605136512996408,0.3507693041851446,0.36431143332780064,0.3831056482849617,0.3922643868125168,0.47783990851578256,0.406595217002499,0.3678775639817755,0.44636318149078186,0.0,0.334226156465185,0.40204092967128147,0.49150874470434497,0.31974912048236276,0.32070227987315914,0.37572106130810545,0.5043594144438692,0.40526664608683705,0.43270691826295,0.5293839622859998,0.375364070317457,0.24686898417983946,0.3025530191937012,0.44285253514588296,0.44746538363343213,0.28694276457057766,0.4910278581527568,0.5472525318518073,0.34775750867589883,0.16356242751903663,0.24429369766306724,0.5203789065484844,0.23458029045825796,0.5414208355748539,0.39403381276960747,0.4131382421144325,0.3422334866541311,0.3754513540174073,0.5524118579722495,0.2862048236228979,0.47288796242017267,0.4151627314929614,0.3803514956936728,0.334226156465185,0.26616663275269725,0.638868586431521,0.3850762543320268,0.46790161636868016,0.3783302015791912,0.36997916823290455,0.5036613510766946,0.3796762281036418,0.3746735518101022,0.4508335007258864,0.3640147531964448,0.42995767363750464,0.4783297420422318,0.45585983686277415,0.43867626112325886,0.5293699639634191,0.4254027145248315,0.5154188256425443,0.3906720491464051,0.4764040194422036,0.37065643700972367,0.3715689249650578,0.6019866843940513,0.334226156465185,0.44030485071405034,0.4085813408686835,0.3101745201728265,0.26996390792194874,0.3255814629606861,0.4826813659644582,0.2181714878816921,0.4748370491812979,0.38382582554370714,0.48240177533686274,0.3145316000560923,0.6309094224916196,0.4652890809355795,0.5085620757598512,0.33400298874251455,0.22573688208933726,0.3495721600469614,0.19963812530583178,0.20853103502465586
ig_lora,APOC1,0.6526598301111837,0.29055632285218197,0.620319482459603,0.43932330096870165,0.3487027120621668,0.4966399848218905,0.4105793969770937,0.39986889706274614,0.4184356540344052,0.3688807489227537,0.2602131316187715,0.3726695309786291,0.46969632739591693,0.3042537532198592,0.7439649957610145,0.3681307663770911,0.5040039062308695,0.28288541227322134,0.3716773722415529,0.38892537496474483,0.4109461536017224,0.37557925242931844,0.20645096985424327,0.3138246840614375,0.40674559424393786,0.47100813106226685,0.0,0.6674794560269888,0.4050719956694075,0.3540112710829767,0.489753237803466,0.6413236965720828,0.4225203004529314,0.38766009830820153,0.36224920368067304,0.5422491546995551,0.4583861359797091,0.4691124942334106,0.3597275739852689,0.5048216675802265,0.4033635823104559,0.3381137635464678,0.28150533354873974,0.44166261082016994,0.19785021159925267,0.35640419800162004,0.5041864816749413,0.3714073207751915,0.0,0.3624439843536271,0.915535404183838,0.966082016260306,0.42673950980273767,0.35888065636145017,0.4685313707821584,0.43039713936300833,0.3545232247819495,0.39153217283987324,0.3690639933562653,0.29839194220565873,0.2880999695139474,0.37096463676330343,0.3588898690687095,0.33642580010073997,0.34028964505786546,0.30736939901465554,0.3142510742718923,0.32951061566924306,0.31324341325796806,0.37143382171087524,0.37567795580161933,0.3456385821962689,0.5733478557432091,0.2332058141887203,0.40100098822078634,0.6674794560269888,0.3730562795038315,0.6595732309048826,0.6083696463479181,0.5021383807743953,0.30549038164179376,0.27802118400248854,0.3117649966715745,0.41500401898286743,0.41414655997246896,0.402195113936485,0.394310659742044,0.29833470387099686,0.4788664765985853,0.4333043334717305,0.33504808386662716,0.5772000231380743,0.251803071520466,0.375099845045398,0.6521116896115692,0.3145041614938383,0.44731909953142757,0.36261272309100706,0.3323091506465701,0.3060758722737354,0.47170360815391227,0.3944503048416192,0.4042630743525894,0.35226915817581494,0.37769306288217386,0.3870714731266912,0.0,0.3911673570038508,0.5000714304856229,0.46756299659360917,0.32785454077240983,0.31594934117739754,0.3813432758989072,0.3748085147367411,0.3894280265047864,0.4186546855266007,0.6979515815396823,0.38700519974689024,0.3091758815760406,0.39008639844868936,0.42975539412316494,0.6674794560269888,0.28663063942567907,0.4374153628671219,0.46040395796385475,0.37911606602895,0.1838862966651427,0.275617056359083,0.43797640044344405,0.2233495598560948,0.32430095602013126,0.3659796213272152,0.39696734154564706,0.27568816647478345,0.4185691402216119,0.37382431270019245,0.2850616652913077,0.43824142213706174,0.34836823442013864,0.35425808380236185,0.40712394771959814,0.2721779294516972,0.45213725551412454,0.38299139521115316,0.3499356066292568,0.3956250766013782,0.40817573025824044,0.4145127913187817,0.3815400755240174,0.409375566187263,0.45508692737534506,0.38647473027106255,0.40187268917945346,0.38997155487078944,0.34484193567799293,0.41246429598889717,0.3697244776897334,0.3985845102479137,0.38676182029205936,0.36468760186848087,0.4737001927251722,0.37466448587437645,0.3724106791028463,0.476964159140273,0.40712394771959814,0.35955156762766455,0.415238588361222,0.402195113936485,0.29159126028667953,0.29996451140633,0.3716370227365543,0.2602131316187715,0.3795409432613316,0.4005748634436204,0.42298736262592335,0.30879195088709227,0.5991583457710122,0.7199826998122011,0.46789373729390354,0.383381476114179,0.2828366362598974,0.3878087633835007,0.20645096985424327,0.23509559475636355
ig_lora,CD83,0.5395041923454462,0.2916440144430712,0.38134991988084066,0.29616594449451633,0.4302957384407938,0.4702920427252699,0.7284696555147915,0.18561213152694594,0.3433479994570461,0.1893408936137647,0.14467443513827502,0.12332412777154839,0.31548702997732475,0.26028887955267077,0.46055447712850534,0.4399873810318967,0.8163227829676909,0.3147422299275958,0.7196799491736128,0.5114433723420779,0.24111987272690208,0.23177757835776888,0.1459420641605007,0.12046400636333847,0.8335031847751764,0.6065428315494847,0.0,0.4389216176656762,0.7815699616132997,0.8015437611534402,0.6019732450913398,0.3465988228188531,0.2827003976240895,0.8221289654729093,0.6092602952895647,0.45051969413023185,0.36955315458136084,0.3239338901455919,0.24244177551897686,0.36690821452248995,0.47125286940195305,0.5757176507439495,0.145948782693183,0.23183173832380416,0.18834410005908378,0.1830959866036836,0.5095974695957848,0.9616648411829135,0.0,0.2511343482479278,0.5912109677656768,0.5810586699449481,0.7069139779981474,0.33473555951705114,0.34621164296245105,0.5076638047846579,0.23074130550362715,0.8327804090865092,0.8072049435733604,0.7715641721291884,0.12866128356098946,0.19712637836624622,0.3625390849123302,0.5301646082502769,0.5239001363602807,0.46869422084752527,0.5037436698611506,0.48642950860157597,0.29943789524582487,0.7416623773973969,0.8034186564501126,0.6716257126811614,0.8647747336633932,0.10865257730715698,0.3768417403983304,0.4389216176656762,0.6601516509259732,0.40713564753639125,0.5357638027238623,0.39829474874170046,0.13641739183728624,0.08801545291689176,0.41653540880216894,0.5154971406388447,0.5383106795012224,0.7658263036960369,0.2672086238643674,0.15099009423807175,0.49623558614478114,0.4021951238729561,0.14376670207291678,0.9066609619888308,0.13307967910913568,0.34865993347887153,0.3777349192598738,0.14524984317721876,0.4118962712200957,0.3125620547689837,0.20687883277438246,0.44547791337678394,0.37675464378390083,0.49329298924556675,0.491167630561204,0.33874454677502125,0.1948794389726458,0.27022793040074633,0.0,0.9578313253012049,0.5304626772486146,0.30781479732068207,0.3108725107179887,0.2217136587927075,0.4205301143075377,0.5131374994373551,0.35080742986034086,0.5456627568168395,0.4497265224835901,0.28446097743297366,0.13607213526633297,0.15935030129793934,0.39562172370406673,0.4389216176656762,0.23155183441399246,0.6142409158167542,0.32793586997605634,0.231027152541519,0.147535838420721,0.11312778198518426,0.5830818346201971,0.0888212204045922,0.526374736151599,0.7665844377886907,0.8910972315175859,0.12664477380082462,0.43511800637912956,0.38125745429515534,0.31511263375697174,0.6608535818956655,0.7113244324112796,0.8576492968192785,0.9578313253012049,0.09445225506474411,0.3672134490851959,0.2730595781645934,0.47445651857852733,0.4191987266121616,0.4208498769325287,0.21340856106585937,0.8938275562124947,0.24125542525054902,0.6264704328439334,0.254259260115955,0.4099529025867159,0.5585223929349664,0.5678415759631157,0.6053411908369007,0.32376364715089273,0.6826241115696442,0.45243589292594444,0.8561506594406344,0.36084974574843764,0.25657413772142623,0.19533733343789472,0.29949064833917766,0.9578313253012049,0.46152638538682983,0.3316837231600601,0.7658263036960369,0.15937756351879143,0.19561038901171302,0.6681681454218544,0.14467443513827502,0.4798495856034158,0.2646613118620211,0.30819143085449513,0.2973267272054089,0.49782999196064154,0.4801695222367362,0.465537641493613,0.24693542906632696,0.14976712238502934,0.2539435412302069,0.1459420641605007,0.147535838420721
ig_lora,ATP6V0D2,0.4162446276252571,0.18570647152666916,0.14271861257884902,0.3670163579963656,0.49735380298269083,0.5867760777888495,0.30480767653814395,0.3074760747948885,0.3290639528590345,0.28851636788988944,0.24840213493387578,0.31027140263205216,0.41444088265480916,0.20203320919881038,0.3284364057486862,0.5590276800747249,0.5022753990904033,0.1792559627286141,0.3516450567350503,0.48224071326980306,0.3090345107331959,0.37471806668734164,0.235135043929034,0.2613403946254589,0.5083301831914728,0.4418186922878247,0.0,0.15037179447459706,0.36661440200437195,0.29515469196888056,0.38994289049352343,0.33670054638280805,0.36738497114370805,0.5140168912451171,0.4221701605481451,0.5357936641281024,0.4087606231237197,0.41526992470700697,0.283139769642015,0.41447414198685306,0.43263115911838884,0.34677384276497214,0.25437876961292055,0.25600633046416915,0.15230506833431806,0.2787126689914827,0.4482225949843411,0.28258233639713215,0.0,0.2764688334916194,0.5132309897062322,0.528027894130536,0.2820384494409881,0.3536511970686531,0.41630895202427964,0.45354198789542927,0.35114747334854074,0.5982027348025928,0.5943136655852875,0.2103827830510897,0.302378596760105,0.2777400888366181,0.4569660423643711,0.6763759067345977,0.6816829430468605,0.6813411955601245,0.6776762209891419,0.694661794940075,0.20306776436648133,0.3168542431857131,0.27086196873758084,0.2687234128196393,0.34480687062753,0.2436201485362227,0.5842357607884215,0.15037179447459706,0.42246335753346204,0.31594651835684223,0.3669755688125215,0.36193858833724507,0.2671302094997841,0.25370008334343847,0.311027102675031,0.7567331916269825,0.5957958072472122,0.24517769984971854,0.4442027847352809,0.26087512786306083,0.475249649373218,0.3575763959405483,0.3003182442868006,0.31547563243495624,0.25442650834299957,0.36364820187290203,0.35490106613401345,0.30155551064987646,0.40997183569525875,0.27410247907941576,0.28690850107594074,0.31768409312916834,0.3972701583286887,0.27895878541975355,0.46222544468448534,0.4752697694869094,0.28342955475427195,0.34055207443545166,0.0,0.2863140110951892,0.4912676824305378,0.3483357409103175,0.20203476338192,0.25631605078797337,0.361510082806249,0.3780705550284036,0.721892386420054,0.4242440805079427,0.28370828581672136,0.2853888751141044,0.2616019186355161,0.3165932622314309,0.3837242270239002,0.15037179447459706,0.23150411140277496,0.5236541128240623,0.5076591113207094,0.2812834761690079,0.15868197835907985,0.2580314460168165,0.42243954483506824,0.22896744513289483,0.7308742444052986,0.39466071010188086,0.3677560133086451,0.25432140864929875,0.41457799978828264,0.45551601953490717,0.18403008334357926,0.4932485789495096,0.6828483577366227,0.3148758755913067,0.2997511010829737,0.28134637841067184,0.41950729891519944,0.28816469502185527,0.6284540424525918,0.6046513949494224,0.3856547853854653,0.40437429302599764,0.518452475169899,0.309436921327944,0.5005536048787578,0.3078759454882892,0.38110978796652556,0.39912104716885716,0.4914019400393616,0.5480068776031528,0.5710462882789067,0.4346831868771033,0.5132924888116592,0.3397750887354801,0.570482738004451,0.2669468689056372,0.34914936322815315,0.7299284503956712,0.2997511010829737,0.7139740058551656,0.7708630789067337,0.24517769984971854,0.25433789051399036,0.24313990489316212,0.6673587050702329,0.24840213493387578,0.4056322110471048,0.30872794462519276,0.6620250402255972,0.48241546070798613,0.5230228552034755,0.1916023075950626,0.5534246055883093,0.28106769139888305,0.25492724400009287,0.2844512046909062,0.235135043929034,0.2421874370578021
ig_lora,SNCG,0.3490297180644626,0.5625080787856935,0.23057562826081113,0.4779023727746987,0.5491748090662119,0.5246977233559847,0.5707542112609726,0.4590266402650393,0.6585133447676159,0.5859494739707856,0.35837753264919225,0.4254440356609717,0.7485269493410868,0.6651023266369451,0.2968807360942226,0.26973471513293756,0.335005853966931,0.48740619755129466,0.314054856705234,0.5142095518062586,0.5808936475661519,0.6389266054106849,0.2783212218151826,0.4199102214284612,0.33020368788810767,0.3524457978559625,0.0,0.2347010122157655,0.5020659009741238,0.2462793834405399,0.2855094940113325,0.2721017033061941,0.4196258670987785,0.3440060815212527,0.5014428967705339,0.4260601339212718,0.48529533868013797,0.39564977167913046,0.6666202752911452,0.5351637290242875,0.6067449503444793,0.42790346473921,0.3729674105367625,0.5126175521470933,0.39203604085023386,0.6878835054946322,0.38402588446978747,0.23805701533390766,0.0,0.6504532654017544,0.3922519032052067,0.36644525884375967,0.4673521185020245,0.7955151586304667,0.7065207186739203,0.3208927061918112,0.6507568989756943,0.32142266738977177,0.299620918975363,0.22091656681904548,0.5276339231612511,0.721412481563668,0.6671757574081951,0.3165431392029626,0.31731439331922906,0.326542470014829,0.3201705508416672,0.338083146934576,0.6385936303012251,0.5618137510494647,0.2505034641957576,0.28794181456311385,0.42923048312772305,0.4165670849359577,0.5659650584655974,0.2347010122157655,0.325692169274896,0.32350291464262937,0.4992141681962153,0.7466303198176444,0.5174776154189146,0.37546218449682744,0.5645928782853058,0.4124823787161815,0.31289152627125816,0.23026993485469363,0.624963149553511,0.39161137211944524,0.440761822933207,0.691936176851569,0.4472360657603737,0.2535939530209119,0.3016817781664131,0.32322786552150196,0.2730861628165752,0.37808866409734354,0.4223488214982677,0.611458376778132,0.6494649610940016,0.49484578828830506,0.4100762918580165,0.6087724817932376,0.6250603291350064,0.746387975105913,0.6019458842287683,0.7207339270644213,0.0,0.2374105391345874,0.45482977360209703,0.6775673354949335,0.5684758904854307,0.6076298063591283,0.5413008170093908,0.42706021752460455,0.3455568158644845,0.5554019218655187,0.3278343669763319,0.5970834369721355,0.3656377971719727,0.4668499135998236,0.5744766758440752,0.2347010122157655,0.5481252526532331,0.4627685327715906,0.6600960809915626,0.5576070956478132,0.3328114836814736,0.3377807132578766,0.58603788526871,0.3271026725856646,0.3194631547788504,0.3332035846129504,0.3232262362187575,0.41977586271822276,0.3508274915184752,0.7060674199939359,0.48738888316719314,0.5105000568573175,0.28416122098161656,0.2379080018861045,0.23994501105125332,0.37434418337350767,0.6960691125194982,0.6719559188487016,0.4456503374428033,0.31055746098388987,0.3131018285138839,0.4925366650911028,0.2534257608584433,0.6233316894976795,0.45259246961107674,0.6732876731163038,0.6471524373921351,0.6284934465517751,0.2959951961691845,0.35419568748773506,0.49537485002797527,0.30545852426966874,0.5624243823466099,0.24436342482562512,0.5764629786223537,0.5872222891992034,0.6002946444389785,0.43868838435038343,0.23994501105125332,0.3106521688858509,0.3473497230599246,0.23026993485469363,0.49334624674556216,0.7601599281942918,0.3484203400553058,0.35837753264919225,0.6467338428458672,0.7266898481141236,0.5814275273329265,0.555520032650535,0.39244696943172636,0.2515102127545061,0.4429490183698479,0.5599239124571974,0.3362877837861304,0.6221668733232606,0.2783212218151826,0.29979031884145957
ig_lora,TPD52L1,0.2817838524060983,0.7991259307219165,0.2924682896876061,0.3544898854654909,0.37789744742089726,0.3893619603418526,0.7539355687660791,0.25885915291455147,0.5565215410497989,0.4466965194991573,0.2545714778183563,0.3427149303959517,0.5159647927580984,0.650500443221762,0.3248372270601096,0.23399033759830276,0.29026988541575954,0.866083953814611,0.2605752699860091,0.44232433220182804,0.6507912513963207,0.5529086376929335,0.26221751624912,0.2901923910556778,0.29480330158056456,0.3277245277808163,0.0,0.31191822863274526,0.7045061102677392,0.2851871986234547,0.253588936357412,0.2558048830300369,0.2449915281492205,0.30595219699235227,0.38619107818810383,0.3527742514377176,0.27142276350784866,0.27225040969039865,0.6168692018375534,0.43897967375663444,0.43630525551255944,0.3237374142037325,0.25591156611394716,0.34556739550433774,0.5976725342700655,0.3688173167824692,0.318678108409566,0.30377660950567925,0.0,0.6187595305876815,0.383237000686889,0.3718737148917982,0.6948444412053905,0.5184934628265222,0.5747068513116007,0.2861107022354363,0.5044582208359565,0.30894397798216827,0.2852149195108892,0.2799635590394864,0.28171957982580426,0.43829331071016175,0.48297542154360124,0.22652078216636212,0.22619016382644389,0.20341579940613938,0.20910759868990697,0.21655176905290058,0.8326049422682638,0.55825301432042,0.30424658245650316,0.2602319476462185,0.5260013282973282,0.2756538409661079,0.416987898872846,0.31191822863274526,0.2713982599592544,0.2852408905803809,0.4782919418238413,0.6187900351684726,0.30569329322571703,0.1782064154551994,0.5349490952183596,0.3851045256574721,0.2783151149822374,0.31191822863274526,0.33868993715560963,0.27216186525134445,0.34746049079289515,0.4119212985661852,0.33216317847446913,0.31595585833553425,0.23282707392100102,0.2378150033667292,0.2799367417446996,0.23830028621748087,0.26929261759222234,0.7478688900289839,0.5051994969214086,0.37661436811268956,0.3234584293228875,0.625129962849686,0.4941036290329394,0.563555673402571,0.4380375299707407,0.48546201998398936,0.0,0.3096421728596088,0.36227459934760176,0.5328312650346088,0.6915396152086678,0.5160141691712281,0.3797455338979568,0.358349844387852,0.2456902074186058,0.39209535045759814,0.3050018770197516,0.6058118789116556,0.23577487209549197,0.3047011932229105,0.46268325440554137,0.31191822863274526,0.6071697539585488,0.32899659415046245,0.42451886307550574,0.5523488585915192,0.26303963689556914,0.19348568143622166,0.42935024101439145,0.1498963702324041,0.21817363865229938,0.38621776733170865,0.29578561550460286,0.27099415840513796,0.28084085669837405,0.5306895933772574,0.7847322185833558,0.4228074416964831,0.26339090351293276,0.27888030149809706,0.31527433267442195,0.15971739563365875,0.4730580035778628,0.5540396234546402,0.23012968697432537,0.2311806878211505,0.260999049680697,0.28820599681253967,0.29325629635017764,0.5888089677416526,0.44960864144505824,0.7287077913182034,0.5843918392108257,0.3935031347281482,0.24269595772363012,0.29706409036387266,0.30185907544014196,0.2941575836441289,0.35850749783144226,0.2826037640954466,0.46547512414854136,0.44955127861806854,0.49219980467454,0.2887514793053677,0.31527433267442195,0.2337529764187355,0.25628459222882993,0.31191822863274526,0.4200881250795909,0.45208513156039715,0.27679181201319464,0.2545714778183563,0.4879937401487274,0.701006032655937,0.3881302694732801,0.7574133407866915,0.2874227037604476,0.32405238483900656,0.2973996491949065,0.5890837619533016,0.26413579775750146,0.6227327862914961,0.26221751624912,0.26303963689556914
ig_lora,ID2,0.31353786382127047,0.5878929404156834,0.2364614474975165,0.6150716272573455,0.5355538677031065,0.5363144450315652,0.5998348847134459,0.687595681447443,0.8287746796501295,0.8789052695698846,0.6226796631498264,0.5156081409747124,0.6037862247308738,0.6000768134907236,0.35292674998672297,0.38276613704288587,0.2881164957431733,0.5233686110617464,0.24399387345768705,0.6882270051795774,0.6926548793130776,0.7565339513807646,0.518457868246454,0.8688662808301812,0.32241312419248896,0.4264974531483399,0.0,0.24046858401881077,0.5378048661876441,0.24513203187686536,0.34739569316476887,0.3451966621089376,0.5488626238040517,0.33035852450667463,0.5327428165378388,0.4237809199690017,0.4009891514458629,0.4371384765943849,0.8807893171701332,0.6058989587487978,0.6891713669347473,0.3366776387101778,0.6390848951867905,0.46464857330874504,0.404527837774873,0.7538170411694701,0.4313001341871074,0.2462482684784257,0.0,0.842743079114841,0.4517453214593709,0.3727900309028207,0.5111203773784884,0.7920329777754193,0.6943533528791251,0.38815383818010546,0.8831207345841019,0.3592218105393927,0.3201793318889918,0.21256902120693258,0.7485687956335456,0.8140780369375288,0.6142281409827542,0.31523161857108145,0.31597006775787195,0.29436280493734673,0.29822129223540583,0.31107035094685453,0.6538300699491739,0.54994655748473,0.24886068695702224,0.2463207922926029,0.46231274428398217,0.6984424560205038,0.4689911838296135,0.24046858401881077,0.347065222830083,0.2995857989309901,0.46536616398475594,0.8029140412356526,0.6977960662425067,0.5958662535641747,0.7756022858567183,0.4171549691897937,0.3371146553874148,0.24046858401881077,0.5125810713661244,0.6834380391354316,0.4600172305459662,0.575246503927751,0.5929091303998248,0.25669657519893635,0.5508708141618247,0.41623795380706596,0.3111150255987113,0.4642222395322051,0.3901667365044882,0.7932326228261057,0.7281766862760477,0.7061412755909203,0.4861839056236064,0.6009582177086633,0.661039708281125,0.7428589271250838,0.8696235791033168,0.8308960719752394,0.0,0.24603289253106714,0.46556421013325766,0.9407953175176129,0.5846741457945425,0.7158572951450699,0.7247613052361113,0.5643728450477946,0.43732121255974704,0.5580564299858949,0.29121087181641253,0.7840573752036721,0.6567516967210246,0.7197245177956104,0.7462017191186527,0.24046858401881077,0.7164070705194129,0.42668818625439403,0.6470989926392701,0.8677843497939318,0.3497543760079934,0.6673051363510673,0.6800520270334492,0.677150096008401,0.3056366352226376,0.3656788513763841,0.2869867519553027,0.7959359956089336,0.4332068701787311,0.6841033374988013,0.5120312708684503,0.5107214559772871,0.32309074283664047,0.32083250857429024,0.24833695790985433,0.6647643410412116,0.6467544831677363,0.7676080571926744,0.414774366245613,0.36612984460386966,0.40860026187820425,0.8745496270701217,0.2765672232205075,0.8929279202767643,0.45288502603896846,0.8605336575972974,0.8265513530168481,0.6272295452239297,0.31759193939588864,0.37352444474294527,0.4102800337903939,0.3229158981868912,0.40226550398684324,0.30385326030982085,0.5956020144903507,0.6467229020815283,0.8348482113786535,0.4181700447864845,0.24833695790985433,0.33360727473153823,0.36207986779174456,0.24046858401881077,0.7880229348134286,0.6539114108110915,0.346168269322352,0.6226796631498264,0.6287726944637403,0.8746007126168871,0.564618355360856,0.6260282190817924,0.44534359646091654,0.2550638229711767,0.41155858149328584,0.8161281483187791,0.5841227043946648,0.8756875371157959,0.518457868246454,0.5425349748341313
ig_lora,SPP1,0.7663122642438889,0.3946461504206921,0.6243633218933868,0.6035711987427536,0.4450840540913787,0.6362288447858502,0.5141734460680806,0.5375950636094029,0.5492246864625144,0.4862787599300614,0.35782523580197834,0.4724653892054415,0.6743350371363112,0.38243690701336064,0.8103546591488967,0.4417127280728878,0.5877188593168307,0.373396915736288,0.38357733638526675,0.5034773850505188,0.5185278048980766,0.4752249067096755,0.33079386138522543,0.4825707400918522,0.4955734723129509,0.5783642009990458,0.0,0.6622934927189846,0.497031434536196,0.38389078342569,0.5881771675807054,0.6820437602924275,0.488621059204022,0.46497578070574874,0.4438556158254063,0.6717589134407518,0.530786749109774,0.5376337139274043,0.49611469713680534,0.5840584398878261,0.5089814617323337,0.4261622252102866,0.37117044156224743,0.5508989699693967,0.2751223650604116,0.4462345246578034,0.5796367907990527,0.40345787010060014,0.0,0.46863026046420475,0.9285154141301895,0.9664459119636494,0.5120208530181599,0.542253632502271,0.695587302572041,0.5056737248292419,0.4915222540300306,0.4686616474214207,0.4415405438781663,0.3236762533728807,0.45605447655937703,0.4634577515643384,0.5088817787564727,0.38742273633297564,0.3916951049269256,0.37984851810375564,0.37297939608877984,0.4046245618220282,0.4271535449235425,0.47826427351980033,0.40568129306739803,0.39204377268776436,0.6296638146170062,0.3755429122590501,0.48855962459347435,0.6622934927189846,0.44055428418387027,0.7509418902161603,0.7509135941880284,0.6152033877498366,0.3940335742211267,0.349751131684977,0.46268497417318033,0.5468598057331161,0.5155008790499322,0.4328956870284463,0.49639910959642275,0.38269374497378517,0.6514465800559357,0.5460013128281688,0.4845762155667357,0.5874959617538973,0.34487537085406555,0.4819003125067668,0.686483372220486,0.3820227696292269,0.629728824919278,0.49475391965455384,0.49936022631630733,0.42988790193841725,0.5601103293872043,0.5376161546831616,0.5267609599575122,0.5403652456819871,0.4762004101692833,0.5619021307479307,0.0,0.42108201562065817,0.6654752176470862,0.5910405111228225,0.4324346281398008,0.4204341250247228,0.5303731550976918,0.4347740697380278,0.4923912996401782,0.5207915416747567,0.7677007170909479,0.4984369976563509,0.3976352644605843,0.5301920644884471,0.5424314269265093,0.6622934927189846,0.41743099550927837,0.6501310198708632,0.6412470155786443,0.4943812581094167,0.24442748291849603,0.3810941412537404,0.5659114398933559,0.36216203048138945,0.4131700952742111,0.4132898596056452,0.5046947927659606,0.4074113873199298,0.5181308999102272,0.5426158323146086,0.3706123429776038,0.5814828096684452,0.41615131347439427,0.37347478226717556,0.4341374080244515,0.35018439934695134,0.5645653062635629,0.4939313461722231,0.43326079269287526,0.487191123403234,0.5076469814803081,0.552436116244836,0.42231973311730203,0.5122486138074938,0.5727178705628296,0.5908550376534659,0.5530356648643743,0.47648865473243135,0.4135905372427231,0.5034715539499801,0.498092336127113,0.4742205133220399,0.5823204133095451,0.3817606257230628,0.6102784591747876,0.5320932329299108,0.4879963993410527,0.5256234688871461,0.4341374080244515,0.4403359685191787,0.4887069955966344,0.4328956870284463,0.4311049421034631,0.4164429242329208,0.4555370674383071,0.35782523580197834,0.5388177877737891,0.5497010818016174,0.5532488060108495,0.39670907358165014,0.7523788589625153,0.7063421675817257,0.5586140114574599,0.48719241334621627,0.37633537596289945,0.4918783822312306,0.33079386138522543,0.3474924167303726
ig_lora,TNFRSF11B,0.7249557939628655,0.2896052496161894,0.8565240383509991,0.24024022975714993,0.3700945105445885,0.5530969180244215,0.5119340499155877,0.19711567698162502,0.30707907148555974,0.20189696669839627,0.14350060373234033,0.1379484203920129,0.26584194572538244,0.2611325323697156,0.7938071328457819,0.3897822957431373,0.7616895702218096,0.30930649695842805,0.5027693824822558,0.40565551773598,0.24343806453054453,0.23409985999403268,0.14416959234956228,0.12543006511948332,0.6276758417873632,0.4244417640828692,0.0,0.7775689262445229,0.5457746480356879,0.6195892534001317,0.7014572416861676,0.7527799603391512,0.2483224804486771,0.6720677870921113,0.5637563424328446,0.609586514501368,0.2997179085152655,0.2643332957810379,0.2609073996736,0.2969658122899166,0.40084038915285836,0.4695019493866469,0.14476657494150055,0.359699532198712,0.1898118108866041,0.20117229117615296,0.37154824638738077,0.7057154075093793,0.0,0.2522522381327237,0.9379794459635911,0.9834405359511729,0.5077025804846039,0.31787561824224153,0.3003798051547249,0.3575443507215792,0.25541693696421736,0.6752565598499207,0.6724145318465391,0.506644094859303,0.16153162943939808,0.2003494213144204,0.3104041437426809,0.47363425871579384,0.46131581388871506,0.4321072200908485,0.4433801955117221,0.43869860023309104,0.2974249288835698,0.5990928403825523,0.5793304241924504,0.4862021076424509,0.8459926844165186,0.12432516285735,0.31210698400654074,0.7775689262445229,0.5633444247046577,0.713215899150679,0.7726328099970527,0.33134610884084764,0.1521279947280953,0.10293349738775731,0.3379866063175247,0.3898171109054714,0.39015607127747554,0.5157998927686072,0.26101324031132944,0.23088667355249787,0.37854930644680085,0.405536541934621,0.2042421063239084,0.8133340062762807,0.17147625485530996,0.27727913200466914,0.7616489973806585,0.19520893559737018,0.31733302284289044,0.3226954128860045,0.21152409388109872,0.34440938845494484,0.29705194097881105,0.38920328482996686,0.3999333257419776,0.2698643354073912,0.1978170130957846,0.24864329451276662,0.0,0.6417044385944347,0.39229788909449087,0.29147920191012516,0.3219153228479339,0.23891614682042484,0.3166256655580896,0.47083321133514777,0.2736759813736908,0.45129418275270816,0.7840564041460756,0.29295938198168886,0.135784812226777,0.15726543831457118,0.3275489258513463,0.7775689262445229,0.23438787239686823,0.4820304215059064,0.2800404821796886,0.23354147839356493,0.1457832218931957,0.1271595084376519,0.49694713471372903,0.09077308718951951,0.4514696637590842,0.5798652316702835,0.6033481289740992,0.15212100004924747,0.32456137358152354,0.33855160184187627,0.31023971513666976,0.543147523586735,0.5836629777814643,0.7369232430358851,0.6044466144513648,0.11343787177028974,0.3812943792511291,0.2797769666921002,0.38546324521344727,0.29530945708216627,0.3577601469973827,0.19727475092743307,0.630418433650983,0.29020268119575193,0.48641484678087643,0.25525908988409024,0.35032314503327655,0.4379947278120331,0.46322957502761797,0.4207467589559614,0.27563604399494046,0.47015207594513364,0.36315828038674763,0.7839660086779872,0.2999665074044219,0.28484780662784165,0.19795523111845884,0.29031555226378314,0.6044466144513648,0.3508767491038183,0.26483573024980855,0.5157998927686072,0.16192182746631986,0.20484876300005436,0.577365997051181,0.14350060373234033,0.39226960271613326,0.2649610870580317,0.25833871207802683,0.3416955148391714,0.6755041603092555,0.8331766946833922,0.3935714768682323,0.24880627038232134,0.14813031941120788,0.2550255927892098,0.14416959234956228,0.1457832218931957
ig_lora,INA,0.24368982364514447,0.38460470926866297,0.18027064713480054,0.31870751731184777,0.4418113371290381,0.40776171992496557,0.4639431918083801,0.35575035747717504,0.48592649018874534,0.44698348313232045,0.34224490342998587,0.3181260901670141,0.5092351573101945,0.6230534352530118,0.2764492673590979,0.23037382094522757,0.24015207335580357,0.34899685057280133,0.25770149761736527,0.3600052495502609,0.4063906044177344,0.4623860926994124,0.2410396375232818,0.26283799966906574,0.2577639859038205,0.2799720703326847,0.0,0.18211310329350583,0.4148795318673925,0.29508119909944225,0.3026024879172796,0.2552360543720257,0.31155193633445055,0.3223867259730528,0.4072071600549241,0.2862955619960722,0.2583048568407348,0.27233563522527504,0.4879489645807363,0.3560185379274247,0.5500989040672563,0.36002009478774266,0.34367945256203697,0.4440562724885088,0.266343397319137,0.5337407748426554,0.2842510974482732,0.20136305234019697,0.0,0.5536049755565127,0.3574013999249936,0.35225490977624574,0.35115721474991385,0.528708361667366,0.47148450321774554,0.2739267949439824,0.43271762282108367,0.2887151741794995,0.26456470121567266,0.2716932964527587,0.33752082905891,0.5008276562527479,0.5102662658288544,0.23450110586818265,0.23429503795003104,0.2165216884611538,0.2670516319964528,0.2272127666818733,0.49903987728917304,0.37759635450698975,0.3050383872128701,0.3414080885414224,0.3377172501435202,0.28587546330537794,0.3140485399704095,0.18211310329350583,0.2981898294892457,0.21393281262299854,0.3159495815889982,0.5926310639173326,0.4332598236215381,0.2842174868239282,0.40042424252417824,0.2945433313333235,0.24947923223685717,0.18211310329350583,0.3827528553967106,0.2507648427749993,0.29846586105457645,0.519404990361887,0.29900976698135084,0.2208618356895983,0.24612537957108435,0.24214398226807346,0.2578069288977061,0.30205267640754785,0.2755118146113785,0.6274173416974718,0.43055468867527885,0.5767572075275311,0.30694334663470235,0.46902910360647043,0.4973695727731123,0.5232480732126334,0.4736309945110674,0.4516901213718527,0.0,0.1980548198748559,0.3089717593692248,0.4990487560849619,0.48769806903706536,0.54771246881698,0.374200896225429,0.46831039210838465,0.2755417735148113,0.4253999478338191,0.22316120457458938,0.4869355542117781,0.27697441487996055,0.3004609470538752,0.4231785716312592,0.18211310329350583,0.3670100121511888,0.2987247915709758,0.41612047739364283,0.39305180584356925,0.383052916223787,0.2566800987379549,0.40099739371777704,0.2933811795481136,0.23573738617711568,0.2723503837241305,0.21719774124125785,0.32658659663833545,0.27387641889908027,0.5226848688193132,0.4348911957375115,0.3480291775356311,0.2551040698349961,0.21118761665254146,0.20143411576374376,0.374744883366224,0.5185777978436307,0.5730066975442102,0.33069087416397025,0.22597748924445335,0.23803948140741427,0.3158324734735738,0.22446659851668865,0.45004559335926436,0.31516502203420327,0.45908286155876754,0.462806000591952,0.4590803415538861,0.2961355039819224,0.35073564405753144,0.3533226937720338,0.4297109992337589,0.32447922907234583,0.2221405704079937,0.36046750778539677,0.485620430736957,0.5034565167716214,0.2726379581844701,0.20143411576374376,0.28539070660820093,0.25922357534521023,0.18211310329350583,0.3251561013640153,0.6191544553019438,0.27573627272551093,0.34224490342998587,0.47636188463951373,0.533349609788629,0.37991691267433614,0.4840368330266022,0.2749662477771742,0.2140354119235265,0.355621571345892,0.3837646979313865,0.2658712479271862,0.4954180904780136,0.2410396375232818,0.2505902569093989
ig_lora,SLC11A1,0.47827413898483573,0.2172730402034664,0.17406037052239143,0.4355210118748083,0.5739102730507766,0.597246341822,0.42323525580942506,0.33318281306079056,0.38233850305175304,0.3103380429302538,0.26318435201189744,0.3207002468104962,0.4709279423245932,0.22768880920026702,0.36211841144427703,0.6069365735779345,0.6773421904394755,0.21335700323706816,0.4089115244459431,0.6148749485263805,0.3382335446544742,0.41936041107913996,0.24903508264823968,0.29047879944977395,0.6007067291271256,0.5079472100269277,0.0,0.18223082319723774,0.43212015150728716,0.4330480706293574,0.5072320560796871,0.34781228156946853,0.4177636464552518,0.6877043163707814,0.5561049743141417,0.6240084955019575,0.4631326848334067,0.46928514606538296,0.2976568189862064,0.47105334991347586,0.5402890616224416,0.43345430622833836,0.2690899836558869,0.25861472640328387,0.1759450234978344,0.29740561244389596,0.5074180658147078,0.44149951528311837,0.0,0.3030481793824126,0.5448935452126817,0.5307009438803472,0.35860635177600225,0.4142796002929957,0.46180185683116926,0.5879481995011562,0.36811665996158666,0.8085354659418726,0.8344954714055905,0.33537794125045417,0.26881356120891003,0.30422063172866465,0.517681787864039,0.8258834937387379,0.8241067946952556,0.7840325257795806,0.7855010443009113,0.8150634552506049,0.23016242025475597,0.4701989157535429,0.4021055469718665,0.3775937084648347,0.5024271606391781,0.24262072589187894,0.6500364267257627,0.18223082319723774,0.5412166452927769,0.3302899274520551,0.43182569384522185,0.4180317377628489,0.28357737937362365,0.25668050782748264,0.406456926506855,0.8702098591775492,0.6962914774241542,0.32026563133933666,0.5032060852361355,0.26658147787872477,0.5435949766553291,0.42617784261902913,0.3168101738450181,0.44995030765515825,0.2617124927445469,0.41690380802907,0.4020292382036265,0.315534414423807,0.49949394329475727,0.3026656936234416,0.3071466532401492,0.42454876698635313,0.4462576524671916,0.3407368367636056,0.5548759235087467,0.49042275952097586,0.31087355504644093,0.3786203079429073,0.0,0.42457525817048564,0.5568999990803042,0.39718568571579793,0.232103560559753,0.28131539226311636,0.46685157145136374,0.5002189525307018,0.825198475701179,0.5503183735544244,0.26970921394800157,0.3103217938728801,0.2761114098675739,0.3337680837698928,0.4382039650592867,0.18223082319723774,0.24862173512185917,0.6188472202445596,0.5538451493464017,0.3095119430791423,0.17231254702290108,0.2645041322017767,0.5462907243830776,0.24838075777509225,0.8665940503249395,0.4724873553622566,0.45520338367523383,0.2661999541578038,0.4812928489503305,0.5206874079508362,0.2167230825056338,0.5622733067521121,0.7318631303797348,0.47531770781354277,0.42457525817048564,0.26551031809085324,0.5067757596505348,0.30942246947191815,0.7489765296683759,0.6234264470419334,0.43983660275826375,0.45690860073755535,0.6983348278359752,0.33251603528492074,0.6972663009278844,0.3340203100678081,0.3829752717111161,0.49643843493610584,0.6504607056603996,0.689870851934683,0.6463869695899963,0.5540519705263609,0.6192935494547452,0.50129496407969,0.6635600409599907,0.29448675458606377,0.40152328214580324,0.8030658078195207,0.42457525817048564,0.851801112455951,0.8729380077419997,0.32026563133933666,0.2720270514171791,0.2462713361989391,0.8825713372078788,0.26318435201189744,0.5209862795850558,0.3310593116287311,0.7476253294630467,0.42939831901935127,0.6190545963197975,0.21822492124685466,0.6835115096597973,0.3103132253507663,0.2685751503990848,0.31200774264358605,0.24903508264823968,0.2559686550759589
ig_lora,GPAT3,0.4076409013156663,0.33255928914919825,0.2478679986144433,0.5427491970336178,0.43350740501477775,0.4800560665405526,0.4954463898536914,0.48447034037487346,0.48206237985664857,0.42461353257967194,0.4869329466849383,0.5256272161691755,0.5688797832589088,0.3447701552522121,0.5350149667364031,0.43718503451554996,0.5030719739200067,0.32910843069471185,0.41614291240674356,0.5732433441679248,0.5888035132674064,0.4912053843613561,0.47290261543278006,0.3490488370793558,0.6009747204544388,1.0,0.0,0.280577164715672,0.5008617388665904,0.40836253941845113,0.4764321453905418,0.4084442412919938,0.5460164366418493,0.5784684676996187,0.48391588510146794,0.4324064491732421,0.9393134034356408,0.9525544811661134,0.4298325166216364,0.9069021105227187,0.4968271025789735,0.4062036058896618,0.5006123329621098,0.3092568044172263,0.267682272879025,0.39233266175701437,1.0,0.438869464649505,0.0,0.46307697596296293,0.5832675139287917,0.5770477790526618,0.5246001476480312,0.4057908258283339,0.5486642011128579,0.5497163932264604,0.43690084656079015,0.6080470942385311,0.574647503468719,0.28704103227345595,0.38237411457755177,0.45276258488978005,0.41773851495971626,0.5712335065026166,0.5764845855382693,0.5030199589025178,0.521501145940828,0.5491429844714972,0.35312042470476107,0.47218081756963737,0.40007951743396447,0.3484825746753921,0.5250647843632065,0.31719431879919874,0.4955360786782425,0.280577164715672,0.5378182297305572,0.3578623196541472,0.39411016795294185,0.6518106099000045,0.3633223003594814,0.33778661226702555,0.405656729606012,0.5531570451963739,0.5972124749214198,0.43715021989288383,0.4609355435153775,0.36222041385745035,0.6867030503125597,0.4254637134901396,0.4254145206977503,0.4872720257349703,0.463191527613765,0.5262589840848199,0.40866608686161826,0.46252667955172116,0.519313306610851,0.4601749597135928,0.42658854221674214,0.4286152456744703,0.6277201347014988,0.44347992606045983,0.4840190549901723,0.4520592231380609,0.451897555909902,0.433079277703429,0.0,0.4615335516405168,0.7284848301484736,0.5208376243473747,0.34472712742424366,0.40647038082909426,0.5407691791299931,0.4623441258320161,0.493236593246235,0.5878558012819983,0.36661532769995436,0.46366179066470387,0.49757677410964163,0.5826707107206237,0.5431283019940665,0.280577164715672,0.3332277173293173,0.5930744751941815,0.5405102533996288,0.49747249724243914,0.29902640100709454,0.42367291579254984,0.5762770550978774,0.33202157508296176,0.5207605853801494,0.47117193596620915,0.49501968188670376,0.30731298314079064,0.600789033314525,0.43174325779222644,0.32796813368150096,0.597368777255643,0.5109431407602769,0.4341787068355708,0.49624603410896,0.34566283913042234,0.4492108622518588,0.4396237374275697,0.5390678511572033,0.8330175642027929,0.7898641966967429,0.5327496351119982,0.5175918745377119,0.5208333473842325,0.7641483961732826,0.5354735228822434,0.4658067704598359,0.5099025131344255,0.4783614549220555,0.5556987127399822,0.43488809412556906,0.5278086075923034,0.5012402908229697,0.481081991716315,0.5941446064936169,0.3999194940138713,0.4408141019543488,0.5872275289976185,0.49624603410896,0.47608021934956085,0.5205187298254389,0.43715021989288383,0.43610139537160414,0.3145525549210595,0.5440367528119662,0.4869329466849383,0.48319898749253537,0.5502769375910035,0.6560653709314094,0.37729144119065006,0.5602527250660525,0.3520202654181084,0.6870133802928268,0.5289280326242283,0.5208682036466271,0.5092332054280078,0.47290261543278006,0.49208885071831887
ig_lora,ETNPPL,0.4794329460818303,0.3415699695264128,0.2643597851028855,0.8368202099964787,0.4637618290056626,0.47414556642204225,0.5191748601097997,0.5262616347471925,0.5400069946629414,0.49945076535516586,0.5389636866844795,0.8386672522694127,0.5481028135106715,0.362002292721044,0.5951786623389764,0.45712827462047667,0.5206501410298415,0.3248628278156325,0.43617869095565237,0.5001932985067855,0.8040556049141722,0.5012503895662358,0.5198870579308162,0.48816537571975666,0.5975118808059378,0.6556875361682991,0.0,0.31344313474584684,0.5274335379211446,0.42816222222336214,0.5119764638961942,0.4260098161420261,0.5842732146932551,0.5791754677792461,0.49267770049657944,0.47403715864733725,0.4699173269012966,0.581035654519011,0.46349459416318795,0.5443398725883738,0.5207398608867712,0.4249740794183904,0.5573721383373863,0.31287084114750596,0.30077550112491025,0.43046598889050325,0.6190516739316428,0.47574109814569654,0.0,0.4840885751119415,0.5909543933685263,0.581594262772911,0.5763306094814529,0.43696768342975817,0.5321048115490634,0.6513901341518958,0.44357729127324597,0.6157368751641518,0.547850489183175,0.28453530088820284,0.45755202737924,0.5095061229983379,0.4494692241012643,0.43715123466424083,0.4408032726900094,0.39149891517057056,0.4111914662529408,0.41404890148759266,0.35846426469609777,0.4989991029098084,0.423020107735355,0.37049479676745,0.5542502885286015,0.40456793672731733,0.4589769671947829,0.31344313474584684,0.4900851924818153,0.4370509893541284,0.42162641149405716,0.5776617609351595,0.44137000478647215,0.4314291469448949,0.4566312054074399,0.5314375777922179,0.5350553144281724,0.4890871628488913,0.4381865650127962,0.401247569049166,0.6310741370890902,0.44969199456158226,0.7330478685569434,0.5300990272531629,0.5046687452357465,0.579220233637321,0.4143185321370288,0.5291038039617808,0.7023168667585031,0.4697060854140995,0.4148190591138896,0.48824636165423096,0.7710920429701548,0.46715528096098935,0.5086137049822775,0.432658649329393,0.51845921188574,0.4436155225083567,0.0,0.5100567289666225,0.6808941461949746,0.6054503486475654,0.35856278199762726,0.41708672374859257,0.5638774946666439,0.48501977334221896,0.5035334804728149,0.6450117721764514,0.4262785946600751,0.48153081538252884,0.585909113121486,0.6213421902004519,0.5307324104550964,0.31344313474584684,0.42111751895585586,0.5840470362868463,0.5398572325149325,0.5769645240778344,0.3305533334243077,0.5215318094525695,0.5895713618412857,0.4723682888767432,0.4583042350299269,0.5001144617593354,0.5740892141328011,0.4105719438480039,0.6743074791795471,0.430406474393085,0.32384034677948553,0.577859762971138,0.5162544645376627,0.45634396068057786,0.5563400389245468,0.4165148524038252,0.47340876583583275,0.4573476171379492,0.46589159213534165,0.443173575945923,0.44971012699030133,0.5252070564488538,0.5484507907255836,0.6327508643065397,0.5821107023696822,0.5396212323488858,0.5070681642557512,0.5399167702704422,0.45669357851102316,0.5558040501340096,0.40714182471468974,0.5376080564981097,0.4491427483354949,0.5071532504617016,0.54573939407152,0.40219957308713383,0.4992536523209046,0.42377165241733167,0.5563400389245468,0.42892772033402404,0.48083615343793984,0.4890871628488913,0.5249832901653697,0.34124076273945647,0.5344429335888075,0.5389636866844795,0.4734972756664643,0.49250798151661124,0.510514999862173,0.33062945101733127,0.54576006361959,0.3964593746499616,0.5203129684230342,0.5870057144007289,0.5876074396917268,0.5476973407010867,0.5198870579308162,0.5489100786854922
ig_lora,AQP4,0.7393006587729188,0.34594092283306727,0.3586334748420542,0.4966023455014,0.7222259607296069,0.7860991437523288,0.8055361324022093,0.3144241709477451,0.5570567837032201,0.38982737623551555,0.18929354995591552,0.24911873405941493,0.5553604366523304,0.3410236016207049,0.4622591268206927,0.4886727271669792,0.8028381356722579,0.3285401684461179,0.6980373970447904,0.7522633234877202,0.36047270526919784,0.4026608686329512,0.17036926364317584,0.303138295420921,0.8325118301869184,0.5609012225311366,0.0,0.375062593824075,0.8038052965102451,0.8184892788396946,0.7025311557850761,0.4859015268908416,0.46024066573203726,0.8268374600449471,0.7182762827833215,0.6977515744020826,0.5128304075831227,0.5021929591159593,0.4243296163444723,0.5400715760881998,0.690296549605034,0.7272912593855239,0.19688024373492743,0.3821710719470112,0.21363821147563208,0.3682078237147417,0.554927329748941,0.7754198531495842,0.0,0.3857882697877311,0.9136295250421749,0.9013698252064646,0.5787413980251055,0.6426149689969327,0.5773879207046979,0.5371004336039183,0.4415031693071966,0.849404816175679,0.8529969727615069,0.6874844345182993,0.24075748909763386,0.34420298024586937,0.6543314574705591,0.7116290842309301,0.7086561881920737,0.6648285791048727,0.678797769626114,0.6927771980989512,0.4092120134076834,0.7941749899102855,0.7250460523036937,0.6946720209311358,0.8307961257701464,0.22881586530993478,0.6292811932390135,0.375062593824075,0.6907386283507854,0.41702834836900965,0.7358232505952268,0.5823564383959442,0.2898226678531059,0.20613527289759742,0.6466316818065665,0.7588549863508129,0.6151698489994423,0.5372455683759242,0.5719485651700871,0.2531886411426443,0.5566444276180083,0.6518192305813564,0.28716326005720433,0.7890516153693307,0.18661776850896195,0.4748576160907501,0.4434941902284826,0.2416579087229366,0.6556803853488835,0.40435041822253404,0.3811893826711391,0.6246047841135213,0.5059269866521003,0.6090874872205109,0.738158434381612,0.6552007447302479,0.3594529102363606,0.5418626013798422,0.0,0.7684017235605087,0.5699565492502694,0.5611089169848227,0.3659440314553336,0.3333321357185995,0.6358316869233744,0.636269569548107,0.5630655393289316,0.7053154377271543,0.4324445839144621,0.4043282260843203,0.2081332919373357,0.2711826889134368,0.5392206058564547,0.375062593824075,0.3433893994691011,0.7973918969321396,0.6482896144309478,0.3607320856137951,0.16030709477837982,0.1987882220761372,0.733822596663149,0.18372967811806515,0.7198238026357235,0.7703174389147044,0.7635779155287957,0.2944814674905313,0.5189203119451068,0.7119996147988155,0.3281790115166674,0.8061779634406901,0.7998088114770061,0.8420765370690981,0.7684017235605087,0.2102787618825872,0.6638185106785819,0.40984078606569435,0.6747912093453409,0.5155589298191827,0.48808740898471376,0.46211845841007976,0.7981564900437226,0.3903530327870303,0.756229505375618,0.4018884538162528,0.6360048145757683,0.6921131554570894,0.7316138201324882,0.7586510176118552,0.6337920744262009,0.7226615927855637,0.6945607575271039,0.7650846449937361,0.6205698736331648,0.4049406616598563,0.39475877962395495,0.8176211713132063,0.7684017235605087,0.7480161428304527,0.590998814879076,0.5372455683759242,0.2603518414740275,0.4019792343145241,0.8058529458008628,0.18929354995591552,0.6989329364627727,0.4520652300484236,0.5596645508541636,0.4180602258605573,0.7269846740864865,0.4318750852946136,0.7089459586678208,0.34918402685776373,0.19561474936381332,0.3819604225378257,0.17036926364317584,0.17934543634384695
ig_lora,RANBP3L,0.3111109492182613,0.676064063490885,0.26902355678627926,0.5131094056242584,0.40824495356807866,0.4744484060419804,0.6783836160516578,0.5706986842623195,0.7211831644310324,0.7281788517641973,0.7299910568056469,0.5533381938339041,0.546946850251554,0.6575375242012196,0.36887258011584767,0.31006772795147075,0.3062029343717992,0.7071889443097058,0.2465748306995174,0.5317519737865856,0.8061337422494834,0.7706494925781723,0.7071889443097058,0.5434880236161551,0.3293256055099166,0.4259431773207123,0.0,0.2878076967387206,0.6175922110794304,0.2720030277485748,0.29056033902159983,0.27896740836196987,0.5108496887004956,0.3294673603165623,0.4677647214067414,0.36352548194240275,0.3828284885489338,0.4287974889657846,0.7812032815724838,0.5358841298152728,0.579252593758823,0.2988916312316829,0.7599920504939085,0.3707052427219115,0.4592342477458321,0.5966252634645645,0.4353761675496967,0.2867982972288777,0.0,0.8353638264837725,0.4100102163663994,0.363665528353917,0.5741301211886722,0.5365394206298382,0.6151461074810746,0.4041372123321306,0.6546336708923645,0.3485179289844299,0.31281049966944485,0.25908375417555946,0.5519316077422441,0.7392372838456248,0.4765724804189372,0.28865191031114834,0.28916787429732416,0.2660500435817533,0.26617861234183315,0.28442355939456193,0.757336391443639,0.49341148567226023,0.28901309870246417,0.25710162961093924,0.45036415009454095,0.4677410165453828,0.42497974751267475,0.2878076967387206,0.2978710982784462,0.31347579075072396,0.4293513206600217,0.785626260049161,0.49131628931772636,0.4218752416390448,0.6058659074407472,0.38869644422414834,0.34250403298612636,0.2878076967387206,0.41449824257768986,0.5075959409296302,0.5021244895880449,0.46907199351386974,0.44954771602560556,0.30317171636631973,0.6858782426395051,0.3679209099583427,0.297296436606947,0.38989764609190725,0.3941394431747539,0.8658398305761398,0.6314189488178622,0.5407102190652964,0.5218533137424624,0.5604156479440954,0.5177845093564638,0.5889871536690504,0.7475466284508265,0.5963546804271843,0.0,0.29127476696744825,0.5106340071070029,0.7785004967507286,0.5946376765956207,0.6789585609963927,0.6182718555184277,0.47674959108896037,0.3711412410902773,0.4903060742341879,0.3302311692904973,0.8021306267308868,0.7587225151637887,0.7468794474115881,0.6569213946874265,0.2878076967387206,0.6018564008832183,0.4263385924448744,0.5395009368897636,0.9023281484733509,0.39682076407918626,0.6150983392411824,0.5733468506900516,0.44740565130848814,0.2818552035109512,0.33183125849825335,0.32009328162383366,0.47370198899906485,0.4257999787159122,0.5184758531944006,0.6387610881240591,0.44895856666860023,0.3095659247183524,0.267033560264844,0.297610946759113,0.4773487696128311,0.5461023586358202,0.7070476095956687,0.31925921938928487,0.31821350799380715,0.3389744086682921,0.5454952156561433,0.3000274682476952,0.821943846048819,0.428652440379949,0.8733144040180438,0.6881175275328217,0.4921057388712422,0.2876808390750265,0.37177125661405347,0.36058301060996445,0.33071710285883793,0.3600137429419035,0.27293833876758833,0.5385467193476295,0.5635246790331306,0.7082360689191998,0.3769521600801552,0.297610946759113,0.3026479600323605,0.3731477780956934,0.2878076967387206,0.6989737078807312,0.48397209425698884,0.3317957940371599,0.7299910568056469,0.49192884865299646,0.8554882177342719,0.4822628855303063,0.6966585440051672,0.36726509630211956,0.30932693648813014,0.40519034265995013,0.979176515013776,0.8169930901935661,0.9464602871458959,0.7071889443097058,0.7559907869247549
ig_lora,ID3,0.33010266692629353,0.5122386157745571,0.2197667416314926,0.6221458126116836,0.4245052037779854,0.5070326133128769,0.5651737326064892,0.7680703797083924,0.7816452691616251,0.9043565909735963,0.7670884516268296,0.5847065189175993,0.5492800201780988,0.5805375629408195,0.38494825354011347,0.3364631741662353,0.2952612340592155,0.4931245611813847,0.2214620494575393,0.6320663393776607,0.7499092825564099,0.7863458811761773,0.7667864096250343,0.9179637887403042,0.3350104906986136,0.4615712745207733,0.0,0.22611154408747872,0.5130460433971779,0.23942991889258447,0.3130421352879649,0.2948388586884041,0.5516379407673776,0.33820034844865465,0.49308801088894166,0.3809607794746525,0.412281830760935,0.4545904381597762,0.8392822780583794,0.5886841459217245,0.6410824109681438,0.2887331178583762,0.7850047245786119,0.37404947854345505,0.34959425655149595,0.6893715490330538,0.46151772002785346,0.239650302730951,0.0,0.8366100190701772,0.42855959378157343,0.36023393963135963,0.45793477488277584,0.5434654165534599,0.6212747200127966,0.4298063229355219,0.7666603410673195,0.3698734209514894,0.3241060817472476,0.20521372118787173,0.7508713329871373,0.8356033227816223,0.48723232818574985,0.3030582160895912,0.3037344716320494,0.27845576550133155,0.27870692649728,0.29868112507437317,0.6155251089975974,0.4423891231196361,0.2446000176762218,0.23489090482263691,0.40303360950010775,0.7183091351381838,0.4195229276430264,0.22611154408747872,0.32958957628359703,0.3190056042760684,0.4100470841459033,0.7953057350439496,0.6210922638149236,0.5544596287340794,0.7477501261177084,0.4024094917381723,0.3545512651347423,0.22611154408747872,0.43307535226004734,0.636736518964668,0.5174375701834838,0.5024662178353996,0.5005334473637003,0.2579438760314654,0.7376799088494016,0.43404509872612573,0.3135618254497995,0.43651963080980943,0.41681431208194164,0.8592914067609545,0.715786598403933,0.6966168952531492,0.5396958707607336,0.49344133480947294,0.5810911682192205,0.5860312923219863,0.8578807178799271,0.6487967776660515,0.0,0.23870561634850415,0.5228626407854875,0.8539220945282081,0.4891823639314387,0.7152982321931818,0.7540846205125392,0.5402036028415607,0.48040106575863833,0.5066191272856297,0.30464858636536407,0.8095882675953264,0.8808099809244149,0.8927336131677535,0.6832588013419648,0.22611154408747872,0.7080280273143601,0.451738734690014,0.6052529554411427,1.0,0.3933075223634393,0.8507185861674458,0.6516717629817945,0.7761766086305656,0.3034275826050414,0.308675385062867,0.2974072380320329,0.7933163396125695,0.4648033724249451,0.5111711571734822,0.47347428578282874,0.4728715045648502,0.3252189386665453,0.23893540339026964,0.24292973620961397,0.6660209064795267,0.5607432047336205,0.7262241284061723,0.4013356938557247,0.36260399165576956,0.39087420470420947,0.8176672652983794,0.27808155170733556,0.8530769493962584,0.44804445540824417,0.9367371495097685,0.7813495260407903,0.5703035496499026,0.3127529571012878,0.396264255983942,0.3740718668541961,0.3336770220548695,0.38350498956425105,0.24759815264813884,0.5427296151389827,0.6140614915361988,0.8317868643864023,0.38774435802723933,0.24292973620961397,0.3323228526193143,0.3804653417083822,0.22611154408747872,0.881838782777598,0.47552649333834296,0.348695279946745,0.7670884516268296,0.498690817969791,0.8530177870446932,0.499816701367252,0.5934714306186394,0.4065784146624153,0.25524705298735656,0.42147222896791636,0.9397784368010387,0.8250898072187757,0.9217127469396134,0.7667864096250343,0.7901077686625309
