method,gene,A1BG,ACMSD,ADAMTS20,ALAS1,ANK2,ANXA1,ARHGAP27,ASH1L,BAG3,BAP1,BARX1,BCKDK,BICD1,BIN3,BMP4,BORCS7,BST1,CA8,CACNA1B,CAMK2D,CARS2,CCDC62,CCDC82,CCNT2,CD38,CERS6,CFAP20DC,CLEC19A,CNKSR3,CNNM2,COL13A1,COL5A2,COQ7,CRHR1,CTNND1,CTSB,CYP17A1,CYP1B1,DCUN1D1,DDRGK1,DGKQ,DLG2,DMRT2,DNAH1,DPH6,DYRK1A,ELOVL7,FAM171A1,FAM200B,FAM47E,FGF10,FGF20,FNDC3B,FYN,GAK,GALC,GCH1,GPNMB,GPR65,GPRIN3,H2BC13,HASPIN,HIP1R,HLA-DQA1,HLA-DQB1,HLA-DRA,HLA-DRB1,HLA-DRB5,HSD17B1,HYCC1,IGSF11,IGSF9B,IL1R2,INO80C,INPP5F,ISM1,ITGA8,ITIH3,ITIH4,ITPKB,KANSL1,KAT8,KLHL7,LAMP3,LDLRAD4,LRRC37A3,LRRK2,LSM7,MANEA,MAPT,MCCC1,MDGA2,MED12L,MICU3,MMRN1,MRPS30,MUC12,MYLK2,NAA11,NCKIPSD,NDUFAF2,NGEF,NISCH,NSF,NUCKS1,NUP42,OGFOD2,OR9Q1,PAQR3,PARP9,PDE10A,PDLIM2,PHF7,PKP2,PLEKHM1,PLEKHN1,PM20D1,PRAG1,PRDM15,PRDM2,PRICKLE1,PRSS53,PTPDC1,RAB25,RAB29,RAI1,REDIC1,RERE,RIT2,SATB1,SCARB2,SCN3A,SEMA5A,SETD1A,SFXN2,SH3GL2,SIPA1L2,SLC2A13,SLC39A8,SLC41A1,SLC45A3,SMARCA2,SNCA,SORBS3,SPPL2B,SPPL2C,SPTSSB,SREBF1,STAB1,STAP1,STBD1,STH,STK39,STX1B,SV2C,SYT10,SYT11,SYT17,SYT4,TAS1R2,TBC1D5,TEKT4,TIAL1,TLR9,TMC3,TMEM163,TMEM175,TMEM229B,TOX3,TPM1,TRPM2,TSHZ2,UNC13B,USP25,VPS13C,WDR41,WNT3,WNT9A,ZDHHC2,ZFP64,ZNF184,ZNF396,ZNF608,ZNF646
attention_zero_shot,SPOCD1,0.0,0.11413999461411102,0.012483887855141056,0.40307897403142934,0.3428919769949048,0.20691489240318117,0.045341689378823616,0.011679432550922996,0.460933500497287,0.2612118357794697,0.021159466489590842,0.13233090697440697,0.28748800089286836,0.4950550315623616,0.24686675976035696,0.3365341840000868,0.0,0.4183694449975404,0.1364189079231554,0.3292630904068228,0.01968116833790472,0.17172877744217163,0.0,0.3273075195356021,0.03042911403863082,0.22395705356949425,0.0,0.25951414374252385,0.46273450300011915,0.016731190026396697,0.2070917228377469,0.0209882850721329,0.22944773636284918,0.16018490932505242,0.392448312362621,0.21137672608054542,0.006871691132740539,0.03009151565615056,0.4447631449475464,0.48262128357017753,0.08469587696286822,0.3883187632484811,0.13643066311347482,0.05006233450650385,0.013417305123501103,0.2775545705331831,0.3072703419131226,0.3786009570000976,0.0,0.3605723400000929,0.14695202667333418,0.0604283325998548,0.4866887900763836,0.3493962037040365,0.2117068204752281,0.0,0.15602675739781255,0.19889637713686406,0.0,0.0,0.19997720025582397,0.1244314008340512,0.21538132095160853,0.2154887017996082,0.2585864421595298,0.10139287617408416,0.10387175493236046,0.22518026708500544,0.052583088129725154,0.4487122453334489,0.28351483804545896,0.0,0.19095041827323023,0.4326868080001115,0.08351241145619073,0.0,0.029187715094346433,0.1442289360000372,0.1442289360000372,0.2509160152877871,0.48483669009583036,0.1187651076828291,0.4968504583564531,0.0,0.3250262330691149,0.0,0.407839016847876,0.45596886770211476,0.0,0.39414458064670344,0.1699067263266035,0.0,0.31417581810146944,0.038356043265190744,0.17408139021811697,0.033876641982724394,0.0,0.2141811248368906,0.302880765600078,0.46397760942659017,0.4442140250346819,0.3321498899277348,0.30002340364490543,0.22108266930795187,0.1370898330994173,0.20447717546207303,0.24368188160063606,0.006945633461520989,0.6839768723406879,0.16295118807796463,0.010754889786085088,0.24207556691428936,0.29199127688097687,0.450742466419981,0.446030912830453,0.43338148958581213,0.008980835413645057,0.2950013976541482,0.028588678468351114,0.0646952754166235,0.4110471032241655,0.12620031900003253,0.27534615054552547,0.26352571939421116,0.2175771805881322,0.2697198233214219,0.3651066141077357,0.26371373442193946,0.11473106984521596,0.20736761502683296,0.1984187860564947,0.0,0.06646298419067756,0.3093126790068316,0.3365341840000867,0.4550097822314147,0.30288076560007804,0.18222165955703834,0.0,0.3756660658605619,0.0,0.28136564631233335,0.40710662254927993,0.4942761151646495,0.30408533235361446,0.23341522694231934,0.1682670920000434,0.17236846376562584,0.12351775623638833,0.47308731532075576,0.3438411954022035,0.4782327877895969,0.1088691166065371,0.48080069895153166,0.25240063800006507,0.08152547784244632,0.2798928684001747,0.47228792653847984,0.2857901983058916,0.0,0.43915231079604045,0.5005592484707171,0.4094099434568852,0.039602331107567675,0.0,0.3703308432299745,0.11312149921939794,0.4933285197273998,0.15403449002395994,0.4164358751581912,0.00870888652305847,0.37427081666427126,0.14351345424005257,0.3175767973533001,0.0,0.25240063800006507,0.21068443083194519,0.18517704127698928,0.01773013426515667,0.43817320218008066,0.037726895784998056,0.2573149470120648,0.04057263552920843,0.2865703898198041
attention_zero_shot,NOX4,0.0,0.2572048360900402,0.23099962141112523,0.380078116635733,0.19380987734295996,0.20721651313182615,0.058082974927720035,0.21571213617146556,0.3675316174958105,0.2930996920473331,0.008970719485924311,0.32711214498196073,0.12010471977248423,0.14944434738354886,0.17178056702619526,0.05090932708950437,0.19132472138775,0.3010999460922788,0.1394520092094506,0.361957680658573,0.26177668766343504,0.050637658351380566,0.0,0.23218094505416245,0.20863355207114556,0.2462840759131715,0.0,0.0503183980337236,0.13971427361549635,0.061661541242641074,0.0669309040611107,0.039491856967858105,0.533857249524647,0.07391614768844147,0.2522772374930274,0.28029235205672076,0.5648949885833587,0.644538564607293,0.2836589288310847,0.16674620602837525,0.3384288426720178,0.3124620033477955,0.08453139015155134,0.22062874938800817,0.2147191064539253,0.35493957094022877,0.2806347045520603,0.06285385206083663,0.0,0.10103571644513784,0.13013125773617173,0.06930034558136641,0.30444022830562034,0.40136690919924173,0.3197800545277298,0.18387334600634586,0.3543069489678781,0.0934945462467784,0.0,0.0,0.06218226401427482,0.3329816660412104,0.15045417546378434,0.07521536895449346,0.07863424936151589,0.05190604464317147,0.057247244100977056,0.059763522436742426,0.5375718236894828,0.11424308740261493,0.06437828946460389,0.0,0.06609993669593185,0.09519146844663859,0.21949088311043155,0.0,0.041269764692014994,0.08636262778402157,0.08636262778402157,0.31867852552833764,0.30044533465551926,0.2741423911494151,0.10622725531042529,0.0,0.1037903771117561,0.0,0.4391022993350829,0.27536517694210855,0.18248148651973467,0.3669775023894564,0.28592773515721365,0.0,0.09126819843922945,0.15620868502906507,0.07036514705753365,0.009685975531918847,0.0,0.3146422932518769,0.2941128404528851,0.26790923876616035,0.15962933901732623,0.16166574032092593,0.10971265291391159,0.3451103200605136,0.051021383666035786,0.11572707215583079,0.5354867685505701,0.00423176066436214,0.04594256347101614,0.2891471129609017,0.27836411233763486,0.122233679532406,0.27426234958111995,0.3089520707021161,0.22761498622877033,0.34579633347413796,0.22459573800135021,0.22549068310083278,0.19521400931404823,0.21815492334265382,0.19847906218187258,0.23022456382886167,0.2515380914294072,0.3384303306534917,0.33321212567551695,0.10288115583165847,0.10284337934974452,0.1343269408817768,0.3119710286256543,0.0950684084704526,0.20744760171246662,0.0,0.03388116390463883,0.28968077745167964,0.09076395828632983,0.26544757384756146,0.12032536149748516,0.12392647898079968,0.0,0.22113874522487742,0.0,0.30391073298526544,0.4442208722243405,0.4005623188982572,0.2799520862351785,0.22345612492115383,0.1597529108892415,0.13392153088684494,0.37381071629505874,0.23695998828440168,0.19038125413516116,0.187933311666297,0.34511294937786957,0.26787706447117776,0.04956960795557005,0.15335769983738892,0.1904096706718848,0.32341083839972584,0.16752119623381934,0.0,0.274423997605267,0.3950365563289329,0.21278480984683998,0.019052267397669576,0.0,0.16506183523199172,0.0703334854467767,0.28949355664508963,0.052566347919233515,0.25637831847063575,0.04694704674534858,0.2119171583587567,0.12452482113586182,0.3370733140234241,0.0,0.08572629108893101,0.11935271945629264,0.07925359448844589,0.20284969053132917,0.2381576928125817,0.0603195466328371,0.14763458025640877,0.05302999638552454,0.13239026299989917
attention_zero_shot,LAMA4,0.0,0.10604411333082453,0.011974109921051138,0.3725958339111006,0.27935604697038546,0.2197283431430792,0.03602382886294161,0.011532201717055969,0.4251339759511497,0.23152750548220155,0.015784403131955498,0.12221657104298744,0.22925900257232062,0.30386274921375805,0.24592219452855257,0.15492124675131025,0.0,0.3446909895054246,0.12224676145454501,0.3056097542971834,0.016949825118784817,0.12644217362395693,0.0,0.27667780916663726,0.034738873809265845,0.17824350080733586,0.0,0.14438231143618732,0.3123672599132791,0.01161219995393911,0.6294060684564801,0.7264522763066281,0.18556116987674762,0.13844609034963515,0.3743997726151698,0.1876509487857785,0.0077484151625691515,0.03995671211299726,0.39452500464375306,0.2595573940327873,0.10871828049941812,0.34047176782825406,0.11917352647679456,0.03845117866900612,0.011520493019788044,0.2624465962559424,0.2503790008472894,0.18407791585537858,0.0,0.21456916948432023,0.19207735264282416,0.2001430738892067,0.43337247077060165,0.37326250152827256,0.1794770333288516,0.0,0.14315041095785097,0.23750860182393185,0.0,0.0,0.25160853066658817,0.1144007326871093,0.1539910401285132,0.16401977919297253,0.1822441991033028,0.12728409654033476,0.1997247907152163,0.15138620212394605,0.060882071682038824,0.2784083158979525,0.26894189064396246,0.0,0.1471045138562992,0.24822258788432888,0.08471386012049195,0.0,0.017159718883552163,0.11360891428429419,0.11360891428429419,0.21340753071526872,0.4258707204939324,0.11450527936285443,0.24214290004852046,0.0,0.22974229795467654,0.0,0.39541092190556426,0.40227396262297355,0.0,0.3695299268558525,0.147749304714981,0.0,0.21312718573771372,0.03487994844083306,0.7626575078221546,0.26790513426162277,0.0,0.18805502646686567,0.2573935297438551,0.4036318151636188,0.3250814817841276,0.2890133697566293,0.2979805304047401,0.2165892948446256,0.11474608295879588,0.1549357943340503,0.1891199733162475,0.006042238681078243,0.11360891428429419,0.14503711918503626,0.010852597534102571,0.16444598109865421,0.19543839142311437,0.38953576921554495,0.35622728344359456,0.39690095334341285,0.009805553647744093,0.20247472993364635,0.02194374220541927,0.07101559537845081,0.31840975809812366,0.1065083571415258,0.19596520096131229,0.2130373410767277,0.1838324617997159,0.16520357872804883,0.24142207240786165,0.204747954708966,0.13330188821039288,0.17411210613198774,0.1760983079017996,0.0,0.15806335718066608,0.26885880923886574,0.21901993048617255,0.3972539568277448,0.20685215657027406,0.1516919749893522,0.0,0.3303563136131042,0.0,0.24825088017968414,0.39278193168709585,0.48470068530352806,0.25442386102319264,0.11491260941078923,0.12172383673317234,0.15920660707599404,0.10953628539700956,0.3021088665550207,0.2815321529490679,0.36225756038024054,0.105409866202848,0.397188813092024,0.14201114285536773,0.06725474168442115,0.22472816179527308,0.42556410456812094,0.2165819189935881,0.0,0.3859695310959617,0.4744967065376338,0.32667616448451214,0.08229560365075969,0.0,0.26723468034017256,0.10502762108512753,0.43078819288980275,0.12240244543998777,0.4069626789740587,0.009337746975986614,0.31211850933859514,0.12461443458770809,0.28628725130987215,0.0,0.15778107073318165,0.2993561651444259,0.2678192254715849,0.022436722902265522,0.36009391175851146,0.025218107546483688,0.21331532075940787,0.02095469236183949,0.2104736299962669
attention_zero_shot,CH25H,0.0,0.34991491425264604,0.32235835005426067,0.4185481654519818,0.19461693119078816,0.2502262571083443,0.023851744765121478,0.27704370372443243,0.4066843297128645,0.33692373069245635,0.012858723141399452,0.3454363540643156,0.11372636017556365,0.23955869261746746,0.17517804283568159,0.09401108892107307,0.21365672624517656,0.41541937976641596,0.20010195897364483,0.3767251112517041,0.2876863450334243,0.08527082865491349,0.0,0.23654117149377374,0.23295259984329686,0.292018429956194,0.0,0.09036902970155986,0.23620769214074663,0.07212621180347996,0.11081263283481046,0.09162640381073085,0.7051345376658688,0.11006361323739328,0.3063835682675559,0.32334500306462255,0.7699410771770715,0.8547931062803037,0.35526952479504376,0.21203483498127607,0.30304143996242966,0.314659381552934,0.1601755269579221,0.22134504887812856,0.2231194334991028,0.3709106680203016,0.3362845206079644,0.11683276598102069,0.0,0.14821868284088727,0.10244468080155548,0.03707464449486958,0.392369743085302,0.404692100849081,0.34696159667145454,0.19900205022153172,0.36896888317004517,0.11443624943462886,0.0,0.0,0.10384264182436512,0.3476583710366924,0.1871929025415096,0.12209424543281845,0.13226876588555334,0.07542680408723428,0.0804766573811425,0.10308799186919143,0.5743212269760607,0.2011737464199575,0.11448374939653679,0.0,0.10756162242654056,0.17225683884089346,0.24986580701948505,0.0,0.12605307498019813,0.07610421484086867,0.07610421484086867,0.3517121946552892,0.3815178950677697,0.30061211158128054,0.17979079593262873,0.0,0.17265002909566773,0.0,0.43558697043232303,0.36096922527307174,0.19831214765145383,0.36282711849673394,0.332583190596545,0.0,0.15543100586136152,0.13792887707180185,0.15206206355582802,0.014983252908740178,0.0,0.3347081117807827,0.34703570209117934,0.3584936706352638,0.25653367867376303,0.20113335769127336,0.18095617278567802,0.33943985013014355,0.08164517877717312,0.25766095086917246,0.6755697072522637,0.0051124880994040415,0.07610421484086867,0.26248576462838336,0.2917490634709684,0.20614703956326966,0.40991265417040934,0.3578064209311367,0.3711729874084019,0.3929388306707909,0.2964015101966202,0.2824098584241768,0.2595340955068443,0.2847461945250256,0.3417874611197562,0.278641449457139,0.3111957728627276,0.3628928082858558,0.32691112665359273,0.2509075276758465,0.17665217086397247,0.25397504547798105,0.2979132636744004,0.14123731072061352,0.20050165923589286,0.0,0.031195202796006117,0.33448007049289635,0.15727798328951142,0.3535790630808564,0.15072473398578176,0.11891465071379465,0.0,0.2937232770467042,0.0,0.33371909321803583,0.4407654565208223,0.45206758414700204,0.3301892065266038,0.2566633644092947,0.20257542111815238,0.14091031664388826,0.39829379169088963,0.20127533276841175,0.23550297037725818,0.2931820887169794,0.30426847269012386,0.3169156552785214,0.08878825064768012,0.18267054649956752,0.24107316773767973,0.3886289680401363,0.2563083157514353,0.0,0.34492271094033566,0.45229425960656633,0.2876949910974698,0.026099397373705882,0.0,0.32105974286904476,0.09921827022315732,0.38439725564937194,0.08586505955972266,0.33323720384776745,0.0981110970054277,0.3314810534151689,0.20811682428516237,0.3643663936775785,0.0,0.10514948938291861,0.12927077317714342,0.08975358326651937,0.22131780102291668,0.3730638398721585,0.1721996387770508,0.251839875536916,0.1730942394385442,0.2638980252313278
attention_zero_shot,KCNE4,0.0,0.13826366510512644,0.01684805420171883,0.369167050432422,0.4607726834019766,0.2800387654714021,0.20558534393589678,0.015324322079330554,0.4395705498535486,0.23928921117490878,0.019499917050771785,0.14539128734095932,0.16610629506419652,0.3053086967090337,0.34667448590162653,0.20408624610601228,0.0,0.34073467916163586,0.47377229808963894,0.38991788770096886,0.020344624295741204,0.17289394138955688,0.0,0.3293948426265071,0.05396697356949603,0.20134793940716705,0.0,0.19375493886270775,0.31234365686789467,0.20968519050425238,0.1881171571336263,0.03186107900198009,0.2059947303299104,0.1656028332147479,0.3838093980629825,0.20090608664754214,0.011108665732791196,0.06665205844371878,0.38788986271170495,0.2673061955994887,0.14431204532669328,0.3128493973962022,0.1536513332999307,0.04404403642999137,0.01554048025852718,0.2647957777856789,0.2589720902693821,0.22177536551154864,0.0,0.34879092689887814,0.3154335609958556,0.20943584040036284,0.424055299533352,0.35750585160054943,0.19791761823961618,0.0,0.16076487280457033,0.286852011496912,0.0,0.0,0.18434419036356148,0.14266480582985894,0.16892105942642294,0.19366567229164935,0.21050616553440146,0.13164029538159522,0.12902299303167297,0.19160196276454872,0.09395669970892277,0.28609943607713534,0.2082561270509837,0.0,0.18150966611256117,0.26422925208483583,0.12685004244750395,0.0,0.02308880750030833,0.3765154448027907,0.3765154448027907,0.2257627449616547,0.4162417818661717,0.12971635361850845,0.25674838851473636,0.0,0.2462436873010126,0.0,0.41139358014498045,0.39477190279492214,0.0,0.36797338657950757,0.17124929613946324,0.0,0.23467545942220133,0.30424745955117954,0.17369819615813886,0.026529732978554866,0.0,0.2021680058099897,0.2637721012487972,0.39532430875659497,0.3228690271120982,0.3728131256315758,0.22852223574543434,0.20820147523904695,0.15768155289956998,0.18770942982411412,0.21110734320376703,0.00869475956227619,0.16326899688480984,0.23768793557393136,0.014429087080916161,0.1996372343338215,0.2219863126193058,0.4694078830779955,0.350284305233157,0.39167553922877973,0.01509652798097083,0.22633875487988775,0.02490044950832386,0.10756614830389111,0.31747634697512866,0.15549428274743793,0.22019104340402987,0.2831447853189566,0.20166812608952714,0.2038998066118141,0.2568192837727519,0.22328265987748167,0.18093003445171688,0.1944263912135126,0.1912261897667504,0.38203658905808524,0.12549155438705759,0.27328640469269133,0.43036534404134574,0.38966425038654945,0.35527140765738624,0.358229714889479,0.3845043672595613,0.49162563311887725,0.27286160029391243,0.2544045690745565,0.41387443554474507,0.46629079898045817,0.26165203398108816,0.15145643075811657,0.17186210198401033,0.17263139984883286,0.1485195467988071,0.28901970456534454,0.2855738755460796,0.3544437610530712,0.34711716723181746,0.3574076365298781,0.381058261704744,0.14188463946644544,0.2882443224140499,0.4409423240970702,0.2928949373660189,0.0,0.4219791963160873,0.4683509693462975,0.32528896065776647,0.05081999990632127,0.18942598184719067,0.2755707107746511,0.5750917820308749,0.42039003953862325,0.165549445268708,0.36550218174915006,0.4379363376273534,0.31213407307047153,0.1569652639150613,0.28831553204241,0.0,0.32751518074267405,0.31864744639100334,0.30693353098212106,0.03594885294000129,0.3542591962619072,0.027968224054219927,0.22705614352703968,0.025767612308511153,0.23004586359051496
attention_zero_shot,GEM,0.0,0.4759243086277929,0.11283423532048763,0.4764428380538258,0.4421954061316392,0.4575921316948901,0.1264092742374216,0.09799892772702613,0.46296084265547555,0.467568968394319,0.045682338635009326,0.49440865573053344,0.4286271545319739,0.46124589809928584,0.47531019982910255,0.46394539749282854,0.02995758964596379,0.4867953470358151,0.476367350589665,0.5070464386757773,0.12859799176012138,0.4532145413645939,0.0,0.4490534011578308,0.21668617930699605,0.4561662398480764,0.0,0.46108032266044036,0.4662435406588642,0.08105004997091853,0.47564440878926373,0.11744017100564125,0.47562105770277335,0.4316746451891787,0.4537718517508573,0.486617238846652,0.09915647195304163,0.4402588531727224,0.46111444960328235,0.4489868978349321,0.4707674187986972,0.4589498112639078,0.458955027157232,0.14467638623081905,0.09842517909778754,0.46144946512455015,0.4589626705012227,0.46421418616721866,0.0,0.4677328985702844,0.47492008134941627,0.20090466808139182,0.471769847766944,0.4498430545105922,0.4958510185383401,0.035218252025688165,0.5206854720758111,0.48145198302100145,0.0,0.0,0.45124807179439025,0.5008978931079436,0.43795779078945785,0.4477001055688259,0.4533671955127351,0.42693508578644795,0.4177497241687786,0.45562847960652825,0.46168587265945776,0.46550676864597385,0.4593976720629195,0.0,0.44746293754982625,0.4649997427446299,0.4650357705232398,0.0,0.07936676615367393,0.46495715713328606,0.46495715713328606,0.5015232193848879,0.47086927945270635,0.4342295969039469,0.4588197258369471,0.0,0.45591542041403893,0.0,0.4825945557058697,0.4639830218021346,0.029201422631421094,0.4345864287306679,0.4944747600383356,0.0,0.4568855104457693,0.18025094672835637,0.47349412699316035,0.06317602401483048,0.0,0.5055363086752892,0.45645436294318603,0.4659642740280717,0.46435107847543755,0.4654847804266684,0.47878359591684816,0.5018943065951051,0.44567753671146215,0.4772034563283974,0.4847981914006841,0.02261557098154844,0.45197261304140074,0.45833687609555435,0.14971468521908946,0.47884496163616025,0.48948782306125715,0.4626022774219245,0.487612212270183,0.4816457108072765,0.11030876195638246,0.4630727763324425,0.08719355817043574,0.45701485981710765,0.4844375039703805,0.4738260720528068,0.4737234099633743,0.5442672098296005,0.5470971935689801,0.48560310092512426,0.46010897854743166,0.4718535265444612,0.5779808252832394,0.4343246886685227,0.44552205256021155,0.0,0.10997381318482664,0.4496692105384362,0.4590761791427875,0.4639349377244381,0.46697972423390594,0.43723588292052423,0.0,0.44607221623780635,0.0,0.484626267457532,0.453535846530462,0.47981585961904644,0.46571997484715827,0.4639853155154816,0.461114910853485,0.399116483724502,0.4661011627982415,0.4411032256908044,0.4487987419333637,0.46785973315819873,0.4908200199274407,0.4581703764874181,0.4608931251409021,0.227188980293886,0.47055592538169055,0.47151058652836164,0.4790708365398228,0.0,0.4667817807403798,0.4816955169941281,0.4476224654434479,0.14015426948961024,0.0,0.4834427334812092,0.4450685560444207,0.4726698298824085,0.44861441324606677,0.454068580467859,0.0771092653700848,0.47468029540002527,0.4781333334642959,0.4679746702946039,0.0,0.4664735849586324,0.45678034738394,0.4624357919277377,0.1583725396484457,0.4854170924067208,0.08337094205269976,0.4624725285603398,0.08230682407705132,0.4775774762124103
attention_zero_shot,IGFBP5,0.0,0.3913216316161077,0.04781467804586878,0.4302346175919751,0.41444554082746465,0.3993758886208184,0.1492503429240605,0.04493448686399954,0.458832040112771,0.39289678788995247,0.04323239061864709,0.3734361434455701,0.39555753051597714,0.4479224378387972,0.4738266370061022,0.45064824510668766,0.0,0.44559000889284694,0.39295655034599986,0.40047589276308015,0.04762498412030949,0.43275831076966753,0.0,0.43399616938562197,0.17210842768062246,0.4174692867099675,0.0,0.4457954379556893,0.45577853224396114,0.03734786062762793,0.4281404704898102,0.08999931952873534,0.41461589882877387,0.3998986255328517,0.4407660827869593,0.3840423522556703,0.04071000855615373,0.3214018522488314,0.45105712598185344,0.4286421133832842,0.3589601531657854,0.43986726023493855,0.4060470048354796,0.085102463498256,0.03934970855657355,0.3611290999247779,0.4227675885960066,0.4512706937376468,0.0,0.46480291934735696,0.4764577787272405,0.21438838130394716,0.4670663971196061,0.38064446687690756,0.40203210752929364,0.0,0.366161720644901,0.4508974754046054,0.0,0.0,0.42984718836388364,0.3855584509097524,0.361326709683572,0.424547483671265,0.4336775370835503,0.3917942405773108,0.3786339329303695,0.43691564885299905,0.36167336787424076,0.4541799645127817,0.4432273657915464,0.0,0.4835787626462464,0.45305504647972955,0.4011888689439335,0.0,0.05223757943291901,0.45840658170557613,0.45840658170557613,0.4047352630904103,0.4654932889270006,0.32534764538282956,0.44310989857268734,0.0,0.43838380341057115,0.0,0.4171908089577875,0.4552052562244175,0.0,0.4062892609138123,0.3950866143462872,0.0,0.4396548893353718,0.1503114894537944,0.43584982998296157,0.06040133551686355,0.0,0.3893487841852499,0.41444751765643556,0.4578656489847333,0.4530663730073716,0.4604887865003427,0.43813312434004226,0.3854579657029932,0.42061338557171024,0.42548293039635826,0.42246300766514716,0.02157769902344035,0.4306194342130571,0.3956362811666351,0.04379472808553842,0.43607418749988125,0.43884856542503986,0.4492427697070137,0.4528120414495865,0.44513965443053044,0.04734030636108286,0.4375931236958749,0.04999553510807431,0.37902963141269275,0.44628241351124454,0.42588735251840815,0.4337761083316559,0.42670569136532716,0.40330586491228226,0.4422973647989147,0.4451313190134649,0.42389460886793845,0.38223100585981734,0.40481602348786894,0.3834395450520236,0.0,0.09896104008383198,0.4107680921968136,0.4432060237301702,0.4548537076438549,0.46863404950215437,0.4084391473964453,0.0,0.42777609015221457,0.0,0.39933939945373675,0.4242998779000722,0.47930455794322924,0.41778591364293155,0.40803806981389784,0.43545785482219257,0.35693196010127887,0.4099153891484159,0.4212091699516671,0.42909422603916636,0.45914283818801194,0.360592942046894,0.44540624648271404,0.4454683802204039,0.1880595743974448,0.42889238867433715,0.46787771918216353,0.43739705755144503,0.0,0.4657344517842986,0.48174602522371396,0.4295524188170721,0.13441773176273591,0.0,0.4425853436329332,0.39388449022895095,0.4681307196470903,0.425352792797723,0.4405417000751988,0.04366248056902748,0.4339285733074888,0.4044683009597548,0.40255644173278493,0.0,0.4628740827444405,0.46650441218624517,0.4654544888894264,0.12488711842516752,0.45058555124519944,0.051820224047299475,0.4119282104570978,0.05276102405061383,0.43199543327950346
attention_zero_shot,PRRX1,0.0,0.09289053488078858,0.01626512449527972,0.34689490378484333,0.19900874815738243,0.16546185127045537,0.07346063037969235,0.1718357743809502,0.4066453503949876,0.2692303445367647,0.7185357793949363,0.1091833414781883,0.12170708152126244,0.2447675195853143,0.18068668395238985,0.11106782445994234,0.0,0.29544099414441477,0.10622846990690883,0.2848886177346471,0.019616025171730583,0.4132326044988339,0.0,0.28726488070090284,0.033654220129294254,0.327487016645582,0.0,0.10671972964467354,0.24231230830667158,0.01599589983808841,0.12242142066624684,0.02483475453342799,0.15514174372151474,0.11862151663102054,0.30801544344605875,0.16686585663300504,0.011003377584042504,0.040247092136083455,0.3559845686048199,0.2172847653601495,0.11173034991512569,0.26434022067287816,0.7305198116600209,0.03624250313328686,0.015459608747828786,0.28723603712987644,0.21202200400738214,0.1317906376988996,0.0,0.15971021219451603,0.11122667044329561,0.04562454480182573,0.428647958591163,0.3355303143635429,0.15418092524234076,0.0,0.1290110959440428,0.12505091903411372,0.0,0.0,0.4199912397884242,0.10073267855750889,0.15659060101513694,0.13242528555088887,0.14301930839496,0.08529363816400658,0.08891233294007876,0.11663091626698817,0.05760488728804577,0.20950118734498926,0.12812891983578362,0.0,0.11884895728016284,0.1826557247399765,0.07444110512639214,0.0,0.02157283179623074,0.09087367455813465,0.09087367455813465,0.18486549288211795,0.3818378038145393,0.21680866916084116,0.18830008565140147,0.0,0.18110863278178077,0.0,0.38897136636565693,0.4154532806660539,0.0,0.41825717625475944,0.12777206128281024,0.0,0.37348187132204985,0.03466414377299588,0.09686222045654305,0.15424019510603834,0.0,0.16585289474396328,0.2239120279173565,0.3754825243481551,0.26119492544624556,0.20738020053281855,0.15959409298911023,0.19267276754609652,0.6202102053237604,0.2177248104507223,0.15482821707627475,0.009492622612765858,0.09087367455813465,0.27162198411426736,0.014134623041462575,0.12722707928665292,0.15073082417531222,0.42988837321718815,0.29985538964639935,0.36698264554354126,0.014638707290299433,0.15758529059280735,0.5599077944226202,0.6161933143460008,0.2631588672217718,0.08692264522952009,0.15455484401074934,0.17886093360465502,0.1577340379422564,0.1241874870574873,0.4232234516314009,0.5254504119364601,0.09689331961595893,0.7472328725061361,0.15614934983162837,0.0,0.037028921544306814,0.34437537237352117,0.16743441434497844,0.35439722283154373,0.16073703777117931,0.12773082814838607,0.0,0.2955734331083252,0.0,0.4654079885081074,0.4077116051769851,0.4517296023223246,0.21904576813872123,0.09735050113972112,0.0952009923942363,0.7053312014375543,0.09269103997684823,0.20592084429986077,0.23964120433334474,0.2963541545965013,0.09777569486827237,0.3185650018146429,0.10522214948836643,0.059232017356223236,0.18821359017949132,0.38879887708918537,0.17588237542890256,0.0,0.3458578712350087,0.45191170788279134,0.4414599279001694,0.1787204202669389,0.0,0.21290517563787398,0.0916910689159959,0.3846792060387168,0.5289934669563147,0.33429650267234484,0.012985192994245874,0.5958492465758158,0.10599463084256593,0.26039446898934854,0.0,0.11923914839424248,0.1733283343073841,0.10390261714625576,0.023225825460111593,0.43808451906845103,0.6153295662146427,0.598842962764412,0.02396965715093853,0.6417037928956703
attention_zero_shot,NXPH1,0.0,0.05437106863635754,0.009167405882823748,0.15534034381827758,0.11763077007596003,0.15618552982743417,0.043498292482209586,0.008066567565767227,0.17146082664422835,0.10375087450515878,0.015341061827956323,0.05790308563423372,0.1313984824735499,0.16745664134819654,0.1683697018530408,0.1897298862640225,0.0,0.1646826026692912,0.0630724031251917,0.13467834617376934,0.013108329458392342,0.10219935770271331,0.0,0.1372851250320716,0.026837963355557454,0.09662717623988176,0.0,0.14724872907818903,0.18972988626402246,0.015284804521939907,0.09856707838838141,0.020661890484963356,0.09779917917173472,0.07053194892032781,0.21566703544655946,0.08636047063486284,0.00524467647264449,0.01722218985311849,0.17557699639635893,0.13539472280276876,0.08800807237412786,0.21678988041076921,0.07140758198363054,0.042515516373703065,0.010654452931322552,0.11141845460529126,0.1237368823461016,0.1897298862640225,0.0,0.16262561679773357,0.183308814547012,0.37961235887731276,0.1867199892543977,0.17633711764955418,0.09232934786172996,0.0,0.07111001125715243,0.28870172879060774,0.0,0.0,0.10417797725005551,0.05760460451971508,0.08911482756150961,0.09877986063613675,0.1185358327633641,0.1192202770725781,0.12336185420153356,0.11512836501508514,0.030639486565959984,0.1897298862640225,0.45123915431355294,0.0,0.09206931898942736,0.1897298862640225,0.048130773506552926,0.0,0.02309275202741051,0.08131280839886679,0.08131280839886679,0.10359068651219519,0.18713079221228518,0.05134445909202585,0.15888400812767772,0.0,0.14996474041068028,0.0,0.15612634881717802,0.176094083551692,0.0,0.1562951382120292,0.07452430400152206,0.0,0.14104604491796294,0.03232946648468272,0.09865177235555363,0.02491143132264626,0.0,0.09264527704306118,0.12016226130054755,0.18110611669731785,0.17942576776856195,0.2146398388536165,0.36987051490724204,0.1360914896087666,0.07942546272865511,0.09729551032034567,0.10641544424648404,0.0075876123729442645,0.08131280839886679,0.07673558342977545,0.008043689764152484,0.13090617780539515,0.13288610244308324,0.16777764816685764,0.17631887925883782,0.16673151283717166,0.007105462162280156,0.1388866975569338,0.01946960873992954,0.0366636622795347,0.1653933830614325,0.07114870734900844,0.12073720034983251,0.11214686408042332,0.0965801273258755,0.136085858243284,0.15792500616016364,0.11333692751327591,0.11080702502324516,0.09018745085349993,0.09151975613907307,0.0,0.3360800473843583,0.12463791798597132,0.14756768931646197,0.17985578715995576,0.13281092038481576,0.09146135791990129,0.0,0.1456066569002964,0.0,0.11315033113020603,0.15934990760574635,0.18741905692337293,0.1279349207934464,0.06915727754681693,0.09486494313201126,0.07520705148377299,0.06349485109493092,0.2239986008192292,0.14195158394077298,0.18972988626402246,0.04988555382293127,0.23495373252784488,0.14229741469801688,0.06174775581101783,0.12983511520963228,0.18160559963706727,0.1250245658607917,0.0,0.1698060680505889,0.18972988626402223,0.14799149110698,0.1504987091396312,0.0,0.15481746814324623,0.05345113529611104,0.18972988626402268,0.09138253301846466,0.1675029786138834,0.006486467830502913,0.14883587211689284,0.08177255303578464,0.12688665273926267,0.0,0.12648659084268168,0.3676349463654277,0.5206620330514048,0.01744019504994558,0.17246566038321803,0.024939359272983783,0.11506256767030985,0.02979406911917718,0.12520823356728847
attention_zero_shot,PDZRN4,0.0,0.3253051658474659,0.25834666745136375,0.4087080340071952,0.2565972117286792,0.33159805271389675,0.04498321890823652,0.16817413117143823,0.4433425391673484,0.25727941768318646,0.025659369478637995,0.2245373315633798,0.15889780720067667,0.39424058416436364,0.24157225428508972,0.27837941598210025,0.0,0.5230657676597721,0.31244198571909,0.3562204074855719,0.27801562052420614,0.1632520692529178,0.0,0.32010131283858717,0.032564023093863595,0.21689576288470877,0.0,0.22839433737964726,0.4351330113791978,0.24459086452328102,0.19771203093687362,0.18780665257230789,0.3413949834003088,0.15737141945520686,0.38589073962547377,0.2083063942476196,0.10567435528217883,0.10406765027672513,0.4379461842871583,0.3152976534824919,0.20752065381078133,0.37694261719566746,0.27518158604854404,0.22706229887623502,0.1845435976187645,0.2996131588393514,0.29879720733041504,0.3236637879857063,0.0,0.32849018649109896,0.1448001809360745,0.060210430430913196,0.47946664520566207,0.3640138969779579,0.3008466142601356,0.0,0.34906899592698404,0.1915901259669623,0.0,0.0,0.19037099142305566,0.26082884291936337,0.23597919303685105,0.20690611796334146,0.24452541213849444,0.10152562542429767,0.10387356147385131,0.21002212269039738,0.1404217283446416,0.41423253199291815,0.25785773431441356,0.0,0.1836974760778061,0.3915903459911152,0.08487259148765407,0.0,0.49463925809039366,0.13918970799105013,0.13918970799105013,0.3096621048336304,0.4767319756667306,0.18170468682470514,0.33417492088215645,0.0,0.30801768528903994,0.0,0.4143146223093643,0.44863441445682367,0.0,0.3877564962979221,0.3342930323205075,0.0,0.2950612084493487,0.265889715335901,0.3840981034654705,0.04321101476083421,0.0,0.2809586481642693,0.29646251870743484,0.4556040629731379,0.4241964419107677,0.31947018003886846,0.35537753775248165,0.3188498463620021,0.13407394935657396,0.5413545800285976,0.44080571667455776,0.010948313098919544,0.13918970799105013,0.17983778112102117,0.17204221076994122,0.4770055517098775,0.608248429413105,0.42291286818699503,0.5663721884053252,0.4605592705549661,0.17665687788942633,0.2776299171336021,0.2733011158779159,0.2681594727435085,0.5559764222231223,0.12372418488093345,0.26106023066074346,0.3699844931432339,0.35087426675210476,0.7246973917329699,0.3413619320914089,0.45141073840901713,0.23963873412763495,0.20266522852234692,0.26636339186906266,0.0,0.06304918095330729,0.3037613934101102,0.31327227679289216,0.4470303579063403,0.2847929789026292,0.1778712957998774,0.0,0.36948990781664315,0.0,0.3089287360797176,0.42863839240362345,0.49142676477606173,0.29693639590984755,0.12916409044675675,0.15907395198977156,0.17084727816923728,0.2497127624525914,0.2747894182256363,0.3346132691147395,0.459516903996524,0.15982804284986604,0.41516518692422244,0.2227035327856802,0.34429252498097124,0.3787763237180036,0.46604431951118597,0.44942226573678684,0.0,0.43186454560326004,0.49725388066619564,0.36907909201090144,0.0404615365816378,0.0,0.6316584999363042,0.14280685935714232,0.4846748884429718,0.14902255221437805,0.4101854598935902,0.15976464708371776,0.4769472161822041,0.3704844657158077,0.3134679187874316,0.0,0.2311884199897902,0.2040113484004574,0.17501930010838324,0.019469179949647336,0.542186636663604,0.4676985481346191,0.3905336076449896,0.7233706688638184,0.5128555621328366
attention_zero_shot,IGFBP7,0.0,0.09885486000652328,0.011081771914587044,0.3804347474355706,0.30525560330754675,0.2434985600290477,0.3075795932283051,0.010863439842889077,0.4458439611802503,0.23616178040654018,0.016116742556264566,0.1184582465991468,0.17446543532696046,0.3239062648264043,0.4549939886767326,0.1516824118110887,0.0,0.3611576121945328,0.11728939603806228,0.32066361239388813,0.016898237004096064,0.11716318204863757,0.0,0.32855078159682444,0.030798133182589563,0.18034140950477892,0.0,0.137990368606505,0.33862769285234584,0.011663020750029346,0.49420603172072863,0.6229160270483578,0.18843113030520584,0.13530708415268522,0.37487993013480087,0.18950424177505112,0.006950104929463605,0.03133335668423653,0.4073564971281152,0.2706342310451973,0.11425764450539647,0.32839679518799986,0.11251583445952859,0.041737817322721006,0.011228856643726498,0.2654737938987192,0.25968123594608106,0.19091784116542665,0.0,0.35749774638130805,0.46068348522883734,0.3516635540125389,0.447573225025621,0.34737318989263793,0.1811826290506677,0.0,0.1416198312852972,0.3113511987500638,0.0,0.0,0.2067972195123986,0.10893879854953985,0.15335323347539845,0.1641012449461028,0.1859814109389165,0.08821428320095497,0.126189822694947,0.14834321767362396,0.050614464857719275,0.3030190678921064,0.17317688825101848,0.0,0.26995569996924795,0.26938869987410247,0.07226476330921683,0.0,0.01710357919145765,0.30952521406795225,0.30952521406795225,0.21808091110183442,0.44130087229209114,0.11192354985957126,0.2568775425716366,0.0,0.24142185525398988,0.0,0.403818063808111,0.4160460293170739,0.0,0.3730408095876244,0.14599276746939727,0.0,0.22304099490020957,0.2189117120805694,0.5649094321602111,0.1848469410881264,0.0,0.19009643367866827,0.2654365631568797,0.4189556667745795,0.3481562449068266,0.38666313024308363,0.2136060519291669,0.19854375420666912,0.10498367156550815,0.1533191045357033,0.19295424832489952,0.006187451177321844,0.10112160787405915,0.18006660846699332,0.010182714041785352,0.16465086752328956,0.20226987388694578,0.41245815577261125,0.3761585741523904,0.40649038403183113,0.008551789595728825,0.21025804793532873,0.0227130095796832,0.05991049003283678,0.3369919522788704,0.09334302265297767,0.20204152490557686,0.2563358570376905,0.18600471057198179,0.16565233476518007,0.2569948589043871,0.2106322139637848,0.13293193077527918,0.1753298714635362,0.17711507827827785,0.0,0.15180941124014088,0.2765637362618143,0.23090459989208784,0.41185994538415177,0.40271178793426166,0.1500738615890046,0.0,0.34078119946859603,0.0,0.25402538519703294,0.4081879238838374,0.4848639456340891,0.26294252237612625,0.10723173617166633,0.11031448131715543,0.15894018669746912,0.10053264297563876,0.2791493357560187,0.2933295542514512,0.3870949879371162,0.1644254356921295,0.3770988669940619,0.1348288104987455,0.11223293484215645,0.2653450499508119,0.45124553365077197,0.2661310927677589,0.0,0.44143440087407576,0.48201941379438534,0.33779784797719015,0.03626584792870619,0.0,0.2836046604056891,0.09739320558424402,0.4471492165406947,0.11358336805029205,0.40307019170777536,0.008481633656288496,0.3252267772280093,0.1190510481109186,0.29286202513404913,0.0,0.33213668905170607,0.40875713047827994,0.36238451794682974,0.020018863403044054,0.3779608001069912,0.026908815315051116,0.21864644727735502,0.022163543829174088,0.218292878341439
attention_zero_shot,RGS6,0.0,0.23771307746988968,0.2798257428186773,0.4095156076298968,0.32003436238225624,0.29631524331992287,0.649749190358473,0.14730508615383228,0.4706407633913773,0.4020009765174662,0.014125830795136204,0.2650264869589532,0.13436682491334054,0.29595733728609047,0.475004021741956,0.13767307527276276,0.2506977238793812,0.36156177088230534,0.11547069408797277,0.3772678969601821,0.10429123550851595,0.11379351453968876,0.0,0.3949385311382853,0.27551275374406137,0.26124633923615875,0.0,0.12857148758085213,0.30288076560007804,0.009652609630613481,0.1430954724654222,0.018099230657725954,0.25748797595130046,0.1314190575250417,0.41366630888939965,0.4049311387991929,0.13674517610548248,0.20294158700936857,0.391196410147893,0.25301498416161416,0.2971758464809225,0.3249380107492319,0.11092440098705446,0.09048188434781537,0.09707108161608799,0.34218119327308605,0.32068598265459203,0.1682670920000434,0.0,0.6112128320930142,0.45269946619698076,0.3839918946516999,0.43021030599953464,0.40516833497863197,0.262629148245846,0.2593344012800674,0.29422173284622605,0.41729182423995176,0.0,0.0,0.1355644751942674,0.22839075488940624,0.15003833416467938,0.15453328487977142,0.17170364986641268,0.0896105018128325,0.09335005288530389,0.1387375430396779,0.1851696939414128,0.2672477343530101,0.15756359316234886,0.0,0.13711873036871908,0.23557392880006073,0.3088383468794598,0.0,0.014593857547173216,0.4900676616045374,0.4900676616045374,0.2915866790442818,0.4223572040816357,0.23643603423748175,0.23215711656094035,0.0,0.22025580364147546,0.0,0.45158031002212246,0.39882432832726405,0.2443697999155765,0.36846998335717085,0.2129824384214884,0.0,0.2025866365008236,0.2763697206680566,0.110663544093488,0.016938320991362197,0.0,0.26579646072993224,0.334408563433431,0.39983721743833833,0.31717606985646,0.5846496513692379,0.19472418402495467,0.3388448517202162,0.10420553372190572,0.14495001084647016,0.2402182404705919,0.004861943423064692,0.10096025520002602,0.3537659823193285,0.23415029688699013,0.1525878632071528,0.24646064082805264,0.4275408718935766,0.3502982244978438,0.3944045074715178,0.2795756433421528,0.2568970815060658,0.08324721800161303,0.13276392857570357,0.31163369073155145,0.33596975292632014,0.3568774205663044,0.49379185813823945,0.3371386568518374,0.1516514439949044,0.23088152317097155,0.1968425427812984,0.4265881945791166,0.16756969626081455,0.17135506074519902,0.0,0.2547941125388135,0.3226768987648985,0.20785934894123004,0.39353376297943066,0.6917219129874967,0.1441027795387913,0.0,0.32663611976479,0.0,0.3349656780773874,0.42510947496501766,0.4703218954055031,0.37027555442388493,0.3011031781859678,0.1764532198585689,0.15555795541707054,0.13111491012669502,0.36016349897556316,0.2757827624562187,0.35523052755564705,0.3463812065614792,0.358227229097005,0.12620031900003253,0.1859898922911378,0.31571699236942824,0.4641654266298838,0.32735093012734223,0.0,0.5319475500431651,0.47300277042531863,0.32263935839378827,0.03173995908386111,0.0,0.2586105946008988,0.0977303177672805,0.4271395412308792,0.11124186389504527,0.3668448975219561,0.008344510329646377,0.3069906745747026,0.11670902266004048,0.41670522364761764,0.0,0.7001027550788594,0.46182944174805207,0.49026958509350654,0.17307529403775285,0.3548236371400664,0.02340691130903973,0.2071950018476652,0.018388831025460548,0.20143887350750395
attention_zero_shot,ARMC3,0.0,0.0,0.0,0.0,0.0,0.0,0.0,0.0,0.0,0.0,0.0,0.0,0.0,0.0,0.0,0.0,0.0,0.0,0.0,0.0,0.0,0.0,0.0,0.0,0.0,0.0,0.0,0.0,0.0,0.0,0.0,0.0,0.0,0.0,0.0,0.0,0.0,0.0,0.0,0.0,0.0,0.0,0.0,0.0,0.0,0.0,0.0,0.0,0.0,0.0,0.0,0.0,0.0,0.0,0.0,0.0,0.0,0.0,0.0,0.0,0.0,0.0,0.0,0.0,0.0,0.0,0.0,0.0,0.0,0.0,0.0,0.0,0.0,0.0,0.0,0.0,0.0,0.0,0.0,0.0,0.0,0.0,0.0,0.0,0.0,0.0,0.0,0.0,0.0,0.0,0.0,0.0,0.0,0.0,0.0,0.0,0.0,0.0,0.0,0.0,0.0,0.0,0.0,0.0,0.0,0.0,0.0,0.0,0.0,0.0,0.0,0.0,0.0,0.0,0.0,0.0,0.0,0.0,0.0,0.0,0.0,0.0,0.0,0.0,0.0,0.0,0.0,0.0,0.0,0.0,0.0,0.0,0.0,0.0,0.0,0.0,0.0,0.0,0.0,0.0,0.0,0.0,0.0,0.0,0.0,0.0,0.0,0.0,0.0,0.0,0.0,0.0,0.0,0.0,0.0,0.0,0.0,0.0,0.0,0.0,0.0,0.0,0.0,0.0,0.0,0.0,0.0,0.0,0.0,0.0,0.0,0.0,0.0,0.0,0.0,0.0,0.0,0.0,0.0,0.0,0.0,0.0,0.0,0.0
attention_zero_shot,CD83,0.0,0.14070848282464418,0.016974305561963585,0.409809657711431,0.2771435672224501,0.22093715006985148,0.060972616581663974,0.014459214940860752,0.4498366061153433,0.2741554582410115,0.026682124835257275,0.1503595239744116,0.18555418678508934,0.44393600592913574,0.2662821934526697,0.5048012760001301,0.0,0.43639806199754505,0.16165897172316188,0.3360847292716894,0.023115017172533715,0.24384324544219022,0.0,0.34413422873560645,0.045643671057946235,0.25550713331950237,0.0,0.3857144627425564,0.50480127600013,0.02509678503959505,0.25757185043775993,0.029237218754788078,0.2574922516961897,0.1867533975355856,0.4041878769207636,0.22622382243349043,0.00875476952592418,0.043375759761417144,0.4550652118046919,0.34940164479461006,0.09954297331581323,0.4093521497484865,0.1700840815134835,0.058026250473808945,0.018034558931952067,0.28298254124286193,0.3292182234783457,0.5048012760001301,0.0,0.43268680800011156,0.17352051488386733,0.07623915645519001,0.49639650692253995,0.35158149061312793,0.23365470204045116,0.0,0.17044965099781625,0.2409631501368749,0.0,0.0,0.2560662309225051,0.14737691337951167,0.18004600099761525,0.257555474799619,0.30906656975954283,0.12943739150742473,0.12581963649758351,0.297294735085024,0.07277513916973036,0.5048012760001301,0.36764838404548067,0.0,0.23684144336415114,0.5048012760001301,0.11956964545620004,0.0,0.04378157264151965,0.21634340400005578,0.21634340400005578,0.2696123588433475,0.4958106308784419,0.12847282452898545,0.4009986558779879,0.0,0.36709300606912576,0.0,0.4034693432849152,0.4667093203829686,0.0,0.38570834515165836,0.19285223887206396,0.0,0.36465594570148246,0.04809027176297869,0.2582149362181387,0.050814962974086594,0.0,0.23046503696592704,0.3197074748000823,0.47599668742659323,0.47576410478469,0.36184408263362483,0.3505035312449184,0.23550556290795557,0.1875699606994303,0.2503682005529939,0.2773353000006447,0.010418450192281483,0.21634340400005578,0.18236662177027735,0.013187199377280622,0.3051757264143056,0.34808030754765795,0.435989043302217,0.4670642993304584,0.4408050377622846,0.013471253120467585,0.3454815252541612,0.03307909617517364,0.08993533921663002,0.43628716702417203,0.1893004785000488,0.32123717563644644,0.28876578319421764,0.23952506215335528,0.3538533693214436,0.4155867417077488,0.2952638141719476,0.13414650353752863,0.23140577102683912,0.21419382593149877,0.0,0.07649656603161199,0.3233349366735019,0.39262321466676786,0.46674934678955726,0.35336089320009106,0.21191585226292836,0.0,0.38740563041870446,0.0,0.29430926877387514,0.4036768599794676,0.4979878892528857,0.32278167590917484,0.16702482291238147,0.25240063800006507,0.1838412200383561,0.1623486236210137,0.2989206890219801,0.3640332464422087,0.50480127600013,0.12060868116467965,0.43783328000745053,0.3786009570000976,0.09674003486176173,0.3051329322001812,0.4809913968143441,0.31944361670590027,0.0,0.4503701169293767,0.50480127600013,0.3888217908848217,0.05289993180643518,0.0,0.4063880772299838,0.1411660145527385,0.50480127600013,0.21012352069064105,0.42673794201533666,0.011246948705175551,0.39167775721599984,0.17506353399006072,0.32747486158859673,0.0,0.3365341840000868,0.24433784923195384,0.2572915092770079,0.026595201397735007,0.4562018191800853,0.04421305469485282,0.27926282857728785,0.05516649307638165,0.3254012572044295
attention_zero_shot,ENPP6,0.0,0.43227312613856755,0.5420304418239548,0.4279850599777932,0.20052781679302298,0.25121618275314145,0.021381056027417272,0.28937436344041084,0.4145166639227371,0.4779864448460522,0.011902079147455832,0.470583053718014,0.11129716376372382,0.2560211634251821,0.17991419955438817,0.08215215247607333,0.4165262862683155,0.42164438554089156,0.1949366052110406,0.38467286192766764,0.3023677885995206,0.07414569836964083,0.0,0.2469400254064189,0.41787490309635383,0.30184262865098643,0.0,0.0783165717970563,0.25505406664500563,0.06906630817874641,0.1064646329283081,0.08330911270620167,0.34435439786704575,0.10696167956429961,0.31950288418455464,0.49760180769055995,0.2428804375072496,0.29376661693616546,0.37036897512912653,0.22229060306049592,0.30688315517635684,0.32572131512389285,0.1475888733202813,0.22787456644773665,0.2333019267626828,0.3867797977556551,0.3501429867279334,0.11234137558493451,0.0,0.15190481236407902,0.09829185989593248,0.03436046941976386,0.4091321373251716,0.4135196110947163,0.36058615902543145,0.4053744995730968,0.45700908534098833,0.11114236162868461,0.0,0.0,0.09779843328900571,0.3662196942685992,0.18763916249828402,0.12019272053563594,0.13221199258919952,0.06726597147579313,0.0741644179888783,0.09615513528139594,0.28773653108690733,0.2156202967468281,0.1099665286538404,0.0,0.10280143005686786,0.181599005069969,0.5923842197835759,0.0,0.1257151961915926,0.06282223424640901,0.06282223424640901,0.36210080688530105,0.3993011281178016,0.3100492890813804,0.18878854137363948,0.0,0.17994046486445778,0.0,0.4496503212828332,0.3769984598629489,0.40307211088253225,0.36680022085721586,0.33593220474821583,0.0,0.16000668056016937,0.1364650910945351,0.1358931140542753,0.012832881163699756,0.0,0.344039041538679,0.36344020648195174,0.3758737505020285,0.2756076857978309,0.21129346514667352,0.18085960802847964,0.4301497632484107,0.0714636880591433,0.2548856145940975,0.37035716517461936,0.004059846842325922,0.06282223424640901,0.26557758336752113,0.7198105230947927,0.19888146786773475,0.4109271598237632,0.3701490942770991,0.38281316636076484,0.4039389473396812,0.5129043760528387,0.29168856161235956,0.25594308867084314,0.2734256106933654,0.3510615937606148,0.48841912449866026,0.5989847773198642,0.4780269369493079,0.406508149063747,0.24557654301647913,0.1854720785633025,0.25116636534946796,0.41560828636363706,0.14235791437910272,0.20140293602955714,0.0,0.03236626443118305,0.3457066704706572,0.16248332032576177,0.37026030313470804,0.15435915430947367,0.11689420898734611,0.0,0.3058870992866576,0.0,0.39406694594155506,0.417081264175837,0.46082141844233576,0.441659801926014,0.41773162641494416,0.2013065411803609,0.14152940436807834,0.21091778071416928,0.20850930123168435,0.24726872329267943,0.3153378757996908,0.32847502497095293,0.3329472224881909,0.07628414158492523,0.1854668471227041,0.24137064181028017,0.40369228190324297,0.2591029083207567,0.0,0.3603678075638275,0.46220872866824825,0.30035967344278797,0.022825636157248974,0.0,0.3291977889616661,0.08902128058541979,0.40305241292952376,0.0760360968633859,0.34684293750745865,0.09458084806786529,0.33755793414356405,0.19825303320390797,0.4764272639693514,0.0,0.0982987036368177,0.1287456757067148,0.07968321877221281,0.2445690521752133,0.38367777393098396,0.17463640381212323,0.249368167564019,0.17665687788942633,0.26244873113011247
attention_zero_shot,F5,0.0,0.32043890892063454,0.17948984518155447,0.41256095976943935,0.28279567463607086,0.34085929077529986,0.06912889882048581,0.12745364441232807,0.44498966374378407,0.2792479245867197,0.03162503207287737,0.25302968708548723,0.2112109128039652,0.41418199548963763,0.27478009161889133,0.3886562048020762,0.0,0.5020780155856978,0.3306953868589602,0.36145477999874626,0.22384912534377624,0.2751457107092959,0.0,0.34053921921384034,0.06993883751970613,0.27061714016801225,0.0,0.34863374015404935,0.4501447719069282,0.14668029045956799,0.27803762098625456,0.15250753082683194,0.3562003328686515,0.2142983484830144,0.395310927458522,0.23811425059371522,0.08809946756284741,0.131031237378391,0.44246372571937265,0.34354924427319344,0.22212538809158935,0.39376887601309984,0.305450417407491,0.18548645919436724,0.1355907787084661,0.3061432039732867,0.3273880339435061,0.40156121271297107,0.0,0.38530445553475,0.2038223163837374,0.09007846632864142,0.48083270474365436,0.3650734197892345,0.32352556431165425,0.0,0.33839193988671523,0.2639060948269834,0.0,0.0,0.27853156347991176,0.2902763128010526,0.2579048459767537,0.2756183240006851,0.31236743386744314,0.17063995032825496,0.16031062320930856,0.3063257463342823,0.18031663428409064,0.4384326638869564,0.34552146497173664,0.0,0.2625063554638676,0.42737122853476084,0.1720432024633168,0.0,0.2659550976199261,0.2591041365347175,0.2591041365347175,0.3284042498070223,0.4784732319769519,0.19350904655971946,0.37536443906713035,0.0,0.35293893430857226,0.0,0.4148723726826703,0.452503535931072,0.0,0.389883296583205,0.3479571375831403,0.0,0.3494270178287362,0.22212423122564395,0.4111178257681846,0.052260547299440255,0.0,0.3008076055483244,0.3196020015548197,0.45929163153900293,0.43843197557006,0.35209978250853824,0.38935690498769093,0.32961743601012977,0.23136969449403477,0.4934951382836129,0.4314298156635729,0.014933975754105351,0.2591041365347175,0.2202639660345038,0.14556740887503097,0.4614733028278471,0.5344393961661205,0.42738464027141015,0.5365162745630264,0.4619194980136914,0.13297754880996304,0.33664407086385545,0.19112108284665064,0.27263117699038353,0.5230068847552082,0.23917304910896997,0.32052842140107063,0.38432285657963905,0.3664064093047706,0.5884135449386751,0.3833808818329138,0.43207856214990126,0.2680207380622324,0.24824488469153233,0.2897177798881639,0.0,0.07054039075713914,0.32280252513810453,0.36631819588693787,0.4513555775493163,0.34189698282780867,0.23624614994936372,0.0,0.3802768316337606,0.0,0.3229159173723012,0.4369357450154978,0.49163970743835933,0.3221859706238731,0.2070101753257663,0.2826590580378736,0.19762978555314054,0.29608822408488983,0.3019583364555049,0.3565225657157145,0.4660862522674454,0.184808977997441,0.42333765587035216,0.34547218204628993,0.3001737334299383,0.38641623077804765,0.4681324892960029,0.44484296115808525,0.0,0.4372300214447634,0.49730804560025554,0.3808839921573697,0.06798587992051136,0.0,0.549687960060092,0.2034017184229388,0.48583881539636614,0.24899696404514202,0.41675935128088365,0.13409825421916405,0.4620024628723753,0.36656681758873183,0.3267154241327616,0.0,0.32855008312879447,0.2629956774447763,0.28299053127960616,0.043464104440465265,0.5188812034981561,0.29112232823188233,0.3847312084169424,0.35897969036310895,0.4766469512252416
attention_zero_shot,CHST8,0.0,0.2851542603722302,0.25291897253555873,0.48652078371503776,0.2231760815980603,0.1838812756198866,0.034046019459779704,0.3858869776207123,0.4213111433642483,0.3772407971662842,0.01525489729622702,0.4860804644060945,0.1419819096286131,0.2926068219563962,0.20633717516026506,0.15532346953850157,0.3579974619050833,0.38683165543334613,0.12459935701544558,0.4323280542919215,0.16042175563010466,0.13010023494679188,0.0,0.27072070345170807,0.372541258644935,0.4702190652677386,0.0,0.14626136621216826,0.2982916630909859,0.011154126684264465,0.15402598901888648,0.021187825290728803,0.32274891130808114,0.13976261479918126,0.3374505657281691,0.3703603953557883,0.1901405454911727,0.2730756661790077,0.3864914687191531,0.2529753489253852,0.39160571752353673,0.39165959971916126,0.12224249994809529,0.14972423793598727,0.16565010951375073,0.47279873755300156,0.488173073989679,0.18028617000004646,0.0,0.20785934894123007,0.1310927951308141,0.05020908016937739,0.42447451025761623,0.45817792986522515,0.459810460180193,0.22449903564342702,0.2744940128162075,0.15437995807466495,0.0,0.0,0.14786301864750925,0.4660152309373451,0.15413282631809483,0.16343031698161628,0.1797733486797779,0.10123836868334912,0.10298948228619852,0.15210967185854696,0.26901150505650506,0.26568488210533164,0.1694182237670634,0.0,0.1480979596669425,0.23755354164712006,0.3001262620709564,0.0,0.016678694339626533,0.11877677082356003,0.11877677082356003,0.46374925762042374,0.4162873267215796,0.42821480393681505,0.23408507098371412,0.0,0.22317806131043813,0.0,0.46133114339671005,0.39368665498245003,0.22350315980371474,0.36718744915432994,0.2665055628337357,0.0,0.20756803665074774,0.033730958485447216,0.12838068083181015,0.01935808113298537,0.0,0.4322279945987392,0.4965639418167875,0.3941665797676355,0.312193344329045,0.24652409928784266,0.2004918294224657,0.3003423553755909,0.11902504414972166,0.1551834039087173,0.30973204626127254,0.005719933438899638,0.11877677082356003,0.39280464984930563,0.21848062891804124,0.1636781715174764,0.46682315289096626,0.38317960279506574,0.34453954293915096,0.3907633826132754,0.25842932269107843,0.4527672430984623,0.2749424812453436,0.3147614398208339,0.30768482054945234,0.3504836626720297,0.374565992471907,0.3393685899003961,0.27285470918623844,0.16424509324554948,0.23303343465388088,0.20111624241351123,0.24862942364586793,0.17304266024399198,0.1752143739478117,0.0,0.04098796478173253,0.4496207219553683,0.21254790568426532,0.3882079846783225,0.20192051040005204,0.1521248431285153,0.0,0.32383478083027206,0.0,0.34214135172976934,0.39986318946017413,0.4673366727013191,0.37025804017924147,0.3065168712922619,0.3641085190344415,0.15914472143866293,0.19427393466927878,0.23354159391093612,0.2744466410587242,0.3481388110345724,0.4762691113293422,0.35362607296235543,0.1442289360000372,0.06530684526396167,0.22024866400012516,0.4176809160475307,0.2118582210635454,0.0,0.3776628461422196,0.4695825823257023,0.31977247184710567,0.03610774500289237,0.0,0.258093098217496,0.10877819778390797,0.4206677300001083,0.12610068222188947,0.3629654310974852,0.009607734860840319,0.30419118551959295,0.12714683922465778,0.39822568427653876,0.0,0.15775039875004065,0.1667947605791775,0.13563775534936381,0.44274962303407417,0.3494329529748031,0.02401541697065096,0.2099347373720531,0.0199315287495871,0.20587033128946577
attention_zero_shot,IL1B,0.0,0.10073954138092195,0.011971409797747351,0.34444442004785086,0.34176157214973746,0.3374034637985852,0.5510171701508181,0.011634732510130783,0.46841837298287115,0.20795044977579286,0.014047697447024384,0.1147384219406328,0.19590149180736038,0.24412540639124614,0.6587677391154263,0.12337830720226708,0.0,0.2927179567105825,0.11314437163535644,0.33526791665767497,0.01563034157529315,0.11083604308917844,0.0,0.38366132421332694,0.03844835779603598,0.15276595300475723,0.0,0.11885810319119888,0.241750952691259,0.01079592477377737,0.13069928964527963,0.024314469708494758,0.1596577956164676,0.12504102414502993,0.5062238852846561,0.18722977525799828,0.008539045352719656,0.047298930672341866,0.35229329840113416,0.2181736014929411,0.2789266801887072,0.296298684414369,0.1095132355858501,0.03510797554126443,0.011100375206050337,0.24791398774210102,0.21312953640117255,0.14154130571645102,0.0,0.5535880928922973,0.6748343584070233,0.659936308496223,0.38790986486981205,0.39566164432125667,0.1581805115743832,0.0,0.13305577117247153,0.6777219437861173,0.0,0.0,0.12529839978259602,0.10757575411267198,0.20600433044198888,0.16767474036220914,0.18009509150015057,0.15716331476959158,0.16042416907661822,0.16054020493765855,0.0660128760782907,0.21139899230946624,0.21360836067160935,0.0,0.1270863640375219,0.1869488020019109,0.08474636620747586,0.0,0.014933457723474883,0.42186330052478044,0.42186330052478044,0.18710672738216666,0.37715002121354413,0.11063404625437963,0.19157669752510062,0.0,0.18476822030601586,0.0,0.4154076277806504,0.35763281834444494,0.0,0.37104325354633466,0.13322850182641943,0.0,0.17036006566888057,0.29721010267888587,0.1088022579719036,0.016919356081494853,0.0,0.16869955129143102,0.22434865021377492,0.39065705247526256,0.29756217159008436,0.48413388308147787,0.2895877842222482,0.25794113808058056,0.10477266381626865,0.132400447218853,0.15978724425170693,0.006283928753650012,0.10281525600188923,0.2911630218335427,0.01109680748003973,0.13578272509437583,0.1571494263066874,0.4522935624046324,0.2966513536579501,0.3638577045162389,0.010453420406432417,0.163258428466169,0.01895015239680504,0.07437484055074463,0.29548836017300495,0.09870264576181366,0.16024183028735223,0.3349938624457376,0.18216016912232327,0.13375141443363533,0.1892233234489792,0.17204191947867006,0.26621429715034206,0.1529653554633835,0.15933397440516145,0.0,0.457921795110553,0.23760792521303808,0.17256812492484086,0.35038973713326527,0.5305029592433024,0.13399211189749216,0.0,0.29352674040082066,0.0,0.22198613925403718,0.4309932130511362,0.4488857206172379,0.2197333537634698,0.10617773667155779,0.1072854845237105,0.16879245356730183,0.14305852853959966,0.4275915664314384,0.23938079707381352,0.2928996266679839,0.24613382266208292,0.3533766120893289,0.11750314971644484,0.22550653351820546,0.32808852200493005,0.4524549024721433,0.33838346627397786,0.0,0.5234395018820354,0.44870966294162073,0.287807360009875,0.14668233812729306,0.0,0.21427727087950724,0.09983287365697839,0.3797445649188635,0.10939515393310463,0.35183978725488474,0.00992890354614829,0.26764820163715103,0.11376299575411886,0.2596232390744615,0.0,0.5189742026140872,0.7900051123220603,0.79274131108446,0.02677055084863455,0.305040294513052,0.020630531303098817,0.1844051843330643,0.01710201399678193,0.17277928865675113
attention_zero_shot,VCAN,0.0,0.17403623207865376,0.10144421573887152,0.36710200426936024,0.2593655395773742,0.3392125063499578,0.1597345989542396,0.08001550443127084,0.4223734100149697,0.20847062028144844,0.016181706151358173,0.2073409948430011,0.15883987868401583,0.25004777510696696,0.33431765111711925,0.10392582570226627,0.0,0.3572191895397439,0.25687503205275564,0.33512128721359585,0.1912930871136575,0.09276560506656008,0.0,0.2733546631142,0.02781071855238554,0.1460870178051003,0.0,0.21265229307167324,0.24824098780949722,0.16446342890922583,0.5215760239043561,0.5278418311499548,0.21267239832513596,0.11552262301287489,0.33920934527109653,0.1814749383336146,0.06278991591305298,0.07731379618157878,0.36204201228493177,0.22017188011537295,0.18499406939527932,0.2695367831675553,0.16104446572321615,0.17697732650069525,0.1457867808961022,0.2835181383709891,0.21445634786771722,0.12750673454331707,0.0,0.2183558652839047,0.2981807025888208,0.17214215343617112,0.3994004268185838,0.35494279184355326,0.2530445688519181,0.0,0.257769710795236,0.2997586137097863,0.0,0.0,0.17045105819340783,0.23110211420484633,0.21160401687707928,0.1295630032332519,0.1408293513404912,0.12902686710171402,0.16442555672215833,0.1114736264415519,0.10506407225651863,0.21325549396532004,0.12391050986888179,0.0,0.11473605251006384,0.18410091576183904,0.0674957192452841,0.0,0.12489133587181005,0.18603476178525874,0.18603476178525874,0.26149280587420537,0.3890796339600711,0.14011427554931516,0.18997477491223902,0.0,0.18214101824261517,0.0,0.41310960742215386,0.3680624573539232,0.0,0.3694311472535256,0.2798648751993865,0.0,0.16499864522829108,0.27068196837673314,0.5610894644627221,0.1340778697178262,0.0,0.24727187449278218,0.22650310761019396,0.36618673191186885,0.2676081055100314,0.2813670752837641,0.2245544938403034,0.2648044679161416,0.0880047387056597,0.23770247698027305,0.3523475581416257,0.007738498014929941,0.08314066056181302,0.18717093663775836,0.13273644649312563,0.2094947442315355,0.2527074455966892,0.3713685208715263,0.36855092484133084,0.41063808190365786,0.08165971960849118,0.1566619406859775,0.10949661104547656,0.14225469809640248,0.33795710229338427,0.07918158148744096,0.15341742980153253,0.3091565669766895,0.2942489274220791,0.23947164479615274,0.18714246957884165,0.24658834696377252,0.23773646584526575,0.14729207572939682,0.21732869566222526,0.0,0.1242319127622482,0.24058096129554976,0.16736446887439912,0.36104698741405056,0.2567907325777972,0.12503262905685508,0.0,0.30012234805786,0.0,0.2754095583311338,0.41854173646950893,0.4646326905447121,0.22158786581958972,0.09210210755589668,0.08751648480190843,0.14451619412146555,0.30988438728341056,0.2313985282956257,0.3681700883375558,0.30436355085119815,0.196491464542594,0.3247021931327365,0.09781254183742707,0.2597572064649468,0.26197610870095583,0.40324619047954857,0.3094768515835219,0.0,0.3807446731999523,0.4562103123276617,0.29447036976430613,0.029315461758303844,0.0,0.31119847440552595,0.16944003046926895,0.39227483381125594,0.09270550315689272,0.36443049826154317,0.14045719343918583,0.3282260951062437,0.22617249067797934,0.2632754269414735,0.0,0.19515523412440816,0.2206705109243811,0.1678271055038997,0.018606483465793678,0.37074370664001527,0.14925719758223863,0.24583016923544065,0.15514997701239175,0.25604066841753165
attention_zero_shot,HIF3A,0.0,0.08834269629339621,0.013070152677128764,0.36352212679647833,0.21143240179671358,0.1723082605569224,0.029792479221633122,0.11974411386816038,0.41927261235641355,0.2588538799440941,0.8379363032378344,0.1083838106440643,0.12322574150112434,0.27612441669652105,0.19209918149475044,0.10954484587893705,0.0,0.32484540698589504,0.10459702610379626,0.3241166670696237,0.017685872250937668,0.4174502748398117,0.0,0.2752541181012201,0.027320358362154355,0.2830820658348904,0.0,0.10330709027054458,0.27894045878801976,0.013348257661309652,0.12504488562760283,0.02026267901391437,0.16425906863252848,0.11958745984724929,0.3303887121180709,0.17422661128571,0.008456881047373896,0.030817301988951183,0.3810056844995992,0.23791896210778882,0.07406035849498846,0.2916541186821373,0.7777227048605581,0.035964412972239096,0.012830968594726178,0.300393810313481,0.23037979570465014,0.13994918665749034,0.0,0.17680887365922718,0.11060800376215475,0.04352624986645531,0.44244101211264214,0.33756441105908086,0.16169351467116347,0.0,0.16472745860080462,0.12817581543758821,0.0,0.0,0.4629984187019299,0.09814278764181003,0.21768839285826647,0.13765714381629915,0.15214736948117275,0.07888916184001848,0.08418706131222735,0.11757484175887639,0.09122496684573805,0.24129698925266807,0.13373497512131585,0.0,0.12026950997762582,0.2083589534092353,0.12853240999559284,0.0,0.018615667473644987,0.08215863440920279,0.08215863440920279,0.19665744475881214,0.41104406078100325,0.19103095991555571,0.284662780408485,0.0,0.20025001882744586,0.0,0.3972551800678453,0.42906414133140336,0.0,0.4074366821284777,0.13041559928168586,0.0,0.4743273324400155,0.12271666664981377,0.08996159599037906,0.1286196033981001,0.0,0.17361376171226484,0.24080406580895705,0.38807833714634843,0.2964943999640758,0.22890322028147986,0.17395629657873884,0.18279156873466593,0.592869845685652,0.19651667924910127,0.1650068259398552,0.00750004601522692,0.08215863440920279,0.2719304762670339,0.011617277928667914,0.13185530199184112,0.16293650502643198,0.42300343389999845,0.3336265911053896,0.3866867128621066,0.011000167143517493,0.1713131355309719,0.5595236709929675,0.6109916318754275,0.2939957814838033,0.07732577356160263,0.16668716272738823,0.19225689608383476,0.1659128360023133,0.12821696923170106,0.39502844319180214,0.5448031630131909,0.09394124041493139,0.7835058565385502,0.21672233732882223,0.0,0.039521347299408496,0.3117039931251887,0.18520795858598693,0.3821222352788042,0.17546017129198763,0.13087322350063985,0.0,0.3165110852029066,0.0,0.4644223674499038,0.40209046589045894,0.465699912144409,0.3401334629040362,0.18998960528030828,0.08763587670314964,0.7188677302607936,0.08684847407363784,0.22080847608546744,0.26179310245888443,0.3354056630910473,0.09589053101207846,0.3458251645070016,0.10111831927286498,0.15564190591908414,0.2035445850534648,0.41339754235490767,0.19132452388063995,0.0,0.3716072145253482,0.46774598567626813,0.4325789632597576,0.23605713377064236,0.0,0.23867684364202732,0.08670824387022769,0.4153092540858976,0.6336829299697708,0.3944269716306572,0.010173662712823248,0.6218164983658092,0.10404603465551303,0.27502253772608815,0.0,0.1212892951031583,0.1443834192094234,0.10007343046786932,0.07578556084362972,0.4260159040487192,0.6888160589574972,0.7364819015325105,0.022118719915140986,0.6850941711778615
attention_zero_shot,DEPDC1B,0.0,0.0,0.0,0.0,0.04717725073897591,0.0780462716081302,0.707729008077304,0.0,0.025076226949672212,0.0,0.0,0.0,0.0,0.0,0.22905419765291068,0.0,0.0,0.0,0.0,0.00987664627608874,0.0,0.0,0.0,0.05894161842848096,0.0,0.0,0.0,0.0,0.0,0.0,0.0,0.0,0.0,0.0,0.025285054733105827,0.0,0.0,0.0,0.0,0.0,0.03758365819360525,0.0,0.0,0.0,0.0,0.0,0.0,0.0,0.0,0.29235165835211585,0.32505613016119406,0.3354529594498372,0.0,0.005345611556661633,0.0,0.0,0.0,0.1767511961364244,0.0,0.0,0.0,0.0,0.0,0.0,0.0,0.0,0.0,0.0,0.0,0.0,0.0,0.0,0.0,0.0,0.0,0.0,0.0,0.4807464582782189,0.4807464582782189,0.0,0.0,0.0,0.0,0.0,0.0,0.0,0.009176114319083151,0.0,0.0,0.0,0.0,0.0,0.0,0.2516980515839347,0.0,0.0,0.0,0.0,0.0,0.0,0.0,0.26452787123310395,0.0,0.0,0.0,0.0,0.0,0.0,0.0,0.0521429679322189,0.0,0.0,0.0,0.013309180536425208,0.0,0.0,0.0,0.0,0.0,0.0,0.0,0.0,0.0,0.04587980136156991,0.0,0.0,0.0,0.0,0.034868649034793135,0.0,0.0,0.0,0.13010824353126146,0.0,0.0,0.0,0.4403647161369892,0.0,0.0,0.0,0.0,0.0,0.014615688835939807,0.0,0.0,0.0,0.0,0.0,0.0,0.04863604942333156,0.0,0.0,0.0671042439115917,0.0,0.0,0.0601630141173707,0.04116416755399048,0.013721389184663493,0.05586565596612993,0.0,0.06755595077101538,0.0,0.0,0.0,0.0,0.0,0.0,0.0,0.0,0.0,0.0,0.0,0.0,0.0,0.0,0.5656260821124768,0.2462138497192873,0.34049794763461255,0.0,0.0,0.0,0.0,0.0,0.0
attention_zero_shot,GNA14,0.0,0.4039193333782086,0.3922372888222824,0.4292183766156297,0.2519878469462776,0.3384238402753653,0.09788745092810816,0.2522899602961507,0.4301694965908457,0.39676522665247266,0.023916471640647065,0.44042313327643523,0.25175376212877465,0.2771950626555987,0.2849034765899433,0.17794324003844877,0.21584294918418642,0.4353247996472921,0.34185559774381774,0.4141521745492765,0.3806958270915087,0.1563068204526632,0.0,0.26315931563482503,0.26958988940852,0.27330642015762757,0.0,0.17082470589232432,0.279381940854143,0.23990342432449327,0.25687556575080606,0.1519180686549309,0.3653418801056763,0.15535487572068643,0.35390071558953173,0.4535697620650812,0.21957236275033928,0.2882318063763497,0.36882812653331043,0.24689198719619462,0.3853051939783397,0.34075651255542133,0.2518272057850412,0.3264941051722229,0.3105956568041706,0.3985060361579234,0.31726162964565635,0.19350790841757648,0.0,0.21138619286539026,0.2510414864281272,0.21902171068468645,0.4037257874310241,0.457947319121868,0.4354216763102784,0.22534524682614385,0.5705794871650837,0.3548418034586843,0.0,0.0,0.16727142504119735,0.45587140283859984,0.29729073328892497,0.21789911909325063,0.23403979458163957,0.19984560056015294,0.19829163430259128,0.2212279959043337,0.31870197531357175,0.25337201756806754,0.2524011464604762,0.0,0.16606131606336597,0.23241957936539567,0.32642743314727984,0.0,0.19609117478872026,0.14828603336537396,0.14828603336537396,0.42397608908461665,0.39447222211391925,0.305300783035703,0.2305516495509447,0.0,0.2223992084688998,0.0,0.46932229356929567,0.3746843598557517,0.2115490007801761,0.3832155156329405,0.43539317001272226,0.0,0.21077853443642258,0.19527716818201388,0.2636334660851773,0.0321371543053197,0.0,0.40919636302619306,0.32886649221285696,0.39274997937145656,0.34243589736784047,0.2748748625079087,0.39423336397672193,0.5617912868870218,0.1451911325838107,0.34719095209251183,0.4051511168133166,0.012505312999105166,0.14828603336537396,0.2856293151898229,0.44232958603671285,0.31794460694934046,0.42574703343428844,0.3688971337601032,0.42400966849708027,0.42758153587044295,0.36980742378770776,0.2686397980430206,0.23544541902754873,0.304449346955798,0.44714309537156327,0.34801291372154725,0.3609099209634765,0.6525905935253036,0.6785671628271396,0.36078145392947614,0.2296417922165212,0.33027497730910466,0.666503174322149,0.18168374116663705,0.2599351883452592,0.0,0.20357432679531304,0.3197544013054611,0.21454115018344216,0.3685780480786592,0.20659518165812948,0.16608913121289315,0.0,0.3117150513462146,0.0,0.4311540624243237,0.4228585332122491,0.456018391576216,0.37010116366030754,0.32093795859060814,0.21292098046940774,0.19306840357821906,0.32736585210094693,0.28469467556399974,0.26536409842437625,0.32321347824364044,0.3589442068067574,0.37011249637825094,0.16946975241757026,0.2573541014187915,0.31378021638980247,0.3992261598400073,0.3389475456291626,0.0,0.39820717827343566,0.45673391777047095,0.307294836022797,0.09008340093295629,0.0,0.3882748713316959,0.18181634922104428,0.3976347068323657,0.15136817919170595,0.37279345469668335,0.14106139292940062,0.3811632213850714,0.2885856853156331,0.4104472792856912,0.0,0.17668113377256983,0.30585243872400436,0.27038501516278124,0.17162909090027487,0.4210778702553706,0.2183074460119681,0.31494745704317284,0.2300522959206094,0.3468356522702291
attention_zero_shot,COBLL1,0.0,0.1384835024345496,0.01790218535309593,0.39883205395191257,0.31527565883842734,0.24630880817205122,0.26643151970260515,0.01539218779592017,0.4553425551336631,0.26345806550693573,0.025148239939727163,0.14784653390888308,0.26824277919201006,0.3934816828820012,0.2516038934365953,0.31459661798204025,0.0,0.4062039230910682,0.15679805714587342,0.34362707162592954,0.02293621426385407,0.20800785979871828,0.0,0.3241576588472741,0.053894882886422246,0.2348047375265205,0.0,0.2737191044088681,0.4287194127928941,0.02282381322386913,0.22683802955918847,0.03583674681008446,0.2384779243058698,0.17824956513945353,0.529016229506668,0.21796718493596015,0.009916672019048762,0.04930377441038299,0.43598790881387994,0.3212754341907776,0.10155775601701354,0.3776899064390936,0.16246872792189465,0.05841906640757349,0.018466038304193116,0.3425989591306311,0.3055844238420693,0.34176871198462455,0.0,0.3401983535892632,0.16682116648569684,0.07852090861121261,0.47610534981570785,0.3692219065215922,0.22104746257008567,0.0,0.16681351749514264,0.34750738317739027,0.0,0.0,0.2231476631828664,0.14461871896964432,0.34148208176535133,0.23092277183248527,0.2664493521144061,0.1287166155726427,0.12565490458985662,0.24542390254870194,0.07830551282625393,0.40969894699108517,0.28656290935163725,0.0,0.21274512549267954,0.39067848118927617,0.12042064213403832,0.0,0.03441361198715527,0.18875797078922416,0.18875797078922416,0.2550903189554078,0.4730707122510241,0.12825023191634716,0.34172579246783696,0.0,0.3185527968480907,0.0,0.41079666022474304,0.44617027875782755,0.0,0.4406865593695745,0.18463700540309033,0.0,0.30921041053128273,0.052667182636472215,0.21360727746674257,0.038961392746825495,0.0,0.25532629422478137,0.30195151890588856,0.49585469917289665,0.42028429244457327,0.32622626423317364,0.44816063526673366,0.22673343635974466,0.17299042206816573,0.22337329185534174,0.25184474332786233,0.011578090923364561,0.18875797078922416,0.17636924296272627,0.014157843644397896,0.5100568843902744,0.2921582206517311,0.4681607724879546,0.428989594956402,0.42743547109474933,0.01505595524438043,0.29446085634103564,0.030987327726329103,0.09442968105323703,0.3956051834945779,0.17159815526293107,0.2790560579923401,0.3215195091509582,0.27878346636632545,0.27736623286894585,0.34838794592071837,0.2682840477180533,0.13313741282302055,0.21802904464397801,0.20649652313428035,0.0,0.07183599452298638,0.3080316307727672,0.3255654009910635,0.4444216911270177,0.3005219086071355,0.19878726841808167,0.0,0.37025256495426395,0.0,0.2821723181445948,0.42066170939156783,0.498607721443171,0.3029427043146524,0.15950137650971716,0.2097310786546935,0.18004658641658547,0.15523174918531435,0.2820308120163643,0.33835739431953815,0.4529272783588328,0.12085541673854515,0.4137224092348736,0.26965424398460597,0.09597424131309384,0.3408189097520795,0.46345371959219367,0.28693500724890864,0.0,0.42999648211903746,0.49544694855661736,0.3699339458190452,0.05842018347424324,0.0,0.35662405653597795,0.1387697210400545,0.48051983029569295,0.1886906305089684,0.5132949461064572,0.012478800521655616,0.36661971372362023,0.16706275914383278,0.3161924781650053,0.0,0.2658201093213746,0.22434686768728657,0.21742164448309062,0.034296056933126505,0.42409118764304,0.03864054046647364,0.2613931129680566,0.04091928080707641,0.28771201397183965
attention_zero_shot,C1orf87,0.0,0.0,0.0,0.0,0.0,0.0,0.0,0.0,0.0,0.0,0.0,0.0,0.0,0.0,0.0,0.0,0.0,0.0,0.0,0.0,0.0,0.0,0.0,0.0,0.0,0.0,0.0,0.0,0.0,0.0,0.0,0.0,0.0,0.0,0.0,0.0,0.0,0.0,0.0,0.0,0.0,0.0,0.0,0.0,0.0,0.0,0.0,0.0,0.0,0.0,0.0,0.0,0.0,0.0,0.0,0.0,0.0,0.0,0.0,0.0,0.0,0.0,0.0,0.0,0.0,0.0,0.0,0.0,0.0,0.0,0.0,0.0,0.0,0.0,0.0,0.0,0.0,0.0,0.0,0.0,0.0,0.0,0.0,0.0,0.0,0.0,0.0,0.0,0.0,0.0,0.0,0.0,0.0,0.0,0.0,0.0,0.0,0.0,0.0,0.0,0.0,0.0,0.0,0.0,0.0,0.0,0.0,0.0,0.0,0.0,0.0,0.0,0.0,0.0,0.0,0.0,0.0,0.0,0.0,0.0,0.0,0.0,0.0,0.0,0.0,0.0,0.0,0.0,0.0,0.0,0.0,0.0,0.0,0.0,0.0,0.0,0.0,0.0,0.0,0.0,0.0,0.0,0.0,0.0,0.0,0.0,0.0,0.0,0.0,0.0,0.0,0.0,0.0,0.0,0.0,0.0,0.0,0.0,0.0,0.0,0.0,0.0,0.0,0.0,0.0,0.0,0.0,0.0,0.0,0.0,0.0,0.0,0.0,0.0,0.0,0.0,0.0,0.0,0.0,0.0,0.0,0.0,0.0,0.0
attention_zero_shot,F3,0.0,0.32224340719195166,0.32830921700705146,0.4339014036700449,0.33725732522488816,0.4080472595650109,0.08086989287546682,0.18528038279544418,0.44174456086278285,0.515124625443933,0.033199156003037265,0.37634933646512647,0.2868550517467091,0.4659686582870673,0.29779616508083906,0.38781982727398145,0.16275645728372412,0.42643017692434265,0.24011796493474394,0.394216153934949,0.09492410224475974,0.31988080632393223,0.0,0.39220090233062,0.2667076985028783,0.3626563332327506,0.0,0.3666806623149141,0.4299331488153949,0.03008873825934317,0.3159318222939527,0.05511433927486609,0.35518025772991474,0.4591721004706315,0.4067871443142335,0.5601600042380578,0.12316075784586021,0.26250180679339674,0.44495480881891997,0.38637280461442775,0.303460541835507,0.4553414714725715,0.2586419511101988,0.0991718262661131,0.08266456309669018,0.41087390902904747,0.3939245023084283,0.3947010889637549,0.0,0.3859760532192047,0.24961259972427474,0.10910619785848759,0.4692820272054676,0.43117234795967063,0.374799554880157,0.1789728331086501,0.33698697815132683,0.3032908484010325,0.2884054220139809,0.0,0.3179686130311754,0.36491840724722135,0.3304266205422734,0.3814102756847293,0.37644860865428204,0.2689030579071476,0.28376060352880467,0.33858882769892407,0.317211067702431,0.4197238587447492,0.36297914277137877,0.0,0.5014276818637864,0.4112161170192111,0.39368254307928996,0.0,0.12184678676027051,0.3102558618191852,0.3102558618191852,0.3603259759036542,0.47602267569109324,0.3565299181912527,0.3792374426267158,0.0,0.36383317924851283,0.0,0.4456882839395532,0.44376752443971396,0.15877394102663545,0.4140885212255346,0.3072794738872648,0.0,0.3624901245825277,0.07394343304217198,0.32842121187853396,0.050680795139568954,0.0,0.3649144133494471,0.41854008745795573,0.44877407782364054,0.4242392787909777,0.3614020937718312,0.35633690090576076,0.3695893249872603,0.2854962180598964,0.3101984839360936,0.352340517507419,0.1750111793862452,0.3102558618191852,0.34744055366053334,0.192005548196299,0.37489038100949384,0.38543553744473724,0.43132845603911124,0.42973666465714366,0.5218692794634572,0.23491707205186121,0.4171635543818475,0.07326542316693511,0.25661426785983094,0.40655929542020464,0.552702260564723,0.4449669222350516,0.3937450031309257,0.35566004710317944,0.35862282233220916,0.38463394893307834,0.3246529115563612,0.3104402119742636,0.2808892529396157,0.4369459606557339,0.0,0.07141554501927487,0.39543209836348303,0.3738328336538283,0.47286315906088827,0.3575792321906184,0.43406574013988625,0.0,0.3812349199354929,0.0,0.36494815138306447,0.4314740510256301,0.4860205795085622,0.47214634911661957,0.4659217448537782,0.36528040070467727,0.25470099654311473,0.28925376348306797,0.4166031842697015,0.3973238495265743,0.44631055163705574,0.36397089403650895,0.44163497997432594,0.3650068962578649,0.24278485692812882,0.395497892143394,0.48036188775293975,0.42011832246419256,0.22638125529311587,0.4302994598311252,0.49062170645756653,0.38182237024791077,0.17971746857326618,0.0,0.3844498699852995,0.26754013439925334,0.4719643781120883,0.29917386793632195,0.4129172994699163,0.023053609983589605,0.38212781827731696,0.408055605825514,0.5211997415864682,0.0,0.3531536059149386,0.2984207552450936,0.32458769866611836,0.2200347283877001,0.4259601059859927,0.044053074156539244,0.30871551293502597,0.046583300676218506,0.3431126827708037
attention_zero_shot,COL8A1,0.0,0.39067447101747094,0.04720634061472598,0.4313619235024098,0.4196617055285716,0.37862854377454536,0.1072476793955433,0.044199471395692726,0.4507731731352831,0.39244268030524504,0.042671046002048546,0.3718224258599286,0.41394740105340905,0.45090606600941013,0.40538470945415905,0.454321148400117,0.0,0.4480993693327641,0.3924171904997135,0.39537455635837077,0.04703042526545621,0.4349784614536226,0.0,0.42201228884184266,0.16853047775241675,0.41848819545291405,0.0,0.44906352956764434,0.4594258804046127,0.03672700249696832,0.5562254013122117,0.2734818704109492,0.4154331428898988,0.39978752705401144,0.435094722930015,0.3830891712319608,0.039808356836328336,0.3172136253473289,0.4534085985907847,0.43029308759893653,0.3442860282589786,0.4421360360195311,0.4063320572468611,0.08191502726532965,0.03869253697874355,0.3596980257623243,0.4240330718401092,0.454944359851969,0.0,0.4507154250001161,0.3971685190291922,0.15737339359190813,0.47010780158124843,0.37677471550532965,0.40205346190939345,0.0,0.36425915918689766,0.42385220051293787,0.0,0.0,0.452222478666363,0.38458161755917397,0.35925750499071435,0.42608936788319546,0.4358845257655678,0.39117011674886965,0.39564059020191633,0.43943275225719214,0.35932026003188455,0.45784301776755976,0.4462310644371308,0.0,0.4254152718297117,0.45672496400011764,0.4011567371472063,0.0,0.05188927127883814,0.43268680800011144,0.43268680800011144,0.40491174743057073,0.4686063175968886,0.32179747999624975,0.4459349233939413,0.0,0.4408584732229043,0.0,0.4119091383770015,0.4577953717903911,0.0,0.40640086719734897,0.3946872454464079,0.0,0.4422741092071701,0.1107310827862074,0.5414992590709976,0.0936247035871947,0.0,0.3886639276847473,0.4151636662430976,0.4606987303859318,0.4563818679630539,0.4359855047742616,0.4406473949018178,0.38458913165881625,0.42191939828739394,0.42710611647831703,0.4238186689567244,0.020836900384562977,0.43268680800011144,0.38420213796151637,0.04301383631756976,0.4385022806508637,0.4414419861853243,0.4449899840860617,0.45584981413801956,0.4469381421506505,0.04670034415095432,0.44007015283391476,0.04953258814774521,0.37762881266331516,0.4490415606648702,0.427596374964816,0.43596473836374866,0.41862478049374563,0.4034036447353614,0.44523383445707987,0.448128223690649,0.4253280545243025,0.372030069281405,0.4050082575058428,0.38243569242033887,0.0,0.08045724904075337,0.41125084747128354,0.44610345320941724,0.4575125829663328,0.4409758273104584,0.40887082481360376,0.0,0.42908108460011046,0.0,0.39921853039819055,0.41444746292656526,0.49012469633398903,0.4187153201303528,0.4084575336789265,0.4378999020724019,0.3547132374024516,0.4104646683453572,0.4114387365392801,0.4307070510300411,0.46273450300011915,0.33347884445075165,0.4477281957900636,0.4487122453334489,0.1763914567991576,0.42199945039188247,0.46465769673511803,0.43068415537605953,0.0,0.45162248611336825,0.484197142285839,0.4309942921423881,0.130845084947635,0.0,0.4452826497277884,0.3933923821679817,0.4714259850249148,0.427004648025869,0.4584939465194701,0.04286584503238848,0.43575417927616006,0.404648436428494,0.4025977030080266,0.0,0.44398184515674083,0.4184386498096552,0.43609915010652417,0.12093817898759497,0.4533803712481082,0.051463048549691706,0.4125433310128659,0.05245148957191775,0.4340167154185173
attention_zero_shot,KCNK12,0.0,0.20357379649158944,0.12050019520213813,0.4010514554053008,0.21928628256366028,0.2705733500882717,0.034569244628537686,0.09012005657577414,0.4230551880175554,0.22542383027292467,0.01640082449195449,0.17816602245066943,0.1310170715143064,0.2919097185955909,0.2007704170940418,0.12884190722076366,0.0,0.39929258904182535,0.6361819497516515,0.38247014273645974,0.17393621737835885,0.10731732463488942,0.0,0.2691285266709527,0.10007549027218111,0.16629047018916868,0.0,0.12047625019985293,0.2980236231714785,0.4481662945607707,0.13769864754475605,0.09844205370994207,0.2354847745413709,0.12782117424459763,0.3388810952749185,0.18082064557539726,0.0664652876300622,0.077416965169163,0.38949214964663004,0.24966523076258001,0.15402021016070644,0.3039783982934902,0.2377652561930746,0.132200764382929,0.09075923380899649,0.2991131209611532,0.24112504165903098,0.16017185461904418,0.0,0.1954443204952527,0.11850914571190699,0.048763460862201596,0.4285912585233348,0.3637929526223618,0.229764933391269,0.0,0.32640200548320525,0.13972074765352543,0.0,0.0,0.23016236092095876,0.19671525266771475,0.30681847721986466,0.1496761424511719,0.16630682494574656,0.0858742384062175,0.09021641260878809,0.13226135313487852,0.15916006286793927,0.261533449142893,0.15062481826434954,0.0,0.1320059488649301,0.22909773889526136,0.15423968205096542,0.0,0.15144337962293572,0.0944840652952267,0.0944840652952267,0.24494094652079243,0.42055826244141364,0.1472662390846949,0.36881538501144234,0.0,0.21539866121287593,0.0,0.44953214054993984,0.3970580947168642,0.0,0.4207692700869329,0.2441613065613816,0.0,0.19718981158015747,0.2758585401924938,0.18025520157913227,0.020107238143259723,0.0,0.22802745984981287,0.24984424724817056,0.3978943604668985,0.31312845116596044,0.24216826224798527,0.29978173444462647,0.25848125401167094,0.09880870880123961,0.3000989949323944,0.28501884799052796,0.006848559731012459,0.0944840652952267,0.14712960368842493,0.11391186044599347,0.24557183867866705,0.3110653080884337,0.3854953081615166,0.4176540829220454,0.41916474854913927,0.086539074070249,0.30567036095894307,0.13046982748650626,0.16506207556918842,0.3886118146449248,0.08857881121427502,0.18086663596994318,0.2740024481747856,0.2684960191915032,0.30560769182165093,0.22548469825030543,0.28665035401356725,0.18743058865683024,0.1642199428617804,0.28112570166368084,0.5993674752265709,0.04402051049523192,0.26233897435622905,0.5406938033214476,0.4617072395855797,0.1909147824127178,0.41427217161493557,0.5304968679406175,0.5354751669800825,0.4492578380080611,0.2611676994887162,0.48432047401210426,0.46964729229041985,0.3513013152732009,0.21263756492126074,0.1012329271020286,0.1792518939417119,0.15861260819932563,0.22979545677898475,0.272839039772219,0.35163264427520297,0.13597702114274882,0.35601943708400524,0.5073252743891389,0.38889869250292186,0.3476712980299716,0.4212175479796965,0.29681981327210283,0.0,0.3805568379858483,0.47223786610585416,0.3205724892752353,0.13339439050026766,0.3730367408643385,0.37500136055997435,0.7430796916572908,0.4252714095275717,0.21237703852648282,0.4310228108256043,0.6533084778075109,0.3652443899686067,0.22932757752254393,0.2814250015668889,0.0,0.13729016110203787,0.1551271691264051,0.11359318109113765,0.09660777898028312,0.4146955112949122,0.19855291066019257,0.41708199011708846,0.21087534160374174,0.3040763720586683
attention_zero_shot,CENPF,0.0,0.22740302804871854,0.03176390878746056,0.41712460315845407,0.3434338561147333,0.25359607901201847,0.18110113742913608,0.0760572804173432,0.45641369072272203,0.3518866999508268,0.033544416535793875,0.2163155985960407,0.4424520620933167,0.37774785173530934,0.2878133612250854,0.3454692710540351,0.0,0.39042601304490454,0.236148165752568,0.39534599326290076,0.03305629977253784,0.3742110184968602,0.0,0.41912581188378534,0.16019560080471099,0.2890754410954819,0.0,0.33105948705020777,0.3932688725378635,0.03041221994390431,0.2970060488754266,0.05855733750390097,0.3407491290976036,0.2510477139813641,0.3790250749463472,0.291589571978456,0.021130878681824502,0.1319416024119321,0.41848725735170517,0.3353303949954143,0.2076286784056121,0.37059291566900054,0.3047193350821824,0.06622955623133965,0.028754966602846516,0.3573949105718809,0.3246943903447877,0.35271163491522123,0.0,0.3507703408054051,0.24425244991696826,0.10936437801433124,0.4507581317729489,0.39070682992688255,0.27108558563572493,0.0,0.27752581455685565,0.3580760563471691,0.0,0.0,0.36775858400496814,0.22456857396209004,0.41817579865342874,0.34769217762457055,0.37252733316918274,0.2884379066870324,0.26701812763521804,0.37684651106947425,0.23279353338288147,0.38087638326427836,0.33109754868363456,0.0,0.28778299107379335,0.37096239184541024,0.30827245289398264,0.0,0.04268824957599225,0.29019418768538946,0.29019418768538946,0.2893329900645495,0.44605843569597925,0.23390123566612583,0.4535901931464706,0.0,0.33818556456546184,0.0,0.4468200830510836,0.42578136803282873,0.0,0.4863364771726922,0.24958000298299385,0.0,0.3352503686124703,0.1600368223316836,0.30373918672679906,0.04871098962526421,0.0,0.2793186564507482,0.3194098980861837,0.4764834555021552,0.4586194170081492,0.33976572196874194,0.4685637561463278,0.3163838805400675,0.3992709658641589,0.2929138300074924,0.3000145564892126,0.01728028092745389,0.29019418768538946,0.2640548290296732,0.02572638059905919,0.37818570617071035,0.32863606044678767,0.4099723529898027,0.4035712868586988,0.41529294688336865,0.030294886795865467,0.41113139349716127,0.11017782581590492,0.19839888548597226,0.43964678532119666,0.2790328727744129,0.31979516538397434,0.32561080509923973,0.3927824288455613,0.3276487950026253,0.35343993861470835,0.36342144540392574,0.2527253911126831,0.2717941552743069,0.31723420166781413,0.0,0.07003760654458412,0.3515929189852842,0.34348369615315766,0.4792108120994776,0.3312164212905449,0.26694343864583225,0.0,0.3671949667563711,0.0,0.3518596179927619,0.485391677547619,0.4824527628601072,0.43013647328565924,0.35455797419862767,0.30228561217228067,0.36251951662940457,0.31567040698714294,0.3067441338423867,0.3451460936090596,0.4143695975172113,0.17912498613468147,0.3981934989704179,0.3297661223697607,0.24158660412580024,0.40653272461807255,0.4426046299916619,0.31915470044614697,0.0,0.4601769449766654,0.4803781219572979,0.36674562646741043,0.17458737939892371,0.0,0.35718387329231627,0.23003997572454551,0.4508339840022591,0.4726316547287319,0.5274461794482961,0.024943780983531432,0.3638107621999647,0.2512196296463329,0.3252415768862722,0.0,0.32331899867228614,0.2850157152307168,0.3016596571629361,0.14115377292915887,0.4024804739386247,0.043034544161460235,0.4077536245662205,0.04475823510960352,0.3216344260578041
attention_zero_shot,SLCO1C1,0.0,0.0,0.0,0.0,0.0,0.0,0.0,0.0,0.0,0.0,0.0,0.0,0.0,0.0,0.0,0.0,0.0,0.0,0.3752327455152329,0.0,0.0,0.0,0.0,0.0,0.0,0.0,0.0,0.0,0.0,0.4100112320362297,0.0,0.0,0.0,0.0,0.0,0.0,0.0,0.0,0.0,0.0,0.0,0.0,0.0,0.0,0.0,0.0,0.0,0.0,0.0,0.0,0.0,0.0,0.0,0.0,0.0,0.0,0.0,0.0,0.0,0.0,0.0,0.0,0.0,0.0,0.0,0.0,0.0,0.0,0.0,0.0,0.0,0.0,0.0,0.0,0.0,0.0,0.0,0.0,0.0,0.0,0.0,0.0,0.0,0.0,0.0,0.0,0.0,0.0,0.0,0.0,0.0,0.0,0.0,0.0,0.0,0.0,0.0,0.0,0.0,0.0,0.0,0.0,0.0,0.0,0.0,0.0,0.0,0.0,0.0,0.0,0.0,0.0,0.0,0.0,0.0,0.0,0.0,0.0,0.0,0.0,0.0,0.0,0.0,0.0,0.0,0.0,0.0,0.0,0.0,0.0,0.0,0.6579614069503955,0.0,0.0,0.4028847266743378,0.0,0.0,0.31463864214672865,0.6085592962314653,0.21218523909296255,0.6693495217048822,0.0,0.0,0.0,0.0,0.0,0.0,0.0,0.0,0.0,0.0,0.0,0.0,0.0,0.5875279912697883,0.0,0.0,0.0,0.0,0.0,0.0,0.0,0.0,0.0,0.45853258294650096,0.0,0.47240720938144454,0.0,0.0,0.0,0.5383181481350745,0.0,0.0,0.0,0.0,0.0,0.0,0.0,0.0,0.0,0.0,0.0,0.0,0.0
attention_zero_shot,LRFN5,0.0,0.12048110542600608,0.013524211843069477,0.40852598719401617,0.2697997701651056,0.2128267464718435,0.051819073575798416,0.012263404178469146,0.44941052340305815,0.2680858314578768,0.0238043998007897,0.1372320516771628,0.16959183232433728,0.43987832125773607,0.2567414301507712,0.5048012760001301,0.0,0.43386460962707896,0.14359885044542672,0.33377354370006695,0.020911241359023766,0.20035024034920024,0.0,0.3385939857264849,0.032769815118525496,0.23888752380746053,0.0,0.34601885832336515,0.50480127600013,0.02091398753299587,0.23010191426416324,0.02273730882814397,0.24294466203125206,0.16908407095422198,0.40179231979982627,0.21778208141631952,0.007100747503831891,0.030904799863073547,0.45402904380062026,0.341631663234334,0.08726241868901574,0.4052021877375455,0.14617571047872305,0.05461345582527693,0.014908116803890113,0.2805714680389786,0.3212371756364463,0.5048012760001301,0.0,0.42066773000010843,0.15511602815518608,0.06592181738165978,0.4962317075288617,0.3509153176331845,0.22132985776955663,0.0,0.16061577967421878,0.21697786596748808,0.0,0.0,0.22497435028780197,0.1303567056356727,0.17171894266421744,0.23507858378139074,0.2873182690661442,0.10735716300785382,0.10859319833837686,0.262710311599173,0.05477405013513037,0.50480127600013,0.34021780565455073,0.0,0.21004546010055325,0.50480127600013,0.08993644310666694,0.0,0.03891695345912858,0.1682670920000434,0.1682670920000434,0.2605666312603943,0.4956108387646266,0.1210938352844532,0.39061839386577357,0.0,0.3545740724390344,0.0,0.40319398477210205,0.46588123439129114,0.0,0.3850077984996086,0.17799752281834652,0.0,0.34908424233496604,0.04130650813174387,0.20889766826174036,0.045168855976965856,0.0,0.22132049566478695,0.31332492993111516,0.4752941364857753,0.47382829337032734,0.3529092580482182,0.33335933738322826,0.22758510075818575,0.15232203677713033,0.22492489300828034,0.26108773028639576,0.008103239038441153,0.1682670920000434,0.1694692356010832,0.011222493689827917,0.27665779075918784,0.32849018649109896,0.4348791685812829,0.4654235612143857,0.4398498700273914,0.009729238364782145,0.3277793307268313,0.030971068340713708,0.06810028991223527,0.4326811612885953,0.1442289360000372,0.30288076560007804,0.27739549409916964,0.2274670524330473,0.3236637879857063,0.4056740156752619,0.28129465005006876,0.1193203126390246,0.2177359957781746,0.20481939205831712,0.0,0.07477085721451225,0.3181501841213125,0.37860095700009755,0.46584334847501985,0.3365341840000867,0.19361051327935325,0.0,0.38461049600009906,0.0,0.2887700054258158,0.40330232510531705,0.49793741972142463,0.31578092205952274,0.1410420188287085,0.20192051040005204,0.17637703269040783,0.1338109025894207,0.2912954820968634,0.3581679118772953,0.50480127600013,0.11146123843050226,0.435919908693374,0.3365341840000868,0.08779666844571142,0.29462407200018387,0.4805736796356461,0.3062037838991696,0.0,0.44913304513231406,0.50480127600013,0.38576969917126097,0.043202543026437466,0.0,0.3988178311707418,0.11977570505583313,0.50480127600013,0.17328880127695492,0.42511162255732016,0.00910474500137931,0.3876376315451381,0.15308101785605607,0.3239283333003661,0.0,0.3028807656000781,0.22573331874851268,0.2160398814898208,0.01877308333957765,0.45440183929786143,0.04244275775812281,0.2690110809671587,0.054096847372277906,0.3104512556381211
ig_lora,MS4A4A,0.0,0.2886211800521853,0.03767486787532821,0.42384251041317067,0.34291134975822424,0.2962480406227825,0.10063796960708143,0.03125070900620832,0.4548333942866876,0.33181691268079117,0.04028591590728582,0.2627434941289077,0.3076192503084872,0.4712204373402711,0.3457885543018231,0.50480127600013,0.0,0.4580868859495842,0.2968362431049978,0.3612952477483529,0.038394529479536005,0.413465965304851,0.0,0.39270798721092753,0.12622447304913523,0.3672596800384044,0.0,0.47678084935128906,0.50480127600013,0.03718042228088156,0.39731022140779515,0.06823667831465274,0.36120248769461627,0.31596034816180674,0.42754455884990217,0.3032771606540503,0.023415419267196744,0.16099402860657924,0.4654937413940579,0.4088191508437794,0.21163569533487955,0.44288832924230714,0.3254884932394265,0.0775474358634121,0.03393863410513678,0.310186725694225,0.39262321466676775,0.50480127600013,0.0,0.4795612122001235,0.30810332408734903,0.13525433595578287,0.4980774607380579,0.3597448398345666,0.3315687426370018,0.0,0.2610032161026095,0.3781589755857675,0.0,0.0,0.40304603028655617,0.2801345337814556,0.25970295524351505,0.3861232914238847,0.41969922980857033,0.2868480527463011,0.2626741174290586,0.43217398667984286,0.22057355440118284,0.50480127600013,0.46148983643550384,0.0,0.3819863527086396,0.50480127600013,0.30505154164401815,0.0,0.05494158135406386,0.40384102080010403,0.40384102080010403,0.34604875691930176,0.4977916204815257,0.20373851482321434,0.45722507511081484,0.0,0.4387013064332479,0.0,0.4069178121993072,0.4749625774333535,0.0,0.39412251961377864,0.30871902409105995,0.0,0.44386852369637014,0.09055160708441151,0.4269319055426591,0.06376779667336356,0.0,0.31151892577148704,0.3756660658605619,0.48280504472579283,0.48878076774333556,0.42379219975911037,0.4377153000196032,0.3084398185370862,0.36687461717373876,0.3881861164201926,0.38294450314326284,0.019447773692258773,0.40384102080010403,0.28984483984689485,0.029064145338047083,0.42875344758648265,0.4406881525423005,0.44775955679001794,0.48032323707926194,0.45107603896095116,0.035923341654580214,0.4355318191540566,0.04572726318193324,0.2533673749192209,0.46327757359045846,0.38461049600009906,0.4206677300001083,0.37387067429957704,0.3353192504869128,0.4571335159963342,0.4660123480469207,0.389194400508719,0.25769809435839575,0.33593934645780327,0.29814708928465894,0.0,0.08465446225790173,0.3714790675152604,0.4589102509092091,0.47558283035629734,0.43895763130446086,0.3388328692157157,0.0,0.41465819100010676,0.0,0.34693227058043885,0.4083057945156247,0.4985823458147258,0.38193804593873526,0.3296579299546308,0.42509581136853053,0.2570426363103396,0.3335749498105719,0.36419989952724713,0.4121907302383397,0.50480127600013,0.20979624782290918,0.4556002993524471,0.47510708329424,0.15271888391037292,0.3837901585456156,0.4853509521582204,0.40550252994964975,0.0,0.4625702043073041,0.50480127600013,0.4178166621636488,0.1083689956280221,0.0,0.45377220997116535,0.29365822096616073,0.50480127600013,0.38425128519170265,0.443106060431503,0.02826556701866791,0.42669217969680207,0.3228770045462987,0.36349428951593943,0.0,0.4516642995790637,0.36526729737432134,0.41817285764703727,0.08235933336072776,0.4716114030498556,0.052581731123031016,0.3607072679244253,0.05762038616226668,0.4151012666022797
ig_lora,CD163,0.0,0.12629279819577668,0.014986008517630992,0.39539365019225864,0.2563878439359214,0.20663378946547434,0.05019313313488323,0.013448069905610212,0.44047924196716903,0.2570724585247214,0.02151806743016187,0.13919506638459267,0.16673409621357183,0.3793661306055273,0.24235577297959515,0.26989736910653966,0.0,0.39755245556677776,0.1451373835261776,0.32435390068498526,0.020603272795482123,0.18118831047341794,0.0,0.3160305226880922,0.04239499950676688,0.22068918525004663,0.0,0.2354054625155819,0.41083971324269386,0.017800366486129263,0.20620760700126514,0.02746007989534734,0.22570671034144107,0.16605886090068064,0.38010998030938437,0.2107186580912844,0.008544353508241731,0.04276242091640729,0.430830303174399,0.3101006219719024,0.09430922917233778,0.36775674002231573,0.14756897829672777,0.05012296102409544,0.015225693377081153,0.2752328825231772,0.2952692125631076,0.30345507009133826,0.0,0.31337880426396286,0.15463046224692392,0.06619345568511821,0.4712290681201986,0.3551523786221224,0.21073225129112402,0.0,0.1597557413569057,0.19976921255208974,0.0,0.0,0.20079803874511612,0.13389089923952419,0.16992605643124323,0.21304307228228503,0.24581892955648274,0.11594540160821395,0.11533969331089494,0.21860435322340158,0.06872710235293238,0.3873493225533349,0.25676341010130355,0.0,0.19358830454603643,0.3638589318639759,0.10464443664856754,0.0,0.027748064934663984,0.16193842146392382,0.16193842146392382,0.24615046918030767,0.4675973348376974,0.12337395022083801,0.32256897152119385,0.0,0.30067309729789043,0.0,0.40049776359885086,0.4408063688927674,0.0,0.3796615368251289,0.1739091856729702,0.0,0.28857998797335943,0.04355628644037816,0.18380777821640884,0.031896717392673406,0.0,0.21321754507595844,0.29382438274670664,0.4465964724123503,0.4061687401680994,0.3128164895705235,0.27769351531446396,0.21967566022150772,0.15235999951024237,0.20421647090869863,0.23694499370269545,0.008602956046454047,0.16193842146392382,0.16712112250572614,0.01242973885301127,0.23148965435939026,0.26980859621398073,0.417761971434523,0.4190564285396241,0.42365806978132675,0.012139778408915494,0.2738304337831123,0.028071150890864167,0.08276900743354121,0.3839445098748821,0.1472167467853853,0.25989923704569706,0.25566504567492176,0.2159252621602315,0.24756673361861214,0.327757523362795,0.25416849544157943,0.12388929236602042,0.2068542324251029,0.4515243199182062,0.0,0.061848251287072685,0.3011548232534594,0.3032157765533132,0.4385913543171698,0.2798914860492122,0.1853774937554315,0.0,0.36442222814441605,0.0,0.27578671116238046,0.399640180441878,0.48799520377720357,0.2940028545395522,0.14372517102424637,0.17993157940435978,0.17434029932609604,0.49245644783124787,0.27337934449207385,0.4278910910074245,0.44073657412005995,0.11502507992869725,0.40684560171556583,0.23134060209131974,0.08447435793343848,0.2698973491583683,0.4590570721618165,0.2720352576237418,0.0,0.42440907600959993,0.49324862484142884,0.36354833883683085,0.04714687376984017,0.0,0.34084785105050713,0.12599850707562577,0.4748135432052035,0.1663410060712181,0.4041372989498143,0.010684230161369499,0.3582386045594639,0.1529472068673589,0.3112258949566163,0.0,0.2360206100710409,0.2094471180621197,0.19060209515779028,0.02624369285855288,0.4154397201187496,0.034752304685853726,0.251077901689095,0.034253733754585125,0.2709497956435269
ig_lora,GLDN,0.0,0.021112606860919966,0.00383938122216114,0.06877694102733106,0.05668703735955721,0.08466524511590083,0.02349836545736689,0.0037082447243393067,0.08504988804589211,0.0450779900489404,0.00740229495873484,0.023840103869918222,0.042311168199597196,0.07349312467501325,0.04798520082682974,0.08376609489481177,0.0,0.07248019341142295,0.02567950885685063,0.062252879499137104,0.006466081811073233,0.04430470705970432,0.0,0.06310252900573882,0.010500169098823479,0.04009227540717234,0.0,0.059929197057964366,0.08376609489481178,0.007106340291236265,0.039839826358044755,0.009954159752067093,0.041113361604331114,0.02840743025655543,0.1927414481496484,0.037366348438630785,0.0025611319808090194,0.005893706222191246,0.07948162389608031,0.06020882997082201,0.020523850693985792,0.07477809836003818,0.03010902022867348,0.026009673851058405,0.004841875281761858,0.05079806727749694,0.05330569675124386,0.08376609489481175,0.0,0.0698050790790098,0.031364280288423835,0.028797571742186154,0.08244395084442409,0.06270599557287322,0.040737499784919445,0.0,0.03247734219673042,0.18776670829498035,0.0,0.0,0.044272898288569174,0.02335063310860196,0.04700249982252287,0.04094700951228536,0.050046344959459886,0.024281402585579374,0.024114073422061174,0.047147485807585904,0.011901178569572582,0.08376609489481178,0.06961114151341996,0.0,0.03799783340852111,0.08376609489481178,0.017628457627395056,0.0,0.010485023425456647,0.027922031631603922,0.027922031631603922,0.04513100807778813,0.08296696823621982,0.022524025972781244,0.07162515227725472,0.0,0.07073379204430003,0.0,0.07042072480529094,0.07780184751391589,0.0,0.07288134928282414,0.03116287134152555,0.0,0.061750942083821383,0.016601083817101275,0.036168943078614894,0.010891165550026692,0.0,0.04197485250742096,0.05199274855540042,0.08072496550875852,0.07911639243928191,0.060619419282856045,0.2402033544021273,0.04694817194274636,0.0330155043252962,0.039747370257022074,0.04527730639321937,0.0038056931799739496,0.027922031631603922,0.03518364679102498,0.004201746391667646,0.061398810203468455,0.056146939250225944,0.12192008138169028,0.07780143618777374,0.07394259538321347,0.0026212558563641617,0.06170363030652934,0.010368356782097824,0.013479258413829234,0.07287490083718952,0.023933169969946218,0.05025965693688707,0.049283575499210856,0.043532026374624326,0.0563286648424368,0.0686356532702917,0.04853202678912926,0.030472398732754803,0.038599513586979224,0.04305281969082888,0.0,0.040320461546135195,0.05532521008021448,0.06282457117110883,0.08061398914690696,0.05584406326320785,0.042910597268051194,0.0,0.06382178658652327,0.0,0.04997128634325626,0.07285441460742101,0.08286169610972118,0.05780932541877792,0.028813369493650747,0.033506437957924705,0.0341785006893309,0.024560559346080573,0.057207207739079696,0.06361942932442796,0.08376609489481178,0.022324398799066014,0.07630434831010077,0.055844063263207844,0.03362857402572654,0.062004372804095716,0.08047486282184084,0.05526329543334816,0.0,0.0750004261693573,0.08376609489481161,0.06535568036690009,0.018930082706232754,0.0,0.06780872785513917,0.02026809297053391,0.08376609489481178,0.040142555700285326,0.0763451342616088,0.003021941422421966,0.0655177654589466,0.03996012378466256,0.05712869762270427,0.0,0.050259656936887054,0.04953751826061476,0.04708682594083905,0.007251501101942611,0.07613899199433831,0.012989247975786287,0.05293096231928502,0.01535752488864456,0.05379132153070648
ig_lora,SVEP1,0.0,0.22446240069005752,0.09245831762922686,0.3900377098765431,0.25538877336828975,0.4280568314743478,0.1801184505485549,0.1338545250569366,0.4729441966578055,0.33165492895925536,0.026621667323041165,0.2012981271814787,0.29757574751913995,0.34821286607390606,0.30851757691119264,0.25972911541515575,0.0,0.4151830963225457,0.2720274102658005,0.3347626587518453,0.12930180071129752,0.20682801719230065,0.0,0.37856046918773384,0.06603764544216234,0.22761838760374067,0.0,0.24193872368859265,0.36476004138014473,0.07166314986822044,0.21989810849258304,0.09187764505874703,0.34075145902710635,0.18395214679134303,0.5286346641585793,0.27180632590235304,0.05398224197016656,0.09912322123542992,0.4120782919898514,0.29799266992227635,0.21990187815806414,0.4090825900197317,0.21770970137728088,0.12066792523442256,0.07412265009265415,0.28659222594004224,0.2866988967807321,0.2785808200755384,0.0,0.28944707581139123,0.27225730517430574,0.29058389786348715,0.4494256379828452,0.3895209297487353,0.2590340267883914,0.0,0.26024899846795607,0.49024686240770954,0.0,0.0,0.2170523130713347,0.21945772428753166,0.2883001659320465,0.3263941296663561,0.360751406473341,0.25599565175540323,0.24462916698515347,0.3652921356870762,0.1356262806775123,0.3414198356101472,0.41763144700726873,0.0,0.21038007169935707,0.32099715556139935,0.14244872145079474,0.0,0.11689892988100785,0.19479683656136682,0.19479683656136682,0.2742119743037637,0.44381153777072374,0.18518046111138872,0.30066653858196724,0.0,0.28606960141957083,0.0,0.4123424141068036,0.4203157788389465,0.0,0.39152573184288375,0.26026411451992715,0.0,0.27625815863138437,0.20358475312166985,0.3353491781358752,0.03814436685285154,0.0,0.2514861714060472,0.2870146102816397,0.46351522693165786,0.5021267523826737,0.3781894860009384,0.598378512779361,0.3699716466773484,0.2826159166749342,0.32103236201656216,0.31541726799103637,0.013700151822103115,0.19479683656136682,0.19047532252794835,0.09065992638635248,0.3008927895098196,0.3486306442184362,0.4744918787615343,0.4349143033919373,0.4314048896769149,0.0690766403842319,0.26616635839595215,0.20295065526021663,0.1865583734477921,0.5243782670522998,0.18333819911658053,0.25679772444911947,0.30525212002018937,0.3589066192364879,0.35104993626210607,0.3030638407399456,0.3903402843040824,0.3212853858007318,0.21539555828483667,0.24750389514606042,0.0,0.2332067016542707,0.2942756283828344,0.2853308049434661,0.41678014363331617,0.27031339415696787,0.20018904020966388,0.0,0.35116899355741865,0.0,0.34522295317621216,0.42502080173544743,0.47812895514050985,0.28659585573692214,0.17133448164151388,0.20778329233212461,0.2993857112070079,0.3775656149809177,0.3598303745672867,0.3147993152363734,0.39977035003514105,0.1557923846226803,0.4557655764523062,0.239749952690913,0.26293764096569755,0.30263552601227983,0.44029621749572295,0.3665237713151326,0.0,0.4824455688405209,0.4818257609452886,0.34929990419769846,0.16562663596312835,0.0,0.3990374522275662,0.16648627871823524,0.4493132396412679,0.3429253765798109,0.42729923362286154,0.12599170486183472,0.3816127312438664,0.29099160089864357,0.30505939163333184,0.0,0.2414367107321333,0.399395107822331,0.43371754717176936,0.04436826503959841,0.4301697233796032,0.14889954030231004,0.29892730891501723,0.15646792214176855,0.33512932598456874
ig_lora,CHI3L1,0.0,0.13997945468270018,0.0200265443573044,0.3836350413388192,0.26699710502568497,0.20590276148362083,0.0499811250054566,0.01736327492951523,0.43177349925912534,0.251022276046045,0.02462425325084841,0.2239203012748107,0.18871813758670444,0.3420400082346182,0.2848086643614263,0.23821708461500501,0.0,0.3701424955193313,0.2260118054324443,0.34565094649063954,0.1338380669808819,0.1875257880573331,0.0,0.30078976223244364,0.05190203688316801,0.21642075982819597,0.0,0.3810553084789367,0.35817997073831126,0.17587005270039724,0.5047308748047615,0.453097564744183,0.22080171666523382,0.1723814317015108,0.36247181981093135,0.24313109539073902,0.012084341397474755,0.05987528203692428,0.41059964002095733,0.2911523670155681,0.15427648119959173,0.3415761155227607,0.15901066632464858,0.16717629540605988,0.1306006142348044,0.29495528694765927,0.2799355884763424,0.2604324338970988,0.0,0.2756527839176964,0.2243350867152801,0.13680619426779855,0.4486433743789457,0.35434490367263594,0.28539244493734867,0.0,0.2292667816113121,0.3089154150678485,0.0,0.0,0.22684323207403345,0.24904375991470484,0.17307966963894325,0.2098324900180047,0.2331472111311163,0.1906695230646896,0.19327710183082555,0.21246981655732222,0.08864735096993709,0.3323056227509315,0.2365624576455392,0.0,0.19532841998791198,0.30930620231770506,0.12636177905233933,0.0,0.031251479146995366,0.17469252871767035,0.17469252871767035,0.29641956589758817,0.4428383911698702,0.12977618297119847,0.2903668061801332,0.0,0.2755550087797087,0.0,0.40956095468170883,0.41893313019571254,0.0,0.3746486654955209,0.2571952300437613,0.0,0.2640301977655272,0.04677103642910201,0.40247635157518563,0.0975053359980896,0.0,0.2722441997966967,0.2815054828096615,0.42195689949363163,0.3632587408049877,0.2902933403014515,0.2561677452896583,0.2724605197187413,0.16564909498660935,0.20315970046566306,0.3261957141406865,0.01203518848789682,0.17469252871767035,0.20902801638969035,0.09679252030267368,0.22171186962994438,0.24933569827609336,0.40244075818034275,0.3848602277092396,0.40895692987631604,0.017857988083997352,0.25337774196145985,0.029996176641672534,0.10373896025347376,0.35113312297314664,0.16377424567281595,0.24418910709292505,0.3330780495996438,0.32310667718768377,0.23065030847809473,0.2923250844356751,0.24292521372982612,0.23616633486058405,0.2057070791147685,0.19900466331431566,0.0,0.15905536590162261,0.2896827687047894,0.2729172373391515,0.41521972577873784,0.25775516859808756,0.1883421436493779,0.0,0.34832208256409714,0.0,0.31006835318779435,0.3960659969792129,0.4812676458744445,0.28060255292321096,0.15656052834263662,0.18717056648321823,0.17682688047023717,0.15316743856370682,0.2632156498716696,0.4529708507986641,0.39619290173211613,0.16978982227860115,0.3833632314325656,0.21836566089708795,0.08470494015572617,0.257451526670296,0.4394467442120701,0.25641905884144217,0.0,0.40325734650163425,0.4817113066675601,0.34617093504835567,0.05113935153292546,0.0,0.30888259927201994,0.1402681678736138,0.44840846628404585,0.17629975229296674,0.39828973725847944,0.05316745897784855,0.33688213681158546,0.16279169360856818,0.3018169837929339,0.0,0.22322780048322755,0.20743703657582488,0.19380164451358134,0.033334672082327585,0.3855454177724182,0.035165232438325957,0.24287190838846084,0.0350464526252827,0.2541047831629642
ig_lora,SLC7A11,0.0,0.1308707813021447,0.015222779341215584,0.3664787290495195,0.23073328842486207,0.1932273720513274,0.04109158026292764,0.014081464833063365,0.41953260575520995,0.2347397442192277,0.017693222675014057,0.1396212316898516,0.15914828677903725,0.29715103182298486,0.21635232968640516,0.18930047850004877,0.0,0.33496462351052814,0.47178618503581243,0.30327211257592424,0.018936052749971725,0.1610653273047861,0.0,0.27531234162950197,0.04733417739342572,0.19319027452111823,0.0,0.17983892229238915,0.30288076560007804,0.2874748949939838,0.17783140575556475,0.02699200990137681,0.19836336640425178,0.15820994941176614,0.337401473849879,0.195872633845512,0.010148276042493824,0.062013386253612586,0.38407418074887567,0.2603481873143294,0.10423116852634128,0.30645555194497476,0.14520232323938012,0.039320639220347633,0.01386361754665433,0.2625639638074203,0.252400638000065,0.20785934894123004,0.0,0.22716057420005856,0.15035292533730843,0.059362381450173904,0.42041572596880716,0.3390562629493154,0.19134616597029908,0.0,0.15583628360258248,0.17623846518571554,0.0,0.0,0.17359090483195164,0.13590559778141847,0.16445743146990566,0.18420278102383272,0.2002204141563399,0.12400893145593662,0.12245154076235587,0.17977334867977793,0.08773111334851708,0.27534615054552547,0.1958049543301723,0.0,0.17165248770858552,0.25240063800006507,0.11808810608841445,0.0,0.02060309300777395,0.15144038280003902,0.15144038280003902,0.21984843791926928,0.41223208217641893,0.12607678005396358,0.24689121011076068,0.0,0.23678079603319596,0.0,0.39370311911029865,0.39082903143333186,0.0,0.36668766765724986,0.16449008809102278,0.0,0.22438970804413977,0.040077829688473926,0.16124702343732747,0.023912923752511334,0.0,0.19679136304418476,0.2582704202791363,0.391022994543951,0.31471136222604934,0.25552510775906706,0.21823648436737278,0.2032728860370591,0.1473958015215084,0.17785225142013847,0.20265833314321643,0.007292915134597037,0.15144038280003902,0.16040861523147695,0.01328700204380577,0.18837188758642073,0.21123302708769598,0.381338336263685,0.34389045978192956,0.3887548937757499,0.013471253120467585,0.21605300350182619,0.023275174647820616,0.1003972912828179,0.31030748995405544,0.14422893600003717,0.21033386500005422,0.22090059066317405,0.19509667382021004,0.19144863389100272,0.24653353239469034,0.21512499499143284,0.12826186974297782,0.1874683829283533,0.18596902795129672,0.44562799631079125,0.04360799109044264,0.2684583989438053,0.5546670259817592,0.3854397453562742,0.21947881565223049,0.45720295103194686,0.4892696452924856,0.5545391023664601,0.4764515923013849,0.24985510211887543,0.39053110169871874,0.46470306554626073,0.2557377269387028,0.14269449439902707,0.15941092926319897,0.16848100894189574,0.13942061288744495,0.24107763708819102,0.2793482891856739,0.34705087725008943,0.11965316282288599,0.352579630780992,0.5457003189293647,0.07382858825466337,0.23082007490921255,0.41425218089059646,0.22521635994960337,0.0,0.375535501548661,0.46655875509102923,0.3207394937020854,0.044540512273458094,0.27125495015513673,0.2668087744155616,0.510735179598507,0.4162396486316861,0.15479615973709818,0.3616864997863208,0.4571666737929177,0.30650139969677115,0.14880759902901247,0.28461909014091913,0.0,0.18597941747373214,0.18498112737427494,0.16577221964697225,0.03088475001027291,0.3484891406107995,0.026047444673625183,0.22048469125772255,0.023281897815976775,0.2209469296791528
ig_lora,COL21A1,0.0,0.0,0.0,0.0,0.03095823799222623,0.0,0.0,0.0,0.0,0.0,0.0,0.0,0.03714988559067148,0.0,0.0,0.0,0.0,0.0,0.0,0.0,0.0,0.0,0.0,0.0,0.0,0.0,0.0,0.0,0.0,0.0,0.5446910759888852,0.8457849607095252,0.0,0.0,0.0,0.0,0.0,0.0,0.0,0.0,0.0,0.0,0.0,0.0,0.0,0.0,0.0,0.0,0.0,0.0,0.0,0.0,0.0,0.0,0.0,0.0,0.0,0.0,0.0,0.0,0.07801106857758625,0.0,0.0,0.0,0.0,0.0,0.034054061791448854,0.0,0.0,0.0,0.0,0.0,0.0,0.0,0.0,0.0,0.0,0.0,0.0,0.0,0.0,0.0,0.0,0.0,0.0,0.0,0.0,0.0,0.0,0.0,0.0,0.0,0.0,0.0,0.611704345826787,0.24047684844892941,0.0,0.0,0.0,0.0,0.0,0.0,0.0,0.0,0.0,0.0,0.0,0.0,0.0,0.0,0.0,0.0,0.0,0.0,0.0,0.0,0.0,0.0,0.0,0.0,0.0,0.0,0.0,0.0,0.0,0.0,0.0,0.0,0.0,0.0,0.0,0.0,0.0,0.0,0.0,0.0,0.0,0.0,0.0,0.0,0.0,0.0,0.0,0.005965675058356003,0.0,0.0,0.0,0.0,0.0,0.0,0.0,0.0,0.0,0.0,0.0,0.0,0.0,0.0,0.0,0.0,0.0,0.0,0.0,0.0,0.0,0.0,0.0,0.0,0.0,0.020143364098985986,0.0,0.0,0.0,0.0,0.0,0.0,0.0,0.0,0.0,0.0,0.0,0.0,0.0,0.0
ig_lora,SLC2A3,0.0,0.11149401275939769,0.03298031598079756,0.35684652874105494,0.20196703150850875,0.19171014031268271,0.02498598814220292,0.027499558817348127,0.41194869035387754,0.21000035503245942,0.012150504302915153,0.1286123300211207,0.11862403508311693,0.25431897607579124,0.1826655859217209,0.1021572708837582,0.0,0.3205746915786418,0.5020638429880834,0.29800223617540594,0.05882896261950355,0.09078199754480601,0.0,0.24623766898390892,0.025140038298568926,0.14664533458457218,0.0,0.18726864712891483,0.2531487728023976,0.363385983449496,0.11789426089243554,0.03219657905471923,0.16865637210290502,0.11504096091716481,0.31632788986997845,0.16759924343466648,0.02305742464841454,0.04453450706600776,0.3658385346505883,0.22289059927099375,0.09443865050869027,0.2734001897005461,0.11022562426881438,0.060593222944399915,0.03462562498718172,0.25785998743396243,0.21685641072165524,0.12732252120353144,0.0,0.16035594164509281,0.10693048445320844,0.038706091593804164,0.40360271242543844,0.3381585763465737,0.1751994426260076,0.0,0.16503680116978062,0.12122970987077004,0.0,0.0,0.11059768159802516,0.1280359649556463,0.16640183156924548,0.1295258722021421,0.14130095149324592,0.11831231608536416,0.11752423071061997,0.11047465162374477,0.06818356417866937,0.2171984152027216,0.12354697441827038,0.0,0.11405265705485412,0.186924429855626,0.06507424121703012,0.0,0.0374973076951134,0.08065047701349332,0.08065047701349332,0.20156286792740663,0.39353869406317776,0.11381920004252588,0.19256262825712386,0.0,0.18429463783689548,0.0,0.3957234185537065,0.3720897168348391,0.0,0.3630562745139761,0.1566323546167961,0.0,0.16656884964867305,0.055281969282545015,0.10685623170700037,0.013724787513836649,0.0,0.18377531374240996,0.22878998760139174,0.37055215013283144,0.272506461136108,0.21273464275957257,0.17411536622611123,0.19574264728432522,0.08607522010228572,0.15396172758612464,0.2534299613888711,0.004439275309783801,0.08065047701349332,0.13160698695942202,0.0444810121923405,0.14331182219350908,0.1779316521496826,0.3664701995106087,0.3281495864207059,0.3888318615057721,0.023998276924872573,0.15785320399079977,0.041354807099666796,0.08067375019392779,0.2915495396155579,0.07661795316281865,0.15441583335899536,0.20836084736546792,0.19594843079610547,0.15149789684128187,0.1897192114697032,0.19028796264162764,0.1276879705275287,0.14780231596423044,0.1790442250630475,0.5173806999150888,0.0332695809844962,0.2428752699062927,0.5657545754117693,0.36523958449467175,0.16143473487531335,0.46039393335400275,0.5001947466873196,0.5453202215452312,0.7224553956406432,0.23280191816490095,0.3933381495922389,0.45773181198411106,0.22392462781547956,0.09062702907805088,0.08513105906979851,0.14476730208827945,0.1048746945644476,0.2096933631967856,0.3459933623988565,0.30997353158898233,0.1080744660920203,0.3287490274067542,0.5596923083654781,0.09286429941738748,0.20398403989248,0.39879223214982773,0.19948530611846693,0.0,0.35587035959785845,0.4586970006051256,0.2976863741130202,0.027000467308085477,0.3380161759404977,0.24811607467668959,0.5164899586628061,0.3969502032011018,0.09090794864151201,0.3430838425247128,0.5206690565345082,0.2917682167433758,0.12765988761106253,0.26538370121070504,0.0,0.11317557440313905,0.13640825828649222,0.09573662106289672,0.016397521962535314,0.33443732160642,0.05622717686317926,0.20076819955691527,0.051531743719996186,0.19336233083487983
ig_lora,OLR1,0.0,0.16550101380716664,0.022515217526483753,0.4328269212871201,0.2719120611218244,0.2242333708101328,0.06717316665049126,0.018917284239101502,0.4407560512243056,0.27013615650911943,0.02815262132306646,0.16688620125866033,0.1985445219999186,0.38941092119895904,0.26210628754001053,0.3309408888345907,0.0,0.4024473502188879,0.18066321561439092,0.3889995416700977,0.026090367505684255,0.24392052996971214,0.0,0.32744697315497556,0.18281695157735825,0.25237174111922567,0.0,0.49307437704935014,0.4178710824173604,0.02580989547761717,0.25248641724303283,0.04125899728488076,0.25412186258509756,0.2004951489874821,0.3845743444715053,0.22889185335624002,0.012933000432467956,0.07073506914647222,0.4320410827261969,0.3259814337851014,0.12121313160621441,0.37628385884915344,0.2933199755954539,0.05890261667939267,0.021999643368222868,0.30950133971197535,0.3115890797073405,0.3483269275511447,0.0,0.34560552519320825,0.19043815817217621,0.08692347586090093,0.47028762985315525,0.363938306576494,0.23579732132556216,0.0,0.2482930626824144,0.24197899850852364,0.0,0.0,0.25124401665423146,0.1680841523521494,0.27451645359709376,0.2530405482836864,0.2846706168191472,0.22147865285117463,0.20274021588755053,0.27270210131585343,0.16109793650792262,0.40048504370080645,0.30582953964865084,0.0,0.23937176755979936,0.38443639257783363,0.24243162944445712,0.0,0.03822494512637433,0.22911292303933203,0.22911292303933203,0.26495751091761544,0.4667567921522933,0.1404250180520374,0.5073684117478405,0.0,0.32606556913002416,0.0,0.44446834146142417,0.44149815527378206,0.0,0.4334043254051248,0.2038147652391548,0.0,0.31941397678285943,0.058401620270426904,0.25111281573497984,0.043629901571597816,0.0,0.23266163020147745,0.30709134487537215,0.44699843840474673,0.41255862945754396,0.33110493809924124,0.44459334857821653,0.236750216421692,0.20873523615657685,0.24812437515258,0.37431340447533573,0.013357128530727312,0.22911292303933203,0.19392488554806678,0.017453864858413323,0.2789621416303837,0.30645246262932324,0.4192952739065304,0.422453578514731,0.42484873972089565,0.020118392171775964,0.4861294717775631,0.0335342847881538,0.12549119060936642,0.39191567353824486,0.21274771425080832,0.29398077079481394,0.2784376859767415,0.2404531241737275,0.2989320322866323,0.35124572428677586,0.2812856908300949,0.1547460394839585,0.23420686529905732,0.45997946364561654,0.0,0.06846818350073118,0.31200290218469034,0.33317820690078914,0.5270015157151958,0.3123545689694898,0.22028841999916124,0.0,0.3698470669288819,0.0,0.28760279230426794,0.4750528380063649,0.48725645852044636,0.41537034432756026,0.3059412296764412,0.24820566662594304,0.19106155706397188,0.4336952530263635,0.28923069012136376,0.5513070406125521,0.44221153662053586,0.1357191318692276,0.4101443393280749,0.29784679995113167,0.24899136086314239,0.40099672845780854,0.4587744560428576,0.29789135343330625,0.0,0.4260925379084878,0.49228332812421116,0.3695136448004217,0.17270436575326042,0.0,0.35767486263653503,0.16687718472750915,0.4735064063103329,0.33771794924787407,0.4568079444328531,0.01606217175574836,0.36636340373642634,0.1938673052432681,0.31868915986893614,0.0,0.2902724396259539,0.2442443766662016,0.2511619028038447,0.12302470946002901,0.41875632672215635,0.04033604353008934,0.35184559069079674,0.04277891330031913,0.2996989744825531
ig_lora,GAP43,0.0,0.18697344898353588,0.08618725088977998,0.3948010987352183,0.23790256193603082,0.46855621570877226,0.0491765096789227,0.06596990203425697,0.4270803574334784,0.24119736999288144,0.024282191369881974,0.2236167267650621,0.15940162702485786,0.5137323655943797,0.2513629234109997,0.1999845596882709,0.0,0.3933818659390257,0.2370150899586623,0.42712207098179356,0.16356212623173855,0.16201960039713698,0.0,0.28742148077761676,0.04958879118077508,0.19894100085483593,0.0,0.186789903017622,0.3306202952504962,0.17230068552212424,0.251253638997484,0.0892962716429201,0.24981599038096397,0.15834733719410665,0.3512594153048403,0.21845111693143615,0.05164377260093481,0.08387203773891251,0.39971734942566833,0.27409484763152236,0.1637693325813583,0.32454128734007687,0.19422635135236932,0.17975699408984128,0.1417810414560496,0.2935922043237357,0.26429468838315034,0.22343199940456776,0.0,0.24463865901622756,0.1846876811574663,0.10332460285295939,0.4376726106267367,0.3545077339976006,0.28134645788641427,0.0,0.24882056323140544,0.2520245729739745,0.0,0.0,0.17722260925341146,0.24970219441812652,0.38800983605594036,0.18933698027877566,0.20926718872917308,0.11908459019972241,0.11810195399072754,0.1854046271158768,0.23001638148375714,0.30159013179222394,0.20608674616878292,0.0,0.17453333826322615,0.2761887387662357,0.11127764889763743,0.0,0.12498213413674118,0.14998841976620317,0.14998841976620317,0.363354889252701,0.430776361975767,0.14781262589049068,0.2648198051458363,0.0,0.25192985528992234,0.0,0.41002463553735485,0.4075133740403283,0.0,0.3825814243844484,0.27048626232942846,0.0,0.23852475501440445,0.11838762012079021,0.2303729589310765,0.033444152267888765,0.0,0.37795851347116827,0.26863167005798283,0.40935826980736817,0.339905462592556,0.27064462665501854,0.3171543186537481,0.27520969385386407,0.1453216050133244,0.2663768416126159,0.29989803080088584,0.012684451459067509,0.14998841976620317,0.19655893256285556,0.11105480804948967,0.26773982476876806,0.30381700398564493,0.3937877863374796,0.41047049962859666,0.5593460746108401,0.07385307926261979,0.2284329547789722,0.09570371807031322,0.15036214421390912,0.38143884980331483,0.1411655715446618,0.22095099101298854,0.3262427471742782,0.32019736360321116,0.2972735679827566,0.26533043712296567,0.282408173222554,0.4101342863497199,0.19149773599408274,0.39425088683621173,0.0,0.1200594341706745,0.2783437468556651,0.24550110112554283,0.49635682609508247,0.23257999053998793,0.17261462987417855,0.0,0.337381788389676,0.0,0.30111316809942507,0.4347941572211925,0.47318457811483666,0.26668100382796056,0.14016340908835656,0.15998764775061672,0.1693287654706892,0.21145223664041046,0.3974364519486239,0.293713001450414,0.3741655404379047,0.1695231114522328,0.369942421522824,0.18460113201994235,0.4344409048290074,0.40388710962041113,0.4965681377293069,0.47171404553681406,0.0,0.3917049287052002,0.4762247088458932,0.3343637652659773,0.04988386276021278,0.0,0.3547200646822982,0.22146181095676964,0.43578617042008644,0.15425125413747942,0.3757856904656958,0.07421832024450725,0.3603852174493864,0.5951424741015,0.2931104804879549,0.0,0.1936410661506254,0.18960327611409034,0.16790321582486972,0.03301761338690653,0.40836849299608313,0.12773239631007693,0.27371963628407214,0.14585534765962765,0.29846362033955776
ig_lora,SV2C,0.0,0.11413999461411102,0.012483887855141056,0.40307897403142934,0.26136852734744603,0.20691489240318117,0.045341689378823616,0.011679432550922996,0.44595351937688077,0.2612118357794697,0.021159466489590842,0.13233090697440697,0.16151603078508311,0.41238592617912756,0.24686675976035696,0.3365341840000868,0.0,0.4183694449975404,0.47384626565694876,0.3292630904068228,0.01968116833790472,0.17172877744217163,0.0,0.3273075195356021,0.03042911403863082,0.22395705356949425,0.0,0.25951414374252385,0.46273450300011915,0.35750177393071175,0.2070917228377469,0.0209882850721329,0.22944773636284918,0.16018490932505242,0.392448312362621,0.21137672608054542,0.006871691132740539,0.03009151565615056,0.4447631449475464,0.3253634887946038,0.08469587696286822,0.3883187632484811,0.13643066311347482,0.05006233450650385,0.013417305123501103,0.2775545705331831,0.3072703419131226,0.3786009570000976,0.0,0.3605723400000929,0.14695202667333418,0.0604283325998548,0.4866887900763836,0.3493962037040365,0.2117068204752281,0.0,0.15602675739781255,0.19889637713686406,0.0,0.0,0.19997720025582397,0.1244314008340512,0.167425969097612,0.2154887017996082,0.2585864421595298,0.10139287617408416,0.10387175493236046,0.22518026708500544,0.052583088129725154,0.4487122453334489,0.28351483804545896,0.0,0.19095041827323023,0.4326868080001115,0.08351241145619073,0.0,0.029187715094346433,0.1442289360000372,0.1442289360000372,0.2509160152877871,0.48483669009583036,0.1187651076828291,0.3551076307870669,0.0,0.3250262330691149,0.0,0.4021013181467034,0.45596886770211476,0.0,0.38275629090604363,0.1699067263266035,0.0,0.31417581810146944,0.038356043265190744,0.17408139021811697,0.033876641982724394,0.0,0.2141811248368906,0.302880765600078,0.46397760942659017,0.4442140250346819,0.3321498899277348,0.30002340364490543,0.22108266930795187,0.1370898330994173,0.20447717546207303,0.24368188160063606,0.006945633461520989,0.1442289360000372,0.16295118807796463,0.010754889786085088,0.24207556691428936,0.29199127688097687,0.42797632463554824,0.446030912830453,0.43338148958581213,0.008980835413645057,0.2950013976541482,0.028588678468351114,0.0646952754166235,0.4110471032241655,0.12620031900003253,0.27534615054552547,0.26352571939421116,0.2175771805881322,0.2697198233214219,0.3651066141077357,0.26371373442193946,0.11473106984521596,0.20736761502683296,0.1984187860564947,0.6367780255327885,0.06646298419067756,0.3093126790068316,0.6495178978223025,0.4550097822314147,0.30288076560007804,0.4303670037658616,0.5527771954684715,0.5571494693428206,0.5841771382917064,0.28136564631233335,0.40181412464367383,0.4942761151646495,0.30408533235361446,0.13096758891237217,0.1682670920000434,0.17236846376562584,0.12351775623638833,0.2808920720219754,0.3438411954022035,0.4782327877895969,0.1088691166065371,0.4238110223407803,0.7299729826503043,0.08152547784244632,0.2798928684001747,0.47228792653847984,0.2857901983058916,0.0,0.43915231079604045,0.5005592484707171,0.3758781684232799,0.039602331107567675,0.3767830177556752,0.3703308432299745,0.5632068549580594,0.4933285197273998,0.15403449002395994,0.4164358751581912,0.5283341237716502,0.37427081666427126,0.14351345424005257,0.3175767973533001,0.0,0.25240063800006507,0.21068443083194519,0.18517704127698928,0.01773013426515667,0.43817320218008066,0.037726895784998056,0.2573149470120648,0.04057263552920843,0.2865703898198041
ig_lora,SLC39A12,0.0,0.0,0.0,0.0,0.0,0.0,0.0,0.0,0.0,0.0,0.0,0.0,0.0,0.0,0.0,0.0,0.0,0.0,0.4474115102566771,0.0,0.0,0.0,0.0,0.0,0.0,0.0,0.0,0.0,0.0,0.5243447759151008,0.0,0.0,0.0,0.0,0.0,0.0,0.0,0.0,0.0,0.0,0.0,0.0,0.0,0.0,0.0,0.0,0.0,0.0,0.0,0.0,0.0,0.0,0.0,0.0,0.0,0.0,0.0,0.0,0.0,0.0,0.0,0.0,0.0,0.0,0.0,0.0,0.0,0.0,0.0,0.0,0.0,0.0,0.0,0.0,0.0,0.0,0.0,0.0,0.0,0.0,0.0,0.0,0.0,0.0,0.0,0.0,0.0,0.0,0.0,0.0,0.0,0.0,0.0,0.0,0.0,0.0,0.0,0.0,0.0,0.0,0.0,0.0,0.0,0.0,0.0,0.0,0.0,0.0,0.0,0.0,0.0,0.0,0.0,0.0,0.0,0.0,0.0,0.0,0.0,0.0,0.0,0.0,0.0,0.0,0.0,0.0,0.0,0.0,0.0,0.0,0.0,0.7483584193974733,0.0,0.0,0.4353531430334292,0.0,0.0,0.34434992186483593,0.973873687629655,0.2354743334076621,0.6971572539564256,0.0,0.0,0.0,0.0,0.0,0.0,0.0,0.0,0.0,0.0,0.0,0.0,0.0,0.5800427062570027,0.0,0.0,0.0,0.0,0.0,0.0,0.0,0.0,0.0,0.5065966120920935,0.0,0.5687509251760031,0.0,0.0,0.0,0.6674116496756385,0.0,0.0,0.0,0.0,0.0,0.0,0.0,0.0,0.0,0.0,0.0,0.0,0.0
ig_lora,COL27A1,0.0,0.15014230429995573,0.15092630376645472,0.05175923277247572,0.06843448287588647,0.13484801484766387,0.005866562771146231,0.10320336718481583,0.05137715150618073,0.029544860021365957,0.011523097808424096,0.09294636968115805,0.06683255376036805,0.041409013944444066,0.027065205649070487,0.01945847672956429,0.0,0.11932517175530706,0.15452304364453245,0.06349109205102307,0.21163610977386732,0.015223742904113454,0.0,0.037717443199371974,0.0039490810440149324,0.023385911406115432,0.0,0.019998397564201558,0.04280864880504143,0.12427083095190057,0.5370943646907592,0.9179058337180961,0.10174385593292454,0.016519525696493734,0.04396762758386957,0.02309038682259978,0.07259409280694253,0.05493674281892021,0.04923392944454173,0.033584573203837946,0.10061974340468222,0.04141681554920971,0.11365900251156422,0.1402291555624618,0.11822447933604135,0.05237031874650305,0.03143292394775769,0.025018041509439797,0.0,0.029187715094346433,0.016317852469502767,0.008411637516439776,0.05387136868719173,0.05432256722437641,0.09757974831839,0.0,0.1698426505814326,0.02224306118467807,0.0,0.0,0.11372227632049013,0.13046679694184465,0.08680460605340833,0.023004931743156758,0.02654415201133472,0.01840128941085824,0.05983911072723177,0.02283231157699657,0.0713309016300659,0.03891695345912857,0.023298580328495452,0.0,0.017772416151291777,0.03502525811321572,0.008452169561532417,0.0,0.24309104521337194,0.011675086037738574,0.011675086037738574,0.07531472835536097,0.052764506479549715,0.05636997943938656,0.03350937302597445,0.0,0.031778777806548066,0.0,0.059654652880283335,0.0521108847813157,0.0,0.05203410613742631,0.15168799394932994,0.0,0.028506225366130775,0.17140034289407993,0.7675957563715531,0.25805637169985296,0.0,0.08109300962934725,0.031841143739287016,0.05073982118742257,0.04462004223336489,0.03297363796330826,0.0731385254094289,0.10892545027932678,0.022968488692546387,0.24892282695978962,0.16793300864855232,0.004079592417778754,0.011675086037738574,0.031033927436419903,0.1307220850107469,0.17115225323035188,0.22069354841817057,0.04853047785526927,0.13267886903841233,0.07812187610833309,0.10635233228085023,0.027616271437824472,0.16105322028537974,0.1428614021672392,0.14439030838634354,0.010613714579762339,0.025018041509439797,0.1186879214521195,0.1425602638713416,0.2812857467378513,0.03757585269823786,0.1517035984776603,0.12370227210521732,0.029157506403489342,0.08445817985579321,0.0,0.009328061423290289,0.03722432070272476,0.029187715094346433,0.05047935532542557,0.02694250624093517,0.019743329033838082,0.0,0.04060899491387332,0.0,0.05569618330932496,0.07018190202920681,0.06398190883940637,0.032779184716835136,0.013470490288435843,0.012972317819709527,0.027007474913303197,0.09869977548437911,0.031592474900926364,0.03874122478331054,0.04776171560893052,0.055060406229982546,0.04608565740375122,0.016678694339626533,0.21337155641451458,0.10231778140346633,0.05231105678061767,0.152770855828475,0.0,0.04869696524118091,0.05646148165791594,0.047288407425377564,0.008748668217185864,0.0,0.19871253216334842,0.030881763950348192,0.05340730847050628,0.020517573271720862,0.07222347037131785,0.11779971369426391,0.11529507438197384,0.17299565797788755,0.035337495671782904,0.0,0.019458476729564286,0.02236906611050942,0.016538860865303373,0.002565335444634796,0.12236000193543725,0.2688015933793341,0.12197008280678007,0.34497440860903933,0.17688276907500228
ig_lora,SERPINE1,0.0,0.20215202670988291,0.025497224579519827,0.35716822725558334,0.394193233068639,0.41405531362199244,0.30120617578427145,0.02325647911315669,0.45294602601421824,0.2573681539811823,0.025291546510652234,0.19751657191031471,0.28291237566724375,0.30492694510432333,0.4444687997714361,0.25980133453461285,0.0,0.32881295001929406,0.20889855942847,0.37758564255696075,0.026903233005709168,0.23863367333352511,0.0,0.4587054829265878,0.08911289333049041,0.2433991499664839,0.0,0.2535487044923216,0.3088013228277163,0.021784852654085963,0.2421898306889133,0.049440946348056736,0.24457460285837426,0.2189761301619577,0.5093345330304458,0.23179185340275144,0.019118815838375547,0.13361581811520457,0.3888582594280882,0.32986296595871994,0.32424560996279894,0.389986731269329,0.2164521966239151,0.053326170323452396,0.02206900593088772,0.27107794087961773,0.2751868456294218,0.26642295457422144,0.0,0.4879099391257348,0.4289351615135166,0.3322989834424432,0.3958948538260912,0.40416184802178196,0.23593754218171517,0.0,0.23289893418431018,0.4365337238911215,0.0,0.0,0.24150095937019567,0.201467932901726,0.20603129116644223,0.2428691091742467,0.25416534681025815,0.21486472233392848,0.21356012468038935,0.24798768402102103,0.1665141843877402,0.29480132617254384,0.29266412302556727,0.0,0.23735682027843943,0.28430132868116453,0.20239189897090368,0.0,0.0304684499707693,0.6571415682566993,0.6571415682566993,0.2519662984002676,0.40958992609386846,0.20489262980464656,0.2783961234068986,0.0,0.2720791175127818,0.0,0.4197448651753258,0.37217227841556494,0.0,0.39869709210353904,0.21965806309874691,0.0,0.26709310865722086,0.2318798342000351,0.24071112391165395,0.034989007450985904,0.0,0.23410719314358455,0.27666140411504986,0.3710707344955012,0.3153197937102186,0.48889452968911273,0.30261311340155744,0.2918322772114241,0.2259103214474413,0.24073850957565013,0.249968202401153,0.012510149288265677,0.23382120108115156,0.4756504229114242,0.02225787970889685,0.305755500693931,0.261218261504157,0.4427297742917986,0.33417521752941537,0.37438798795129724,0.02450723149822748,0.26263394111133215,0.030048578448470493,0.18183303772789194,0.3125318406741342,0.22811824495722105,0.2584557533465132,0.363288057787363,0.2783263249851052,0.2554247290044701,0.2789374798214688,0.25638092330605783,0.302059079859919,0.23514750753350544,0.28304159663194856,0.0,0.2245730650946791,0.28229712949988034,0.27076317017253765,0.36721929114732416,0.47585834073519667,0.3937281493976274,0.0,0.32232745162171,0.0,0.2682848013531501,0.44549971469813315,0.4471289772404623,0.27589249107988983,0.21652748374508538,0.2398166164934888,0.23932713979334588,0.21628209396345327,0.45962135233119145,0.34896939940747285,0.3351859319086181,0.34577995079148205,0.4059067093928549,0.25277967684448815,0.21284875643756157,0.4018389591305525,0.4487492494863359,0.3693819778877731,0.0,0.46928882707890796,0.44677497407408645,0.31947908416324616,0.09484394529317727,0.0,0.2878271765205414,0.20351828386656795,0.39025584882144665,0.23165609289193909,0.35059272407313624,0.021622967474489697,0.3096306318469301,0.2628207002750957,0.32295948085679305,0.0,0.47051678072667086,0.47654928165642624,0.4745220021734773,0.06285137765954288,0.3379031992178371,0.03214580596681097,0.2546694512950588,0.03169925217994357,0.26236218606311423
ig_lora,APOE,0.0,0.2979022975495033,0.04393601467920161,0.38229767085868793,0.3694047753741557,0.43633028415147196,0.14994157141314232,0.04185453734601507,0.43285791132828766,0.30603383454773697,0.03489018276605478,0.320290338730855,0.3660674062151357,0.3779352512367896,0.436969176286614,0.3226064381542187,0.0,0.3468764188806872,0.42028188089011415,0.40879845676034166,0.08486624400876261,0.3130592480453323,0.0,0.36364771776455956,0.16623453426330775,0.3095405237115316,0.0,0.3199800773043581,0.336271050992662,0.08118532558783209,0.3735988111860753,0.10187588737857135,0.31259384427854875,0.2979781524432599,0.39380526054970655,0.34558362677811955,0.039294078112291304,0.25056274206194235,0.36515178869281856,0.334985487027581,0.3559672552364592,0.3805952870802117,0.33548843679120943,0.10692225374789975,0.06842060417696015,0.3811871278714513,0.3195948850925178,0.32423317777784294,0.0,0.3538871185822748,0.43995719383340354,0.27664314986069255,0.3756720572943123,0.4423236418787076,0.3373012795895545,0.0,0.3723799772602232,0.4609430201169103,0.0,0.0,0.345577047597974,0.3317593954405653,0.4406383386981738,0.3743304949068765,0.380675079566315,0.41325339435879355,0.40466270165844526,0.38182658118978186,0.34975793470256333,0.33194976317195773,0.3514573949736713,0.0,0.31008543432036595,0.32894364990538083,0.3366697504712658,0.0,0.045237809921138135,0.3441942973754856,0.3441942973754856,0.33744395000933464,0.37544317500313734,0.26922398621746735,0.3768936131791476,0.0,0.32250022399956163,0.0,0.4615896972309909,0.36277579912978974,0.0,0.466565688191218,0.34069417689888865,0.0,0.321537883594345,0.1674273453582847,0.32803200941641575,0.06063717562160057,0.0,0.3357022027327025,0.31801547138493014,0.3783792697970648,0.3573167061000841,0.3799276200660758,0.40173828766092146,0.3882221497649173,0.3065305967297643,0.34667156092199675,0.31974116507978145,0.018296009706008476,0.3113853446532024,0.3446787495072695,0.07164708593274473,0.34104983148563583,0.32554504273308654,0.3763003936492013,0.34973932133161517,0.4273546692590763,0.041873014141879925,0.359545565633961,0.04566628143929855,0.2887409171832131,0.3600150441020558,0.30870098823377823,0.3178867204967966,0.36757453326354683,0.3719476344931939,0.32525585480500757,0.3258540527474184,0.32000216337575293,0.3607384075628197,0.3035227286719497,0.41414037080610333,0.03624724123319251,0.186866094378545,0.318992836995583,0.34235877124765907,0.4366719451509194,0.35870884624663524,0.3532392960881968,0.05582422139359072,0.3742539829371961,0.031215132609665783,0.3375432177159411,0.5095316230431463,0.423946180411992,0.3745565360203085,0.3488102150757628,0.31411679504489715,0.3274885052985405,0.332676633126282,0.4206153318918682,0.34251539473188797,0.3455601185127587,0.32678238905062457,0.39293802023079366,0.334760549908239,0.26805986447566493,0.41668777766914655,0.41071253615928466,0.37796334238077756,0.0,0.4037380818125077,0.4157104081547725,0.33645551463691115,0.1761916496270912,0.010688728694607736,0.33469209141104045,0.36646114790119405,0.3717510983626553,0.35291321544720844,0.42920089209448076,0.12314053247257002,0.33806351964311093,0.3725053302956722,0.33012088044799887,0.0,0.35035500541805087,0.4104133853003423,0.3969603630872234,0.14153298238525605,0.3509536630065043,0.04869737332827366,0.37152175423741396,0.04746658728735174,0.3238534179793371
ig_lora,APOC1,0.0,0.32182742947032084,0.0701193836770922,0.4106860669169703,0.3634135285438755,0.5505557389349008,0.20836892073252974,0.06092750813931934,0.45710524056521823,0.31950165006014164,0.03585891655325978,0.31331442442147567,0.2994171260634104,0.45554827986018886,0.4290732870319879,0.3878663664944369,0.0,0.429686899984421,0.3399455638319418,0.3944476959206676,0.10473298419787387,0.35210408818173144,0.0,0.4096693627529015,0.12416939836398598,0.335343973743032,0.0,0.37759744239373405,0.41234111499562853,0.07468447001746499,0.34753100334605036,0.0927940475766936,0.35676965218332196,0.3044273437197318,0.43879613683792096,0.2979178860853714,0.05230321926959386,0.2134648373844289,0.42464060014050464,0.3655862917980245,0.30790146027605275,0.39086371321407526,0.33474160106855677,0.11941436872556116,0.07458982996968597,0.32393764295263194,0.3563902180150447,0.3912073639088853,0.0,0.47267921138096164,0.41416957793713643,0.21986380352276932,0.4516345902744885,0.3739171082955228,0.356017584027233,0.0,0.3274130059149868,0.4085753817792087,0.0,0.0,0.3494412177778253,0.33853527250898363,0.3435511288867266,0.34334228675362544,0.3600906909855096,0.2857739934682471,0.2697574865232386,0.3619504152212009,0.29919722609249366,0.4054066029202909,0.3751065658671175,0.0,0.33995972642419353,0.4001753043371415,0.2966006148710503,0.0,0.07869097895298251,0.49558768368449146,0.49558768368449146,0.35699710517702166,0.4477966448469973,0.2387104607067087,0.3829532820825793,0.0,0.3739109001311622,0.0,0.4233815092714488,0.4308768037283332,0.0,0.3920521077881383,0.3745122561503037,0.0,0.3736490753615924,0.2124579873714154,0.3837907611560557,0.051935297320099535,0.0,0.3386339925239346,0.3485947028985727,0.43376593842092304,0.41032507041203203,0.4594481821781327,0.39932590219922953,0.34101575200185325,0.33045737170255535,0.38539632060084716,0.4215904691160365,0.017622036374364894,0.34703832791607514,0.3741548027387848,0.08497329986898466,0.3920066214811745,0.40662760327696257,0.4373025173025127,0.442580446310556,0.47427440586909625,0.0625950968944179,0.3689723874476117,0.07487761726735881,0.29836504086628235,0.42859068046339255,0.3381399092515604,0.36206337059074706,0.4279979665974443,0.3803869205334986,0.41231085348860114,0.38607122072897443,0.37992771042342005,0.36171584335508544,0.31793411200719396,0.3663817799883772,0.0,0.12176691192113531,0.3479568709411423,0.3801665391202844,0.4645677698718063,0.47234134942671174,0.3182421275266718,0.0,0.3828580370380372,0.0,0.35270863427281535,0.45067927793893375,0.47544554234253245,0.3515199634889342,0.3113644478574179,0.3564177421840772,0.26349421752664176,0.37201815428854434,0.4296595721980694,0.3709622106047443,0.4252855375362587,0.32211218118645923,0.4094783688519207,0.37678447030888157,0.2652220476316707,0.43535473725663876,0.490985618823751,0.4729549092467332,0.0,0.4675702336468824,0.47829602984550623,0.3833871782474073,0.10114209223932678,0.0,0.4226290423705784,0.34517976905032516,0.45179078369088244,0.3391041079756559,0.40729014739452457,0.06690665316661426,0.40818393870689296,0.41341778323238637,0.34602768992474264,0.0,0.4649005495685639,0.4210174521073018,0.4350161596408414,0.08557192673006245,0.4390852932235927,0.08870083346096065,0.3621375263042075,0.0881500823369159,0.3946044933365264
ig_lora,CD83,0.0,0.14070848282464418,0.016974305561963585,0.409809657711431,0.2771435672224501,0.22093715006985148,0.060972616581663974,0.014459214940860752,0.4498366061153433,0.2741554582410115,0.026682124835257275,0.1503595239744116,0.18555418678508934,0.44393600592913574,0.2662821934526697,0.5048012760001301,0.0,0.43639806199754505,0.16165897172316188,0.3360847292716894,0.023115017172533715,0.24384324544219022,0.0,0.34413422873560645,0.045643671057946235,0.25550713331950237,0.0,0.3857144627425564,0.50480127600013,0.02509678503959505,0.25757185043775993,0.029237218754788078,0.2574922516961897,0.1867533975355856,0.4041878769207636,0.22622382243349043,0.00875476952592418,0.043375759761417144,0.4550652118046919,0.34940164479461006,0.09954297331581323,0.4093521497484865,0.1700840815134835,0.058026250473808945,0.018034558931952067,0.28298254124286193,0.3292182234783457,0.5048012760001301,0.0,0.43268680800011156,0.17352051488386733,0.07623915645519001,0.49639650692253995,0.35158149061312793,0.23365470204045116,0.0,0.17044965099781625,0.2409631501368749,0.0,0.0,0.2560662309225051,0.14737691337951167,0.18004600099761525,0.257555474799619,0.30906656975954283,0.12943739150742473,0.12581963649758351,0.297294735085024,0.07277513916973036,0.5048012760001301,0.36764838404548067,0.0,0.23684144336415114,0.5048012760001301,0.11956964545620004,0.0,0.04378157264151965,0.21634340400005578,0.21634340400005578,0.2696123588433475,0.4958106308784419,0.12847282452898545,0.4009986558779879,0.0,0.36709300606912576,0.0,0.4034693432849152,0.4667093203829686,0.0,0.38570834515165836,0.19285223887206396,0.0,0.36465594570148246,0.04809027176297869,0.2582149362181387,0.050814962974086594,0.0,0.23046503696592704,0.3197074748000823,0.47599668742659323,0.47576410478469,0.36184408263362483,0.3505035312449184,0.23550556290795557,0.1875699606994303,0.2503682005529939,0.2773353000006447,0.010418450192281483,0.21634340400005578,0.18236662177027735,0.013187199377280622,0.3051757264143056,0.34808030754765795,0.435989043302217,0.4670642993304584,0.4408050377622846,0.013471253120467585,0.3454815252541612,0.03307909617517364,0.08993533921663002,0.43628716702417203,0.1893004785000488,0.32123717563644644,0.28876578319421764,0.23952506215335528,0.3538533693214436,0.4155867417077488,0.2952638141719476,0.13414650353752863,0.23140577102683912,0.21419382593149877,0.0,0.07649656603161199,0.3233349366735019,0.39262321466676786,0.46674934678955726,0.35336089320009106,0.21191585226292836,0.0,0.38740563041870446,0.0,0.29430926877387514,0.4036768599794676,0.4979878892528857,0.32278167590917484,0.16702482291238147,0.25240063800006507,0.1838412200383561,0.1623486236210137,0.2989206890219801,0.3640332464422087,0.50480127600013,0.12060868116467965,0.43783328000745053,0.3786009570000976,0.09674003486176173,0.3051329322001812,0.4809913968143441,0.31944361670590027,0.0,0.4503701169293767,0.50480127600013,0.3888217908848217,0.05289993180643518,0.0,0.4063880772299838,0.1411660145527385,0.50480127600013,0.21012352069064105,0.42673794201533666,0.011246948705175551,0.39167775721599984,0.17506353399006072,0.32747486158859673,0.0,0.3365341840000868,0.24433784923195384,0.2572915092770079,0.026595201397735007,0.4562018191800853,0.04421305469485282,0.27926282857728785,0.05516649307638165,0.3254012572044295
ig_lora,ATP6V0D2,0.0,0.2927280089620054,0.03780335948744549,0.42096421393801403,0.3425127768983407,0.29857224120224235,0.09847884154142317,0.031872296394282934,0.4524025885958671,0.3320742183891163,0.03942792000729135,0.26777467752921535,0.30996370439158993,0.45859360108962877,0.3451275278516991,0.4782327877895969,0.0,0.4497992017257548,0.45137096038766494,0.3604698789567441,0.038442022568589876,0.40343138513466437,0.0,0.3890444783058727,0.1278022789622494,0.36437916478481214,0.0,0.4557438495486088,0.4867726590001254,0.10582172033000709,0.39029760170690575,0.06857330730793125,0.359025872662746,0.31772381980508785,0.42291691267109804,0.3052725820548125,0.024404878896468987,0.1707462594617741,0.4595417618220285,0.40295820758618267,0.21912960465479203,0.4349117683491407,0.32655743105497426,0.1559492438974884,0.03357437156104481,0.31091188509713863,0.3883086738462539,0.4795612122001235,0.0,0.460905512869684,0.31054025493701226,0.1343149346936649,0.4909505514702063,0.3594629290349575,0.3319506996649314,0.0,0.2654462142142259,0.3736991764873018,0.0,0.0,0.3950646087321798,0.2845871377460844,0.2638189139269029,0.38081017277133494,0.41010326298451455,0.2912321231510469,0.2683556610114454,0.4196992298085704,0.22905847851817585,0.4846092249601249,0.44445042928521966,0.0,0.3769361117410227,0.48285339443490705,0.30819980587962503,0.0,0.05253788716982357,0.3950618681740148,0.3950618681740148,0.3453849495063333,0.4899888412969399,0.2095971472868999,0.44381497609851167,0.0,0.42775482902969497,0.0,0.40636936834320947,0.46837074917462657,0.0,0.3931986425718478,0.31091495776808836,0.0,0.43148379219295285,0.09058172630723912,0.41460494351412647,0.06097795556890392,0.0,0.31311564438182315,0.37311398660879175,0.4752393105503253,0.47450765051740595,0.4158596528719264,0.4260405558635052,0.3293049545304079,0.36337379796139435,0.3824470128179587,0.37845318193585875,0.019024996003296626,0.3950618681740148,0.2931797930006943,0.029803105947128195,0.4172260396381831,0.42818967631723487,0.44353580845622304,0.4695390580983238,0.4469852584266346,0.03623302563436109,0.42410901509782933,0.04502274838302242,0.2602979423426264,0.45271562445792746,0.3786009570000975,0.4113195582223282,0.3707593001079529,0.3354127069110031,0.44068815254230054,0.45107255988767064,0.38425750521103474,0.26332924361851656,0.33598757652879924,0.30054628270437317,0.18191414796689773,0.08172010571242634,0.3694630165432311,0.5186923473962876,0.4685125602025918,0.42713954123087927,0.4486169345754512,0.24479131644198063,0.5093257148929705,0.17436255877578863,0.4116314648382888,0.4075555686217341,0.49538402683154215,0.37877033464069004,0.33034555535917637,0.4130192258182882,0.26101721369482694,0.33388107748534923,0.36231360074130436,0.40665488539163824,0.4903783824001263,0.2162405496624267,0.44873110038981096,0.513007421548407,0.15164724873736332,0.3798521606668215,0.47931783993559335,0.3988281738900147,0.0,0.45637171150530986,0.501062007289018,0.4133830724456363,0.10815597526690617,0.048670784070635825,0.4420484073740575,0.5252805712228468,0.4963879214001279,0.3785252330487088,0.43818735844236073,0.2794490834207003,0.42068164665035435,0.3241573651200913,0.36228712061224455,0.0,0.43596473836374866,0.3624866734993954,0.407524334997435,0.08447887502809943,0.4624015926600986,0.05094195780336273,0.3588477999302454,0.05481487125679596,0.40697363736757014
ig_lora,SNCG,0.0,0.19105575618541892,0.09536818561399216,0.4072232698080486,0.2619062833033324,0.25388081543671653,0.046792173906791204,0.06298875973497367,0.44608589007371435,0.26165307143558164,0.022770024670398674,0.16502683524561995,0.1623354684321481,0.41346143809090036,0.24752861324452485,0.34227024752954155,0.0,0.45685144038557846,0.19508470201479575,0.3392649916076456,0.10532745457262441,0.17418709038336652,0.0,0.32788112588854756,0.03143838612782601,0.22503256548126704,0.0,0.26381619138961493,0.4641685188824829,0.09523490613282529,0.20881254189658333,0.06611700910911603,0.2620407037228925,0.16109060356654528,0.39284850284142014,0.21188284933314439,0.04125374486067939,0.054519571273951815,0.4451143325105742,0.3261829264416688,0.12659234597031685,0.389035771189663,0.17554222394552685,0.11174072524491119,0.06989684373628235,0.28551307256394537,0.3080185241126167,0.3829030046471887,0.0,0.3630306529412879,0.147857720914827,0.061562750859147815,0.4870197168184675,0.3541970815854307,0.24388685042570146,0.0,0.23218814455563114,0.20033039301922773,0.0,0.0,0.2018892214323089,0.17401464148528029,0.20382304998658113,0.21692271768197183,0.2603072612183662,0.10234888676232662,0.10461993713185457,0.22763858002620035,0.07981891354024255,0.45062426650993387,0.28638286981018635,0.0,0.19251479923580875,0.4351451209413065,0.08474156792678819,0.0,0.1758560682145416,0.14668724894123208,0.14668724894123208,0.2718343629221505,0.48521078119557737,0.13948618212254188,0.3566720117496455,0.0,0.32646024895147857,0.0,0.4074318978229899,0.45633499941676076,0.0,0.3855846498600609,0.22606377288330856,0.0,0.3158966371603059,0.11449820043722339,0.25978181975747,0.037805637738929115,0.0,0.2380566309291773,0.3034543719530235,0.46438732825012263,0.4452895369464547,0.3331621364329327,0.3326198744674665,0.2527684633251531,0.13881065215825372,0.3264448901903556,0.3237590286680954,0.008532831480279708,0.14668724894123208,0.17300819904230463,0.0708507352447011,0.31540974347438694,0.41171304031042844,0.42824947051790324,0.49092657411649737,0.45009593354456867,0.05410955945062819,0.29672221671298465,0.11147297622720222,0.137765248909366,0.46492189676741874,0.12835134282357807,0.27691053150810413,0.3073247251523442,0.2755470045048752,0.44930246846559924,0.3668274331665722,0.331057226351006,0.1665736870955173,0.2081870526738979,0.23473061467409742,0.0,0.06756820508507078,0.30979068430095286,0.3384462051765717,0.4554099727102139,0.3046015846589145,0.18323390606223627,0.0,0.376066256339361,0.0,0.2914302253003371,0.42860823161584005,0.4944026459777992,0.3047226727457761,0.13219674538296963,0.17113512376477077,0.1727595590062705,0.17367635166707598,0.28150665025727417,0.3445295230257381,0.4791384820310897,0.12608169076609266,0.4242890276349015,0.25670268564715615,0.17885937717793407,0.30922653902421376,0.4725846194796585,0.34087898540219963,0.0,0.4395347150313374,0.5007038551143168,0.37631940407939185,0.04066925214163954,0.0,0.4832704202084456,0.12847545548384862,0.4937196149680444,0.15594651120044487,0.416787062721219,0.060116261146994435,0.41142584669410104,0.22583559579185902,0.3179142128550327,0.0,0.25526866976479246,0.2118316435378361,0.18763535421818417,0.018441414954537917,0.4766551975681187,0.20010461465775922,0.3041625935714155,0.3099466032454745,0.3694546875786552
ig_lora,TPD52L1,0.0,0.2889501155521967,0.037876731241035126,0.44973330563253267,0.3397580629536885,0.2960294283302557,0.10055099054460759,0.031929803984934266,0.4514969292168033,0.32967010440105626,0.0396571996386265,0.26476953504414025,0.3063900214363654,0.45446153017265056,0.3419792833435252,0.47127351045573873,0.0,0.44679405924067966,0.2964714529200523,0.41799497281376036,0.03850650077628986,0.3976824169023469,0.0,0.38616999418971387,0.20096850532337568,0.3602470938678339,0.0,0.4491325360814436,0.4820502922378645,0.03624761705509029,0.38521197596293255,0.07027320839332717,0.35513686474088413,0.31394592639527924,0.4206757894618895,0.3026280566679464,0.02445015082953493,0.1682976248443055,0.4575075115244392,0.3993845246309583,0.2164850792679259,0.43160611161555806,0.3879506347034928,0.07778346770936673,0.03384262418938734,0.3349301176127459,0.384918256683605,0.4729498987329583,0.0,0.4551565446373663,0.30676236152720354,0.13574904587324532,0.4890060475092754,0.3729559872345458,0.32856028250228264,0.0,0.32291480612746376,0.3689768097250409,0.0,0.0,0.4403377134359394,0.28110749907915533,0.3568206912568433,0.3760878060090741,0.4050176372405413,0.28734311522918504,0.2649652438487966,0.4139502615762528,0.27914845548768885,0.4793201741863926,0.43844014431506956,0.0,0.3720388425060855,0.47710442620258936,0.3766561077379595,0.0,0.05264427621252854,0.3893128999416972,0.3893128999416972,0.3423099199867216,0.4878561595333383,0.20765264332596894,0.5523667608235167,0.0,0.4230324622674341,0.0,0.4492578378975473,0.4662719195025106,0.0,0.44160061917118093,0.3074353191011593,0.0,0.42639816644897965,0.15826522579525182,0.40859465854397625,0.06085246791699659,0.0,0.3103023195021784,0.370239502492633,0.47295954728578554,0.4703755796004277,0.41185279622515963,0.4992401448290465,0.3074997563222959,0.3582881722174211,0.37754974358302146,0.3741878184086554,0.019487492065264518,0.3893128999416972,0.2900315484925204,0.02985630046848068,0.4117166117488788,0.4229006255435027,0.4418620582113711,0.4662334013647412,0.44541113617254763,0.03630639738795072,0.5248008360286444,0.04509612013661206,0.2566249904164235,0.44904267253172464,0.3730915291107932,0.40642228898739097,0.36708634818174996,0.33202228974835424,0.4346778675721504,0.44598693414369744,0.3801254342940565,0.26018099911034265,0.3324138935735748,0.3603473921442093,0.0,0.08361336410516483,0.36692020367124445,0.43893607210638225,0.537115668785565,0.42205391548690596,0.33461704118570995,0.0,0.408444660655304,0.0,0.34396098823345045,0.47894211259953595,0.49451411716480986,0.48351409389269784,0.4260273304629142,0.407008940848138,0.2835157103885216,0.3293215509562698,0.35930845825622926,0.4034298544320454,0.48660048899031766,0.21399942645321815,0.4461882875178243,0.4477098349329518,0.28052620252010274,0.45257403133907675,0.47753099845798114,0.3945628103628113,0.0,0.45420406774558353,0.5000825534420305,0.4109789584575762,0.19383165824418308,0.0,0.43764086506261396,0.2935523862531747,0.4941841502444061,0.46067279527871013,0.49318076053086024,0.029139462920603328,0.41774328510939207,0.32002529420311304,0.3603135942041355,0.0,0.42995445339359845,0.35822130997219204,0.40177536676511744,0.15503531983291574,0.45939645017502345,0.051027069037526705,0.46545803453195844,0.05492126029950093,0.40241411083849066
ig_lora,ID2,0.0,0.345019091195429,0.043001891229499274,0.417260364317289,0.4440293358499406,0.3888868377848304,0.15628276726889442,0.039105807820791136,0.4575491101039722,0.358174619122754,0.09686275169960869,0.32382224899078604,0.35297638323166447,0.43315735240162606,0.43127460050434474,0.4340241547354089,0.0,0.4320530471617014,0.34827210891663457,0.4294192709485628,0.04300636352647625,0.5024210697916625,0.0,0.44186872634974605,0.15237754007665003,0.384530546566882,0.0,0.4259127521000974,0.44500681148338284,0.035274253054735506,0.3987231831859329,0.08020720983647683,0.3810568794463447,0.3584783739570888,0.4438539874443616,0.3430548714596665,0.033608356695306235,0.25477450744010116,0.44264184349962676,0.40433155663763365,0.33612453464528935,0.422531876399976,0.4049097895172642,0.07904614670626614,0.03612778445909315,0.34333999112126223,0.3960115781744434,0.4354396971607033,0.0,0.4636761855559345,0.42509951174362165,0.20129760824445705,0.4649530419796605,0.37563605154256313,0.36415707102847855,0.0,0.33581053839411357,0.42697134388161284,0.0,0.0,0.4252109724398278,0.33816282129976327,0.3560392637388703,0.39385250778672537,0.40791866877910843,0.34504145001825454,0.328212049180856,0.4119592999930153,0.3247083704822942,0.4417452952370148,0.422282116505914,0.0,0.392246239141058,0.4393658242648218,0.3818148476897738,0.0,0.049831438016020184,0.48568071140173763,0.48568071140173763,0.37030566360006884,0.46260944320046704,0.3292084014397635,0.4499280884150438,0.0,0.41651544529076123,0.0,0.4227549823089665,0.4482593313121953,0.0,0.3949719206219734,0.3528754266061772,0.0,0.4641530902127532,0.19671601450749737,0.4096551802181438,0.057644463648759574,0.0,0.34931423246725174,0.38610531576364626,0.4516436434767223,0.44137105533209164,0.4566480677559521,0.41531812618721126,0.3456231414297912,0.4588494301887745,0.39485666596697505,0.3920132664597429,0.019967680366619108,0.40126761475537803,0.4457466959336329,0.037613405646995224,0.41100343639535347,0.41610004585388305,0.46225694060654154,0.4423188991137949,0.43620633615675436,0.04223003221696626,0.4144213394031474,0.06478062332757639,0.3884372574365045,0.43149277415936493,0.3938367330006488,0.408533134842729,0.4092160163450283,0.36611385773277993,0.4206903840377559,0.4269401280555738,0.45617518391056605,0.3433437570397675,0.41989352446704997,0.36972129823037825,0.0,0.10436265346715543,0.41393546516026325,0.42338888520064644,0.4474494569211866,0.4601282496694295,0.37071982924610203,0.0,0.4091148523824599,0.0,0.4063417245727655,0.4227024200291708,0.48065457523311594,0.4410609602196314,0.4053734392155814,0.4089842996545199,0.43230455784814836,0.37056460781538686,0.399050654428404,0.4063888861280262,0.4514462153544172,0.36406853803750966,0.433107046759791,0.4253436716407007,0.22383625758327821,0.41218791917458014,0.4711465868918329,0.4244819388870028,0.0,0.4624918984842529,0.48378261574575826,0.4107862305710905,0.14842088478111065,0.0,0.4240368805875736,0.348340125249749,0.46626706553378183,0.45054782159000073,0.4508358924849043,0.037320658412376355,0.439587992522766,0.36377090803025186,0.3758144092273513,0.0,0.4583671112495692,0.4340100825512904,0.44769416497798503,0.1320675900122879,0.4395463606902302,0.07186920460171779,0.4584556263764861,0.05074223165080914,0.4274820211575949
ig_lora,SPP1,0.0,0.3352340363264495,0.09279037328705494,0.41515788688445593,0.35485438411415987,0.4128885611065513,0.2452730887240084,0.07630673716595768,0.4793844723043174,0.31853190312869617,0.03796661291309873,0.3079524928909921,0.3438941863927461,0.4253075315694601,0.5226017497998621,0.4225996062756964,0.0,0.4631002329264466,0.3509805594910951,0.3802402640596664,0.14240049382265446,0.3649880856984717,0.0,0.3975465838792139,0.12056104235171304,0.3391686183764848,0.0,0.4054628417841373,0.44646460716343517,0.07499511482559475,0.3571898625669838,0.10578417915829981,0.36925834451400075,0.2981868964010805,0.5090946250054346,0.3090253534373187,0.06173939244791063,0.19289282302490934,0.4423673954190417,0.37800555126879354,0.30236664381066597,0.4266896943163194,0.3405576305643784,0.13779423631217064,0.08586034051469187,0.3222875518043685,0.3655906345254019,0.42617359191588916,0.0,0.4699706841723372,0.5235045569640392,0.347729191791684,0.4731747305639016,0.3970665588722165,0.36078303841508297,0.0,0.3434137142122974,0.508262427163008,0.0,0.0,0.36026369958455273,0.3412405760251793,0.3376434210443711,0.3771675053072273,0.4031790573973809,0.31756212267368794,0.3015726020251305,0.4108688504816841,0.26146438940126854,0.44021424978807505,0.4444961236023848,0.0,0.34626811290235315,0.43524601700253235,0.28656856201368885,0.0,0.10456022905744333,0.4456914019772164,0.4456914019772164,0.36029330711268476,0.4706165620072809,0.22855143784674606,0.40645909082409326,0.0,0.393158180093369,0.0,0.4239187811222016,0.4502746298191584,0.0,0.39721933316190433,0.3652945767080033,0.0,0.3941154126579226,0.24821778352882687,0.4053558285506735,0.05703445904779741,0.0,0.338464912248937,0.35457166845035515,0.4680488951423776,0.47569076732836474,0.47492425770235275,0.4992517517543192,0.3901648128775049,0.3330512798985943,0.4309454862184336,0.4116890191362002,0.01870188761771668,0.3575842822332816,0.30908202842697985,0.10011035585420126,0.4247816306592984,0.45283171355502316,0.4690813400579132,0.4827001952451797,0.4570753353000584,0.07515266463503739,0.38750354353815664,0.09933294447367154,0.3042086920787036,0.5006787749222553,0.34434041992834524,0.37721321473552805,0.4242855003013524,0.4093182231828843,0.4667874171016155,0.41167775610835927,0.40773674966751106,0.3557312670154685,0.3160577175407138,0.3235413316139793,0.0,0.17812415334825576,0.35314264055110905,0.40415701578806573,0.4492420874518693,0.47835594290507427,0.3162599166259643,0.0,0.39421338093660035,0.0,0.34833544762083335,0.43336212625248544,0.48715574482875734,0.358649842600275,0.30670106154055365,0.3718876535226128,0.27184071208929195,0.3804287376548592,0.4060251211155849,0.3837186061618215,0.45721083563335274,0.28627377514617597,0.44789051805297014,0.4042257103506661,0.24752533142627808,0.40777857784872634,0.4734194311806101,0.4414796491755699,0.0,0.5010158311085943,0.49169666198608986,0.39563512680298235,0.1256315060516047,0.0,0.470432278546694,0.28964328288755314,0.4760959310169945,0.3454963998671679,0.4419272228359173,0.0835228778404023,0.43552542022657753,0.3647294195639105,0.34977150644404803,0.0,0.4625630924991755,0.5397679714259278,0.5359259718827509,0.08096545325752506,0.474898215928811,0.13090751643782217,0.3802288159259368,0.12909964979068514,0.4305244236021659
ig_lora,TNFRSF11B,0.0,0.17146379787738764,0.0511324420206625,0.4027521289135844,0.3010158121584998,0.301530562858665,0.31826968804032024,0.038089162232152474,0.4542809048186567,0.2607871169615866,0.023398243621192014,0.19745952635987485,0.17673684321742594,0.3812379626407472,0.5541135237626182,0.2908838551355947,0.0,0.41606741011838855,0.2079464806920334,0.3505637090443073,0.11441717401133031,0.2026078069131004,0.0,0.35937583111662713,0.048110670028352336,0.23049486455304055,0.0,0.25808012611487474,0.4112124043718958,0.10061197677496433,0.3724999429166437,0.05307854728760606,0.25248532403336754,0.5203169178945494,0.39885513163815245,0.22976323462670858,0.029522581713874667,0.06476842215277413,0.43056563276186177,0.3143687079454233,0.16911461154180737,0.3695083839968732,0.18268830636341699,0.12797093348145927,0.08099907914226066,0.28946217061851826,0.29977045547965636,0.3176235327436616,0.0,0.4507484942149645,0.5494487233361091,0.392911301000969,0.4702571699628723,0.35806624522904396,0.26424119856816614,0.0,0.2295161412921508,0.5118825510585211,0.5712373685048264,0.0,0.21741378740394757,0.21919670093861873,0.23814777819859942,0.3495727665548385,0.3287718971579149,0.1971451255491967,0.2365447374590005,0.23662239123126733,0.10775953341947687,0.38961497245768795,0.2727673462221657,0.0,0.4069858717337825,0.36867200817724394,0.12198656635197629,0.0,0.31597723087094975,0.3933610999355881,0.3933610999355881,0.2803807724309075,0.466581443567142,0.1388499689886503,0.3288512248404426,0.0,0.3079312019236426,0.0,0.4153597032069295,0.44033571011663325,0.0,0.38497567069741656,0.2652644300907338,0.0,0.29773875821168555,0.26614459072105046,0.24228684817191848,0.03581751771263603,0.0,0.25442486743868137,0.29744139417503657,0.44594878325794973,0.40670044172519065,0.4330352999684183,0.32969457064801827,0.26106330415885837,0.1712487689245054,0.2684921026631353,0.35733312280622964,0.3724114364149828,0.18510790781356026,0.22544766636322475,0.08269194543651626,0.2801018674597597,0.32521031967585345,0.4299123346287898,0.43944837756386335,0.45328371733392214,0.03814806135043012,0.28404274360645604,0.06344787013664666,0.12787137341017818,0.40919811368085895,0.1696822488290969,0.27035947266331223,0.35840505621059665,0.30956474727179506,0.3218131603785835,0.33411789821616145,0.29096162073041676,0.24096819059256738,0.21525217398049576,0.2941814020679451,0.0,0.2318023401275507,0.304046021954871,0.3119532376884372,0.4381277674446752,0.4722369994379282,0.19639774506755026,0.0,0.36553670778623537,0.0,0.2958385732300459,0.41831264567370313,0.48748668640243736,0.2979641421773062,0.15889614881789516,0.2036186985949163,0.2039119023010791,0.23521159123855473,0.3109277670191922,0.33181428686220654,0.43969597399788013,0.20703401716957257,0.4070945309554248,0.2545233732436454,0.20774189977929813,0.3248117882423493,0.470843416915981,0.3500749696816923,0.4221755314588679,0.46337516013074903,0.49262711383710767,0.36478681401062374,0.23370394270376957,0.0,0.385586288754298,0.19010181072871363,0.4736049854573852,0.1856072957049648,0.4043762701264202,0.04766376847652789,0.37738382870064147,0.20314869156245177,0.31314547452667646,0.0,0.43030729603632273,0.4646816728744267,0.47208097132104265,0.02958919044107532,0.43339569765311126,0.0939767556887626,0.27844653500499245,0.10865643929390781,0.31324869008910333
ig_lora,INA,0.0,0.19249879828403296,0.02440681539280909,0.4007196470886503,0.3970527122332207,0.23813054051171142,0.06956362629793289,0.020535195334535863,0.4420490230072122,0.2811929627957468,0.028744632298370883,0.18705758475789377,0.3418595923948258,0.40112426978611754,0.27786304146382534,0.3671282007273673,0.0,0.4095320032203309,0.205613779087996,0.33407654080616667,0.027393297715061497,0.2820606065397321,0.0,0.3381061379491801,0.07745592664378755,0.27550502137969535,0.0,0.33890535258090626,0.4290810846001105,0.025740292348302607,0.34617626493411857,0.16049368810456818,0.27534103502046403,0.22490077530284355,0.3902761781881075,0.24322896054141246,0.014442948878131126,0.09070185328118481,0.43547722383211496,0.3400496869202573,0.14067779696995952,0.3858893116863852,0.2206638088131697,0.058707498186200656,0.02284490443011494,0.28555824470878033,0.325678242580729,0.3786009570000976,0.0,0.3701876024000954,0.21558874677015294,0.09317596543911963,0.47227707899954546,0.3503737686679214,0.25477627506229117,0.0,0.1974359108121911,0.27077820908215744,0.0,0.0,0.32789529370444515,0.1922099491449969,0.2026218004146929,0.2807336038798039,0.3119262265331154,0.18668767027439598,0.2874561902066932,0.3070046350397212,0.1316177230073912,0.41571869788246,0.3378497631623953,0.0,0.2699611714213848,0.40384102080010403,0.19081733710852047,0.0,0.03891695345912857,0.26922734720006936,0.26922734720006936,0.28010114482202947,0.4690980629705366,0.15340988759179822,0.36499955761360614,0.0,0.34645612264150794,0.0,0.4016026367430619,0.44471535341818497,0.0,0.3825705776588505,0.2255585211728686,0.0,0.3428092131675264,0.061575445433039035,0.36627899505089145,0.1399957781700781,0.0,0.24790826989601,0.31882185852639794,0.4503173450383513,0.42234300235648714,0.3470142313908909,0.3349467606916574,0.2503883972506767,0.2444281103886085,0.27779245189913593,0.2906102556526226,0.012965182461505844,0.26922734720006936,0.21369231017729,0.019011560499943726,0.31033826195719344,0.3327487734076218,0.42241290293014533,0.42917342387286417,0.4276151177346843,0.02223825911950204,0.332156757363459,0.03437644767717722,0.1543826130119018,0.4017767757315746,0.252400638000065,0.31882185852639794,0.2964043587101787,0.2591317035331555,0.3319376139949508,0.3711040998376743,0.3020094752813255,0.17681810211695279,0.25460439901945764,0.2344552202452153,0.0,0.06705766336038577,0.32191054773287997,0.35633031247068003,0.443024084155914,0.3365341840000867,0.2450630347388173,0.0,0.37612644094127334,0.0,0.29791633749322943,0.40114851410192254,0.51210863330108,0.3211174751299534,0.22101608639881778,0.2884578720000743,0.20409653964785227,0.22069230890827754,0.3026051575726692,0.3522678042744202,0.44871224533344894,0.15117999353101716,0.41559101046065616,0.33653418400008667,0.10997179451894286,0.3080951794287241,0.4609319302307971,0.3180722013299632,0.0,0.4300124838079736,0.49287683640957575,0.3763416217980574,0.07163276118046362,0.0,0.37333815732820114,0.19480748622884397,0.47567812546166094,0.25971282742449525,0.4760160387191366,0.01775990229556458,0.37520706322336883,0.22187595516006756,0.32585125967828954,0.0,0.32451510600008365,0.269090179064346,0.28833646299598037,0.049098833349664625,0.42493492547341777,0.040576155482184684,0.2886145624928475,0.042711926937415906,0.32162965350753486
ig_lora,SLC11A1,0.0,0.02160281260357374,0.002878074979227582,0.12995962811563314,0.06694038979308514,0.05259024494553186,0.010854348443279278,0.003503367811535415,0.1294390808989626,0.06128141169767137,0.004235438765152595,0.02879382760299284,0.03990116958508225,0.06984254579878044,0.05446124943322045,0.01877308333957765,0.0,0.08859309036090261,0.5072327907156593,0.14615400438133205,0.005491050361596068,0.021686861492337367,0.0,0.07599521395365262,0.05467076633139658,0.03806425434713647,0.0,0.0187376902416233,0.06751089585578886,0.49792933216337454,0.028015571333222373,0.006439839058934588,0.04135894895360364,0.029357316347123023,0.10029358910919026,0.04829317612579292,0.002639425578970405,0.007621232543413837,0.11295165303289322,0.06415862441497769,0.024077410645375923,0.08317560405551362,0.06952206078965383,0.01557835386466385,0.0029497691927419575,0.09855275879529796,0.060378295065128124,0.026595201397735007,0.0,0.03799314485390715,0.03013770800039774,0.017736369354272634,0.12132324442446693,0.11963158937250216,0.044427046617257895,0.0,0.088246483824203,0.03416228844408924,0.0,0.0,0.08494931418231418,0.025360454741001372,0.14425572258337163,0.03237101164916876,0.035068595953266155,0.021904057122414933,0.02446998744945348,0.024881137433598464,0.05630913255741541,0.05550302900396871,0.03060277499640494,0.0,0.027941963360222543,0.04559177382468858,0.07543721499583685,0.0,0.0029928913520739287,0.015197257941562861,0.015197257941562861,0.05371501837186407,0.11811200227966956,0.03196235357304367,0.14701955161820138,0.0,0.05308710554525688,0.0,0.1653219934791947,0.11156155553947901,0.0,0.1643824908792789,0.03404717158359945,0.0,0.04306396206612622,0.0859962294489096,0.01698466986268357,0.003197079188257222,0.0,0.05081941143673923,0.06527913070353138,0.11165404216048434,0.07520951552023572,0.05877915218164275,0.09764321093924176,0.05752143884976849,0.02173681181903055,0.029790662827163993,0.0409736192077345,0.0015579517049043035,0.015197257941562861,0.03882188302356033,0.0038634889089096043,0.03374774304397758,0.036896871487066496,0.11393183122466877,0.08952019416802869,0.11449717699208313,0.001995260901382619,0.12226904247767904,0.007358582483951326,0.013666576523136789,0.07724117307795209,0.014506473489673639,0.038297090012738406,0.05114751326563366,0.04685852219357898,0.026474281371485477,0.048779222629517054,0.04568929336928688,0.031554752144716924,0.041210412068106175,0.10733459704225265,0.6489712774699422,0.019007395521102467,0.072619699072246,0.5297942777809025,0.16828715456225624,0.03989280209660251,0.43272175880610875,0.7438463496441454,0.40901728353344774,0.6140602267205645,0.0672976206003195,0.19202533700695065,0.1418945523368892,0.17355302307688525,0.11600530835779829,0.015957120838641002,0.07278350615292357,0.020010164589233288,0.06584238328367228,0.07292610405171289,0.08703884093804183,0.029402093139700394,0.09992688595413063,0.5498333793921522,0.134424040350222,0.11725463454329554,0.12093795238684701,0.04930697895850849,0.0,0.10629085854158962,0.14157445556087506,0.088747027347712,0.07951540143027636,0.43896163851941344,0.05954357229176937,0.603963828002317,0.11830279242440744,0.09774751433259525,0.1562460730616723,0.7037440074775774,0.08085011380262236,0.03279714699725497,0.08179369012442322,0.0,0.023935681257961507,0.041425175729986705,0.02344063170156658,0.06102096285928192,0.09298595655365581,0.007455799383762606,0.1640231346938376,0.0043171124688413725,0.04497605139997982
ig_lora,GPAT3,0.0,0.21522842245004384,0.294239986059025,0.18886807440766082,0.0,0.0,0.0,0.44283671252793533,0.0,0.17131499252548488,0.0,0.4173192895592075,0.0,0.0,0.0,0.0,0.46012853567747475,0.0664875154575168,0.0,0.15210975098745796,0.17352541344498237,0.0,0.0,0.0,0.42493908817128373,0.4796654012514889,0.0,0.0,0.0,0.0,0.0,0.0,0.17232092398336132,0.0,0.0,0.21010769498583257,0.20553365792754424,0.24914700142796628,0.0,0.0,0.34944216781024606,0.11555387950161762,0.0,0.14665944546873333,0.19568884908155082,0.23098741539132986,0.39475593340376164,0.0,0.0,0.0,0.0,0.0,0.0,0.12660574793095417,0.3431096805174566,0.27492006882248565,0.15877288390908106,0.0,0.0,0.0,0.0,0.41451671074801294,0.0,0.0,0.0,0.0,0.0,0.0,0.24104524405671224,0.0,0.0,0.0,0.0,0.0,0.25910603064308446,0.0,0.0,0.0,0.0,0.307194766131331,0.0,0.5141867401146863,0.0,0.0,0.0,0.0,0.07180988998085153,0.0,0.2814375541676465,0.0,0.14233004997330603,0.0,0.0,0.0,0.0,0.0,0.0,0.2939188592536796,0.43504744271456686,0.0,0.0,0.0,0.0,0.12961578958177125,0.0,0.0,0.15974281741575178,0.0,0.0,0.30226451331686893,0.24720571345951212,0.0,0.3842633263634475,0.0,0.0,0.0,0.30207079220977057,0.3392138567032614,0.34181351825998635,0.30427445337362186,0.0,0.30733444421005496,0.23813301806919637,0.16676294774490755,0.11493070764932316,0.0,0.0,0.0,0.1683781031642941,0.0,0.0,0.0,0.0,0.22716262727207762,0.0,0.0,0.0,0.0,0.0,0.0,0.0,0.1191093375844241,0.011484582661889653,0.0,0.15041182468219463,0.23688873224851023,0.5608099858798921,0.0,0.10815099032453332,0.0,0.0,0.0,0.40838292976762547,0.0,0.0,0.0,0.0,0.0,0.0,0.0,0.0,0.0,0.0,0.0,0.0,0.0,0.0,0.0,0.0,0.0,0.0,0.0,0.0,0.13368220418875362,0.0,0.0,0.0,0.0,0.7084869511754055,0.0,0.0,0.0,0.0,0.0
ig_lora,ETNPPL,0.0,0.5770217345210858,0.22821140356445907,0.4619623079923177,0.22795472622889995,0.22522546657934514,0.033416274967714946,0.2597337783860249,0.4270102114365207,0.33987397610569475,0.016103502250195953,0.3891236658659939,0.13993850336769895,0.3097659246380377,0.21045385459327595,0.15360439998090852,0.35623482338616586,0.5178338332504754,0.18886188704570273,0.3974505437859117,0.25367216623138533,0.12346734927885904,0.0,0.2796126225372132,0.3875678145708157,0.33780175698845794,0.0,0.14222709297990185,0.3199608149373819,0.08550838956858225,0.15278580448154672,0.045300962059210706,0.3099132867418755,0.13730595096095466,0.3480343775880306,0.3221176408234963,0.262757880808599,0.31622294755921576,0.3985684919685464,0.2628240968748395,0.3080923884535817,0.3585793709934192,0.13987257363973735,0.21954097103172296,0.21697803617807723,0.40144134348310545,0.3843701092311148,0.1855313887099287,0.0,0.2178891305578197,0.12763576748469901,0.049006043684555106,0.4378687886742504,0.41874886312751397,0.3849818795448846,0.17371183249929079,0.3143029383267979,0.15332620912901018,0.0,0.0,0.14538976563195255,0.3961509344509935,0.22170793411140083,0.1638055720739012,0.18307681584730134,0.0940605287576936,0.09718306037510385,0.15019309410027595,0.24425048171787778,0.2853032284881166,0.17134849816012146,0.0,0.14593866937857541,0.253946364557829,0.23968582186065723,0.0,0.06373288072164071,0.1097174285577918,0.1097174285577918,0.3939900648077842,0.43073451306069854,0.31826389594323823,0.24625696591480897,0.0,0.2329871707704318,0.0,0.44447342722358335,0.40661070795941145,0.1716505447957003,0.3765383851377668,0.31878790829387155,0.0,0.21577644875432467,0.07671672994498727,0.15354057949294886,0.020235613474051083,0.0,0.3708552787584994,0.39428593355158437,0.40843879681072676,0.3319072107984233,0.2572078990241799,0.24781208264911628,0.3170692202083935,0.1116082222825293,0.2075801545413756,0.33696063244125135,0.006123752368131887,0.1097174285577918,0.2937658091259623,0.25005186232445414,0.19782274724576093,0.3671546443724308,0.39269928428354806,0.3857469605161674,0.43287114594660747,0.3838023869419788,0.33059161773959195,0.1767122088054922,0.22234284579991226,0.35090207157606035,0.2799353974510888,0.3280019893038113,0.38125523582229054,0.35200828327318395,0.22090252369221927,0.24573574052271663,0.23794928777484134,0.2987554521273898,0.1743271915490113,0.21801911375765196,0.0,0.043734485796392164,0.3679382176115643,0.22220306898810036,0.40183724167519314,0.20913230022409446,0.15100873584493654,0.0,0.3336016455962597,0.0,0.3354801198389067,0.4069991055643092,0.47376218958182625,0.3414731682117674,0.2501937795465465,0.25927565907073485,0.15903242849992869,0.20451983348731434,0.23975484184068963,0.28507722915199724,0.3697255544542756,0.3442190732946039,0.3670613546994631,0.13964036361900775,0.14454799803603044,0.2455034830139109,0.42952524903139466,0.2510688959707275,0.0,0.3901595275698201,0.4769285080620966,0.33012369600688574,0.034205463770428,0.0,0.31550864484533825,0.12490156526500218,0.43593914344734147,0.11954699112652903,0.37378213090286055,0.04815313615621435,0.3363129875370607,0.16328500866550832,0.37026988509075737,0.0,0.15698809813917042,0.1675776322858183,0.13019148119626786,0.2708846524583912,0.3863503865460736,0.08557545493888032,0.23905525497826036,0.0881162331250651,0.24894144678638863
ig_lora,AQP4,0.0,0.1419635096754531,0.017174378069829285,0.39778765572321245,0.2408182222133911,0.20169052143303037,0.0478143704496802,0.015525363430250948,0.42398708747370023,0.2435190293660834,0.019988459192164847,0.1484368574388583,0.17042562268962672,0.3153708471834635,0.22765117515895308,0.21612076361807972,0.0,0.3486638340550517,0.5414278224199796,0.35661056694500676,0.020746509357699262,0.18075317601927038,0.0,0.28693891638902375,0.11233164038796714,0.20769720569224442,0.0,0.20439159232756446,0.3243759557613486,0.27424686434756745,0.19559664230220022,0.031394228423020476,0.2120756052267407,0.170184586433772,0.34740884243388437,0.20476125193498873,0.011164914761485003,0.06751372994409315,0.3938623443393559,0.2746921868775035,0.1111275808480099,0.32088497833984675,0.21141721893212198,0.044120921339220576,0.015818276988324834,0.28751598147760304,0.26569790760779305,0.2341632956419579,0.0,0.2503271201195572,0.16207410996981567,0.06705430688528954,0.4303129060350451,0.35309433778720917,0.20289902209146235,0.0,0.20699065943918624,0.192456892829721,0.0,0.0,0.19200017640825487,0.14616763884176653,0.23415965940632838,0.20075305516109307,0.2190033329030106,0.1352426891134817,0.13203597902043507,0.20044583009820915,0.1271619609766579,0.29860091001295125,0.21851655169687165,0.0,0.1883766740554986,0.27689560833009036,0.17536881204922633,0.0,0.023988735625392756,0.17062165548795769,0.17062165548795769,0.23094721320618433,0.4230120111496402,0.131374914090282,0.35538297492939347,0.0,0.25552182079584645,0.0,0.43628391987321996,0.4010634861740734,0.0,0.4167273826249719,0.1755928494545945,0.0,0.24427123105843773,0.045445674680660395,0.1820387357544243,0.027686845126605002,0.0,0.20632148307475684,0.26949123500650657,0.40220867589236525,0.3335583322437802,0.2716812769324975,0.3028199545870103,0.21212983676700534,0.16377760151205042,0.19484599271103212,0.2180532268992769,0.0086551019121595,0.17062165548795769,0.17023525769205305,0.014588507347081678,0.20844067187926255,0.23143478067617748,0.38926289805747305,0.359359744727828,0.396276877426327,0.015352790800251363,0.33302804418653503,0.025548869188698517,0.11019107533135644,0.3266609677110702,0.1620905727135598,0.22873985035963984,0.23446010281734872,0.20675668730851363,0.21391821345552595,0.2674215928794679,0.23041530903649884,0.13724254521701448,0.19960390357074023,0.23512809152168612,0.5312750650221344,0.049138296738182076,0.27848886138576817,0.5566941293031255,0.4613021762492247,0.23913711628507803,0.4527377130765649,0.4268213397615928,0.5351851951193182,0.4100844344730762,0.2589307668323909,0.46338580053507367,0.4692821659774544,0.34405584326154437,0.22422235068921414,0.1801006363483998,0.1752932376421156,0.15351758933375936,0.2524296729721562,0.29265510236016273,0.3651171571055895,0.12570147120640057,0.36436261888622967,0.5532497610325112,0.16314581783052712,0.3117018863614307,0.4232129805928967,0.24144673617997445,0.0,0.3858607524226799,0.47174625549836846,0.33120504844664417,0.10353012732204776,0.32052903157270524,0.28526310413425304,0.5922428619527834,0.427476138754938,0.2274631315766121,0.40447512077819153,0.5301958004491024,0.31917225818377565,0.1617294346468492,0.29251786614744824,0.0,0.20814515168174036,0.19972130980555977,0.1857077995373611,0.07762124997370516,0.36252646408282985,0.02888623674732766,0.2832708186978243,0.026834965734108256,0.23830495879713554
ig_lora,RANBP3L,0.0,0.19286056504970434,0.025627048836105077,0.4033736322680659,0.28742327355749936,0.23941048651485408,0.07890149374293791,0.021268518506237528,0.4439392139607205,0.28332557367442435,0.03088250756933973,0.1871708625402171,0.22276969428967672,0.41060389619522797,0.2807348650725298,0.38553173456244627,0.0,0.4160016929587238,0.20644788711434484,0.3359405368361616,0.02853459568123534,0.2891297311228146,0.0,0.34229568593762877,0.0828674736815264,0.27952294133635264,0.0,0.35307012441766344,0.4420278331381912,0.028697376167240954,0.2892136483530395,0.2345492658778769,0.2790309619262195,0.2265087719538538,0.39441984450433815,0.24469569464299384,0.014822969992637488,0.08864871974573164,0.43998408742953526,0.34565528779681726,0.1396432831795542,0.3924311326318629,0.22237157910574207,0.0656339804378895,0.024628415714039315,0.28658289853210234,0.33043108858753406,0.3963744201476903,0.0,0.38355151240177526,0.21683858847759815,0.10061071909401821,0.47717850639993475,0.3510766296187253,0.257165722151815,0.0,0.19777741196542006,0.2753932273298195,0.0,0.0,0.2903443497454137,0.19252433144735617,0.20303730973465284,0.2858725902747105,0.3195046597187941,0.1868314625903087,0.1744921719022831,0.31585547594423147,0.13000912490210412,0.4302578126015777,0.3497541401459197,0.0,0.2747871885905408,0.4196087464017845,0.19118516923861298,0.0,0.04245466318024123,0.27537981040174736,0.27537981040174736,0.2829543295998369,0.4744943875100453,0.15290678632425958,0.3751054851267744,0.0,0.6543867414035803,0.0,0.40218377975999403,0.44956021436339993,0.0,0.383691238980661,0.22702285423480964,0.0,0.3522042926258175,0.06774813562557704,0.2992463949948388,0.04867905568463951,0.0,0.24961393851494237,0.3224902097736903,0.4557709059089998,0.43274518235561354,0.3538442884331539,0.34387934294548567,0.25199067189053614,0.2480360661540221,0.28305354020594475,0.29549740989244283,0.014996893414858723,0.27537981040174736,0.214619566171251,0.01962476740230032,0.31882128859590114,0.3421022678470621,0.4258317606523392,0.4371115065017766,0.4308754144727923,0.023350064749132676,0.34092522177445206,0.03609516273469161,0.15331927044283974,0.40987617992990794,0.2570211563749642,0.32636235831249905,0.3006010807966084,0.2616663315717081,0.3433872102732872,0.3821635843942094,0.30717976279892323,0.1766279578666611,0.2571583824709891,0.23577220378030853,0.0,0.07578504760010346,0.32513886599698,0.36715765310156145,0.4482227085915007,0.3455601440955873,0.2476451252539106,0.0,0.3799871125125672,0.0,0.3004124999957653,0.4019328869498554,0.4899808843078079,0.32517702256387626,0.22282195420940065,0.29656287274034326,0.20450837645709294,0.22257228123486256,0.30601979457827183,0.35755452120872777,0.4589283754471747,0.15054173615410596,0.42099794413703,0.35048339505676934,0.1169317162174034,0.31272489487509986,0.46520637742855436,0.3242076258278444,0.0,0.4347609380662697,0.4953354393780916,0.38054268178548084,0.07860491915035343,0.0,0.38239745708780215,0.19527607118293464,0.4814150914045058,0.2645015752399901,0.4151977263638495,0.018351827487853755,0.38054356880244633,0.2235621765854367,0.3283126113559053,0.0,0.33539374012496875,0.2729991480046991,0.29585386304022343,0.05349631629354893,0.431844698704756,0.043112031041890646,0.2921319524967231,0.046594634247463775,0.32855649306408274
ig_lora,ID3,0.0,0.336730947982646,0.05038215381657776,0.41792147060660095,0.3732308800255677,0.4310505454360266,0.18574464989654935,0.04486353848761099,0.45527419707339817,0.34572563146243845,0.1069156353831392,0.3279085236171876,0.3358572938315991,0.44585125773096773,0.420217466883731,0.4274372236936566,0.0,0.4348125158240138,0.3515457031115017,0.409485560475613,0.07784241395965058,0.483502383364397,0.0,0.42188902222102387,0.14400146387625792,0.3711547028841115,0.0,0.4177059261150268,0.4416469475866823,0.04901072138596212,0.38635752391752065,0.08273246156117807,0.37343134913510445,0.3416321370164643,0.43425967053786546,0.327812606795557,0.039347327432363674,0.23574229859970344,0.4404800057927416,0.39518137345573595,0.31587842545072525,0.41651699530671393,0.40097271304649623,0.10205791088361121,0.0551374221495446,0.344526281900627,0.3859184043291304,0.42932415179869254,0.0,0.45356433168337457,0.4118973547268959,0.19740408134298282,0.4651202638170556,0.3742876086657344,0.3698499297031848,0.0,0.35159530959775825,0.41129070921871724,0.0,0.0,0.4177588880413426,0.34971744384332,0.40018211256430736,0.3810969554559449,0.3973138471774745,0.3256901484887185,0.3079489459865049,0.4014579151213873,0.3329323103074986,0.4375281870379792,0.4136971028841572,0.0,0.378923770765657,0.43447031935788144,0.36743522013916974,0.0,0.05692107044778382,0.4755294276069552,0.4755294276069552,0.3720222124290333,0.4625346281946289,0.30350560868343446,0.447420966778515,0.0,0.4079224733178649,0.0,0.421528424423922,0.4466478949731595,0.0,0.40538968149237686,0.3734846248756567,0.0,0.46431656207713623,0.21320973759134468,0.4052876505752429,0.05673509471283876,0.0,0.35237284972359484,0.37573596065296033,0.4671184136460536,0.4376473735151116,0.4479609426733724,0.4169782950842882,0.3677829573248259,0.43283421382261456,0.3944960528169373,0.41489187177025294,0.019484587187552967,0.38857929426696053,0.4247872625904797,0.06712832639252878,0.4076726551825284,0.4168780556643164,0.44109781128567704,0.4467739504354203,0.46155725422283356,0.046675277767182735,0.40506171004866987,0.07608105769230879,0.3871500201777998,0.4345510725107557,0.37994419883880587,0.3982644594113913,0.419794019410469,0.38846757532645315,0.42248344205949523,0.41997771354943325,0.4636556498311337,0.3558543252454085,0.41315812939661345,0.37503701020511,0.0,0.10040474878473118,0.38931658111284617,0.41558030547275615,0.457467030960326,0.45072386804164255,0.3552899001521418,0.0,0.403019090346877,0.0,0.4075197030996332,0.43951923122384257,0.4815574454227649,0.43793367908975506,0.39515121016953164,0.3976160220406108,0.4177979438519888,0.3777232555275086,0.398681962262882,0.3981276819484047,0.44954123863836326,0.3171355590756826,0.4293847013700561,0.41701192555478694,0.25479435044237037,0.4145594952070307,0.4767014848581965,0.43940410607007835,0.0,0.45736100705531896,0.48496433951129064,0.4045675653191306,0.14797737813185552,0.0,0.4286959296978477,0.35405262884606337,0.4665968057253283,0.4480529468078537,0.4495315715322923,0.048386653289267376,0.44333314360306725,0.3924995870402755,0.36686708023595804,0.0,0.447719293056901,0.4521036714776958,0.4344703988731093,0.12899647221714416,0.44334336507187727,0.08857840178506986,0.4654054376428755,0.06144165099582655,0.4302465457378618
