method,gene,A1BG,ACMSD,ADAMTS20,ALAS1,ANK2,ANXA1,ARHGAP27,ASH1L,BAG3,BAP1,BARX1,BCKDK,BICD1,BIN3,BMP4,BORCS7,BST1,CA8,CACNA1B,CAMK2D,CARS2,CCDC62,CCDC82,CCNT2,CD38,CERS6,CFAP20DC,CLEC19A,CNKSR3,CNNM2,COL13A1,COL5A2,COQ7,CRHR1,CTNND1,CTSB,CYP17A1,CYP1B1,DCUN1D1,DDRGK1,DGKQ,DLG2,DMRT2,DNAH1,DPH6,DYRK1A,ELOVL7,FAM171A1,FAM200B,FAM47E,FGF10,FGF20,FNDC3B,FYN,GAK,GALC,GCH1,GPNMB,GPR65,GPRIN3,H2BC13,HASPIN,HIP1R,HLA-DQA1,HLA-DQB1,HLA-DRA,HLA-DRB1,HLA-DRB5,HSD17B1,HYCC1,IGSF11,IGSF9B,IL1R2,INO80C,INPP5F,ISM1,ITGA8,ITIH3,ITIH4,ITPKB,KANSL1,KAT8,KLHL7,LAMP3,LDLRAD4,LRRC37A3,LRRK2,LSM7,MANEA,MAPT,MCCC1,MDGA2,MED12L,MICU3,MMRN1,MRPS30,MUC12,MYLK2,NAA11,NCKIPSD,NDUFAF2,NGEF,NISCH,NSF,NUCKS1,NUP42,OGFOD2,OR9Q1,PAQR3,PARP9,PDE10A,PDLIM2,PHF7,PKP2,PLEKHM1,PLEKHN1,PM20D1,PRAG1,PRDM15,PRDM2,PRICKLE1,PRSS53,PTPDC1,RAB25,RAB29,RAI1,REDIC1,RERE,RIT2,SATB1,SCARB2,SCN3A,SEMA5A,SETD1A,SFXN2,SH3GL2,SIPA1L2,SLC2A13,SLC39A8,SLC41A1,SLC45A3,SMARCA2,SNCA,SORBS3,SPPL2B,SPPL2C,SPTSSB,SREBF1,STAB1,STAP1,STBD1,STH,STK39,STX1B,SV2C,SYT10,SYT11,SYT17,SYT4,TAS1R2,TBC1D5,TEKT4,TIAL1,TLR9,TMC3,TMEM163,TMEM175,TMEM229B,TOX3,TPM1,TRPM2,TSHZ2,UNC13B,USP25,VPS13C,WDR41,WNT3,WNT9A,ZDHHC2,ZFP64,ZNF184,ZNF396,ZNF608,ZNF646
attention_zero_shot,SPOCD1,0.0,0.3339080132924385,0.16220810498389449,0.8283439721021526,0.7540281036226386,0.5546255688938123,0.25216952203842335,0.16170164041868404,0.9411002010120165,0.5967068557658026,0.2775492248382922,0.3589421465518167,0.6536352636084174,0.9398896969402151,0.5934524031428603,0.7540983606557378,0.17851058783014642,0.8521314319604434,0.3453895122421755,0.7506878133530703,0.15096711811348376,0.4466575181995444,0.0,0.7450183542327182,0.25208675423132726,0.5277543367347544,0.0,0.7131147540983607,0.9385245901639344,0.09901532602236196,0.5506501087568364,0.28711735348401024,0.5653867988491299,0.42352115375741334,0.8497147214915938,0.5111981579984911,0.16730762115164413,0.2263592419522272,0.9446962537880029,0.8241273343314158,0.2774969669255152,0.8229378219003477,0.4214584582387164,0.3963331091259037,0.17421078610609947,0.6318782581437862,0.6640456528548925,0.8155737704918034,0.0,0.7753813941385425,0.39583005378427244,0.3308208683656483,0.9747998997159867,0.7587237474739734,0.5442916167676132,0.12836395900424083,0.3934489949314888,0.5409496181733601,0.14120242691671267,0.0,0.5938692807051864,0.3323640395465568,0.5551259861564508,0.5580383314425795,0.6448277718464615,0.4485845730657662,0.4293622615123768,0.6177409412916349,0.23640317222204676,0.9180327868852459,0.6795969510285058,0.0,0.47259945086886646,0.8946135831381733,0.25569630645674024,0.0,0.2568654067035606,0.3697659311860763,0.3697659311860763,0.5687101217383196,0.9739267246649387,0.3195750504446662,0.8430728676794886,0.0,0.7846360077039233,0.0,0.8481437679767463,0.9315908632483424,0.13427657808206686,0.849733233570225,0.42737874271664184,0.0,0.7438536751471518,0.23224960154697843,0.49524209435178657,0.344797392615654,0.0,0.534942706340734,0.6466641261416621,0.9512372534799971,0.9282786885245902,0.719312981084224,0.7070832708888379,0.5765830549511874,0.4961120333193801,0.5175938605094337,0.5756417436625382,0.2867760940695033,0.7498250471665359,0.46527120570366665,0.13052040382016786,0.5951985122444962,0.6564588338819236,0.9136920416728086,0.9019097676237542,0.8864861186785932,0.19200629594926288,0.6961839775991103,0.24226010204746334,0.2665954163054245,0.8617999178698165,0.37066014254631985,0.6245172170251276,0.5935589217086386,0.516468926162751,0.6076390704950164,0.8116894488495403,0.6327147972277745,0.41498169023131726,0.5371688115102622,0.5691366978874983,0.0629607219248615,0.4275294071684441,0.6941318229577736,0.7460556825736571,0.947641894177392,0.6522039734034517,0.5059819967478543,0.06243401318446438,0.7805897586243516,0.14021466750479838,0.6675132470425951,0.8729285819088948,0.9857567971805469,0.6642463023209472,0.4358758953433716,0.4060108111165713,0.48561975137419805,0.39802882163930325,0.7484980347959576,0.8008969928360402,0.9611734253666955,0.3417881701562324,0.9221178818572583,0.6311475409836066,0.3978418317593458,0.7198622008052993,0.9559523892716403,0.6792058492959615,0.13263252917782375,0.9084493672066631,0.9938007990081278,0.8482868239090567,0.26821960942062434,0.06694670088096369,0.7636559973027188,0.27333864686427356,0.9832339791356184,0.5560043635642568,0.8822321374304745,0.08168424771226347,0.8037088100420469,0.5329371253353247,0.6937365043473477,0.0,0.575966578102912,0.560899741779277,0.5171181640038148,0.1653766001718221,0.8954690759369355,0.24083877156319458,0.6128367852078915,0.18275963946916146,0.6424588402223459
attention_zero_shot,NOX4,0.0,0.36459729413221614,0.2713008339259276,0.6879163864969094,0.46246532416502883,0.4042098334287661,0.17608455938693127,0.2743985794940581,0.781444131916593,0.48701846754675016,0.19087724640430326,0.4243930336572636,0.3596469013648557,0.41570880062702287,0.3831519861110705,0.2426969697685594,0.2649304955542043,0.5399916668891338,0.30159419335990817,0.6514892671597372,0.3219537946186312,0.24134755852160372,0.0,0.4821479138147161,0.32560313626136234,0.39606617068695016,0.0,0.2518408372595507,0.39086495394427606,0.11256124209110886,0.27956194535947804,0.22452595108181225,0.5515921245807748,0.2819824649884932,0.5671227339452026,0.44665732064250735,0.4569569515289942,0.5586189723904984,0.6406431283069884,0.400931513436808,0.3875796349094681,0.48437749522107937,0.2759523876010098,0.3281032464556266,0.3136079864999597,0.5973860617157636,0.4728533258985467,0.2626259968799131,0.0,0.304322627744644,0.2872002062086571,0.22401467066948647,0.6675242742407069,0.7341181191227047,0.4761609370016681,0.24056666582868033,0.46984478704482613,0.29411748601299437,0.11481876259376451,0.0,0.28143972177445997,0.409109412579786,0.4137226974673465,0.2924764720389724,0.29952482190011054,0.28497420011528474,0.29296534654550155,0.26930925337831535,0.4473820532737946,0.34836716003341156,0.26987686264101296,0.0,0.2658729544107635,0.31658019223016337,0.313569560535552,0.0,0.16867249791517996,0.23696649262433614,0.23696649262433614,0.4807363877598018,0.646491832494346,0.3601456434092982,0.34079180884538884,0.0,0.3507201063460123,0.0,0.8266403811667599,0.6234847329894023,0.24060179019276054,0.7535814761365199,0.43511162446693674,0.0,0.3232090567655988,0.2299556205700636,0.2506470123484975,0.18453253772431158,0.0,0.48119207164676725,0.4880953993052918,0.6140718084951233,0.43139903631725857,0.38114428620167146,0.33055601347841396,0.5199150373609754,0.2660043265664322,0.29198821427054616,0.5433299106541287,0.1982628803392787,0.23727281139404496,0.43228391694705326,0.3197380376639842,0.2872064884055452,0.39931452975602744,0.6761160255601313,0.4979604784675336,0.6763945391955183,0.2915080989978753,0.3449161073060416,0.2874086037418963,0.31942097619451093,0.45318280899154034,0.3395276096859579,0.40100173694107516,0.48407945493610405,0.4160119416761948,0.2720426937779237,0.3371451656355656,0.34872083585140856,0.44205871920857304,0.3293714057369381,0.4128390622264023,0.07768008459341767,0.20862500624501962,0.5186896749252834,0.3138875090552964,0.6164427824558096,0.30743605257655165,0.3059262884142738,0.0821337953756732,0.5253969048595207,0.13469433155757368,0.5278778554465757,0.8343059064214171,0.8283529936853499,0.4807500451204071,0.3548284095940668,0.23723952635388174,0.37980063208184806,0.373515307818533,0.4416258853456339,0.4682010511505832,0.4713167524799377,0.4331567964952921,0.5750499256511725,0.24425459668130337,0.2746181871069085,0.41401058028194904,0.682836676970293,0.36955198762466723,0.11225432257662464,0.6049301710170318,0.8168613587022006,0.5319231645583687,0.18015886849239396,0.059715368747555016,0.3702969983323685,0.22646402116431028,0.6407665113004705,0.27318858855366335,0.602723505476313,0.13147153761223795,0.4856283062204073,0.3211008099471777,0.5640534114952758,0.0,0.2604100505692057,0.3209653261015044,0.2599472216230274,0.2732197163578339,0.5211130234577588,0.187755320312337,0.3751276115868037,0.13920724487986993,0.332200329516959
attention_zero_shot,LAMA4,0.0,0.357113272321045,0.19841906794535877,0.788236192864739,0.7091997655755444,0.5412785309925436,0.24359894659508724,0.20644719235468853,0.8997494376493367,0.5653058186165572,0.28760336006182513,0.3707829500989653,0.6118720790904782,0.7225073373222423,0.5581718732505805,0.5054637438253725,0.20997857995424152,0.7543746165278972,0.36448558374840695,0.7176671254663304,0.1871410341070211,0.4282939151672463,0.0,0.6749567559761429,0.29492123962802685,0.4892448119944981,0.0,0.5125220930421105,0.7280050591039549,0.09469881090918196,0.7577147088505749,0.8031530802273041,0.5182603261306239,0.42017437116676803,0.7919111354437884,0.4923462731442996,0.1943038552104453,0.25868385422383733,0.8699635532583162,0.6325097179966414,0.30764092403087173,0.7253006586676582,0.418247085812723,0.36403727028282473,0.2141218169892943,0.6144800406681584,0.5990598747024004,0.5466750985065915,0.0,0.5816983906054454,0.4159318326796808,0.3820847943766661,0.8997900147557198,0.7591411939723058,0.517873017699377,0.1737759990481068,0.4024667717587836,0.5069483876356111,0.1406298879327625,0.0,0.6626812027135701,0.3536604990045378,0.509011306756472,0.4997133038711419,0.5414491010320277,0.44437002324240105,0.5229422562856997,0.5081328459435552,0.2862253232902047,0.6800059518870057,0.5498573078266138,0.0,0.4471789505089166,0.6373400788052732,0.3126161086593749,0.0,0.2571297240730123,0.39241117456096125,0.39241117456096125,0.5329422682013288,0.890711767309242,0.33192847872057546,0.6262335078015923,0.0,0.6356719096279482,0.0,0.8360545189959471,0.8560468485960724,0.18436941641587967,0.8219373139919263,0.42333794799593344,0.0,0.5964634917546334,0.23326006322144124,0.9220430663226918,0.5327878739700953,0.0,0.5097699999147344,0.5973086811674144,0.8649954149254353,0.7562610465210553,0.6303982239929982,0.5954669468622379,0.5497562854662391,0.4588292462947603,0.4732283455639818,0.5188014023934764,0.3065777858653417,0.4148218662912997,0.4527899249531534,0.17202520470608534,0.5037121373792408,0.5415256238264232,0.849904760665922,0.779488766346312,0.836563975924424,0.2168655671143963,0.5699803264501659,0.2638426392439725,0.3082040866507277,0.733350159196722,0.39144295253015265,0.5351313414414888,0.5417494476530234,0.4895674645759728,0.4959743230772845,0.6341500327004047,0.5592184523231781,0.4212105549237468,0.5027017635112894,0.5436932673856383,0.07745682053527414,0.38886518148211796,0.6428761756043576,0.5889592496043998,0.8636550499948968,0.5455469907859112,0.4759800017930162,0.07634071393751819,0.7228071709991961,0.19673086831483533,0.6240600581866615,0.8578648210724156,0.9721088981690167,0.6066416075079274,0.40376826894094153,0.4095622119150937,0.4743283684726269,0.40343718006775364,0.5994248939100856,0.7138721570886847,0.7985222660029295,0.3528372042515663,0.8113076240293097,0.4851996886705259,0.36793335185347686,0.6319660755792096,0.8900461314828336,0.5863432104152742,0.13548794928942914,0.8335476910266364,0.9571661510399929,0.7528750441945444,0.2743092901091993,0.06657322536026342,0.6358631846522704,0.31607314398726183,0.8953865611938288,0.48834384542295267,0.868035096602391,0.09622195426945221,0.7190638267927363,0.4927000043948783,0.6555655563021461,0.0,0.48240039776638255,0.5542240332660148,0.5087246188777477,0.21010357921558034,0.7880816729540577,0.24262108383192887,0.5610661987062384,0.15293178690396703,0.5547510010953515
attention_zero_shot,CH25H,0.0,0.5100011838502871,0.39986926904822767,0.7789029287929791,0.5443728746163145,0.5466394806153445,0.18701527507787688,0.35252825551652556,0.8596486366463076,0.571861670230548,0.2094866442371455,0.4402758803572092,0.41668610010762086,0.5654719125731215,0.458788746582152,0.3049460272669958,0.31936333195675215,0.7244462402452992,0.3699576201950843,0.7129865184131048,0.34105848026037355,0.2880185718556441,0.0,0.5743713183762105,0.38108712454216287,0.48532096418845955,0.0,0.3207914665536199,0.5455416332130357,0.10248688162899115,0.35117868621417,0.30947277289148745,0.8402667637187611,0.3323845243321991,0.692272287819478,0.5235212123957662,0.7509233223929724,0.8552741581537562,0.7811413304314898,0.5133360886674979,0.41586086977444636,0.5987169777232735,0.3869338116569024,0.3314553696142503,0.3125142463861214,0.6382415902317121,0.5867286477709037,0.34356013686327386,0.0,0.3975931971686435,0.3164411637416028,0.24690279329423442,0.8122936691939853,0.7686057139411728,0.521077795189272,0.27176467709843805,0.520529934410456,0.3620454922943091,0.12337710561534057,0.0,0.3594178655616693,0.4116435368839434,0.4873195393966024,0.3699325907262565,0.3904193791681804,0.3436346780236096,0.34586809179341577,0.3450463795530076,0.4696918680542341,0.48626445493647513,0.34996845438713753,0.0,0.32481525364516983,0.43733726016852037,0.35027354632188484,0.0,0.28827557629171546,0.2623880428511548,0.2623880428511548,0.5376706310096915,0.7953736119359817,0.41911089882729574,0.4608967171876033,0.0,0.4745161336161075,0.0,0.8476883276645427,0.7656812779384231,0.27557166230615343,0.7985427710362234,0.5106446488274039,0.0,0.4316801722101348,0.305365227561794,0.37261667876752574,0.20552440913179632,0.0,0.5272640491153513,0.5907824078828399,0.7656027147809213,0.592474879932172,0.4887131632259202,0.44586452938014237,0.5783088271817927,0.32845448811522987,0.485081086969951,0.7911980043455629,0.21520876068973654,0.2783956798013965,0.4802468539541887,0.33248254804296545,0.4391268982920632,0.615684710874956,0.7780818949141544,0.7189448819086239,0.7898413383285755,0.41007050463199407,0.45264926606840894,0.4076223299523588,0.4297173411268341,0.6738255719692334,0.40983999991438674,0.5120559421461864,0.5347650843144077,0.4366551467533816,0.4659952756263854,0.4599450779194633,0.5265835948400667,0.4452107414156411,0.40578092637963487,0.49505578844190223,0.07173592171457197,0.2584413023904515,0.6212919527215225,0.41896906629281,0.7661471724771856,0.39349279648359303,0.3717252040737174,0.07298848598732649,0.640125386007348,0.14057829054132034,0.6131056225700959,0.8855870115235216,0.9132314119875075,0.5873676376500271,0.409906839699233,0.27908052242594944,0.4187768352075246,0.46285708463336067,0.4909006411573656,0.5929961303855389,0.641941892834513,0.4142298846197378,0.6953917591073335,0.3025765303058968,0.4103454675687515,0.5675425788404531,0.8106531383239841,0.5405267923913507,0.11942176819739184,0.7424069306079926,0.9111585147634506,0.6605492143132721,0.20702590953015504,0.058236757664560664,0.5871714252618773,0.2474452595027576,0.7962772838541194,0.344601158854349,0.7325581288200789,0.18365290962568437,0.6739913158320224,0.49296835567877095,0.6538405523525185,0.0,0.3188793425094594,0.3908718451124439,0.3115054537904009,0.3046992373652305,0.7320763146617095,0.335577151221917,0.5343058689010571,0.2810851513077638,0.5194828152758556
attention_zero_shot,KCNE4,0.0,0.3751896157003003,0.1467572654799375,0.7703137881535764,0.7177982205490921,0.5424649274150903,0.28630548336968437,0.20072746547828063,0.8895317297907643,0.5564112081676842,0.23642608521432384,0.38322428178790596,0.5095306344720086,0.6794546705336278,0.5650185335076,0.4952569082387807,0.15026512440389597,0.7200364767011145,0.6300266852308678,0.7462991790772268,0.1471741343151868,0.43942090386250443,0.0,0.658932758092594,0.2948738685422711,0.48640982198652927,0.0,0.5008396744851012,0.6769644212728196,0.19274115215633136,0.4855789798878975,0.31403482641134123,0.5109283170689554,0.4283974178513791,0.7614219485244943,0.4902670813149357,0.17931743424707872,0.279675816549763,0.8379343852494423,0.609023269754235,0.3243067292962454,0.6868195452827466,0.42798901155121516,0.3692300366832116,0.15612569054727715,0.607797108087032,0.5815240407087724,0.5249476783423819,0.0,0.570967638791393,0.44502679178653215,0.3669277736002616,0.8669447728474552,0.7463425884284124,0.5051391995996849,0.1274015535415283,0.40493789213615966,0.5033804370648879,0.11209024752566926,0.0,0.5003017716454525,0.37068069485364363,0.5055953221519255,0.4943310170865693,0.5265257899268648,0.4431076698399055,0.4315874295732762,0.49930010194473606,0.3046416659338085,0.6329141150827496,0.5125998503170691,0.0,0.4525170587254504,0.5962055265910247,0.34228013852769046,0.0,0.16084971555894056,0.4491282161604075,0.4491282161604075,0.5254247184196976,0.8552956743125502,0.3427648934303988,0.5942685832488186,0.0,0.6030979016920144,0.0,0.8359311115360423,0.8241097670420896,0.1299912032693595,0.812449937795088,0.4304042225605542,0.0,0.5695805304923824,0.40146161660631785,0.45438252715599986,0.24015414244900654,0.0,0.5055690760549099,0.5828311449791429,0.8293414562911483,0.7073887746981629,0.6187913914338178,0.553593398206159,0.5383796327738508,0.46186677317596,0.473139496477377,0.5105872001711197,0.2718216017977849,0.42931686720554446,0.4679987154858155,0.13720238562955336,0.49635254989567845,0.5259065888541177,0.8667675844352136,0.7380445911573886,0.8141095249382423,0.1616563609626217,0.5488545750367122,0.2251081606841354,0.3331431447261142,0.6938731456742305,0.41081412334399225,0.5221460348804033,0.5368125314360798,0.4872389097665708,0.48987630909596724,0.5990743451455948,0.5443190415688852,0.42649125767261825,0.49830472034025836,0.5306372962740777,0.3308529672145364,0.34845600790077474,0.6255216546190434,0.594565801306136,0.8287574446335917,0.5492484570273487,0.5159788875469532,0.2306774806278991,0.7613434427714846,0.17875462544098886,0.6095160016252786,0.854858372249049,0.9377499319893132,0.5899116403129713,0.4079203538373586,0.42620422718698453,0.4741944650932981,0.4167765435063162,0.5742039472225503,0.6760191794956463,0.7476284541193904,0.4830248064679993,0.7655023678295558,0.5051117289042866,0.3875577749220465,0.6198628454506319,0.8662460346692958,0.5802256294001532,0.10797669661100256,0.8087977048166091,0.9388190191804583,0.7259449312862496,0.2498094261487985,0.1637534063626051,0.605666644892272,0.719187564023081,0.8583177286284296,0.4848115782696177,0.7885675836120407,0.39143988448887895,0.6897469271683961,0.4892692915592577,0.6412871433057502,0.0,0.5048993077731382,0.5227043449520515,0.485647132828429,0.19229049766446973,0.7496329164899384,0.2233342505184524,0.5488072641565218,0.1435065550519071,0.5389915527978375
attention_zero_shot,GEM,0.0,0.8860396475868659,0.26672058752457334,0.9112666770937371,0.8963404672521812,0.887756379540329,0.496301027172844,0.5243012390169877,0.933056185077017,0.8713184501137894,0.3965742927033995,0.8855381715669943,0.8859149354913602,0.9274376095821145,0.8881754410594723,0.9292694904490865,0.24703585270860534,0.9359909578966399,0.909309043711182,0.9155962128263306,0.31335202500033355,0.9108645200209139,0.0,0.9020908349633112,0.6471084691674219,0.8955250224755423,0.0,0.9270385328436731,0.9332480816113253,0.1559987739103857,0.9105042242304024,0.6610822994141589,0.90759129676391,0.8748760472888366,0.9147770259117929,0.8644420297612021,0.38126628135650426,0.804042349597457,0.9357741848297308,0.905931205311453,0.8551582072873235,0.9182488434182489,0.8994941579744796,0.7009158016555792,0.30196189043233673,0.8457884994636962,0.8981422413328904,0.9297348227487635,0.0,0.926510252482104,0.8787285106270707,0.6582199900654822,0.9437349638053809,0.8485297573758981,0.9210649165407845,0.24555025478777448,0.9225723570549708,0.9069866068445013,0.1352558446986188,0.0,0.9133899458738315,0.9036105266076949,0.8667371419717017,0.9047116122072237,0.9145928841411992,0.880312772837522,0.8651036841557282,0.9185908681605567,0.8556604470037897,0.9319725672472106,0.9229544135195836,0.0,0.900981081354732,0.9310947939213682,0.8830705709678951,0.0,0.2664030100697198,0.9095129981913627,0.9095129981913627,0.9178217205553257,0.9425671510847011,0.7909567504443307,0.9223775378865612,0.0,0.9217064379268246,0.0,0.9078478775381819,0.9325239412744459,0.24633923865527824,0.8915066861659922,0.9160647518520706,0.0,0.9208603463754199,0.5284292205098725,0.9278058775098471,0.402259279614156,0.0,0.9095167455213592,0.8865140946430822,0.9368913822210776,0.9323771767819409,0.9136383262687635,0.93305853278292,0.9296996026193525,0.9051804956268269,0.9242786880131506,0.9228488289096082,0.5421315471693804,0.9095607733554997,0.8851804626837441,0.3357318921162049,0.9298542241936884,0.9350431824975881,0.929305091999151,0.944073469980933,0.931492076446319,0.2660558052483662,0.9182498952807958,0.40883229448353087,0.873470342123658,0.94030238554254,0.9079881439102647,0.9147670649452657,0.9766041118290657,0.9792492369321906,0.9375366028358472,0.9251537497743054,0.9198673120085048,0.9798131210423014,0.8836564675595286,0.8817910885394545,0.08965836842346579,0.505968040749637,0.8879400768817626,0.9221140071274381,0.9361570650548309,0.9169722412324771,0.8888429813367175,0.09880172500671075,0.8985484690926281,0.24077337206205093,0.9132806317225091,0.9110704358031887,0.9581701492690112,0.8966086712043673,0.890584387300954,0.9137604517039938,0.830336807480779,0.9075893888174514,0.8854373443019554,0.9136782698615737,0.9360460662144435,0.8474680710223128,0.9233978182045641,0.9248815009196004,0.6801516586030898,0.9218038828239822,0.9401590969692406,0.9277070883136553,0.1346131023682021,0.9282858366967134,0.9599988504037905,0.909864807234634,0.43256996354526916,0.06497995596790387,0.931148650354584,0.8618080554882994,0.9443734013427711,0.911219345528173,0.9202374249235437,0.24434099378094912,0.9267929825139533,0.9186100545826409,0.8788905014627202,0.0,0.9206472009027342,0.9008439348713977,0.9155792411738644,0.41619509116090536,0.9420905485226395,0.4151302219872201,0.9054388799621748,0.2486794007885722,0.9260047660660923
attention_zero_shot,IGFBP5,0.0,0.8296746409299754,0.24181231895511987,0.8886605001896368,0.8786002275336984,0.8288961384203092,0.512436332703887,0.4763452016167828,0.9368730264076018,0.8324108893210447,0.39663448839422377,0.7957922632950633,0.8648537235047709,0.9325750617972028,0.9108509843553216,0.9365680953984694,0.23826667343751287,0.9202003713260682,0.8270907899722784,0.8527893499128688,0.2512499711017917,0.9045462638855329,0.0,0.8922368931903341,0.6311477638279083,0.876026570808659,0.0,0.9325864383758,0.9425774337291407,0.12184063182845617,0.9009576581706401,0.6398400429933402,0.8758368663523316,0.8463672847420786,0.9126885191874146,0.8176350298653834,0.3436751417932011,0.7180513414585602,0.9437324057417674,0.8973801619624218,0.756774119525941,0.9161969051206496,0.8633105917947134,0.658011958433944,0.2607803484721795,0.7786774950549618,0.8826001050751291,0.9372971977502111,0.0,0.9358143967532514,0.9077774456747967,0.6925993263554817,0.9553493030187589,0.8086977215332856,0.8563745816161541,0.22918088930983474,0.7798958753242318,0.9179100619552026,0.13788256895373055,0.0,0.908993311398346,0.8151863808792895,0.8082707133861783,0.8945160115748644,0.9110842886103846,0.8550206280939103,0.831678237142319,0.9178527523482511,0.7793247941778557,0.9407049587420475,0.9253948632412606,0.0,0.8961177466219477,0.9393872911585375,0.8439413341515003,0.0,0.2543992974909784,0.9026369095030276,0.9026369095030276,0.8512521309930526,0.9541332593557235,0.7029663981142504,0.9242892730895693,0.0,0.9231388759447183,0.0,0.8647901157002141,0.9389794745767174,0.233090353147844,0.8744548591604097,0.8350942234482598,0.0,0.9217322352018568,0.49118589089336856,0.9129664459372121,0.40657033884122495,0.0,0.8321560089374028,0.8644467690845223,0.9458762061476883,0.9407577791787334,0.9091465900775441,0.9177784282923606,0.8344319325897688,0.8950933489838169,0.8933626977436694,0.8869100742575432,0.5350177686426619,0.9023009224062085,0.8308486980311665,0.255338794192439,0.9125730683544739,0.9151162024699834,0.9260288466891143,0.9339102387408529,0.9176398489565927,0.2458474906483468,0.9166064612719598,0.3868938670348019,0.8117909655185402,0.9273646551426941,0.8928334314579309,0.9058750054210378,0.8762259730215105,0.8505787398494757,0.9205437701715872,0.9290264044171673,0.8929898775550056,0.8180699149821749,0.8611837131155448,0.8388641112874538,0.0900939075735805,0.5300264885879813,0.8678261071326134,0.9238811115811312,0.9446917664438811,0.9206922968732533,0.8688425506701468,0.09775194131105742,0.887681910659907,0.23686997996739545,0.8550457193193637,0.8892402133971402,0.9696140892185184,0.8747019207724249,0.8619025156632203,0.9069508538089953,0.7846443321477627,0.869343081287626,0.8667177253597836,0.9099946600607245,0.9465181980810624,0.7457610184642139,0.9254652243369421,0.928817830876271,0.6553254058755543,0.9020590410572604,0.9500714595074253,0.9051318872676659,0.13680005555513405,0.9356833730911108,0.972994337644893,0.9046711647486301,0.43703391195824565,0.06599970317535922,0.9172551039643219,0.8237886808500801,0.9570461118446328,0.9052891347215158,0.9205449686090486,0.2029430307895178,0.9070546126207188,0.8768641932087511,0.8482322600299694,0.0,0.9237388944381031,0.9272368351857456,0.9369987512854515,0.4080529199646865,0.9311323896264446,0.3937282506786741,0.8714887470007798,0.23407197843889052,0.902442979637413
attention_zero_shot,PRRX1,0.0,0.31708513839143865,0.1650219231470139,0.739582670671267,0.5650214319900283,0.47849339084176135,0.24412814909299077,0.269543921996522,0.8641673017120631,0.540771046583373,0.7641316618557307,0.33690750130705693,0.4471907937485444,0.5960971757540166,0.48454646181626704,0.37216319637332196,0.1578590704302902,0.6580540127359302,0.3241266485027455,0.674017310571683,0.16382405328506816,0.449201425387286,0.0,0.6087702048168037,0.2582231388181178,0.5015950941825464,0.0,0.3836369194287381,0.581442130915548,0.08869767249280655,0.39772574161283786,0.2747065022063917,0.44283651006172486,0.3671630698277481,0.7064547496015711,0.4452526494836996,0.18461158094972951,0.24600554050824935,0.7926056076306989,0.5411560604039805,0.29492252964983595,0.6201833379066904,0.8609746445116125,0.31996487909688626,0.17581033252187983,0.596367654628889,0.5186761175898713,0.4052072386694629,0.0,0.4483778278055626,0.3516886316074635,0.2908483276478839,0.8391278712519211,0.7318301009372524,0.449264375899978,0.13578671693501054,0.3664810784229234,0.4047421433641816,0.12083539820143419,0.0,0.5664834438217231,0.31753111683180624,0.4709046506959084,0.41233712703939024,0.43539680684868787,0.37912620508898104,0.3766309070404539,0.39821950189972843,0.2615854601023807,0.5291223972799916,0.4054392456630294,0.0,0.3705860158580813,0.4863153424872635,0.2764272670050671,0.0,0.18628263737578968,0.31931836232068717,0.31931836232068717,0.4712337080877907,0.8071683899563896,0.35627558890640537,0.501433576956575,0.0,0.5130472053777653,0.0,0.8237796614950853,0.8051657618024063,0.13914468169071809,0.8307342361964714,0.3740263457437487,0.0,0.5367209862470093,0.22210752421630764,0.352766429469681,0.3108660522225527,0.0,0.4569536162894639,0.5297014719333877,0.7845084878988785,0.6222290796498718,0.5207800978495122,0.4602990064656385,0.498908521747355,0.571293213007712,0.43175019439427614,0.4357089535896885,0.2566610601099392,0.3345983794095542,0.457686252997473,0.15250760989536316,0.3999230674221109,0.4310321649037456,0.8208968823326824,0.6687814583518636,0.7797313075047823,0.17885679752379208,0.4559392891497474,0.6725670829263452,0.7003689200088598,0.6192183088613975,0.32182276491839745,0.43485891692419176,0.46593773962643864,0.42935336196041723,0.3848798512248896,0.618248797184012,0.5861584935211596,0.37136991216504467,0.9029036451296357,0.48437688150944697,0.0698347820871823,0.29322451854713416,0.6376719841429782,0.46463098316314566,0.7790559293513869,0.438347287471484,0.40744801242081574,0.07174772048434111,0.6552069323034432,0.14184507413453573,0.6839881480469349,0.8482211327735261,0.9172156746311719,0.5326498241766228,0.3414098155937651,0.32727177711676236,0.883009612153081,0.34325061193084017,0.5147135348788424,0.6143940979861267,0.6676158098446999,0.3298885132667341,0.7114596671872065,0.3663806640361584,0.3259600024391698,0.5381110419673876,0.8202997401439414,0.48749100640640014,0.117026554761928,0.7552810662842071,0.9156637129456701,0.7549553006088582,0.33210238597555847,0.05639306772907222,0.5216491867238154,0.28353751806998506,0.8084565683850813,0.570185410948326,0.7447815185444662,0.10456285391896676,0.8461002083225043,0.41818182122960573,0.603290972340414,0.0,0.3758305676842883,0.4361322466907667,0.36620316367178574,0.18558767420866235,0.7483375036776062,0.7010410648557966,0.8121700299215251,0.14872048996922752,0.8422755293464312
attention_zero_shot,NXPH1,0.0,0.2861913849660695,0.14306601733196486,0.6129847035169858,0.5600893747103268,0.474428454611883,0.2790054969779043,0.1450826925878828,0.6850665948893595,0.45408557488106066,0.2650435970813832,0.29603494106736206,0.4930044314040942,0.6710774971251194,0.48568029457067,0.7240356083086054,0.14544784078349485,0.6403184355225447,0.2937621289514077,0.5797162810010943,0.13876972083070857,0.4240861234650571,0.0,0.5764025229665809,0.2536233997424666,0.426757264726881,0.0,0.6498516320474778,0.7240356083086051,0.10197940623967709,0.4767954225187216,0.2910164754043868,0.4507097671188309,0.3530984464239094,0.6710603975542314,0.402781877459487,0.15579397268236655,0.20756208461493805,0.710530221480385,0.5606958601284072,0.2519023354520368,0.6464975312602795,0.3803714985787446,0.4023184966559971,0.15799727335544578,0.48528704748992996,0.5104871092119692,0.7240356083086054,0.0,0.6424226114176045,0.3645891246962851,0.48276938962424737,0.7176165370418821,0.5866281650719438,0.4390824590149796,0.10733110604231247,0.3220368352587141,0.5083246441215933,0.12975164723770913,0.0,0.5279403638748608,0.28266516085674653,0.4596448897316797,0.4724153978149885,0.5438665385565736,0.41977076837151234,0.4029500386774758,0.5536334964059233,0.21115863741663454,0.7240356083086054,0.6723405934546528,0.0,0.4081773954052896,0.7240356083086054,0.2386532836400044,0.0,0.21399986102568197,0.3539852583513354,0.3539852583513354,0.4451204292322628,0.719049576716978,0.2616035737289863,0.6383935872687139,0.0,0.6475831239036588,0.0,0.6293371128903376,0.6920487734655,0.10971593162841554,0.6440165516633642,0.35143793486277075,0.0,0.6092848584272194,0.23982467006853606,0.4538012443654904,0.34016067163638997,0.0,0.4306558726556375,0.4921216469211511,0.7091323189055837,0.7054896142433233,0.5811395998056852,0.6421181622829146,0.46833880259974614,0.45335939389945823,0.448548813744086,0.4676353812409319,0.2572722426775887,0.39692765546227465,0.39177821975777805,0.11517121485600355,0.5348263930399348,0.5432029643507679,0.6719333188769876,0.6784785597027546,0.6559108386113274,0.1619178589792354,0.5903305765726581,0.23017937843995107,0.24250885118915183,0.6545303547293588,0.34661813366910077,0.5074347198053869,0.469264338749109,0.4207691011892519,0.5418074138852024,0.6572772671346891,0.5069117898534508,0.3746771946167531,0.439813890066448,0.46496208505764164,0.059012021414202726,0.5755065939673991,0.5329677789785982,0.6035113302006743,0.7112939364850137,0.5311537450129826,0.4332303692487325,0.05830801148266063,0.5800688939977973,0.11015110175507326,0.5106183217162886,0.6552299628481199,0.7184217694682026,0.5190009696147988,0.33417661075110733,0.38906687351707125,0.39076001283655387,0.35056468591670853,0.5222362194080833,0.6215981602489764,0.7240356083086054,0.28880615713611907,0.6939816515926958,0.5905044510385757,0.4004641222763712,0.5971372376553551,0.7052568607407231,0.5522739545435027,0.12198367857177224,0.674031199299246,0.7240356083086061,0.6252127299961016,0.2953568371651895,0.06283847015326084,0.5973149554821996,0.23573076226175158,0.7240356083086049,0.5085678446101843,0.6675517390949849,0.08155328443963837,0.613831055483375,0.48242949244701855,0.5277975704747893,0.0,0.5126530449663743,0.5806190593185409,0.6432017664184989,0.16177207020045137,0.6730655771511057,0.24526132653772198,0.4998971057469372,0.19969025666490503,0.5226565563353899
attention_zero_shot,PDZRN4,0.0,0.5277727434747975,0.390205067272895,0.8253470462522314,0.6739578518125582,0.6630116461684102,0.24563709606264114,0.30681363753737567,0.9235790882025363,0.5848202908475494,0.2590349991654209,0.37141777085799077,0.5356122900559404,0.8331537796857412,0.5759632126203718,0.5958848352507214,0.15598194279158442,0.938408471445597,0.4656198078141345,0.7483613469051117,0.2875996208498073,0.4059808608040605,0.0,0.724896609226362,0.2414414351565441,0.5038419792230437,0.0,0.5947406550858231,0.8756568723848374,0.16747837184230732,0.5116132133276398,0.41651329551610805,0.6460854169061957,0.40840730902132627,0.8331585746175957,0.5000566180281248,0.25187700696007914,0.29423536310785126,0.9282272138929564,0.6893736354921084,0.3706469158393435,0.7948700793857607,0.5262835884696329,0.4157372493850558,0.197616206285676,0.6312859663524285,0.6414289281124249,0.6767078682005772,0.0,0.6936142522506836,0.38210076404684246,0.3180493454796988,0.9586950763069242,0.7659136130688604,0.5439715960385684,0.11368415156178494,0.5393483232185994,0.5086645905473841,0.13091761303800803,0.0,0.546606778538235,0.35553376274477516,0.5735295610946459,0.524438787411279,0.5972292706818443,0.43135613548523494,0.41652401140918077,0.5556788560096395,0.24962104853341824,0.8383539341002886,0.5998322807438152,0.0,0.4433198515494336,0.7979424176253607,0.24673283662866907,0.0,0.6252244337495243,0.33870072216727587,0.33870072216727587,0.5638158462505739,0.9557845445451671,0.37683147547457624,0.7268229005961699,0.0,0.7336058731909809,0.0,0.8507307891936927,0.9147086423272452,0.1154341005225115,0.8426155204602632,0.5170451578832788,0.0,0.6872528191370173,0.4431479179681486,0.6645414932592102,0.29431930771443915,0.0,0.5362320851974659,0.6297150981705012,0.9319350908185013,0.880806075025242,0.6860869409704156,0.7182005075079431,0.627977208021646,0.46203314474813395,0.8172601384767558,0.7346474544370762,0.26608461469027445,0.38072076916166053,0.4668199038280838,0.24283562616114018,0.7622498488765941,0.9262295081967213,0.888898971762577,1.0,0.8980644437740167,0.3281958849481283,0.6439167304569796,0.4645390645462089,0.45443385443086226,0.9804839968774395,0.3429472666006924,0.5825778038593397,0.5996149374096971,0.5459620237613653,1.0,0.7489217043210068,0.7928001372161348,0.4437058842736646,0.5182631500341445,0.5984786228103802,0.060068630791701196,0.4041142352772381,0.6786483752842034,0.6835745402198586,0.928860129742353,0.6039349084609263,0.48460767798606635,0.06092792544017145,0.7656046336336999,0.11443157637842111,0.659063626843224,0.897270935500318,0.9794464866831392,0.6448533722036159,0.3619465401483455,0.36532987510501436,0.47752251821111974,0.5046523519936488,0.6143890967611487,0.773233744978887,0.9191769670501444,0.3471157760562306,0.8640282387251521,0.5291668845940197,0.6136561305007354,0.7855192646685412,0.941804793843912,0.8046708660508205,0.12300693820211056,0.8913362126812069,0.9865294945083574,0.8052141309016845,0.25759851467329153,0.05888438083401745,0.9734354669875463,0.26935290429222103,0.9640786520222864,0.5125283531113983,0.8670123798625785,0.228981820979785,0.8887240356083086,0.7334791269314954,0.682727038091354,0.0,0.511006246807592,0.5334212741078018,0.467633925882797,0.15872079289279237,0.9802517139056584,0.6451135663747095,0.7270588182004752,0.8481152761825207,0.8361521785657426
attention_zero_shot,IGFBP7,0.0,0.344099402103931,0.17731276292012266,0.8004991413199931,0.7110795325488443,0.543175920674479,0.34007920383918216,0.18432704421648083,0.9124853844478225,0.5724022902910071,0.27370654780556697,0.3625610151936024,0.572609035768042,0.7598334949314257,0.739171921624739,0.5220535599881531,0.18415583808039054,0.7810246512978918,0.3528769457112608,0.7280949393918643,0.16919618106518755,0.42006133544456853,0.0,0.6986954630327027,0.2808896244109427,0.49324775169971824,0.0,0.5296213793701615,0.7750840282297191,0.09599006181184923,0.6938819967847271,0.7091128113685311,0.5256998164009717,0.4150431383053694,0.8047984519427311,0.4947402761509412,0.1811245805953966,0.24455313004936383,0.8926712932138918,0.6522734276818739,0.31215754513261396,0.7470565904671156,0.4118005135759379,0.3770325597358412,0.19319885577105975,0.6191715449521442,0.613827979057162,0.5751587199894694,0.0,0.6545723319524558,0.6760363222694217,0.5703149098856114,0.9228724242661285,0.7523841391402056,0.5187876092287874,0.14631433522178997,0.3944515173838264,0.6372369506694767,0.13762872584601346,0.0,0.6121737381514825,0.3417089728874911,0.5121971116030396,0.5065054926617037,0.5574940744268417,0.43428937883138274,0.4678907436628123,0.5198599989149546,0.2639141726100705,0.7268877485646589,0.5447013731008223,0.0,0.46206757719339775,0.6813690399921021,0.28915166780696705,0.0,0.234487332731758,0.4057411775757787,0.4057411775757787,0.53966583390227,0.9159757398534352,0.3251234389659764,0.6571727466285237,0.0,0.6664567935520642,0.0,0.8409537555404644,0.8788250763578868,0.15374495637858585,0.8280858323998914,0.4191283606557086,0.0,0.6235113432939686,0.28601867318486335,0.7794645958375152,0.44717929178133226,0.0,0.513815480402799,0.608973062348225,0.8907680434914446,0.7984091625872122,0.6611923310632392,0.5989977404550928,0.5523635080307393,0.45835024874212077,0.4754791164713614,0.5274379776438043,0.28368344661022166,0.4032212743496353,0.4578735600333548,0.15108886696558158,0.5135170381456908,0.5587330644910945,0.8669199856427114,0.8124126834795902,0.8519888968230459,0.19883367861733317,0.5917315449286077,0.24907388735279629,0.28984166896186003,0.7660052702133737,0.37533957986988997,0.5489889240759009,0.555313899874097,0.49260423927433156,0.5054516200825554,0.6687351924288942,0.5732176263610668,0.4129417099578679,0.507487632294366,0.5464789244635376,0.07175243482063919,0.4679828802821381,0.6561677810833625,0.6163310386500661,0.8888069759909557,0.6170637256566278,0.4779921519387061,0.07054834306426921,0.7391561045580236,0.161891867937925,0.6351625007408913,0.8642803730060917,0.9736775405980744,0.6202744862688621,0.387099548759267,0.39547256951249443,0.47513066241638213,0.3938060044027196,0.6011284785022074,0.7343256897883984,0.8406845199960511,0.36661376254432904,0.8234618041886089,0.4931915068747153,0.39289378074807324,0.6617461401813867,0.9141531439076798,0.6167248613934053,0.1315793862656213,0.8679808806259808,0.9691647458056873,0.7727603267038572,0.2688503281073878,0.06416083058786326,0.6634377557987408,0.29714039310847545,0.9219679281613311,0.49415519071545155,0.866349118413451,0.09317702912599801,0.7418143790928639,0.4971965430144384,0.6659766985652277,0.0,0.5313030800570938,0.7250391061919957,0.6634549909439573,0.19490135506268572,0.8177959855809759,0.2390975350879419,0.5717635520614114,0.16236196400250336,0.5703387956015837
attention_zero_shot,RGS6,0.0,0.30292442980294837,0.17541212576493972,0.7722325197619591,0.6239115092906773,0.5259368773038385,0.7612294887146325,0.16830979815649902,0.9100687626463563,0.5587962681776186,0.1946773609248845,0.3269795434026563,0.44987925969342507,0.6427767668556766,0.5864546175961387,0.3315061355346841,0.18349154578464327,0.7051077384714599,0.2961450947770651,0.6989260857133184,0.1445170427149664,0.30072500242074157,0.0,0.6606387293073939,0.25220787706252484,0.4247074216274336,0.0,0.3530609521089796,0.6323283745440762,0.07595090645302902,0.38282074980459313,0.23051588631024053,0.45187526136399886,0.3493027529742654,0.7656971986498999,0.4833291206925176,0.16440834308460614,0.22176841348458562,0.8363927867460782,0.5665257976105181,0.3080958642758575,0.6645523594065088,0.33504996880413296,0.2986220699561186,0.14616007164439598,0.597699301857506,0.5454579903546369,0.3872139575734604,0.0,0.6910881986860127,0.426450836118106,0.3537057023595104,0.8678977865690937,0.7526522851777471,0.4538779524754303,0.18121727567542892,0.4448885129221416,0.47549170827614506,0.11345215426462214,0.0,0.39582917266241113,0.29714263799533475,0.4691460215231893,0.40403661931126333,0.43514167374327367,0.36379979708069626,0.36321304592577347,0.3805639331970504,0.24203348320119333,0.5674451465224426,0.3901324367918105,0.0,0.34646665097220225,0.5097711660587684,0.29019576953947573,0.0,0.13950242647464733,0.36639105576750197,0.36639105576750197,0.4918722623088369,0.8552759582129906,0.31401366806716785,0.5255212082648778,0.0,0.5399952250680695,0.0,0.8609757631703507,0.8212553269379347,0.17766198607522146,0.8112471816388671,0.36794933416991127,0.0,0.49015606446587945,0.2324013979350407,0.311123212501788,0.1825634735534186,0.0,0.4674933589337202,0.5559574547246865,0.8267247411014839,0.6765304760544898,0.7505819522520829,0.46972806210014956,0.5955691673681712,0.35252181900600627,0.37251604602726757,0.4425107085776535,0.19879126678847095,0.2872529535447949,0.4405225831697295,0.17643632587208058,0.3841162816793926,0.43830880278148654,0.8269052167198111,0.7196908384963879,0.8113859010402454,0.1912264872421587,0.46724210485751083,0.19618100820138468,0.24833414051598343,0.6650096702253802,0.3108140551919224,0.4618335662824572,0.6370615512939806,0.5788826530254932,0.3592933451346008,0.5278426054116507,0.4794878818566126,0.575454460822134,0.4367178431251661,0.49046698280068746,0.06308409174293471,0.3607178661925219,0.6069965586207675,0.47639844423983685,0.8261347815400425,0.8959487881526065,0.39943865414511337,0.06456518779633774,0.6852869025443418,0.11051780193249454,0.622121400901084,0.8647153205356127,0.9406055335101993,0.5780969112523914,0.34713908441958363,0.28899885682032295,0.4375296436419044,0.3161798646150408,0.5839448745600561,0.6493554485008654,0.7276506478104269,0.351908139627594,0.7552743859706652,0.32573854773739486,0.33164940276680516,0.5834454479290355,0.8694616227827598,0.5272746202324536,0.1083102156212888,0.9353177646736102,0.9420989566211143,0.7121615614031067,0.2053164657357734,0.05342353865610838,0.5488843805069261,0.24247569432581678,0.8585878363631062,0.3757830400583896,0.7826955639124134,0.0827465391324534,0.6673467000036127,0.4129694339283128,0.6478997326127252,0.0,0.8383565588171741,0.5122147181300571,0.44255105969795244,0.15562134509065487,0.7349279593096808,0.17702618929852854,0.49933930544180055,0.11812029780005344,0.4636303491335624
attention_zero_shot,ARMC3,0.0,0.0,0.0,0.0,0.0,0.0,0.0,0.0,0.0,0.0,0.0,0.0,0.0,0.0,0.0,0.0,0.0,0.0,0.0,0.0,0.0,0.0,0.0,0.0,0.0,0.0,0.0,0.0,0.0,0.0,0.0,0.0,0.0,0.0,0.0,0.0,0.0,0.0,0.0,0.0,0.0,0.0,0.0,0.0,0.0,0.0,0.0,0.0,0.0,0.0,0.0,0.0,0.0,0.0,0.0,0.0,0.0,0.0,0.0,0.0,0.0,0.0,0.0,0.0,0.0,0.0,0.0,0.0,0.0,0.0,0.0,0.0,0.0,0.0,0.0,0.0,0.0,0.0,0.0,0.0,0.0,0.0,0.0,0.0,0.0,0.0,0.0,0.0,0.0,0.0,0.0,0.0,0.0,0.0,0.0,0.0,0.0,0.0,0.0,0.0,0.0,0.0,0.0,0.0,0.0,0.0,0.0,0.0,0.0,0.0,0.0,0.0,0.0,0.0,0.0,0.0,0.0,0.0,0.0,0.0,0.0,0.0,0.0,0.0,0.0,0.0,0.0,0.0,0.0,0.0,0.0,0.0,0.0,0.0,0.0,0.0,0.0,0.0,0.0,0.0,0.0,0.0,0.0,0.0,0.0,0.0,0.0,0.0,0.0,0.0,0.0,0.0,0.0,0.0,0.0,0.0,0.0,0.0,0.0,0.0,0.0,0.0,0.0,0.0,0.0,0.0,0.0,0.0,0.0,0.0,0.0,0.0,0.0,0.0,0.0,0.0,0.0,0.0,0.0,0.0,0.0,0.0,0.0,0.0
attention_zero_shot,CD83,0.0,0.3727345879257431,0.16220810498389449,0.8381800376759231,0.7142834302753605,0.5751173721725009,0.3018110002513301,0.17731444291673243,0.9354255477963798,0.615622366484592,0.2958830716490568,0.38528875076727337,0.5904729066775144,0.9237546821034197,0.6218256692210443,1.0,0.17851058783014642,0.8784780361759,0.38227475814381484,0.7606567987318918,0.15196182159789082,0.5520439350613711,0.0,0.7696085181671445,0.28506822039856955,0.5738608941118035,0.0,0.8975409836065573,1.0,0.10750802898708067,0.6244206005601151,0.3226358555102712,0.606370405406507,0.4623477283907179,0.8668706498179377,0.5328953614700437,0.1726303508708984,0.24577252926887946,0.9597514561968353,0.7515562209439762,0.2991941703970677,0.8536755268183804,0.4706387861075688,0.4408434948825803,0.17590178202959145,0.6398105690903753,0.6961197797258832,1.0,0.0,0.880767811000369,0.43465662841757696,0.3753312541223248,0.9889865327550788,0.7619172752576652,0.5746443649218379,0.12836395900424083,0.4133950865756937,0.6024250280094255,0.14120242691671267,0.0,0.6758364938199405,0.36589608127531986,0.5468110385557889,0.619513741278645,0.7185982636497401,0.48956817962314325,0.46143638838336754,0.7231273581534615,0.26432770052393356,1.0,0.8025477707006369,0.0,0.5396635343263925,1.0,0.30838951488765354,0.0,0.2568654067035606,0.475152348047903,0.475152348047903,0.5960325261099042,0.9899637881004341,0.33376168348375823,0.8489395878319231,0.0,0.8461114175399889,0.0,0.8472424186433414,0.9472867125681891,0.13427657808206686,0.84541916972208,0.46091078444540484,0.0,0.8176241669504305,0.2606161605257823,0.6181929140239177,0.3860485479398744,0.0,0.5587396391805014,0.6712542900760884,0.9688016562903017,0.9743852459016393,0.7627073880273292,0.7808537626921166,0.5976603383235528,0.5698825251226587,0.5846579439669598,0.6248220715313906,0.3336145015636484,0.5231752588986284,0.4936444717818507,0.13052040382016786,0.6874116269985945,0.7384260469966777,0.9127935690762229,0.9326474725417869,0.8973347204143696,0.19200629594926288,0.769954469402389,0.2549527652241466,0.3034806622070638,0.8986851637714558,0.4628732573004182,0.6915813004826536,0.6304441676102779,0.5485430530337417,0.7305898901671476,0.885459940652819,0.6788213546048236,0.4433549563095014,0.572297617130871,0.5909527356233474,0.0629607219248615,0.4716551655799168,0.7146236262364621,0.8280228956884111,0.9647978225037359,0.7259744652067304,0.5493764036909594,0.06243401318446438,0.7977456869506956,0.14021466750479838,0.6864287577613845,0.8727197118956662,0.9911810980484351,0.6915687066925318,0.4318327686587355,0.5289616307887024,0.5023857722385796,0.45477535379567147,0.658348016609658,0.828821521137927,1.0,0.3589440984825763,0.9051529303285485,0.8155737704918034,0.43599359097935425,0.7567474467069386,0.9686714395825504,0.728386177164814,0.13263252917782375,0.9248428098296141,1.0,0.8416673306426793,0.2918184803954035,0.06694670088096369,0.8163492057336322,0.31432225342165065,1.0,0.6379715766790108,0.8972873398393069,0.08749527140580461,0.829146910663867,0.5790436827123739,0.7082013066617162,0.0,0.698917397775043,0.6100800696481296,0.6225045808656414,0.1770878417806345,0.9218156801523921,0.2672152964560399,0.6449109120788823,0.21617302570702301,0.6992053723787143
attention_zero_shot,ENPP6,0.0,0.5180079105690399,0.49350340988727337,0.7804105320743754,0.5505500816284739,0.5425077430889076,0.16072076208693364,0.2931145637025507,0.8705096776650981,0.6389563193423585,0.18332287939687344,0.46540002448727824,0.4085795064455539,0.5786964835861187,0.4564861405369867,0.25123335842956684,0.43135664758918874,0.73105114253572,0.34006470793184645,0.7119849619630545,0.2943752849393195,0.2429612473537628,0.0,0.5838572301149676,0.47961282074691325,0.44895087757188007,0.0,0.27544268528647137,0.5575469845265623,0.10053239290198947,0.325511983259276,0.27196136569930796,0.5477242328888876,0.31209105168993134,0.7083296528633148,0.6150944831140767,0.31680223144264996,0.40085727831035695,0.8015907629360898,0.5177004612712216,0.3704442776204621,0.6187416097872861,0.3537785075749078,0.3136371389219589,0.26425300283040687,0.6345220712556947,0.5703652684466222,0.3047166899703121,0.0,0.3783181374462914,0.2939486068799425,0.22264219687476414,0.8337634413362656,0.7674810156102884,0.49526671534989153,0.3804250043631597,0.5340620429993919,0.3406879088953398,0.11153920841398031,0.0,0.3341348475770439,0.3713465785114162,0.48464249581690827,0.35000902522400495,0.37260081480408846,0.3242236033143196,0.32966880583035824,0.31340736274462355,0.3087917962026766,0.48768598208338787,0.31758251773676194,0.0,0.29534916843688985,0.4274137446814335,0.5818076460085971,0.0,0.2535748173290137,0.21130000564233473,0.21130000564233473,0.5164437582686677,0.8179351412893631,0.38708944820529717,0.45735091074931067,0.0,0.47360775773019254,0.0,0.8536919909750249,0.7857633184261272,0.3766665612467219,0.8046811177079016,0.46992913138371,0.0,0.42211376645443377,0.28555730793385153,0.3184470771190627,0.16888437538989876,0.0,0.5070928145057113,0.5776879959515011,0.7876096773803276,0.6098537536157923,0.4900762687425542,0.43088091842761517,0.609829958846728,0.29824294554054787,0.44924337834314426,0.5578581625342582,0.1771277197708046,0.23107414540439808,0.45102740999611374,0.6343506002701157,0.40467632854155094,0.552577621907942,0.7931111049198248,0.7243232142201459,0.8042420429925757,0.5374404122645909,0.43358740267494345,0.3442056378946305,0.3596822291418877,0.6739051072637064,0.49057036686174826,0.6602927028763164,0.5840603164461008,0.46931852434622306,0.41418683021781005,0.45603165330562795,0.5040227544676636,0.484545325270611,0.39626721352686006,0.4897484006132341,0.06441175948324566,0.24859906346175875,0.6125585114628526,0.406223143198951,0.7877800005140568,0.3762889155825836,0.35575676008632146,0.06622071512810741,0.6522471358200806,0.11065568737244984,0.6463718001936881,0.8700347349730293,0.9251141300970653,0.6490848622458258,0.4766240262615544,0.241723751737645,0.41427791922373836,0.3568845972869349,0.49209942433302095,0.6031901095940957,0.66434598826153,0.39009484165789454,0.7141638945959154,0.25202348153939874,0.3958112231038308,0.5639943277299311,0.830132016990769,0.5319463652268679,0.10686471873822273,0.7615265473075817,0.9245428965859254,0.675327746013242,0.18748761852673315,0.05886501139341011,0.5596493874135229,0.21429283929048865,0.8197413640663771,0.31619883419449824,0.7497137849442441,0.17087018546455282,0.6740694961983132,0.465235940050784,0.7155453551249986,0.0,0.2787211278896642,0.37668938817225245,0.27197445444963875,0.26499802340553236,0.7382707628091856,0.2921241618509259,0.5174666945544354,0.25619948623959976,0.4927443384089286
attention_zero_shot,F5,0.0,0.5764374356034768,0.33507853664894705,0.8340796939396199,0.709205651616606,0.6958885587373458,0.33569775961874143,0.33191992898149414,0.9258434115150537,0.6225639007704994,0.3071106289078992,0.4476095562085374,0.6070565531242572,0.8649340121265525,0.6306776367983884,0.7979424176253607,0.18256022758549162,0.9313093352095144,0.5511206385638729,0.7611025445301693,0.28607333364113924,0.6039872405360402,0.0,0.7563369967433492,0.3430402084517149,0.5983482688948449,0.0,0.7748559194921238,0.9049140788825226,0.15028439707199165,0.6418496897736025,0.48485158724777416,0.707635779183379,0.5070060908511053,0.8470620267327961,0.5513328623329325,0.27136841766052533,0.3598878874699116,0.9335437165675522,0.737162306954861,0.4228719088299663,0.8231638615394488,0.6210268707757063,0.48827803972000866,0.21937322893006453,0.6463355187462069,0.692653366953507,0.8203932601114317,0.0,0.795742834833789,0.4850839700390354,0.41357552496885336,0.9615936674432805,0.7698811789490492,0.6091185108902015,0.14497066322608562,0.5613816103963225,0.6242729221832937,0.13333756924476206,0.0,0.6761476989558821,0.4510102423381418,0.6114380445528997,0.6363355433145074,0.7046347985000191,0.5302507206182375,0.4998777240650121,0.7037859040064264,0.3496715753956291,0.8845385243573489,0.7453478150187915,0.0,0.5824898886620752,0.8652949450835737,0.4053153973384229,0.0,0.46392249962405274,0.5591338147781838,0.5591338147781838,0.6183388654692521,0.9592524234043697,0.4121303612306001,0.7951171754471275,0.0,0.7962868442048677,0.0,0.8523272513413538,0.9212695159943802,0.15214934588368692,0.8461924404498027,0.5885940233820522,0.0,0.7706520673671461,0.46318714631589986,0.7865264048013155,0.35342170573650833,0.0,0.5877618535088586,0.6720333726653009,0.937727849046714,0.9035096797823389,0.7431620426121582,0.7933470388391584,0.6651794872194815,0.6054909728152982,0.8329052532320458,0.787717963549661,0.3741110546022594,0.5871471794411071,0.535617335592202,0.2509806146151664,0.8354037415299499,0.9129755337113483,0.8954343263647784,0.9834262893100574,0.9036499537042076,0.3135512620634805,0.738872269001785,0.42956156148305386,0.5128861811214241,0.9643810529767157,0.5451173384158639,0.6869333528945047,0.6636765474241454,0.6108245917954559,0.9563056718174239,0.8158759165020716,0.8093792725079028,0.5154857701738368,0.5923765115673529,0.6418863392633121,0.06992855596338181,0.4424628116608749,0.7099997533052567,0.7739818144427562,0.9347884522638236,0.7095522662046793,0.5783153728976906,0.069290636443987,0.7851375808308916,0.15992803963651095,0.690057842584749,0.901678916372916,0.9800295650751067,0.689246700678164,0.4962735843276412,0.5961190114304636,0.5201737412142936,0.6147296071061713,0.6611298123052519,0.8034692456483687,0.9326474725417869,0.4015227947182114,0.8772937764105031,0.7384260469966777,0.6368939153023923,0.8198361823215745,0.9454997275681081,0.8437366928406564,0.1272882296643699,0.9000293156667104,0.9869640269435717,0.8229219371833495,0.30830414202683143,0.06291554085749057,0.9284345676208695,0.396421964415313,0.9670110069592426,0.6518059665081416,0.8768633146875727,0.2306381866844733,0.88767892524238,0.7613575022774802,0.7053893925134002,0.0,0.6888221570593767,0.6267370192862414,0.6450892839218646,0.2133949908115826,0.9680806694925987,0.5313841472707838,0.7488847866715381,0.5246938105060754,0.8458607161062255
attention_zero_shot,CHST8,0.0,0.4235989956560175,0.2665137125278235,0.8372404302918759,0.5919206571046709,0.49364833103901473,0.20768555283002163,0.3528085267920688,0.8829208503079572,0.594530658613786,0.215465535667908,0.5405996097440151,0.46462996354233704,0.6455258747399755,0.5047518119258833,0.3848921407372804,0.3933689150814541,0.7198800957105609,0.32163643308203144,0.7637841692663501,0.22912013965920547,0.34517090441260256,0.0,0.6272963343649745,0.46769182544047955,0.6203827250262001,0.0,0.3995544117150625,0.6365271740720293,0.08117648719809151,0.41239019175928976,0.25747389389246855,0.5545596836198371,0.37200705755200986,0.7411138824859618,0.5443716351103011,0.28234913344928064,0.3952911028050168,0.831041003105586,0.5737509183680047,0.46347304043718024,0.6880362379888065,0.36252718484792706,0.34455781267509467,0.2646227277639874,0.6943739442942928,0.7175672700001465,0.42882841639890323,0.0,0.4805277945051311,0.35386461274202097,0.2773638406271244,0.8617886698846572,0.7928359752812842,0.6176367585366463,0.24617155009367578,0.43356430696545706,0.4196680984408069,0.11914314755577485,0.0,0.4255855933665321,0.4989406758834554,0.4775207874363241,0.4289892147694721,0.4594790233041023,0.38627946652861517,0.38232226552733634,0.41561701980346333,0.34632534215540495,0.5791367278728761,0.4261802783617792,0.0,0.37809031938928395,0.5296234017402732,0.3596247102862186,0.0,0.16381103845472156,0.3135096627011745,0.3135096627011745,0.6387449397102174,0.8489630728965109,0.44335271328337456,0.5400920617017048,0.0,0.5525879472756596,0.0,0.8606135721838108,0.8162469003559566,0.24704751434027564,0.8097805295693941,0.4636899710977934,0.0,0.5089919749544476,0.20718659151211252,0.3570472071080095,0.2125065517577313,0.0,0.6122764173983576,0.6937114559859815,0.8210243729572562,0.6766831447696491,0.554430497261083,0.4906067728252905,0.5523319550069397,0.38512115404056163,0.4016588196772001,0.5373228996026618,0.23112136911508316,0.3332838024632379,0.5842630044300321,0.22608233165661928,0.4168272691985223,0.6426187403312814,0.8169289996326184,0.717268740311398,0.807978959202074,0.31217896408651385,0.5716645590051447,0.37837996174806543,0.41498069328023773,0.665910036833792,0.4355452082207211,0.5535586811195776,0.5468618541383713,0.4578074963034847,0.3991960731617207,0.5429098618056417,0.49479767320237783,0.432290909337308,0.45231767062364314,0.5009597538411006,0.06571919903206769,0.2930920231131052,0.704472367897596,0.49767388898843923,0.8205642301367037,0.4631671240825975,0.4201109886048502,0.06745202005492963,0.6850313654427275,0.1326450139772359,0.634890766653867,0.8544235085151246,0.9370152545491219,0.6190650511758806,0.42919688589312477,0.4002879736927129,0.4464550334830027,0.3734611830073807,0.537824797227765,0.6528674328522082,0.7242619941236085,0.5041830721021267,0.7519370287263563,0.37613520796798994,0.3209141549183249,0.5712848921241139,0.855684431255479,0.5171756194822742,0.11446865788001724,0.7931186231257688,0.93801238627585,0.7107882392785537,0.22040513780413235,0.056458879417855774,0.559686946243979,0.27362137111336987,0.8519184783256416,0.4076495799839865,0.7791640251137404,0.08805670014036844,0.6679194420214561,0.4333960289608703,0.6774257320126257,0.0,0.3873188885146815,0.44619195497226355,0.3741841115084786,0.4208146157544104,0.7319588651013585,0.1950648003888783,0.5101984487090587,0.12558371179476743,0.4823159856742579
attention_zero_shot,IL1B,0.0,0.3100490703317289,0.14455748084674414,0.7276446976852974,0.6045779248314755,0.5003972948293333,0.36430613200352263,0.17443020283423702,0.8655355270763847,0.5015907438259324,0.20470678931041772,0.33039765295192836,0.4414520937720802,0.5715116446972072,0.853509448927913,0.3539904680676561,0.1402967467378014,0.6372709860950738,0.3169001222764708,0.6656213632687473,0.14402771061724007,0.3310048711159467,0.0,0.592848499208785,0.24693841649386614,0.4018661717315752,0.0,0.36523682360854054,0.5544761848742455,0.08498131306689281,0.382370939516825,0.26194673157878007,0.4284136188191499,0.3573448944660212,0.715386026425238,0.4356703386104229,0.16689520321306664,0.2439848267921917,0.7743580411363341,0.5226971052941217,0.36412031658720834,0.6058551967482465,0.348105973530208,0.30576552464592627,0.15010820241805037,0.5780199298796184,0.502264107376211,0.38475282673110106,0.0,0.5470196942554123,0.7688204425116112,0.7207596136311377,0.8044508560089452,0.7436008256153893,0.4356604594877177,0.12134799576084516,0.359200500316456,0.7948030450402972,0.1136282018491676,0.0,0.3908591463743303,0.31101341408743993,0.4599460107849339,0.3990175547699852,0.4193824751660455,0.38692380475064886,0.38709902065175583,0.3833014875025025,0.2575664404620184,0.5030695908212739,0.4009348572601783,0.0,0.3577181513908371,0.4616587233897134,0.2708794377348475,0.0,0.1550228898774256,0.35368587423891684,0.35368587423891684,0.4584701719618304,0.787589581174176,0.31065821597838483,0.4792194581251527,0.0,0.4907981507528617,0.0,0.8272252581199923,0.7594107008134063,0.12291910005105587,0.7933383836448284,0.364611451773129,0.0,0.4539278159576825,0.2832040914024039,0.33865073241289695,0.200172527094707,0.0,0.44584871199893056,0.515264639651825,0.7631227688919325,0.5973699148834342,0.5539955687904647,0.507441453517523,0.49100393249924007,0.36217165231776705,0.3753945266067743,0.42037938857262447,0.21833524655813186,0.3225848405684801,0.4198003259758472,0.136550030773416,0.38316409509367516,0.4125247609355085,0.7866494870232771,0.6454475293257563,0.7658655335238853,0.15747003026507045,0.43627237242137085,0.1991271608381085,0.27430871906741616,0.5972093657339517,0.3113118167902587,0.41740013095222545,0.4690665073075104,0.4179308799731537,0.3679716827111308,0.4790521765881967,0.45275609197061517,0.38813673914761065,0.42363314002898467,0.47183848012762347,0.0719739622371112,0.6438271981412735,0.5623822623748256,0.4435390547134163,0.7594352621502295,0.5192394800942373,0.39468259482645385,0.07358326860764439,0.6397145650038838,0.12345639130260863,0.5509023377508414,0.848156517007308,0.907715285594381,0.5170946464102609,0.33081473379124937,0.31537300635153637,0.42996749565941966,0.33627930556619573,0.5567779359178563,0.5935746670179669,0.6411058155931423,0.381184421347137,0.70065292682788,0.3496240211104922,0.356759724838325,0.554223342325382,0.8207234430358438,0.5092846059178928,0.11008203726755837,0.7777643022217878,0.9049985982452435,0.6590149152931717,0.29582031751302934,0.05722051295122965,0.500280588439483,0.27821742636979524,0.7881935960877561,0.3777520596717008,0.7284504833841583,0.10012179110711154,0.6114145602305492,0.4043790389318516,0.5911481764867742,0.0,0.46121060688360954,0.8975772720061548,0.8967705145339636,0.17806727939175754,0.6642366312360023,0.19143496137479726,0.47281900847918534,0.13605583356090706,0.4389826400758802
attention_zero_shot,VCAN,0.0,0.39770015250977564,0.2608031719073723,0.7616839493007351,0.6206495970046411,0.6106990003339239,0.28413800351346213,0.2626152786318862,0.8756134733012988,0.5196968030341267,0.2465630183467402,0.363574754126206,0.5001243961945245,0.6136219440872488,0.5421615456264398,0.37593509155471877,0.1655524950637508,0.726895150857511,0.41415721847966214,0.6927371643538175,0.25027574004554537,0.3439634505152549,0.0,0.6190355076561308,0.2500886609024721,0.42057709554015027,0.0,0.43675279590878063,0.60059845859502,0.15605905690808186,0.631176628576484,0.6229886188888971,0.5058339332922234,0.3687365095093481,0.7267407271975491,0.4529455947604439,0.2353849322100771,0.2851896526362778,0.8071416583632327,0.5528718266087942,0.3398381289473282,0.6352209218518009,0.42234880094126187,0.3557300161183997,0.21622135552612692,0.5981908886323251,0.5284921221825226,0.4126447920515,0.0,0.48892021878929703,0.4070080810538824,0.31603045521529954,0.8375732487406091,0.7451669589990864,0.4800528985241575,0.14099032746139925,0.4492115515351403,0.46376346156168663,0.12457377309579293,0.0,0.4857648579438861,0.3537377803947733,0.5420500619242905,0.41796505440876963,0.4435193087553435,0.395412783129644,0.43466508172584356,0.40384264859748653,0.2795960817599536,0.5461346120397955,0.41211832047785907,0.0,0.3729691809360758,0.500748073243775,0.2715709138260241,0.0,0.30944159965437307,0.34391909805665133,0.34391909805665133,0.4946525211629931,0.8229372155507706,0.3470911340521258,0.5147207054594439,0.0,0.5267319390142147,0.0,0.8372352444682531,0.7922906159263398,0.14527857392921434,0.8126028097773718,0.45522763580612435,0.0,0.48657404932086107,0.3568575558111373,0.6793180562603331,0.34676293623863547,0.0,0.482426820095843,0.5384323294687943,0.7946296550739667,0.6415560482517838,0.5524477021673647,0.5407986963012789,0.5439490360875964,0.37886029200443866,0.5070220862752546,0.5692533531574845,0.2675131487910519,0.33385941385829493,0.4371784655824327,0.23478837984622644,0.48883226908240734,0.5386886634183113,0.7994467737960207,0.7456447436009631,0.8241633569021902,0.2588125928711737,0.4658480938651909,0.3199916187753634,0.35497154405651443,0.7023945287170262,0.31990226301327834,0.44259815709102873,0.508108464069564,0.4859329773127825,0.5046766059597703,0.5160678639740734,0.5540157877899975,0.4212442661623042,0.44215327719481745,0.5282941891710144,0.0728620894103354,0.30925904764492357,0.5865594287630232,0.4757803420941455,0.794665497009574,0.4953523744234146,0.41181201092072695,0.0738375230420514,0.6663933214956322,0.1491124169255617,0.5854596048271483,0.8711460376251331,0.9356035420468002,0.5421829136393466,0.34147603370902396,0.3257226973477745,0.44070062181356146,0.5287635018816126,0.5369210644489184,0.6756059628877282,0.6879675457773594,0.35055090881006035,0.7265401419735356,0.3692503851083949,0.48044843275244015,0.6050949752852774,0.8347169799464368,0.6000663461388968,0.12046022218112626,0.7840836446700991,0.9243557686732993,0.6892305261526921,0.2326272326794073,0.06034764477548543,0.6058187697894326,0.29485866287943985,0.8248238853486929,0.39803207522666356,0.7860706887711122,0.2207934972792048,0.6964422995591641,0.5349274096473189,0.6114566891347347,0.0,0.4151727988251772,0.45236176903483055,0.38533219906724026,0.1796144841486011,0.7564915906463349,0.35212102602616085,0.5566185319457512,0.2916949249487017,0.5498071543521552
attention_zero_shot,HIF3A,0.0,0.3117202568775167,0.17077487397578264,0.7679727719961379,0.5976409705071435,0.4966763426709195,0.21511194543015352,0.23083864341955443,0.8867016635648253,0.5526356106884954,0.9203129261383562,0.33606202820175685,0.46820470207363835,0.6570513974254425,0.5089622120493857,0.38718416849844567,0.1729497740526044,0.7092863522947715,0.3204036270640567,0.702609078180262,0.16495932759633725,0.4447897469323798,0.0,0.6436942827731398,0.25220379710777335,0.4908092058637939,0.0,0.4027979966467367,0.6498195248562547,0.0880380256399617,0.41528505408328936,0.2729090167969245,0.46521767849253604,0.3725291736216067,0.748493230079859,0.45964307702239143,0.17967515799785183,0.23373544966380358,0.8392074375107978,0.5809630220601616,0.2748560887321314,0.6707400807764387,0.8768743520332419,0.32805757151275017,0.18188412937575285,0.6129149275182135,0.5517801548648956,0.4343238478447191,0.0,0.48822404368649575,0.35373878435411826,0.29062200536403276,0.8797760035495901,0.740204585860425,0.4701413369123053,0.14315106265129776,0.3747136499670676,0.4226338265759264,0.1284829754052381,0.0,0.5861229833299182,0.3127717358076898,0.4964304270760153,0.43239880558690896,0.464852245183092,0.3873495279702936,0.38310146733746253,0.4192563455659737,0.2537283847500009,0.5914561123322971,0.4307664430790113,0.0,0.3791254449785833,0.5403881263738343,0.2675884091660302,0.0,0.20583103765314098,0.3107672786447918,0.3107672786447918,0.49275245074857676,0.8579008049927512,0.3378350155187526,0.5587707834271349,0.0,0.5618831920219626,0.0,0.8319299806396414,0.8458043941856335,0.14862106869116062,0.8371869120169947,0.3802015251542018,0.0,0.6312106246863549,0.2417511532504125,0.3570245004083236,0.30939533045282486,0.0,0.4741784709144222,0.5585599672888204,0.8301152860034121,0.689454958256303,0.5620090622479209,0.4976182973106586,0.5128254968933113,0.5809711439756894,0.43351369484487295,0.459105878956342,0.2559132308410092,0.33177730214198414,0.45963099062333146,0.1514209653570941,0.42032370811588843,0.46066913583063596,0.844110320258586,0.7281742231207343,0.8138307923397204,0.18838289590986398,0.49188182715817047,0.6124228111562385,0.7009737787916762,0.6765487343934642,0.3146585929638055,0.46268021636452694,0.4915549439374795,0.445709382554919,0.4019832908656156,0.6408948503440112,0.62323243743093,0.37638396817223957,0.9516056504396834,0.5151202509453415,0.07023747199044567,0.3046441891464855,0.6366974908444305,0.5054675601765026,0.8294714690315768,0.46873445652887635,0.42252341864337145,0.07082390089195642,0.6913322030934856,0.15394684440934495,0.7048355048055576,0.8578153891784215,0.9410126852177139,0.5856123840089027,0.35891745695800814,0.3213319871142375,0.8987775073856408,0.3435586191511399,0.5427014726230208,0.6631835416599904,0.7373646436421909,0.32847704339869477,0.7607047891957576,0.37757731568835085,0.3561080580183342,0.5786606536593145,0.8631216942950637,0.5238334449772316,0.12358589098301585,0.8011877123021107,0.9425485157967293,0.7810076762461304,0.34818935130210976,0.05944382110399293,0.568482560967487,0.2705189105026318,0.8612492456977613,0.5976914272101188,0.7937584254448078,0.09396195273232794,0.8963982110747843,0.4364363578151732,0.6294079443621479,0.0,0.3893142939087737,0.44989212777930376,0.37523388050255235,0.19578510667320168,0.7810620239208912,0.7382391960725392,0.8589450761903903,0.14300641137915998,0.8774425104870907
attention_zero_shot,DEPDC1B,0.0,0.0754821275009666,0.07063225591367506,0.08060848446076271,0.09964925224676323,0.10369581719674877,0.7346432299979799,0.054787702620132675,0.0995053674364244,0.07500694607527858,0.07735117994525825,0.07086943083728293,0.08113788757015025,0.08621585157581868,0.1558161345420664,0.08658155068910123,0.07935167205361798,0.083684080845959,0.056085468265648065,0.08106977060147974,0.05993870548007285,0.07094138912567947,0.0,0.10014685956198749,0.0797542240389053,0.07467782837106607,0.0,0.08658155068910123,0.08658155068910123,0.05457543305100346,0.08080850642183396,0.08144530544873331,0.08129262399582285,0.07961112641018699,0.0924504310842103,0.07725357811047377,0.06998457082935353,0.07702843788131104,0.08575461327061241,0.08329240457111625,0.08407177601761322,0.08236118421260133,0.07362245315941847,0.06825499357229206,0.07337480955361476,0.07660187930983188,0.0826788716827877,0.08658155068910123,0.0,0.2595898334852709,0.18237614030701982,0.18048914683439848,0.08647399212637107,0.08405653913739995,0.07609777610241909,0.06397108401078945,0.06316546803174249,0.13365501823003162,0.07718399035200121,0.0,0.0833497981347494,0.06474340995679914,0.0729546411708688,0.0790261858273519,0.08091245157946884,0.07620265176950719,0.07652795347285725,0.08075182881569858,0.06181870999104757,0.08658155068910123,0.08167532565259275,0.0,0.07486690738840873,0.08658155068910123,0.0572049554728149,0.0,0.08249302982534416,0.19956567939953787,0.19956567939953787,0.0719122835430559,0.08637271601494345,0.0633864878345183,0.08348888991083984,0.0,0.08316425602106485,0.0,0.0905240885783091,0.08595715889151458,0.06080548541920213,0.08362700012469584,0.07498831185000501,0.0,0.08536255364482608,0.13185459732897217,0.08081253908672494,0.08475305512268849,0.0,0.07454890502879764,0.07650665829445573,0.08608475718335545,0.08658155068910123,0.24953548004441306,0.07980126124072044,0.07729970714982035,0.08118586016167051,0.07833929236197282,0.07662058607821375,0.0803165104643679,0.08162053501032183,0.0939193664896224,0.053132364766315755,0.07761387304174068,0.07986898061631395,0.08760935756798334,0.08424674370726218,0.08316144697467272,0.07931677447461193,0.07956555728116753,0.06447301842168397,0.06807953714629318,0.08375520539529606,0.07446037837767773,0.07950991457078475,0.07953035289256664,0.06800057346226673,0.07584143857264158,0.08536255364482608,0.08127791195462704,0.07044237666226304,0.07751688619246618,0.07982714019706803,0.04392418146239111,0.12280486206583709,0.07760569379110686,0.08589586485169645,0.08605912338441185,0.4925453059383896,0.07128548447106638,0.0437966318604382,0.0805190219002012,0.05643749018462022,0.08020920166110768,0.08959099984532905,0.08651193913104836,0.07692384738898521,0.07195981546625213,0.05997477702970784,0.07393539384061018,0.07770970646687939,0.09819446584123248,0.08538757132651581,0.08658155068910123,0.09309569309080101,0.08494942890488238,0.08658155068910123,0.08538099211615863,0.0918732966679801,0.08937596837628481,0.0943510954911878,0.07640180791904544,0.1486107410194244,0.08658155068910103,0.0849255103712799,0.07649247285465152,0.049833927463409304,0.0770196280757873,0.04853905080910739,0.08658155068910123,0.08030023943937177,0.08454544491271503,0.04036967711571243,0.08368412232915516,0.07688320731100859,0.07922408496058522,0.0,0.5566153476143443,0.15756782141621922,0.1855210697607733,0.06815644877252679,0.08438947486385914,0.06438684308618295,0.0772428453904437,0.06459284296457808,0.0764782493727695
attention_zero_shot,GNA14,0.0,0.4756192049445462,0.29621187884408917,0.7749152874215367,0.5985554364311085,0.6044756042188316,0.2868269278998011,0.3025374059871452,0.8765304268040948,0.5754255215826546,0.25236912812407564,0.516651177213588,0.5427205723117927,0.637261806320943,0.5289196966594752,0.46247823474682015,0.19190710729024715,0.74721290436708,0.5501197500943746,0.7470085013850017,0.4151068492215894,0.4214113433485834,0.0,0.6242089412755476,0.33721756464050184,0.4834794865620282,0.0,0.46855850616012534,0.6292953343081519,0.25237414133352093,0.4673726332118671,0.3840100974796949,0.5593254517871468,0.41761587595444566,0.732809942447899,0.5316004237801286,0.26187598501445297,0.3361372742200004,0.8072331219482021,0.5797959298621027,0.4603481479760098,0.6604987353130618,0.4804667364421119,0.5425506591087054,0.3606485273509378,0.6470522190709802,0.5667760659620568,0.48807450928268586,0.0,0.5172891404974578,0.4156336458200992,0.37196237465109616,0.8358965854811666,0.7807066946959634,0.620758755692929,0.18947869997026237,0.7205684533292346,0.4821855507063773,0.11265861698893548,0.0,0.47431127458907185,0.5372950064196208,0.5503561688136027,0.48260204098174647,0.5091584048009004,0.45287276160786405,0.45005663842127364,0.4842994083417141,0.38822430578021055,0.5865217190360155,0.492233166308647,0.0,0.4352094133045257,0.5520651956223501,0.39821650110158235,0.0,0.28860735223838524,0.39898463046965515,0.39898463046965515,0.6228997282012791,0.8220301420247043,0.3931452629831761,0.5567107200388414,0.0,0.5656173001867679,0.0,0.874781617718192,0.7933131279006451,0.18795133463028232,0.8126742247120021,0.6014036087236398,0.0,0.5342891246089151,0.3646939834876589,0.4978632566612554,0.2591830418163787,0.0,0.6050074085128084,0.572089962064396,0.8074758472327992,0.6838506701010312,0.5796516281878354,0.5854170924186135,0.7680351046536763,0.44253296096899963,0.5701637079278898,0.5992409731568258,0.28808751771024593,0.41299131280111673,0.5041767043600399,0.4027303503024569,0.5525858716209122,0.6052866426574751,0.7972855786336798,0.7599381014697524,0.8161213091948977,0.2919962970540454,0.5213926220007352,0.33736685498366886,0.4242737308372847,0.7425667453691208,0.43733717949405376,0.5262586558445455,0.871017567940022,0.8880519390030785,0.5720635721852108,0.5594134852394294,0.5950019543313376,0.8570038555720402,0.48073196459696566,0.5547899312218783,0.06705308484376363,0.3724074688230065,0.6126357267321187,0.5269911829281578,0.7955978510432842,0.500344790629767,0.4584989281671386,0.06958440663362095,0.6758771538969385,0.13191748259651612,0.6962808552809431,0.8695141637078847,0.921896693003422,0.5953135567753246,0.43708011459001717,0.42315221257967156,0.476752166514841,0.4876704267114271,0.5599276086359586,0.6427949873176312,0.7013767970815667,0.4508021011544278,0.7411068697458558,0.452945703662077,0.4833370567165374,0.6337919650992654,0.832433442542991,0.6196603752327057,0.10911245240732627,0.7913343296716852,0.9209526815804147,0.6977605462500159,0.26421815353730616,0.05474534683531731,0.6319665438071994,0.34256523735685684,0.8237633556546952,0.4612041878864423,0.7642955590678602,0.2388875126944554,0.7134605049675892,0.5644426460028868,0.6498013063004613,0.0,0.4540464818081157,0.5293542657583858,0.47647133168608224,0.21292902976920508,0.7685502636338652,0.3590052656201999,0.5901718449267813,0.29766440597411065,0.5954530886726749
attention_zero_shot,COBLL1,0.0,0.3893758630877711,0.1704257451066939,0.8249719826030266,0.704036564982285,0.5772273252555434,0.40385488508153705,0.19164960847038295,0.9324283047039945,0.6069900978628793,0.2890716288085513,0.395883768994371,0.6112188347165078,0.8560203542629768,0.6086820419685861,0.7473853028903075,0.16806743970901378,0.8413450590408724,0.3969481295747018,0.7562278881533088,0.16365995463241542,0.5348619362771443,0.0,0.7446232534047327,0.3150898840415138,0.5613729538489843,0.0,0.7249251073954391,0.8989541211561229,0.11014597525882461,0.5945013709956151,0.3474899415474554,0.5904275768885224,0.46676902985297664,0.9156449074815809,0.5298041650627926,0.18110155228996927,0.26399190072095763,0.932925637903592,0.719458019048556,0.3150517192119499,0.8137972022586287,0.4746607560530765,0.44371299211444826,0.18744946591773212,0.6591083113212904,0.6728871827321984,0.7834731167631207,0.0,0.7649686494344429,0.44285398896708217,0.3913031995062439,0.9620293003746535,0.7643465803195356,0.5654281619440045,0.12861312446199727,0.419819469670819,0.6022382938975832,0.13540465770776325,0.0,0.6305700218101091,0.38136102421595525,0.6169120945214286,0.594565114179039,0.6669457272184035,0.49031138335992486,0.4652826442368961,0.6546203324416076,0.2890180118014351,0.8736926514451536,0.6999553823939629,0.0,0.530043621066583,0.8484311817341844,0.34128029563347034,0.0,0.23508116910438806,0.48103782536771666,0.48103782536771666,0.5859063340769753,0.959645838162486,0.3425439883363141,0.7730462345352141,0.0,0.775843255188114,0.0,0.8486228969965214,0.9201357461609346,0.1333121463355227,0.8603900320678812,0.4649739630056301,0.0,0.7431194989881654,0.2901217105049446,0.5770521446094834,0.3357294418029432,0.0,0.5599397939632587,0.6552103187764998,0.9459803878769026,0.8986566185141092,0.722516870690322,0.7394624384055235,0.5895374647017418,0.5525490052744948,0.5653963714984573,0.6031468272395947,0.32112888129833494,0.5146538629632242,0.49376096840241257,0.1415680673025257,0.7602478494005578,0.677512186692662,0.9159776302704166,0.8839944873461012,0.8803249690918166,0.19463677526605572,0.7064505008742874,0.25751861554843813,0.3284315244123096,0.846000656207433,0.47157253415865363,0.6494075801893597,0.6228655448852525,0.5599013269777245,0.6519834620383035,0.795300863374618,0.6497607100536328,0.4486738165996165,0.562606740712089,0.5827085530653988,0.06781082900083768,0.46069494345352985,0.6977118554321662,0.7447098232114621,0.9341438735870107,0.6726197284160883,0.5411855340044077,0.06680461247160525,0.7779864425265599,0.13736772998481542,0.6727388897627581,0.8764496180449662,0.9837523281743307,0.6718888966013401,0.4429394457978907,0.5175646224526732,0.5018996977838158,0.4622744635428484,0.6425179445939442,0.7930303516353578,0.9311050826064474,0.3678023489585353,0.8735850592094766,0.678086699901294,0.4393813656962776,0.7326944832301748,0.9453648411988487,0.6894502486007809,0.12854873951665213,0.8979632970765516,0.9875763263716545,0.8168889931525319,0.3100239314176391,0.06306207516920663,0.7596000410360408,0.3401005894729312,0.9677513152625925,0.6021713339544119,0.9173065998721773,0.10117299227884538,0.7977991320810621,0.5657374074073593,0.6963440455016551,0.0,0.6308684671102337,0.5908618256702104,0.5841843883401335,0.20648182659862696,0.8804887374712524,0.26757079741378864,0.6275870305829283,0.21182837996350942,0.6608738536415706
attention_zero_shot,C1orf87,0.0,0.0,0.0,0.0,0.0,0.0,0.0,0.0,0.0,0.0,0.0,0.0,0.0,0.0,0.0,0.0,0.0,0.0,0.0,0.0,0.0,0.0,0.0,0.0,0.0,0.0,0.0,0.0,0.0,0.0,0.0,0.0,0.0,0.0,0.0,0.0,0.0,0.0,0.0,0.0,0.0,0.0,0.0,0.0,0.0,0.0,0.0,0.0,0.0,0.0,0.0,0.0,0.0,0.0,0.0,0.0,0.0,0.0,0.0,0.0,0.0,0.0,0.0,0.0,0.0,0.0,0.0,0.0,0.0,0.0,0.0,0.0,0.0,0.0,0.0,0.0,0.0,0.0,0.0,0.0,0.0,0.0,0.0,0.0,0.0,0.0,0.0,0.0,0.0,0.0,0.0,0.0,0.0,0.0,0.0,0.0,0.0,0.0,0.0,0.0,0.0,0.0,0.0,0.0,0.0,0.0,0.0,0.0,0.0,0.0,0.0,0.0,0.0,0.0,0.0,0.0,0.0,0.0,0.0,0.0,0.0,0.0,0.0,0.0,0.0,0.0,0.0,0.0,0.0,0.0,0.0,0.0,0.0,0.0,0.0,0.0,0.0,0.0,0.0,0.0,0.0,0.0,0.0,0.0,0.0,0.0,0.0,0.0,0.0,0.0,0.0,0.0,0.0,0.0,0.0,0.0,0.0,0.0,0.0,0.0,0.0,0.0,0.0,0.0,0.0,0.0,0.0,0.0,0.0,0.0,0.0,0.0,0.0,0.0,0.0,0.0,0.0,0.0,0.0,0.0,0.0,0.0,0.0,0.0
attention_zero_shot,F3,0.0,0.5603344951917993,0.35659047682108436,0.8344062110230867,0.7456480855118005,0.7061561702830057,0.39042858621699883,0.33683851811242954,0.9215114850547305,0.7472912962926509,0.336182603470694,0.5513265231584858,0.6713901086906927,0.8752242635130586,0.6753407320267757,0.8231763218310685,0.2516951478865908,0.852374902877636,0.5398883730961633,0.7792368222210885,0.20830772624745472,0.7017564347363348,0.0,0.7908872852850115,0.4769756298895937,0.6792974749480192,0.0,0.8094697108072544,0.8868328459718839,0.1117833324312916,0.713696832821663,0.4538729172060307,0.688441082936792,0.7501449132208791,0.8531184964784291,0.7683019003956785,0.2520550085420748,0.3930177021846438,0.924627391224538,0.7778254957678238,0.4715265522978108,0.8509667763527831,0.615371533603951,0.5175071668621851,0.2320911033040613,0.6889180930316011,0.7400204173654221,0.833577714664535,0.0,0.816809791314984,0.5759155340384706,0.4838656607829315,0.9476633977317107,0.7854057796992382,0.6706247480162231,0.23456601157084622,0.5442725135705504,0.6959968594164081,0.3513446805762757,0.0,0.7387886178943891,0.5537490397738678,0.6500741075477875,0.8058981098284067,0.809914658101268,0.6738676905908282,0.6832655037144044,0.7616356328185663,0.4765249241597694,0.8714009613316862,0.7887425143947852,0.0,0.8357682628058933,0.8585410574648549,0.580549453029038,0.0,0.2696631787738602,0.6748443792816208,0.6748443792816208,0.6661386034962196,0.949788679885435,0.4784361762365975,0.812881525643677,0.0,0.8129663263910786,0.0,0.8556453241316526,0.911554944000033,0.23030018427819296,0.8470521814536625,0.5940743574375409,0.0,0.7976983834261479,0.34932595332551386,0.730525191233716,0.3692508131337209,0.0,0.6561150929742853,0.7309141372829235,0.924736194790723,0.8883098304732182,0.771228224858723,0.7817112511399245,0.6632840927409274,0.6899846261097253,0.6917524388722356,0.701590082223403,0.5523579094987137,0.6916523980793747,0.6205314883817395,0.21904439077854293,0.7523033294411989,0.7690011660115693,0.892075324803334,0.8798475808189185,0.9194840531087286,0.278075378189152,0.7912384082355695,0.3142850315565434,0.5055110077073003,0.852864376506855,0.8402787821704849,0.7745857016337533,0.7046622620372973,0.6471216044155871,0.7660189731736832,0.8271921980793602,0.7252400973439405,0.5761788683260531,0.6526197385013349,0.7094768694685354,0.0786293874291817,0.4558214083021442,0.7480250827536397,0.8010466913860362,0.9301381267122254,0.7578506870158435,0.7327579034868458,0.07896749299206579,0.794176530146018,0.1913654132048351,0.716965732807356,0.878409236951258,0.9729627549253977,0.7930075547992435,0.7148128734404305,0.7079589078641142,0.5757522756050721,0.6283170694018707,0.736121918056692,0.8202512679745149,0.9115881609155343,0.49808131382113524,0.8778130234098672,0.79018330772143,0.5567479656136217,0.7934914955999494,0.9451402558234951,0.7956500430605269,0.3337614789103231,0.8929094412349954,0.9785668268886144,0.826843212391569,0.39783209772258565,0.0642812473567699,0.7999892603543683,0.5133779825697053,0.9503652833210017,0.7232984245185542,0.8731919484100505,0.1322903752052905,0.8146686085368867,0.738310936094907,0.80537905248828,0.0,0.7560171334709134,0.6900722212149656,0.7264176607678292,0.3143193434672982,0.8776014681357092,0.3238292747272835,0.6945492257530942,0.2126326098755908,0.7407881150084761
attention_zero_shot,COL8A1,0.0,0.8083463021293439,0.2414039317150693,0.8775183596021193,0.877114464564386,0.8072877277171497,0.4776743681202616,0.46902247561723565,0.9281382079582475,0.8149013804028187,0.3914641279522316,0.774355931955348,0.867176870282015,0.9171974488976624,0.8416189828502432,0.9189910979228486,0.24524164722383202,0.9058730747309818,0.8058225051206618,0.8397873572184629,0.24859347493552322,0.8855189926102082,0.0,0.8748368540078713,0.6095461526670504,0.8570006681679221,0.0,0.9149315033117792,0.9271830093688527,0.11872141224593676,0.9847640582519044,0.7677241754160083,0.8571995276962633,0.8260822361797034,0.89828938146666,0.7985381092235079,0.3366158170004468,0.6944229908351766,0.9329135649799429,0.8806323313637896,0.7269539606065603,0.9010643611630597,0.8432485828852329,0.6363608178339714,0.2591201551387466,0.7648333574072517,0.865300427675232,0.9199912078250356,0.0,0.912912648938458,0.8206017059766859,0.627527706720229,0.945322384008465,0.8003966831764563,0.8394072611710804,0.2353268562156591,0.7606494085183487,0.8735773951678764,0.14017314335006073,0.0,0.9147201243231294,0.7936262790089386,0.7896729006500808,0.8758814913390071,0.8931640283945436,0.8350685796530997,0.8319643918022712,0.8997759445345491,0.7581578258529815,0.9246428817886964,0.9076454753979725,0.0,0.8688134853570251,0.9228486646884273,0.8223817696951103,0.0,0.2548779026713562,0.8791113603590859,0.8791113603590859,0.8328092888345703,0.9435579031418524,0.681200739340956,0.9074729920452164,0.0,0.9064339870146939,0.0,0.8590846195363696,0.9277561558430063,0.23971239600532207,0.8672821203883209,0.8147406574911797,0.0,0.9045463161302552,0.4596890423740705,0.9569267879915082,0.42729970326409455,0.0,0.813335339337254,0.8472609022066406,0.9345290537648786,0.9259080835296142,0.888141632237154,0.900319832882173,0.8164053542424307,0.8760702653454538,0.8744377865620959,0.8683871620304212,0.5306654859545625,0.8831132695966463,0.8092625640791845,0.2543226148003468,0.8943362452919605,0.8972688634511393,0.9159278612550558,0.9198299720280275,0.907158957393138,0.24570811485451138,0.8990670405500204,0.3813039256329368,0.789576299772878,0.9122988774150207,0.8732032222615439,0.8878032061265576,0.856991455526118,0.8313577805360395,0.9024437009015757,0.9123435314983458,0.8750583818011298,0.796568123280339,0.8422197734038386,0.8223338831546136,0.0906641965945883,0.49334852440579896,0.8517321980384117,0.9066452778491114,0.9333799516790712,0.8940118676539677,0.8495604967720659,0.09817544772390879,0.8735196031058983,0.24399253917181168,0.8387069774700163,0.8828475507115842,0.973633951089187,0.857611951101214,0.8436215877486601,0.8878681640790373,0.7654897670440115,0.849237415924129,0.8471717361799839,0.8965141544348426,0.9324925816023738,0.7162823672381556,0.9124317993420853,0.9108837397011741,0.6313175947510268,0.8830333687419244,0.9385350468860431,0.8852726140358707,0.13901765152009818,0.9191574940668895,0.966935142009326,0.890899256283555,0.4217199817299584,0.06653587780819335,0.9005294144406455,0.8018640883728169,0.9464403953208916,0.8867561863248719,0.9263133850859729,0.19401599705894848,0.8921183796516984,0.8578923307228589,0.833105894324808,0.0,0.9001541231382909,0.865983574766846,0.8913907130938974,0.3931641233659159,0.9174297797913797,0.38693198917053073,0.8535223881164218,0.22535679711591897,0.8845439741639018
attention_zero_shot,KCNK12,0.0,0.3807392800998941,0.22641121904962355,0.7811106998344574,0.5904771958324735,0.5784395587952905,0.20502022527707536,0.21915548334856508,0.8867198498407013,0.5270487310082232,0.19993731536699577,0.33612287143595876,0.45386031395569676,0.6475872074225882,0.49792604306572225,0.3420016422261276,0.12623312889036747,0.759356093341953,0.7033031246775486,0.7198962275545215,0.21353777726500112,0.3084217073278001,0.0,0.6276387791974142,0.25084833340882595,0.41432468209484424,0.0,0.3626818332428028,0.6381009032243702,0.3262150318321427,0.3892346705604753,0.3164119391723065,0.5075204846145893,0.35357870014485343,0.7458324707187987,0.4495347703444973,0.20726899407472216,0.26258240129570726,0.8384182354058305,0.5705068518727898,0.3118003748277385,0.6640697096290167,0.43010329902863126,0.33069951568550227,0.15249043686233932,0.6088919012773787,0.5410571934897651,0.3968348387072836,0.0,0.4618261827659991,0.3340923705341247,0.27017543339585226,0.8698219627958584,0.7519486421652835,0.46463501480970104,0.10145038222021557,0.4556725379587879,0.39955592003002555,0.10667960044302552,0.0,0.4569340002133491,0.316886151998087,0.5578329169817061,0.4098091479915572,0.4415555944991558,0.36824020375784544,0.366937257977576,0.38826063810410893,0.24450785354298477,0.5742363567345531,0.3983789063350875,0.0,0.352542996951459,0.5174678709658269,0.24362841593242612,0.0,0.2679019014452329,0.272538966721515,0.272538966721515,0.4890329060522528,0.8574139317982847,0.3349173648090089,0.5754019048221141,0.0,0.5457677537483635,0.0,0.8535420299490128,0.8233544282762235,0.10062396535200561,0.8349432369292175,0.4270649436692339,0.0,0.4965699852217616,0.3954325489606235,0.3993669742005742,0.19001507567974288,0.0,0.4740701216187613,0.5499907043886857,0.8290337525736016,0.6813409166214014,0.54912174643808,0.5369739753798961,0.5471416085474619,0.3589357397618884,0.5226365973741613,0.5373030682343283,0.1993193962603226,0.2949496584518535,0.40872455403883046,0.19536253274122847,0.48625989491568455,0.5520746335503065,0.8209446768119966,0.7850929277621248,0.8319324178726833,0.22302109704137957,0.5160808851991933,0.2879207542776295,0.33098630843747495,0.7397549151005081,0.27906275768067185,0.44049538788403125,0.49718648937201493,0.46548266172002106,0.5087838348848568,0.5342565261675329,0.566690667544262,0.39138037701284795,0.4406988973874378,0.5357654569567348,0.5023716450849876,0.30063129956716567,0.6020106502045464,0.5542142892131341,0.855453850796177,0.4456534842530393,0.4686342313364499,0.2968679459975545,0.7736383709483208,0.17753624513834199,0.5894834364794626,0.9000434286245403,0.9414072736046845,0.5796382161147194,0.3317254555036832,0.28112770351568706,0.44424655508204164,0.3811657197097452,0.5332156258210508,0.6515640978878149,0.731926594981015,0.32553729731935155,0.757898262643526,0.39607938730392783,0.5353375110493594,0.6515609789955411,0.8628024478829596,0.5997671102423796,0.10153766179969215,0.7996215944683026,0.9430080162558063,0.7146179565862106,0.24784194591276476,0.299503197364144,0.6330713501285264,0.8385105606369473,0.8608080397016808,0.3990656548351366,0.8139513714941491,0.573754158862963,0.723910669098304,0.5246716185926424,0.6250895712582192,0.0,0.35396588936697587,0.4310095264873629,0.3413033420364596,0.17861662570969583,0.7930631497681135,0.32835292664728266,0.6238426751019321,0.29181664963586035,0.5632906756337329
attention_zero_shot,CENPF,0.0,0.5634106119292213,0.20789215845164122,0.8280589102936203,0.7401620810699776,0.6383048309074463,0.43787283454407044,0.34445307037844114,0.9233876987912305,0.6883720701383017,0.3543024224489507,0.5337460976581678,0.7622724113952468,0.839538540719023,0.6802659743304368,0.7982969271805745,0.20396216645450427,0.833948271385158,0.5634139640439043,0.785746789198131,0.20913391224955236,0.722368945982139,0.0,0.7960469784480634,0.4696303934359767,0.6748826404876742,0.0,0.7888363366008316,0.8588078490264022,0.11784711377858473,0.714587195585472,0.47682713131932564,0.7082937472015759,0.6094281705463704,0.8367159575895637,0.6311243345688781,0.25009711506689813,0.41256413541088366,0.9073441317080149,0.7576132336055273,0.47808016844331597,0.815534478915076,0.6425926552492723,0.5292498962618845,0.23154753189344796,0.6687209313661191,0.7262192781582287,0.8074652486723667,0.0,0.797184405911786,0.5952084165061089,0.5030449999577822,0.9313076453436594,0.7726996500310324,0.6580745332681546,0.17963693084713706,0.562523985059695,0.7014335469730176,0.13564948106639718,0.0,0.7498403203750246,0.5453487314712275,0.6702242949047562,0.7192502805385327,0.7617616484753443,0.6458411243088243,0.6110021993833793,0.7682094011154588,0.510538039328207,0.843119832251558,0.774146753958162,0.0,0.6793287706338753,0.8305694188316827,0.6144498870763033,0.0,0.24379150791020415,0.6836120762850955,0.6836120762850955,0.6634914150168773,0.926602651928313,0.4689851409743487,0.85114753945399,0.0,0.7972524160423977,0.0,0.8541507246027538,0.8967186301768761,0.18718374896385342,0.8735834537700432,0.5976068182147743,0.0,0.783588469296299,0.3899688526027535,0.7280580397889822,0.3839732705927116,0.0,0.6386546429603217,0.7062888369390565,0.9258499987239615,0.8934846704186531,0.7637217447787618,0.7858637164578205,0.676232044811598,0.7573594409973664,0.6963956156699525,0.701108077083725,0.4490278329322328,0.6970584913232986,0.6119245774036819,0.19329345040504492,0.7490257479599752,0.7559285145837839,0.8798793866986926,0.860661305042737,0.8695697262670836,0.22038817401776345,0.7801971616298695,0.35831649755895467,0.5219433872350879,0.8621583719799233,0.671816212661362,0.7369527509000434,0.6995271590175205,0.7024337226949042,0.7561572838247897,0.8078155313328662,0.7483838022240231,0.5934349196815145,0.6610893700138554,0.6956466657407168,0.08097561228077928,0.4618872302690627,0.7420435303690105,0.7857941308143617,0.9120046262175919,0.7508564329592632,0.6601038381010964,0.08235107098305144,0.7879885247487209,0.19511552696490006,0.732709916143989,0.8815610190173878,0.9655397438854453,0.7910667992430092,0.6849220158847193,0.7057502189801784,0.6263373243092061,0.6434708249737757,0.6999560855622281,0.8019714767265173,0.8855198775889748,0.4786693722220139,0.8583285363448112,0.7739332069436036,0.5759243381772801,0.787461235360487,0.9203576179813158,0.7481826705534629,0.1322215219708416,0.9027640495324548,0.9690820107357085,0.817355462558887,0.4183208777821854,0.06443654384455022,0.7872851359707161,0.5395010008994938,0.9316812172708397,0.8200204272868119,0.8934227110046208,0.14901066043763528,0.8044573591498768,0.6773215998291191,0.722934813196226,0.0,0.7482391607267634,0.6944071671367882,0.7248707014740623,0.3398718255770039,0.8603277068491096,0.3447464973846117,0.7532625394946405,0.22553354265625603,0.7372227519908178
attention_zero_shot,SLCO1C1,0.0,0.15074314587852447,0.13068684763541877,0.22724472390215603,0.20423579826974178,0.17095573182464419,0.10544119372511562,0.10235675519910334,0.24989506940636036,0.18875737660304565,0.16865573110713938,0.15295058228857075,0.18106104163656156,0.23272288723031143,0.1758913227882261,0.1703120014621125,0.1560224021185026,0.224802144329299,0.19692652459321386,0.20911317443327046,0.10330712544208732,0.15094001694605044,0.0,0.2036583434109565,0.16237651032662462,0.1726344999388819,0.0,0.18564251487962927,0.22944398178682004,0.24930270045475886,0.1871374097410815,0.17784544375520664,0.19392376995102506,0.1670878162360554,0.22486194314194263,0.17819550771647866,0.12608978218296713,0.1625765314947124,0.24313413760985647,0.20544447379856062,0.12120786011756102,0.2108216327334083,0.1542199005828548,0.13607406622895107,0.13046631100483083,0.1916805837514624,0.20039423698449732,0.18564251487962927,0.0,0.20042443669053178,0.14035375173838704,0.11846114186710473,0.2524376837215794,0.21393291836546224,0.18472991558524282,0.11636063671676841,0.13739741539823738,0.16073571730330335,0.13139100182477917,0.0,0.18973504871337832,0.13568304382908383,0.15359734168191783,0.17733360160025663,0.18620734696310437,0.16536167505939822,0.1671969921322412,0.17620076335551738,0.12298370137034009,0.22048459082853106,0.1659625951500112,0.0,0.15103405748712617,0.2111933705754906,0.11375043213969047,0.0,0.15974714054528658,0.1308473826273204,0.1308473826273204,0.17487181219517817,0.25019074743437986,0.12750704110264618,0.20140307328576906,0.0,0.19484608034381992,0.0,0.23120281803921233,0.24530651142134102,0.11859362463935835,0.22446016554514273,0.15642247494710837,0.0,0.21190478130030013,0.11665096886940843,0.18227251141723916,0.17357849775650822,0.0,0.16966379780672816,0.19330968815839447,0.24580016689781647,0.23674422627135178,0.19900576398825373,0.17971971772638237,0.1821647537470077,0.1715405629501333,0.1710206057097094,0.18409953103479754,0.15737441277526815,0.16819853551121794,0.17102691006328136,0.098029747642274,0.15509331082097266,0.18829111495582102,0.24170179607878114,0.23098571130854723,0.23481873861901445,0.16180687091985962,0.1891450574229879,0.13170721248272954,0.14305261554446932,0.22529309846151702,0.1554546065713908,0.19293343388373888,0.17706729859726875,0.15136397607310642,0.16053962732654894,0.21190478130030013,0.19827904861210238,0.14036862539537726,0.1852776368471999,0.20331708283362865,0.2436080229232525,0.12102335717535624,0.20228255208982993,0.4801894132741991,0.24564059722320408,0.18004041560389325,0.35937511556599216,0.39047213867700276,0.3509344458791616,0.573012099996706,0.2143512668247067,0.2356243019007021,0.2580848786514449,0.19095606715765615,0.15856202322361362,0.12816622400534713,0.17708551045746293,0.169572167176468,0.18800035342744012,0.22802608784408385,0.2403943485136177,0.14807538710907586,0.23287743425819263,0.5848112683064555,0.1287970473919747,0.192743356315472,0.2493870017111261,0.18987067736156163,0.1240453751914458,0.2419523017425498,0.25849412822733314,0.2311402377304156,0.13563781651439002,0.2293617915656035,0.19628362144804024,0.19497990272885735,0.2522969210427458,0.17796018730615185,0.2357874626096365,0.18333447579568193,0.22436075452144072,0.16164274806816872,0.2016440800972358,0.0,0.16341993449100423,0.16583738890303798,0.15269410757213114,0.1240822457020216,0.23274749063841185,0.11704272718779095,0.17984013429656848,0.08870129215981709,0.18352261491966834
attention_zero_shot,LRFN5,0.0,0.33788650947717325,0.15386752356861796,0.8359932814283004,0.705066766735856,0.5629778685202866,0.26802196419866775,0.15667196834125757,0.9349249706475145,0.6055071656026075,0.279455992697177,0.3625216674623576,0.5699965520113901,0.9186716609103144,0.6066986959898861,1.0,0.17013213841643976,0.8739772227009334,0.3497629033092788,0.7573781247419178,0.1440091203726257,0.47738459090493296,0.0,0.7616639843108391,0.2513014982516438,0.5454516203859238,0.0,0.8633879781420765,1.0,0.10326167750472132,0.5826895561779056,0.28918587611041,0.5832157233715956,0.43247815774575776,0.8637009033850315,0.5187406754539844,0.16414137245779184,0.22538800303290324,0.9589129448676027,0.739134031991175,0.2779576301060698,0.8473135932017882,0.43282727082953804,0.4150987572983962,0.16442364212153127,0.635895466580488,0.6823070424406961,1.0,0.0,0.8608957795004306,0.40324866332966464,0.34363085828720846,0.988770582416943,0.7608821329761768,0.5553100178728306,0.11806156493016602,0.3961420008867435,0.5662818487375552,0.14120242691671267,0.0,0.6353160555474331,0.3357006565741446,0.5351908087751682,0.5849240813948855,0.6873314040552667,0.45954277842450464,0.4369562242189751,0.6769819178457052,0.2336746880457641,1.0,0.7630573248407643,0.0,0.49362988775903177,1.0,0.25518870834055,0.0,0.25505551494900985,0.3876777393892202,0.3876777393892202,0.5804953155756698,0.9897407611693326,0.320698187081479,0.8338335466151154,0.0,0.8321215464072605,0.0,0.8468273165200896,0.9461407715370627,0.12147472769355223,0.8445098707204453,0.43523986941899556,0.0,0.7973601855004784,0.2392532303646912,0.5418314968287012,0.37229816283180095,0.0,0.5440309604865181,0.6599182311131948,0.96804072107787,0.9726775956284153,0.7478765997790372,0.7565041807690185,0.5858268188624808,0.5220916945807319,0.5431237383636558,0.598023648069347,0.29085626275321824,0.4437044687150664,0.4733902506531248,0.12306969127092168,0.6427561451412508,0.7057293028712623,0.9113870137387426,0.9297191017827342,0.8958024028086139,0.1861488971144337,0.7443938548915434,0.2405905203874842,0.2668217496916461,0.8933528039699535,0.3861408654861922,0.6607394305309191,0.6109938606423978,0.5280222827170936,0.6767078682005772,0.8727332673920211,0.6574094449118119,0.42108915456188145,0.5509124979874146,0.5777576625789392,0.059008516053896266,0.4633202796999106,0.7064700155575039,0.8065257576494625,0.9639596754204915,0.6955271835630338,0.5212124289216443,0.05965346176092109,0.7929301080685692,0.12277460829588202,0.6781768829656315,0.8722483034212057,0.9911157728487938,0.6797059646422446,0.38812759701709976,0.43475395694644287,0.4908133483371512,0.4093399666119774,0.6456942394470528,0.821689084518674,1.0,0.3436808627321615,0.9024430140522212,0.7540983606557378,0.413836512723258,0.7439446807441459,0.9681218157155776,0.7089851898194436,0.13185344756519748,0.9231346918711961,1.0,0.8375006814490655,0.27533857580172777,0.06694670088096369,0.8022222215592962,0.2739882683288066,1.0,0.5927180237638872,0.8951474927526258,0.0805370391554956,0.823045014616148,0.5509799282265322,0.7023653327949505,0.0,0.6387008773300517,0.5822286460515674,0.5595886776765817,0.15967551300738733,0.9189199646024808,0.24720474560503305,0.6287704989915587,0.20803857397182965,0.6741391534102738
ig_lora,MS4A4A,0.0,0.62756116158091,0.21225159347555378,0.862085259382889,0.7968237726402563,0.6878413346573475,0.4482301564795338,0.33516866025859887,0.9412959525421633,0.7117167748634439,0.3735383539670338,0.5801971956459427,0.7470567953008177,0.9579336177122315,0.7478837794806962,1.0,0.2238938554877242,0.9170093905591512,0.625621065541706,0.7964207253581609,0.20710055009306239,0.8432153772714799,0.0,0.8392617568607985,0.4964228886515497,0.7648887691651329,0.0,0.9758919961427194,1.0,0.11977526660278547,0.8367046089391804,0.5233357319094383,0.7714408805586169,0.6807689637319887,0.8977756775387736,0.6620945168081167,0.2478735686234337,0.4380265904356357,0.9681906669942731,0.8465494305830441,0.4930340807127724,0.9050868282065171,0.716413635414769,0.5881033938641133,0.2342905806923323,0.6839847445792915,0.8058543037137587,1.0,0.0,0.9582687338501291,0.6643273731229363,0.5566575182991906,0.991189226204063,0.7746020105922977,0.7282450109222853,0.19284931450493112,0.57226725062811,0.8091640134445243,0.1412024269167127,0.0,0.8673876565627029,0.6014203939444868,0.6579705951364444,0.8173665958137497,0.8776514189781478,0.703620233329567,0.6559176925782625,0.9030945753537114,0.5160050661341667,1.0,0.9376466644317801,0.0,0.7890124532329299,1.0,0.6413871558676723,0.0,0.2610175113169419,0.816303321816766,0.816303321816766,0.7273219551241853,0.9921751568240672,0.4670093467870066,0.930763977756298,0.0,0.9261334804191946,0.0,0.8524409750769449,0.9587079248450814,0.2036199343531877,0.8563406414264982,0.6611439216513973,0.0,0.9207061595436655,0.39433227894150075,0.8794293412707109,0.4175935490701606,0.0,0.6891120185135351,0.7706425279600617,0.9761758102580486,0.9858677218767665,0.8655341865488199,0.9047190272574419,0.7066273300275906,0.8129924022272429,0.8096348909848565,0.7990118240346735,0.5003716329243261,0.83311134061452,0.6624296478545671,0.19073021604245463,0.8809187150470835,0.892992473771368,0.9277104585763427,0.9563118740811591,0.9138118640515694,0.22715068895823798,0.8999802040879953,0.3411262342441207,0.5778670680042811,0.9385970689523975,0.7953802884953974,0.858641429387883,0.7760267682486534,0.7115691727715573,0.9149231232106783,0.9501999741968777,0.8227979887474889,0.6289033042063342,0.7358308811690675,0.7091219453321581,0.08164387695124263,0.5110564442854009,0.7903357253982171,0.92964573005435,0.9729697565653687,0.880858463133361,0.7446466287582102,0.08171250305436448,0.8446975810514269,0.2157882574101027,0.7648215683210384,0.8785459222666393,0.9919505324468938,0.791808877017459,0.7053947689341592,0.8512510413016955,0.6158767364648684,0.7273876768978358,0.7666766942700104,0.8873825796960046,1.0,0.507760647049121,0.9303164386087295,0.9566055930568949,0.5746804882119566,0.8525742101254172,0.9744076548702525,0.8544925949097217,0.137088876002046,0.9416883869367695,1.0,0.8812504979820095,0.3860835346712285,0.06694670088096367,0.9047736622322538,0.6018645342448293,1.0,0.8518974631868681,0.9188238653568715,0.1427745609499263,0.8820300097440986,0.7677482387378615,0.7674729162460551,0.0,0.9049212835079082,0.7911143230257837,0.8678766033029746,0.30122089529313845,0.9466058303479752,0.36181062775170875,0.7731375271615081,0.2348344149818784,0.8496026861893571
ig_lora,CD163,0.0,0.3786628610378251,0.1784578135635293,0.8219503666402215,0.6887341583158447,0.5628936197552067,0.2901428191761666,0.19481221535207927,0.9237138871110706,0.6013785253605266,0.2981484759345801,0.3882809933460222,0.5686898671862847,0.8436158255735656,0.6005549369651788,0.7081042953738387,0.19129411494960882,0.8337422833925237,0.3867009102225795,0.7472367386805588,0.16835252214197305,0.511293331767263,0.0,0.737481252038102,0.3045171683517956,0.5489684251595731,0.0,0.691255672381323,0.8832417181495354,0.10261686766934286,0.5763716752187833,0.3362564311271298,0.5792044318838171,0.45605602780303056,0.8374796459655294,0.523434271952014,0.18430514539327356,0.25824346059659636,0.9283932139593839,0.7096377671694388,0.3086818261011712,0.8050680894771912,0.46156708688092024,0.4220793673009374,0.19559363815163316,0.632823007267166,0.6638223348437825,0.7498036817490046,0.0,0.7414000449245616,0.43214098691713615,0.3696695746927331,0.9577440995546751,0.7598437826501986,0.55940883024679,0.14774097466013436,0.41570097956219854,0.5651817405570759,0.1404390416047791,0.0,0.6109295180518747,0.3719335824120027,0.5376992398715021,0.5788527111724515,0.6488160314415717,0.4790882383552195,0.4562177963484802,0.6310517279317263,0.2834286323683073,0.8540521476869193,0.6737680440496504,0.0,0.513208903559525,0.8248625772243031,0.3274164106276578,0.0,0.2534401827200118,0.45746922085783537,0.45746922085783537,0.5780501325736815,0.954835918874755,0.3382587875163357,0.756211517028156,0.0,0.7601308521815265,0.0,0.8437663393861182,0.9154220252589583,0.15653882157611773,0.8380189873259696,0.4555465212016776,0.0,0.7249898032113337,0.26033583860518494,0.5508648062651709,0.35128975116184974,0.0,0.5461633702011346,0.6480683174098691,0.93196211858746,0.8862520898246979,0.7107325684353814,0.6967048768587845,0.5833352003570362,0.534419309497663,0.5485616539913992,0.5900531580674384,0.328719137814406,0.491085258453343,0.4856338633990052,0.14797676253076222,0.6134471625665262,0.6578716829344275,0.891421273409338,0.8752653745646636,0.8770054473298614,0.2026688437228911,0.6883208050974556,0.2643262508929598,0.3181843050601873,0.8357534368553108,0.45014653005876154,0.6325728626823016,0.6025003967151561,0.5332736920007343,0.6257961236939908,0.7771711675977863,0.6373561813642216,0.4405467115962092,0.5527864888329718,0.7450789919871921,0.07032284205306195,0.41849829159553686,0.6916686235065556,0.7250693194532277,0.9290202639109495,0.6544900326392565,0.5294012317494671,0.06869518343160849,0.7728628328504987,0.16692895301830002,0.6671273172604054,0.8680104055362767,0.9787716194735986,0.6640326950980463,0.43373340908450375,0.4913772841083607,0.4968851010795858,0.6616439057368202,0.6349151689455954,0.8278722390485912,0.9203920805565015,0.3626787392824742,0.8675418272838661,0.6444172648871779,0.42029287321376807,0.7123293350600785,0.9415011355414911,0.6763565794286246,0.13358312341366796,0.893053171136993,0.9856444735429757,0.8112774206501792,0.2880460037989994,0.06626199575967988,0.7457361560302284,0.3288774444682258,0.9627367185583624,0.5825308301961775,0.8695327966224821,0.09416409240566284,0.7904339431717242,0.5533328787179481,0.6919794891109362,0.0,0.6046811287659212,0.5777681564980541,0.5606157838302522,0.19767703094138206,0.8728859618229036,0.26458362741669644,0.6185221826945124,0.18579532329168852,0.6461434758228948
ig_lora,GLDN,0.0,0.13476506556005546,0.08454793884996177,0.2678829986606465,0.2522570783617325,0.23779038451700138,0.1433314942788222,0.07710347543879058,0.2990928522385065,0.20209847362910216,0.11554593120002682,0.1336506715644406,0.2285042760194647,0.28840808773757404,0.21939017008906078,0.3127390703542748,0.07410707271591113,0.28151674518982855,0.13644746829080964,0.25666936258852663,0.08809167268614547,0.19526550528784783,0.0,0.26702961872096914,0.10692475685287677,0.18934213423931365,0.0,0.2700151536392099,0.31273907035427484,0.07733286901169056,0.19572973787262707,0.11858978346499742,0.195921575703518,0.1562771762026871,0.3360044083847879,0.17851161835384807,0.08213221813374301,0.0936649975912979,0.3092576737922786,0.2485362023569217,0.1280323891854176,0.29163812758962143,0.1736296454822674,0.1759834435426148,0.0893607041360098,0.2184770849124478,0.22457732869037128,0.3127390703542748,0.0,0.27195907303739314,0.16951769694412303,0.17713642402573623,0.3099574941279192,0.2558062279849631,0.19251745711685408,0.0694940347522546,0.16319705249241123,0.23818203189856577,0.07169236693329603,0.0,0.22577629106492497,0.12831707311208534,0.23136342014523237,0.20228528044693297,0.23287689695317437,0.17797604594256125,0.16974659065414796,0.2342984876168622,0.10755798746599295,0.3127390703542748,0.292285527549204,0.0,0.18128942928700356,0.3127390703542748,0.10847576706667982,0.0,0.13026994801236855,0.1418036626146302,0.1418036626146302,0.19854081961622932,0.3118632498782505,0.1285754466172905,0.2796785505193596,0.0,0.29840746256478984,0.0,0.27642626680831806,0.30004493402787136,0.0645836246319468,0.29243292257475223,0.1618011780205346,0.0,0.25821720646990876,0.13581012290687142,0.1877613400443824,0.1412624285710771,0.0,0.19528758858280407,0.21625897379095707,0.30775207170652263,0.30419428701126183,0.24924549789600958,0.3013710335164798,0.22065203101744138,0.2015689834121866,0.19988350689213347,0.2062909896301161,0.10931735135855743,0.15345917284550928,0.18096126592751033,0.07465275304798222,0.2686381553576494,0.23955540651104704,0.31745600408064073,0.2973147155506022,0.2886759670415133,0.08724448001350778,0.2501537673092103,0.11658554955878629,0.11382343780063113,0.2873216013737661,0.13496783102466628,0.21289993309143695,0.21261510920188292,0.19851567490577574,0.24178703825738043,0.2812145397889145,0.22308959550760957,0.1694222518949563,0.193883922903577,0.20759111354959228,0.043863352176945376,0.23895156710256907,0.23518022000692967,0.2543013029334413,0.3074783491039008,0.22773821112858977,0.20281068451678705,0.04632643398365256,0.25323966017512245,0.054441280503565656,0.22221876636753948,0.288889847477717,0.31073817352699806,0.23536515917096917,0.15115624183241222,0.15384814717522002,0.17957096670578487,0.15879877456833116,0.23581886624029635,0.2713933925535935,0.31273907035427484,0.13339264477320797,0.29463077721331,0.23583602026715803,0.19985306397381758,0.27226180990448506,0.3054465688846611,0.24924454978775562,0.0708538380087111,0.2917868503409213,0.31273907035427523,0.27240156295217977,0.15008228852317093,0.0561165075146251,0.2674134429460546,0.10680112988847633,0.31273907035427456,0.21677205357524418,0.2946881338279765,0.05961104704796123,0.2679559524497223,0.22890415818821144,0.2387591379772004,0.0,0.21291429292330574,0.22783411731397618,0.2178098948327268,0.08270950853216735,0.2943457167235863,0.1301925167867255,0.2334923636747809,0.14170264739872282,0.2318499250093059
ig_lora,SVEP1,0.0,0.485453775285514,0.24515072617059516,0.8051640226824874,0.6774588704981888,0.685091956992532,0.34872126578807766,0.30276701389663085,0.9119082821505874,0.6246978312361953,0.2820610889497987,0.4234574968416863,0.5737387181344575,0.7717039314360383,0.5961861826279795,0.6260436143538536,0.1644172979028456,0.82889194629296,0.4973343945623724,0.735742270300616,0.22614684878927094,0.5235519323547401,0.0,0.7392381311277407,0.33331303473498747,0.547771907121404,0.0,0.6232836389748055,0.7863106367736306,0.1214255698606301,0.5661436514656523,0.40923461647883264,0.6432157366995569,0.47489750755963867,0.8256893421901499,0.5291597004092654,0.23346187745799307,0.32789304493897325,0.8886266332050202,0.6765068004023248,0.3838212886408656,0.7659710620415994,0.528836135584871,0.44021605932664326,0.19907421792898633,0.6301998848450591,0.6413524470606736,0.6548094901727879,0.0,0.6673686280780516,0.46786176018888276,0.43610283794579097,0.917046279926399,0.7643870773902289,0.5623383038122937,0.13573151817324663,0.49604673264809024,0.7365098602947981,0.12364920499403906,0.0,0.5886139898125393,0.42036752201881916,0.5787597227526164,0.5740970221665582,0.6214660635079675,0.5465274267114382,0.5183184380197702,0.6052352548267633,0.3365500193368969,0.750695742902569,0.6422172683826404,0.0,0.522441112491828,0.7195327107653902,0.38391202524666923,0.0,0.2979185154065967,0.4899118630363477,0.4899118630363477,0.5769179583580812,0.9100155931793856,0.391112001967158,0.6925429419198699,0.0,0.6983743039393385,0.0,0.8444843694480655,0.8756249796955559,0.1400885925414018,0.831720574129199,0.5158512848426596,0.0,0.6678297390395025,0.42422459235150806,0.6568364143981059,0.3044881652318741,0.0,0.5524733535846666,0.6320551813981767,0.8887273410158745,0.8136471303568052,0.6988640053564055,0.8638025900517946,0.616268650316411,0.5805800397168617,0.6517415449143841,0.6497943916199492,0.33224642923609154,0.5109218865335401,0.5010913675451758,0.2033857039293404,0.6548104987301251,0.7065250790491344,0.8723938691150903,0.862277464876279,0.8643079564541007,0.24279822367326964,0.6427404245405333,0.3723421765622414,0.4338055786740189,0.8373728009514172,0.48326526062644637,0.6059958838777717,0.603059507374631,0.5606696992906083,0.6970104227278138,0.7035327778302333,0.7100972321895616,0.5209433298006431,0.5510257777331512,0.5888503062349049,0.06778861836259435,0.46047584230190114,0.6719771981501973,0.6647071907467745,0.884592879613594,0.6195930539112393,0.5327662398074058,0.0686886243794757,0.7464536136755029,0.14390863717433458,0.680340693793838,0.8834975500481985,0.9607803634954029,0.6440244014706834,0.45905139710732784,0.5124195437985638,0.5299150282964662,0.5587834173570376,0.6346881766892126,0.7421488647263064,0.8397329775802229,0.38870387622195973,0.8417944866607578,0.5980629580164197,0.5638167183131696,0.7161184274676601,0.9059024905676741,0.7333815793348789,0.11875212057181683,0.8589729537075811,0.9649415888456738,0.7778656097356403,0.3211231700632438,0.058459686056207806,0.7676666974940041,0.3793659100796829,0.9153306296650234,0.6282295406097559,0.8396534936507858,0.21184042752754428,0.7925494055043806,0.6551678282981527,0.6771798335332294,0.0,0.5804018505931,0.6055778102516958,0.6051199044856238,0.22139222593420962,0.8616880011940892,0.37950019038428784,0.6532677493040192,0.31416512389436363,0.6891494018562547
ig_lora,CHI3L1,0.0,0.4312450000014422,0.19266684027738745,0.8123513331945067,0.71005835389096,0.5742246188104512,0.3201987802714329,0.2574341034328849,0.9142534713259362,0.6078921302627427,0.3393010262563004,0.4314766391279688,0.6074940198136433,0.805905530962689,0.6212581478868309,0.6874234390408929,0.19854951110075839,0.8099734122881951,0.4381532754125209,0.7435675411470579,0.1961245830949888,0.5617310249919613,0.0,0.7276292993280041,0.3495271225992996,0.5726430056349449,0.0,0.747624491251966,0.828082891472491,0.13820905427432997,0.7452450523791139,0.6495864096164127,0.595243274106421,0.49430609884716525,0.8203352112082577,0.5547680217849241,0.2168387353464986,0.3021959552536357,0.905078582159557,0.7015289127335628,0.352271389099395,0.7828084522840922,0.5052712878723197,0.45193284429528935,0.2198057773365309,0.6355081009237986,0.6636262181659721,0.7134714857874851,0.0,0.7151355004301603,0.4893994654940393,0.41829257591484864,0.9331492922118987,0.7560118236502903,0.5787208829544078,0.163905439583735,0.4491774987670368,0.616759542987713,0.13891227098091197,0.0,0.6647014105145481,0.42853088314682425,0.5507104035766954,0.5997911362396782,0.6526466925526234,0.5309420246766648,0.5245496789068449,0.6415699557682701,0.33968006221314473,0.7977445782029307,0.6697817466895459,0.0,0.5525240372126389,0.7707771886299881,0.403595956267135,0.0,0.2470633256540625,0.5258482843856761,0.5258482843856761,0.59187642153262,0.9277776311494406,0.3652877561767542,0.7315785945053145,0.0,0.7357497419964844,0.0,0.8426610611741072,0.8924387876391765,0.1729403475623965,0.8331191947034944,0.49413241752325543,0.0,0.7076610832752293,0.2887257938736175,0.7488521476922634,0.44209180818276045,0.0,0.5642272841665205,0.6499812245192755,0.9050265478728499,0.8396592401615021,0.7011073370365767,0.6872330809094992,0.5953964444005372,0.570026837815356,0.5785734322677041,0.6162928354779459,0.40515248061652137,0.5482589761160147,0.51635470561167,0.17781105108795203,0.628809427839911,0.6592642501423482,0.8747499210103871,0.8420374115766471,0.8629002476003546,0.211113339446425,0.6811779179707618,0.30569313092521433,0.3796882526282535,0.8048343251742478,0.5165402429908229,0.6404764281452111,0.6197841906903135,0.5663277981036987,0.6389426550323362,0.7453476242210005,0.642616645963625,0.4841561675636661,0.5717209582482108,0.5877934269970638,0.0763084382944341,0.44570985015634024,0.6883660994082377,0.7066978759203247,0.9029012587668719,0.656744582306507,0.5560422676878453,0.07535154633105476,0.7620533797711712,0.18315884905132412,0.6679471936461338,0.8641874246009354,0.972347394923299,0.663828940289948,0.48395037732535157,0.5525305438701454,0.5128198424605255,0.49874940137112145,0.6387611748477846,0.8212146054772048,0.8726539936833267,0.39448100985587325,0.8442537118472173,0.6519960759514195,0.44228035375349317,0.7034502415567354,0.9203727473520871,0.6733674124748709,0.1337703323375786,0.8713129107883482,0.972926439601967,0.7954613558407301,0.29767849469953483,0.06545279879816264,0.7268430322600306,0.39305609196305896,0.9338780351817273,0.6060824717388775,0.8686376147184722,0.13505673888580777,0.7731599523973504,0.5760981980353251,0.689490245240633,0.0,0.6253687297214342,0.5962112553987724,0.5946126597006208,0.21968128400138467,0.8436804687143556,0.3198660804047781,0.6256325421698101,0.21512183622439277,0.6500632223987194
ig_lora,SLC7A11,0.0,0.3447331122273467,0.1478881935145479,0.7592386959815933,0.5957016042110558,0.503137302426449,0.22850423365506684,0.18951757427106014,0.8780057596798275,0.5376687444920204,0.2224704170599896,0.35945335224803976,0.48086569002687574,0.64584749428761,0.5158197389854647,0.4343439012928734,0.15416683886330113,0.6962655471612482,0.4209805242099016,0.6923920175499537,0.14568228371521733,0.3906904983057786,0.0,0.6287850689697746,0.2634283085626579,0.45280264574051143,0.0,0.44350978559483556,0.637980096827439,0.17701028346314474,0.4432047141863968,0.28137982181712756,0.4794893457420355,0.3979409143784255,0.7361596493367374,0.4695307385248395,0.1723396001699116,0.26056585358634105,0.8222148995859824,0.5803583253091021,0.30047030242949524,0.6604787855223542,0.39318157901069667,0.3321987936571128,0.15417979846036042,0.5986026919442535,0.554451593177258,0.4676177894521162,0.0,0.505743854884428,0.38149932376937307,0.3007529180921902,0.8519508019069242,0.7375098073983878,0.47930402986256165,0.13086974417211067,0.3855615148333172,0.44714411027196327,0.11548538202546216,0.0,0.45600140295752,0.3428347488212289,0.48720648986636855,0.4553466926411886,0.48415152422536417,0.41166869851298554,0.4045149820417619,0.4505696963880103,0.28016624197232326,0.588613746394817,0.4613046865731471,0.0,0.4119083874281788,0.5474751210342987,0.30618354181900465,0.0,0.16257937020010935,0.3637784428510648,0.3637784428510648,0.5010595156413348,0.8387768927678974,0.3277709224898678,0.553659911951547,0.0,0.5641135772466336,0.0,0.8287485730368558,0.8078662985231809,0.13389291772876466,0.8071531545824003,0.4025582765281395,0.0,0.5272062647908818,0.22343433896691536,0.40308736341207796,0.22209386601398576,0.0,0.4834188917109436,0.5601658400690378,0.8116213088159754,0.6737815984521449,0.5638509339050191,0.5112191325046583,0.518075297125215,0.41949250747445926,0.4325308251801055,0.4757797676306012,0.2527647867455102,0.38058646164881865,0.43036560735933577,0.13719661488898563,0.44994263984165384,0.4816062201661852,0.8097910464954209,0.7117038313969962,0.802077326035347,0.1627872889972321,0.5064803093352116,0.21329951839969868,0.30360956560082575,0.6643395665489421,0.36440421328996764,0.4815373635831319,0.501769265845198,0.46016646223505653,0.43858114535204534,0.5567000794440942,0.5107118653228673,0.3968392637111028,0.46963977589512546,0.5099691604843792,0.18472170827651635,0.3013180634075006,0.6056316931673186,0.6974551630533586,0.8113537283633325,0.48735856838057734,0.595632262962068,0.2534823781706582,0.8047750761452187,0.3794736011463022,0.5907735379496148,0.8469900232590687,0.9312089379548534,0.5655464375346083,0.3734734608545275,0.3749090634430626,0.45709607717865747,0.37929161615498863,0.5459328508721073,0.6515437555341611,0.7171719506464367,0.3461446188470849,0.745612406377831,0.6247045869920757,0.3377317843165858,0.578316707721962,0.8469358579785056,0.5312605385056495,0.11137183111079546,0.7856453252244587,0.9314356243991362,0.7072024676105859,0.23055420541733557,0.13610187052987416,0.5695700481835861,0.38116774444742535,0.841219340713789,0.44051120958168516,0.7728480979485809,0.19916838136222198,0.6665419721413838,0.4556621153132399,0.6260588915692734,0.0,0.42857930564927543,0.46788226662171134,0.41535172433727324,0.1792379311456421,0.7258619869500721,0.20588990253671288,0.5217348166250074,0.12924651740620852,0.5015066254465099
ig_lora,COL21A1,0.0,0.1343080237463226,0.12774824942364776,0.1716676983688212,0.20543444314447218,0.14432878679723898,0.10839120354600729,0.0959373858617461,0.18591174543096173,0.1508390450459579,0.16775995141099265,0.13320865810749521,0.2064395847610951,0.18894220012194884,0.14815613622314303,0.18991097922848665,0.14915310232057752,0.17595790970516464,0.10547973728258457,0.1653094667401399,0.10002550131211842,0.15305731897251035,0.0,0.16289284643202,0.15401082873993086,0.14871929495270308,0.0,0.18991097922848665,0.18991097922848665,0.07212802742846351,0.6226000036438158,0.8568683653785651,0.1649908782049112,0.14988597493373984,0.1759775108903305,0.14932082675860614,0.1178560964815196,0.1498521865852643,0.18643943061428192,0.17076937359505737,0.11044822140430378,0.16996084923711333,0.14590221681714752,0.1382992625036776,0.12920365747425577,0.15284309032159424,0.16330187728758358,0.18991097922848665,0.0,0.18526518558387572,0.1271966378451232,0.12282855188456446,0.1896002387603519,0.16421561274980342,0.15717246604185994,0.11283643092139076,0.11678300958947165,0.15020035686929886,0.12975164723770913,0.0,0.27390976220030944,0.12150688410140828,0.13692664583830105,0.16231514186934629,0.17088885964430697,0.15653736342212476,0.1927530357961281,0.1730994754404176,0.11103541412834211,0.18991097922848668,0.16384492018433663,0.0,0.14044604530083046,0.18991097922848665,0.10698642821813863,0.0,0.17166473789758166,0.1331792375559348,0.1331792375559348,0.14401307384956477,0.18863099344144893,0.11018253123389547,0.17729599073487465,0.0,0.17140041553901664,0.0,0.1742955014975528,0.1869810012891544,0.11639885226175482,0.1733499731298363,0.1361946535844227,0.0,0.1869165710810062,0.11429173852887618,0.55514787171721,0.37652810949474474,0.0,0.1430977295485087,0.15500620755937933,0.1877459136095783,0.18991097922848663,0.16629519263910453,0.16441221366076653,0.15086880442971384,0.16504045035708712,0.15967635056555,0.15941489560002664,0.15983131323309788,0.17075383502800667,0.15091148036276422,0.09137143676486931,0.15029024108633587,0.1676933189417579,0.18360537056875406,0.1810239151137951,0.17727419214948967,0.15051831515108863,0.17389629221607217,0.1281673373127039,0.12973928852661978,0.17933114099671102,0.15116468459343743,0.16940170779390917,0.1466404172670848,0.12966345968564844,0.15817146453315983,0.1869165710810062,0.17039664574075178,0.12479842570531362,0.16063960696172794,0.1684913442194014,0.06191790622556478,0.12235550362635787,0.16142897881572194,0.1882640547473724,0.1884137751547465,0.16023418416340746,0.14030260792755234,0.060550887098844014,0.1706081968520422,0.11901331036323029,0.17030629346596765,0.17860459260503148,0.19640291765295095,0.1557641619586321,0.1440562295233649,0.131705476155794,0.1488614979944565,0.15457179601085316,0.15507509732810237,0.18500417979130027,0.1899109792284866,0.1314536037818434,0.18184178152484387,0.18991097922848665,0.1309998119220341,0.16722724075225606,0.18759254009640702,0.16477702013989107,0.12258121462299816,0.18446384183501865,0.18991097922848635,0.18246730105381054,0.13938783037324168,0.06283847015326084,0.1637218999859341,0.09081866963020724,0.18991097922848676,0.17244733446997856,0.20550390633575633,0.055175161654009014,0.1797602183310533,0.15262341288531817,0.15919915482866248,0.0,0.1613329618151797,0.1510840496245815,0.15514895209742402,0.11998162600269051,0.18168181206716147,0.1250843559688979,0.15424249211657384,0.09073693466231413,0.16078570994570665
ig_lora,SLC2A3,0.0,0.2815379528197557,0.1480595184943386,0.7397288823040106,0.5516792244218608,0.4692911691441021,0.1780920831870753,0.1611026029945217,0.8663530797132374,0.49855075291469464,0.19327119005388843,0.31475978062844934,0.41868930745388305,0.5784603935501805,0.4627443027762498,0.2944544070500226,0.1400637328494864,0.6547541902623258,0.37652516056673746,0.674756134970694,0.15770151399692817,0.27795387637789143,0.0,0.5834540869229684,0.20718086276423534,0.3785210861263999,0.0,0.32535552722539224,0.5590340044062642,0.22115972658940772,0.34822827778870413,0.22936447799783544,0.4151504375209828,0.32907815952174124,0.7034955281440303,0.4246795303419962,0.16489413859801236,0.21864277419570505,0.7941743845802504,0.5211968710779952,0.26061691472336773,0.6084730208164297,0.31849731925651453,0.2871581427346151,0.15625275542186168,0.5832648326354722,0.49793060112701865,0.3385510066093962,0.0,0.3990626727764696,0.3121061950220743,0.24004047422825672,0.8256893095158506,0.7318008716105944,0.43134607309412526,0.11749787751792108,0.3556593749619402,0.36024651841097693,0.11261303396470719,0.0,0.35711164524427635,0.29158534394252933,0.4602092985513082,0.36879087504558666,0.3910363064658064,0.3471300277047895,0.34899172944984463,0.34098461120129314,0.22847989553842318,0.49603886217858756,0.3462279294418978,0.0,0.31970065144959375,0.442990321355281,0.22054881977605728,0.0,0.16045671594541278,0.24962539695187688,0.24962539695187688,0.45567746163980655,0.8095715579029364,0.296068595917551,0.4676152857348475,0.0,0.48208971317625854,0.0,0.8262754112728636,0.7786320609568682,0.11890833688301354,0.7988569429853669,0.35306659291932696,0.0,0.4360480806933929,0.19570587601202372,0.2884854494519137,0.18374634612810273,0.0,0.4432872864166331,0.5132010668579283,0.7797497346285743,0.6073921442920203,0.4959600586970667,0.424926520692433,0.4838900650676196,0.32343824349895123,0.35253550855384735,0.43593865300631907,0.19747987456294103,0.2673180483179336,0.37782615431611183,0.14690326806973086,0.3519569422150558,0.39231509621609206,0.7875023816176642,0.6660089427380755,0.7851548147747782,0.16143710702611117,0.41438003635337406,0.19628674181926964,0.24110414409264325,0.6114526835311547,0.25599010820768425,0.3923569743938926,0.45034967362062117,0.4175012304827761,0.33201788547615113,0.46688252328538765,0.4447830096873219,0.35576923534043964,0.40712321410601915,0.47559792047010707,0.20546887173991782,0.25677381675952937,0.5654847218804787,0.634327524285308,0.7800567722438362,0.3943891253553474,0.5433784530494786,0.22161577310568314,0.7739050173847724,0.44255999737663065,0.5539101835446858,0.843512264530234,0.9203881448671454,0.5151069534986846,0.292397789644041,0.25503254947125303,0.42003196579014,0.29902787371624184,0.49626401427051914,0.6166798100681442,0.6586069711532367,0.3122731042921903,0.7083816999495434,0.537302650105179,0.296684455810246,0.5210873363265979,0.8228537085934038,0.4641630735564877,0.10832808509526275,0.7549954832997013,0.9192123366851171,0.6714086666826438,0.19664752388112391,0.17046974228131204,0.5001736651456774,0.3192478920621275,0.8110145733169704,0.3408838236124494,0.7439982911127275,0.2181040250464569,0.6253181221175604,0.3901516436145149,0.5957949642142518,0.0,0.3116844718000332,0.39140804261008455,0.30391306167420157,0.15146836582444784,0.6850905410458703,0.18628123907846608,0.46930667358234646,0.13040985672724886,0.42729809753964476
ig_lora,OLR1,0.0,0.4524041320344418,0.1857663456054517,0.8419198336139722,0.7127688394495648,0.5936278935352848,0.3520403221557097,0.24217057371432393,0.9252460834103036,0.6274981871815781,0.32768303591602205,0.44165385740457586,0.6158547100185084,0.864010047451211,0.6373629228130963,0.8031273478079918,0.19530792057168883,0.8478097395057979,0.45667851127493164,0.7784788944463663,0.17952589971655697,0.6224964365924249,0.0,0.7587889354246183,0.4166100688190581,0.6095418380027628,0.0,0.8637982195845698,0.9015636739039959,0.11142149485462687,0.6545220084920673,0.3990548024039772,0.6309505594828771,0.5205101187878226,0.8470119198457805,0.5586647105063353,0.2055091559701803,0.3083523236929397,0.931926681525761,0.7411417322257565,0.36001869809430576,0.8238786257971019,0.5769343379504592,0.48119043432343683,0.20654765916328632,0.6548927941660849,0.6978931401368014,0.8228146130271927,0.0,0.7995016005595776,0.4994648828082356,0.4375156071499332,0.9595766523023452,0.7662905429251036,0.602432543439101,0.15768568048232354,0.4814954817601296,0.6365136925769463,0.13929396363687874,0.0,0.6873783049767593,0.43849499708317724,0.5978498128001796,0.6479061680897593,0.7133830479230829,0.5612908726006413,0.526613470414354,0.7146182797958581,0.3565414858077481,0.8818764086847951,0.7536193962063124,0.0,0.5979085298742497,0.8637035484824559,0.4368234759554636,0.0,0.24483168285271964,0.5810932743544037,0.5810932743544037,0.615788616219374,0.9570476996709979,0.3721336839901268,0.8579555854063212,0.0,0.7989712855973219,0.0,0.8616604944194284,0.9198230494523926,0.16668591426410792,0.8609172951679982,0.5131494067168154,0.0,0.7752742374860144,0.3081054085294365,0.6614419678679527,0.37964920856583173,0.0,0.582407430942364,0.6768270786820716,0.9357878269680123,0.900832275668098,0.747572683771153,0.8040360582667048,0.6133233651608847,0.6204357113436572,0.6270225596416755,0.6591058817530885,0.3961772076908388,0.6069517648124865,0.5332156998937514,0.15906189693375056,0.694817081875763,0.7249320368828016,0.8950683799758506,0.8870561823758272,0.8817149610601224,0.2061545815291248,0.8144717744413372,0.2929833600954066,0.3960676682466617,0.8539172848346556,0.5665094420482337,0.6962082609165362,0.6475780570183647,0.5808495293119995,0.7176404559395677,0.8176715960500072,0.6858767183613229,0.4923554685724676,0.6017183737044526,0.6580594217877672,0.0743062808389982,0.4505585608964686,0.7132046827329658,0.7786901460978418,0.9667395683281825,0.7179931738962019,0.5898932605660102,0.07296461085831522,0.7863512381459558,0.17702396597324904,0.6888637262881316,0.8980640167845035,0.9790758835553458,0.7170903615942751,0.5340561244287173,0.6168263262503451,0.5266624021753885,0.6789737912907347,0.6665261939806575,0.8775767022290291,0.929125845210877,0.40128045642903487,0.8765155148118969,0.749044121223914,0.5309778750055599,0.7871904858144722,0.9439232754071851,0.7216161327497207,0.13358069847761944,0.8989425994628344,0.9858251690421754,0.8234038227852537,0.3566371558499029,0.06557729063839607,0.7828517505271388,0.4119144454942349,0.9645629226054385,0.6773840333862147,0.8947998025069518,0.11299514255958983,0.8078116154149735,0.6133111388031777,0.7078318029827974,0.0,0.7018042097435154,0.6371117702378033,0.6604367843331859,0.2550707265589989,0.8834995639570267,0.3093844211461358,0.6704426713416073,0.21291599947226905,0.7009376826944848
ig_lora,GAP43,0.0,0.4279410519558024,0.2255907116753387,0.8093746748921853,0.6582861520590928,0.7030182355560247,0.312343209099065,0.2511150370635445,0.9045898106412996,0.5862903074689658,0.3025562063096666,0.429536555987808,0.5510864501946358,0.7974749169323141,0.5840914260019374,0.5943885388009392,0.16772203641654673,0.7948794783579175,0.4383771007254152,0.7634772003761916,0.2388711658336319,0.49981062569005424,0.0,0.6979722566827078,0.33098958606135537,0.5325774708560052,0.0,0.5940635692336538,0.7682220221719651,0.19200319784712677,0.5536809745222006,0.38486883264380883,0.5792809772510839,0.46133104660838964,0.7963096232265883,0.5232532601384442,0.22182210865712532,0.3011172723092588,0.8820773072285552,0.6638447701811591,0.35391245670582666,0.7460871245228001,0.49106253666981975,0.46234954467580147,0.24225130703930506,0.6311242384013495,0.6294817937283308,0.6255894204316361,0.0,0.6436273214133659,0.44765030179480797,0.392088426390211,0.9108190519487764,0.7549740249585325,0.565284680772969,0.13860520383733457,0.46332658059791426,0.5478491831635127,0.1274498972531751,0.0,0.5675106061105963,0.431837403117896,0.6486708912005833,0.5508013029026195,0.5957181632688775,0.47944035921584627,0.4608031062008976,0.5746596232928438,0.3546996613109358,0.7295923592006262,0.5965299393210061,0.0,0.5034480671600794,0.6957914041007044,0.36739633365384433,0.0,0.29188579392503555,0.46617055637166194,0.46617055637166194,0.5989050725844955,0.903109031240568,0.3634223479913635,0.6735498965881213,0.0,0.6802856893376732,0.0,0.8439382389769492,0.8688417492199313,0.143393331055103,0.8354746617424695,0.4990475135899758,0.0,0.647837059742925,0.3297891787667574,0.5384084305701836,0.33286602003784505,0.0,0.5893260041146313,0.6223151581511263,0.8788692554863518,0.7889130560014999,0.6576418485413794,0.70167384981372,0.5933860737920793,0.5174467219388346,0.5690209677684083,0.6062598431998377,0.3415410063058761,0.4871805798688543,0.5240271964122948,0.22745921475458752,0.6014830649676998,0.6366105616271024,0.8560924627418516,0.8241422735551707,0.9618018840720065,0.23923343370689262,0.6227477452439558,0.3107149735091395,0.37827605270050424,0.7857537573016158,0.4609205014126245,0.5870028385460231,0.6108155483541654,0.5871031454087058,0.6131130018213753,0.6835400985336557,0.626971894399797,0.5593090431420081,0.5383637475119855,0.6862047803654358,0.06923882547127458,0.4058051624891347,0.6635358446694202,0.6436038070448318,0.8969827764868035,0.5996003746146618,0.51815620493683,0.0697242157854252,0.7391485962402149,0.14779656483751244,0.6543860997019633,0.8725976111010868,0.9581606331048169,0.6334727096197119,0.44253570551450294,0.4870954833562323,0.4950497442284674,0.5022233155186137,0.6737689414806691,0.7309764851193954,0.8261665166289739,0.390517031274683,0.8159592879430893,0.568842888275268,0.646606964787968,0.7398447012946394,0.930857680802684,0.7391750299901355,0.12255281283095287,0.847233127924887,0.9619739255125881,0.7699518408474116,0.2878482501672061,0.05766352528394659,0.6879678756282143,0.3682672855351689,0.9081634427473825,0.5485781475401316,0.8293058985816777,0.17286240684153326,0.7594320025149971,0.6959481843920992,0.6708488184226465,0.0,0.5550777901507686,0.5534943129305505,0.5306371582294225,0.212243431141404,0.8276755332590466,0.33408431862484034,0.6139408332541262,0.2844048995261773,0.6319466148745921
ig_lora,SV2C,0.0,0.3339080132924385,0.16220810498389449,0.8283439721021526,0.6912301515868359,0.5546255688938123,0.25216952203842335,0.16170164041868404,0.9297508945807429,0.5967068557658026,0.2775492248382922,0.3589421465518167,0.5553441010569055,0.8776481247263705,0.5934524031428603,0.7540983606557378,0.17851058783014642,0.8521314319604434,0.4050565650475074,0.7506878133530703,0.15096711811348376,0.4466575181995444,0.0,0.7450183542327182,0.25208675423132726,0.5277543367347544,0.0,0.7131147540983607,0.9385245901639344,0.23744081617917207,0.5506501087568364,0.28711735348401024,0.5653867988491299,0.42352115375741334,0.8497147214915938,0.5111981579984911,0.16730762115164413,0.2263592419522272,0.9446962537880029,0.7164274153233673,0.2774969669255152,0.8229378219003477,0.4214584582387164,0.3963331091259037,0.17421078610609947,0.6318782581437862,0.6640456528548925,0.8155737704918034,0.0,0.7753813941385425,0.39583005378427244,0.3308208683656483,0.9747998997159867,0.7587237474739734,0.5442916167676132,0.12836395900424083,0.3934489949314888,0.5409496181733601,0.14120242691671267,0.0,0.5938692807051864,0.3323640395465568,0.5283684156049693,0.5580383314425795,0.6448277718464615,0.4485845730657662,0.4293622615123768,0.6177409412916349,0.23640317222204676,0.9180327868852459,0.6795969510285058,0.0,0.47259945086886646,0.8946135831381733,0.25569630645674024,0.0,0.2568654067035606,0.3697659311860763,0.3697659311860763,0.5687101217383196,0.9739267246649387,0.3195750504446662,0.781875504374397,0.0,0.7846360077039233,0.0,0.8452432183234694,0.9315908632483424,0.13427657808206686,0.841105105873935,0.42737874271664184,0.0,0.7438536751471518,0.23224960154697843,0.49524209435178657,0.344797392615654,0.0,0.534942706340734,0.6466641261416621,0.9512372534799971,0.9282786885245902,0.719312981084224,0.7070832708888379,0.5765830549511874,0.4961120333193801,0.5175938605094337,0.5756417436625382,0.2867760940695033,0.4177888420368016,0.46527120570366665,0.13052040382016786,0.5951985122444962,0.6564588338819236,0.9017124070516647,0.9019097676237542,0.8864861186785932,0.19200629594926288,0.6961839775991103,0.24226010204746334,0.2665954163054245,0.8617999178698165,0.37066014254631985,0.6245172170251276,0.5935589217086386,0.516468926162751,0.6076390704950164,0.8116894488495403,0.6327147972277745,0.41498169023131726,0.5371688115102622,0.5691366978874983,0.21048201205960218,0.4275294071684441,0.6941318229577736,0.9693372898120671,0.947641894177392,0.6522039734034517,0.6565372198089422,0.22034023549278486,0.8829751989413864,0.4423553051079455,0.6675132470425951,0.8701436483991822,0.9857567971805469,0.6642463023209472,0.3819675395482234,0.4060108111165713,0.48561975137419805,0.39802882163930325,0.6320014123942014,0.8008969928360402,0.9611734253666955,0.3417881701562324,0.8846611270498599,1.0,0.3978418317593458,0.7198622008052993,0.9559523892716403,0.6792058492959615,0.13263252917782375,0.9084493672066631,0.9938007990081278,0.8227518199238898,0.26821960942062434,0.1924717650327706,0.7636559973027188,0.36512681442977907,0.9832339791356184,0.5560043635642568,0.8822321374304745,0.18638437420963475,0.8037088100420469,0.5329371253353247,0.6937365043473477,0.0,0.575966578102912,0.560899741779277,0.5171181640038148,0.1653766001718221,0.8954690759369355,0.24083877156319458,0.6128367852078915,0.18275963946916146,0.6424588402223459
ig_lora,SLC39A12,0.0,0.08565902437894303,0.0781813385509896,0.09707537422394617,0.09491969211146735,0.08795682390845795,0.07008691201483665,0.06367722790662773,0.10448762405490196,0.0882009506403708,0.08279090428728157,0.08146008397653819,0.09233045603272388,0.0965923651857492,0.08885474639372438,0.07558352240356497,0.08584864348630653,0.09737957924726334,0.26857457012356944,0.09566600008336312,0.06829121359751922,0.0757716221754882,0.0,0.0944399167826881,0.08811296038412803,0.08449602568532637,0.0,0.08006056719750669,0.09438711053812016,0.562724694348171,0.08658294246502421,0.08940241164016308,0.09168931532979974,0.08994080910562291,0.0994891373495628,0.0897554205198896,0.0804277920311266,0.08981286414810305,0.10216601796909701,0.09501179888484912,0.07855299757304221,0.09493425540360681,0.08262900385806536,0.07424051138898559,0.07931738018122486,0.09134863046683196,0.09481671125020691,0.08006056719750669,0.0,0.08623405118326839,0.08313302759762443,0.07944031438288321,0.1033541278751071,0.0972294812062201,0.08815952762139262,0.07284461857412931,0.075042720515404,0.08230221892359134,0.08226354706444668,0.0,0.08802778228215931,0.07388291664854699,0.08517807876222006,0.08625244147876279,0.08667958747546417,0.08560063213381004,0.08718320453943985,0.08295129727585164,0.07299605667809587,0.09125317918236096,0.08200699641040837,0.0,0.0815752014717973,0.08811924782660177,0.06665796152463936,0.0,0.07747437615385058,0.07148702542072952,0.07148702542072952,0.08377312129105365,0.10280015322674099,0.07416902354600871,0.09022988161583309,0.0,0.09066029116723116,0.0,0.10057108469559052,0.10230546778490242,0.06941037671399596,0.1016034547505782,0.0855148881509574,0.0,0.09119037379808445,0.07968692170944906,0.08177384080224316,0.07888298671362166,0.0,0.08628124846372887,0.08904499682045995,0.10206733416647311,0.09702621062718053,0.09320159580071911,0.08563706332336093,0.09004785830282235,0.08689019760090486,0.08531806374782157,0.08583045506880735,0.08252901877026825,0.08367552062099595,0.08953033286100096,0.06350396212757263,0.08178436289913484,0.08528664566786387,0.10235835015283846,0.09730675138636002,0.09979192318245249,0.08710407656996952,0.08547440309141206,0.07322272488710911,0.07808224880388082,0.09563438885161273,0.07874135067497529,0.08625143923305781,0.08328926723797413,0.07830732633633761,0.07807458223676617,0.09119037379808445,0.09122078089158134,0.07564692195220629,0.08871867034626651,0.09373377500590027,0.4383848172912825,0.07683470150391687,0.0912187380656226,0.28245315035264446,0.10211831128954109,0.08493388019688522,0.26424512885020973,0.9441737801364354,0.2572888734216516,0.363075233180666,0.094259481719742,0.10202475161616589,0.10546951614830541,0.08913489349718963,0.08208162293901546,0.06685582653122384,0.0872905586072879,0.08568594734019536,0.08902754346115929,0.09958968743504182,0.09837575044545005,0.08210742323724114,0.09992888100624718,0.2622708444203865,0.07801356668504691,0.0933788205055059,0.10324693284616665,0.09055538734751731,0.0814379941314949,0.1013033421310196,0.10538155824520995,0.10020988358813074,0.08236330436594835,0.2849375492655794,0.08642159619935287,0.35347264690235186,0.10292207252827294,0.08508627871620822,0.10055335992174302,0.43950713113562023,0.09752128594692282,0.08629928454401263,0.09394384526186421,0.0,0.0803954952373268,0.08759898548566897,0.08092692300506212,0.07659692643889603,0.09828163122223078,0.07018981209902264,0.08875178937392356,0.06201979135057099,0.085135812663582
ig_lora,COL27A1,0.0,0.29317346579160813,0.29415749919111944,0.2384149726162355,0.28024172528633,0.3144008258629491,0.13448006856254016,0.21385588129870556,0.2541542308987353,0.19827045854003456,0.2089465023974767,0.19539239684885143,0.2842355808778376,0.24972292358453996,0.1973179640658999,0.2345472642118693,0.1750258043249815,0.3061381162066322,0.25760026932918245,0.2298213619761538,0.26002341258363015,0.20275305136457195,0.0,0.23252283570571528,0.18631290350755206,0.19448753083807657,0.0,0.2385112381769184,0.25119595486507557,0.12725794450650935,0.6031127024142952,0.9513768430182133,0.28984284571939967,0.18784075611235596,0.2451098472457164,0.1901531120068062,0.2105212575411806,0.2271589158644141,0.2540207341806122,0.22570017943481568,0.21193774266425652,0.23802647584144587,0.2881506814118656,0.2138063942771997,0.20052705258228326,0.20904774264690862,0.21406075009896483,0.2385112381769184,0.0,0.2359543508175439,0.17151712382885925,0.16431404919688536,0.2585359455997976,0.2324592750345639,0.23047242575957816,0.13434354238102952,0.26974382993018475,0.20368610762354358,0.13645864538641958,0.0,0.3554564634999063,0.19754941306512244,0.25454271410340845,0.21145949831921979,0.22490078584168896,0.20599023308550699,0.2573851668646529,0.22750289225843603,0.1701181486800933,0.24842117308954123,0.229918490132052,0.0,0.18449258421397013,0.24564639131400684,0.14349766740576406,0.0,0.4523867434798018,0.17333500216065367,0.17333500216065367,0.20482190047449353,0.25781241572173264,0.1792124447593319,0.2335579923886333,0.0,0.23701895766601266,0.0,0.24485468096272894,0.25530038401618016,0.1402705109514904,0.2502104949933636,0.2707475696278758,0.0,0.24082303558670629,0.317109108241143,0.8061635655425818,0.43845002662710086,0.0,0.20715097892379894,0.2042919272433114,0.25562437455876547,0.25353261320236764,0.22023810046457443,0.272363525321506,0.26848562484462796,0.2244649618954798,0.4210486299896158,0.3508173055560794,0.19720932929380663,0.20695103975616144,0.20802098618017467,0.22971192120905815,0.3629424966130603,0.4014516280867217,0.2527641497613685,0.3241424357981058,0.2724437413110978,0.2897079640552992,0.22228471424325866,0.3082602891543451,0.28618027972554355,0.3348984973339132,0.1918426948795056,0.21884701560351846,0.2372629756004802,0.23727004010100566,0.4478371434598913,0.24329369013000837,0.3359562664788677,0.21757538415382263,0.21408535055722164,0.2830433962026146,0.06857664183877424,0.1710248704275303,0.21702193922153235,0.24238916452798068,0.2551744454186206,0.20893912040056709,0.19437765715864824,0.06737786339696909,0.22998262137320677,0.14622383040513795,0.23203777069896653,0.2699182707037072,0.27120683275440527,0.21161229801139453,0.19264837802062726,0.17567259666704782,0.20083388190164003,0.3019109811737819,0.21678378615714836,0.2524077497503342,0.2547274953066648,0.17625261686294666,0.24756782486988596,0.2385112381769184,0.37511223150516615,0.2983887709966805,0.2560490345122158,0.34969584399782655,0.12960272719530844,0.2498274745413823,0.26093043519236037,0.2478815821741186,0.1902456989999613,0.06404225593777207,0.33359975760877053,0.12695426617880737,0.2587528073601481,0.22281964584603275,0.28390793541633613,0.1947946359561261,0.3061798809337523,0.35563059730412433,0.2149536392841494,0.0,0.20700922820985412,0.2065532953044301,0.2055010091186623,0.1451591879960109,0.3148632419594165,0.38569630935582305,0.29728067571059424,0.4303910316976332,0.34807309699306066
ig_lora,SERPINE1,0.0,0.4887891996604855,0.17321515333313792,0.7518387410875034,0.6671691666150762,0.664456103811593,0.3897124247276882,0.27631666166006275,0.875593666070511,0.5881160208979891,0.2717730420178518,0.47742895464327506,0.5769042779553226,0.6758195127634865,0.6234607143473334,0.5926411447710035,0.1693419333598256,0.7038109217160874,0.4901995542383476,0.7105656736336701,0.17791431659710874,0.5549847189296431,0.0,0.7128269053253206,0.38683968787623596,0.5615684799498976,0.0,0.5925741931400637,0.6741129158168028,0.09740045113475174,0.5716113306362157,0.39966905143992704,0.5735244805700637,0.5215324625226878,0.8147705074502655,0.5440824403244419,0.220360328076658,0.3897808073799091,0.798672662419273,0.6530940803928195,0.46432285043974625,0.7092344509704533,0.5290554792368679,0.4316548886845814,0.1877065740229583,0.6177576518822303,0.6133185025973472,0.6036508435609764,0.0,0.6696280205236605,0.5446367913181706,0.46438055644435156,0.820733893117885,0.7595648495617547,0.5648804517826421,0.15498987293106567,0.4865667265039116,0.5970664550499737,0.11629433355107036,0.0,0.5813716584794187,0.4797235454511484,0.5507879829313382,0.5726499134911082,0.593513112750082,0.535854914391754,0.5243435563368141,0.5849243179707588,0.4314599555124832,0.6508352669465745,0.6018713420320416,0.0,0.5516222747578737,0.6333770302939031,0.481968817450708,0.0,0.18612576527967456,0.935392671785211,0.935392671785211,0.573799323612059,0.8209942480803406,0.4325126815074425,0.6289412881342563,0.0,0.6330759604941332,0.0,0.8381580583659772,0.7857194587807627,0.15828343092280572,0.8081417735483957,0.5177294267191824,0.0,0.6165423925874519,0.34878763039347693,0.5652368896384521,0.27826254896399355,0.0,0.5571251566617448,0.6106779351434726,0.7869966770126506,0.6923519417588235,0.6863260154741954,0.6161252342604026,0.5833972325100583,0.5589280572786678,0.5628708771680155,0.5772377559318121,0.3383199484834386,0.5499327006011632,0.6434374550617742,0.1726982941535904,0.5844543897737612,0.5947837055887196,0.8003213558938955,0.7143617640834915,0.7856816059399332,0.18163638121465506,0.6054564164134888,0.2623023058222211,0.46046593313013967,0.6850714054185895,0.5375138358575481,0.589601716296939,0.594688079190162,0.5549969140091342,0.5825287321220259,0.6323181539135887,0.5958412833761899,0.5198413988169717,0.56209872539823,0.5915075244213305,0.07400018638263473,0.409432370516084,0.6385729240038951,0.6139830303083768,0.7871235207817996,0.6446534487178764,0.6398732031316906,0.07791690315781681,0.6926071809294215,0.1611986815058318,0.6264694828395849,0.880155736624991,0.9061284647712621,0.6167906048742414,0.520471141869106,0.5515089999099575,0.5268611810809475,0.527112191545649,0.6423998595886795,0.6936892386739867,0.7179823309953102,0.48009681739719856,0.7496960433757291,0.5837128728033335,0.45343361335097604,0.6531178341142646,0.8300547694145697,0.6307881912168777,0.11400902748736665,0.7937598283463028,0.9035202711299745,0.7105570431502863,0.30486883536195225,0.05911837239405594,0.6332759594048293,0.4704486622224674,0.8095465092435861,0.5732577476635053,0.7597824495595386,0.13254067708711023,0.6835538971130366,0.5658782834312946,0.6615087349815928,0.0,0.6387933547427956,0.6175121991501726,0.6089973001925701,0.2597074180769762,0.7237036107544771,0.2642927522767787,0.5922862890994718,0.16958321019926378,0.5961902402756394
ig_lora,APOE,0.0,0.7127362568043989,0.24344566249669589,0.7988463658268082,0.7709810799405535,0.7932905581409829,0.46630757244390897,0.44162962233748765,0.8704732668080771,0.71705704018707,0.3650777876464074,0.681144704772043,0.7564322025769269,0.792534898259114,0.7977515332226359,0.7588816140705548,0.2180860131175433,0.7898328695445072,0.7434889424411808,0.7819686547300507,0.25406899155421675,0.7404462711285272,0.0,0.7680220267571721,0.5582676280397136,0.729935430122596,0.0,0.7573752062165876,0.7769654930152632,0.12482258855402575,0.7784886161601622,0.5845236579880512,0.741334095340373,0.7102452120061813,0.8044534983089271,0.7169010525080155,0.33943772638793696,0.6355611083252307,0.8179935526568239,0.7561990229743761,0.6742655882496049,0.7836125561185463,0.7388649014481077,0.5629554587173132,0.2508133835498037,0.7269528336266557,0.743308926722984,0.7610344568020677,0.0,0.7845822549023845,0.7922078832124434,0.6372920695191097,0.829144742906848,0.8016840291220164,0.7279847392511656,0.21106143194201804,0.7159958547770342,0.8077752182352457,0.13339392232350533,0.0,0.7590656980834039,0.6914219392182823,0.7617700633463005,0.7535681664306427,0.764011478148214,0.7450460332632838,0.7405555225936757,0.765356014316481,0.6943292950779107,0.771246659502834,0.7640785662996806,0.0,0.7329441531838592,0.7672683405376659,0.7193703433394629,0.0,0.24854024927552493,0.7481298872010941,0.7481298872010941,0.7230207929532956,0.8247274171151481,0.6311505435155108,0.7859429086538506,0.0,0.7615766347692621,0.0,0.8579594465505627,0.8113440945324933,0.21338514445753787,0.8499612748894817,0.714907440931245,0.0,0.7582819472718749,0.4593765418977583,0.7656227566085189,0.37744047298125494,0.0,0.7127954332877711,0.7355039858509124,0.8184462521384238,0.7892445485440541,0.7749036725936254,0.7747651390663092,0.7431556472906631,0.7369513699094737,0.7614526421857954,0.7512938810688553,0.4694006019350163,0.7389935351960933,0.7210521489337186,0.2620910560216956,0.762460435031995,0.7647895634440631,0.8169492925430896,0.7968067585644132,0.8296211144996616,0.2437879304226953,0.7680789796202286,0.3710117331414487,0.69937550056018,0.7953824764697943,0.7329518695095608,0.7471770061362946,0.7397297154632102,0.7302259084420425,0.7647236151798469,0.763478462443727,0.7559098884835164,0.7085219067452987,0.723810066635089,0.7625090406741482,0.09206841118435533,0.509836139988976,0.7433505936985821,0.761375111712523,0.8422740297566577,0.7759589051700477,0.7380095487801088,0.10298395506433115,0.7705410816438375,0.21990623156290984,0.7370904139249131,0.9095440156462542,0.8899966143416397,0.7680617743725621,0.7422452719195415,0.7405831266837891,0.6968561240006867,0.7441916376387426,0.7705557892355769,0.7769076574581109,0.789258733557729,0.6568337036796282,0.8046098146283199,0.7575546450319468,0.6265309274084555,0.7900822520467268,0.8379068049447754,0.7800658057772342,0.1324108869836017,0.8304093805662902,0.8820962958670995,0.7760983829466381,0.41866249254374144,0.06579250228668318,0.7736038510815364,0.6947521753220576,0.8239201260646815,0.7616306911495648,0.830335974544859,0.22358624713552155,0.7802289611041698,0.772526144749147,0.7416645240292136,0.0,0.7693852683435898,0.7928002088917847,0.7882825126772819,0.38950729065198875,0.7985719987776959,0.3767563747781278,0.7691386640837439,0.2314320186713101,0.75958842865027
ig_lora,APOC1,0.0,0.6496266947382818,0.235293900523466,0.8262705975603993,0.7598538087193322,0.8241553775541218,0.48541089931723913,0.37516948396251204,0.9166966444748749,0.6870180939965849,0.3385937145964736,0.603200160275045,0.7015754870594164,0.83838159550279,0.7488661018330756,0.7965292437312311,0.20949736939605781,0.8442173624732402,0.6481941629789788,0.775323573014566,0.2387826673293925,0.7354289955866172,0.0,0.7913935276177433,0.48214848534713683,0.7077397572904407,0.0,0.7906330920368024,0.8391161462060897,0.12756616001835383,0.7396634217673904,0.5197860520999641,0.7334320097343694,0.6573320225257099,0.8666608668827378,0.6492374857975899,0.28049795846883874,0.5007361664523681,0.8888726955063347,0.7666283639747183,0.5608862922174294,0.810367398736418,0.6974583254626197,0.5481656070880744,0.23709281172399452,0.6788127491866638,0.7424583188992068,0.8023426939103387,0.0,0.8548823796980587,0.6925985691863267,0.5505929602488886,0.9097505300015175,0.7748295621203475,0.7027843096891915,0.19183041054582642,0.6160847616249658,0.7537577520896027,0.13140765924086592,0.0,0.754113068281033,0.6222785789396911,0.6935723994416096,0.7329339344698976,0.7626335834965672,0.6713106432669068,0.6425005781422094,0.766944362998318,0.5617925113918922,0.8270498571715464,0.7810075921909643,0.0,0.7147212658202898,0.817947218075312,0.6310988332286446,0.0,0.2595357054779176,0.8230589857908193,0.8230589857908193,0.7005680985811418,0.9041601109023613,0.5128559869174868,0.7957221369765002,0.0,0.7961704952870168,0.0,0.8570736136124003,0.8795444843277789,0.1979122716048941,0.8400316219685388,0.6851950462999967,0.0,0.7867862428381991,0.4395979839518781,0.7711714846325987,0.3549998608793409,0.0,0.6772794643280153,0.7249118522810576,0.8872830664528017,0.8440884727933635,0.8114346696539606,0.7989865713296356,0.7003526700023933,0.7263614521484987,0.7605642836122074,0.7697391488441182,0.44713332341080697,0.7301110815566383,0.7145099772098158,0.23356457819830367,0.7826357486065572,0.7964318448991519,0.8727963097628179,0.8653632493454337,0.8968981484211108,0.2398265889148475,0.7751594873386768,0.3489481476360013,0.6170390354993383,0.8467675029102958,0.7124353934683386,0.7545092521945488,0.7400036072030436,0.7012012760165314,0.7998642895675369,0.8033315534973181,0.767501724397301,0.6508530266310567,0.6942354662809643,0.7430924182875556,0.08221443296248568,0.4575168023469966,0.743409624348873,0.7883550087014389,0.8933806276032034,0.8278576351100859,0.69627902395017,0.08584053405019265,0.7889872814289428,0.2040253945779796,0.7316386795556776,0.8894274862335242,0.9513929558170601,0.7371439546131072,0.6709063867634849,0.7366422722052451,0.6158262435381248,0.720494908612544,0.7500317354559273,0.8011726191354053,0.8616398857372372,0.5718669166414472,0.845783578786412,0.7812654105379734,0.5991369181822954,0.8039950800890804,0.9173421562040901,0.8088324485474563,0.12901605987187367,0.8920772989841631,0.9538799619124124,0.8129574311703764,0.3569511698382066,0.06344744028429637,0.8087621334749523,0.6296600659191334,0.9077599238248247,0.7455934619243239,0.8506134242373488,0.1868553165722616,0.820944996370802,0.7413342970064319,0.7341495234952363,0.0,0.8186254275763905,0.7578222849389082,0.7773688176262974,0.3074443857239098,0.8647843799536094,0.36474976527151065,0.7415627842742643,0.24149310962005194,0.7795706639527105
ig_lora,CD83,0.0,0.3727345879257431,0.16220810498389449,0.8381800376759231,0.7142834302753605,0.5751173721725009,0.3018110002513301,0.17731444291673243,0.9354255477963798,0.615622366484592,0.2958830716490568,0.38528875076727337,0.5904729066775144,0.9237546821034197,0.6218256692210443,1.0,0.17851058783014642,0.8784780361759,0.38227475814381484,0.7606567987318918,0.15196182159789082,0.5520439350613711,0.0,0.7696085181671445,0.28506822039856955,0.5738608941118035,0.0,0.8975409836065573,1.0,0.10750802898708067,0.6244206005601151,0.3226358555102712,0.606370405406507,0.4623477283907179,0.8668706498179377,0.5328953614700437,0.1726303508708984,0.24577252926887946,0.9597514561968353,0.7515562209439762,0.2991941703970677,0.8536755268183804,0.4706387861075688,0.4408434948825803,0.17590178202959145,0.6398105690903753,0.6961197797258832,1.0,0.0,0.880767811000369,0.43465662841757696,0.3753312541223248,0.9889865327550788,0.7619172752576652,0.5746443649218379,0.12836395900424083,0.4133950865756937,0.6024250280094255,0.14120242691671267,0.0,0.6758364938199405,0.36589608127531986,0.5468110385557889,0.619513741278645,0.7185982636497401,0.48956817962314325,0.46143638838336754,0.7231273581534615,0.26432770052393356,1.0,0.8025477707006369,0.0,0.5396635343263925,1.0,0.30838951488765354,0.0,0.2568654067035606,0.475152348047903,0.475152348047903,0.5960325261099042,0.9899637881004341,0.33376168348375823,0.8489395878319231,0.0,0.8461114175399889,0.0,0.8472424186433414,0.9472867125681891,0.13427657808206686,0.84541916972208,0.46091078444540484,0.0,0.8176241669504305,0.2606161605257823,0.6181929140239177,0.3860485479398744,0.0,0.5587396391805014,0.6712542900760884,0.9688016562903017,0.9743852459016393,0.7627073880273292,0.7808537626921166,0.5976603383235528,0.5698825251226587,0.5846579439669598,0.6248220715313906,0.3336145015636484,0.5231752588986284,0.4936444717818507,0.13052040382016786,0.6874116269985945,0.7384260469966777,0.9127935690762229,0.9326474725417869,0.8973347204143696,0.19200629594926288,0.769954469402389,0.2549527652241466,0.3034806622070638,0.8986851637714558,0.4628732573004182,0.6915813004826536,0.6304441676102779,0.5485430530337417,0.7305898901671476,0.885459940652819,0.6788213546048236,0.4433549563095014,0.572297617130871,0.5909527356233474,0.0629607219248615,0.4716551655799168,0.7146236262364621,0.8280228956884111,0.9647978225037359,0.7259744652067304,0.5493764036909594,0.06243401318446438,0.7977456869506956,0.14021466750479838,0.6864287577613845,0.8727197118956662,0.9911810980484351,0.6915687066925318,0.4318327686587355,0.5289616307887024,0.5023857722385796,0.45477535379567147,0.658348016609658,0.828821521137927,1.0,0.3589440984825763,0.9051529303285485,0.8155737704918034,0.43599359097935425,0.7567474467069386,0.9686714395825504,0.728386177164814,0.13263252917782375,0.9248428098296141,1.0,0.8416673306426793,0.2918184803954035,0.06694670088096369,0.8163492057336322,0.31432225342165065,1.0,0.6379715766790108,0.8972873398393069,0.08749527140580461,0.829146910663867,0.5790436827123739,0.7082013066617162,0.0,0.698917397775043,0.6100800696481296,0.6225045808656414,0.1770878417806345,0.9218156801523921,0.2672152964560399,0.6449109120788823,0.21617302570702301,0.6992053723787143
ig_lora,ATP6V0D2,0.0,0.6326580610778726,0.21048988142880154,0.8563140416794578,0.7899613486655824,0.687794237795124,0.4394060883412529,0.3415442509400335,0.936071206716889,0.7103699501824637,0.3653407264375741,0.5874809088322744,0.7421893515503843,0.932535933774723,0.7435367230210375,0.95058289300718,0.22070806158430467,0.9013286359104914,0.6711339878695711,0.7927742008144046,0.20704550158583507,0.822842717937653,0.0,0.8293332720032772,0.4970854725781824,0.7575890397789149,0.0,0.9325619450781325,0.966466963112015,0.15072638102247912,0.8194338835668297,0.5212370763241043,0.7639924195427513,0.6813051944731445,0.8870595408357245,0.6635903451423582,0.2515342849594828,0.4518598348028489,0.9552137895504823,0.8336150164043221,0.5046735352127345,0.8887321902694388,0.7135695728629017,0.5806331363580617,0.23108340021016643,0.6840684210324892,0.7967135872008136,0.953053748356821,0.0,0.9228891149625653,0.6662728830591538,0.5508143813332709,0.9777702157411841,0.7735383220714861,0.7251735674846882,0.19308655409013292,0.5790936621343107,0.7960776894017688,0.13816820912968453,0.0,0.8457441364606353,0.6081786514524594,0.6595270805244281,0.8034014236600058,0.8556560616782238,0.7021559470692058,0.6583105615372787,0.8749115858352456,0.528613201263388,0.9624429986854568,0.9034709814245564,0.0,0.7776805127676569,0.9591771724841922,0.6459509391854523,0.0,0.25114814117294293,0.7994409305857278,0.7994409305857278,0.7245105388861357,0.9774098261251031,0.476715919239586,0.9036818678995397,0.0,0.900514713486296,0.0,0.8511520193416348,0.9457706421879573,0.2026867983536056,0.8536243475380326,0.6631871638140876,0.0,0.8937429475631049,0.3926628121846793,0.8531923841490876,0.4007382353928669,0.0,0.6889788038666376,0.7651892102047625,0.9612197332987774,0.9578512156738328,0.8493060776848793,0.8796004843868303,0.7067842387656347,0.7984577007062695,0.7960115685471473,0.7881743883905574,0.48907980410762597,0.8140565991055139,0.6641864579396319,0.19314350792942625,0.8566819992968823,0.8682763756042607,0.9186195391202862,0.9361153577034826,0.9057123328013517,0.22384769117189768,0.8754084485061658,0.33741229186247407,0.5869635614243804,0.9176327289601538,0.7818358760641569,0.8395729360165042,0.768609953315055,0.7096811586387816,0.883846104915423,0.9198336297563311,0.810069270025425,0.6330548531234156,0.7318736466725598,0.7078215891384935,0.13396316532854916,0.49504618433594716,0.7843754906086358,0.9091573830144095,0.9584301921152045,0.8584930622770663,0.7736821553591239,0.19217396714453108,0.8664950527568428,0.2515121899230422,0.7619757667590626,0.876557458754098,0.9859322651429183,0.78449837320546,0.7036869166640954,0.8288565796303925,0.6194341490938986,0.72321222643035,0.7612458961865193,0.8728167504182619,0.9731735704896121,0.5168757830828339,0.9162803934416186,0.9205659000890037,0.5674245967191549,0.8387784417020886,0.9627570062557343,0.8382860524067299,0.13449539581301787,0.9291639575322795,0.9930449997565661,0.8706563793127439,0.38059202613810683,0.07907227653585293,0.8829987949135757,0.6903570020164882,0.9843512494522737,0.8321127662899008,0.9081254556809609,0.2214021830911144,0.869029675030857,0.7601804340792001,0.7638707702519992,0.0,0.875208152444849,0.7810411616728504,0.8442872623128658,0.30426816420809955,0.9289071366228047,0.35490906881201556,0.766513485767967,0.2264021848806526,0.8327843037261967
ig_lora,SNCG,0.0,0.41125353699852374,0.24042292205892662,0.8275605858134476,0.6865189183760645,0.5970181635368794,0.2467904234848496,0.21012033670322777,0.9285912064057837,0.5928412285159388,0.25992669770504645,0.3567101564631881,0.5481650790214443,0.8682256583048277,0.5876539622680647,0.7038452064075091,0.15917207004413825,0.8884454541738511,0.3817640628789709,0.7496219717481657,0.17970659703897277,0.42512045209316074,0.0,0.7399930388078955,0.24075798678852647,0.5183318703132116,0.0,0.6754248884121892,0.9259613016018773,0.11405865149961843,0.5355741624823678,0.32092054370626255,0.5898002140096454,0.4155864451919036,0.8462086874742756,0.5067640561530591,0.20010738315085116,0.2531169425305276,0.9416195300585196,0.7092483932879061,0.3078842956977728,0.816656177619319,0.450754556431335,0.395792427790552,0.16468590260167035,0.6310301691248298,0.6574908936051235,0.7778839048056319,0.0,0.7538443280321587,0.3878953452187627,0.3236359815772745,0.9719006792785889,0.7607678798785273,0.5391410085394147,0.11316940931523438,0.4491133318885054,0.5283863296113028,0.13307147054358376,0.0,0.5771182292891103,0.3302677138101815,0.5365987458260295,0.5454750428805223,0.6297518255719928,0.4402090473577281,0.4228075022626078,0.5962038751852512,0.2361377036536126,0.9012817354691697,0.6544703739043914,0.0,0.4588940451648041,0.8730765170317897,0.2449277734035484,0.0,0.3667257749258806,0.34822886507969264,0.34822886507969264,0.5651823871070495,0.9706493450400543,0.3391287547134242,0.7681700986703347,0.0,0.7720727191418661,0.0,0.8468601035690602,0.9283832151048386,0.11493806029605867,0.8409904259176632,0.44884213296445863,0.0,0.7287777288726833,0.31109817976628884,0.5728451285805254,0.30514670656585113,0.0,0.5323984392838648,0.6416388107168393,0.9476477424622667,0.9188562221030473,0.7104447773933602,0.7050519626855187,0.5900743288212436,0.48103608704491146,0.6309913795046485,0.6434279184608993,0.26523902796311954,0.396251775930418,0.4621172315711131,0.15057134935568509,0.6501286963556561,0.7694357918791922,0.8986909598575329,0.9442761268727299,0.8880810582420466,0.22580948617151514,0.6811080313246418,0.3204749191224956,0.3400736638262054,0.9126395489685872,0.3518152097032341,0.6108118113210653,0.5904341355845584,0.5159705566963786,0.7771045074909194,0.7966135025750717,0.6962643361012381,0.4145602064101611,0.5299897894748009,0.5708569810109623,0.05667994499879842,0.42274798623193416,0.6899440601037546,0.7293046311575808,0.9441358601600739,0.6371280271289831,0.4971137930569904,0.05860607467297468,0.7770837246070335,0.11362420554903717,0.664819694876236,0.8945605841766315,0.984648271719189,0.6586626185155885,0.3683710271746303,0.38088423399245697,0.48219339994818244,0.4344959749435352,0.6266171458676055,0.7932829459068281,0.9532387168011858,0.33995393111523364,0.8804733641958408,0.5934576752974352,0.4766171534342285,0.7418342744497631,0.9533530881898354,0.7266134797262657,0.12450157280469483,0.905099156923448,0.9925339127665758,0.8188861926740262,0.26024017222226065,0.056137743777636806,0.8844957967229955,0.2701648013036429,0.979807627709603,0.5392533121481805,0.8791554137009912,0.13172997507735779,0.8387706245929232,0.6134662256816185,0.6907804364503932,0.0,0.5508400009787976,0.5508491109296313,0.4955810978974311,0.15574464103074448,0.9317830981503432,0.4121664441358997,0.6570451600763879,0.47580085646452996,0.7206736572973781
ig_lora,TPD52L1,0.0,0.6365454345663873,0.21347196495684428,0.869004387037506,0.7927958918342911,0.6904107391816244,0.4525411744308459,0.34303792236985997,0.9370031113203,0.7128437333115187,0.37177986818875014,0.5905731377435931,0.7458665967422228,0.9367877485277861,0.7467762009281331,0.9577438441702337,0.2203611008268241,0.9044208648218102,0.6345174500586316,0.8241144602153614,0.21129648917976143,0.8287582862897408,0.0,0.8322910561793213,0.5355795201642625,0.761840854531978,0.0,0.9393648486830335,0.9713261799726586,0.11945132459991668,0.8246668863398304,0.5321054339380449,0.7679941275456343,0.6851925679616595,0.889365609854335,0.6663115065843185,0.25495936035904454,0.45437942873059,0.9573069906596826,0.8372922615961605,0.5073946966546948,0.8921336420718893,0.7419197998271277,0.5902469071843122,0.23647888446399606,0.694663113028658,0.8002022557161476,0.959856651961722,0.0,0.9288046833146533,0.6701602565476686,0.5621702325727741,0.9797710697426256,0.7793309772102464,0.7285629085240183,0.19277428940840036,0.613170490017938,0.8009369062624124,0.13963944932804934,0.0,0.8609546279874114,0.6117591270339863,0.7110463810416798,0.8082606405206494,0.8608890644512246,0.7061576550720888,0.6617992300526127,0.8808271541873336,0.5575397729385636,0.9678853215693777,0.9096554392471937,0.0,0.7827197006231392,0.96509274083628,0.6856130461936639,0.0,0.25547216228860486,0.8053564989378157,0.8053564989378157,0.7276746800977176,0.979604311158942,0.47871677324102757,0.9681926824783967,0.0,0.9053739303469396,0.0,0.869295176317649,0.947930294126021,0.202339837596125,0.8730815718845829,0.6667676393956143,0.0,0.8989759503361056,0.4162256427773364,0.8593768419717249,0.408787162581837,0.0,0.6918736564644677,0.7681469943808064,0.9635655621280537,0.9621030304268959,0.8534290495666373,0.9134026780749459,0.7081420564815449,0.8036907034792703,0.8010507564026296,0.7925633584582354,0.49148266684256425,0.8199721674576017,0.6674259358467276,0.19598668462404434,0.8623510856342999,0.8737186984881816,0.9202927581143859,0.9395168095059333,0.9073320717548996,0.22682977469994045,0.9198246572593352,0.34296327613072924,0.5907429523159922,0.9214121198517655,0.7875049624015745,0.8446121238719863,0.7723893442066666,0.7131698271541154,0.8900305627380604,0.925066632529332,0.8143210847784881,0.6362943310305114,0.7355508918643981,0.7435068393000842,0.08218283944729589,0.5076558669819565,0.786991991995136,0.9059735640172056,0.9873581617925807,0.8637260650500671,0.7435312697569925,0.08304405129291688,0.8389863996290569,0.2128271081762928,0.7630519016714261,0.9046064394102059,0.9868273840383001,0.8489302550070609,0.760783316922641,0.8350410374530298,0.6248829533023691,0.7279038840889025,0.7643381250978378,0.8760407577483565,0.9770609439781269,0.5191818521014444,0.9188968948281189,0.9229714060600827,0.6377586482661872,0.8708568146904887,0.9645956288516536,0.8426750224744082,0.13596663601138267,0.9313944177306078,0.9940528373276626,0.8731301624417988,0.4398591420755981,0.06609548809675744,0.8875340639835098,0.6133804000242398,0.9866188839872407,0.8797072946997546,0.9362989278473881,0.14846951401350827,0.8720531877441462,0.7644322488322632,0.7659014877459994,0.0,0.8813926102674863,0.7854301317405286,0.8502028306649535,0.3529945695712743,0.9319993655341232,0.3614594691192641,0.8151220286832942,0.2321305953510704,0.8374759613847492
ig_lora,ID2,0.0,0.7400762912049861,0.23185269689816176,0.8585661535820595,0.8411856324899245,0.7712307273448192,0.4746398487377323,0.42157058051814084,0.927188097203262,0.765085577066283,0.39796216694938275,0.7001498213407923,0.7973572059397429,0.9000496237320917,0.8064553651739167,0.8984286073007137,0.23305510751191133,0.8867619833872997,0.7374014684941101,0.8229547716259447,0.23604274313001514,0.8944843775651664,0.0,0.8495342548981195,0.5723146434838269,0.8097544526374811,0.0,0.8922633138432241,0.9141896854781892,0.11835246782216051,0.8440572814881451,0.5854608414420875,0.811526078985189,0.7662709014947479,0.8901888577973655,0.7392680505964557,0.3061444194728349,0.5995518794041951,0.9268507695934728,0.8478460059337085,0.6527928133315768,0.8787316343053729,0.8003049262507843,0.61331324970338,0.25039846236827856,0.7299860140260083,0.8265761839337722,0.9004600351546995,0.0,0.9024145375602622,0.7738042777679477,0.6107137648209823,0.943370423071419,0.7860431726765773,0.7875671173329878,0.2186270014684451,0.6887038137448563,0.8400506712820035,0.1383538923431471,0.0,0.8607156186071946,0.7216575815557649,0.7407195658427719,0.8354683905703226,0.8608747213255781,0.778675452983618,0.7483483868196004,0.869526288015268,0.674991174595527,0.9095091228679086,0.8815055458065153,0.0,0.8238473795671104,0.9060943727874523,0.7588554191095387,0.0,0.25196130758030316,0.8646700461730186,0.8646700461730186,0.7824093145575669,0.9408840870690756,0.6305527867790763,0.8868808316543215,0.0,0.8823506684174972,0.0,0.8577486145497524,0.9198438413810737,0.2245187196657907,0.8552519805539661,0.7523976325813806,0.0,0.9047579324267575,0.47383681239102154,0.8602338315745861,0.3953154722833987,0.0,0.7577133840562406,0.8047451376318109,0.9285530832037232,0.9131155756800194,0.8658064998525298,0.8719917747260025,0.7647051061612262,0.8678453693326548,0.8325305112521321,0.8261529972246858,0.5067344736681055,0.843117520189158,0.8204431398982168,0.2340578147753752,0.8615239772911801,0.8667061123764558,0.9111739890706292,0.9058077299819695,0.8951031819816851,0.238418399992226,0.8700454723528369,0.3684776590704147,0.7312939460404443,0.893889470199456,0.8282590336321911,0.8531648432113011,0.8178859071416545,0.7773839417030585,0.8732027134372665,0.8906714493618422,0.8836410665639408,0.7347057692109816,0.8076768249831683,0.7745838282505307,0.08816932115964807,0.4955509013359939,0.8356892971456326,0.8813674148896486,0.9270708778134339,0.8673285748154741,0.7994031844520838,0.09355815275261527,0.846360295467583,0.23041188892751338,0.8197537158044649,0.8828802610745592,0.9660639071006712,0.8282032542475908,0.792545163746943,0.8499379142782152,0.7354944175595168,0.7955098535098085,0.8044618738306236,0.8710682919890431,0.9234307962728457,0.6721223275416516,0.8976647225556429,0.8857059367940436,0.6229947001736768,0.8577996992789539,0.9390651414813471,0.8591085881269573,0.13658081005234252,0.9102494218312503,0.9698363742893028,0.8688003253270524,0.4155806835506803,0.0660677253549697,0.874198177300097,0.7293875362394482,0.9447000195303886,0.8708779526314825,0.8991029517005523,0.1796052105484224,0.875590145821583,0.8110919464698864,0.795270808221469,0.0,0.8754587099460068,0.8347677960120029,0.8651202012132563,0.3727393126951657,0.9031600108378643,0.38141409459095366,0.8301780547212679,0.22490120776671463,0.8561582617810057
ig_lora,SPP1,0.0,0.6354882691801812,0.22651714215328805,0.8477575549905082,0.7872059042567932,0.7055641016497223,0.4655668278627935,0.3592610990252666,0.9321406304252258,0.7019007371237153,0.3663799235774114,0.5945172168984363,0.7292065022359668,0.8994584392551747,0.8790576178769407,0.8954986572852909,0.22106638014351887,0.8843553667614241,0.639026935088679,0.7894858599914955,0.23996267325503945,0.7909722309886921,0.0,0.8162744621732467,0.49089184068873065,0.7395069933161501,0.0,0.8822232345522881,0.9258377567831096,0.1247410977150621,0.7912129815819844,0.5178065221865928,0.750883910507644,0.6706730868342116,0.8785651858768614,0.6573650635482047,0.27614099333996434,0.4615205848610378,0.9371881149106078,0.8120912775024974,0.5313109153295675,0.8658870602971565,0.7037535053846834,0.5775526516754289,0.2510502145139661,0.6836620832491086,0.7788506046183741,0.9000421939250608,0.0,0.8934846159295768,0.8339263980660364,0.6768335244590244,0.9595531008949365,0.7773519726663117,0.721312247358841,0.1959233443707069,0.5960173334424239,0.8923444661917965,0.1380628671971459,0.0,0.8136963894519952,0.6168388228060357,0.6724625442788167,0.7804087157178337,0.8256719975312589,0.7036148636177748,0.663421415459083,0.8392460307301283,0.5521421521979109,0.9178918021527285,0.8635743028457822,0.0,0.7545756445955571,0.9115757869337077,0.636921929354653,0.0,0.2638271729362088,0.781636492104761,0.781636492104761,0.7190042354177196,0.9575277648137903,0.4834214755777066,0.8679768642142517,0.0,0.8662679829276214,0.0,0.8529895477987072,0.9276279689542619,0.2048472432358897,0.8508385114566497,0.6706515699554116,0.0,0.8578349010269207,0.4211381044007269,0.8215319877826041,0.3973862785689351,0.0,0.6877739842618162,0.7518081461746745,0.941173371184689,0.9238390940021884,0.8402682865637188,0.910713329718515,0.7078763530405005,0.7724067486725168,0.7855207179895867,0.7817763121001373,0.4890690540815187,0.783199895098723,0.6619388435225698,0.22216016145555526,0.8284196447205355,0.8433268445654226,0.9097773921832142,0.9151361992061539,0.9028648698420227,0.235520162439343,0.8413970742862168,0.3492632164945391,0.5932361615999755,0.8970321639914056,0.755702093284435,0.8102788255195196,0.7644834852366201,0.715937274149684,0.8540342626345848,0.8812265471311928,0.7950988256725403,0.6483642416631629,0.7179805105006173,0.7152976179165924,0.08282975485926401,0.5369817667247425,0.771407654632528,0.8626134471954321,0.9385044649667265,0.8508075998212209,0.7233435923061864,0.08438553053468029,0.8226457257928436,0.21444786215601272,0.7510025135727239,0.8789541498012451,0.977429676095894,0.7689853378472774,0.6896106914809842,0.7949896098003445,0.6166536243515536,0.7180733321796449,0.7592869141416851,0.8507280019567809,0.9394992226388524,0.5345402765749656,0.8992974376248027,0.86796806705407,0.5788067136795275,0.8244372003356458,0.9484932265396109,0.8256490084284949,0.13474548742725342,0.9204567802773187,0.9833403656541769,0.8538964888851879,0.3770113151155142,0.0656468153668933,0.8614454194162223,0.6056116096219533,0.9635074676234349,0.8015255232281249,0.8926307794452607,0.16823294275491898,0.8544287007107059,0.7531482256687118,0.7545605300003418,0.0,0.8529892804548017,0.8787403689281784,0.9122507148947636,0.3049586079287961,0.9101735376410365,0.36997112220465433,0.7571492429208578,0.245278804627532,0.8142808458057819
ig_lora,TNFRSF11B,0.0,0.3896168235982095,0.18739663299965667,0.8198599528015321,0.6932331036478564,0.5851366230394184,0.35603475535791934,0.2051403819965573,0.9224342638819295,0.5953984001258437,0.28244175972768853,0.40956674572398677,0.5597115981095997,0.8186466913083452,0.8322952900088649,0.6561227017874557,0.17932973226402996,0.8253789789737975,0.40421261747278825,0.7495425613377075,0.20261707907022766,0.4961060416310716,0.0,0.7320393264330846,0.29424923456905133,0.5387316609150523,0.0,0.6478778558673024,0.8495536820320119,0.14990629896813612,0.6173347327075938,0.3334445050732397,0.5756782797100031,0.6506463654923427,0.82944825716169,0.5210013570636906,0.18849098758101884,0.2655737720584224,0.9173713257765495,0.6950215820934276,0.33805456983242427,0.788609698434047,0.4636756130482356,0.4402884742566745,0.20999874479063246,0.6351782281343532,0.6519856980076852,0.6991073640640237,0.0,0.7384080424004357,0.7415873275414259,0.6105016178565387,0.9467885467102909,0.7599340512568122,0.569512626099594,0.1401902746604561,0.4439218974865095,0.7266297937827741,0.40671177085360377,0.0,0.5904144120685888,0.4067657795306736,0.575626056774741,0.6428028163326596,0.6670464428193486,0.5142682317133056,0.5245085074741334,0.6049773108714928,0.2941174237323932,0.8148353009624761,0.6408145536716011,0.0,0.5959146364693879,0.7811689920465628,0.3283506733855189,0.0,0.43942767514374664,0.47403974972359797,0.47403974972359797,0.5804721861463943,0.9426238633026433,0.34232767598913844,0.7287462919108896,0.0,0.7341372451870035,0.0,0.8489405364067718,0.9042222432003348,0.1468914584487716,0.8384833887846735,0.49764237725893207,0.0,0.6977928987154639,0.3070196334352154,0.5413692219844224,0.31912367792224217,0.0,0.5551666862349401,0.6391319886704364,0.919185401667497,0.8591511423469209,0.7127093211006569,0.6991189082357537,0.5923684321891357,0.5208345831241984,0.5546887672198308,0.6349966388216817,0.48935371194088445,0.47773506589114434,0.5007467877844104,0.18984069802504003,0.6041289893576417,0.6508135951697247,0.8851730717386116,0.8642243448299717,0.8889238082005428,0.20639010503591612,0.6637431147525772,0.26802517443613666,0.33120179234629066,0.8245185662360598,0.44132041424296126,0.6133502145214254,0.6241117747153857,0.5779445198568803,0.6198281655239208,0.7462470227885986,0.6337941993956749,0.4852073132115298,0.5444443548904193,0.6143319903604075,0.0681457079615547,0.5093344077022517,0.6829827364256207,0.6957742287467608,0.9165779846845284,0.6832363462179426,0.5205837035837381,0.0674700664956216,0.7637430521572788,0.15400390482226883,0.6668018864712746,0.8707113911346823,0.9742392017649953,0.6537165804261467,0.4271462767552159,0.47666286972444044,0.5052850719104304,0.4938505233023018,0.6335477268542501,0.7711555947868883,0.895341691848356,0.38688578622936104,0.8544591101084983,0.6068942493099253,0.4572921415771895,0.7098028449136429,0.9342881757384811,0.6792425411440053,0.3822072195064683,0.8926997910454566,0.9804297472561966,0.8004159257575973,0.4428238424876402,0.06143864520246641,0.7341783425879539,0.3368634241037185,0.949851227344004,0.5642002386633298,0.8596214823516647,0.1258301532726341,0.7836364461663171,0.5579468759054768,0.685656828222904,0.0,0.6216620463605833,0.7635135729011291,0.7642167204032276,0.18998931291492588,0.8632994174532281,0.2793861523936933,0.6165812330389117,0.21862687354190932,0.6414360091270357
ig_lora,INA,0.0,0.46638646338528417,0.18717419597334514,0.823782893572383,0.7843905165397658,0.5957886986141724,0.34157133501584225,0.24775518324814075,0.9211289750314704,0.6280797794406945,0.3123484412926788,0.4527378433971447,0.6958888625853142,0.8454396772695111,0.6375866100164913,0.7736797582557776,0.19924048509374895,0.8363295098260765,0.469856160846066,0.7536473225240676,0.1795941405595345,0.6249856590828767,0.0,0.752598233837576,0.36916411217893425,0.6121771519417671,0.0,0.7583867729366486,0.8755238670406775,0.10548332707297012,0.7167716946918805,0.532856991654806,0.6317363322357953,0.5294475622310072,0.8389395153526445,0.562593324542739,0.2050901726700482,0.32282246637023854,0.9217245384992716,0.7342468269185192,0.3734066460550918,0.8124590620142089,0.5465243101055255,0.4665265173788301,0.20364002039556292,0.6436916858041432,0.6942332991777055,0.7925397784011294,0.0,0.7783901345210757,0.5099612326202784,0.4272191729226768,0.9489629507346274,0.7594701586834068,0.6062429914788056,0.16450218985040868,0.4661753575067437,0.636978883846333,0.13797116763635575,0.0,0.7387630184511161,0.45200637096235297,0.5704774767301065,0.6472321118078647,0.7053588876283864,0.5508732528473128,0.5933510615343149,0.7048245898591856,0.36923954108300117,0.8535574906360913,0.7375545689298125,0.0,0.6024619062317826,0.8340318227209036,0.4467241158745774,0.0,0.23745119812198853,0.5891029184765916,0.5891029184765916,0.6172387298794563,0.9453483628413615,0.38110141469948305,0.7815164635244582,0.0,0.783190717564671,0.0,0.8438804504514762,0.9096900514821534,0.1736313215553871,0.8384198623647444,0.5216838199537487,0.0,0.7603732783509921,0.30451270934562663,0.7509620861351453,0.42976129811412367,0.0,0.5854206706515154,0.6749501590288475,0.9240029381001245,0.8791933864683242,0.739060117491126,0.7399452759852623,0.6146183530729744,0.6227390328911189,0.628511301286848,0.6470786266862788,0.3864399015926826,0.6115136102069302,0.5395656943276963,0.1630823748934025,0.6881106473001444,0.7150771625755089,0.8884888337245457,0.8716880213067637,0.8753847148551406,0.2056206951423827,0.7338901130465246,0.28387437166894924,0.41357466374838675,0.838720736294381,0.5758414624510562,0.690414297164355,0.6471200247506825,0.5847408890512779,0.7067154772726028,0.7980598192967635,0.6821507922704472,0.5011090060253115,0.6044388724331672,0.6121799970646954,0.07562527178520938,0.42914999108600504,0.7099301792119589,0.7625107883534855,0.9215055629112587,0.7094567773822698,0.5939950481423945,0.07479468899612975,0.780657683915558,0.1839793806680004,0.686834019010799,0.8676837070479076,0.9901491340925936,0.6909380691860546,0.5282895956301362,0.620303366110412,0.5310663715252126,0.5439312828646324,0.665117272385666,0.796886374881481,0.9077954570671686,0.4106877171679282,0.8658177916509385,0.7310643685650638,0.4611053946680272,0.7373366526768688,0.9347488005545678,0.7146204347080767,0.1328292289930224,0.8892151657197394,0.9803974593764847,0.8156490050186818,0.31437696434083173,0.06475309866783358,0.769971191867473,0.4295491500924333,0.9521245642464145,0.6618953841720383,0.9136104294619539,0.11255316025348665,0.7988037229747486,0.6156323443421473,0.7055719318739165,0.0,0.6931415519617009,0.6374642776319781,0.6578672937915362,0.2332132941343906,0.8700365662522371,0.29186273834514387,0.6562396231815434,0.19512073569605604,0.6952451038922304
ig_lora,SLC11A1,0.0,0.1310891199718072,0.08427909097934945,0.35190149569234763,0.27583370985512135,0.2334936531780845,0.10303046893939802,0.08371902905070577,0.40890108805628467,0.2313525805522774,0.09903273427227101,0.1493599167330403,0.21776894926308438,0.24919608168334328,0.22082796524628953,0.11043799852981795,0.07911765531666759,0.29265100870471583,0.37782961382632996,0.359231430575381,0.08838724691914081,0.11866822365452714,0.0,0.2789661731817567,0.12186088801356106,0.16792800453530182,0.0,0.11981394534494655,0.2359739558976704,0.5364727113430924,0.1500040145898415,0.11268642393061902,0.18430547624798754,0.15503412152847482,0.34168516726998316,0.20301906728549238,0.09629436355775149,0.1157813409809608,0.3700766206724327,0.24160719631055824,0.14363669337319387,0.2869799945832664,0.16860668685990693,0.14444541478053136,0.08546003903536632,0.29830249137411136,0.22433629097646102,0.13058574477404117,0.0,0.16191696486301302,0.1536586365806543,0.13828106239245924,0.37644290865436275,0.36816075543041277,0.19974612427494393,0.07074180981691008,0.20299826080380826,0.17328051481741233,0.07771680968307401,0.0,0.175413084316084,0.1352224501786795,0.31049992873953985,0.1654939391792371,0.17108312717760935,0.17265503266428264,0.17836885568908878,0.1457798336767706,0.14320730280397187,0.20504480698095315,0.14935239243733975,0.0,0.1436044460326057,0.17951598565286905,0.1434901805907271,0.0,0.07949912271274001,0.10252509687932382,0.10252509687932382,0.20856340534936796,0.36937800944080657,0.15321170982057467,0.261707725766377,0.0,0.22705781153313545,0.0,0.4169470182535575,0.3568277398424343,0.0685662973243691,0.41851053225597906,0.16319611070340675,0.0,0.18533886900098576,0.13881946675877352,0.11355149988665751,0.0874200481144547,0.0,0.21299633081256705,0.2334275918382613,0.35754020761459715,0.26112733957730244,0.22276591421025957,0.20933621198135954,0.24096956912311632,0.15337787061987784,0.1520840745510609,0.17920425136135,0.09167716819105105,0.11074023959272937,0.1897444949532042,0.08291076815860021,0.15991519609274152,0.16182785830630672,0.3706222258390411,0.293881802800928,0.3647706588436452,0.08873639984363786,0.20756731994380417,0.10452194038583495,0.11606702519242335,0.26709489391200636,0.10622395708892195,0.16617803508021878,0.2012609517229871,0.1955517853986002,0.13258773748851058,0.19838132304657782,0.1962309384892428,0.1767980447153134,0.19166153165839836,0.2730297010392632,0.4119610245741709,0.16148957556350077,0.2639054780086196,0.3833897674780468,0.37827722323452,0.16636598595848917,0.38211445199710836,0.5753051779369901,0.5452002950509236,0.29619087485285595,0.2567272907971841,0.43622987021999027,0.4292829536551385,0.3191189121314251,0.20190571598034746,0.10128236396832649,0.21862006652092206,0.13349036826966076,0.2383617905354256,0.27907171525617297,0.2862728748430389,0.16275920547085507,0.3275792523706223,0.27245739126988383,0.22009780712952012,0.27068499360961107,0.37877014830279565,0.20990323203354305,0.07540100174566103,0.3445441789854648,0.42674246588273496,0.31137059907705866,0.16801677333855805,0.24357062982009026,0.21437130373391539,0.4167736249692676,0.3668007007407965,0.20488509306098027,0.3790111143109964,0.5307415195131918,0.283143158834234,0.1929079068259087,0.2878851122492857,0.0,0.1256839446343068,0.19012766265439277,0.1341977877122765,0.1331673674318757,0.30585500264175397,0.09715666996885251,0.28985911977311807,0.07106960580987927,0.18490158614432992
ig_lora,GPAT3,0.0,0.2601841283414498,0.25619334011770784,0.34117814464127616,0.18496139137341686,0.1585715047661189,0.09090146004379775,0.3082101826678184,0.24191042494085205,0.24539413013703112,0.13858960818430022,0.367892449541208,0.1601267954259929,0.19313647501137907,0.15898162694883433,0.1242466593707861,0.416596495586545,0.2227904647342011,0.11122357658438382,0.27747796849060974,0.2001407297118509,0.12486625360333278,0.0,0.18349915113562767,0.40767131728206846,0.4898911487735299,0.0,0.13486576880128048,0.1834102690549691,0.06420440583605007,0.1518446748437815,0.15032188915758954,0.27439315073092607,0.14815157307485835,0.20688821820242864,0.25967636649630643,0.24688931324681676,0.32031518955081,0.2248144986765785,0.1788207600835255,0.3221511154778252,0.21475061952738056,0.13588075896030843,0.15617274427513544,0.24931385539557172,0.28918227263602786,0.5008368682124706,0.13486576880128048,0.0,0.15270123970960353,0.12810102470160709,0.10703477139219728,0.23395139059187145,0.2674406352208337,0.3430235131135533,0.24467968297244005,0.20511040145411988,0.13760475939929134,0.11091417805510857,0.0,0.15147141338811287,0.3368252873448453,0.14470384195468203,0.14867001559726015,0.15125726677348017,0.14617160764173465,0.15060389713890315,0.13907542345865795,0.2274512326555948,0.17026280023626178,0.13114004442259736,0.0,0.13014213262357557,0.15875876501989286,0.21959489475449287,0.0,0.12291405757004539,0.11356414679904714,0.11356414679904714,0.330021392598596,0.22997374149071098,0.35522139648271134,0.16288199289269342,0.0,0.16034500142630237,0.0,0.2608072483767135,0.2260610529425818,0.2453756653631845,0.21928338080249205,0.23771990460442824,0.0,0.1674872253022354,0.1024408354574307,0.1398386664317856,0.12929776089830153,0.0,0.3162528160484451,0.4354242964513007,0.2246001421302509,0.1960318391209281,0.17001959311214196,0.14715981672923467,0.21804676930235034,0.1419940347652879,0.14313338896825462,0.25448205297347654,0.12848560125726774,0.1345741702962395,0.3501790968715305,0.20305405278295527,0.12884311843227045,0.38355149574538516,0.22814586357278957,0.20136449694427572,0.2217754754346738,0.30754446068892155,0.25977342843685586,0.32752112144759543,0.303302348683546,0.19296027832042226,0.27108879893880794,0.2721304232683369,0.22791685061247205,0.15421824037666618,0.1282477949167508,0.1674872253022354,0.16833691120626854,0.19664860599550887,0.16335951842081559,0.18606503045032804,0.06105389279464372,0.10116559125218277,0.3029959638615328,0.16624146119522143,0.22486974577275107,0.1473623627571363,0.13967634202235038,0.0633567562761175,0.2050553251989563,0.10739952979918711,0.25092632874655524,0.23840372532324738,0.2500352631657812,0.24133093297381786,0.24494363366885352,0.3523868804783792,0.16576100728645599,0.18172008548522947,0.1697137975124885,0.20213499423265702,0.2031314722830301,0.3311404235028655,0.2108609423766709,0.13486576880128048,0.11521856397253355,0.16826737048549154,0.23287492548964833,0.16113339251189243,0.10601709363288632,0.22242885346367985,0.2493530423487983,0.21075311775178981,0.11848588782372081,0.053324972698132696,0.16434512383945715,0.09756532632061628,0.23103883534160713,0.14427566475036338,0.21835449134879886,0.05926770687472332,0.19985745513956665,0.1419587748146363,0.24681625141420555,0.0,0.12978395873779364,0.14410981318710483,0.12585292958050318,0.5870494010543449,0.20599526011597907,0.10426356734235427,0.16048135195478386,0.07463115694616083,0.15419268767881344
ig_lora,ETNPPL,0.0,0.5674857854654317,0.306927728421823,0.841182664821608,0.6119969162373733,0.5308298390316125,0.21405451838613931,0.30608752297522107,0.895008256773543,0.6070370257797125,0.22895078728070772,0.5107805394122272,0.47895503588120814,0.6865602120913366,0.5205538595210054,0.40108099644460254,0.38367795815621414,0.8209105139251827,0.35335201662974414,0.7611990505225662,0.29627296203120057,0.3482226792768302,0.0,0.65132609485028,0.4663952244328303,0.5620804936392848,0.0,0.41827035444293226,0.6847794718129487,0.13691340883709668,0.42676564529689265,0.2791925053541844,0.5879258430460335,0.37674680014883327,0.765724958132347,0.5547329965523051,0.339683918061182,0.45382882295931115,0.857832702108767,0.5997675215810545,0.42843418775419456,0.7002777079844773,0.3840529898665315,0.40479010917495867,0.3178728014233364,0.6830994476784893,0.6780372948900478,0.4555281785860023,0.0,0.5125846172463292,0.3565109963223072,0.28354909816585266,0.888781519791697,0.788053776011654,0.599602176711945,0.2541777870267887,0.4796984793159604,0.4336794895031122,0.12637059825356564,0.0,0.44333365055159313,0.4817070949395936,0.5440944343506124,0.44447236104156657,0.4821642706437309,0.39292148790650416,0.38746156324211595,0.43376439082287543,0.35976455236287885,0.6256756227778766,0.44816127604998823,0.0,0.3859504912242413,0.5722007117461446,0.35346161717431,0.0,0.21973141929676396,0.30977688577009616,0.30977688577009616,0.6158254416030308,0.8782857399446414,0.4097365484710731,0.5749525239220655,0.0,0.5875866828908364,0.0,0.8626400418654537,0.843208989910202,0.25653411813667404,0.8237227427475016,0.5186725788442367,0.0,0.5404148019970783,0.24260309994405732,0.3829014735367687,0.23131446758266458,0.0,0.5951270955024233,0.6573018028581795,0.8510301944620142,0.721781473864011,0.5823681483712758,0.5609670291679204,0.5876381537896769,0.3946844244513302,0.4489050040255308,0.6154469086110916,0.23900796252796885,0.3337883411954588,0.5508244175030457,0.29074954728096714,0.45925846676259446,0.6077163403947291,0.8374824212634936,0.7701187952877865,0.8536322630367075,0.4288117941361388,0.5580787491570227,0.3357675619624973,0.36788173177445815,0.7208832069758374,0.44210097745094956,0.5786907342945775,0.6055251011085675,0.5320001639271432,0.451821742609337,0.5803181982926009,0.5370123907215509,0.49635360828960035,0.46532356872122566,0.5348893217906655,0.07056943320810724,0.3150766415000437,0.6808062661784183,0.5289385016026078,0.8499423266421334,0.4865032127360781,0.43125870113301396,0.07024224252404232,0.7062774900665186,0.13551585319831372,0.6608468434498016,0.8642609677175149,0.949730344748484,0.6381502296264366,0.4329726750107742,0.3592399249343527,0.45325066554791227,0.40693011069001067,0.5555586979861843,0.6824472707840838,0.7696465370940779,0.4730941496928303,0.7813096617738085,0.3884640951284762,0.3849044545690067,0.612019737762553,0.8799038993882146,0.5655354269259454,0.12095803126058315,0.8197833924380511,0.9524667457495716,0.7355616491197938,0.23011054537978937,0.06056069501736085,0.609775142998239,0.27053466946889476,0.8825649012636475,0.42203463465982016,0.8031766002959297,0.12767029566154253,0.7093167700602955,0.4730976080767349,0.691632251147611,0.0,0.4003318731612525,0.4619095913258167,0.38345300217896533,0.3439698968655776,0.7800280673481564,0.24242707328279225,0.5441031430244262,0.18898133244743362,0.5289906576920889
ig_lora,AQP4,0.0,0.374491735098791,0.1568348443259391,0.7841227887154232,0.6223717360519303,0.5256565003267382,0.26151738010567604,0.20377714596845334,0.8882578016267801,0.5595403707916174,0.24468293648750555,0.3828842909739264,0.5129459896273092,0.6895486261117184,0.5445987899268566,0.5018191078315601,0.16276798697506664,0.728116790759965,0.580326332837774,0.7244359029211556,0.15459746247159414,0.4416628506791052,0.0,0.6575129086306604,0.31701066582161463,0.48960931868793783,0.0,0.507340659493727,0.6886369423947251,0.19670300378616565,0.48961330104884326,0.3132348227276105,0.5147317971596842,0.42941591796442075,0.7600495374480859,0.4922984545098888,0.18202174182311526,0.2773328545938164,0.8451657044445628,0.6154535532514213,0.31956279154290657,0.6948749794754037,0.4495850812025824,0.369571796246474,0.16631787567309092,0.6176910735043094,0.586801187176249,0.5329554135920875,0.0,0.5627716470776835,0.4124439534647537,0.3368156758663463,0.8742904112615234,0.747465163657447,0.5093995836194035,0.13758241001362667,0.4217828090940237,0.48984945639943783,0.12308194742240053,0.0,0.5052292886596603,0.36991177663324815,0.5293128362368912,0.49839381303404756,0.5324213297259456,0.444650461689666,0.432580672865453,0.504693585502507,0.3084115601887942,0.6441565055939714,0.5190318467598457,0.0,0.45493849978537904,0.6066992956564947,0.3475234617811826,0.0,0.17747671063575576,0.4133343712530907,0.4133343712530907,0.5287221749343799,0.863200359829196,0.3419202212285755,0.635148741192067,0.0,0.6116926511647195,0.0,0.848151867461406,0.831351900138615,0.14161259100859383,0.8328171439357692,0.4313918786844797,0.0,0.5774331039535322,0.24863407105630125,0.457580227867606,0.2512242633222252,0.0,0.5080980333039289,0.5872598885656203,0.8373510404012235,0.7184803768535583,0.6032176625495861,0.5858069558080617,0.5413914565701649,0.4648232667590904,0.47645756526565036,0.5148006552016393,0.2808602119291115,0.4310270226191473,0.45689586536319793,0.14403857794310151,0.5013289816731079,0.532053382878262,0.8282421318037185,0.747522943291008,0.8193255950706316,0.1723299036279307,0.5933965675714308,0.23159119877240045,0.33115312067545866,0.7031559341532037,0.4115136337938374,0.527594822729678,0.5355053115524675,0.4898221953499846,0.495045886582016,0.6082675465455268,0.5495867246839492,0.4224872495136957,0.5013798962794452,0.5432816575964626,0.3883812489654341,0.3362264804915301,0.6302861908747092,0.705687737545863,0.8616984535198369,0.5357741486154866,0.5967052898273421,0.20714931011695928,0.7842718524045261,0.31136377531522225,0.6136864347091646,0.879315229415411,0.9414048375139228,0.61443903640545,0.42459862136613613,0.4278364667892009,0.47557608207090896,0.41757464867268523,0.5740257770635957,0.6846676503222979,0.7589447295959162,0.36294332458589423,0.7731831689437739,0.6452977708355848,0.40342690017964766,0.6403165227089487,0.8672890016180189,0.5723362694424301,0.11879699855295607,0.8095651414001058,0.9429563863929268,0.7323982845595666,0.27175831596671046,0.295273307537304,0.6136990576055481,0.5291457701737513,0.8665586895977393,0.49809052323784264,0.8071666431703677,0.33995595902925035,0.696891390895745,0.49257091217397797,0.6451675120193797,0.0,0.4844883891179811,0.5066106541553831,0.46762203597541535,0.20883207485799848,0.7584531415435095,0.22968230544134,0.5640565130316595,0.15389489106117968,0.5446782583358675
ig_lora,RANBP3L,0.0,0.5097716921351898,0.19119870787668608,0.8418976786660981,0.7443378613778808,0.6250309819333918,0.40345729851812046,0.2630770767410208,0.9326819564850743,0.6561169373440197,0.3464298853259352,0.4845769098974135,0.6632870666126293,0.9109644234165448,0.6769567946870597,0.9172106824925816,0.19902942953810684,0.8791283382243148,0.5117630365852635,0.7711198756924175,0.18656246113313948,0.7168867407396725,0.0,0.790820604592977,0.4224208264863223,0.6675600491615075,0.0,0.887479159941095,0.9564266749960956,0.11612656277516226,0.7303713429721744,0.5183186473279671,0.6834709648897177,0.5752582178595944,0.8689508953419428,0.5924524174367635,0.2166176683518764,0.3446991763809608,0.9499987174744776,0.7840995523124755,0.39865142971771017,0.8600103054376435,0.6014403916608795,0.5352633794328293,0.2148921129604187,0.6567448975033072,0.739428725287371,0.924736984084165,0.0,0.8812486787091715,0.5550224140330684,0.4938872273737206,0.9762611275964392,0.7654411655859095,0.646297573937603,0.16266708055303256,0.49145082988274036,0.705326692686259,0.1393944090726595,0.0,0.76591470433158,0.49040760734423633,0.5966925184501569,0.7161195642247136,0.7857699683190127,0.5993733623256958,0.5595047919247756,0.8024284522857176,0.3993843543132548,0.9482566765578635,0.8451841114715106,0.0,0.6726892056953407,0.9408647732089869,0.4995028587310936,0.0,0.24933912905066694,0.6784409472329384,0.6784409472329384,0.6548525008792128,0.9756686995763355,0.39877481976408896,0.861691238393165,0.0,0.9071944940912849,0.0,0.8478844662348904,0.9387885614005684,0.17199753469205822,0.846847105884278,0.5624877269905076,0.0,0.84402049967236,0.3469522725296247,0.7600972545437941,0.4021931556484501,0.0,0.6182377799874041,0.7110739331677964,0.9563627834513977,0.9461856851892193,0.7974221842246004,0.822390850108646,0.6450052063392896,0.698290122126612,0.7001857893645762,0.7065653589953034,0.42698973988876726,0.7024524026583011,0.5759655482198162,0.1650762837650975,0.7780933227276381,0.8011213279934947,0.9096871668103981,0.9211498763202808,0.8958782375080392,0.21056753200417555,0.8159795011146886,0.3097158234143679,0.4533970395950775,0.8942892629761086,0.6583395255552774,0.7655278405686115,0.6955922287826434,0.6262865681567291,0.8119727819945155,0.8839238959678827,0.7405760216783911,0.5363435057264501,0.6496555994526467,0.6431434452531521,0.07557328634234728,0.49264174787377607,0.7418269155683361,0.8515195553825947,0.9531682638517293,0.79010891041136,0.6463127369863385,0.07437953690426696,0.8095034272761146,0.18270870703951334,0.7161484429917351,0.8729465782325588,0.985823329786804,0.7307194678124758,0.5817983612451483,0.7189135853583101,0.5544525647730062,0.6042093212134773,0.7030243225713212,0.8403951516679372,0.9681579548048391,0.4321340611935319,0.9013398213198502,0.857672900626639,0.5230377402068453,0.7891502132986885,0.9593084664725191,0.7771772491999104,0.133981842079677,0.9190391012934318,0.993429419245443,0.847763754782398,0.3532289731472481,0.06571423166265282,0.8381426526284127,0.4731962954606211,0.9837668004887415,0.7446156884398071,0.8953426156616402,0.121359507695272,0.8393713120604989,0.6711654673184261,0.7291443700805748,0.0,0.7973547085827749,0.6965139940748982,0.7521170636418076,0.25588439508417177,0.9137984534055085,0.3303042617798633,0.7001685934246703,0.22664419012297687,0.763088833292455
ig_lora,ID3,0.0,0.7136766326668447,0.23184911191060767,0.8564792863218177,0.8084128993875442,0.7579736995082063,0.4761425692316,0.405080897321458,0.9266385037958399,0.7451041787608963,0.396542148416767,0.6823761873877511,0.7761823505716695,0.896846893658347,0.7880032254434335,0.8904661323232258,0.22864192412352355,0.8834476071509205,0.7180986007135823,0.8130669615885444,0.2514839325004874,0.8709154772710452,0.0,0.8366535865315979,0.5522318405682737,0.7886871622399602,0.0,0.8831416884720795,0.9105845978148782,0.12770294894842626,0.8268691765644719,0.5705562869011623,0.7942573080424038,0.7393437880777263,0.8826194552511055,0.7146068673649368,0.2965062781322099,0.5622142075213606,0.9261217051927205,0.834505619530216,0.6215916097639358,0.8706042284683634,0.7800977574726529,0.6158645539301428,0.25881484458612214,0.7216741503991548,0.8104900037770724,0.8931376900714398,0.0,0.8924965815330761,0.7477981243809092,0.5965329998936648,0.9443364606313834,0.78283935166289,0.7777689576998568,0.21192728074229195,0.6766664402253701,0.8212943289555136,0.1377654950835222,0.0,0.8464130990997774,0.7086417414489393,0.7438274364919438,0.8174042895565872,0.8469069772218389,0.7532885913844656,0.7205280370957747,0.8563758363637105,0.6430819920221849,0.9047531585419355,0.8705565562123919,0.0,0.8032280035524865,0.900423756657478,0.7279797780738505,0.0,0.2549752939191328,0.8456877391657478,0.8456877391657478,0.769870027597924,0.94165035597047,0.5898571865881851,0.8780802279060497,0.0,0.872897598028753,0.0,0.8582423884533432,0.9183466759956418,0.2185049635562553,0.8560541273692462,0.7483870656210921,0.0,0.899193356406223,0.46926375468072407,0.8472175466524563,0.3931412990030527,0.0,0.7454928555089042,0.7874070745553983,0.9309132111190249,0.9096001741010427,0.853876565126676,0.8665929776539245,0.7580035614092292,0.8476554560692076,0.8189516090493779,0.8295640032082302,0.49768922944052546,0.8245652751186234,0.7937742994212219,0.2451736280664158,0.8504172813556409,0.8580987798881463,0.9032956105144692,0.9050860457850413,0.9075364260299239,0.2384521454242124,0.8578338295096367,0.3662221155400372,0.703970753327869,0.8912353110055042,0.8071473633629418,0.838042491629963,0.8148135345689455,0.7783927114225919,0.8653546230904074,0.8824094616905791,0.8790462985115848,0.728789560853434,0.7881032898114885,0.7688495822703808,0.08654412708767463,0.49052838309863,0.808050657745054,0.8711054642201029,0.927988960223729,0.8545966749970342,0.7770008176976915,0.0909633469558382,0.8365213728976117,0.22517584959635345,0.810441691899817,0.8843618746280878,0.9677414718353536,0.8133512671135653,0.767113257328449,0.832381745992122,0.7118751279329782,0.7832943741615811,0.7883586749789522,0.8615470166154257,0.9217615230880184,0.6334023157974611,0.8932075449966682,0.8751448871925912,0.6247179130069989,0.8467623115131134,0.939597009674186,0.8483055114851948,0.13566674461685554,0.9076626941687542,0.9719143929033913,0.8611009366841252,0.4079769490543259,0.0655785048947384,0.8671803634165474,0.7070922740404626,0.945909201147272,0.8585637158679478,0.8954700458924015,0.18258198168088263,0.8708025550116423,0.795573249333329,0.7811012719622336,0.0,0.8624971614726392,0.8267932216265179,0.8493603147446943,0.35865522955276313,0.9021161307100247,0.3830955031745768,0.8180998911652857,0.22983384590160916,0.8463409027845799
