method,gene,A1BG,ACMSD,ADAMTS20,ALAS1,ANK2,ANXA1,ARHGAP27,ASH1L,BAG3,BAP1,BARX1,BCKDK,BICD1,BIN3,BMP4,BORCS7,BST1,CA8,CACNA1B,CAMK2D,CARS2,CCDC62,CCDC82,CCNT2,CD38,CERS6,CFAP20DC,CLEC19A,CNKSR3,CNNM2,COL13A1,COL5A2,COQ7,CRHR1,CTNND1,CTSB,CYP17A1,CYP1B1,DCUN1D1,DDRGK1,DGKQ,DLG2,DMRT2,DNAH1,DPH6,DYRK1A,ELOVL7,FAM171A1,FAM200B,FAM47E,FGF10,FGF20,FNDC3B,FYN,GAK,GALC,GCH1,GPNMB,GPR65,GPRIN3,H2BC13,HASPIN,HIP1R,HLA-DQA1,HLA-DQB1,HLA-DRA,HLA-DRB1,HLA-DRB5,HSD17B1,HYCC1,IGSF11,IGSF9B,IL1R2,INO80C,INPP5F,ISM1,ITGA8,ITIH3,ITIH4,ITPKB,KANSL1,KAT8,KLHL7,LAMP3,LDLRAD4,LRRC37A3,LRRK2,LSM7,MANEA,MAPT,MCCC1,MDGA2,MED12L,MICU3,MMRN1,MRPS30,MUC12,MYLK2,NAA11,NCKIPSD,NDUFAF2,NGEF,NISCH,NSF,NUCKS1,NUP42,OGFOD2,OR9Q1,PAQR3,PARP9,PDE10A,PDLIM2,PHF7,PKP2,PLEKHM1,PLEKHN1,PM20D1,PRAG1,PRDM15,PRDM2,PRICKLE1,PRSS53,PTPDC1,RAB25,RAB29,RAI1,REDIC1,RERE,RIT2,SATB1,SCARB2,SCN3A,SEMA5A,SETD1A,SFXN2,SH3GL2,SIPA1L2,SLC2A13,SLC39A8,SLC41A1,SLC45A3,SMARCA2,SNCA,SORBS3,SPPL2B,SPPL2C,SPTSSB,SREBF1,STAB1,STAP1,STBD1,STH,STK39,STX1B,SV2C,SYT10,SYT11,SYT17,SYT4,TAS1R2,TBC1D5,TEKT4,TIAL1,TLR9,TMC3,TMEM163,TMEM175,TMEM229B,TOX3,TPM1,TRPM2,TSHZ2,UNC13B,USP25,VPS13C,WDR41,WNT3,WNT9A,ZDHHC2,ZFP64,ZNF184,ZNF396,ZNF608,ZNF646
attention_zero_shot,SPOCD1,0.0,0.2411890069805595,0.04866356030932474,0.799043563276943,0.6014907214931802,0.4309607344536128,0.08982086919053653,0.045527705544588924,0.9005873276858503,0.5219396974621292,0.08248191473502349,0.27389770246932593,0.4547663563773225,0.9061139791827221,0.49094402982923757,0.6666666666666666,0.0,0.8358954454363314,0.2898331773007558,0.6556262843073084,0.07671934684795977,0.3401908545138609,0.0,0.6548408699588705,0.0602793920802668,0.4496094585342514,0.0,0.5277292234378983,0.9166666666666666,0.065220008729975,0.4201579516937475,0.05134923125808011,0.4642921115372812,0.31880653262091907,0.7774313002380759,0.4200116147292986,0.026786603640264188,0.06636472526849672,0.8810658096423509,0.8060433601229955,0.17860203024476243,0.7692507561101748,0.31104377243888287,0.11991388838326582,0.052302122915756546,0.5525057019738846,0.6086956521739131,0.75,0.0,0.7142857142857143,0.2937175872047009,0.11970717086665845,0.9666174944528284,0.6940416795545933,0.43020812698054484,0.0,0.32885559657643104,0.40227083978130285,0.0,0.0,0.42791333829914185,0.26509934958936654,0.39143322730726304,0.4367607843318231,0.5241129411981877,0.2251072376269365,0.22298699173866637,0.46301848742598234,0.11531622028299758,0.8888888888888888,0.5616365320863133,0.0,0.37826849366597276,0.8571428571428571,0.16543621307361595,0.0,0.11377690590196887,0.2857142857142857,0.2857142857142857,0.5033074617839699,0.960450603329508,0.2399334645494599,0.8490317856141124,0.0,0.6438696741111866,0.0,0.804349618678657,0.9126002491308309,0.0,0.774203417504686,0.3543879979960488,0.0,0.6223752455439285,0.0935306544144225,0.35599810373777935,0.13205485577354092,0.0,0.43231698031321647,0.6,0.919962901129176,0.8847955923220997,0.6579814784930322,0.59896836550238,0.4526733548261649,0.3125388443713384,0.4451578177789367,0.49827235350672167,0.02707483892543919,0.8400417136660503,0.3239312233716636,0.04192373672355284,0.4935354401923177,0.6005636080241428,0.8749539762886424,0.89187801967572,0.8639170649187365,0.035008278739067346,0.5843911489123735,0.1114417956130205,0.15541220099912328,0.8280900974685441,0.25,0.5454545454545454,0.5350746378664587,0.45029646769849235,0.5675120787028807,0.7457861048095105,0.5440996872448174,0.24585549623130393,0.4396671350990391,0.400681552411972,0.0,0.13166168025030986,0.6278291510350618,0.6666666666666666,0.9029584296112586,0.6,0.36097701852281255,0.0,0.7441860465116279,0.0,0.5696721815455726,0.8059492038236458,0.9791498925698474,0.6023862197082406,0.3723674630541348,0.3333333333333333,0.3664202691733392,0.25815404977301903,0.7500695232730383,0.6886362619304279,0.9473684210526315,0.22145561012270631,0.898089187712007,0.5,0.18835894519233282,0.5621421103114375,0.9363107322784158,0.5836234373504829,0.0,0.8731292314805861,0.9915966386554622,0.8048420845580773,0.08956746773503639,0.0,0.7523254272314314,0.2258998462923786,0.9772727272727273,0.32807338494404753,0.8249501238544489,0.033948192218611756,0.7581491890297016,0.311232020890684,0.6291125091237254,0.0,0.5,0.4173611297129345,0.366831563391178,0.03512299811451368,0.878529421741618,0.14706356622394687,0.532951619397513,0.15815657100530542,0.5959754843050438
attention_zero_shot,NOX4,0.0,0.36856759141412127,0.3070458780656877,0.6843612145807431,0.3279182808684326,0.3386807985223491,0.081548743849756,0.28968506403687466,0.7233633273440948,0.48677375671088857,0.03496884574636223,0.4529717832222706,0.19569041271165646,0.3028893710451185,0.300726553518701,0.10824537992484555,0.2438772982761323,0.5277886980818606,0.21343427283796929,0.6180353804528891,0.32248733303299487,0.10698573265405638,0.0,0.3951397313682864,0.28352614009620897,0.3842755492760975,0.0,0.10831568292028626,0.2827191099395497,0.07942603422556606,0.14106042213992637,0.06137010531143569,0.646901096860094,0.15212081466069335,0.47956074229772366,0.4456718714631475,0.5935697777041251,0.6903669266695641,0.5521564683870829,0.3029870888190484,0.4328433286807305,0.4962806888567007,0.1613274703990983,0.27742905473524,0.2703256180740248,0.5945167925470528,0.46092106421071877,0.13171260676892857,0.0,0.19057645528078268,0.20933797219503927,0.10223556569410283,0.6077812647530972,0.7216952314073635,0.46467457674958934,0.23437919848391978,0.48713961576591397,0.17308441611779418,0.0,0.0,0.13619300237003631,0.4485768597994476,0.2559923597207186,0.1575262710695905,0.16468655611820823,0.11648094874046427,0.12515403275804582,0.1279563041268576,0.5948768579054737,0.23267625714463455,0.1343724562434291,0.0,0.13702294416766633,0.195245830663885,0.31554557611442013,0.0,0.06804855540299591,0.1415875843625662,0.1415875843625662,0.48483138585463204,0.5852664351027997,0.40046955970796,0.21651426188470613,0.0,0.21155467709898967,0.0,0.8141981524099274,0.554287540325535,0.23260502665336574,0.6785044489375543,0.40606289180205757,0.0,0.18701889801496752,0.18826279324831588,0.12546809561714597,0.03775699204619703,0.0,0.4703400315092693,0.48909740891801856,0.5347831697979563,0.32323617068745764,0.2953666742726366,0.20078759695221232,0.5010466114009138,0.11660153411210611,0.19943590742429346,0.6452657821685709,0.016495865926896242,0.09768485505412891,0.40689349880096287,0.34866144596555376,0.1915614809027635,0.4079501792698454,0.5923065032308179,0.43175444543259506,0.6401597619527772,0.29877287556426596,0.3550313347237157,0.2731168882754918,0.3113835527373984,0.3740460613378539,0.3316534582008617,0.3879677892351651,0.49339662459814765,0.4663355695100389,0.17604394587726285,0.21506682057532703,0.24684560717580617,0.4203833476804621,0.20432888898725649,0.3098863053249012,0.0,0.057588450777221786,0.5020916326650441,0.1861646292376578,0.5302895003961481,0.21628263474619472,0.194918276200835,0.0,0.4416244033405102,0.0,0.5025442754200355,0.8024404250421936,0.7951144967454031,0.46651901996158235,0.33037594674323884,0.24373440540544053,0.25375796455336286,0.44038831815468366,0.36931188928137665,0.3479358983317167,0.3774543218343261,0.46461267663248446,0.4912932379073367,0.10539681729524436,0.19685776906984534,0.31168663423786774,0.628283031473978,0.2822381890709634,0.0,0.5370811661715902,0.7843469219426098,0.4390528344102725,0.044355786841981396,0.0,0.29988810398062343,0.12868545462139191,0.5769881930412729,0.11529626794687706,0.5111763268203287,0.06910355411097847,0.4067144737259457,0.1962518413446735,0.5663723628009842,0.0,0.15338361830716632,0.20889317360567453,0.14012180632240145,0.27163707991324976,0.45541143825223446,0.0988116599423908,0.278852151035369,0.08317525435862758,0.24222056720933619
attention_zero_shot,LAMA4,0.0,0.2206830288805607,0.04667639016427002,0.7386038300351233,0.5154345450249067,0.41224399529967165,0.07136239660165265,0.0449537836505109,0.84385654526308,0.46237231591845845,0.0615293298587495,0.25124961989682315,0.3813025605645731,0.6048016725908811,0.4446804138435006,0.3068955133767735,0.0,0.6883589755378274,0.2561612211842723,0.6084414108034797,0.06607227223375059,0.250479108582769,0.0,0.5531862301555426,0.06881692947475214,0.3570667493205221,0.0,0.2905639617413418,0.6187925323572254,0.04526562552784714,0.7889175920830465,0.7595522811441228,0.37435033287752195,0.2753027691459989,0.7069352012371127,0.3727677511414443,0.03020416980196509,0.08473283059450834,0.7815451810459597,0.5141773731029962,0.1955787275629986,0.640617473711193,0.2626742275533805,0.08861583837339218,0.04490814186789855,0.5223651577298593,0.4959951821659519,0.3646542205953757,0.0,0.4250567098096339,0.3088753635308319,0.23201727821878154,0.8606660059781931,0.7044267441258593,0.3635689537966787,0.0,0.29966968668185107,0.3778526339233694,0.0,0.0,0.439974343688717,0.24026787793701906,0.31381565635722414,0.33084900295631925,0.3676100032847992,0.2309072423570512,0.3174521716111291,0.3077986706084257,0.12905321679452872,0.5515206263026181,0.4167125651828134,0.0,0.29141074091948466,0.49172337647630054,0.16781625591705143,0.0,0.06689046108636035,0.2250567098096339,0.2250567098096339,0.4275757747231913,0.8436403407463311,0.23087318006194038,0.4796796513019473,0.0,0.45511433682393737,0.0,0.7851630231427634,0.8048738610235193,0.0,0.7361152795555632,0.3057462201019194,0.0,0.42220017236576635,0.0802634273285444,0.8937028049693704,0.3903675095333299,0.0,0.37891479581677484,0.5098908065038029,0.8002858498913981,0.647190838512421,0.5290628007075395,0.48441590311753074,0.41584438211697106,0.250068838380994,0.330136139090148,0.384779823901971,0.023553307260678176,0.2250567098096339,0.2881783074943459,0.04230461221230365,0.33275838554269066,0.3988778305506937,0.7734791638962301,0.7119038474800559,0.7910817244949815,0.03822312062077734,0.4010978964593469,0.08553910725703406,0.16014623811167766,0.6406304498755496,0.21099066544653178,0.38820266563918465,0.4313336930169172,0.37847320658741396,0.34149450852584234,0.49076176084664513,0.42006023512756613,0.24721480641857346,0.36582277531808033,0.3549415081081903,0.0,0.1888868326287047,0.5449477291910622,0.43387356747908873,0.7882953553025221,0.40976948039691713,0.3004983984812929,0.0,0.654428444061657,0.0,0.5019801218600392,0.7821044959378347,0.9508074734150473,0.5040079594076287,0.22763930060026158,0.2411321890817506,0.3365065863609891,0.2253263473425598,0.5262704286999155,0.5633865816789457,0.7176240980423892,0.21369493887099764,0.7465525875032287,0.28132088726204235,0.15032209963697596,0.45066760190618776,0.8436647442317065,0.44044357423485875,0.0,0.7672955861088846,0.9399673279302717,0.6685452872739387,0.11862437180969101,0.0,0.5412912103811158,0.20930953386182014,0.8533817432143175,0.25461830068476093,0.7797812676708379,0.036399559046984484,0.631410192675834,0.2648151242248105,0.5671286205500764,0.0,0.31256076051032206,0.4432927255226647,0.37526838396117757,0.044446644588631616,0.7215187348863837,0.09830294149670415,0.43979799655765506,0.08168368278747253,0.43445390205286083
attention_zero_shot,CH25H,0.0,0.48732699021820997,0.4093204746579231,0.7772656510097562,0.3890236491924458,0.4260437464920994,0.05047033057530625,0.35814021525862305,0.80835385041788,0.5794034181061936,0.050124709253512555,0.5086254979406607,0.23313791431897524,0.4821997118683611,0.35227866591435925,0.19568246241259965,0.2723434001484614,0.7249536903992523,0.3119651923862642,0.6789568555663852,0.37011240775705967,0.1765684686957724,0.0,0.4766324536313706,0.318004769435631,0.478980228296179,0.0,0.19097326415365481,0.474100071577469,0.10353506684025456,0.23034089074798617,0.11841144410274586,0.8628616097426393,0.22375533275186835,0.6097569784430081,0.5308246704005714,0.793745425500359,0.898135927014171,0.706330579896657,0.4246255723959021,0.42611851374205845,0.5894790747117895,0.2747473020413242,0.29815400555827154,0.2951587109757926,0.6458048294754285,0.5791386498673369,0.24036677005634408,0.0,0.3012667552863902,0.20931018236071244,0.07706232125720029,0.7816774480691102,0.748910883339317,0.5428090533816691,0.2536634158273796,0.5412355438019346,0.2366866130149934,0.0,0.0,0.22512269155245523,0.5030437699758421,0.3314936360544878,0.2526050489613873,0.2736554697081696,0.16807912932184535,0.17446763975685192,0.21751101299981287,0.6496503977273008,0.4055044287397475,0.2348210526766037,0.0,0.2195022116535958,0.3488858029054378,0.36857444904377,0.0,0.16581536711260958,0.15840961242924734,0.15840961242924734,0.5725928025010897,0.7584554935695261,0.4489307268764838,0.36258658354426737,0.0,0.3481937673210936,0.0,0.8291574119266807,0.7248985831174303,0.25278401261359756,0.7175518981956239,0.4974194193165157,0.0,0.314598096518895,0.17779767924216644,0.2397275481864945,0.058406358661262155,0.0,0.5371019144110593,0.601315080814402,0.7136614947935641,0.516111044605593,0.40362216114179816,0.333125205408035,0.5476958632002169,0.18549959603031574,0.38951136737220693,0.8346053153108609,0.01992903779999893,0.15840961242924734,0.41804830740739796,0.37450203043817737,0.32955903155244093,0.6003426490241963,0.7125684655909353,0.6703598545462656,0.7591564340794105,0.3812418803767448,0.4708122966323489,0.34958232448043763,0.3924750778064446,0.6067765867621084,0.41378828018952646,0.5052978974126329,0.5801983613173801,0.5193188893158847,0.3736837236379046,0.36601928787955407,0.42580656654859617,0.439488374449642,0.3017031913741147,0.35632081886098815,0.0,0.06421596446279688,0.6060408734326717,0.3185479070006171,0.7044528830578652,0.3052750775422581,0.24074874760974216,0.0,0.584677225631828,0.0,0.5853378058284882,0.8221201921186908,0.8966065816700896,0.5763794423753639,0.3939979415503164,0.3226896652194213,0.3008464431834676,0.49428377488187036,0.40397062807104733,0.47544893357115103,0.5856546018489149,0.45078203948323486,0.6310153271660154,0.18481121450078855,0.2523475501321332,0.42778992290717377,0.7726753379605876,0.43464927784586516,0.0,0.6884308013159418,0.8971924951955955,0.591931692749902,0.06006138076119946,0.0,0.5352989603442652,0.18219484720714116,0.7642517562243827,0.18605488371785314,0.6626850465060666,0.12443640364333744,0.6059285693581896,0.3198925553149813,0.649309242982281,0.0,0.21633009305070966,0.2616213381623521,0.18544870498821142,0.2962645138073316,0.6825577573644311,0.22958440812640715,0.441256466126584,0.21826567202033145,0.4376401220928287
attention_zero_shot,KCNE4,0.0,0.2828511098118727,0.06567555806763153,0.7317830866718184,0.6777602113592306,0.4924350609645134,0.26595777687807665,0.05973588359334017,0.8559465555319075,0.4773902419686988,0.07601280950599668,0.2960434158656201,0.3324079271029187,0.6071735819443426,0.5768389816571909,0.404290273834331,0.0,0.6798467525260141,0.6367655504204925,0.6879835600003681,0.07930557073841714,0.3424990181473161,0.0,0.6135543159072318,0.10690736362061438,0.4021515764792179,0.0,0.38703301618240527,0.6187457752539719,0.2598366753038825,0.3769662564472509,0.07032841099434119,0.4137387867425922,0.3289365156608362,0.7207027648023016,0.39891572940734993,0.043302794058758816,0.1370687047363171,0.7684011137713627,0.5295275751232846,0.26234618141660854,0.619747635891716,0.32622503456901925,0.0972061808388566,0.060578491818578016,0.5269025911784959,0.5130178994819249,0.43933202243231156,0.0,0.5926946717602308,0.4853143647553558,0.28669520748839206,0.8420423706599441,0.6920705194730762,0.3989842028306063,0.0,0.3328872971150913,0.4817017546461146,0.0,0.0,0.3781756557291624,0.29430943063758175,0.3425650045160669,0.38839095173324695,0.4221640779709206,0.27485724705271464,0.2665929219816284,0.3854886896665587,0.19346183916905885,0.5667565627886044,0.4125507144140619,0.0,0.35956657548645826,0.5234322190674648,0.25128708756962664,0.0,0.09000269702029845,0.5438724744143354,0.5438724744143354,0.45144864623791214,0.824565629398418,0.2606951467372494,0.5086127962059078,0.0,0.4878032188273414,0.0,0.7993501959706402,0.7893476015083057,0.0,0.7329208085578837,0.350433723921782,0.0,0.4648868189908079,0.3635439865370994,0.34761226335663015,0.10341580089254968,0.0,0.4061470629786138,0.522526613519751,0.7837652041595399,0.6422542709828583,0.6406395545995458,0.4547099146249172,0.42317107917218894,0.3301753402201165,0.39022418237156664,0.42652606014107575,0.03389312378031809,0.32343221906746483,0.40475358098972475,0.05624615965141801,0.4008060906137066,0.4488053115257537,0.8441480918391476,0.6992896446909885,0.7804321579731281,0.05884791728250283,0.4483719943683927,0.09706467571947942,0.22960267882823523,0.6372862524460658,0.308030684826157,0.436193515889554,0.519521852591557,0.41181842051151724,0.41440615018771476,0.5185437143236696,0.4542841164574612,0.3291018276975925,0.40298982995379756,0.38423231241183115,0.38826205939611885,0.1799611865069521,0.5524590575226841,0.6727638161446182,0.7731403009755967,0.5914791857324431,0.5408700020701519,0.39387345054186895,0.8188682728484719,0.2843285227508135,0.5131896050312813,0.8020997179113546,0.9237116092003258,0.5183268078367947,0.30003179064483493,0.34045496743943665,0.36124800394695133,0.3009479626307132,0.5362643813928818,0.5706460770949998,0.7021451369171655,0.4636694759456766,0.7080165077272627,0.5783602855458101,0.24003457624155722,0.5306911389325629,0.8531829274745627,0.5365827478143954,0.0,0.8004885393856678,0.9277927604647673,0.6637388891553828,0.1060090258865223,0.19234685774417506,0.5556000134292346,0.7150847508603172,0.8327832347605139,0.3373320384475329,0.7240516201647951,0.4832369805540464,0.6298802586478724,0.3258054039862152,0.5711465991665515,0.0,0.5332932960059933,0.519187017812304,0.4922994998927897,0.07121387098076991,0.7089626387832829,0.10902319644330545,0.46462587854144705,0.10044497116226,0.4698586798967256
attention_zero_shot,GEM,0.0,0.903898732647802,0.26811345648113705,0.9177954190908826,0.8670051239107331,0.8725019629099365,0.239947575363213,0.25052309683419494,0.9143837883929437,0.8912038743583051,0.178074752595625,0.9088858981148107,0.8528257443078108,0.9172787508713822,0.903997217173969,0.9224789778004641,0.033520467675806916,0.9429451619403916,0.8983696865075688,0.9220451434574811,0.2792010064920745,0.9011333008352717,0.0,0.8881884187391285,0.4028336842350257,0.8979827170470364,0.0,0.9171397535633004,0.9268395352991879,0.19356826802533147,0.9188518540276479,0.22756079558378245,0.9164026236719937,0.8583931123812427,0.8981015706009333,0.9035074196977937,0.2443415976719723,0.8265748538625827,0.9160738594941384,0.8924829516018489,0.8684796599969393,0.9098107780138186,0.8945130023541847,0.23398121957195203,0.2216043168948924,0.8582921911181837,0.9024231016854751,0.922988984525461,0.0,0.9245339494443334,0.9003946344412672,0.36736486816051406,0.9377921767970858,0.847095456963282,0.92620295731619,0.03866694973307482,0.9242046146124719,0.9214662942804651,0.0,0.0,0.8990162146023079,0.9231847177162865,0.8353606496227767,0.8908465941240747,0.9021231332902022,0.8514834694286442,0.8328831956599966,0.9066803552248514,0.8704160346745403,0.925441564636115,0.9134035379245969,0.0,0.8896558432590929,0.9244795203088392,0.8964957771501557,0.0,0.2393549561659457,0.9127763843177296,0.9127763843177296,0.9314844313514787,0.9354384195929248,0.8179049295127282,0.9121533860091984,0.0,0.9063797608575269,0.0,0.8999594116158909,0.9240335249077903,0.032060930798037506,0.8509016411650593,0.9204483304449599,0.0,0.9083422664766415,0.30407578984052935,0.9233809681189612,0.24626705161268916,0.0,0.9244784399485485,0.8947562040118566,0.9259619341857656,0.9234820434452662,0.9137836210864967,0.9273338006052373,0.9177954702660991,0.8887323676682496,0.9237433281023238,0.9294926767935056,0.08815796930899004,0.8986730686959359,0.8765437373687234,0.2934746356835757,0.930052861017227,0.9445210382564382,0.912061760505731,0.9473391347050396,0.9308424109019777,0.2650979447970753,0.9153718891338661,0.24505042210518185,0.8779077425504201,0.9410658371810738,0.9200867425669441,0.9236437212808115,0.9789105084859606,0.9718311737380194,0.9411839686316027,0.91615308035421,0.9161149615424793,0.9809258412084655,0.8670256537571001,0.8583275360242862,0.0,0.19231299467306293,0.886719839067019,0.9127027111329303,0.9221022938280323,0.9186665327862141,0.8692783937136841,0.0,0.8863577259050789,0.0,0.9103102899020128,0.8747899211034166,0.9523194050611595,0.9041081900088084,0.8989639192924251,0.9124210542487508,0.7990459244348802,0.8996753774670712,0.8734080998982576,0.8931227294574033,0.9299061416040124,0.8814922037441848,0.9104265768758514,0.91641003715704,0.41575082170203226,0.911516582682962,0.933749169938729,0.9263269209802142,0.0,0.9221574143200014,0.9561585230257306,0.8948668636502709,0.2804731895384957,0.0,0.9379747077220972,0.8657323040258276,0.9390329460826566,0.8932929051743089,0.9021161508463862,0.22067257787272326,0.9238620631576886,0.9092875998675699,0.8946508626832732,0.0,0.9200043912561688,0.8956888281659074,0.9116925290896176,0.2985476117376484,0.9439550142375843,0.24232490197090897,0.8993868183812417,0.24313663090485363,0.9272356521305285
attention_zero_shot,IGFBP5,0.0,0.7780084350810555,0.18638684484800608,0.8525476993127075,0.8083627690423754,0.7800026603697907,0.2595061451015321,0.17515954459445895,0.9015728830037006,0.7797534216939351,0.1685245872599232,0.7427333776106142,0.7846874460171824,0.8880167549562998,0.8732037673492866,0.8927240609957796,0.0,0.8844985740347237,0.7822420659383704,0.7905698362191003,0.18564739717802678,0.857284502524823,0.0,0.8493725543017131,0.34094293311686863,0.8279598038604552,0.0,0.8837377717171108,0.9028870446909163,0.1455860457227962,0.8492026748663927,0.19110849849003098,0.8230844282505754,0.7924666016219069,0.8666489245484633,0.7611509756105401,0.15869206608978556,0.6388109818664456,0.8935340448341836,0.8491304078699945,0.7029573187649751,0.8713671718904789,0.8106114880838804,0.1712060528619677,0.15338946790591212,0.7168028382341382,0.8374931060909155,0.893957117765943,0.0,0.9044946231676657,0.8683272371313597,0.373050867877971,0.9262102144976602,0.7522613829628613,0.7987646808131093,0.0,0.7312221620831536,0.8669001275545678,0.0,0.0,0.8546248835905361,0.767680523205744,0.7191997569401568,0.8422673542907254,0.8603806307270851,0.7804574210190287,0.753801604298362,0.8668377628624324,0.7190479143769628,0.8997203178873592,0.8780234655972463,0.0,0.8914673973904909,0.8974918805070783,0.7947461466872955,0.0,0.20362779821833604,0.8832287738549431,0.8832287738549431,0.8033051883073112,0.9221317596805768,0.6463022918682145,0.8777907656726547,0.0,0.8684284772102241,0.0,0.822953495825637,0.9051267765752776,0.0,0.8077285576336155,0.7863886209671439,0.0,0.8709464699040466,0.2680916493265081,0.864160200764761,0.23545101236055896,0.0,0.7734745231170768,0.8210112322622747,0.9073016887444995,0.8982929163918246,0.8884499993518667,0.8684296010823747,0.7679477683436678,0.8376307278424778,0.8475638855447377,0.8392689239616109,0.08411223089698151,0.8530474360626338,0.7746450458888111,0.1707166402126414,0.86508299744149,0.8715145838897209,0.88542547275446,0.8988723525033114,0.8842425805305373,0.18453769213536705,0.866862158438288,0.1948880642120482,0.7561409054914515,0.8867579727670671,0.8436732884135939,0.8593007366557133,0.8397113066762126,0.8031234717236073,0.8784195698635318,0.8842164547713135,0.8432309519348902,0.7539542635994003,0.8077622988722776,0.7617050341114795,0.0,0.1811736578815013,0.8182867116210022,0.8779811874525766,0.9015990612612791,0.9000512168523034,0.8091087856052485,0.0,0.8474148352828337,0.0,0.7950121666058555,0.8344932537603282,0.9494915736764215,0.8276245197978139,0.8083142599144153,0.8626322387150229,0.7157225282619211,0.8138569988821489,0.8252917764549452,0.8517608869805348,0.9095516592709514,0.6943879982039309,0.8823397793522993,0.8824628648923798,0.368744014753914,0.8438903167678667,0.9218715098795011,0.8615531834808038,0.0,0.9083043367459671,0.9543280655724606,0.8591807139374397,0.26768265409298986,0.0,0.8794518064626503,0.7805986780089095,0.9273564507530476,0.8448579316318856,0.8727032220795837,0.1702011249284475,0.8639338904240927,0.8055957735342222,0.7974552776936347,0.0,0.8968148912076882,0.8769146209532597,0.8916115205718185,0.2473985791294539,0.8952530905802013,0.2020009012761183,0.8210580801111306,0.20566824259090327,0.8596036514750272
attention_zero_shot,PRRX1,0.0,0.20730878790307528,0.0634032343128395,0.6932686100204962,0.40498709910451575,0.35255870777262727,0.10855043455768239,0.2125873157859933,0.8106362776223066,0.4764661882810681,0.7826719834818795,0.23569868198174546,0.25830924433955194,0.5033966822938892,0.3714744495520514,0.24810598089299607,0.0,0.601650700657935,0.23607346291682987,0.5728342999417388,0.07646541166105,0.5373210571763068,0.0,0.5265557930357003,0.0778236856263511,0.482159869130027,0.0,0.24088550262239586,0.4987373205953307,0.062353767152127135,0.26669948692045614,0.0676360019677821,0.32797471708318154,0.25068328752562913,0.6188871304536413,0.34176127667081796,0.042892369338836396,0.09410881540144914,0.7130958176335801,0.44447780080323074,0.20194467354463527,0.5366134821209775,0.8529894637824543,0.09307933500957345,0.06026324582439387,0.5406440533945086,0.4333133593703665,0.28767935031968045,0.0,0.3393594389124513,0.236662994498919,0.10151597385039864,0.8266176983266788,0.6645534272401238,0.3252814362270121,0.0,0.27951707072498033,0.2701169530907246,0.0,0.0,0.5507050824199602,0.22427279316324306,0.30748163665349976,0.2854458173354002,0.3082814827222322,0.1975102404048117,0.19985811752798038,0.2594107758207184,0.13372032907872172,0.436079485669747,0.277891754694848,0.0,0.25487927255383186,0.38481398436699676,0.1648970565208466,0.0,0.08409325791295579,0.20299580254881497,0.20299580254881497,0.3822668839105028,0.7646989411349394,0.33279578839141655,0.39246039937178534,0.0,0.37749421279289513,0.0,0.7736888456608105,0.7891410328746393,0.0,0.7708083965624496,0.2773633408645136,0.0,0.5716707533713843,0.09004157888116818,0.21913791802383834,0.24399430028469957,0.0,0.3449507401257313,0.45479794791275396,0.7344321229011513,0.5362141010718556,0.4266122747017337,0.3382236524439092,0.3810525066407164,0.7330440947804199,0.3852312335349499,0.3313330986224918,0.03700328121897982,0.20299580254881497,0.41351774261189916,0.05509830661803981,0.2788778772874987,0.32795750534546725,0.785825315332957,0.6120764135459285,0.7374972056692531,0.057063282155219996,0.3323927658079066,0.6203925032154005,0.7063863146858156,0.5436488458698516,0.19416989809017082,0.32561183292592033,0.3762114403829458,0.3374401687668225,0.27957048229958154,0.6224371997543865,0.7184393594557267,0.21605245263628856,0.9134356036492305,0.3252705815586603,0.0,0.08067817242360233,0.5985987162031843,0.3527461523364137,0.7119503470578974,0.33863630624295715,0.26882865534255446,0.0,0.5942397871736884,0.0,0.6995919301247907,0.7880814206210003,0.8982138612289615,0.44596037114753384,0.21028005593569568,0.21266226933685375,0.8647901114141041,0.20792536796868483,0.4210714459079935,0.4920453551083656,0.6019384604727626,0.20669825674741896,0.6409818069286374,0.23504777137231206,0.1432047621958156,0.39167856749436225,0.7776976729893431,0.3740086405443724,0.0,0.6959453845450051,0.8989993108662233,0.747568608053728,0.218772525070459,0.0,0.44822288404530924,0.19794257240414373,0.7706086043402361,0.656396117510345,0.6701322457022176,0.05061770257279881,0.882007968239042,0.24018129001047978,0.5234946306270292,0.0,0.2602813169559014,0.319000972709486,0.22880584544600796,0.05412853097043044,0.7523727538429794,0.6903437063332073,0.7978935109501013,0.0934363453031319,0.8321241372970033
attention_zero_shot,NXPH1,0.0,0.11622405627870784,0.03573555083444085,0.3081409848003975,0.23302391588235558,0.2496221077098483,0.08616914130422756,0.031444362668181056,0.3407600703107054,0.2085737636121015,0.059801136964426606,0.12178764632557013,0.20181642935599478,0.3344942524816874,0.25828143626831174,0.3758506471445084,0.0,0.33017605346667533,0.13674196557260052,0.2688148331573606,0.051097701978336636,0.202454634252325,0.0,0.27651372067667684,0.05316540316263093,0.1947947009744734,0.0,0.30118875037211923,0.3758506471445084,0.05958183983232024,0.20235665172996858,0.04547144392588151,0.1993632965929806,0.14093280877024872,0.36542249885432176,0.17202691889411342,0.0204443225372556,0.03841788489584318,0.34781408990795326,0.26821390761051467,0.127648443525116,0.36175697200296736,0.16535071586292413,0.09667926858931587,0.04153222287820836,0.22232481120435232,0.24511998726815765,0.3758506471445084,0.0,0.32215769755243573,0.23249189515404842,0.4040733109694459,0.37111268557205906,0.30848810122377435,0.18940166260719207,0.0,0.15293361305558562,0.3609294928055624,0.0,0.0,0.2243925453624899,0.12534799405518846,0.18436528050724185,0.20318610020519914,0.24382332024623898,0.17217844072459315,0.1720250885213749,0.24093312973905334,0.06776316901924519,0.3758506471445084,0.5328337518391444,0.0,0.1823872548796878,0.3758506471445084,0.09534598226043414,0.0,0.09001807321838323,0.16107884877621786,0.16107884877621786,0.2089384368093763,0.37070190015176746,0.10445324566370243,0.31474565473886945,0.0,0.29707678554014116,0.0,0.3105523824768927,0.353653154311451,0.0,0.31227370501830515,0.15823581493411876,0.0,0.27940904990487103,0.07448304351427096,0.20268679807757653,0.09710748403286586,0.0,0.1883502734539412,0.238038743191522,0.359418304870823,0.3584176413155089,0.3293153822339892,0.4758064214781486,0.23185344563451724,0.18143937569730068,0.2139334494839015,0.2208258668889246,0.02957734293988335,0.16107884877621786,0.1529253701753252,0.031355182495181884,0.2667008423028316,0.2755130942739733,0.33364360063768184,0.3538845084490789,0.33434216048036625,0.027697868682579455,0.27513143123849393,0.07589466439530204,0.08835838548710959,0.33554487604679345,0.14094399267919064,0.23917768454650534,0.2306501178418264,0.20449591892330451,0.28798609236279044,0.3246191860968729,0.23719756400064318,0.17100841755547513,0.19567317574599136,0.1870451942136318,0.0,0.37243880625054754,0.25412438335019805,0.2923282811123954,0.35731963791188315,0.2630954530011559,0.18118289764362183,0.0,0.28844351990159944,0.0,0.23159878963699973,0.31840307848590627,0.3712729460757642,0.253436207228235,0.13699901492879565,0.1879253235722542,0.16441108764648754,0.13559073549091957,0.32880280705005627,0.2869134099723222,0.3758506471445084,0.10229853051381224,0.39161058488014266,0.2818879853583813,0.13966454270645973,0.26171505568312703,0.3602956346503182,0.25867847342457195,0.0,0.3386006691631057,0.3758506471445083,0.3064157667295897,0.17923026199777206,0.0,0.3177019087508705,0.10732026015393613,0.3758506471445084,0.1955386493699635,0.33181964186207824,0.025284961073579495,0.3042399420029109,0.17926909159332213,0.25135961173606447,0.0,0.2505670980963389,0.4396360720637381,0.5721252009374531,0.034548635035425476,0.34752464938024735,0.09721635023795644,0.24143445997332988,0.11614054021193276,0.26423711143938566
attention_zero_shot,PDZRN4,0.0,0.45,0.301968129414567,0.8017262600424241,0.5143502567895635,0.5570500129499005,0.09808195601502392,0.20686406110086744,0.8815375959647161,0.5190180168310081,0.10002302877214031,0.372903435960938,0.32901352783487386,0.7967330568972896,0.4877636017695356,0.601268118054321,0.0,0.9310344827586207,0.4721656997940156,0.682539949312149,0.35028727962875444,0.3483010567267888,0.0,0.6467838248704322,0.07249060926660768,0.4469896358097239,0.0,0.5031978731937754,0.8773132670936372,0.3302267200669425,0.41878654446861446,0.234158452393682,0.5772598070961878,0.3231198296007373,0.7689685996012398,0.4195847820860982,0.1327855341954049,0.14535723517812238,0.8715459428938496,0.6336529838663484,0.3036306301128473,0.7546836247544592,0.4547709321087343,0.3163936784822724,0.24784177952474493,0.5750763983323577,0.6002113530090535,0.6810144944434569,0.0,0.6756340590271606,0.2992853314553301,0.12776923199989312,0.9560223053540445,0.7084693733455529,0.5237057533426203,0.0,0.5201288295599412,0.40248634996868604,0.0,0.0,0.42562925169095606,0.4107896729890374,0.41443622151809173,0.434323221861474,0.513291080381742,0.23457909207906008,0.23057388675860876,0.4557752355248951,0.2156821250468794,0.8405072472217284,0.539270237819309,0.0,0.38050215854524866,0.8006340590271606,0.18141196368319382,0.0,0.6131571901528764,0.3006340590271605,0.3006340590271605,0.5640192790636364,0.948634047348397,0.30323523932744584,0.678594599984148,0.0,0.6255006585808864,0.0,0.8107871106625412,0.9020267537784653,0.0,0.7665343231672362,0.5244968131739658,0.0,0.6026204479687791,0.33446880921825334,0.5676417741872208,0.16844126182814206,0.0,0.5023742984181271,0.5937120152328156,0.9079887051079691,0.8565765852571106,0.6439309781443796,0.6441421433513188,0.5523565016103616,0.32095099235733343,0.7720091426289235,0.6960808968587802,0.04267772195303988,0.3006340590271605,0.339680695560325,0.21610550036576315,0.7287735387438943,0.9,0.8429100384641424,1.0,0.8888466536342299,0.21898471076888443,0.5680894510310018,0.36026220505371304,0.3583644232072303,0.9598442608168378,0.26723027469080934,0.5337560393514403,0.6451594099436281,0.5906626015506847,1.0,0.7148121382102172,0.723560148452929,0.380832475103593,0.4380946504225957,0.468954938801479,0.0,0.131096132004105,0.6218087002562029,0.6405072472217285,0.8916428396704865,0.5822793156561168,0.3634267659502832,0.0,0.7364789198231201,0.0,0.5968118839257277,0.825696370653684,0.9749595464358871,0.5953393001549921,0.26915242921856863,0.3435817817453263,0.3672792070187602,0.38975306367711404,0.5532840341443819,0.6777299623260762,0.9202536236108643,0.27719869079424375,0.8278172153919963,0.4810144944434568,0.46349592091194747,0.6596914539707265,0.9273066939722949,0.7445932632544648,0.0,0.8629540845400795,0.9867089372684774,0.7612712581736973,0.09790187930455194,0.0,0.9892154759306963,0.2571191180581391,0.964557166049273,0.3357732936713712,0.8165525708217056,0.19521901156420396,0.8527084669881355,0.5366530698053734,0.6248040468755247,0.0,0.4864389246024691,0.4165930886194563,0.37161167699444125,0.043690988642104446,0.9721983219499318,0.5740980963384892,0.6605339489135631,0.8455107623607876,0.8101863445534488
attention_zero_shot,IGFBP7,0.0,0.2077677818728599,0.04319795901383436,0.7541512859761091,0.5426029705677312,0.4499971456264895,0.3562202267486594,0.042346876717852464,0.8715895590108829,0.4718064507577511,0.06282482528498969,0.24463549398361012,0.3240415707703646,0.6449154822549831,0.6712508718630067,0.3004794540397509,0.0,0.7214820637737966,0.24801996713332491,0.6297345654820216,0.06587117612014148,0.23209763449291945,0.0,0.6173904292221296,0.06101041072364806,0.3617898556602871,0.0,0.27941694734106665,0.6708138607245886,0.04546373054963222,0.6519511363535462,0.655325136811983,0.3809171147821334,0.2692149896714779,0.7255693933289026,0.37651873161831173,0.02709226919655518,0.06803942308188099,0.8069640797183927,0.5361203386600149,0.20193776108161646,0.6505466820331793,0.25347461094506246,0.0973227574898454,0.0437713113757038,0.5284374073049927,0.5144227011542145,0.3782039591464452,0.0,0.5861735393142403,0.5916226905866527,0.4080180834338375,0.8889113218221945,0.6857611891399127,0.36780794831680497,0.0,0.29784453781232734,0.46971050025675903,0.0,0.0,0.3843787323175704,0.23096375271422484,0.31313636645156123,0.33205676731175787,0.3763310029533256,0.1937289525914289,0.24001987535245956,0.3037470870249903,0.1095580379797649,0.6002739737370005,0.34305952953053515,0.0,0.39440404992169725,0.5336529693598339,0.14315487449203318,0.0,0.0666716224261858,0.426679669468821,0.426679669468821,0.4372855343901623,0.8742071252053996,0.22597150506824423,0.5088686474944061,0.0,0.47825127774424975,0.0,0.7957340815504518,0.8326162950282127,0.0,0.7431398865092007,0.3037174662307808,0.0,0.44183920585048614,0.2821756253598373,0.685438568613153,0.2845829233797198,0.0,0.38349061172299215,0.5258238752090859,0.8306867548881574,0.6933602433081715,0.6579348328121658,0.42623461915612043,0.40618507628084444,0.23528160506875942,0.33128572674289447,0.3938960467459416,0.02411936145394041,0.2003196360265006,0.3247056899535927,0.03969333308941603,0.3347783964505038,0.4149220074668065,0.8073777266004726,0.7520313139494926,0.8102766581752341,0.0333358112130929,0.4165164747627828,0.08853779562205907,0.14048318609201893,0.6786255032675556,0.18491043325523132,0.4002397270198754,0.4847932389732347,0.384309085335119,0.3462643731395719,0.5241131120275407,0.43378241086833735,0.25195422964566433,0.37064790266914727,0.35744987322975974,0.0,0.20304056213807237,0.5611142699897618,0.4574168308798576,0.8173135022000443,0.6222886369296787,0.2972929521457191,0.0,0.6750799090066252,0.0,0.5141147889226213,0.8008702109341927,0.9557180219104878,0.5208832363887657,0.2124236630725923,0.21853051202890975,0.3372719893049987,0.2088799044092919,0.522331926459997,0.5873247393526235,0.766826484679917,0.27338446167450536,0.7470243934049898,0.2670928480353341,0.20294224855488005,0.5020107605508496,0.8827531631696922,0.5030889183899867,0.0,0.8378504298032952,0.9548696421961129,0.6920366701601958,0.07968851693188565,0.0,0.5755995586083182,0.19434925502525316,0.8857925639248573,0.2397497212010311,0.7831017995342542,0.03306233568770954,0.6585341798288046,0.2563594269794739,0.5801530999576431,0.0,0.4950992458332012,0.5783599620050204,0.4895502698453864,0.0396569191775159,0.7576563466994942,0.10489350530309417,0.45220438851645733,0.08639591802766872,0.45286205157130976
attention_zero_shot,RGS6,0.0,0.3709827316752857,0.3366513662738321,0.7840500980585687,0.5418202155360751,0.4966702549141426,0.6853926926104366,0.21523501942297768,0.8888423748467682,0.6459744437687869,0.05506403348019024,0.42307167710553073,0.2701112117293083,0.58914122895986,0.6850188739926092,0.2727272727272727,0.28051338739227893,0.7061413834572047,0.24273798378625416,0.6923467889766807,0.17417333999210696,0.22542239877313508,0.0,0.6697071841641283,0.3344066665246268,0.45728499782682913,0.0,0.25924307447929945,0.6,0.03762692811344711,0.2889766398298597,0.04262351515042758,0.46087972047700254,0.2613823748073134,0.7516217064104916,0.6073357088279145,0.19256223703898032,0.2895727877195896,0.7749513100434244,0.501217005960082,0.41842206394033465,0.6310352553283352,0.24633289506883663,0.1523704993183489,0.15001900197387943,0.6226742519420537,0.5812911206563288,0.3333333333333333,0.0,0.8185290887970406,0.5887395993039288,0.443619148982562,0.8544018285257846,0.7537618757941331,0.46523829315269766,0.2847293571253691,0.4573425176896236,0.5759718312887836,0.0,0.0,0.2853658849818986,0.38110150800961656,0.3059854345417135,0.31205647059909386,0.34672941177677097,0.19430501066480219,0.19770002612868795,0.2827419607987918,0.28341904446958405,0.5294117647058824,0.3121299423227057,0.0,0.271629127911879,0.4666666666666667,0.4062722841115992,0.0,0.056888452950984436,0.6086060034918132,0.6086060034918132,0.5234002182170994,0.8366801435769884,0.38406212009160184,0.4598980382943416,0.0,0.436321804466712,0.0,0.84752594899497,0.7980402128936191,0.2682993682572612,0.7340155552698397,0.3844305463498146,0.0,0.4013195808577381,0.3387332198002025,0.22399918731619115,0.06602742788677046,0.0,0.47457398738869416,0.6045336491115904,0.7927688369485079,0.6315303948813998,0.831795998937958,0.38831575861243334,0.5441186294738573,0.22918824687296574,0.3103545260825423,0.44408727152692146,0.018952387247807435,0.2,0.5201640306579965,0.2869927678578068,0.3092677200961589,0.4560320181888978,0.8123676809931805,0.70015851475679,0.7861363212430801,0.33245129573891397,0.4630240464044866,0.15983476939150915,0.23406950541144247,0.6272072124775315,0.4524503870358272,0.5560540018831037,0.7177295081118275,0.5276393147440428,0.31464803372980604,0.4698811693386169,0.4043997914965449,0.5525640109357615,0.35286240817516623,0.3455452419295776,0.0,0.3038692034906819,0.6105028350104873,0.4117647058823529,0.7809257347702768,0.8888888888888888,0.28546437259551255,0.0,0.6470588235294118,0.0,0.5944979202311919,0.8155811765818849,0.9316971207604114,0.6264173601048975,0.4244467853410374,0.30132262188839626,0.3292786893005178,0.24645088263317458,0.5927776258085129,0.551997168129112,0.7037037037037037,0.4948010561083771,0.7096401022110586,0.25,0.2741935851790692,0.5434328608183481,0.8830197025580775,0.5533751937800974,0.0,0.9111474606910637,0.937007874015748,0.6605484649942682,0.069545829792553,0.0,0.5242070900563655,0.1948537397408775,0.8461538461538461,0.23250943908802515,0.7267115099801403,0.03252781396232284,0.6212520670773337,0.24915468059378934,0.7074778987474801,0.0,0.84720867742191,0.6313426611514287,0.6242025495808999,0.23361960839005314,0.7110784391323696,0.0912427004599682,0.42767378213363866,0.07168167465209661,0.4165562521888366
attention_zero_shot,ARMC3,0.0,0.0,0.0,0.0,0.0,0.0,0.0,0.0,0.0,0.0,0.0,0.0,0.0,0.0,0.0,0.0,0.0,0.0,0.0,0.0,0.0,0.0,0.0,0.0,0.0,0.0,0.0,0.0,0.0,0.0,0.0,0.0,0.0,0.0,0.0,0.0,0.0,0.0,0.0,0.0,0.0,0.0,0.0,0.0,0.0,0.0,0.0,0.0,0.0,0.0,0.0,0.0,0.0,0.0,0.0,0.0,0.0,0.0,0.0,0.0,0.0,0.0,0.0,0.0,0.0,0.0,0.0,0.0,0.0,0.0,0.0,0.0,0.0,0.0,0.0,0.0,0.0,0.0,0.0,0.0,0.0,0.0,0.0,0.0,0.0,0.0,0.0,0.0,0.0,0.0,0.0,0.0,0.0,0.0,0.0,0.0,0.0,0.0,0.0,0.0,0.0,0.0,0.0,0.0,0.0,0.0,0.0,0.0,0.0,0.0,0.0,0.0,0.0,0.0,0.0,0.0,0.0,0.0,0.0,0.0,0.0,0.0,0.0,0.0,0.0,0.0,0.0,0.0,0.0,0.0,0.0,0.0,0.0,0.0,0.0,0.0,0.0,0.0,0.0,0.0,0.0,0.0,0.0,0.0,0.0,0.0,0.0,0.0,0.0,0.0,0.0,0.0,0.0,0.0,0.0,0.0,0.0,0.0,0.0,0.0,0.0,0.0,0.0,0.0,0.0,0.0,0.0,0.0,0.0,0.0,0.0,0.0,0.0,0.0,0.0,0.0,0.0,0.0,0.0,0.0,0.0,0.0,0.0,0.0
attention_zero_shot,CD83,0.0,0.2938205859279279,0.06616769967885841,0.8123768966102763,0.5490151875574472,0.45873851223139067,0.12078538522087304,0.05636360134477644,0.8928950199935425,0.5475807231031549,0.10400984101813712,0.3096119881836117,0.373010720959521,0.8837118434397899,0.529405568290776,1.0,0.0,0.8716097311506171,0.3398331773007558,0.6691397978208219,0.09010486518936786,0.48304799737100373,0.0,0.6881742032922038,0.09041908812040021,0.5121094585342514,0.0,0.7777292234378983,1.0,0.09783001309496249,0.5201579516937475,0.06885337062761378,0.5198476670928368,0.3714381115682875,0.8006871141915644,0.44942337943518096,0.034127049182326695,0.09268051474218093,0.9014739729076571,0.6921568177543991,0.2080137949506448,0.8109174227768414,0.3777104391055495,0.13569022720397642,0.07030068328238795,0.5632583901459277,0.6521739130434783,1.0,0.0,0.8571428571428571,0.34634916615206934,0.15102805812870082,0.9858482636835977,0.6983706838835976,0.4736863878501101,0.0,0.3574270251478596,0.48560417311463616,0.0,0.0,0.539024449410253,0.310553895043912,0.36718252145005625,0.5200941176651565,0.6241129411981877,0.28066279318249204,0.26646525260823156,0.6058756302831253,0.15531622028299757,1.0,0.7283031987529799,0.0,0.4691775845750637,1.0,0.23686478450218737,0.0,0.1706653588529533,0.42857142857142855,0.42857142857142855,0.540344498821007,0.9821897337642906,0.2591642337802291,0.7943693388720446,0.0,0.7272030074445199,0.0,0.8011669622701283,0.9338768448755117,0.0,0.7683554642883117,0.3998425434505943,0.0,0.7223752455439285,0.11281394263215165,0.522664770404446,0.1980822836603114,0.0,0.46457504482934553,0.6333333333333333,0.9437724249386997,0.9472955923220997,0.716805007904797,0.69896836550238,0.48124478339759347,0.41253884437133836,0.5360669086880276,0.5649390201733884,0.04061225838815879,0.42857142857142855,0.362392761833202,0.05140514554871691,0.6185354401923178,0.7116747191352538,0.8657328569759972,0.9335446863423867,0.8786229472716777,0.052512418108601015,0.6843911489123735,0.1289459349825542,0.20541220099912333,0.878090097468544,0.375,0.6363636363636364,0.5850746378664586,0.4937747285680576,0.7341787453695474,0.8457861048095104,0.6065996872448174,0.2843170346928424,0.4872861827180867,0.431931552411972,0.0,0.15153798072331393,0.6556069288128396,0.7777777777777778,0.926214243564747,0.7,0.4198005479345773,0.0,0.7674418604651163,0.0,0.5953132071865982,0.8038055487804847,0.986502833746318,0.6394232567452776,0.3308724261472319,0.5,0.3891475419006119,0.33507712669609596,0.5942915899274926,0.7286362619304279,1.0,0.24471142407619467,0.8673379027024049,0.75,0.21849864123246618,0.6121421103114375,0.9535521115887606,0.6502901040171497,0.0,0.8953514537028083,1.0,0.7960455860187335,0.11590971632092166,0.0,0.8237539986600028,0.28145540184793416,1.0,0.43918449605515864,0.845358287119755,0.04384183621008731,0.7926319476503912,0.373732020890684,0.6487203522609803,0.0,0.6666666666666666,0.4840277963796012,0.5096887062483209,0.05268449717177052,0.9142437074559037,0.17234732309105105,0.5764298802670782,0.21504502395628985,0.6728985612281206
attention_zero_shot,ENPP6,0.0,0.5576835298613435,0.6103430264397717,0.7965690398480704,0.399905709848625,0.42983952913447554,0.04471191928124866,0.37308297620231234,0.8235993315068891,0.715288010662837,0.04639560633028684,0.6231537954710941,0.22776706296625415,0.514113204109253,0.360891627426781,0.1713502932156875,0.4637426590035821,0.7469490603410248,0.30257491855712954,0.6942666961104708,0.385316709835451,0.15346410549417436,0.0,0.4968194977642512,0.48593361880569536,0.49164918431525273,0.0,0.16703362182539502,0.5103433550819972,0.09539837957241722,0.22145666643707065,0.10608635628483058,0.5378901332627323,0.21671992867591036,0.6350396173970039,0.6952671760787807,0.3113973843055662,0.3875971184862521,0.7355894658352395,0.44396280595633286,0.4290141115915112,0.6132959073053977,0.2575241109911722,0.30616369476583327,0.3040604427339475,0.6692568886822698,0.6022199905842355,0.23053955798599554,0.0,0.30750316540023165,0.2002823437480433,0.07075046127383694,0.814381669731468,0.7627376074902751,0.5614548292957514,0.44507022627444015,0.6190562253215882,0.229763813144526,0.0,0.0,0.21467230823664285,0.522940606857913,0.332359245313716,0.24857651017208252,0.27343416118929076,0.15283871746745697,0.1623107461149474,0.20404018963445966,0.3938397177806895,0.43302914798968095,0.22483581277011358,0.0,0.20897653533950655,0.36632669481199637,0.6607001970529446,0.0,0.15911098655742412,0.13103257716493752,0.13103257716493752,0.5895407497139852,0.7930050279457376,0.46121130802800214,0.37931507330459185,0.0,0.3615449955062808,0.0,0.8460731255397289,0.756487114402684,0.4425423794153988,0.7262823984502506,0.50113052436389,0.0,0.3225653133621612,0.17411666663805647,0.21055636838554564,0.05002397439792161,0.0,0.5509921956374406,0.6275411665083829,0.7474229934467178,0.5532416649599051,0.42271255356242543,0.3356603476713236,0.6328716460096763,0.16764711277586608,0.3858258024051203,0.5633798710765132,0.015825727045183945,0.13103257716493752,0.42135602906675096,0.7602431807647546,0.317818317207478,0.6050006516325123,0.736557860291668,0.7011244746753071,0.7818505955699167,0.5784660329066292,0.48364578291225707,0.3463538371650555,0.3737332858692562,0.6331653872038013,0.5948577452244962,0.7617655037624274,0.6892928525289196,0.5931676867663837,0.3648895086850278,0.3842707429949521,0.42841364087154765,0.5422638228102378,0.3051794725446374,0.35914892140406407,0.0,0.06581120125548519,0.626776081430478,0.3277659900949441,0.7368823827375105,0.31137769059019693,0.23570974543302783,0.0,0.6080670530529044,0.0,0.6467898082359524,0.8041890554466381,0.9136434191870081,0.6852763795205423,0.5329116714588844,0.3107400493057595,0.30277862324871974,0.3145650613872032,0.41757153499404553,0.4983845817161324,0.6285363383380668,0.47959558410311043,0.6619938762845764,0.15911098655742412,0.2547586114466153,0.43384294648082705,0.8019643571169419,0.4430104029244397,0.0,0.7185158041532783,0.9164926652077825,0.6178230952353989,0.05362768970066922,0.0,0.5563720231600741,0.16441950542091363,0.8005102557741469,0.16737969875265085,0.6889849132317277,0.11657648904789245,0.6261406704770387,0.3062051663712228,0.7602245369188575,0.0,0.2017221132377461,0.2595188302999182,0.16443380914954023,0.3223207563048599,0.7113679861975912,0.2324971179634621,0.445183239784423,0.21898471076888443,0.4426452592482056
attention_zero_shot,F5,0.0,0.5102762293658659,0.2525648013800014,0.8104261355150062,0.5643799364269331,0.5912890112400411,0.14221527835862352,0.18729315220212198,0.8843698092231018,0.5606640874313921,0.12327783407065925,0.4418676891641652,0.42872295331185206,0.8310933876664215,0.5509069813393028,0.7891964557447766,0.0,0.9214665868430405,0.5418991470947878,0.6956700037716637,0.31124478464675903,0.5579089689629365,0.0,0.684537078420695,0.14367459872695001,0.5479677610717255,0.0,0.7138320599677562,0.900798332115189,0.24192299298683034,0.5676767441930458,0.2122462534679259,0.6347797963705624,0.43212065690648643,0.7863149490874058,0.4767683729937017,0.13015216593848677,0.21383855358752532,0.8793665984895076,0.6864948007230998,0.35988383127615364,0.7853651652621519,0.5454166947717558,0.2728127166596412,0.2142424059325134,0.5900470973754273,0.6540561302127933,0.8126190717731347,0.0,0.7761309704965177,0.4122585751186471,0.1837746698307364,0.9575031817106191,0.7118512440587441,0.5834418635633263,0.0,0.5452374876974778,0.5376953954902263,0.0,0.0,0.5831994064750349,0.4894665399369671,0.4639743203593156,0.5620412387023582,0.6369800705293394,0.3637174749236117,0.33722401628384063,0.6295584214950075,0.309081497469699,0.8795408318541581,0.6984900762250993,0.0,0.5296578172677446,0.8594643038298511,0.34893045415730717,0.0,0.40088890885283335,0.5261309704965177,0.5261309704965177,0.6112491847916272,0.950868615668933,0.34175201842412223,0.753227148346919,0.0,0.7082357491348501,0.0,0.8121963268673765,0.9078035260597551,0.0,0.7711601983060642,0.5813120623961696,0.0,0.7024882734264999,0.30152080316642105,0.7050322344328648,0.2037173294741916,0.0,0.5512058791369533,0.6375306184559489,0.9138726275188,0.87953814871961,0.7045116718336255,0.7315550506508944,0.5879208259917097,0.4959306726447731,0.7920316923354638,0.733170999102865,0.05821427092270911,0.5261309704965177,0.4229642862991044,0.20499488751914474,0.7839200638761857,0.8863140975585956,0.850805024050677,0.9795999091662184,0.8935802694278921,0.20044445442641667,0.6771655423387966,0.29790463798822614,0.43089129568530465,0.9426050737189573,0.485659357381401,0.6445982278723883,0.6926312683346576,0.6408334477416674,0.9462179423473033,0.7847621796035544,0.7480438042628634,0.4532229331402343,0.5210223647322321,0.5235020816722473,0.0,0.14359916735915773,0.656473684956596,0.7366836889970152,0.8987663358175486,0.6875714430638808,0.4750082254930012,0.0,0.7565327426241294,0.0,0.6285942017999093,0.8347253211342557,0.975020971882677,0.6430624868150221,0.41819924273786624,0.5739610587234739,0.41706252019561507,0.5132447250516979,0.604658671634182,0.7176492731406303,0.9297321519149255,0.3325870103020203,0.842383808371824,0.7015079606620236,0.4353821459801079,0.6994207806032249,0.9304697479064497,0.7772745596883401,0.0,0.8720877412516918,0.9863997713383726,0.7808943068338369,0.14728950373959018,0.0,0.9433207254053511,0.38330504889397465,0.9655830948154738,0.5190165793181886,0.8284468095338187,0.18669537523042903,0.8526368051607177,0.5967380739291279,0.6499698144869325,0.0,0.6648701496325647,0.5286994295826115,0.5734493824747049,0.08962286594842794,0.9576408697687381,0.4212732653843875,0.6879004335623519,0.5051296027600028,0.8195003438649233
attention_zero_shot,CHST8,0.0,0.4507669951099928,0.3542181911139113,0.8597718690422826,0.4421068095675788,0.38075187913761005,0.06744440055609315,0.45815946419506165,0.8362596614225752,0.6458247780201511,0.0594652581953293,0.6573235690108448,0.2849427464564497,0.582284211347563,0.41012624376556045,0.3076923076923077,0.4134813989198495,0.7348262207824329,0.25988878486717054,0.7450039407267568,0.24833915102955958,0.25772564597629566,0.0,0.5411306524691528,0.4624503850943797,0.6773214361080654,0.0,0.29363692098225663,0.5909090909090909,0.043480005819983326,0.3100789758468737,0.04881076652012682,0.5473238594200304,0.2778387627516366,0.6684819983063635,0.6046494514474134,0.2634687775496862,0.38511206659767305,0.765630926652122,0.5011384894465284,0.5178161952724992,0.6987044289603576,0.2666262634633297,0.2275866798325502,0.24086319573318465,0.7524817767688745,0.7532668158968204,0.35714285714285715,0.0,0.4117647058823529,0.2614011778237696,0.09946306112222357,0.8429695114765657,0.8048619184909593,0.671035860179908,0.2861638468943912,0.46682678055328714,0.31032954897161974,0.0,0.0,0.30795894972064614,0.629505522061029,0.31374601716004497,0.32914224599917624,0.36205647059909385,0.21614036704588774,0.21602123666634324,0.308301730116581,0.3977693456757719,0.5263157894736842,0.33561369953236747,0.0,0.29337873477741433,0.47058823529411764,0.44668374900617297,0.0,0.06501537480112507,0.23529411764705882,0.23529411764705882,0.700712538905564,0.824655852734953,0.5778869536899327,0.4637172727424995,0.0,0.44211073133337453,0.0,0.8572883140118098,0.7875826615640185,0.28489442646902285,0.731429748029289,0.4567380112222993,0.0,0.4111876227719643,0.07705671799576382,0.2584992889016673,0.07545991758488053,0.0,0.6465435189033647,0.7692369295245344,0.7815084970658729,0.6214126721982153,0.4883587086807981,0.39948418275119,0.5315803234602179,0.25626942218566917,0.32841599978896685,0.535925676839964,0.022296926173891098,0.23529411764705882,0.5619514941948981,0.3074170628999569,0.33046019564103013,0.6933939442357149,0.7608379450614771,0.6883844844769789,0.7787994924932574,0.3560477509049232,0.673146525876191,0.3625374101673325,0.43269106611307107,0.618726731645696,0.5259849863699839,0.6132760327062474,0.5891311258787343,0.4899552087774196,0.3378170295135803,0.4728930524047552,0.41175365368911837,0.40867099327890927,0.3623551560348329,0.35290023040912155,0.0,0.08119623846141379,0.739484713365918,0.42105263157894735,0.7703247636468702,0.4,0.3013559005514005,0.0,0.6415094339622641,0.0,0.6186286390976234,0.7899196638759266,0.9257834615719126,0.6479601357323385,0.47438164716822645,0.5123394764270308,0.335601700807906,0.335562519533849,0.4642148557360472,0.5490259013788771,0.6896551724137931,0.6241819073366132,0.7005253151584039,0.2857142857142857,0.1450390300756831,0.4414280735409583,0.8280297422374723,0.43017406241028977,0.0,0.7507420984841159,0.9302325581395349,0.6539954664230736,0.07759198085825832,0.0,0.5221898325516683,0.21664990118795768,0.8333333333333334,0.2606663402366541,0.7190263740486101,0.03745200135260442,0.6150340123554192,0.2684504743942671,0.706832462146759,0.0,0.3125,0.33041667782776074,0.26869534963166153,0.5082377788893592,0.699969047599087,0.09361472208544196,0.4320571892770545,0.07769527911636409,0.42381223025937254
attention_zero_shot,IL1B,0.0,0.20752178588121678,0.04666586478830051,0.6827876130963467,0.54455671827362,0.5191346875223118,0.5921959803943083,0.045353459896425294,0.8670364656708897,0.41506859571636096,0.0547594611432605,0.23460730729409557,0.3140582793366277,0.4856843228524186,0.8364471645464578,0.2444096579546587,0.0,0.584294791806899,0.23472585689481865,0.6208157802115772,0.060928781060091454,0.219563714195425,0.0,0.6298291461606879,0.0761653340116083,0.30551346956488473,0.0,0.2380528596592746,0.4789032123825232,0.04208369559386049,0.2625841731863203,0.05340900826563905,0.32129860476469246,0.24848659108029544,0.7948057099338921,0.3517633012964971,0.03328613275991632,0.09836459489629179,0.6978851186601268,0.43219700873514616,0.3669707796270228,0.5470930754410982,0.236057804552388,0.07813081260300118,0.04327047667873016,0.49337475856967683,0.42220482897732936,0.28039015043300825,0.0,0.7332571222085459,0.7874049488453045,0.6983083759040314,0.770323230009279,0.7169001004971959,0.3195745019911426,0.0,0.2768872892166973,0.8035447051738466,0.0,0.0,0.25920820014559426,0.2235994576938266,0.3414884338746756,0.30413777248294466,0.32666649637057016,0.2515712987017838,0.25442710767512294,0.28416647508355813,0.1374071110992408,0.41877665996512203,0.33279913208414597,0.0,0.2517552353363884,0.37034138162888225,0.16788064974592895,0.0,0.058212251582650906,0.5502125093260869,0.5502125093260869,0.37448851425591734,0.7471257287658817,0.2226772944299288,0.37950913881020226,0.0,0.36602169822163494,0.0,0.7987445045041842,0.7153188260662848,0.0,0.7216657116556423,0.2739674132052884,0.0,0.3374794672049059,0.36207820367391425,0.21844268615303697,0.06595350059378295,0.0,0.33937540726672677,0.4444296416828335,0.7334836860126969,0.5494974062486108,0.7008066182676929,0.43625273889060157,0.4284473576226666,0.22272524454839104,0.2780331840950528,0.32382120192793745,0.024495441598893792,0.20367471496221556,0.4354372512581484,0.043256569292513695,0.27345906722526864,0.3189717550504022,0.8032444415492701,0.5925186739344013,0.7251123949831443,0.040748576107855636,0.3234112832672929,0.07386976675323534,0.162065869704747,0.5550942399573362,0.19552772636372695,0.31743546996761335,0.533626998572314,0.34852132370745964,0.27362024483958514,0.3831871928588251,0.3513269137881894,0.3833989083348661,0.31897902621507884,0.32061230278114855,0.0,0.4910420821172087,0.48094419993123394,0.34185358304204516,0.6952567605396216,0.7094099773750004,0.26543536688179376,0.0,0.5814698859848862,0.0,0.44831086141733045,0.8113986003252595,0.8892325395332837,0.4352868429821743,0.21033571371465873,0.21253013735187712,0.32949470119143426,0.2438074705790063,0.6273981247406643,0.47866904065128263,0.5802275877525882,0.3578919195765298,0.656204696593924,0.23277110281396066,0.3121191279455423,0.5311483576677014,0.8362089266616575,0.5363749558666702,0.0,0.8643204421246673,0.8888837732286263,0.5881066252468533,0.17923367148333397,0.0,0.432927391623652,0.19869686835302827,0.7522654616244783,0.2246482162919078,0.6725679767535914,0.0387039520163966,0.5407504269772722,0.2384213785861854,0.5143078106529879,0.0,0.6637318060584803,0.9112290424879821,0.8934590959313268,0.05303186049915541,0.6108225992857439,0.0804200675247429,0.37865201013089933,0.06666552112614359,0.35452914850195805
attention_zero_shot,VCAN,0.0,0.27530373978403366,0.13928545168840092,0.7135351930555585,0.47239012127672786,0.5136961807562923,0.19743664650333098,0.11602580224451675,0.8287825623420916,0.42181085018167297,0.06307806048418657,0.3193063374579797,0.2977693841111008,0.5075139828779514,0.5212134231328346,0.22365725052649701,0.0,0.6635397353157868,0.3663417705299912,0.6212758960293369,0.2298412141227263,0.19799259950104892,0.0,0.5243021951754105,0.0630362940131281,0.3024919774128267,0.0,0.32162347733366814,0.503140640336958,0.19957816918285148,0.6473835047104936,0.5655327488514517,0.378394929634599,0.23862000400691918,0.651451634903908,0.34987166805186937,0.08932240172705973,0.12198912532461346,0.7217861400145024,0.44452379944900977,0.2672852831738575,0.5416360582450851,0.28709433562802683,0.2214753161814018,0.1794234287226673,0.531326285848278,0.4327365557895542,0.2693244710837619,0.0,0.3897634765609765,0.41563436892093414,0.22186168496645636,0.7975788572303236,0.6838736600967475,0.41200952602496443,0.0,0.39298010089296703,0.4266498437179257,0.0,0.0,0.3212789135778058,0.33541365736834183,0.35425485815594876,0.27278581681623315,0.29650632262634036,0.22671387067778287,0.27270328985886877,0.24098227102029143,0.17079401757614834,0.4353870912919978,0.26043869478641224,0.0,0.2391445599479022,0.3789258004211976,0.1442452959797991,0.0,0.1774606599268593,0.2869760374297594,0.2869760374297594,0.4510497333555878,0.7755804027386665,0.25040918203541374,0.38819078066735174,0.0,0.37219808391032766,0.0,0.7972000919992905,0.7411787952928834,0.0,0.7264856348779006,0.40921892389600206,0.0,0.33922906364622774,0.3178532971587664,0.662478609196517,0.22100343671955414,0.0,0.4168041455921795,0.45531432577730124,0.7312174155608971,0.5425946719164672,0.5004251721075283,0.38905804595316773,0.44669770875398473,0.20451758487553634,0.3814037419407795,0.5075733542303077,0.03016551167575977,0.1789258004211976,0.3141231138108495,0.16000726992722666,0.34863182535905,0.41841496127033007,0.7339524433584345,0.6812197067012773,0.7799378400914043,0.11603196995217724,0.3227142390238125,0.17067456934024877,0.22228401698305797,0.6170260189424502,0.1704055242106644,0.315771500350998,0.4960628401748662,0.4590307546397107,0.37921732357617166,0.3928859589790894,0.43122936798782946,0.3410416838558634,0.31798605427952276,0.37777407650831535,0.0,0.15924450007900032,0.49347684583033014,0.3444780003829069,0.7215308657447871,0.42838603505368306,0.2571708441103922,0.0,0.5996163572932849,0.0,0.5067909513232257,0.8011627181909459,0.9158075121417901,0.4460735985136612,0.19298999905500736,0.18834294781178695,0.31054399740440136,0.39848962355946144,0.4441390969222047,0.6109815804135897,0.6118286252632485,0.29771723267519346,0.6490342960349088,0.21050094167199718,0.32385315769414774,0.46214435344352245,0.7960489454503951,0.4979226231483461,0.0,0.7340535090242828,0.9058978485486663,0.608159497368357,0.07093087450078706,0.0,0.5397718757196396,0.25694992702710245,0.782079228217964,0.20596256695092638,0.7087364500323333,0.16425618730483788,0.6139615037521745,0.3434251531196511,0.525988343339593,0.0,0.32449516902175796,0.3681214654118241,0.2807402234715202,0.04292503921808019,0.6926556215730557,0.21542906457369063,0.4460539978297994,0.21302480846461316,0.4441437681421364
attention_zero_shot,HIF3A,0.0,0.1940851013489047,0.05094888470931009,0.7235721303679694,0.4248848221213905,0.363697292121528,0.06559493805441655,0.1531830486389221,0.8340154266496347,0.47734288035848343,0.9027555059473364,0.23029533443999534,0.25616722817628806,0.5596472480070136,0.3890381851628251,0.23764930876155843,0.0,0.6555909237123239,0.22925707762599373,0.6170437433967204,0.06894146446149677,0.5499488769427128,0.0,0.5376605850689011,0.06107089561802753,0.44272274098954756,0.0,0.22790066145309953,0.5643710335780334,0.0520329683559312,0.26596690642506193,0.05429863488428903,0.3410759152892505,0.24675413660486298,0.659256492603384,0.3519113164170896,0.03296584731079475,0.07177981415620376,0.7590347651312741,0.4795694959327027,0.1610293193828052,0.5852669652055423,0.9040434745031508,0.0907611008904497,0.05001651899487157,0.5598225834453004,0.4641184907855844,0.2962916696260539,0.0,0.36573698157116885,0.22972949507242926,0.09330503792724298,0.8623310018760741,0.6715642486760406,0.33583058205285105,0.0,0.3086833939140094,0.2704305610721112,0.0,0.0,0.5789889160212822,0.21561217406789565,0.3590346634350709,0.29013910081526567,0.3206800587958199,0.18161933268235403,0.18689039109775085,0.2558075698200361,0.1457361458563608,0.491766205841039,0.28144072651043867,0.0,0.2506372567732201,0.42823698157116885,0.19079262761182392,0.0,0.07256590793780582,0.17823698157116882,0.17823698157116882,0.4011414770362747,0.8187730810599286,0.30974403616489005,0.4905093089816909,0.0,0.4084870378320448,0.0,0.7849278638352346,0.8240276672282265,0.0,0.7688397031518741,0.27897831164683146,0.0,0.6876269958646407,0.16075224310542147,0.19918535517102515,0.20305867876701889,0.0,0.3563404523712103,0.4833792744907359,0.7743183049522371,0.6003408472916919,0.4629798784430866,0.3600776505348685,0.37943998009214713,0.7148861766324013,0.36174086992308696,0.3469115419891469,0.02923599969975716,0.17823698157116882,0.4179669694923737,0.04528542002875358,0.2823573662751319,0.3476035654086659,0.7974373219122014,0.674450429616848,0.7740019755793868,0.04287985469052162,0.3524054312769704,0.6217879631878643,0.7000758828070586,0.6004687467072268,0.167752453243453,0.34258958525693506,0.39838911939544397,0.3502690769438758,0.28379094515706565,0.6148443460825008,0.7542715258895217,0.20697241734721722,0.9618722519023672,0.3785389107407333,0.0,0.08314504727102368,0.5809508882392798,0.38065509472992787,0.7630577726619774,0.3606206160599317,0.26878465461640444,0.0,0.6317652250988212,0.0,0.7122186955727603,0.7886463239718999,0.9242494972043996,0.5615288338222426,0.27523911431513964,0.19011944700924674,0.8848079281356562,0.19126337964490672,0.44572854657049976,0.5314028898058647,0.673278275183525,0.1995073642387514,0.6905768044983395,0.219368592702977,0.22441145567921222,0.4170563417712914,0.8232509578699525,0.4002559693914977,0.0,0.7433816133660199,0.928529622696396,0.760204529512691,0.2635830889013621,0.0,0.4949716385382061,0.1821477384593154,0.8273922963233717,0.7456340469226501,0.7426832637395337,0.0396580500191147,0.9328781135303362,0.23326016157558585,0.548942161174145,0.0,0.2567861136759134,0.2963420271180299,0.2137257905548092,0.09149761049121662,0.7695443512690803,0.7681417097850786,0.9320893173185449,0.08622118950806322,0.8945951759158352
attention_zero_shot,DEPDC1B,0.0,0.0,0.0,0.0,0.049235055201008224,0.08195725551438617,0.7142857142857143,0.0,0.025518973370904995,0.0,0.0,0.0,0.0,0.0,0.23786621396295893,0.0,0.0,0.0,0.0,0.010727635774562374,0.0,0.0,0.0,0.06076527091527973,0.0,0.0,0.0,0.0,0.0,0.0,0.0,0.0,0.0,0.0,0.02655211644012115,0.0,0.0,0.0,0.0,0.0,0.038431833151341306,0.0,0.0,0.0,0.0,0.0,0.0,0.0,0.0,0.2989493491407433,0.3392346154391427,0.35008493960860315,0.0,0.005466249463509038,0.0,0.0,0.0,0.18446083148782463,0.0,0.0,0.0,0.0,0.0,0.0,0.0,0.0,0.0,0.0,0.0,0.0,0.0,0.0,0.0,0.0,0.0,0.0,0.0,0.5048371883358456,0.5048371883358456,0.0,0.0,0.0,0.0,0.0,0.0,0.0,0.009306006976021535,0.0,0.0,0.0,0.0,0.0,0.0,0.2733848056395863,0.0,0.0,0.0,0.0,0.0,0.0,0.0,0.2690379637208563,0.0,0.0,0.0,0.0,0.0,0.0,0.0,0.054755909001732925,0.0,0.0,0.0,0.014455923322709617,0.0,0.0,0.0,0.0,0.0,0.0,0.0,0.0,0.0,0.04983288706083967,0.0,0.0,0.0,0.0,0.03787299416623815,0.0,0.0,0.0,0.13578337974399168,0.0,0.0,0.0,0.4444444444444444,0.0,0.0,0.0,0.0,0.0,0.015233121612997919,0.0,0.0,0.0,0.0,0.0,0.0,0.049733650911499144,0.0,0.0,0.07131453485419674,0.0,0.0,0.06534676696010978,0.04471094581481196,0.01490364860493732,0.06067914074867337,0.0,0.06818181818181818,0.0,0.0,0.0,0.0,0.0,0.0,0.0,0.0,0.0,0.0,0.0,0.0,0.0,0.0,0.5721842967813481,0.2569533470539194,0.35534998299021403,0.0,0.0,0.0,0.0,0.0,0.0
attention_zero_shot,GNA14,0.0,0.5781139654567755,0.4840259934591832,0.7923452483612927,0.4764404073336437,0.5399996277908777,0.14790207822887969,0.3469870881335244,0.83686806341324,0.6485986346371803,0.09322902236674513,0.6149569587300895,0.4083550063962827,0.5664967361627976,0.49075520034002285,0.3777501399167841,0.24055272302381184,0.7701829357562464,0.49657929621049424,0.721202962430009,0.4620237756404353,0.3306807824971962,0.0,0.5361750829170595,0.35875361060553995,0.4978229486113808,0.0,0.3650437948612988,0.5708621654598511,0.2983737287110937,0.4396496720394057,0.21216132305781285,0.5942019202413791,0.3225646366148095,0.6743423852739007,0.6655940888504551,0.298803500308272,0.410273884479203,0.7382913253153163,0.5023762097678437,0.5236920474393391,0.6366940677218044,0.42918989832771315,0.39992598515782,0.38562031372965955,0.6771640297417375,0.5868335524169466,0.4073810856350325,0.0,0.43979178326398677,0.39674902230738873,0.2730584316392567,0.8089726450707646,0.7965018966420339,0.650508272829433,0.24741186261198558,0.7393346541885516,0.5188429774906171,0.0,0.0,0.36177780165492146,0.6302827493301936,0.4563107006559118,0.4093374711963161,0.43965876535900617,0.33737263437817283,0.33004997212679976,0.41128277769554855,0.4576645738526873,0.5213462614744493,0.44070385748763075,0.0,0.3469984367379065,0.4814584499306534,0.4806037075162676,0.0,0.28892034212744316,0.3147917832639867,0.3147917832639867,0.6623166450902157,0.7894560404998897,0.4734952956803299,0.47475234021172036,0.0,0.4579806512989628,0.0,0.8594873590996792,0.7569877266794489,0.2322646386107641,0.7423062220516862,0.6246138972186603,0.0,0.43625019458425807,0.26821151201087945,0.4369950744205077,0.125274142547104,0.0,0.6272151944500577,0.6047999153738745,0.7664697924382727,0.6427182900650734,0.5180354288994349,0.5883790215298306,0.7631553604699715,0.32149597192774315,0.5499398507933944,0.6352952232892871,0.04874707786391445,0.3147917832639867,0.4644906395854219,0.5083370999221141,0.5206681472576848,0.6684612502176126,0.7387021598477939,0.7593708807479991,0.8022116820358146,0.4590621614665039,0.5049887520998131,0.3433407981009756,0.4551921034193014,0.7510515374183703,0.5279972350048939,0.5902053827974315,0.8666621843369231,0.8657660339417126,0.5710524395942592,0.48195792023817724,0.5586281404353866,0.793351230818494,0.3891582272477764,0.44691143059316873,0.0,0.24040369986346463,0.609725322581002,0.44442318455137236,0.73970358786033,0.42796306660502526,0.3438709445065734,0.0,0.6259167133055946,0.0,0.6893491175111156,0.8094108911024009,0.906662667894346,0.6337575519595574,0.49350174064683666,0.40264896466731515,0.37992567112493036,0.48222715118691356,0.514177175736326,0.5421645082522948,0.6543056332871022,0.5189837515292656,0.7029275793110067,0.35976203801598483,0.3575855693075671,0.5489530369224953,0.7981470036064505,0.5741010639005784,0.0,0.7583089060871994,0.9084926676348212,0.6357282259476122,0.14729291168661843,0.0,0.6564692475776436,0.3147707313029399,0.7959836524317324,0.32721781780123493,0.7176237683042626,0.19568308907464999,0.6894665243546092,0.4623426756775548,0.7014988339507416,0.0,0.37195664340589923,0.4762148815999555,0.4285908960508551,0.2530538195418927,0.7628434988270217,0.31758533131454414,0.549675522114837,0.32883615826841667,0.5825604978138749
attention_zero_shot,COBLL1,0.0,0.2873565534826406,0.06978467659338408,0.7906092344840793,0.5647174090558797,0.4700263720726642,0.3089255945131785,0.060000431579553794,0.8893256576714706,0.5260690772621549,0.0980305899236592,0.3034964101009222,0.43124304843403044,0.7830864494223211,0.5001309592947462,0.623208840664577,0.0,0.8111072747162821,0.32764854739141647,0.6650625789402099,0.08940787189441197,0.4120589025584488,0.0,0.6480145194773811,0.10676455359516238,0.47015812529134127,0.0,0.5500242768198651,0.8492835362658309,0.08896972034646408,0.456987120071149,0.07987655704432851,0.48078624055516783,0.3543898710811329,0.8871928833731466,0.4329634579671247,0.0386562721859151,0.10392957571195945,0.863682263778128,0.6364394257012435,0.21112762357592932,0.748195229282654,0.3558283128094836,0.13232008132871875,0.07198263706929535,0.607943311473993,0.60535588630721,0.677036149141066,0.0,0.6739253043987462,0.3327221454943991,0.15554815794719257,0.9455156864642643,0.7099384043625626,0.44746307555923054,0.0,0.348663129583225,0.5464633705840004,0.0,0.0,0.4658727573899782,0.302857549398141,0.5002745173691425,0.46535883039795595,0.5369524966130261,0.2757706343463009,0.2641520713067996,0.49803824559693394,0.1650770911093715,0.8116044203322885,0.567674692945038,0.0,0.4214433195937973,0.7739253043987462,0.2385505898245933,0.0,0.13414802358297132,0.3739253043987462,0.3739253043987462,0.5109518170718217,0.9371424652478537,0.25846896728289775,0.6769511265414252,0.0,0.6310459422214467,0.0,0.8047923988352721,0.8926292950627303,0.0,0.8093799288607745,0.3814315599960214,0.0,0.6125388845712882,0.11878396035177753,0.4305824073793487,0.151875770406703,0.0,0.4719240274330436,0.5981591831511351,0.9334490075327732,0.8366306590074241,0.6462469089184506,0.7199526258775517,0.4627058016553483,0.3742031913616035,0.47399921711112614,0.511852130366016,0.04513266479592472,0.3739253043987462,0.35039533971209363,0.05518882306808117,0.7350366742039017,0.5953604596837289,0.8774397458920461,0.8571972413409165,0.851910048710726,0.058689760317549945,0.5833203487008614,0.12079199277763689,0.21076074191173602,0.7956980431894931,0.3399320949079511,0.5528037888562473,0.583655250137069,0.5074052685078551,0.5715917240227496,0.7074703147755821,0.5497288442055022,0.28039641193108156,0.45717762004447016,0.41603036346201616,0.0,0.14230549314809546,0.624130832852556,0.6449377536656219,0.8818796851580778,0.5953271572298048,0.3937931179437638,0.0,0.7334620226953795,0.0,0.5703920981967808,0.8147828436894282,0.977333766002046,0.6001226992036651,0.31596864764992405,0.41547256044305136,0.38003712526839123,0.31845348068979434,0.5606263729663631,0.6769699854374343,0.8972387747267028,0.2448227017231268,0.8195748087506164,0.5341790062839232,0.2122418326286285,0.611983731786845,0.9187750084612389,0.5829780335691503,0.0,0.8547930929294548,0.9814692872457988,0.7567864499694779,0.12462198330253503,0.0,0.7218711191310295,0.27645001320239415,0.9518990009359034,0.3909927923736575,0.8990580681024398,0.04864372932696131,0.7414243601827752,0.35362975674938985,0.6263702038758789,0.0,0.5265836715541625,0.44442611053785996,0.4307073987725708,0.06793971917994451,0.8496153823468633,0.1506250531240371,0.5383515496203947,0.15950783221344933,0.5929333962470644
attention_zero_shot,C1orf87,0.0,0.0,0.0,0.0,0.0,0.0,0.0,0.0,0.0,0.0,0.0,0.0,0.0,0.0,0.0,0.0,0.0,0.0,0.0,0.0,0.0,0.0,0.0,0.0,0.0,0.0,0.0,0.0,0.0,0.0,0.0,0.0,0.0,0.0,0.0,0.0,0.0,0.0,0.0,0.0,0.0,0.0,0.0,0.0,0.0,0.0,0.0,0.0,0.0,0.0,0.0,0.0,0.0,0.0,0.0,0.0,0.0,0.0,0.0,0.0,0.0,0.0,0.0,0.0,0.0,0.0,0.0,0.0,0.0,0.0,0.0,0.0,0.0,0.0,0.0,0.0,0.0,0.0,0.0,0.0,0.0,0.0,0.0,0.0,0.0,0.0,0.0,0.0,0.0,0.0,0.0,0.0,0.0,0.0,0.0,0.0,0.0,0.0,0.0,0.0,0.0,0.0,0.0,0.0,0.0,0.0,0.0,0.0,0.0,0.0,0.0,0.0,0.0,0.0,0.0,0.0,0.0,0.0,0.0,0.0,0.0,0.0,0.0,0.0,0.0,0.0,0.0,0.0,0.0,0.0,0.0,0.0,0.0,0.0,0.0,0.0,0.0,0.0,0.0,0.0,0.0,0.0,0.0,0.0,0.0,0.0,0.0,0.0,0.0,0.0,0.0,0.0,0.0,0.0,0.0,0.0,0.0,0.0,0.0,0.0,0.0,0.0,0.0,0.0,0.0,0.0,0.0,0.0,0.0,0.0,0.0,0.0,0.0,0.0,0.0,0.0,0.0,0.0,0.0,0.0,0.0,0.0,0.0,0.0
attention_zero_shot,F3,0.0,0.5775335351355133,0.4240975383434217,0.8385730091990762,0.6249056553820629,0.6670268948404967,0.1617200701958744,0.27974565702543375,0.8771214696420895,0.8159022562343241,0.12941394132334824,0.6217290113657585,0.5314688543142502,0.8644672816564598,0.5927323675697036,0.7720010974786414,0.1826168075221725,0.841182244399075,0.4893539728991933,0.7380783154052465,0.20531518648099267,0.6366676770627644,0.0,0.7302037490429778,0.3864586829185497,0.6814283088114038,0.0,0.7331137913770504,0.8540807023863306,0.11728919275032124,0.6327650902867712,0.12172844974678312,0.6728104804915696,0.7251910826389453,0.7915502244170446,0.8274420427051262,0.20723181847461355,0.4285993738640475,0.8705970427778932,0.727312232239733,0.4956873819041683,0.8298666547183116,0.5363455052229109,0.1843539267540264,0.17807675968347003,0.7143649972479846,0.7443763691933025,0.7854127976269566,0.0,0.7676008779829131,0.4978953661421119,0.21775490548754198,0.9325558041723899,0.7849200419339062,0.6706580123899702,0.19649849561955757,0.5769535819888398,0.6071707054813559,0.30351133768469124,0.0,0.6456017092886609,0.6183717607570421,0.55219258871572,0.6975555300960679,0.718087722261779,0.5092985095972351,0.5069258414108311,0.679657348582007,0.517045403028903,0.834182616348103,0.7222019343250601,0.0,0.8032801710244956,0.8176008779829133,0.6426104977022035,0.0,0.2540927072579318,0.6176008779829132,0.6176008779829132,0.6763772675899433,0.931796833064584,0.5502349740801461,0.7537533453021147,0.0,0.7231381459597,0.0,0.8458517209161375,0.8874038211467886,0.17432165549048526,0.7850986201211114,0.5848613595126028,0.0,0.7206856528303281,0.1573572550578672,0.6572634832676284,0.19755928276648874,0.0,0.6483766554362912,0.7594486790916674,0.8907356255833392,0.8451292081659262,0.7179234231346604,0.7105087484644375,0.646949950338529,0.5859741740596368,0.6353647314677736,0.6828440984491414,0.2298863644449435,0.6176008779829132,0.5913827119178362,0.2797618986860122,0.7080948757467793,0.754248366333761,0.8469360099968111,0.8582997305912309,0.940514741553605,0.3351502604118852,0.773914454117094,0.19442000004071974,0.4771868050481931,0.8155702881523983,0.8504980708982489,0.7936371828941166,0.7220779912447094,0.6479429453073272,0.7240573700987131,0.7743425481631899,0.657159053640529,0.5399388033225028,0.5760302175511202,0.6767748801721881,0.0,0.14264276468549822,0.7432917661764195,0.743273525439012,0.9063816811836575,0.7109572852025332,0.6865350820171656,0.0,0.7562860278510405,0.0,0.6894733715580023,0.826775390444409,0.963197335229245,0.8061351450957887,0.7290777484084566,0.6994301900495492,0.49270464163076405,0.5578555823952367,0.7164606665323258,0.7496117929235505,0.8860005487393208,0.5628691408301509,0.8461282766137529,0.726589268215192,0.3733774430952354,0.7137326156997507,0.9302347221764167,0.7574189032875548,0.23823850862769977,0.8559109133842179,0.9723637693913505,0.7768806810459399,0.27756141675654994,0.0,0.7735027237369742,0.49591709967411823,0.9360003080641801,0.6047580920070315,0.818944735943972,0.08986549325033069,0.7699605724171337,0.6636853628690607,0.8509473019711494,0.0,0.7027377662978033,0.59330123233401,0.6459919251698254,0.3102557558203581,0.8524595455713065,0.17172370145451618,0.6280529112722517,0.181586801176768,0.6961422636778397
attention_zero_shot,COL8A1,0.0,0.7769019909649023,0.18401547900329873,0.8547912318800704,0.8178873551325704,0.7567662516843369,0.21245524624132636,0.1722943739052248,0.8940886598993263,0.7789280017329573,0.16633640454624174,0.7397060539918202,0.8077177273163328,0.8939719300541574,0.8035392696656328,0.9,0.0,0.8895721187830218,0.7814089025362383,0.7848764572102042,0.1833297417307551,0.8616825712094884,0.0,0.8378058513903376,0.3338550945984004,0.8300403369521292,0.0,0.8902582332561925,0.9101123595505618,0.14316587282189613,0.9793285001946835,0.3717623942441332,0.8248132421860112,0.7922637929145568,0.8619128825853105,0.7592828369441095,0.15517732906596163,0.6306248657408945,0.8981922593053587,0.8524009507432897,0.685337558813711,0.8758615658083584,0.8115832237672091,0.16506844123591097,0.15082774121608655,0.714017825197478,0.84,0.9012345679012346,0.0,0.8928571428571429,0.7872982724675971,0.3117531612417465,0.932279920244551,0.7478039869386722,0.7989478692055253,0.0,0.7277673739301347,0.8407556188469173,0.0,0.0,0.8845189680993782,0.7659816736461219,0.7152760757094209,0.8454059484492346,0.8648405679538146,0.7794940029187879,0.7745181294683999,0.8719182072854985,0.7145382892850484,0.9069767441860465,0.8839737252110588,0.0,0.8427381071627921,0.9047619047619048,0.7946824943190178,0.0,0.2022700549368338,0.8571428571428571,0.8571428571428571,0.8037432833477615,0.9282985996191656,0.6393530244695498,0.8833870764499147,0.0,0.8733307425767892,0.0,0.8175574194566756,0.9104210621705568,0.0,0.808019291908473,0.7858235955142735,0.0,0.8761350856947044,0.22205551225468684,0.9730009050101149,0.27695795204153756,0.0,0.7722391332380529,0.822429906542056,0.9129280827514739,0.9049110696468128,0.8636775014295909,0.8734446397129172,0.7664604233831765,0.8405217062495792,0.8510992726769125,0.8421096228543569,0.08122451677631765,0.8571428571428571,0.761380697161779,0.1676726386895142,0.8699798061357475,0.8768031682815963,0.8824369284963416,0.9050007175467057,0.8879059338929247,0.18204304944315045,0.871769097576135,0.19308344632494367,0.7536932373194069,0.8923897108182565,0.8470588235294118,0.8636363636363636,0.8319741521374142,0.8035681875706533,0.8843984635206902,0.8903202419321277,0.8462967203862052,0.7416722611846011,0.8085001003783655,0.7598331163044321,0.0,0.15938400488657406,0.8194853932501082,0.8837209302325582,0.9068934372773677,0.8735632183908046,0.8099639288817851,0.0,0.85,0.0,0.7949759920713563,0.8242278842514694,0.9647300353349761,0.8294656531934854,0.8091452084182554,0.8674698795180723,0.7117561309390655,0.815066696078325,0.8156206144568552,0.8550579073358893,0.9166666666666666,0.6626882602939698,0.886939508825545,0.8888888888888888,0.35355964123102596,0.8375550742910179,0.9207853516455415,0.8560255604375788,0.0,0.8958263558739866,0.9591836734693877,0.8624636021959534,0.2606999823029668,0.0,0.8849731426509894,0.7796441814027665,0.9338842975206612,0.8482867495871678,0.8967105749206061,0.16709575247303735,0.8677955328477485,0.8062334659596876,0.7975370153539844,0.0,0.8795180722891566,0.8289175754966741,0.8639026302825981,0.23957581871794584,0.9009411791310982,0.20060859211966497,0.822578872461428,0.2044616433369986,0.8638631255107285
attention_zero_shot,KCNK12,0.0,0.30994022435299867,0.1566275265521161,0.7592189855998549,0.43719903983130814,0.4651031845408171,0.07113199084201954,0.12457357206929599,0.8405494796418445,0.45266220834972454,0.06393220774233395,0.3036474128378688,0.2673345079849639,0.5857860452687772,0.40247118726394676,0.2654068719467285,0.0,0.7369487199602922,0.7690894820971722,0.6728811492505367,0.22761324004748767,0.22005410486740265,0.0,0.5411763602678981,0.12499473315243974,0.33805112199841814,0.0,0.2525327070971339,0.5959737795707006,0.49634801429795417,0.28450306157508265,0.13045036077937702,0.41621638367220004,0.2583999893041287,0.6735102255225741,0.3619016783859563,0.09047240289087224,0.11775540137430118,0.7735386011208633,0.4984403022157377,0.24183871363143278,0.605671679314319,0.3602657854463324,0.19069228809966063,0.1304774226607537,0.5535487270183376,0.4812734061746456,0.3266229659511678,0.0,0.39463170609426756,0.24074480549271596,0.09955077835806052,0.8530597550493515,0.6967814279438093,0.40922726772641804,0.0,0.4682552255048444,0.2873362834394824,0.0,0.0,0.36651550388293375,0.31884232326813117,0.44692857307875333,0.3080302501697945,0.3422558335219939,0.19120791802687964,0.19510246456139807,0.27737366689305937,0.21285785260232243,0.5246750347890596,0.3063781988522781,0.0,0.2673910011441955,0.4612983727609342,0.2130094369089828,0.0,0.20424549321949947,0.19463170609426758,0.19463170609426758,0.4545613438022255,0.835188950825396,0.26002702671541916,0.5716451028981853,0.0,0.43229558403741264,0.0,0.8310209486838736,0.7965761327375103,0.0,0.7770143405830334,0.3972372114550282,0.0,0.39684600260296105,0.31072489728634384,0.2900588338413433,0.07838021355146325,0.0,0.4152073017609267,0.49788093661615823,0.791158348776788,0.628175211190317,0.4842064290318225,0.47562318021737837,0.4590354348516896,0.22471466861818876,0.46285598053250543,0.47326568004398106,0.026696434906285208,0.19463170609426758,0.2825012783991759,0.14961867115667782,0.40079071808404254,0.501773759915913,0.767051346209885,0.7665673099553287,0.8115298451850471,0.11671171041114256,0.47208443593623034,0.1954902436448801,0.2462156766029572,0.7031029784187185,0.18246722446337585,0.36418292586389545,0.4880519581468666,0.4610648276294357,0.46643956561218003,0.46540759108383983,0.4929448517612631,0.30587011903214956,0.3500857044308219,0.4433911297508807,0.6090830051609369,0.08909733738875739,0.5345755688335508,0.7573966584404948,0.8360178302331134,0.38441531063411183,0.5681373946865398,0.5430926622428395,0.862334160838242,0.46858766079758135,0.5109364363792296,0.8593066566059444,0.9311379234785644,0.5760302737941122,0.2959617394968056,0.20853397081528668,0.3485717954545601,0.26399400694989794,0.45999000303843907,0.5495570345355973,0.700721318200519,0.24144803165181958,0.7078100020159225,0.650788304944809,0.45141493495500773,0.551476533583903,0.8367499706600322,0.5116166022922204,0.0,0.758684736000762,0.9363738235544411,0.6588351797052048,0.1661177995288892,0.3804289786916724,0.6384022879750844,0.8408852380692137,0.8446052998348849,0.3131035937331428,0.780123364473041,0.6910918283745879,0.6786867007625563,0.36055233771924455,0.5593934501139665,0.0,0.27996254224385814,0.31216924074382746,0.23248643567681732,0.11076001322379204,0.7701084793088484,0.27299043224328445,0.612701704758858,0.27409817146620313,0.517750606777086
attention_zero_shot,CENPF,0.0,0.46303130387892494,0.12381919069402059,0.7989409841849864,0.6263548622509504,0.5197065472448084,0.25755565798010027,0.15203612959551144,0.8824529067405141,0.6359549146401676,0.1307598046435888,0.4395370169571895,0.6757939724492373,0.7555575472331244,0.5753207246920402,0.6928365290899806,0.0,0.7816225996327582,0.4827955436027555,0.7138246488886549,0.12885707211167804,0.6617164534459552,0.0,0.7460082796264264,0.2567890938193426,0.5806858366893417,0.0,0.6663856365745994,0.7849855703629863,0.11855015973819115,0.5982552367081097,0.1302761636015981,0.6290949090785113,0.5028889521807312,0.753755951166014,0.5463405517645479,0.08237047633350217,0.2691326191266512,0.8316685340800715,0.6688425713777428,0.3853312297168778,0.7383710775603283,0.5647244229589704,0.14405164429209366,0.11209000494937797,0.6322009721780286,0.6475504173387705,0.7067985050404361,0.0,0.7019826844355836,0.4900054396697002,0.22097101871438848,0.8973382403205239,0.7293362186199278,0.547423269059564,0.0,0.500267678383831,0.63987217511016,0.0,0.0,0.6638838745726244,0.4595438200463914,0.6151830668828351,0.6413943577012018,0.6872082403941447,0.5185389511590586,0.48156518962025796,0.6896732292414421,0.40660817834587587,0.7610950781810959,0.663307762641978,0.0,0.5762248462488032,0.7419826844355836,0.5286672857758858,0.0,0.16640346595914962,0.5819826844355837,0.5819826844355837,0.5808637462012618,0.8864108572507338,0.4067535223193526,0.7842173724744982,0.0,0.6758667733407945,0.0,0.8305852855488207,0.8529504433852099,0.0,0.8438646091048635,0.5086525766700667,0.0,0.6704756987974599,0.23732874310843616,0.6118981555548445,0.1898807654203454,0.0,0.5424633648743183,0.6364493148101998,0.8942250104106044,0.8461897501884015,0.6781500641506041,0.7778314675402198,0.5832786270331995,0.6725262488905307,0.6015966588433758,0.606777345863346,0.06736042512020184,0.5819826844355837,0.49780626950098095,0.10028424544901629,0.6870517336205668,0.6649866512261805,0.8159350259305855,0.8084437995977828,0.8290224130856242,0.11809278229359006,0.7220412775913125,0.21670461363774576,0.4120476613387384,0.8204085257532351,0.5595987350342151,0.6396402452030894,0.6297668817821372,0.6670614632662809,0.6647766492961199,0.7145510056780248,0.6763456975021301,0.470054582299301,0.5585276140504978,0.562138977119004,0.0,0.14201707839881875,0.6760801642119091,0.6870210041070218,0.8853515833025836,0.6624845396746283,0.5338907550222115,0.0,0.7303207723096654,0.0,0.6557485895362377,0.8626734807819182,0.9504539709650109,0.7314967365517411,0.5911672857758858,0.606231962953733,0.5855875163167288,0.569623066368963,0.6128202528012909,0.6922203176546579,0.825663975969989,0.3618386614125568,0.7921061408921513,0.6613439595858905,0.36280601176984173,0.7026141225521544,0.8796788103031278,0.6455732930650556,0.0,0.8664442986752354,0.9529165482546686,0.7472867537828105,0.26088982725027005,0.0,0.721316346629051,0.46154900955978906,0.8959607598530579,0.7417713201754889,0.8989950688901738,0.09723358654930456,0.7348062466542753,0.5155670425041334,0.6468739866115883,0.0,0.6478986296203997,0.56999951686617,0.6046955221851136,0.20511386585413638,0.8075737156446716,0.16775336012996064,0.6980633982310352,0.1744724959779381,0.654749948608231
attention_zero_shot,SLCO1C1,0.0,0.0,0.0,0.0,0.0,0.0,0.0,0.0,0.0,0.0,0.0,0.0,0.0,0.0,0.0,0.0,0.0,0.0,0.39285434941803726,0.0,0.0,0.0,0.0,0.0,0.0,0.0,0.0,0.0,0.0,0.4292660961518936,0.0,0.0,0.0,0.0,0.0,0.0,0.0,0.0,0.0,0.0,0.0,0.0,0.0,0.0,0.0,0.0,0.0,0.0,0.0,0.0,0.0,0.0,0.0,0.0,0.0,0.0,0.0,0.0,0.0,0.0,0.0,0.0,0.0,0.0,0.0,0.0,0.0,0.0,0.0,0.0,0.0,0.0,0.0,0.0,0.0,0.0,0.0,0.0,0.0,0.0,0.0,0.0,0.0,0.0,0.0,0.0,0.0,0.0,0.0,0.0,0.0,0.0,0.0,0.0,0.0,0.0,0.0,0.0,0.0,0.0,0.0,0.0,0.0,0.0,0.0,0.0,0.0,0.0,0.0,0.0,0.0,0.0,0.0,0.0,0.0,0.0,0.0,0.0,0.0,0.0,0.0,0.0,0.0,0.0,0.0,0.0,0.0,0.0,0.0,0.0,0.0,0.6888604567673074,0.0,0.0,0.42180491729415287,0.0,0.0,0.32657232708339395,0.6227609585548344,0.22090326228885002,0.6900259275636577,0.0,0.0,0.0,0.0,0.0,0.0,0.0,0.0,0.0,0.0,0.0,0.0,0.0,0.6151193613399846,0.0,0.0,0.0,0.0,0.0,0.0,0.0,0.0,0.0,0.4800660968782829,0.0,0.4945923006988842,0.0,0.0,0.0,0.5635985355572923,0.0,0.0,0.0,0.0,0.0,0.0,0.0,0.0,0.0,0.0,0.0,0.0,0.0
attention_zero_shot,LRFN5,0.0,0.25458839625725727,0.052718857001768475,0.8098414492671719,0.5344672903818809,0.44327389829514463,0.10265242193204174,0.04780409082181837,0.8920647488307017,0.5356749526585011,0.09279215407690143,0.2840420618200417,0.341661257007497,0.8759592996691092,0.5105817910224071,1.0,0.0,0.8668545360080474,0.30508755505342716,0.6646074662841208,0.08151430602595724,0.39688933026617107,0.0,0.6774215896126246,0.06491626839413348,0.4795834224365348,0.0,0.7036389645838644,1.0,0.08152501091246873,0.4668421685486083,0.05562833386292012,0.49160341221594483,0.33651800665541454,0.7959415692913635,0.4327392394180652,0.027679490428272994,0.0681583664919696,0.8994213473432332,0.676764658642119,0.1840142129794522,0.8026964411584432,0.3332611847559459,0.1308151509635627,0.05811346990639616,0.5585111987344703,0.6363636363636364,1.0,0.0,0.8333333333333334,0.31003523093829544,0.1305896409454456,0.9855707786577859,0.6970592520743959,0.4497630418432969,0.0,0.3385278200051496,0.43884091612505766,0.0,0.0,0.4814025055865346,0.2777231281412411,0.35095643225646794,0.47646631018017066,0.5823477124424308,0.2383488398402857,0.23312276409042393,0.5401882353303128,0.12012106279478914,1.0,0.6739638385035759,0.0,0.41609534303257006,1.0,0.17816207561774025,0.0,0.15170254120262516,0.3333333333333333,0.3333333333333333,0.5226654410833533,0.9817939500701638,0.2446380422857238,0.7738062727592491,0.0,0.7024032808485672,0.0,0.8006266551023841,0.9324393849815011,0.0,0.7669928493723607,0.3712636169482416,0.0,0.6915280506043651,0.10072532013860884,0.4271977244853352,0.1760731410313879,0.0,0.446727546323657,0.6206896551724138,0.942401020668912,0.943781965143573,0.6991053208988468,0.6655204061137555,0.46598727702693443,0.34726538263482043,0.4896735995568304,0.5338632359000589,0.031587312079679054,0.3333333333333333,0.33688847230653013,0.043746507885446435,0.5640405030769345,0.6756340590271606,0.8635672578949649,0.9306553248790123,0.8768113494697625,0.03792563530065629,0.6493234987915262,0.12072861191410555,0.16359179052539294,0.8716737868089938,0.2857142857142857,0.6,0.5632364609120618,0.47076448895751477,0.6810144944434569,0.8286512275661226,0.5803729997278052,0.2556897160805561,0.4616504918539911,0.41360676378010014,0.0,0.1481193902815986,0.6457671267789207,0.75,0.9244574398400981,0.6666666666666666,0.38353808218048835,0.0,0.7619047619047619,0.0,0.5846635547441403,0.8030789026648569,0.9864028547370315,0.6255549204662498,0.2794010743124036,0.4,0.3749416707820215,0.27966688725410394,0.5792653525173997,0.7173294395108624,1.0,0.2267283627446755,0.8635475570653307,0.6666666666666666,0.20284809482251226,0.5917285371699341,0.9527372363534757,0.6253108257326604,0.0,0.8929730776505994,1.0,0.790678364598174,0.09770996480185788,0.0,0.8101966139415414,0.23918807254487148,1.0,0.3690825580620535,0.8421365847680833,0.03549129186491229,0.7852259457807624,0.3319808222833963,0.6416947593061999,0.0,0.6,0.44717263897814413,0.42797015728970766,0.03718905682713213,0.911067548472789,0.16544651200194022,0.5571766930064909,0.2108754280070739,0.6456401079971307
ig_lora,MS4A4A,0.0,0.5807059728947072,0.1468607557413981,0.8400939459746674,0.6792996889297402,0.6023384987822462,0.1993615594724753,0.12181868181445576,0.902631836357766,0.6606855423273662,0.15703890655852398,0.5285155041253934,0.612741915886763,0.9358410170702289,0.6862703788605173,1.0,0.0,0.9123188407857874,0.5998988953337915,0.7185786786062164,0.14966607538901483,0.8190667990798512,0.0,0.7824471185759562,0.25004784862925494,0.7308190116051042,0.0,0.9477009937500938,1.0,0.1449333527332778,0.7913730224755424,0.14820359121577578,0.7212018712151956,0.6267913787436707,0.8469561769685227,0.6017105298041735,0.09127586541143905,0.3239580305922133,0.9221326560076645,0.8098615639071288,0.4270738091132324,0.8773518418011945,0.666630592377973,0.1635756632991428,0.13229650784721575,0.6168210404110498,0.7777777777777778,1.0,0.0,0.95,0.6118948174027912,0.2679358044169208,0.9886786109468781,0.7144410982668485,0.6637440811264592,0.0,0.531457205836981,0.7530900030950254,0.0,0.0,0.811419092940558,0.5666338768847446,0.5224019029811745,0.7696451764792751,0.836570843999212,0.5823203315253179,0.5313528002774812,0.8620564705990938,0.44428698702828795,1.0,0.91420101013252,0.0,0.7567063929302376,1.0,0.6043002586307638,0.0,0.21416829346252964,0.8,0.8,0.6897325367041797,0.9861140297145317,0.4073313870241833,0.9057526136496872,0.0,0.8690574435733696,0.0,0.8079335316169564,0.9482035284858176,0.0,0.7847216543114202,0.6227581701689449,0.0,0.8792935850190994,0.18847976490654936,0.8492625590750883,0.2485738461619595,0.0,0.6227687815843116,0.7441860465116279,0.957062579044098,0.9709217061087447,0.8395228378127183,0.8691166806532087,0.6217409878940786,0.7445821062484079,0.787363999815346,0.7669316179500295,0.07580954899122971,0.8,0.5749285078888013,0.11329521747622694,0.8546801676923115,0.8820487487371493,0.8886996051248398,0.9568938506004672,0.8981032149935072,0.14003311495626938,0.8627787603966841,0.17824987339324597,0.5184316369691656,0.9261152105869964,0.7619047619047619,0.8333333333333334,0.7485300835554295,0.6765782988073702,0.9160564459061729,0.932950480351961,0.7829515515833475,0.5228780231285616,0.6833238187376418,0.5960402150485135,0.0,0.16769859008415006,0.7469765191278005,0.9090909090909091,0.9433430798800736,0.8695652173913043,0.6712203104962604,0.0,0.8214285714285714,0.0,0.6964849053899486,0.8127862807025048,0.9876804388556997,0.7566106983030624,0.6530449617059721,0.8421052631578947,0.5284647691864373,0.667538563348048,0.7229308419017023,0.8214712249542289,1.0,0.42004627205850664,0.9025339693323792,0.9411764705882353,0.3164594687614373,0.7649346123099622,0.9620566545372974,0.8126554128663301,0.0,0.9188071623556271,1.0,0.8470341895140502,0.22001229500996647,0.0,0.9086131844903718,0.5827805559117037,1.0,0.7705754756589286,0.8777831624010968,0.11018227184119997,0.8568172971871749,0.6544728391121015,0.7200740307079687,0.0,0.8947368421052632,0.723586319489072,0.8283910471869124,0.163151991241612,0.9414347270430562,0.20496933914866594,0.7293857568373,0.2246105676044912,0.8364492806140604
ig_lora,CD163,0.0,0.26320704194541195,0.05841710032611873,0.7837978337940918,0.507898565485907,0.42878333924355116,0.0994314704047426,0.052422047401376896,0.8743181683408193,0.5134193331236064,0.0838797804240582,0.2863580470745019,0.3350495387632655,0.7551238571160563,0.4818106401975382,0.5346606316947387,0.0,0.7939689116898617,0.304549014616676,0.6457702445312891,0.0803138108805997,0.35892997717654584,0.0,0.6319148451192286,0.08398354267780406,0.4421955329850765,0.0,0.47412581198857495,0.8138642526778954,0.06938777551330758,0.41611871593122357,0.06328256785889912,0.4554867522780711,0.33024035954390424,0.7529893413131674,0.41860428894498874,0.03330682453073141,0.09097130122856847,0.8534651627431468,0.6143023734587838,0.19676845455379335,0.7285178495115787,0.3263122431528708,0.11588568272891031,0.05935141812426215,0.5478228549347887,0.5849216842372473,0.6011376843097759,0.0,0.6207963790168431,0.3085726339571704,0.13112775032902482,0.935855881849373,0.6970754879783873,0.4270288734892678,0.0,0.33468183343009256,0.40234759116960445,0.0,0.0,0.42159865290505905,0.28160597924537983,0.34640150344582976,0.42993954681002056,0.49608409247310065,0.25047114606920423,0.2437178692368369,0.4449093202150308,0.14610247490154898,0.7673303158473693,0.5086425536318124,0.0,0.38349408717815237,0.7207963790168431,0.207298280776415,0.0,0.10816499211493621,0.3207963790168432,0.3207963790168432,0.49324217527785397,0.9262998274148123,0.2488091626680063,0.6390018941257801,0.0,0.5956266586335114,0.0,0.7952649808275424,0.8820035099863497,0.0,0.7563031504797112,0.3601799898432602,0.0,0.5716704804313628,0.10073547943610785,0.3715502680661231,0.1243368931633447,0.0,0.4296997111728866,0.5820595087929827,0.8854756808354184,0.8086680667011593,0.619682446227499,0.5536651880917101,0.4487245055022159,0.33333478722167814,0.4360499846954812,0.48233606070940316,0.03353526363445181,0.3207963790168432,0.33207502061488564,0.048452481576368375,0.46874975560972487,0.5510863551988097,0.8295323299947919,0.8375198615698412,0.8444271014738383,0.04732218405028459,0.5424519445609359,0.10942441651037155,0.18766120913699555,0.7725985104147527,0.2916330718334938,0.5148545564406023,0.5178024585868524,0.44479932873975986,0.512559584709524,0.6666019106356565,0.5217662518992373,0.2620760928338736,0.43504056780201056,0.6538277240800636,0.0,0.12251999792301778,0.6105080314725809,0.6006636491807026,0.8703299187707078,0.5544587530898794,0.36722865525281223,0.0,0.7219122563080095,0.0,0.5577423540582325,0.7957637500353277,0.9667075480551631,0.5824130574096975,0.2847163386017458,0.35644042112982577,0.36873309859139064,0.6396775528127072,0.5434880099399427,0.7573273447001846,0.8730892631894741,0.23327293533575658,0.8059520073706412,0.45828054145263314,0.18946082171127018,0.5413393911477035,0.9100653485625664,0.5534619639125375,0.0,0.8437245668082252,0.9771144572964626,0.7441367058309295,0.10228980975153122,0.0,0.6906188100828512,0.2511505249252975,0.9405949742589029,0.34671868788873833,0.8005869203660853,0.04164829777787493,0.7248215710009306,0.32566716444312505,0.6165315139903413,0.0,0.4675515322409368,0.4149100408812472,0.3775784733906678,0.05198816664351323,0.832477019320443,0.13546828476768333,0.517917347550432,0.13352480074541423,0.559727817883375
ig_lora,GLDN,0.0,0.04661244061936157,0.014966327943917316,0.13652516300499018,0.11229574895040993,0.13093657397198344,0.04654973466699564,0.014455143532093368,0.15996153667739654,0.09119754322645014,0.028854955389835426,0.05129672059287334,0.08678606332424876,0.14730567882424297,0.09595843015692679,0.16593875427285998,0.0,0.14573628264458532,0.05784083803177086,0.12445364887137941,0.025205494140081306,0.08776663048627652,0.0,0.12799731855896443,0.02080059936064974,0.08134177337801803,0.0,0.12655013453347563,0.16593875427285995,0.02770129172529746,0.08392638038817722,0.022231613598576422,0.0846923118197924,0.05720505502245126,0.25622570641141534,0.07466357336949096,0.0099835725900817,0.014293736046130354,0.1574513133680347,0.11927234108419027,0.044098819215822344,0.14813373482839384,0.0736098047393359,0.05903755137102507,0.018874159438016246,0.10152812139292816,0.10559738908272905,0.16593875427285998,0.0,0.1382822952273833,0.06338308003090397,0.05704734340286955,0.16393372834271056,0.12482644705494156,0.08445655848815165,0.0,0.07134881550385469,0.2236426777406277,0.0,0.0,0.09850291753369524,0.05278745385297405,0.09842177446193694,0.08662017368931711,0.10586910117583202,0.06118784246297159,0.056953413587070116,0.10349073367279471,0.028085887402920038,0.16593875427285998,0.13789810926191481,0.0,0.07527285530972254,0.16593875427285998,0.03492157897673482,0.0,0.040871768132654945,0.055312918090953324,0.055312918090953324,0.09153409504087634,0.16435570229461618,0.04617427594995439,0.1418878193906076,0.0,0.14012205477127562,0.0,0.14027177712551034,0.1566538696055127,0.0,0.1459387976689171,0.06794606575349645,0.0,0.1223272305749985,0.039132181498610655,0.07675423788637065,0.04245495455682908,0.0,0.08590599698119847,0.10299646816936132,0.1603763689522275,0.1585197485781013,0.12008570929769283,0.2919783439283332,0.09790189146343117,0.08028009190951291,0.09070333842536912,0.09620056976101266,0.014835008270775244,0.055312918090953324,0.07038400610370037,0.016378867009062527,0.125937059224243,0.11849775681154065,0.19347098320606587,0.15665226621122103,0.14921755649383064,0.010217942033163736,0.12223350700586073,0.040416988796196825,0.035639345121948884,0.1488401063339613,0.04741107264938856,0.09956325256371598,0.1029019715942957,0.09470887723550209,0.12322090918932108,0.14264544805616822,0.10353480433210484,0.0681437571577086,0.08622886757644302,0.08924761187422327,0.0,0.07987392953048875,0.11321183133748172,0.12445406570464498,0.16030787781640893,0.11062583618190665,0.08500493027287856,0.0,0.1264295270650361,0.0,0.10326334347837993,0.1459813164381613,0.16414716057433307,0.11451897641154728,0.05707863839401887,0.066375501709144,0.07670300750200448,0.055592085263439346,0.11423070592929546,0.13006862048613485,0.16593875427285992,0.04619181597574048,0.15115720173037175,0.11062583618190665,0.07774469149377133,0.1255078871928769,0.15978279119683902,0.1164151708724657,0.0,0.15001815583112227,0.1659387542728602,0.13643364100689706,0.04420661565499635,0.0,0.14079457196274836,0.04122120897732982,0.1659387542728599,0.08900946836266159,0.1512379977850711,0.01177985819543525,0.13495243161210127,0.09015664377303617,0.11317066802083424,0.0,0.09956325256371598,0.09813271205083478,0.09327794555897063,0.01436506095903914,0.154050878016182,0.05063350933436499,0.11251518414224569,0.05986531177566926,0.11600657819507132
ig_lora,SVEP1,0.0,0.38382055281865846,0.15260530141636328,0.7693696452166289,0.5091065160667089,0.632165417205102,0.23433585950593006,0.18161102579567664,0.8937923503004908,0.583432170427015,0.10377417102285846,0.36558019649668233,0.46689768290269335,0.6977708260773356,0.5374947649186236,0.5254067630747293,0.0,0.7876320257778546,0.4444694613435141,0.6514641294954595,0.1965500323817442,0.4178885711558611,0.0,0.6810511453349101,0.13478751428339725,0.45994529973779097,0.0,0.4935229269729496,0.728803864614131,0.1426828640440831,0.44770845651759084,0.14440280346311346,0.5706700086211735,0.3700787598819362,0.8622298873169019,0.47768216264206154,0.09165201408130491,0.17358938717848185,0.8185707901615854,0.594672477657971,0.3306543745459608,0.7384627413879096,0.4156623834757546,0.1919364816736123,0.13577934339431147,0.5582177254211137,0.5720275361530235,0.5619139351459039,0.0,0.581555072306047,0.4297568170097838,0.34886170511587944,0.8945736207941613,0.7234238537489244,0.48281139468546425,0.0,0.4423180444688704,0.6771195006812437,0.0,0.0,0.4531167334216126,0.38682810271148327,0.4627220483282116,0.53647914858737,0.5929506379123562,0.4000837787449361,0.38044846495486745,0.5791288825209231,0.245492091364727,0.6836045087164861,0.6395222940434231,0.0,0.42329172936112264,0.644055072306047,0.2878690495620598,0.0,0.21174816200139818,0.39405507230604697,0.39405507230604697,0.5233979246026588,0.8815565256373478,0.3206146363360345,0.6021471942244621,0.0,0.5729198688681424,0.0,0.8035387147068713,0.842805229750818,0.0,0.7619112840632266,0.45796195256804334,0.0,0.5541386111755809,0.26381163333612473,0.5445928356313383,0.14869091410816548,0.0,0.4739251024773009,0.5719200296640192,0.8734418497011043,0.8542852566912589,0.657661314297812,0.8323403706953408,0.5876063515554049,0.48267690573030997,0.5545472806206033,0.563382070828574,0.05340469028382564,0.39405507230604697,0.37163110562295665,0.14043193781245833,0.5446190669631418,0.6190213863211456,0.8635469263443035,0.8224965137509279,0.840161310239636,0.12512391390991712,0.5341469813694993,0.28348930647343057,0.3197458057335956,0.8687805246263912,0.3708753621703971,0.5152440578448376,0.567139988336318,0.5800427030834036,0.6094923302520414,0.6190916949995714,0.6473399634298468,0.4625902009429348,0.45126303313255245,0.4580389597852655,0.0,0.28029293424489904,0.5979273465368661,0.5724933976053751,0.8294633390419399,0.5423621661524606,0.40159578737632945,0.0,0.6981707914787838,0.0,0.6200906840141368,0.8154760297986524,0.9480639072165241,0.5713696969172013,0.34509109230252166,0.42032541045978344,0.4893166263425176,0.5288633803649954,0.6118922929703782,0.6329643442693368,0.7966028984605983,0.2899570950895903,0.8259541294502197,0.48499085822282706,0.3677365716931327,0.5707959594159867,0.8747896064036548,0.6351730253158778,0.0,0.8755246606144748,0.9555068840382559,0.7156387294089033,0.22426127036442822,0.0,0.7211849841320582,0.3216189188980071,0.892544927488618,0.5406367022131795,0.8024117181973469,0.16523195138898855,0.7295694464059128,0.47586340985212966,0.6064936520367792,0.0,0.4869920771264501,0.5902386284555808,0.6145065755083603,0.0907704829975524,0.8198955754142876,0.24862968377126451,0.5623499914908168,0.25825512547384555,0.6129542626149503
ig_lora,CHI3L1,0.0,0.2947517392382772,0.07806566034776659,0.7626984707538986,0.5208801719828078,0.42932482425302076,0.10641907257828406,0.06768394481787049,0.8583482494635029,0.5049224261239552,0.09598803249832684,0.37441591056824913,0.37251520692184686,0.6881289717433122,0.519737955499626,0.48870052970935035,0.0,0.7439105083061148,0.3936329813305496,0.6589487019514498,0.19105578053083933,0.3838027872266586,0.0,0.6058139980412885,0.10951155329310351,0.44039404847295316,0.0,0.6053990777542717,0.7187852913401427,0.23135789474238952,0.7131029879161017,0.5034648468746286,0.45126783978745827,0.3493714795037154,0.7216716026870612,0.45028994169007913,0.04710608451615555,0.12820794319577672,0.816630359636457,0.5831378965394908,0.2689887847514808,0.6824288741702202,0.34962445275591725,0.22477037705819852,0.18106011850766235,0.563371077275736,0.5605066395742856,0.5313088189002378,0.0,0.5583803884535236,0.38841406919690447,0.2052221542013426,0.8939969256391656,0.6938957175664815,0.49716888522034164,0.0,0.40421120229785956,0.5081798537671467,0.0,0.0,0.45823818583605774,0.39781371307732305,0.3554793059334396,0.4308417619392365,0.47871306882137393,0.33943537728423734,0.33858388309275506,0.44112234925231536,0.18965488890538768,0.6691591662825208,0.48182321566576664,0.0,0.39666627669097654,0.6250470551201902,0.2587187640833399,0.0,0.12182168390747934,0.3583803884535236,0.3583803884535236,0.5375531828402131,0.8806746959251894,0.2642040997229128,0.5849351870734392,0.0,0.5551070958068547,0.0,0.8007110890915526,0.8412348642900347,0.0,0.7472876548609171,0.4437994825730377,0.0,0.533303237902341,0.1110644734007547,0.6079781749449664,0.2165974629415716,0.0,0.48510961310225054,0.5625185743895488,0.8402829534845648,0.730518137664852,0.5824556384473761,0.5202994156570363,0.49676781256264724,0.3611719039175687,0.4353916748616398,0.5615900258598553,0.046914481098423826,0.3583803884535236,0.3802992271193985,0.1367749421184779,0.45774933427133724,0.5165163705305964,0.8016461382576152,0.7743993218443792,0.8173956084378545,0.06961239080427391,0.5122009619959216,0.11692837744053064,0.23156963738519,0.7120538491490619,0.33598161417517836,0.49345820141067653,0.5816413599238839,0.5408554460166829,0.484341307072867,0.6018648263832199,0.5033875342799972,0.3770391571808693,0.434783298754575,0.40493788759964894,0.0,0.20801587976860442,0.5903989832742064,0.5515121074589914,0.8275082019624898,0.5208725459334919,0.3804926056676267,0.0,0.6936412907216246,0.0,0.583878191734417,0.7892724356498718,0.9523201475700199,0.5611466788264385,0.31854180876654997,0.38397898762877525,0.37496533981595737,0.32055754637390954,0.528218620688129,0.7580148446695549,0.7916928084001057,0.2949027403245966,0.763633416456578,0.4479754855669045,0.19213561882946936,0.5220910011797001,0.8739655802871359,0.5273937994373956,0.0,0.8050287027062119,0.9557142191086839,0.7110953974794353,0.11457487933832762,0.0,0.6321937185474042,0.2862270407717565,0.8918404966692857,0.37225684066466364,0.7836027602728738,0.09261073386816347,0.6854603326666,0.3481424233772416,0.6010244710527602,0.0,0.4554075590573467,0.418961859673777,0.3962351180360733,0.07111161307720623,0.777070267654671,0.13707792231161167,0.5043094539659888,0.13661490560859155,0.5296851010842106
ig_lora,SLC7A11,0.0,0.2682059728947072,0.05934005889372972,0.7264575823383037,0.457077466707518,0.398256866129185,0.0814014984045267,0.054891090107415254,0.832701766427696,0.46837785001967386,0.06897011721851373,0.2846130651010031,0.3186242688279394,0.5910134308633324,0.4298601224502609,0.375,0.0,0.668416401761397,0.6401883314389037,0.6036361498705842,0.07381480478770223,0.3190667990798513,0.0,0.5498889790410724,0.09376794323597058,0.38599142539820763,0.0,0.3594656996324467,0.6,0.3407278091962574,0.3565904137798902,0.0606828943681074,0.3986212260539052,0.3142913787436707,0.668384748397094,0.38894457235736496,0.0395590900014532,0.12787959921966421,0.7608423334270192,0.5157439168483053,0.21430785166642388,0.6070815715309241,0.3094877352351158,0.08784923695973193,0.05404189755751397,0.5224814177695403,0.5,0.4117647058823529,0.0,0.45,0.29939481740279117,0.11759554555911741,0.8348324571007243,0.6734574917094714,0.3859663033486814,0.0,0.32312387250364766,0.35309000309502536,0.0,0.0,0.35687363839510344,0.28091959117045895,0.3337226576981556,0.3696451764792751,0.4017882353035599,0.25973968636402767,0.2535750224997035,0.36205647059909385,0.18112909229144578,0.5454545454545454,0.38788522065883574,0.0,0.3400397262635709,0.5,0.23392988826039346,0.0,0.08031311004844861,0.3,0.3,0.43973253670417967,0.8166225042908029,0.25348523317802946,0.48908594698302044,0.0,0.4690574435733696,0.0,0.7817555211457522,0.7815368618191508,0.0,0.7303738282244636,0.33704388445465927,0.0,0.4445109763234472,0.08849234451832401,0.32294676960140406,0.09321519231073477,0.0,0.39549605431158436,0.5116279069767442,0.7752443972259162,0.6260941199018482,0.5061895044793849,0.4343340719575565,0.41340765456074524,0.3097994975527558,0.3706973331486793,0.4097887608071723,0.02842858087171115,0.3,0.31851825147854496,0.05179418725894646,0.3784896915018353,0.42750329419169475,0.7571206577564188,0.6866235803301968,0.7746464248700504,0.052512418108601015,0.427996151701032,0.0907291765455776,0.21540133393886263,0.6230849075566933,0.2857142857142857,0.4166666666666667,0.44549978052512645,0.39880052102959235,0.3897406564324887,0.4981678716563089,0.438123965376451,0.2664677667183052,0.38920617167881827,0.3738179928262912,0.46655548766873944,0.08638645178549705,0.5428948864747393,0.7950298902232898,0.764771651308645,0.43478260869565216,0.6364902266529368,0.5060392526758315,0.8796808669124754,0.4913826719384523,0.5041772130822564,0.777575013096871,0.9205663448959681,0.5066106983030624,0.2826745913356017,0.3157894736842105,0.3530261726952092,0.28292317873266337,0.479028402877312,0.5583133302173868,0.6875,0.24147484348707807,0.6984523366793179,0.7377364507480353,0.16017956336815295,0.4619043092796591,0.8212115841147621,0.45551255572347304,0.0,0.7463933692521788,0.9242424242424242,0.6547264972063579,0.09356950179771717,0.28399356997293923,0.5382428141200014,0.6579575323741599,0.8245614035087719,0.316030021113474,0.7164928398204515,0.5129928544846671,0.6187220590919369,0.309645252905205,0.5638240307079687,0.0,0.3684210526315789,0.36644346234621494,0.3283910471869123,0.061181996715604474,0.697532288018666,0.10153578832869421,0.4516079790595222,0.09075538419041017,0.45183389599867574
ig_lora,COL21A1,0.0,0.0,0.0,0.0,0.03910963193351353,0.0,0.0,0.0,0.0,0.0,0.0,0.0,0.046931558320216234,0.0,0.0,0.0,0.0,0.0,0.0,0.0,0.0,0.0,0.0,0.0,0.0,0.0,0.0,0.0,0.0,0.0,0.5454545454545454,0.8473077606672347,0.0,0.0,0.0,0.0,0.0,0.0,0.0,0.0,0.0,0.0,0.0,0.0,0.0,0.0,0.0,0.0,0.0,0.0,0.0,0.0,0.0,0.0,0.0,0.0,0.0,0.0,0.0,0.0,0.09855160941574255,0.0,0.0,0.0,0.0,0.0,0.04302059512686488,0.0,0.0,0.0,0.0,0.0,0.0,0.0,0.0,0.0,0.0,0.0,0.0,0.0,0.0,0.0,0.0,0.0,0.0,0.0,0.0,0.0,0.0,0.0,0.0,0.0,0.0,0.0,0.6159347495294895,0.30379510079774497,0.0,0.0,0.0,0.0,0.0,0.0,0.0,0.0,0.0,0.0,0.0,0.0,0.0,0.0,0.0,0.0,0.0,0.0,0.0,0.0,0.0,0.0,0.0,0.0,0.0,0.0,0.0,0.0,0.0,0.0,0.0,0.0,0.0,0.0,0.0,0.0,0.0,0.0,0.0,0.0,0.0,0.0,0.0,0.0,0.0,0.0,0.0,0.007536454620764651,0.0,0.0,0.0,0.0,0.0,0.0,0.0,0.0,0.0,0.0,0.0,0.0,0.0,0.0,0.0,0.0,0.0,0.0,0.0,0.0,0.0,0.0,0.0,0.0,0.0,0.025447170346449076,0.0,0.0,0.0,0.0,0.0,0.0,0.0,0.0,0.0,0.0,0.0,0.0,0.0,0.0
ig_lora,SLC2A3,0.0,0.19997384474614557,0.05461864759964643,0.7042573371176174,0.4008744880171724,0.3655413882027063,0.05064109738418684,0.05117944613352444,0.8179320004935057,0.4201105818027513,0.047363994758261176,0.23556771858059164,0.2394914124565823,0.5074778916412112,0.364066743328354,0.20466609806115166,0.0,0.6227589641595822,0.6245675710941196,0.5831643781432995,0.08618428663681374,0.1816488132902264,0.0,0.4932194659448426,0.05088057762832054,0.29513367169518917,0.0,0.28101947768109753,0.5029163112882198,0.400628173189703,0.2396168630843068,0.05156271807964395,0.32504107138343935,0.2299134061520883,0.6272643160209916,0.3337040515589875,0.03979186552206095,0.08094116441036484,0.725282231858893,0.442584383144232,0.16968821872709178,0.5425558227100409,0.22443076742279117,0.0943364253346095,0.05550076008668919,0.5049411596681351,0.4305711848833507,0.2543744669323297,0.0,0.3194732353114355,0.2145363105744062,0.07780032231689597,0.8020953309760055,0.6669271055242842,0.3294450972038699,0.0,0.29512607247223493,0.24571839784553787,0.0,0.0,0.2343434055052167,0.2265747163984774,0.30888829785834465,0.262963370120798,0.28686913104087053,0.20756024595772551,0.20867365461246382,0.22690109909995537,0.1218843686968574,0.4319043557579655,0.24665614796861968,0.0,0.22743238701056415,0.37210481425880393,0.130234555921073,0.0,0.0672897230777458,0.16157849846933026,0.16157849846933026,0.38736695787821723,0.7801848142081835,0.2184660351677799,0.38295887819607677,0.0,0.36651781501047975,0.0,0.7800058319456638,0.7451220877977344,0.0,0.7206607260569665,0.2839861872213347,0.0,0.3315338148343891,0.08567240681694033,0.19589391618953103,0.05350072290478057,0.0,0.34971204351843316,0.45404741597422077,0.7353413577470863,0.5438114624311025,0.42260953811375257,0.3338774390950076,0.37411119328097486,0.19069908702866628,0.2819666195977563,0.40483112885782657,0.017304780712075647,0.16157849846933026,0.25568585961991463,0.06568452336849048,0.26711288276853307,0.3290646936372993,0.728148819472068,0.6363988490662025,0.7605417644382483,0.04306542276975731,0.31426831636550046,0.0872633299575682,0.14765131482757338,0.5645965013605274,0.15349957354586374,0.3073909335181424,0.39043538054557725,0.35827932512642274,0.27279769813240473,0.3876296599551081,0.3646743246458242,0.22568544697450255,0.31221216084839687,0.336510849957419,0.5416778271509882,0.06683675104759745,0.49316335225373953,0.7519253062457516,0.725403708076389,0.32136324867805793,0.5998096774426384,0.5236847906819735,0.8547556306654118,0.7327676600424275,0.4630554566098338,0.7755210289425305,0.9069890328406521,0.44447229238563507,0.18085405526840465,0.17055508171762637,0.30700863061686073,0.19488159534115046,0.4177538997221767,0.5856905302452704,0.6151610151908797,0.20287968576107787,0.6519615826709136,0.6775808443103131,0.1525801349163418,0.3949005106269021,0.7910859134723627,0.3805697154580913,0.0,0.7080843313604148,0.9089312326024219,0.6101131240323114,0.06010077284881845,0.35389002286978266,0.46751240319188103,0.621653796872023,0.786964133409237,0.19155485406731917,0.680205697373529,0.5616139283979178,0.572966160390911,0.23614482327485886,0.5262655466067822,0.0,0.22611063727318192,0.2714966080226405,0.191463811297659,0.03332743005374841,0.6526027475732826,0.10322495058663533,0.3932335240088228,0.08534163687444754,0.3701186956052628
ig_lora,OLR1,0.0,0.34149678062023836,0.08776678056478966,0.8172255882765257,0.540087220650359,0.4635574957906045,0.13523491091472645,0.07374164307948702,0.8752292719267343,0.5402328129755194,0.10974199716608614,0.34188129564754277,0.3995575378898248,0.7770099035414529,0.5224804112011096,0.6616475980972587,0.0,0.8047029663262533,0.3750573818804017,0.7047385255826221,0.10170310622283034,0.4873972588055657,0.0,0.6555570689344845,0.23846824979740516,0.5067536236101523,0.0,0.7843911489123736,0.8308237990486294,0.1006097955802407,0.5097754937383002,0.09315153047858385,0.5130035996060996,0.40048610010691166,0.762946414145155,0.455880582091787,0.05041425025832356,0.14719745325177735,0.8568555100972822,0.6477822798413966,0.2506824352799313,0.7472282176506508,0.49307703503680805,0.13275185341064433,0.08575701610394298,0.5823235928100922,0.6191320132025975,0.6954828382875329,0.0,0.6888329525288714,0.3814185015905858,0.17430286007812595,0.9348092774900415,0.7053530701990592,0.47757294149751245,0.0,0.43189635861625103,0.48789324779172016,0.0,0.0,0.520403228504507,0.3495362169229069,0.45440854410644366,0.5108865441587337,0.5747473621785754,0.3918517652276103,0.3614211344195557,0.5535352149890158,0.26298604479329724,0.7969885588583553,0.610387297949434,0.0,0.47739893018829577,0.7657560294519483,0.3792884432273948,0.0,0.14900501703176575,0.45806372175964066,0.45806372175964066,0.5316402985164399,0.9256837718467826,0.28329945757667657,0.8197569147460997,0.0,0.648959137344976,0.0,0.8314966793442495,0.8839064168306486,0.0,0.801458689812838,0.4196915835281572,0.0,0.6361613023946634,0.13020354264956996,0.5075680837751672,0.17007412843307404,0.0,0.46909877763743346,0.6098563439687591,0.8873597964645983,0.8232526300013148,0.6582831964024729,0.7299153002633454,0.4828877024827098,0.4425135516617945,0.5206802575555078,0.6426520548023404,0.05206754797519017,0.45806372175964066,0.38678250595433067,0.06803707426916833,0.5645079931724194,0.6239933903395075,0.8332753387299008,0.845330028503087,0.8473133621263433,0.07842369317461355,0.7569323058594746,0.13072030998310782,0.271656630879146,0.7891011666248542,0.4253448844910949,0.585578140169137,0.5637046592386347,0.493505073791057,0.6133250712577177,0.7132930894356521,0.5754737899451094,0.3233459776527885,0.4884384525909315,0.6700010299735911,0.0,0.13728168816438815,0.6323018528604178,0.6636552255250219,0.9438838038528211,0.622176773929708,0.43875816077231056,0.0,0.7337720078137822,0.0,0.5816009658478369,0.8575791173649546,0.9656282660026377,0.6988066919801273,0.4705359760739999,0.4962356985729441,0.4015464045300451,0.6306160756689586,0.5763233206130918,0.8832893877888643,0.8781931353150131,0.27504937996227957,0.8137855447657597,0.5954828382875329,0.354018217979874,0.6734556773406388,0.9103257946097413,0.6051990449110749,0.0,0.8479537999902295,0.9756386270630026,0.7555690275023541,0.23625398282625426,0.0,0.7243692182057684,0.3342094006724226,0.9390965676575065,0.5481548230675801,0.8476429253083492,0.06261210233578801,0.7411758532781907,0.4061154871421033,0.6322730938278128,0.0,0.5795690319062774,0.4864402537413974,0.5017422558933519,0.15874900183805774,0.8398132997541362,0.15723430951502024,0.6219445793641912,0.16675688307310038,0.6159215620442577
ig_lora,GAP43,0.0,0.32611869735686627,0.1413622514324556,0.7661058758317283,0.47745088346009523,0.6608582701248857,0.10654370866425428,0.11444750213097231,0.8495205238790369,0.4867218421051798,0.09465463787262324,0.36548519911389293,0.3280075120058511,0.826546159949598,0.4764631976079414,0.417250018335466,0.0,0.7509527264779431,0.38801596756143236,0.7233608411625023,0.21407770558260358,0.3367710126014136,0.0,0.580826315866454,0.10678769162368287,0.4080300622629446,0.0,0.39368593182901424,0.6670000104774092,0.229985803767161,0.44167055865344007,0.13918790936313385,0.4655141640460246,0.3237258692793948,0.7007028101973626,0.418389116035348,0.08649169284891213,0.14682802282175275,0.7961935326293239,0.5514097797622657,0.2679643963879265,0.6505763141415086,0.3698867086731184,0.23831076621480612,0.19080038318762327,0.5576055078698594,0.5314687568757998,0.46207694000196864,0.0,0.5004375137515995,0.33901076062882474,0.17249454059572555,0.8732968841241421,0.6915256632770562,0.480859951240841,0.0,0.409983430258119,0.43660564307779076,0.0,0.0,0.38101223692877045,0.3886157279986294,0.5477893891377922,0.3927680777146414,0.43411208589512995,0.2614418702707574,0.2542406571879662,0.3905081020004668,0.3090274245292659,0.611500012223644,0.4251212941695648,0.0,0.35839768251756465,0.5629375137515995,0.2314394436111398,0.0,0.21260745270812803,0.3129375137515995,0.3129375137515995,0.5828375077882005,0.8579586904215083,0.2763396485907956,0.5372531473809041,0.0,0.5111160147314205,0.0,0.7997611914956932,0.8196287844495471,0.0,0.7514686889796044,0.4418467022092785,0.0,0.485829088182362,0.18155374874226873,0.409947744463843,0.13036896356069158,0.0,0.5665807173871101,0.5386410312827075,0.8165772954402154,0.6865491878871675,0.5458725136310438,0.5531553188395725,0.488320423370414,0.32275729809152504,0.4713357046631491,0.5177210238205662,0.04944537917447187,0.3129375137515995,0.3584604573907495,0.1485767773249691,0.47999458488883184,0.5436250488713276,0.7853912529099085,0.7813712387782998,0.9497947732009109,0.12563167660025745,0.4658374583762804,0.17845848138463946,0.2640336694256583,0.7221372536840515,0.29452942470738774,0.4503500110012796,0.5599766496702727,0.5262477937895186,0.5190167253122598,0.5507821720063525,0.5234309361353476,0.519511495633623,0.40800033523684714,0.5768715349632171,0.0,0.17052863134855364,0.5690855479397292,0.5003889011125329,0.8913745572497583,0.47405264315924167,0.35167728980436175,0.0,0.6732115426927998,0.0,0.5664135666689157,0.8223114525673454,0.9391130042036195,0.5353174486707801,0.28866148635160166,0.3338000146683728,0.36093381252174567,0.357151211437802,0.640869418315274,0.594791375537832,0.7502500078580568,0.2887562068159759,0.7384703270513815,0.3851538630788917,0.5126444904881703,0.63841369372413,0.9168265327416578,0.7024696514137402,0.0,0.7832928821602215,0.9453671892189499,0.6885995432240876,0.11347692281600252,0.0,0.6520334343336465,0.3464429901248063,0.8680566079250112,0.33109226025122335,0.7487854532567861,0.11482634228369584,0.6938553918244201,0.7217525226843771,0.5848623030889265,0.0,0.4004666813350395,0.3861423819049838,0.3484263227352399,0.07186739749543936,0.7832162761143762,0.22052607385574088,0.5199395516752942,0.2392284255010787,0.5512663501560082
ig_lora,SV2C,0.0,0.2411890069805595,0.04866356030932474,0.799043563276943,0.5177651875574472,0.4309607344536128,0.08982086919053653,0.045527705544588924,0.8852027123012348,0.5219396974621292,0.08248191473502349,0.27389770246932593,0.32539167334047336,0.8212118434397899,0.49094402982923757,0.6666666666666666,0.0,0.8358954454363314,0.6431067300029292,0.6556262843073084,0.07671934684795977,0.3401908545138609,0.0,0.6548408699588705,0.0602793920802668,0.4496094585342514,0.0,0.5277292234378983,0.9166666666666666,0.4219937915103472,0.4201579516937475,0.05134923125808011,0.4642921115372812,0.31880653262091907,0.7774313002380759,0.4200116147292986,0.026786603640264188,0.06636472526849672,0.8810658096423509,0.6445377701353514,0.17860203024476243,0.7692507561101748,0.31104377243888287,0.11991388838326582,0.052302122915756546,0.5525057019738846,0.6086956521739131,0.75,0.0,0.7142857142857143,0.2937175872047009,0.11970717086665845,0.9666174944528284,0.6940416795545933,0.43020812698054484,0.0,0.32885559657643104,0.40227083978130285,0.0,0.0,0.42791333829914185,0.26509934958936654,0.34218252145005623,0.4367607843318231,0.5241129411981877,0.2251072376269365,0.22298699173866637,0.46301848742598234,0.11531622028299758,0.8888888888888888,0.5616365320863133,0.0,0.37826849366597276,0.8571428571428571,0.16543621307361595,0.0,0.11377690590196887,0.2857142857142857,0.2857142857142857,0.5033074617839699,0.960450603329508,0.2399334645494599,0.7034602479629537,0.0,0.6438696741111866,0.0,0.7984569351698573,0.9126002491308309,0.0,0.7625075110719375,0.3543879979960488,0.0,0.6223752455439285,0.0935306544144225,0.35599810373777935,0.13205485577354092,0.0,0.43231698031321647,0.6,0.919962901129176,0.8847955923220997,0.6579814784930322,0.59896836550238,0.4526733548261649,0.3125388443713384,0.4451578177789367,0.49827235350672167,0.02707483892543919,0.2857142857142857,0.3239312233716636,0.04192373672355284,0.4935354401923177,0.6005636080241428,0.8498598411029814,0.89187801967572,0.8639170649187365,0.035008278739067346,0.5843911489123735,0.1114417956130205,0.15541220099912328,0.8280900974685441,0.25,0.5454545454545454,0.5350746378664587,0.45029646769849235,0.5675120787028807,0.7457861048095105,0.5440996872448174,0.24585549623130393,0.4396671350990391,0.400681552411972,0.6666822656985585,0.13166168025030986,0.6278291510350618,0.9943486580217527,0.9029584296112586,0.6,0.6207757139336179,0.578736605731756,0.9341922366891312,0.6116111462856393,0.5696721815455726,0.8001155118801158,0.9791498925698474,0.6023862197082406,0.25944385471866044,0.3333333333333333,0.3664202691733392,0.25815404977301903,0.5585773042132068,0.6886362619304279,0.9473684210526315,0.22145561012270631,0.8395601249246272,1.0,0.18835894519233282,0.5621421103114375,0.9363107322784158,0.5836234373504829,0.0,0.8731292314805861,0.9915966386554622,0.7704045603777079,0.08956746773503639,0.39447742522823487,0.7523254272314314,0.6971220189961724,0.9772727272727273,0.32807338494404753,0.8249501238544489,0.577975964209001,0.7581491890297016,0.311232020890684,0.6291125091237254,0.0,0.5,0.4173611297129345,0.366831563391178,0.03512299811451368,0.878529421741618,0.14706356622394687,0.532951619397513,0.15815657100530542,0.5959754843050438
ig_lora,SLC39A12,0.0,0.0,0.0,0.0,0.0,0.0,0.0,0.0,0.0,0.0,0.0,0.0,0.0,0.0,0.0,0.0,0.0,0.0,0.45751696639423445,0.0,0.0,0.0,0.0,0.0,0.0,0.0,0.0,0.0,0.0,0.535091789776953,0.0,0.0,0.0,0.0,0.0,0.0,0.0,0.0,0.0,0.0,0.0,0.0,0.0,0.0,0.0,0.0,0.0,0.0,0.0,0.0,0.0,0.0,0.0,0.0,0.0,0.0,0.0,0.0,0.0,0.0,0.0,0.0,0.0,0.0,0.0,0.0,0.0,0.0,0.0,0.0,0.0,0.0,0.0,0.0,0.0,0.0,0.0,0.0,0.0,0.0,0.0,0.0,0.0,0.0,0.0,0.0,0.0,0.0,0.0,0.0,0.0,0.0,0.0,0.0,0.0,0.0,0.0,0.0,0.0,0.0,0.0,0.0,0.0,0.0,0.0,0.0,0.0,0.0,0.0,0.0,0.0,0.0,0.0,0.0,0.0,0.0,0.0,0.0,0.0,0.0,0.0,0.0,0.0,0.0,0.0,0.0,0.0,0.0,0.0,0.0,0.0,0.766918864856073,0.0,0.0,0.4507811953307334,0.0,0.0,0.355230947732663,0.9765788716822467,0.24240038037713904,0.7158682138950085,0.0,0.0,0.0,0.0,0.0,0.0,0.0,0.0,0.0,0.0,0.0,0.0,0.0,0.6072825538943317,0.0,0.0,0.0,0.0,0.0,0.0,0.0,0.0,0.0,0.5234303474281508,0.0,0.5811071504151136,0.0,0.0,0.0,0.6790921852502968,0.0,0.0,0.0,0.0,0.0,0.0,0.0,0.0,0.0,0.0,0.0,0.0,0.0
ig_lora,COL27A1,0.0,0.19814207787875918,0.17738950868502776,0.18211574361264762,0.16520786368423704,0.2243308858050634,0.022868503348862246,0.12833952585243324,0.20027375604889963,0.11516909589092544,0.044918295618905806,0.1485389662379621,0.1382266451203811,0.16141686554844137,0.10550313193060461,0.07585127060131258,0.0,0.2530456773757121,0.21624225727972868,0.17836095779380634,0.2619692541276599,0.05934381496729722,0.0,0.14702671901128112,0.015393949848138907,0.0911608405414633,0.0,0.0779559410696404,0.16687279532288768,0.15849070897016512,0.600173961306694,0.9422405300918196,0.17598161316501332,0.06439491802080752,0.17139062136836145,0.09000885339133205,0.08956660316413968,0.07122359046054734,0.19191924203346866,0.13091633972783984,0.14258695867149926,0.16144727705713377,0.18565698015508292,0.19173936700059968,0.15165072390706746,0.1486937900775953,0.12252897558673571,0.0975230622016876,0.0,0.11377690590196887,0.06360877372358768,0.03278948307861265,0.2099964874304298,0.175009326398678,0.17563275160210448,0.0,0.24541577570787418,0.08670588537679164,0.0,0.0,0.21084881751407444,0.1913425266259844,0.1631308737078727,0.08967574014484442,0.10347200785943586,0.07173023880103745,0.12037266690018081,0.08900284785647908,0.10275140073008558,0.15170254120262516,0.09082041444889083,0.0,0.06927882205098777,0.13653228708236265,0.03294748142365656,0.0,0.2857142857142857,0.04551076236078755,0.04551076236078755,0.1595978502082192,0.20568181747979278,0.10019082361180721,0.13062320120935936,0.0,0.12387715175675208,0.0,0.19852191956722912,0.20313392860890747,0.0,0.1879265939282144,0.22362069739457588,0.0,0.1111203844020941,0.20905817414179298,0.8134525560728042,0.35924240204870345,0.0,0.15954064805693538,0.12412026098396604,0.19778937275711322,0.17393380503124006,0.12853484733800194,0.1557598986066219,0.19832542824113183,0.08953368114753427,0.33521498520349974,0.25325065179028416,0.015902697458010543,0.04551076236078755,0.08193108599481333,0.16062413179184065,0.2459730777864605,0.3123706155146829,0.1891771107970724,0.2736780879644148,0.22419495663990538,0.125,0.10765124664908078,0.21686533692736962,0.18659202267165792,0.27697948897208446,0.04137342032798868,0.0975230622016876,0.2136177527457301,0.23523827040821094,0.36592664028536886,0.14647478375111858,0.24530439342329666,0.18785345702990872,0.1136591491208725,0.15892142032009388,0.0,0.03636180370319767,0.14510447358309955,0.11377690590196887,0.19677404833807868,0.10502483621720203,0.07696165603965738,0.0,0.158298303863609,0.0,0.1550277987156775,0.2121007451508243,0.2282929750261909,0.12777684731454034,0.05250944450590502,0.05056751373420839,0.10527809120816996,0.14303828617457914,0.123150922653389,0.1510175316036141,0.18618039147594906,0.09890674042650618,0.179646933269971,0.06501537480112507,0.27733585988038084,0.1974037996579856,0.20391422095639583,0.2500310266139322,0.0,0.18982609683724386,0.2200930310890542,0.1843353844074387,0.034103265613522,0.0,0.31770075659277747,0.061257504152256885,0.20818752994828368,0.07997974476342298,0.21413853829861196,0.13921039718371203,0.24396394493812237,0.2448511574413806,0.13774942323725956,0.0,0.07585127060131258,0.08719706635972083,0.0644702886236499,0.009999958151836767,0.26487577735842754,0.33808142664294544,0.22256796580179947,0.4054617341372063,0.2785706494976009
ig_lora,SERPINE1,0.0,0.4059687159250291,0.09939097022045788,0.7079263827892741,0.6427626837921968,0.6480457771371183,0.37690097055318683,0.09065629930659645,0.8557890706824056,0.5122698652290824,0.09858921461156545,0.3966707830264264,0.4836835033829666,0.605452481438929,0.696797165288763,0.51466061376308,0.0,0.6546369601260356,0.4212159554997359,0.68130566778603,0.10487174485070314,0.4727279519266977,0.0,0.7385135594748201,0.1765306419916171,0.4841129271840593,0.0,0.5037486213303372,0.6117284910104641,0.08491973840707712,0.4820781770327525,0.1056339326385894,0.4879419628067048,0.4343289656782374,0.8268859905729271,0.45982353725771696,0.07452723529637548,0.2683048120517431,0.7435235087520291,0.5949163229909818,0.48552326875439983,0.6754740818862929,0.4415299725427943,0.11116902067017136,0.08602739895987845,0.5389747014209695,0.5451389659905514,0.527777894472186,0.0,0.7652586481470742,0.6495640174879018,0.42861408917438887,0.7857869624355054,0.7308423940270196,0.47183158957184673,0.0,0.4342510842259529,0.6795193065051234,0.0,0.0,0.4852143366705514,0.4065448688443081,0.4139052459379881,0.4837535890545058,0.5062537559872735,0.41481411273744523,0.40387336844907695,0.494222787686319,0.3346670276301004,0.5839948117969258,0.5381001887406606,0.0,0.4701985346771951,0.5631945523867721,0.4009338101808831,0.0,0.11876935053318154,0.888194552386772,0.888194552386772,0.5019513927273012,0.7840379277164167,0.3694143401691014,0.5514964732514404,0.0,0.5389826263290027,0.0,0.8033526591587359,0.7427499225577492,0.0,0.7468426323250636,0.44226032820698097,0.0,0.5291054546723295,0.3148408173954039,0.4785582235358349,0.1363909780360028,0.0,0.4676501325809468,0.5480600332614426,0.7355496525719503,0.6262145218902955,0.7685755300011935,0.5551492489405099,0.5193807153340169,0.45705047765544804,0.486920865705436,0.500038904126494,0.04876593024804079,0.4631945523867721,0.6766556207150296,0.08676364960500191,0.5427625291354743,0.5222108230401945,0.80466080608252,0.6654886766261082,0.7452885397024254,0.09553186890712428,0.5202719438277817,0.11713264541498061,0.3704910587821386,0.6243317744309766,0.45189712427977763,0.5119950476243382,0.6293543060040472,0.5115102233093017,0.5110988350689274,0.5578056545015346,0.5149668794160809,0.5031142073215646,0.4770517024546426,0.49588178260164306,0.0,0.2838423203315668,0.567096109170045,0.5363757641778781,0.7283551916941448,0.7458869810786908,0.5970054367533298,0.0,0.6385234486246169,0.0,0.5381249607742807,0.8260032352422995,0.885752470325267,0.5465368337932229,0.42893608641557723,0.47507133578130467,0.45023297548271174,0.43225619005478544,0.7105617489477304,0.6272930866055759,0.6639958095282862,0.5148489367384252,0.7287665806061661,0.500750867445159,0.3325475719477646,0.6620283838417862,0.83926908276911,0.6421211587520445,0.0,0.8300505412633032,0.885051197996519,0.6468549993083541,0.1681497840773515,0.0,0.5757518739725728,0.40380351624968036,0.7730880791619595,0.46382006095160266,0.6945163190773034,0.08428869227049841,0.6211952996343908,0.47484624658176555,0.6029651806264424,0.0,0.7293809213186406,0.7168073420426916,0.7181524373571229,0.12450716875669447,0.6742066541678063,0.1253078676698896,0.5140298096716729,0.12356715216597466,0.5277274650312272
ig_lora,APOE,0.0,0.5903505999188432,0.15374189436070915,0.7312374006876577,0.6754873151932684,0.7243634742199981,0.2380614710130615,0.14671492054310817,0.8196864770811655,0.6134361447028921,0.13600574860499529,0.6028427130652151,0.6540004587904249,0.709654830028857,0.7379590023057923,0.6470222078405594,0.0,0.6888318718312542,0.7116493478994929,0.7230333984203623,0.1922162722691891,0.6278330526252098,0.0,0.6860490774575574,0.2970259586184589,0.6210743258616945,0.0,0.6422355532504794,0.6734955422525175,0.1688808300083922,0.6863503978068225,0.19307649421472511,0.6231543424148823,0.5974550329929099,0.7302628090335063,0.6371082448782541,0.13615534567516635,0.4988128761919513,0.7229720882827402,0.6559543139539398,0.613548817658896,0.7059370736601949,0.6348496708228145,0.17869044914117083,0.15968398187005353,0.6713099688048642,0.6398432448114664,0.6501737952705545,0.0,0.6808850136058383,0.7293606521699249,0.3946794446047384,0.7505223423865574,0.7673870504931534,0.6392924363334683,0.0,0.6434397865889612,0.7604748882909159,0.0,0.0,0.6584977180633985,0.6201123851330037,0.7032923990927263,0.6830353841472889,0.6946122550650397,0.6956580791194626,0.6816171384149151,0.6953412704145624,0.6130300580563948,0.6651236330795052,0.6668656119946521,0.0,0.621684189080906,0.6592996962634965,0.625174618702522,0.0,0.16347658568752935,0.6597541078665714,0.6597541078665714,0.644273130657057,0.7434820762149841,0.5244853995630544,0.6942974972087688,0.0,0.6462158429969695,0.0,0.8304641089846001,0.7271721082545236,0.0,0.8050626206860813,0.6352783805168929,0.0,0.6444340468283168,0.26112011579740063,0.6468987641666069,0.20049316514291818,0.0,0.6317804292139383,0.6363729352920442,0.7370165427424682,0.6952039776685751,0.7013949452920941,0.7103331381878932,0.6767360673689434,0.6181767246950466,0.6607205937518021,0.6339709957557805,0.07131984699635661,0.6245170875678444,0.632135580311267,0.172288071335891,0.6549854988753195,0.6468473040089793,0.7361315983361861,0.6945540497655346,0.7879149341936386,0.15131717022316765,0.6737464796854474,0.1604866634429244,0.5742201490394134,0.6958356463254045,0.6191333195715698,0.6371383619353118,0.6796787738571195,0.6712049582062818,0.6463257418337769,0.6548925942237052,0.6369488475221804,0.6389827975283924,0.6128098830029606,0.6937955497862974,0.03811574526527151,0.24779220260310383,0.6418146840803077,0.6680490975595987,0.7859590626235693,0.682027416198416,0.6551380000205875,0.0587018964721034,0.7130134014902673,0.032824237169315165,0.6500055174598993,0.8691200594571283,0.8378807997686795,0.6834911369015384,0.6415680613254728,0.629995307634229,0.6070787334332696,0.6338275477966205,0.7239207261395691,0.6675410837111885,0.6914918509472606,0.5875078833443431,0.7329863625238461,0.6570547629462853,0.40065103505622196,0.7214576833762366,0.7819502571703049,0.6946466954801953,0.0,0.7596758604052062,0.8273985245387758,0.6793553940478415,0.275690862125858,0.011239720493823182,0.6634369508221749,0.6594270059781261,0.7422333228309349,0.6573321107963547,0.7690992058898034,0.22676353801993565,0.6734480918152893,0.6680088698640901,0.6484201783147809,0.0,0.6718508531722204,0.7145231590759974,0.7071273185977743,0.23741838545377905,0.6976094551882249,0.16589391444332718,0.675690636185402,0.16609615372898043,0.6448243255603211
ig_lora,APOC1,0.0,0.6073351527696954,0.17418965118420687,0.8038168517811907,0.6876385682853785,0.8382712879175089,0.2999930481059633,0.15361154201000476,0.8877955672361437,0.63713943735355,0.13978197886469917,0.5798986321639084,0.5976411068052964,0.8471044528775983,0.7563969775881706,0.7718856592272196,0.0,0.8300932094407908,0.6306602070268744,0.7379256129722882,0.20350662039739298,0.7006696946137498,0.0,0.770606381335808,0.24808666656288178,0.6688907180909253,0.0,0.7530008373564875,0.8196305212494295,0.1646113509811608,0.6937973641625108,0.17012542621304894,0.6880396994162381,0.6060287306704586,0.826448634300782,0.5926847279157172,0.12911790567319142,0.40704350352684043,0.8427042135775082,0.7265270305109202,0.539062776961639,0.7764751010976302,0.6526596489197357,0.19017425523872653,0.163113989200547,0.6256287985312312,0.708224303957879,0.7784032118207277,0.0,0.8587937945290179,0.7175240894030662,0.34912768018275847,0.8976894231960547,0.722933242652134,0.6683282899047024,0.0,0.5927918404545229,0.7506010989064376,0.0,0.0,0.7023833114604436,0.6174907964853509,0.6055531975419406,0.6857032982722638,0.7191522396513986,0.5774702590002107,0.543940985624348,0.7232958375186144,0.5362876097189727,0.8061028103431367,0.7463224758444148,0.0,0.6763110915250279,0.7958976950980386,0.5902270977056909,0.0,0.20780246773219962,0.8418361927655413,0.8418361927655413,0.6799017122110433,0.8886342878815952,0.4583971932694131,0.7614803605075705,0.0,0.7435011279781327,0.0,0.8180730198621932,0.860722104139417,0.0,0.7726497196318133,0.6699058708847622,0.0,0.7431186553454818,0.309155250037466,0.7382588336325849,0.20244946947986014,0.0,0.6386575342582437,0.6925264330118929,0.8614048528924775,0.8170391891676396,0.8306423669021274,0.7643462897935619,0.6415596355327687,0.6675488014009476,0.7300807485203121,0.7596704894467242,0.06869262523244046,0.6906345372033018,0.6588426163829122,0.17011929572826756,0.7514095073144396,0.7743874839251663,0.8502208206600357,0.8540999883092119,0.8874147885478383,0.1652974175142497,0.7338542415329073,0.1927377661602988,0.5665178534477766,0.8261221340031422,0.6729259593262941,0.7200979146125112,0.7700509498216294,0.6967058220337163,0.7831216042434231,0.773218864922453,0.7292770612916266,0.6301237318991113,0.6437908125154863,0.6558182665764382,0.0,0.19562352811991554,0.6991934604625029,0.7561028103431366,0.8851585441012784,0.842677306259945,0.6329317026794433,0.0,0.7600555731584523,0.0,0.6843417592592965,0.8451450248034853,0.94256585510913,0.6984231094111718,0.6194739195508159,0.7093003355060937,0.5382213900980319,0.6812021175895988,0.7641584539628739,0.7403574814640387,0.8448822482745093,0.5495777466137003,0.8129593568807767,0.7498317832492991,0.40746041082292184,0.7799936571459506,0.9286138002569372,0.8272829105509082,0.0,0.8850547315805638,0.9482940827581698,0.775569860977944,0.20543182229798707,0.0,0.8053774016650793,0.6291273038231102,0.8965881655163397,0.6799193219555474,0.8083333560324183,0.1530860699429115,0.7926125561108454,0.7155834933993015,0.686937199744335,0.0,0.8350801427566668,0.7560490225900193,0.7913445573183767,0.1712443410623317,0.8503262829416046,0.2142257521291043,0.7005243357580032,0.2189812757744315,0.7572297313807941
ig_lora,CD83,0.0,0.2938205859279279,0.06616769967885841,0.8123768966102763,0.5490151875574472,0.45873851223139067,0.12078538522087304,0.05636360134477644,0.8928950199935425,0.5475807231031549,0.10400984101813712,0.3096119881836117,0.373010720959521,0.8837118434397899,0.529405568290776,1.0,0.0,0.8716097311506171,0.3398331773007558,0.6691397978208219,0.09010486518936786,0.48304799737100373,0.0,0.6881742032922038,0.09041908812040021,0.5121094585342514,0.0,0.7777292234378983,1.0,0.09783001309496249,0.5201579516937475,0.06885337062761378,0.5198476670928368,0.3714381115682875,0.8006871141915644,0.44942337943518096,0.034127049182326695,0.09268051474218093,0.9014739729076571,0.6921568177543991,0.2080137949506448,0.8109174227768414,0.3777104391055495,0.13569022720397642,0.07030068328238795,0.5632583901459277,0.6521739130434783,1.0,0.0,0.8571428571428571,0.34634916615206934,0.15102805812870082,0.9858482636835977,0.6983706838835976,0.4736863878501101,0.0,0.3574270251478596,0.48560417311463616,0.0,0.0,0.539024449410253,0.310553895043912,0.36718252145005625,0.5200941176651565,0.6241129411981877,0.28066279318249204,0.26646525260823156,0.6058756302831253,0.15531622028299757,1.0,0.7283031987529799,0.0,0.4691775845750637,1.0,0.23686478450218737,0.0,0.1706653588529533,0.42857142857142855,0.42857142857142855,0.540344498821007,0.9821897337642906,0.2591642337802291,0.7943693388720446,0.0,0.7272030074445199,0.0,0.8011669622701283,0.9338768448755117,0.0,0.7683554642883117,0.3998425434505943,0.0,0.7223752455439285,0.11281394263215165,0.522664770404446,0.1980822836603114,0.0,0.46457504482934553,0.6333333333333333,0.9437724249386997,0.9472955923220997,0.716805007904797,0.69896836550238,0.48124478339759347,0.41253884437133836,0.5360669086880276,0.5649390201733884,0.04061225838815879,0.42857142857142855,0.362392761833202,0.05140514554871691,0.6185354401923178,0.7116747191352538,0.8657328569759972,0.9335446863423867,0.8786229472716777,0.052512418108601015,0.6843911489123735,0.1289459349825542,0.20541220099912333,0.878090097468544,0.375,0.6363636363636364,0.5850746378664586,0.4937747285680576,0.7341787453695474,0.8457861048095104,0.6065996872448174,0.2843170346928424,0.4872861827180867,0.431931552411972,0.0,0.15153798072331393,0.6556069288128396,0.7777777777777778,0.926214243564747,0.7,0.4198005479345773,0.0,0.7674418604651163,0.0,0.5953132071865982,0.8038055487804847,0.986502833746318,0.6394232567452776,0.3308724261472319,0.5,0.3891475419006119,0.33507712669609596,0.5942915899274926,0.7286362619304279,1.0,0.24471142407619467,0.8673379027024049,0.75,0.21849864123246618,0.6121421103114375,0.9535521115887606,0.6502901040171497,0.0,0.8953514537028083,1.0,0.7960455860187335,0.11590971632092166,0.0,0.8237539986600028,0.28145540184793416,1.0,0.43918449605515864,0.845358287119755,0.04384183621008731,0.7926319476503912,0.373732020890684,0.6487203522609803,0.0,0.6666666666666666,0.4840277963796012,0.5096887062483209,0.05268449717177052,0.9142437074559037,0.17234732309105105,0.5764298802670782,0.21504502395628985,0.6728985612281206
ig_lora,ATP6V0D2,0.0,0.5880740323608751,0.14736163009945605,0.8343765631403377,0.6785101250382981,0.6060497392371166,0.1950843752253069,0.12424169744052356,0.8977832369805516,0.6610117854731462,0.1536943446953429,0.5379349015713892,0.6171141929770254,0.910605921719895,0.6848701137038137,0.9473684210526315,0.0,0.8955698289140291,0.761081963321103,0.7168482782082314,0.14985120864479756,0.7991885209390012,0.0,0.7748962195383938,0.25317344673712067,0.7248047292671257,0.0,0.9055458446875797,0.9642857142857143,0.21167401659352167,0.7769838275745182,0.14856555155924295,0.7163899414020901,0.6302092605656419,0.837788913732835,0.6056078980159231,0.09513288727045092,0.34299739926301626,0.91034191803808,0.7982511668335779,0.44144938056643845,0.8615504536661049,0.6666340834381691,0.24119140510102158,0.13087657260840732,0.6181929383813878,0.7692307692307693,0.95,0.0,0.9130434782608695,0.6165895473396947,0.26607487159685844,0.9744722016403982,0.7138608420125954,0.6639688953987829,0.0,0.5394107035328449,0.7438303599062727,0.0,0.0,0.794048801787691,0.5745312023938438,0.5301303724643259,0.7586117647136384,0.8169665158454568,0.5897626552142605,0.5417615592304955,0.836570843999212,0.46055867090426683,0.96,0.8804463269326309,0.0,0.7467019789009519,0.9565217391304348,0.6105368994343541,0.0,0.20479843062354397,0.782608695652174,0.782608695652174,0.6881232899573764,0.9706568992444737,0.41877264936135167,0.8791875084293516,0.0,0.8473727174762228,0.0,0.80683275085111,0.9347970112563342,0.0,0.7828277240283492,0.6262246304187651,0.0,0.8547597098245879,0.18762952408577496,0.8243631192012125,0.23769874039237376,0.0,0.6255707742491428,0.7391304347826086,0.9420421008176791,0.9423977961610499,0.8238086404358046,0.8457570636547616,0.6440134480362065,0.7355918632197456,0.7739531850210483,0.7572285581484137,0.07416151531750732,0.782608695652174,0.5814812335157917,0.1161757667557068,0.8311784800641059,0.8562028988886914,0.8802679745504788,0.9351268118054321,0.8898376239818343,0.14124029698175447,0.8401504418893744,0.17550359764938864,0.530784556110624,0.9044944985936356,0.75,0.8148148148148148,0.7417081321480326,0.6758158655657776,0.8820487487371493,0.9022254249267347,0.7720498436224087,0.5331486405241405,0.6819732388399952,0.600454368274648,0.18710968627837146,0.161885695614615,0.7423432584088889,0.9572640702577465,0.9292747876827817,0.8461538461538461,0.783886934969198,0.2511530444983986,0.9155157396438427,0.17777613330377037,0.761542236966531,0.8112588979773915,0.9813446407203897,0.7503355333051743,0.6544071322020416,0.8181818181818182,0.5353748640604488,0.6674483671396293,0.7190946481356771,0.8101440621527,0.9714285714285714,0.43258629212332833,0.8889262403324343,0.9614422859758243,0.31294390485608475,0.7567456168396876,0.9500813847587584,0.7985274696857175,0.0,0.9064068101086291,0.9925925925925926,0.837195960995102,0.2190186193325146,0.05028806906245596,0.8844185327080012,0.8221897258011197,0.9833333333333333,0.7581064185798572,0.8680393241364307,0.37079397067344755,0.8441405884858078,0.655616010445342,0.7176826561986567,0.0,0.8636363636363636,0.7180779659901296,0.8072965627712282,0.16735075572209468,0.9227005411083024,0.198577323395141,0.724561211439559,0.21367436364421127,0.8188855619298473
ig_lora,SNCG,0.0,0.3042415951913276,0.11853634488428622,0.803572299324511,0.5198614190916162,0.4699965482570799,0.09547501653017519,0.08878228647194603,0.8857187077557995,0.5236596823106782,0.08876004668180656,0.29968746933384366,0.32858593091634986,0.8254043065081278,0.49352400710206096,0.6890264696978022,0.0,0.8683363811318493,0.33640277954535935,0.663845044111991,0.1398208087506681,0.34977362724149047,0.0,0.6570768502619839,0.06421364507508542,0.4538019216025893,0.0,0.54449907571125,0.9222566174244505,0.14340011175896206,0.42686589260308816,0.0921643838585309,0.4937697217487178,0.32233702783636153,0.7789912864960622,0.4219845385261635,0.0567642827577153,0.08759106697161383,0.8824347771748695,0.6477320277112278,0.21161519231577977,0.7720457314890666,0.34641690469260683,0.1705962405121405,0.10172842080440628,0.5590453603130944,0.6116121482214524,0.7667698522733517,0.0,0.7238684870133438,0.2972480824201434,0.12412925732062889,0.9679074830892401,0.6977586645823247,0.45665109330865344,0.0,0.3888857323640095,0.4078607905390868,0.0,0.0,0.43536660597618704,0.3031011095378436,0.3762623051372684,0.442350735089607,0.5308208821075284,0.22883387146545914,0.2259034877862058,0.4726012601536119,0.13916900116710687,0.896342156565934,0.5728164336018811,0.0,0.3843666217653734,0.8667256298704867,0.1702275994374307,0.0,0.24642615185343397,0.2952970584419153,0.2952970584419153,0.5216134980390253,0.9619088513532779,0.25740166069320025,0.7095583760623543,0.0,0.6494596248689705,0.0,0.8027318230630813,0.9140274706009034,0.0,0.7653550871176165,0.3988233626659063,0.0,0.6290831864532692,0.15810097470714377,0.4408941241909316,0.14737051097292747,0.0,0.4519359553308454,0.6022359803031135,0.9215600299171143,0.8889880553904377,0.6619273260867622,0.6342084040369842,0.47720545600919206,0.31924678528067907,0.5415094346403422,0.5686327753928194,0.03326191040549079,0.2952970584419153,0.33521363049408026,0.0941503358795986,0.5598600631680503,0.7014909635213092,0.8509245936282736,0.9297257779871576,0.879935390065029,0.07582343133951815,0.5910990898217142,0.18131458018798197,0.2153121597993531,0.873507407442269,0.25838492613667585,0.5515526735539461,0.5733375195684258,0.5003197715392836,0.7189031119486305,0.7524940457188511,0.6008713247119736,0.29009998708111895,0.4428613926749157,0.43483598443043764,0.0,0.13596995218238117,0.6296924679543231,0.6741199343437119,0.9045184158692449,0.6067079409093407,0.3649228661165424,0.0,0.7457460327696142,0.0,0.579695271677494,0.8245069542356734,0.9796431235190636,0.6048706422672555,0.2642352410824752,0.3445132348489011,0.3679448011981894,0.3069563895270194,0.5609729973951143,0.6913194382941641,0.950898916268074,0.23559952234471787,0.8414234418438884,0.5167698522733517,0.2712937951384542,0.5886719595017305,0.937467273814509,0.6314428196139481,0.0,0.8746198850159952,0.9921603311688522,0.7721245452262568,0.09372644262245194,0.0,0.8477633248409836,0.2430073536443864,0.9787972592975774,0.3355266526210927,0.8263190913869675,0.07813359334502594,0.7894714717702016,0.3796720177419727,0.6304277916549688,0.0,0.5111799015155678,0.4218330903191616,0.37641433611880754,0.03789564803945738,0.9109703574371358,0.280174585780013,0.5724449324181434,0.3852431208739302,0.6658482688800051
ig_lora,TPD52L1,0.0,0.5805901102920891,0.14764764122012947,0.856146224325045,0.6730530985298083,0.6010124839985106,0.19918925590152747,0.1244658683188892,0.8959891460736509,0.6562492896111914,0.15458810177620158,0.5319817817439458,0.6100348072362818,0.9024203819571602,0.6786335119798255,0.9335822488206573,0.0,0.8896167090865856,0.5981868409335446,0.7624251537665997,0.15010255175084392,0.7877999438778049,0.0,0.7692019310077957,0.31920808566406617,0.716619189504391,0.0,0.892448981067204,0.9549308116997317,0.14129717593572244,0.7669093170973063,0.15141158887541473,0.7086859039783396,0.6227253384968557,0.8333492989462671,0.6003691525677728,0.09530936221724941,0.33814670903324745,0.9063121138471952,0.7911717810928343,0.4362106351182882,0.8550020218559171,0.711891983837209,0.1629765299800687,0.13192225069434954,0.6363676096456847,0.7625144289126279,0.9369031363796244,0.0,0.9016549011996734,0.6091056252709087,0.26891581366210804,0.9706201829285231,0.7242215036451722,0.6572525550806415,0.0,0.5837624147565215,0.7344754573202901,0.0,0.0,0.8248285890745959,0.5676381162778567,0.6045680467076747,0.749256862127656,0.8068920053682448,0.5820586177905102,0.5350452189123542,0.8251822669380159,0.4973597361213761,0.9495225091036995,0.868540087277744,0.0,0.7370005984414144,0.9451331620692386,0.6608316885644034,0.0,0.20521314674852045,0.7712201185909777,0.7712201185909777,0.6820317254827832,0.9664321045282236,0.41492063064947654,0.9629629629629629,0.0,0.8380178148902403,0.0,0.8412347719569087,0.9306392767736753,0.0,0.8212418281286247,0.619331544302778,0.0,0.844685199347376,0.24807749624998982,0.8124568795463257,0.2372095757997783,0.0,0.6199976407936638,0.7334361462520107,0.9375259409485841,0.9342122563983151,0.8158711473325465,0.8997184064382322,0.6192476499315345,0.7255173527425336,0.7642518045615108,0.7487789687159133,0.0759643755534819,0.7712201185909777,0.5752446317918034,0.11638312481819502,0.8202644270471263,0.8457254079923909,0.8769523128744344,0.9285783799952443,0.8867193231198401,0.1415263081024279,0.9163442560358501,0.17578960877006208,0.5235085207659709,0.8972184632489824,0.7390859469830203,0.8051134343552774,0.7344320968033795,0.6690995252476362,0.8701425090822624,0.8921509144495228,0.763864303859674,0.5269120388001521,0.6748938530992517,0.6461363826677908,0.0,0.165636198005853,0.7373060031702828,0.8695225091036995,0.9824464432537074,0.8360793356766342,0.6628688497721303,0.0,0.8091197072473304,0.0,0.6900959601430876,0.8685137605340522,0.9796213691913929,0.833138387370514,0.7274983552310701,0.8062755785269313,0.551348105302034,0.6584160474014392,0.7131415283082336,0.803755348191541,0.9639446493597855,0.4281466773367603,0.8838889850938282,0.8869031363796245,0.4255695041603153,0.8117744826121422,0.9465416918883865,0.7900778802532172,0.0,0.9021127564626044,0.990652316500685,0.8324334651331472,0.2973306440064737,0.0,0.8756872902944176,0.5824782341428031,0.9789677121265415,0.8184601655359163,0.9111273814239504,0.1135888136510411,0.8383197602100851,0.6474304706826073,0.7137731446701864,0.0,0.8517301239814767,0.7096283765576292,0.7959079857100319,0.23184301133594332,0.916747421280859,0.19890909629512218,0.808415303578877,0.21408907976918773,0.8098532421916571
ig_lora,ID2,0.0,0.6878831472674494,0.16762607542969765,0.8269262866572257,0.7986729562622485,0.7306709223866374,0.261632868606577,0.1524387161607061,0.8960295086735202,0.7115936663620779,0.2181580310061519,0.6459317447147933,0.7009408743269182,0.8591806924966163,0.8006531510735635,0.8597921110153791,0.0,0.8585795393509575,0.6958557119055863,0.7906568058719025,0.16764350893248023,0.8924931986548079,0.0,0.8303322659235622,0.30185648753512795,0.7632833028435742,0.0,0.8448146066701034,0.8815485075819582,0.13750289659872214,0.7916320170837687,0.1710373363391703,0.75761049136601,0.710571347070016,0.853703493376101,0.6801276042568716,0.13100905037894972,0.5077580119042435,0.8768635590760924,0.8009717404865068,0.6212772000869422,0.8370261655199682,0.7766123351739498,0.16087999326704172,0.14083005536959767,0.6704783158607553,0.7844900498515011,0.8625962687950716,0.0,0.8882561042704833,0.7798003429503376,0.34994961542098274,0.9223869709316393,0.7344008839209681,0.7249942081203784,0.0,0.6525937168744603,0.8148228781003108,0.0,0.0,0.8193599893280371,0.6759117519223476,0.6612874446852716,0.7822576353747491,0.8101954080667044,0.6903397455787256,0.6559204963730856,0.8183196764478387,0.6230007139962133,0.8750875170864286,0.8365313967744511,0.0,0.7770309977206891,0.8703738384859165,0.7277708694947804,0.0,0.1942483957987763,0.8810997385802148,0.8810997385802148,0.7358782864098734,0.9164189260099016,0.5916309233790134,0.8611966300745386,0.0,0.8251077505015141,0.0,0.821895676264565,0.8927099478376627,0.0,0.7857999900140779,0.7047992558186271,0.0,0.8748769741389827,0.30239551411665216,0.8128038858111586,0.22470442428036339,0.0,0.6952161016813414,0.7648659663125471,0.8950938100815791,0.8755894018855995,0.863921036192754,0.8235624481210245,0.6910293933169055,0.8389922802596887,0.7899394637775768,0.7803917826615476,0.07783620207370953,0.794902140372709,0.7764479535635892,0.14662116925280297,0.8162610548387429,0.8279070165812884,0.8874913661454976,0.8790697987424408,0.867334858370418,0.16461728457523417,0.820959373729952,0.20107711124071934,0.7217356350211173,0.8589638695321887,0.780181730365807,0.8092949726272557,0.7945303217052523,0.7316903216930276,0.837209344460978,0.8497799015687264,0.8496327342956569,0.6684687691282136,0.7933059329752813,0.702539962499807,0.0,0.18440396561591366,0.7915923840369062,0.8387238807227922,0.8871575945285134,0.871863505717257,0.7343876627720856,0.0,0.8104473420197031,0.0,0.7731095633255435,0.8263919791243357,0.9521659276332572,0.8149734212632276,0.7601420227310515,0.8101887199952611,0.7475971980165892,0.7370477302847935,0.7743028823150614,0.8076861970142856,0.894304822150055,0.6384861726812325,0.8579753406956117,0.8425962687950715,0.38805627134579945,0.8005734710020981,0.9221252822313255,0.8253993186912618,0.0,0.897429464359604,0.9583625056954762,0.8255951916998139,0.2667364958263057,0.0,0.8443728236832269,0.6905626667658811,0.9236645937750397,0.8361172333176867,0.8668805371737667,0.14548000851244944,0.8548703375191724,0.7275729963549117,0.744479911392408,0.0,0.8725130610610162,0.8149241718738213,0.8501682638926413,0.23481439236197718,0.874711314169174,0.21661165801021437,0.8318149215686215,0.19779876900704324,0.8340720621005844
ig_lora,SPP1,0.0,0.6194897904654623,0.20363651844187208,0.8184608536300806,0.6798075133725611,0.7113097355159149,0.3378104076749269,0.17099560306387632,0.9163275357597842,0.6370357348459187,0.14799800980881947,0.5707275194215314,0.6313805063346324,0.8494803975736251,0.8457960368307382,0.84511020091092,0.0,0.8896731724506868,0.6454557598507826,0.7304481859202188,0.25808306130670633,0.7297600154475872,0.0,0.7691445865610187,0.24197668830520533,0.6796050216168076,0.0,0.8131887527735581,0.8900782070980723,0.1777008928709717,0.717034618516473,0.18893249403633758,0.7086046045552465,0.5960460142062554,0.8945414116940736,0.5970596156050645,0.13597122114267246,0.36362828748987913,0.8788918984193447,0.7531929398220656,0.5186888523615054,0.8286993513417482,0.6625520278663619,0.22485917713876724,0.1844544320632764,0.6252113119242869,0.7283910576200058,0.8518445400017497,0.0,0.8869794772355272,0.8121687116632663,0.4646340071303729,0.9416413257970045,0.744311706980515,0.6794148469643188,0.0,0.6138557128068846,0.8455683276580666,0.0,0.0,0.7301301594547328,0.6219918177160711,0.5905314156005416,0.7265879568694341,0.7766974711362916,0.5962277451008369,0.557917033837463,0.7893933331904793,0.48781956271618776,0.8783008721442943,0.8343054421018203,0.0,0.6917792616788648,0.8689394007707786,0.5729858000930564,0.0,0.25175633294063576,0.8107918336044939,0.8107918336044939,0.6894677614868271,0.934971571895348,0.435015588585027,0.8110162382544244,0.0,0.7844793712701446,0.0,0.8228003421646232,0.9012823655937773,0.0,0.78175217244976,0.6700385569905097,0.0,0.7867647198441217,0.3572173559245993,0.7795408551186341,0.22232655962535014,0.0,0.6408492608331713,0.7059678453069438,0.9160826869103944,0.9096470190614636,0.8607989917034071,0.8743237844443961,0.6902993649238184,0.6799245815087457,0.798709415712176,0.770926362840413,0.07290200348989641,0.7150932469246247,0.5859647483095448,0.1914908588929022,0.8077554030522817,0.8505228251850816,0.8905298114163731,0.9259218396554019,0.8894561716982505,0.18094986430108195,0.7736667554884131,0.22914017653399849,0.5658016647446001,0.9246118039049557,0.6886083118533423,0.7530808140013414,0.7802845232003385,0.7349590277240485,0.8725855642072914,0.8293201885563912,0.7747189036823451,0.6175271778674253,0.6456358564280016,0.6137073799020429,0.0,0.24747396787915418,0.712623161041863,0.8068723007157229,0.8938651111826511,0.8710288333983114,0.631362048192446,0.0,0.7837487809683911,0.0,0.685046657740542,0.8354228875401611,0.9661729665131579,0.7142793989600594,0.6128678298818633,0.7436969768016097,0.5365620322797549,0.6890700475971218,0.7418215199648814,0.7683711583704759,0.9103269584221118,0.501965267247448,0.8667795507026177,0.8083662791321844,0.41046065049926794,0.7677837427143053,0.9316630946875902,0.8206337633747078,0.0,0.9337406989755388,0.9753074233336249,0.8041069357719112,0.22865527687536655,0.0,0.8856815331341306,0.5659372691335607,0.9459114987307975,0.6980387458763097,0.8543193783335896,0.1716484789822633,0.8415811065588823,0.681021474344846,0.695388034076432,0.0,0.8580785934710454,0.8641031333112698,0.8938458205233164,0.1626911120298758,0.9150721370580917,0.27699173836521945,0.7301774733120904,0.28332037348434375,0.8174139977790802
ig_lora,TNFRSF11B,0.0,0.3115991449749437,0.09223086344214447,0.7911671837649381,0.5595543332006441,0.5253792566075777,0.3827578511300718,0.07565520843726407,0.8893808858848093,0.5214382659136245,0.09120891286469227,0.34352927237594727,0.3559768949365102,0.7602793364149727,0.8000915687766798,0.580885319037545,0.0,0.80891447634702,0.3660164771738841,0.6711402721202567,0.15498047692870665,0.4043212013508947,0.0,0.6812311045503674,0.09679479645733596,0.46299742849054193,0.0,0.522139265876801,0.816637327078926,0.14967322548955628,0.5858646195631495,0.08816705705556238,0.4878841067114866,0.7186049783218802,0.7747408806084409,0.4414094480372142,0.054577703061896216,0.11965459070993328,0.8535551302969435,0.6240596162442078,0.2722038466528656,0.7331505492823932,0.37062362771394136,0.1797184611902981,0.11964175450700425,0.5612466687661835,0.5950443419726968,0.6332746541578519,0.0,0.7759308383042072,0.717104881532943,0.4639722621965062,0.9344697668716052,0.6999598273867531,0.47972901878892815,0.0,0.3955429287743387,0.7176527364806866,0.6079254234190172,0.0,0.455185944458084,0.36238043069215037,0.4138479083331209,0.5884534164409279,0.5972350467249835,0.3499578874502403,0.38358481740619893,0.4824842404767901,0.19205265805704655,0.7743228640971397,0.5436016425780694,0.0,0.6264098255123555,0.7332906575693469,0.24346134534963543,0.0,0.41080094839967435,0.5958509533581287,0.5958509533581287,0.528428825637905,0.9249384997284037,0.26708448084748704,0.653617330723687,0.0,0.612039582662316,0.0,0.808969904617761,0.88153743024337,0.0,0.7614334647178034,0.44491201353156956,0.0,0.5921392634787216,0.33216861936994907,0.45148182757761157,0.13962060165586743,0.0,0.47027779932737823,0.5901822715665535,0.8848834582758305,0.8111463355208205,0.7562407180974693,0.6134648091259283,0.4865585453782859,0.3708275483554428,0.49674973536963435,0.5987056933426051,0.42421892474252193,0.3696542939329832,0.40112717624890215,0.11136847722124132,0.5270396551266822,0.6065587110080494,0.8431735149721316,0.8530451158251656,0.871308119526762,0.07567103454102321,0.5650077658847537,0.1402377492626177,0.23718471757398085,0.7934163633440933,0.3388497694385679,0.5377464822175211,0.6209475218017322,0.5327279598229198,0.5885263243104644,0.6802898772398515,0.5592892883402218,0.37894595335557013,0.45196828281370544,0.5019676009326409,0.0,0.2821559128842797,0.616701166763126,0.6204767102509858,0.8700725469478071,0.7666863558409717,0.3906098356262205,0.0,0.7248127070906981,0.0,0.5793505586600834,0.8140993503566626,0.9659327330197289,0.5913104892059777,0.31657839996244785,0.4066197233262815,0.4050261546492641,0.39105324524984003,0.5878325561860311,0.6649001303973625,0.8724433579679485,0.3306192873221586,0.8072590432637348,0.5082746541578519,0.3046460596115343,0.6024435810402705,0.9227714694220489,0.6363987270766508,0.449290002492392,0.8848483971688221,0.9761479449858765,0.7467901183254284,0.3048112428776656,0.0,0.7292260202931248,0.3255913656097155,0.9388791090263086,0.38606597675071097,0.8016745906062417,0.07627429729861089,0.7414096137196577,0.37906618102998435,0.6209260945195058,0.0,0.6925737649998708,0.6860765350116832,0.685178621735404,0.05972025695624575,0.8462192056141457,0.18175914780126703,0.5458547413714874,0.195990584814557,0.6016395333442898
ig_lora,INA,0.0,0.3919478197270604,0.09514043594499277,0.7943164728406111,0.6768752557347035,0.48896787364386507,0.1378039826862778,0.08004843749172394,0.8773648739069604,0.5607584723621923,0.11204972070019689,0.379698213031698,0.5634396333689577,0.7974745622931932,0.5518983757517698,0.7272727272727273,0.0,0.8168075686727022,0.4213094123576827,0.6648334760822051,0.1067820706895577,0.5587557321064683,0.0,0.6748743710201609,0.15343845256795188,0.5497396390228343,0.0,0.6759097411459661,0.85,0.10033847496919229,0.6461633841202227,0.24443515318993347,0.5522022310642716,0.4465675599924986,0.7731283511811229,0.48286654525705125,0.056300194453123495,0.18525781652614945,0.8626706082890385,0.6736307990635303,0.2874397387695696,0.7644380670826311,0.4637241994166627,0.12874315278451762,0.08905193617530274,0.5681488146888245,0.6451612903225806,0.75,0.0,0.7333333333333333,0.42891237618108585,0.18457949666334758,0.937735161859118,0.6959147614105065,0.5127350619533074,0.0,0.4072080437250021,0.5413625038687817,0.0,0.0,0.6348918141717749,0.3944061896988688,0.4101521012083802,0.5620564705990938,0.6245071895545488,0.3866127029724945,0.47210403346900515,0.6160752941321251,0.26917895475984666,0.8235294117647058,0.6692727994655628,0.0,0.5347870226487211,0.8,0.3780048628650283,0.0,0.15170254120262516,0.5333333333333333,0.5333333333333333,0.5596943276619196,0.929272736169581,0.30794233594286524,0.7230559330311838,0.0,0.686321804466712,0.0,0.7974286712935738,0.8889493038027101,0.0,0.7619485161636944,0.4598845318637691,0.0,0.6790973586355159,0.13314660782232568,0.6763057437883914,0.29586826713939857,0.0,0.4974827279412746,0.631578947368421,0.8927688369485078,0.8398637282147332,0.687427405375262,0.6660935363902111,0.5079899399747854,0.5069660246507435,0.5735124208193844,0.5858297957652533,0.05053969932748649,0.5333333333333333,0.4241827002253898,0.07410914225590295,0.6217677200961589,0.6708866160127814,0.8386080280209554,0.85640851475679,0.8519257949272906,0.0866871664015001,0.6579950827290965,0.1340031530377568,0.32529442928508806,0.80577864104896,0.5,0.631578947368421,0.5964818841903277,0.5276393147440428,0.6717908908726632,0.7476589471163947,0.6127331248298783,0.36447773241217357,0.5252762012786145,0.4705452419295776,0.0,0.13283972634088284,0.6500420326650506,0.7058823529411765,0.8789649504565514,0.6666666666666666,0.48546437259551256,0.0,0.7450980392156863,0.0,0.600366278303773,0.7986785079552379,0.9907702056739518,0.636126512346357,0.4378279075482385,0.5714285714285714,0.42543253545436394,0.44552393557377373,0.6011156810547165,0.7035123196442635,0.8888888888888888,0.3043645340250269,0.8232764658474223,0.6666666666666666,0.2349436227301757,0.6158157930795982,0.9137276132143654,0.6414935460981411,0.0,0.854543687106158,0.9763779527559056,0.7669314437176725,0.14857257555020878,0.0,0.7514798173290926,0.38716143204856984,0.9423076923076923,0.5266270861468487,0.8805025362060055,0.06923004167263538,0.7563872022124688,0.4574880139271227,0.6455040333103389,0.0,0.6428571428571429,0.5330616063345225,0.5711880629158831,0.09726368708634557,0.8499673280212584,0.15817029216700873,0.5889641047142838,0.16649576290373735,0.6546514902840747
ig_lora,SLC11A1,0.0,0.04712903053956614,0.011219051064186084,0.23447119647481948,0.13260741003568277,0.11339225953112074,0.021502220694221228,0.01365651091716527,0.2573061247460326,0.12344049814818393,0.016510203566077006,0.061254982598965786,0.08137705663987305,0.13968896506391199,0.10870342393366243,0.03718905682713213,0.0,0.17781846256769226,0.549725702427488,0.23563296988160287,0.02140471490402142,0.042961185962477194,0.0,0.15340166492630872,0.05892504692372152,0.07699751730714993,0.0,0.03905056151421313,0.13373756974372517,0.514581177380956,0.058221254536078015,0.014669765744203509,0.08474194656896547,0.05881638637633096,0.19867934943406212,0.09629100001403886,0.010288769599232304,0.017942281092535435,0.22375469001957163,0.1270967952445531,0.05159331057929802,0.1647690051708431,0.10103596533956818,0.03598974943225865,0.011498522950161865,0.1770957595044625,0.11960804763320877,0.05268449717177052,0.0,0.07526356738824361,0.06069231831050661,0.0351353496861368,0.24117442773932554,0.22663095958470617,0.09161341159726141,0.0,0.13030230070979984,0.07018829886208675,0.0,0.0,0.11048908055307029,0.05636907078087278,0.19552485334579242,0.0673551593064827,0.0729680892486896,0.053037258778582466,0.056047830838059136,0.05328667504320494,0.06776471042326215,0.10995025496717326,0.06062341054066006,0.0,0.055352402398078204,0.09031628086589231,0.08271810653680797,0.0,0.011666617843809561,0.03010542695529744,0.03010542695529744,0.10859593865454654,0.23397722607903876,0.06524294730821127,0.18886370220463358,0.0,0.10516436480886229,0.0,0.28763681119354756,0.2242463636538113,0.0,0.28301291822245217,0.07323534090037,0.0,0.08530874249635438,0.09612417710785416,0.03561619678899197,0.012462564362701448,0.0,0.1036357554477407,0.12931649305798223,0.22164215277400695,0.1504126987052023,0.11644018146584004,0.1371237954921584,0.11946835213085553,0.05201711780729734,0.06718021560479319,0.08587712218264618,0.006073066149773519,0.03010542695529744,0.07746696222882649,0.015060302343688863,0.06920079008441801,0.0773239014474719,0.22664132831470277,0.17989898583636388,0.2299407587921026,0.007777745229206374,0.15580332928828314,0.028684559381990687,0.035278572409214184,0.1571326395692957,0.028736998457329375,0.07586567592734955,0.1058439659247034,0.10030875745821811,0.05731178836153038,0.10092035826995045,0.09652345206335645,0.06985575219930924,0.09071834155728477,0.1554288841424361,0.665851330416781,0.03765322400076018,0.1483480718481935,0.5873527754443412,0.2734365411628457,0.07902674575765578,0.48642755326913195,0.7521276053344909,0.5034765812197899,0.6319328447377794,0.1382169142052877,0.31484853671742513,0.2810899240612306,0.22989018932752986,0.12972192735933022,0.03161069830306231,0.12510755770480592,0.04401080570060145,0.13130936457640363,0.14788238091282196,0.17242199074397632,0.06058460392117627,0.19795291871271917,0.5922147676522714,0.15644480520826878,0.17365782791423812,0.2399789900072915,0.10281947230264596,0.0,0.2121157214125939,0.28045581953092824,0.18432801308811145,0.08947082467483149,0.45354792644384684,0.12285055724784241,0.6335491009501469,0.2343551770744277,0.11753084475609664,0.25720594114448103,0.7217731101835444,0.16576026455307522,0.07332098166745488,0.16203146468354448,0.0,0.04741604745459347,0.08206234353887813,0.046435365392302495,0.0625,0.18765854878271032,0.029063521490746223,0.21683875315169357,0.016828576596279128,0.09600922382272001
ig_lora,GPAT3,0.0,0.27434680577933684,0.3750610601933243,0.19605679692507272,0.0,0.0,0.0,0.48831251419851773,0.0,0.2183713491297216,0.0,0.4639670656546985,0.0,0.0,0.0,0.0,0.5270365426634851,0.08475013328784588,0.0,0.16773021034047725,0.22118892271869645,0.0,0.0,0.0,0.4899394669552394,0.49629201365628545,0.0,0.0,0.0,0.0,0.0,0.0,0.21965358722429962,0.0,0.0,0.2678195302128444,0.2619891085511841,0.3175820518181218,0.0,0.0,0.3853270939446723,0.12742034214534081,0.0,0.18694348052964427,0.24944015321498375,0.2547079823487813,0.4079196467494334,0.0,0.0,0.0,0.0,0.0,0.0,0.13960714939651261,0.37834431066679053,0.35043439833598533,0.2023842067371013,0.0,0.0,0.0,0.0,0.45708427390128165,0.0,0.0,0.0,0.0,0.0,0.0,0.30725492480255,0.0,0.0,0.0,0.0,0.0,0.3302766012773826,0.0,0.0,0.0,0.0,0.3387412207580983,0.0,0.5227294745157003,0.0,0.0,0.0,0.0,0.07973355399140569,0.0,0.3587420896055877,0.0,0.18142489793908703,0.0,0.0,0.0,0.0,0.0,0.0,0.3241019840320277,0.445196775691316,0.0,0.0,0.0,0.0,0.16521831756946168,0.0,0.0,0.20362055905685703,0.0,0.0,0.33330467026588406,0.3151075359192429,0.0,0.4237241080118978,0.0,0.0,0.0,0.3850428118118071,0.3740484167904125,0.3769150428738349,0.33552101515043203,0.0,0.39175227005423424,0.3035427761546734,0.21256896052741822,0.1464995755236238,0.0,0.0,0.0,0.21462776263683161,0.0,0.0,0.0,0.0,0.25049041896717505,0.0,0.0,0.0,0.0,0.0,0.0,0.0,0.15182598066184363,0.014639137959251158,0.0,0.19172655350656412,0.3019567131408026,0.5702811860180504,0.0,0.13785762307622043,0.0,0.0,0.0,0.45032060249071143,0.0,0.0,0.0,0.0,0.0,0.0,0.0,0.0,0.0,0.0,0.0,0.0,0.0,0.0,0.0,0.0,0.0,0.0,0.0,0.0,0.17040168436507616,0.0,0.0,0.0,0.0,0.7238439253356511,0.0,0.0,0.0,0.0,0.0
ig_lora,ETNPPL,0.0,0.6930977951217703,0.30623963928583464,0.8381948229171751,0.4526369681662897,0.41914964190355974,0.06791760508066468,0.31827178986933824,0.8478883821591789,0.6024359547689597,0.0627732131237495,0.5379306040305821,0.28277074631417604,0.6184237065949404,0.41966365249112625,0.30843557566469887,0.3860947119551754,0.866052855578055,0.31191900316344673,0.7085943055929683,0.31357450450122815,0.2475494098745725,0.0,0.560258969065219,0.44865925632834736,0.54349185270449,0.0,0.2904793318544165,0.636018724034052,0.11355396082886005,0.31093736903438024,0.07063748880473956,0.5269020237067348,0.2746799952478635,0.690278033337685,0.5455435165678695,0.31431416211097823,0.39818485214372723,0.7902960790914675,0.5221303189103346,0.41459748264208435,0.6796107019039503,0.2810596611145025,0.28191616704987044,0.274453885197043,0.6743421904201782,0.6537614217941935,0.37130506878608993,0.0,0.43459683976049923,0.25634576590524255,0.09871901575715022,0.8703129740371875,0.762002856527044,0.5836294075390185,0.22142654687401814,0.48345333760110115,0.3111371491590854,0.0,0.0,0.3084734875837041,0.5342440929907311,0.37660574361995924,0.3329202720330982,0.3720873628605215,0.20545144135727383,0.2071018855545438,0.3089632263306332,0.3457088841927185,0.5677722347904368,0.34262884224345136,0.0,0.2914060659429272,0.5060254111890706,0.3645268789064326,0.0,0.10911976303160231,0.2203111254747849,0.2203111254747849,0.6251854873105256,0.8540581794302708,0.45524081990523996,0.49013436023552664,0.0,0.46372588663059094,0.0,0.8381524015437534,0.8143808789962229,0.2187990700248417,0.7439579392615805,0.4905278817281769,0.0,0.4298887183580162,0.11615809926360002,0.27801893650792436,0.0788806346321943,0.0,0.5754725426108965,0.6691279997056024,0.8106693388586199,0.6626558797304601,0.5112517037928558,0.45297429231256314,0.5346970372732426,0.24763201178590427,0.37355549280652506,0.552541925319191,0.02387105652853441,0.2203111254747849,0.45532961455607884,0.3132643600266707,0.36439596529829027,0.5919875952553362,0.7803646535162116,0.7447511056161451,0.8280161994530374,0.4433691541553615,0.5562767268367935,0.25713563971971765,0.3224815114311483,0.6757042130094106,0.4319203367750651,0.5599056157514375,0.6183207424810133,0.5545187139252236,0.3913295595461918,0.5024833414554173,0.4516437738174038,0.4341037074350483,0.3684773426331004,0.3951724894174109,0.0,0.08798893382522033,0.6618537654575952,0.4427722347904368,0.7982313645986221,0.41672680921452876,0.30087354464728344,0.0,0.6616871151329398,0.0,0.6083222129642318,0.7977783183382511,0.9388023856373863,0.6179814169476597,0.40026620138981983,0.40219781849941866,0.33738916863282187,0.33121941808839794,0.4778434364176223,0.5718831970283652,0.7340136829479611,0.47173507222240124,0.7281051221845015,0.28039597787699894,0.2169437442816548,0.4726110431172059,0.8521596650583861,0.4746882719576313,0.0,0.7764455994860261,0.9451139345765633,0.6767420350299478,0.07630505765987028,0.0,0.5889665722591892,0.2263318411322545,0.8643991324832743,0.25231351382146355,0.7411948540270533,0.07008745821598518,0.6574593967706823,0.29708950439169507,0.6763340409550658,0.0,0.3141812120497684,0.3338533046518639,0.26086976431323106,0.3246771399779457,0.7508867317328148,0.14986834710312924,0.46466996826753354,0.14021744524621543,0.47149465489243897
ig_lora,AQP4,0.0,0.2904692541029838,0.06694760419784612,0.7595902960534137,0.4770554942363677,0.4153446288519152,0.09471919490486366,0.060519564768524214,0.8415373827022704,0.485835371482057,0.07791720020841215,0.30227728534257486,0.34106608741550937,0.6271909014142324,0.45227632947689594,0.4281303829707912,0.0,0.6956757054194787,0.7145800893595932,0.6542809901495137,0.08087216266690508,0.35806798558731023,0.0,0.5730281391268567,0.15806841241574376,0.4148466814682103,0.0,0.4083045398945913,0.6425814893567444,0.3338033351358255,0.39197887552269733,0.06969208361176432,0.4259737917410977,0.33804128594707517,0.6882091209963479,0.4065728401164787,0.043522058924956315,0.13887630609529486,0.7802324658530666,0.544159058103159,0.22813966897573454,0.6356659414223906,0.3793963274822732,0.09777331866126426,0.06166137385589738,0.5479916075661669,0.5263415927017676,0.46387223403511674,0.0,0.4958924076085193,0.32266419036939303,0.13283307723903665,0.8544697727517023,0.6874804968865245,0.40904979043184003,0.0,0.3744007193513766,0.38538357591406264,0.0,0.0,0.393960751869245,0.3015923951625862,0.399843771829708,0.40262854818932264,0.43923114347926107,0.28246286739489085,0.2728759015586055,0.40332027139703913,0.22207296859212217,0.5915217021219936,0.4328763853933193,0.0,0.3731699641255464,0.5485239865558877,0.2942269736101616,0.0,0.09351071528330045,0.33799767076641407,0.33799767076641407,0.46182710801869375,0.8379773016848145,0.26403899845521533,0.6010848111709609,0.0,0.5061829930790044,0.0,0.8181111229930235,0.8019350415883207,0.0,0.7745752524760696,0.35936740295514535,0.0,0.48389582727277963,0.0994758889645144,0.36433024261047464,0.10792635060708441,0.0,0.4145065612621297,0.533856089156235,0.7974147702219864,0.6635244722041237,0.5381945130670144,0.5258058141119061,0.43118134390377955,0.34306109946705693,0.40516051044044227,0.44059411285787753,0.033738533922529124,0.33799767076641407,0.3380044092690821,0.056867597285838886,0.41851196330502044,0.467953724608531,0.7728416764539959,0.7174174504660874,0.7896039519879494,0.05984685778131229,0.5454545454545454,0.09959228655576795,0.23531874264201041,0.6557424279353984,0.3210977872280934,0.45312851063312465,0.472607765684095,0.42225070004649123,0.4348349009321751,0.5399916723934987,0.46884109787424805,0.2845841749098887,0.41378683580732395,0.42419199277086733,0.5434274912614033,0.09734186317343899,0.5629959412880019,0.8168314094523413,0.838897990818848,0.47372526111644847,0.6456640082364891,0.4468656367384348,0.8725488802256355,0.4293427363066957,0.5223366828399842,0.839005295464102,0.9296374400950075,0.5929423919143719,0.3644173834921655,0.35677531914232596,0.36686513550337135,0.3111183356644446,0.5015530065632915,0.5848070889952044,0.7232888949858667,0.25353721781524075,0.7217941717051759,0.768475301317371,0.24660523616460542,0.5437165849095318,0.8389711173815713,0.4880113816599671,0.0,0.7668907221261095,0.9345187461416936,0.6758379137116173,0.1530429948240212,0.32786083701621754,0.575173527915458,0.7431939194640745,0.8468206382957477,0.3945930854919051,0.7624499016099608,0.5815894483052406,0.6441044445469076,0.3357738599576004,0.5794713287281249,0.0,0.41233087469788154,0.3956434329724402,0.3678829835947428,0.1076812076339106,0.7255194888331793,0.11260171033049778,0.5171578643107958,0.10460563155913458,0.48678548162109747
ig_lora,RANBP3L,0.0,0.39307262618738953,0.09989703937241264,0.799580053585515,0.5693790551302516,0.4919042695016642,0.15630208855279826,0.0829070114236928,0.8811215310029346,0.5650640293318377,0.12038339234077984,0.3801837947823607,0.44537579601398,0.8163776801425277,0.5576315734485356,0.7637297148241499,0.0,0.8297819891559651,0.423480025713208,0.6685634837899053,0.11123097499343111,0.5727595092741804,0.0,0.6833114391083138,0.16415860581442954,0.5578716732517183,0.0,0.7043830947266447,0.8756472183284999,0.11186551113231942,0.5787574508928808,0.27964383413137817,0.5597822062365024,0.4497931256938062,0.7813368611695753,0.4857973670496988,0.057781558323032126,0.1813145935209861,0.8715986039413696,0.6847353686101385,0.28560405308691267,0.7773972675769578,0.46831607885567,0.1431193542880966,0.09600425823512265,0.5702032743181278,0.6545765716080499,0.785208831658318,0.0,0.759806939160107,0.4314588963511852,0.19930757681759959,0.9474814721998064,0.6973148114510611,0.5177361356264677,0.0,0.40826769115277584,0.5507656434535333,0.0,0.0,0.593032324558361,0.3954994082485366,0.4111616597073138,0.572548766327546,0.6399074447190221,0.38756909702105424,0.35886659860769415,0.634173325730241,0.2662563329786387,0.8523310717650936,0.6928551031353367,0.0,0.5443472543648444,0.8312355105886784,0.3787335300605772,0.0,0.16549292063953694,0.5455212248743927,0.5455212248743927,0.5654881946002555,0.9399627339886579,0.307014191607007,0.7430755486574439,0.0,0.9680528936726811,0.0,0.7985848569838266,0.8986946084701954,0.0,0.7641914693345101,0.4632356242811922,0.0,0.6977088002165166,0.14590633201525957,0.5979450592821672,0.1897562834269522,0.0,0.5010295667881897,0.6388458688713918,0.9035865101156508,0.8606098532780476,0.7009575951092937,0.6839400472508999,0.5114491563608874,0.5154520936444049,0.585224063544989,0.595971929583742,0.05845953084606962,0.5455212248743927,0.4260457259365076,0.07649948983200965,0.6390387113186693,0.6901481012786739,0.8454066733961333,0.872334503885767,0.8584487675028745,0.09102110635174532,0.6753652139626609,0.14070289231981487,0.3239089321564431,0.8221888554671252,0.5091531432161,0.6465165082356388,0.6051403668729878,0.5331371968435608,0.6955668938814448,0.7703034233139178,0.6236040062677641,0.3645315166744061,0.5310823923329043,0.47331043142114365,0.0,0.15012847867699114,0.656724339197761,0.7273310717650936,0.8892901924305124,0.6845468910730292,0.4905794359637213,0.0,0.75274594296483,0.0,0.605532874533018,0.8002467657113412,0.9706411366275576,0.644168384716588,0.44140529115727356,0.5874843960185768,0.42666252925232206,0.4496649897645373,0.6079274761774655,0.7141626155156936,0.9091268133939038,0.3031977676703574,0.8339874801285598,0.6942997407492272,0.24954497455580685,0.625190346461861,0.9222049172367633,0.6541658503863065,0.0,0.8640021647089976,0.9812483900654088,0.7757190218037415,0.16273529998538766,0.0,0.7699930061657876,0.3881397752601725,0.9536724931027746,0.5368723507961204,0.8224973788769553,0.07153743081517003,0.7673228786139679,0.461609107934454,0.6503799157508879,0.0,0.6644074729416537,0.540805186087978,0.5860798637128389,0.105975002118527,0.8638891702001943,0.16805541246515954,0.5965061464794766,0.1816309806771139,0.6692489222103534
ig_lora,ID3,0.0,0.6574346283093361,0.1660615514981141,0.8237720718549169,0.7228698457678085,0.7480239045661633,0.2850305900951745,0.1487333294365664,0.8928809062436512,0.68752384151525,0.2261537031788575,0.6263042651784861,0.6677480843842397,0.8653850029324669,0.7772986441418324,0.8474040938533991,0.0,0.8550762788623655,0.676248182395019,0.7637086729180766,0.18656591855930185,0.8648900258407418,0.0,0.8037954318959404,0.2857047761050236,0.7375455677487545,0.0,0.8294409914118916,0.8754319133497135,0.1472260460270484,0.768037090873903,0.1680236564037857,0.7358778411391238,0.6777408548916684,0.8392612291841853,0.6503740655624242,0.12699354836533913,0.4631355115168416,0.8728882375187345,0.7833009814996266,0.5761591331150812,0.8255439655865598,0.7569146588622713,0.1772131620879467,0.15230202125150358,0.6608357540917434,0.7649360625689327,0.8511259452228284,0.0,0.8717496322516475,0.7504244996351835,0.3409382619022211,0.9231491400638545,0.728359102443053,0.7122793747931292,0.0,0.641840839848189,0.7866662652281989,0.0,0.0,0.8006771679874874,0.6622286993025726,0.6799559941341506,0.7579039421656703,0.7901551737471881,0.6536017096621968,0.6170810760687548,0.7985748446844962,0.6040226689591938,0.8673079076986079,0.8201391382942754,0.0,0.7511899413429513,0.8612764489576356,0.6947569114523375,0.0,0.1967486955033327,0.8591556261668086,0.8591556261668086,0.7223845474183932,0.916589054304739,0.5466053809323437,0.8511366297631474,0.0,0.8086244866014326,0.0,0.818660767025829,0.8903378031343453,0.0,0.7915605061791486,0.7021190362831329,0.0,0.8672225716205408,0.31103554152158036,0.7972263900603898,0.22115960470411367,0.0,0.6800559111286021,0.7447188620020293,0.906751018173715,0.8689225137979162,0.8472013292478117,0.8157550911099065,0.6912020227340414,0.8026268039128824,0.7728049222960128,0.7869041380663038,0.07595305202243548,0.7703673580485446,0.7400818005317747,0.16327439033587443,0.8014290394782064,0.8169556114359512,0.8658799864009913,0.8783599692795697,0.8873204810471345,0.16133393031273283,0.8029803243246744,0.20553377375511972,0.6971664302514446,0.855029607073813,0.7532480834252436,0.7895034115444992,0.789130187612964,0.7341734191776774,0.8274408866524129,0.8373196766432142,0.8438170139700681,0.6554863849576027,0.7744456521332109,0.6898694770196127,0.0,0.1792323618912008,0.7601571600555409,0.8238296468290427,0.8944153516708528,0.8540769394570208,0.7043106123893291,0.0,0.7987020469266995,0.0,0.7629910745679233,0.8377204915513814,0.9541072204834404,0.8009282822905937,0.7328406211420682,0.7882828780031619,0.7198896433319891,0.7260785585804834,0.7613302697746179,0.792130166167688,0.8910029241809994,0.5734208496056373,0.8509634007044183,0.8267357013203893,0.40590851580479287,0.7890666578806329,0.9264943699401221,0.8252668823963669,0.0,0.890040745012653,0.9608728445777945,0.8150255474850865,0.26126968081228585,0.0,0.8389796948753997,0.6768049862732565,0.9246439969646414,0.8207130031925034,0.8618604807661653,0.1456198675864152,0.8509143564851639,0.7324048261831142,0.7270557013573405,0.0,0.8532078839415448,0.8149996871755812,0.8260417739244026,0.2247203402371421,0.8734416840400273,0.22577484160806643,0.8240050300386296,0.20251408719282207,0.8251064775603473
