rank,gene,attention_score,predicted_attention,residual_attention,residual_zscore,expression_mean,expression_variance,dropout_rate
728,FTH1,0.00297967749122674,0.009475025090781412,-0.006495347599554672,-0.130719964568378,2.400054915635499,3.710532025338529,0.36597232780903144
372,ROBO2,0.016769752764183687,0.009387788476689713,0.007381964287493974,0.14856327476183132,2.1048721950406764,3.5860895175041483,0.4273985099589479
196,NRXN1,0.025276848011257624,0.00934939353583971,0.015927454475417914,0.32054270426325254,2.2659662751990366,3.6086712724013017,0.3925802037403071
205,KCND3,0.024750558558905844,0.009323856567740377,0.015426701991165467,0.31046497616699253,2.171904908943329,3.6041540874157842,0.41447468450661396
748,GRIN1,0.0018915630884794865,0.009305942510191251,-0.007414379421711765,-0.1492156347982243,2.1455831487833716,3.483842734201393,0.4128021894480767
99,SYT4,0.03611179470197212,0.00930528686743589,0.026806507834536232,0.5394854856686604,2.1152526129901603,3.601075227182557,0.42770259996959104
472,CNTNAP2,0.012496487802416856,0.009296331586227932,0.0032001562161889235,0.0644036829102372,1.9739339187391054,3.527949007483823,0.45552683594343923
702,FTL,0.003935029461840545,0.009255036551308785,-0.00532000708946824,-0.10706603881930628,2.5180467375644997,3.7585095902198686,0.3465105671278699
689,TUBB2B,0.0045107626264302425,0.009248970215934238,-0.0047382075895039955,-0.09535722587965079,1.9936865180607373,3.4795802687668034,0.4486848107039684
328,CPLX2,0.018010362010143277,0.009247464227836788,0.008762897782306489,0.17635479396021178,1.9921797759209778,3.559737006444995,0.4544625209061882
849,RGS4,-0.006288145495541464,0.009233279356341106,-0.01552142485188257,-0.3123712896947868,2.121375799824285,3.6475661816585454,0.4308955450813441
311,SNX10,0.018623633633741088,0.00923275774193285,0.009390875891808238,0.18899295919549708,2.2009565241895683,3.5178960760371947,0.40383153413410366
492,RET,0.011737857940532781,0.009229485142431337,0.0025083727981014443,0.050481425091797025,2.1051130107708342,3.550152554931639,0.4281587349855557
658,KIF5A,0.005687398494014617,0.009218763916481264,-0.0035313654224666466,-0.07106932397805545,2.249603322500584,3.501761417411526,0.3918199787136992
770,CADM3,0.0002359719041908348,0.009213510479804995,-0.00897753857561416,-0.18067447608130918,2.0099135010137603,3.425019697974143,0.441994830469819
499,SULT4A1,0.01148086263745296,0.00919599641641395,0.00228486622103901,0.0459833175792131,1.9911316561612118,3.398335638291112,0.44488368557092894
399,NRCAM,0.015490766540368683,0.009194264807227424,0.006296501733141259,0.12671815801164907,1.968593338123912,3.4696727140216708,0.45491865592215297
442,PTPRN,0.013693118653361203,0.009193629004052926,0.004499489649308276,0.0905529871216878,2.2241013649452417,3.5355432758954866,0.400486544017029
578,VSNL1,0.00871989822385455,0.009191647024402717,-0.00047174880054816695,-0.009494024076103332,2.1386016441155506,3.6284052247880734,0.4264862399270184
777,RAB3A,-4.138913693563229e-05,0.009183311390540374,-0.009224700527476006,-0.1856486519964283,2.0918151563420238,3.4297059261494756,0.4240535198418732
214,REEP1,0.02362068615557933,0.009171133108800036,0.014449553046779293,0.2907996890625817,2.2824612644403723,3.5274860370985897,0.3869545385434089
711,NAP1L5,0.003417745316540377,0.009142883476745134,-0.005725138160204757,-0.11521936986133663,1.936433784507848,3.402744067103934,0.4588718260605139
465,ELAVL2,0.012576283296560131,0.009138301519833927,0.003437981776726204,0.06918996237725437,2.4005529764047884,3.589724505639926,0.3646039227611373
827,TAGLN3,-0.004350655949442284,0.009132964254212245,-0.013483620203654529,-0.2713601278853851,2.2953447495112433,3.557718824574752,0.38680249353808727
242,CLSTN2,0.021731549200751266,0.009098981582602108,0.012632567618149158,0.2542325512441107,1.9489137710152797,3.533681345670629,0.46571385129998477
337,CADPS2,0.017590824122677262,0.00908198505290371,0.008508839069773552,0.17124181957484247,1.9828303587115201,3.633265979665729,0.4649536262733769
559,GPM6A,0.009222769798509334,0.009078597857756908,0.00014417194075242584,0.0029014845930959246,1.823035684552559,3.4105980245567116,0.48684810703968373
704,GUCY1B1,0.0036524353511760976,0.009074078992216565,-0.0054216436410404675,-0.10911149154015598,1.9232237946849242,3.4066390691748185,0.46358522122548274
443,AKAP12,0.013541943533772638,0.00906687109225406,0.004475072441518579,0.09006158670189397,1.9002278556951526,3.5650310337019735,0.47970199178956974
506,SLC8A1,0.01118254475309255,0.009064947215788845,0.002117597537303704,0.04261700714298986,2.4157390766711493,3.6464973264672578,0.3664284628249962
854,ACHE,-0.007026197555156433,0.009046510353740034,-0.016072707908896467,-0.3234659540796373,1.8414397123460942,3.3622515472731456,0.48000608180021287
541,TMEM130,0.00984988395209424,0.009044693708459624,0.0008051902436346167,0.016204589285712147,1.8409521471613557,3.373574599776056,0.48091835183214227
448,CLSTN3,0.013241010940231668,0.009010272886306743,0.004230738053924925,0.08514431599396935,1.8169165257527637,3.319271954862709,0.48350311692260906
763,PCLO,0.0006866563659602698,0.008956110350531104,-0.008269453984570834,-0.16642415441123504,1.8074622925727712,3.5526231840457476,0.502508742587806
471,MOAP1,0.012193503067575828,0.008954378678278592,0.0032391243892972363,0.06518792395814697,2.3455550324673946,3.573718283877792,0.3799604682986164
599,NCDN,0.007862726820269672,0.008952501270925336,-0.0010897744506556638,-0.0219318943896089,1.8491751563470187,3.355667968249759,0.47970199178956974
592,CEND1,0.008045530348295582,0.008951505855974786,-0.0009059755076792041,-0.018232909701670817,2.4574140834484774,3.5402162170857423,0.3519841873194466
761,CHGB,0.0008706802504587219,0.0089354110650838,-0.008064730814625078,-0.16230406613089882,2.544245551668011,3.91363568119195,0.3574578075110233
580,STMN1,0.008371394125011311,0.008901065305546643,-0.0005296711805353321,-0.010659721730245427,2.448612942976942,3.5692815742568182,0.35700167249505854
552,NSG2,0.009288574640945124,0.008889692424393802,0.0003988822165513217,0.008027571798947112,2.4591707799933173,3.5161797727546498,0.3512239622928387
581,TUBB4B,0.00831346065003058,0.008872715333439373,-0.0005592546834087934,-0.011255094708851299,2.472752014211397,3.5326607723579,0.3495514672343013
487,GAP43,0.01149757785532779,0.008865293175547233,0.002632284679780557,0.05297517258327926,2.5484803755887815,3.678878446238394,0.3421012619735442
637,DCLK1,0.006254879637691113,0.00886504947521452,-0.0026101698375234073,-0.05253010765765676,1.7681501193066305,3.318272829172531,0.49764330241751553
593,TMEM59L,0.00787938538870736,0.008840770343271312,-0.0009613849545639513,-0.019348034153828568,1.7626114700180344,3.3032415689339496,0.4984035274441234
614,GHITM,0.007156287618506341,0.008831163135762692,-0.0016748755172563516,-0.03370715191396462,2.415347112476611,3.5426025361971156,0.36429983275049416
888,SV2B,-0.011896210824864362,0.008819246614818428,-0.02071545743968279,-0.41690207044789,1.7454703930279447,3.3102954215165203,0.5032689676144139
363,SCG3,0.016420094039342303,0.008790817505463996,0.007629276533878307,0.15354047537953228,1.7455271127324818,3.3176604747078002,0.5043332826516649
565,NTRK2,0.008744535343459814,0.008787492681923453,-4.295733846363878e-05,-0.0008645236726521884,1.7079784235701423,3.332649457472277,0.5140641629922458
618,LDHA,0.00692319713394951,0.008776374776696634,-0.0018531776427471239,-0.037295512224076156,2.4807509047686023,3.6255815735425774,0.3559373574578075
824,CHL1,-0.00437563326661039,0.00872655002772818,-0.01310218329433857,-0.26368364583317405,1.6902449449581503,3.3234557405505494,0.5187775581572145
611,SLC38A1,0.007039882364458905,0.008697744255569299,-0.0016578618911103939,-0.03336474982186847,1.6696091729932747,3.300544670748161,0.5225786832902539
636,CTSB,0.006091796104548797,0.008671929972406327,-0.0025801338678575307,-0.05192562870863648,1.6900890217392175,3.213805220422182,0.51254371293903
483,TUBA4A,0.011454153366246667,0.008667765465205746,0.0027863879010409202,0.05607652586950042,2.520374929561109,3.6040331203183067,0.3475748821651209
930,AMPH,-0.021342331842577777,0.008656968980701486,-0.029999300823279264,-0.6037409823862295,1.6931851571770922,3.2446840144085103,0.5142162079975673
861,SPP1,-0.00812417732373144,0.008633064964382788,-0.01675724228811423,-0.3372423237697394,1.6815110965611184,3.7075881917903537,0.5485783792002432
819,GABRG2,-0.004111872956232221,0.008607842810289066,-0.012719715766521287,-0.25598642241001834,1.6408245151573149,3.226699232303074,0.5260757184126501
829,SV2A,-0.004949476781579809,0.00859618620535858,-0.013545662986938389,-0.2726087493499463,2.5966352524444316,3.5542905948250905,0.3281131214839592
912,SEZ6L,-0.017695875804269456,0.00850089649109646,-0.026196772295365916,-0.5272144552342172,1.5944504720893566,3.204874596905805,0.5374790938117683
410,FGF12,0.014240063130968372,0.008444739182056377,0.005795323948911996,0.11663187068171477,1.6164774449252615,3.2947835404152332,0.5396077238862703
509,ACOT7,0.01039847743332245,0.008440378766821372,0.0019580986665010784,0.03940706550084511,2.612985533613736,3.5787356920213744,0.32917743652121023
864,DNM1,-0.00873097458644656,0.00840275238439184,-0.0171337269708384,-0.34481914142759884,2.627231225077589,3.6815050996184207,0.3335867416755359
461,PNMA8A,0.012014670515402948,0.00839202442842446,0.003622646086978487,0.07290636272738767,1.6261008419556342,3.1627397441185217,0.5295727535350463
239,CDH8,0.02120561264632581,0.008378516664585823,0.012827095981739988,0.25814746732926086,1.6094245143467791,3.248299461694059,0.5394556788809488
667,ANXA6,0.0044613984006503515,0.008372237946567485,-0.003910839545917134,-0.07870630463409684,2.614672372659785,3.5683392985799474,0.3294815265318535
468,GABBR2,0.011711710134336917,0.008348251780418233,0.003363458353918684,0.06769016593994268,1.5652498463354154,3.169246763703183,0.5449292990725254
386,FBXO2,0.015162819836209818,0.00833334422186479,0.006829475614345028,0.13744434714917947,2.684717432327601,3.593023032289655,0.31579747605291164
554,PEA15,0.008675787660531564,0.00831802115856834,0.0003577665019632234,0.007200111117007898,1.5560181756540152,3.162346000926507,0.5472099741523491
411,ATP8A2,0.01400021841707888,0.008222741750370889,0.005777476666707991,0.11627269112102286,1.5446186031321645,3.107972557789715,0.5481222441842786
851,SNCG,-0.007653140297337879,0.00821666508626935,-0.01586980538360723,-0.3193825065796972,2.784415815178325,3.6300874650105968,0.2977041204196442
300,KCNJ6,0.018000895451708465,0.008189968873726292,0.009810926577982174,0.19744655001138264,2.8539191139956106,3.9568091698323826,0.30424205564847195
463,RAB3C,0.011686968884538962,0.00818183078488989,0.0035051380996490716,0.07054149468841532,2.7533485814186838,3.6509149582427947,0.30697886574426025
713,INA,0.0023992964363329095,0.008177339048661317,-0.005778042612328407,-0.11628408087196633,2.6902400674593125,3.5645673465582943,0.31579747605291164
656,CADPS,0.0047044383865811334,0.008176458447397592,-0.0034720200608164588,-0.06987498857824682,2.6820302791048234,3.6016692379663873,0.32020678120723733
717,GFRA1,0.0021626555734849395,0.008157044937892613,-0.0059943893644076734,-0.12063809570070687,1.5604944273371582,3.2800250810941862,0.5573969895088946
505,KLHL1,0.010313920182954961,0.008151646107092108,0.002162274075862853,0.04351613000715962,1.5200821397277164,3.1897916072505503,0.5607419796259693
502,NMNAT2,0.01033803916830689,0.00812085448245797,0.00221718468584892,0.04462121528270342,1.529728862113564,3.087052045548702,0.552227459327961
800,TH,-0.003229413738402853,0.007911432989795027,-0.01114084672819788,-0.22421141705666436,2.8525219253493637,4.041285727743997,0.31594952105823326
897,SERPINI1,-0.014484376307549895,0.007903176860858736,-0.022387553168408632,-0.45055327864942857,2.807876395523926,3.671626833080821,0.30150524555268354
476,NPNT,0.011042759723678741,0.00788222469037546,0.003160535033303281,0.06360629993056055,1.4858852700126481,3.187397518516768,0.5739698950889462
801,DHCR24,-0.003302006945698377,0.007872301616415205,-0.011174308562113582,-0.22488484210079188,1.4541439043995004,3.0216292217976566,0.5703208149612286
508,CNTN1,0.009815713429144057,0.007800893934830802,0.0020148194943132554,0.04054858171506669,2.8386721819850274,3.475088052976888,0.2832598449140946
720,CTNND2,0.00166356955126723,0.0077329753402168196,-0.00606940578894959,-0.12214781388096839,1.4246705526356054,3.065850750338508,0.5829405504029193
566,CELF4,0.007392139078518156,0.007503490668283452,-0.00011135158976529561,-0.002240969500962637,2.894950237096348,3.5164105082209662,0.27915462977041205
633,ENO2,0.004953947698237315,0.007465949774423371,-0.002512002076186056,-0.0505544649245942,2.87086793786817,3.4610012163704695,0.28173939486087884
739,BASP1,0.00017316938831224427,0.007363622141383496,-0.007190452753071252,-0.14470907287186804,2.921638848083466,3.4524079929058065,0.2715523795043333
804,PCDH7,-0.004147456342555977,0.007275331739685052,-0.01142278808224103,-0.22988553429919775,1.3421951199313111,3.060104285493609,0.6109168313820891
760,PAM,-0.0008143501354427873,0.007233737852136225,-0.008048087987579012,-0.1619691264331483,1.3378147944604142,2.964783317674579,0.6063554812224419
663,ATP2B2,0.0034515859582758823,0.007130452085769899,-0.0036788661274940165,-0.07403780051290794,1.3001073188869756,2.8811784144642703,0.6115250114033755
701,CAMK2G,0.0017420123023453304,0.006991287176120685,-0.005249274873775355,-0.1056425410637973,1.2804895316706562,2.816969828905195,0.6145659115098069
751,FEZ1,-0.0007238902472253006,0.006889816604150075,-0.007613706851375375,-0.15322713289648152,1.2563448555998575,2.8096559416672484,0.621712026759921
583,CALM3,0.006238268709792605,0.006856552336083017,-0.0006182836262904117,-0.012443062127642401,3.0310416752908913,3.3161597139988555,0.24752926866352443
286,TMSB10,0.01719737928897702,0.006767214559816066,0.010430164729160956,0.209908822113191,1.2241403226803576,2.9985761478765545,0.6443667325528357
146,DDAH1,0.02789415110714133,0.006712599476978718,0.02118155163016261,0.4262822945438605,1.241740581746286,2.726221778702798,0.6230804318078151
202,PGM2L1,0.022384063614630856,0.006709848563629612,0.015674215051001243,0.31544621818923035,3.0449743934868043,3.4795493585309867,0.2583244640413562
590,RSPO2,0.0057962720517032995,0.006597597372867399,-0.0008013253211640991,-0.016126807069955375,1.218076163447893,2.69613038002241,0.628858142010035
703,TUBB,0.0012171899185710044,0.006546414241847536,-0.005329224323276532,-0.10725153720232138,3.0522893522189642,3.2179788503246236,0.24235973848259085
429,TBC1D9,0.011550802692999351,0.006480482975511746,0.005070319717487605,0.10204103839889467,1.1972133014597226,2.68401024872826,0.6352440322335411
642,NRXN3,0.003589627682565766,0.006456865977739183,-0.002867238295173417,-0.05770365367049229,3.121912185837878,3.3973809112908597,0.2402311084080888
745,OLFM3,-0.0011141168138405488,0.006185617312111181,-0.0072997341259517295,-0.14690837890929997,1.152839850175908,2.6819638072473353,0.6513608027976281
585,FRY,0.005481837877810092,0.006131275103409456,-0.000649437225599364,-0.013070033561491896,1.1432288077757904,2.6483906903054026,0.6524251178348791
478,KCNN3,0.009158844138280331,0.006007024149378874,0.0031518199889014565,0.06343090819394334,1.132979061726965,2.688468492106152,0.6600273681009579
243,RIMS1,0.018603891285470353,0.0059763887060873796,0.012627502579382974,0.2541306164857464,1.1214806787241094,2.610492701024152,0.6580507830317774
539,RCAN2,0.006887074271900051,0.0059115523009153235,0.0009755219709847275,0.019632543990646435,3.191027486610605,3.2990380900149834,0.22882773300897064
376,ZNF385D,0.013030437837920905,0.00577166269453694,0.007258775143383965,0.14608407248567087,1.091862063558277,2.6095403466060683,0.6689980234149309
709,ERC2,6.901734748998578e-05,0.005717990668479782,-0.005648973320989796,-0.11368653964233212,1.0821907431117135,2.535337299248269,0.6673255283563935
810,MDH1,-0.006312900077832084,0.005711221754931161,-0.012024121832763246,-0.24198747732183495,3.2082954059067865,3.355993553866119,0.23278090314733157
176,RGS16,0.02266968917510348,0.005671273993647612,0.016998415181455867,0.342095968873295,1.0882952169845144,2.6210390465946043,0.6726471035426487
841,ELMOD1,-0.009445832127334741,0.005571340441755861,-0.015017172569090603,-0.3022231275633854,1.0625904123456966,2.477944838952542,0.6709746084841113
774,OXR1,-0.003643459451482811,0.005549434403230723,-0.009192893854713533,-0.18500853734931788,1.0557715689036955,2.540508537970749,0.6772084537022959
408,LMO3,0.011393190692077448,0.005548711853825726,0.0058444788382517225,0.1176211211097122,1.0751351822326207,2.613303267264075,0.6776645887182606
496,EEF1A2,0.007881131000960051,0.005500715647063472,0.002380415353896579,0.0479062599730177,3.233446369821338,3.107297410964236,0.21453550250874254
551,DPYSL3,0.005919648403300226,0.0054913700503540315,0.00042827835294619466,0.008619173995609913,1.0494440911852356,2.4380416006636287,0.6729511935532917
281,DYNC1I1,0.016028025820419345,0.005391851328720801,0.010636174491698545,0.21405480328616164,3.264937399276621,3.3535238008919084,0.22609092291318234
527,DLK1,0.006703948705185092,0.005299063949656239,0.0014048847555288534,0.028273542354835025,1.0755626257472108,2.7669590753804423,0.6930211342557397
334,RALYL,0.013824951668851004,0.0052583130685559,0.008566638600295103,0.17240504486279534,1.0103721283321336,2.4051789970460784,0.6845066139577315
233,KCNQ3,0.018276489611176006,0.005246977712663778,0.013029511898512227,0.26222112175082823,1.020363427880243,2.496859522425067,0.688611829101414
768,DKK3,-0.003520987849500612,0.005232076324947508,-0.00875306417444812,-0.1761568909456123,3.276113149498965,3.201068294786287,0.21651208757792306
884,APLP1,-0.015194269224074852,0.005130477299308745,-0.020324746523383598,-0.4090389474429548,0.9960201394367464,2.38950790384036,0.6893720541280219
828,SLC6A3,-0.008524596578964483,0.005011608410096209,-0.01353620498906069,-0.27241840554947816,3.375962486828629,3.6021344949777045,0.22502660787593132
681,SLC2A13,0.0004574880398836023,0.0049458022317385155,-0.004488314191854913,-0.09032807915795736,3.355565966701688,3.2844221675414307,0.2096700623384522
327,LGALS1,0.013682375372985445,0.004918974086531566,0.008763401286453879,0.1763649270659922,0.9929688759462028,2.470614236068892,0.6998631594952106
533,PLCB1,0.00598140296163896,0.004790970905584787,0.0011904320560541725,0.023957645653810856,0.9637055700033209,2.3632536545860128,0.7019917895697126
420,TMEM132B,0.010227518506771727,0.004688497955799549,0.005539020550972178,0.11147372162441953,0.9536032587492441,2.3246772243595024,0.7038163296335715
738,HSPA8,-0.002546006985500504,0.004637214771789056,-0.00718322175728956,-0.14456354786371578,3.430251917282892,3.5094619154458684,0.21392732248745627
297,PPM1E,0.014439014716632226,0.004549212993711296,0.00988980172292093,0.1990339255896237,0.9257254447277204,2.232174684856107,0.7068572297400031
507,ALDH1A1,0.00654289533528013,0.004498236627993816,0.002044658707286314,0.041149100902500776,3.878712556898458,5.4167626036213985,0.2419036034666261
299,GPR158,0.01428691264025872,0.0044369430210722685,0.009849969619186452,0.1982322977923351,0.9167969994128464,2.273637770324779,0.7140033449901171
626,STXBP1,0.0022369999439510457,0.00442358114541023,-0.0021865812014591843,-0.04400531500426912,3.3954030631377496,3.147096983769222,0.20191576706705183
361,KCNIP4,0.012080979707483563,0.004384564897905168,0.007696414809578395,0.15489164448729476,0.9229896470440364,2.3556658104142105,0.7191728751710507
586,NEFH,0.0036693219177498793,0.004342378819694788,-0.0006730569019449085,-0.013545383526629687,3.4553621690150655,3.3569132061915514,0.20389235213623236
290,UNC13C,0.014594891032558732,0.004303790671838694,0.010291100360720038,0.20711012827322361,0.914497512069361,2.3088699299138873,0.7196290101870153
790,APOE,-0.005517946920691297,0.004301216583516178,-0.009819163504207475,-0.19761231953915961,0.9167171872225565,2.5391313603360226,0.7346814657138513
556,CPE,0.0045018263357425314,0.004280925520201723,0.00022090081554080807,0.004445666123026131,3.4181486855189367,3.1364714920534507,0.1988748669606203
451,AHCYL1,0.008289120853243404,0.004245143452359726,0.004043977400883678,0.08138572639208372,0.8846617908275636,2.157403360209788,0.7175003801125133
638,GALNTL6,0.0013434307745261442,0.003989664596686085,-0.0026462338221599404,-0.053255901423367676,0.8626525844169828,2.27090381221356,0.7354416907404592
402,TMEM178B,0.00985954502138986,0.0038394792914845963,0.006020065729905263,0.12115483688147415,0.8506019318466552,2.166039851142483,0.7342253306978865
730,GRIA1,-0.002878022770429034,0.0038119662562551724,-0.006689989026684206,-0.13463715607628987,0.8466429908930658,2.1328606309617637,0.7334651056712786
587,PID1,0.0029692023731509587,0.003708412435229068,-0.0007392100620781093,-0.014876727017667967,0.823953462409314,2.0396100192582995,0.7345294207085298
267,PLCB4,0.014698820631578846,0.0036851139179324764,0.01101370671364637,0.2216527028473528,0.8451181436219215,2.2042538002766396,0.741219400942679
421,GPRIN3,0.008994508311361837,0.0035695103762050026,0.005424997935156835,0.10917899727427123,0.8157012269782683,2.061761027536386,0.7407632659267143
756,RPH3A,-0.004280920206786443,0.003529826253146733,-0.007810746459933175,-0.15719258820960572,0.8401267088768424,2.210016230216536,0.7459327961076478
807,CALN1,-0.008242820392166839,0.003515486285896835,-0.011758306678063674,-0.23663790255751468,0.820810475301939,2.1305549513995334,0.7453246160863616
206,PLXDC2,0.01867413570063714,0.0034586998070496922,0.015215435893587448,0.3062132103659149,0.8130962336311908,2.181726115923998,0.7517105063098677
530,UNC80,0.004724592989727161,0.0034545678429680196,0.0012700251467591414,0.025559470011533383,0.8081793217051205,2.0733688039466314,0.7456287060970047
602,KANK4,0.002043832653086053,0.0033950076580744845,-0.0013511750049884316,-0.027192624577917296,0.7983421938755991,1.9900402478527068,0.7435000760225027
198,CCK,0.019161193837584856,0.0033344148327532183,0.015826779004831638,0.31851659345913713,0.8215461735219688,2.233852703304343,0.7558157214535502
432,NDRG4,0.008267976958143408,0.003318594675167176,0.004949382282976232,0.09960715215770242,3.5439900537628866,2.893456982578961,0.17317926106127413
661,ADCY2,-0.00031458731383315897,0.003282311479804224,-0.003596898793637383,-0.07238819411182201,0.7943231244521914,2.066225431243749,0.7518625513151893
623,SV2C,0.0011770492491193218,0.003264355503537553,-0.002087306254418231,-0.04200738997241851,3.5876193879912286,3.188759304418168,0.18412650144442755
276,GABRB1,0.014012476718868516,0.0032444720038202137,0.010768004715048303,0.21670790873759324,0.7763432451928711,1.9503476223719725,0.7489736962140794
685,PIP5K1B,-0.001367346205035369,0.003228863308680813,-0.004596209513716182,-0.09249949068515043,0.7793017434137519,1.9602454155968538,0.7492777862247225
280,SMAP2,0.013848075116637104,0.003209802262049138,0.010638272854587967,0.21409703319277598,0.7717045557824513,1.921699127837072,0.7488216512087578
515,NEGR1,0.004551757584159488,0.0028690968838577715,0.0016826607003017167,0.03386383003414966,0.7482361777215912,1.9930556365397092,0.7660027368100958
245,SVIP,0.015440404064370639,0.0028658828253188286,0.01257452123905181,0.2530643580869888,0.7487320147032502,1.9960334673137932,0.7661547818154173
572,GRIN2B,0.00256524408523906,0.002819660530837336,-0.0002544164455982761,-0.005120173823568787,0.7490599630130353,2.007954293412956,0.7678272768739547
538,SLC2A3,0.0037942597464707406,0.002766101688243625,0.0010281580582271158,0.020691854112835244,0.7295690260392628,1.884393293576866,0.7650904667781664
369,SLC35F1,0.01018605050130561,0.002750681699490967,0.007435368801814644,0.14963804960841043,0.7266565279334216,1.8787778314180017,0.7656986467994527
419,CALY,0.008371463635998166,0.0027445810638090044,0.005626882572189162,0.11324195960157993,3.6655285717208765,3.069568022688374,0.16876995590694843
669,DPYSL5,-0.0012067794455528635,0.0027099796763854025,-0.003916759121938266,-0.07882543709866198,0.7195511629814595,1.8263176382625992,0.7646343317622016
563,YWHAB,0.0027260491379639262,0.0027051106381788753,2.0938499785050878e-05,0.0004213908352192871,3.622145459795936,2.886604419053665,0.16724950585373266
504,VAV3,0.00485549235833771,0.002688812476425175,0.0021666798819125347,0.04360479759605802,0.7221822461193876,1.8334083030347803,0.7649384217728448
895,CNP,-0.019529652550453247,0.002428667810477843,-0.02195832036093109,-0.44191489609559936,0.6998019797445866,1.8787684449040496,0.778470427246465
823,GABRA1,-0.010710390254479007,0.0023758513677525996,-0.013086241622231607,-0.263362816996681,0.7106833302788209,2.044415359051442,0.7882013075870458
522,MYRIP,0.0038173723496772727,0.0023568511824739987,0.001460521167203274,0.029393234511616684,0.6852816231490644,1.7711845466151033,0.7760377071613198
727,LPIN1,-0.004187731847025533,0.0023056606819934185,-0.006493392529018952,-0.13068061844451923,0.6868680691336493,1.7994451795413435,0.7786224722517865
424,NTRK3,0.00753112633488251,0.0022972895045576492,0.0052338368303248605,0.10533184783885058,0.6920375536668257,1.8574734438580995,0.7815113273528964
622,NTN1,0.000194477533491777,0.0022677738188659124,-0.0020732962853741354,-0.04172543698545692,0.6773285945408515,1.755311764287657,0.7786224722517865
766,CTNNA2,-0.00641575032539643,0.0022326023358260256,-0.008648352661222455,-0.17404955410351647,0.6737497411606729,1.7707638069277216,0.7812072373422533
597,CSMD1,0.0009757102791553285,0.002058866213394741,-0.0010831559342394125,-0.02179869563185698,0.6576788913061999,1.7917079996245164,0.7898738026455832
740,PLEKHA5,-0.005142053419879833,0.002058236923073244,-0.007200290342953077,-0.14490705602536064,0.6618865349137601,1.781083650011651,0.7882013075870458
482,SEMA3E,0.004878501819094105,0.0019479096979645228,0.0029305921211295826,0.05897866008967562,0.6532564640047016,1.7203322364937412,0.7883533525923674
885,PTPRZ1,-0.01855152412025768,0.0019430616009416045,-0.020494585721199284,-0.41245698990804325,0.6601232837803217,1.8348917298656022,0.7945871978105519
715,PKP4,-0.003987154266880899,0.0019070221140371482,-0.005894176380918047,-0.1186212925273165,0.6479246077489721,1.7551371388907808,0.7927626577466931
529,DTNA,0.0031841622875093956,0.0018472363620520096,0.001336925925457386,0.02690585945212791,0.6483386061036737,1.801605805011618,0.7970199178956971
682,PKM,-0.0027164098440206064,0.001833961483826905,-0.004550371327847511,-0.09157698947319956,3.7317147523317145,2.789391259668788,0.1532613653641478
676,CRYAB,-0.0023878674067202565,0.0018087791468918949,-0.004196646553612151,-0.08445821880753511,0.6558724930534011,1.9849868674170685,0.8084232932948152
277,UBASH3B,0.012405495928933863,0.0016695850155077096,0.010735910913426154,0.2160620155738156,0.6236921104983445,1.634030080727934,0.7950433328265166
859,SH3GL2,-0.014904836652203657,0.001665143991240868,-0.016569980643444525,-0.33347365162694015,0.614709344368967,1.5590680083857218,0.7921544777254067
481,NLGN1,0.004670016346820294,0.0016397284497773142,0.0030302878970429794,0.06098505437347187,0.6322483568840648,1.7964342346974778,0.8046221681617759
809,TAC1,-0.010350452843181035,0.0015996105128948833,-0.011950063356075919,-0.2404970380035113,0.6435074558286564,1.9446568801125257,0.8128325984491409
464,CCDC85A,0.00503988042800485,0.0015947492994906908,0.0034451311285141595,0.06933384428627992,0.6166534122516786,1.6414070898224664,0.7986924129542344
359,NEBL,0.009456396243610055,0.0015945677998805848,0.00786182844372947,0.1582206217381562,0.6173615191973457,1.6663450590226903,0.8002128630074502
536,DCC,0.002688681855217201,0.0015771809201608781,0.0011115009350563228,0.022369143547951473,0.617971451539009,1.6970105394491233,0.8024935380872739
519,RIMS2,0.0030497376544739163,0.0015691635282805154,0.001480574126193401,0.02979680368917082,0.6155673041967684,1.6773243803375544,0.8018853580659875
349,SCCPDH,0.009555084918935863,0.0015087405779309884,0.008046344341004874,0.16193403525213,0.6017946356883903,1.5486716265345644,0.7976280979169834
479,THY1,0.004569457272778854,0.0014689094436894567,0.0031005478290893973,0.06239904734104055,3.7549154874680424,2.6089990569614,0.14322639501292378
370,PLCXD3,0.008848546011388958,0.0014530485283651578,0.007395497483023801,0.14883563260150678,0.604282413679062,1.614762462092406,0.8026455830925954
542,HSPB8,0.002177688272349265,0.0013834546560197933,0.0007942336163294719,0.01598408531557579,0.5940505494852073,1.551865911404637,0.8021894480766307
352,ST8SIA6,0.009350020298067252,0.0013628155248469878,0.007987204773220263,0.16074384148853163,0.5959558265896311,1.5746903688154084,0.8037098981298465
469,RORA,0.004624306466290307,0.0012677902372834704,0.0033565162290068364,0.06755045450670571,0.5972222595423599,1.687862840260748,0.8129846434544625
894,CLDND1,-0.020517569413305514,0.0011862788902356832,-0.021703848303541197,-0.43679360307535675,0.5904177831434588,1.6895008984134317,0.8163296335715372
326,CACNA1A,0.009914385455117802,0.0010748387784500575,0.008839546676667745,0.17789736587057353,0.5717986124003442,1.5739254854453675,0.8151132735289646
249,MCC,0.013358962812659914,0.00100108278272375,0.012357880029936163,0.24870441726079046,0.5653538634342999,1.538520845529018,0.8157214535502508
544,RGS6,0.0016982106021291576,0.0009492981560355459,0.0007489124460936117,0.015071989130325404,0.56129216000666,1.5450217992022184,0.8181541736353961
842,GABRB2,-0.014207779268599285,0.0009202044198982494,-0.015127983688497534,-0.30445322000734476,0.5737348786031191,1.6667835831060298,0.8240839288429376
294,ARHGAP24,0.010828514656463062,0.0009009051255368431,0.009927609530926218,0.1997948140943741,0.5552079358501777,1.5343477773697851,0.8198266686939334
393,TNFRSF21,0.007330111215094526,0.0008408471068357553,0.006489264108258771,0.1305975332812967,0.545240347720554,1.4481647588322795,0.8175459936141098
518,KCNMA1,0.002405081326344649,0.0007990011012054075,0.0016060802251392416,0.032322635071688435,0.5460512964795936,1.5059503467193502,0.822107343773757
750,STMN4,-0.006849002778946067,0.0007582329214313513,-0.007607235700377419,-0.15309689989259614,0.5468024248807967,1.5367736671130103,0.8248441538695453
392,S100B,0.007344003242121588,0.0007487891351186133,0.006595214107002975,0.13272979485307335,0.5644515460175042,1.7071381086485795,0.8324464041356241
600,SERPINE2,-0.0005168707493434788,0.0007325375486046011,-0.0012494082979480799,-0.025144552456347186,0.5429944671131224,1.527233256911639,0.8256043788961532
568,TENM2,0.000494453495571201,0.0006336433321126186,-0.00013918983654141758,-0.0028012189066249174,0.5536166491037028,1.6464097742898076,0.833206629162232
428,PKIA,0.005690819280997184,0.0006076713742190732,0.005083147906778111,0.102299207869247,0.5257673720448166,1.446201167530214,0.8266686939334043
574,UGCG,0.0002679528175036361,0.0005910059227008369,-0.0003230531051972008,-0.006501498159694908,0.5246524821150831,1.4305578720559815,0.8262125589174396
379,MACROD2,0.007550228519572544,0.0004988117390269224,0.007051416780545622,0.14191095050447874,0.5136639741422451,1.3965835646840181,0.8283411889919416
635,KCND2,-0.00206153755741445,0.0004986230433435541,-0.0025601606007580042,-0.0515236633438046,0.5237908496890598,1.4559979803785605,0.8300136840504789
404,ST8SIA1,0.006453153032475345,0.00044256126393801983,0.006010591768537325,0.12096417181307598,0.5123369409023946,1.4133414617217037,0.8309259540824083
625,DPP10,-0.0017478288580223822,0.0003725839128360083,-0.0021204127708583905,-0.042673664192498253,0.5115200123275335,1.4276782274185682,0.8335107191728752
650,GRM5,-0.002837370771358927,0.0002739390313576352,-0.003111309802716562,-0.06261563387311884,0.5054857815702011,1.4335223395470296,0.8373118443059145
521,ARHGEF4,0.0017357934466425418,0.0002669283143488367,0.001468865132293705,0.02956115821458459,0.49566380914909325,1.3436241150014145,0.8336627641781967
582,ATP6V1B2,-0.0003676749983768657,0.00021442984951754434,-0.00058210484789441,-0.011714958118185419,3.903153777977605,2.5638420647070426,0.1316709746084841
495,NSF,0.0026237685104549824,0.00020985997836083393,0.0024139085320941485,0.048580315826097654,3.922973599417634,2.7273122910376344,0.13820890983731182
821,GFAP,-0.01265543387575041,0.00018445844910697966,-0.01283989232485739,-0.2584049958900153,0.5137511300515918,1.5520073642353522,0.8452181845826364
610,PLXNA4,-0.0015509445932224697,2.9683905060557065e-05,-0.0015806284982830268,-0.03181041478141872,0.4808448938160307,1.3292624250046152,0.8409609244336324
820,TF,-0.012752376442928592,-1.3251142863900112e-05,-0.012739125300064692,-0.2563770425420736,0.5013608264031955,1.5850377716452955,0.8543408849019309
289,LUZP2,0.010274420912267823,-1.9254581007072547e-05,0.010293675493274895,0.20716195324966566,0.4800137591666722,1.347678963412127,0.8433936445187775
407,LRRC3B,0.005862069009446413,-8.704869197938172e-05,0.005949117701425795,0.11972699585728198,0.46394764287029494,1.251827325280292,0.8420252394708834
799,SERINC1,-0.011112018485087138,-0.00010755375629813244,-0.011004464728789007,-0.22146670634530619,3.94835780859913,2.6117324701535996,0.13106279458719783
639,AFF3,-0.0029363887222021434,-0.00021884692673138258,-0.002717541795470761,-0.054690986397922754,0.4617101307662654,1.2989677968782056,0.8484111296943895
259,TMTC1,0.011244482743680173,-0.00024164916253119036,0.011486131906211363,0.23116033942673142,0.4589316836397992,1.2915703619641872,0.8490193097156759
584,LRRC4C,-0.0009027590505552574,-0.0002778883106369567,-0.0006248707399183007,-0.012575628898988797,0.461787324480008,1.3670808009622921,0.8541888398966094
671,NRG3,-0.004399724262056592,-0.0003381193336383191,-0.004061604928418274,-0.08174048335303687,0.46452056728885843,1.4326337623088552,0.8592063250722214
862,RAPGEF5,-0.017195781889156603,-0.00035473719466675574,-0.016841044694489847,-0.33892886131438393,0.45143369183328813,1.294794549693391,0.8532765698646799
378,CACNA1B,0.006779912797917675,-0.0003619928155528416,0.007141905613470517,0.14373205350974166,0.4474109222759131,1.2472316686301768,0.8511479397901779
657,HS6ST3,-0.0038701300818098083,-0.00037087376090565584,-0.0034992563209041523,-0.07042312290040112,0.45327151853908554,1.3119836302958823,0.8543408849019309
606,SCN9A,-0.0018387603613449488,-0.00038970743570762925,-0.0014490529256373195,-0.029162434218301492,0.444157610070342,1.2480040935685697,0.852516344838072
309,PDE1A,0.008979160188230861,-0.0004475454137707793,0.00942670560200164,0.18971403814857696,0.4407280158275811,1.2300025710354803,0.8532765698646799
726,UTRN,-0.0069550199156850345,-0.00046341795928265335,-0.006491601956402381,-0.13064458286899264,0.43692471068432326,1.2212023077613658,0.8538847498859663
282,AGPAT4,0.010039244826252292,-0.0005371578992732203,0.010576402725525512,0.2128518864235038,0.4303023565507,1.1919661417153833,0.8549490649232172
169,FRMD4A,0.017376397648205533,-0.0006132280695539749,0.017989625717759507,0.36204424788368983,0.4323322341933105,1.2796474202576393,0.8619431351680098
762,SPARCL1,-0.008720781058424554,-0.000623847391600586,-0.008096933666823968,-0.1629521539559027,0.4462137966576682,1.3780826524439054,0.8655922152957275
902,SCD,-0.025033633626482032,-0.0006389304196652551,-0.024394703206816776,-0.4909475112725017,0.43445577454970247,1.2926535852017669,0.8628554051999392
665,SKAP2,-0.004504406203378997,-0.0006486874417113936,-0.0038557187616676033,-0.07759698956609742,0.42175015693762014,1.1740004011272702,0.8579899650296487
188,KALRN,0.01575936422388724,-0.0006653239229864063,0.016424688146873645,0.3305496156592422,0.42562088550688265,1.2002493654793558,0.8592063250722214
603,DLC1,-0.002143772894895535,-0.0007347639496990764,-0.0014090089451964584,-0.02835654236660674,0.42158222128934586,1.239840667867717,0.8642238102478333
416,GRIN2A,0.004953033952276531,-0.000744575345292575,0.005697609297569106,0.11466534686361615,0.42923303988906314,1.2630362631990462,0.8642238102478333
683,PCDH15,-0.005446659724699265,-0.0008723573956661523,-0.004574302329033113,-0.09205860490318549,0.4137466259689617,1.2615571104450185,0.8703056104606963
526,SUSD1,0.0005247975853869269,-0.0008991873240968139,0.0014239849094837408,0.028657936170557008,0.3957613818761757,1.0745193574413725,0.8623992701839744
278,ABLIM1,0.009690289692495191,-0.0010010939053200416,0.010691383597815232,0.2151658958466152,0.3982052633519229,1.139975983262475,0.8683290253915159
557,RNF150,-0.0008052555256995442,-0.00100814997862991,0.00020289445293036586,0.004083285042357908,0.39207570397732483,1.1078369716483643,0.8677208453702296
501,LRRC7,0.0011372692043757349,-0.0010836696681906467,0.0022209388725663816,0.044696768922777026,0.39092774037428746,1.1329015064446286,0.8712178804926258
323,SOX6,0.007792294568647329,-0.001104356743515712,0.00889665131216304,0.17904660627906946,0.39217955748386335,1.1309053039529997,0.8712178804926258
305,AGTR1,0.008492682457080458,-0.001117455513236575,0.009610137970317033,0.19340564545971234,0.4048016265608273,1.228793410741769,0.8751710506309868
288,KIF26B,0.009185681343583552,-0.0011275610696121151,0.010313242413195667,0.2075557408090768,0.3849917198438575,1.085730700815364,0.8703056104606963
731,THSD7A,-0.00785350352105929,-0.0011553315785303702,-0.0066981719425289205,-0.13480183863605932,0.38664058655660083,1.1213129964691761,0.8728903755511631
780,SLC1A2,-0.010542978554657578,-0.0011608239423476327,-0.009382154612309946,-0.18881744197651343,0.3921780217033931,1.1634172574959512,0.8745628706097005
644,NETO2,-0.004225985360322482,-0.0012450570992243225,-0.0029809282610981595,-0.05999168338555808,0.37055697779742847,1.0187451894101804,0.871521970503269
355,WIPF3,0.006711216708686463,-0.0012489860517607126,0.007960202760447175,0.16020042143304222,0.3730783684640004,1.039720768163293,0.8724342405351984
540,INPP4B,-0.0004137454838555321,-0.0012773749636141702,0.0008636294797586381,0.017380688756671772,0.37493549244865,1.0667995718637806,0.8744108256043789
662,MGAT4A,-0.004987744880701639,-0.00138593454387222,-0.003601810336829419,-0.07248703974590062,0.3676811119423388,1.045146818258093,0.876843545689524
350,RNF19A,0.0066377419994002596,-0.0013963714437583976,0.008034113443158658,0.16168788637270642,0.3647368946847076,1.0477064326876848,0.8779078607267752
318,VWC2,0.007689171613116497,-0.0014052723684480398,0.009094443981564537,0.18302721706852454,0.36331632349946325,1.0266028005551533,0.8769955906948457
453,LGI1,0.002515101275529452,-0.0014786361242906888,0.003993737399820141,0.08037463790785987,0.35796292978012395,1.0198784168547985,0.8792762657746693
782,NRSN1,-0.010995003065706277,-0.0015258145478971765,-0.009469188517809101,-0.19056901398535822,0.35934293909681175,1.0621928973274481,0.8827733008970655
850,RBFOX1,-0.017224170277218676,-0.0015577708812400297,-0.015666399395978647,-0.31528892681537063,0.36349655218579197,1.1389294315351868,0.887638741067356
690,STXBP5L,-0.006636934654282722,-0.0016211309488244892,-0.005015803705458233,-0.1009438944736988,0.3519759911710306,1.030632068420077,0.8842937509502813
225,VGF,0.011733385002185237,-0.0016639528765894388,0.013397337878774677,0.2696236815631057,0.3466188998970136,1.11216186753392,0.89189600121636
699,GPC5,-0.006930238402649169,-0.0016976925918027036,-0.005232545810846465,-0.10530586585437869,0.35143744472162664,1.0958352388867967,0.8903755511631443
579,RGS7,-0.0022312224238028033,-0.001745202020132352,-0.00048602040367045143,-0.009781242492960175,0.33818982164857586,0.9706409398434828,0.8859662460088186
640,PRKG1,-0.004490920520917596,-0.0017479416224108332,-0.002742978898506763,-0.05520291238134762,0.3430561771840089,1.0225702338858258,0.8883989660939638
710,ACTG1,-0.007482018482968811,-0.0017616966018232112,-0.0057203218811456,-0.11512244143397925,4.096052486391145,2.224480293381575,0.10475900866656529
514,TMEM178A,-8.060621414351932e-05,-0.001775701370506933,0.0016950951563634137,0.03411407555694871,0.33326529379232156,0.9400232719698255,0.8856621559981754
769,ZNF365,-0.010626445945164653,-0.0018052607736058469,-0.008821185171558806,-0.17752783748730036,0.33173545232640744,0.9483888418072393,0.8871826060513912
132,TPST1,0.021303537204347522,-0.0018173517697068515,0.023120888974054375,0.4653117852668889,0.32908536629773333,0.9266249617668454,0.886574426030105
435,DCLK2,0.0029405309541109537,-0.0018191333759440486,0.004759664330055003,0.09578904639758135,0.3316372567488541,0.9528707388233846,0.8877907860726775
183,MEF2A,0.014754823950957063,-0.001825371951629361,0.016580195902586425,0.333679235437909,0.33252813579401863,0.9720814832102443,0.8890071461152501
646,DSCAM,-0.004856500157279564,-0.001825825545237202,-0.003030674612042362,-0.06099283707797603,0.3360668773283485,1.0246769589044955,0.8917439562110385
510,YWHAG,5.640349024998992e-05,-0.0018325893253691612,0.0018889928156191511,0.0380162986111143,4.101906535083013,2.213962311207535,0.10415082864527903
141,SNTG1,0.019637570693301742,-0.0018569821643922855,0.021494552857694027,0.43258149697231424,0.33401941800700236,1.0172446198539304,0.8923521362323248
466,TENM3,0.0015499580537660096,-0.0018645815482460455,0.003414539602012055,0.06871818466234819,0.33081310808691605,0.9678563845547766,0.8899194161471795
395,APOD,0.004574238048883794,-0.0019029189143336257,0.00647715696321742,0.13035387494791698,0.3344654358237485,1.0296560258922565,0.8940246312908621
273,FOXP2,0.009000053465654578,-0.0019276735074972272,0.010927726973151806,0.21992234608679725,0.32538520993256204,0.9527093670956939,0.8914398662003953
160,EPHA7,0.01687390230274788,-0.0019607523041365277,0.018834654606884407,0.37905059662062823,0.3240021856606176,0.9401954766654738,0.8915919112057169
308,ADGRV1,0.007505431055569112,-0.0019629665521063615,0.009468397607675472,0.19055309678569154,0.3218826810583362,0.9255014340365711,0.8911357761897521
707,FAT3,-0.007572941359633711,-0.0019748293559004168,-0.005598112003733295,-0.11266294706506547,0.32559534221746045,0.9887714923843429,0.89478485631747
224,PRICKLE2,0.011487098253229133,-0.001988230971402478,0.013475329224631611,0.27119327053595105,0.3207327855769636,0.929699165985547,0.8922000912270032
732,GNG2,-0.008752547936409782,-0.002002600749149152,-0.00674994718726063,-0.13584382415771365,0.32372589907716187,0.9762043969170777,0.8949369013227916
634,MT2A,-0.004546616776573087,-0.0020033710911176016,-0.0025432456854554853,-0.051183247824060286,0.3313515252723399,1.069769702315972,0.8994982514824388
474,TGFBR2,0.0010763693018420173,-0.002089146594155258,0.0031655158959972753,0.0637065406312928,0.312025149675061,0.8941095108684646,0.8938725862855406
398,MRAS,0.00423196531271075,-0.0021216587995222485,0.006353624112232999,0.1278677555130123,0.30874025302042163,0.8865465994447305,0.89478485631747
271,SLIT2,0.00882226906868877,-0.002145332036888316,0.010967601105577086,0.22072481971856792,0.3109710498012466,0.90053553725072,0.8956971263493995
438,ST6GALNAC5,0.002471958235948035,-0.0022327510746128635,0.004704709310560899,0.0946830673732076,0.3058491276702343,0.9061365835070934,0.899042116466474
620,PEBP1,-0.004244631885051198,-0.002238556225565887,-0.0020060756594853105,-0.0403726105662744,4.145418010692108,2.1696323236069084,0.0994374334803102
831,UNC5C,-0.016219738141013407,-0.0022586237815327443,-0.013961114359480662,-0.2809697782042501,0.3105596210316715,0.9888816859500642,0.9040596016420861
609,CLVS1,-0.003805567816233424,-0.002284430452501174,-0.0015211373637322497,-0.0306131456774306,0.29144466650770645,0.8028038885774557,0.8964573513760072
460,NAMPT,0.0013271350018058126,-0.002303017628692663,0.0036301526304984757,0.07305743318018856,0.29352120475156435,0.8358652613303229,0.8985859814505094
303,TRPM3,0.007385993879800989,-0.002339459246243398,0.009725453126044387,0.19572638239331544,0.31120324435717767,1.032004234160058,0.9084689067964118
747,BRINP1,-0.009750271023993506,-0.0023439242069063287,-0.007406346817087178,-0.1490539772770795,0.2915770915757633,0.8280843546896283,0.8993462064771173
694,TMEM132C,-0.00741178904330958,-0.00235871790332128,-0.0050530711399883,-0.10169390787123563,0.2895552177964347,0.8324769858711463,0.9004105215143683
758,NKAIN2,-0.010205265935499641,-0.0023878211546024264,-0.007817444780897215,-0.15732739304732477,0.3011762211747537,0.9717383596915727,0.9077086817698039
477,HDAC9,0.0007653711275951158,-0.002389641063326432,0.0031550121909215477,0.06349515179731724,0.2885216193238684,0.8488974791021363,0.9023871065835487
737,SLC18A2,-0.009526264130052031,-0.0023947663991708305,-0.007131497730881201,-0.1435225931194465,4.253719797383866,2.87642208612629,0.12528508438497798
531,ZDHHC20,-0.001139876482093849,-0.002401190665666602,0.0012613141835727528,0.025384160410064287,0.29448548710235545,0.8815939027515731,0.9034514216207997
312,TGFBR1,0.006852653062195291,-0.0024212763405782128,0.009273929402773504,0.18663939140428837,0.2849170053669718,0.8156792824970247,0.9016268815569408
733,ADCY1,-0.009434137066398174,-0.0024431267123788195,-0.006991010354019354,-0.14069526099530522,0.2874702735543641,0.842609957653705,0.9032993766154782
238,SRGAP2,0.010369679672587617,-0.0024703212894183063,0.012840000962005924,0.258407182230929,0.2819665542876293,0.8222992111630312,0.9037555116314429
433,MPPED2,0.002289750261439183,-0.0024825548891973656,0.0047723051506365485,0.096043445041104,0.28077818003503774,0.8190349346269251,0.9040596016420861
316,SHISA9,0.006636493318112557,-0.0024853100998550332,0.00912180341796759,0.18357783033477426,0.2844144623314489,0.8419237289223128,0.904819826668694
724,SELENOP,-0.008767807596690047,-0.002527758980062595,-0.006240048616627452,-0.12558202953240286,0.2980728440003293,0.9953897914147701,0.9128782119507374
106,PLD5,0.0232696517711819,-0.0025950273599314286,0.025864679131113327,0.5205310243632539,0.2763661446725069,0.8172035561808711,0.9072525467538392
201,CALB2,0.013020979826155354,-0.002658005126537694,0.01567898495269305,0.3155422132642577,0.2916791326903632,1.0852095534342059,0.9230652273072829
227,RBMS3,0.010479776966426269,-0.0026728961299720016,0.01315267309639827,0.26469976160452385,0.26775724149693414,0.7889465368871985,0.9089250418123764
331,RNF144B,0.005930281468641829,-0.002677743380115015,0.008608024848756845,0.17323795008451248,0.2651840846658331,0.7606161060662033,0.9077086817698039
366,FMN2,0.004817085379771213,-0.0027303498130133498,0.0075474351927845625,0.1518934046040227,0.2642691358561471,0.775375608099643,0.9099893568496275
246,SORBS1,0.009841322069130465,-0.0027326135331994434,0.012573935602329908,0.2530525720493113,0.2720846146168392,0.8397953362024916,0.9125741219400942
209,PTPRG,0.012011624346941363,-0.002784843937044084,0.014796468283985446,0.29778141664848146,0.2639475992802224,0.7870781192943763,0.911965941918808
698,CTNNA3,-0.008001889926273709,-0.002788936005084611,-0.005212953921189098,-0.10491157577481248,0.27681737110568655,0.9765726454476116,0.9218488672647104
118,NRG1,0.022213994840565188,-0.002789321437704406,0.025003316278269593,0.5031959518550528,0.26438840312912604,0.7985124687945448,0.9127261669454159
754,LRRTM4,-0.01052218940214178,-0.0027982784680010597,-0.00772391093414072,-0.1554450086257749,0.26281068215194353,0.8129671988508762,0.9142466169986316
833,HS3ST5,-0.016917466380081014,-0.002799607298272648,-0.014117859081808366,-0.2841242921444067,0.26315220107211557,0.7934186627547968,0.9128782119507374
458,NOL4,0.0009385962246192814,-0.002831898084452532,0.0037704943090718134,0.07588183310173104,0.25416025192641273,0.7370573387448424,0.9118138969134864
374,LRFN5,0.004449780222023025,-0.002837994575261931,0.007287774797284956,0.14666769540535768,0.2570456100492607,0.7586201865066602,0.9127261669454159
302,CHRM5,0.006894208424176651,-0.0028456436100170695,0.009739852034193721,0.19601616284528592,0.2554948291902462,0.7397081269251927,0.911965941918808
673,TUBA1A,-0.0070208879095272625,-0.0028946986678894506,-0.004126189241637812,-0.0830402535356688,4.249821471578604,2.3141102005153726,0.09852516344838069
678,NXPH1,-0.007203480486220493,-0.0028952341826240916,-0.0043082463035964014,-0.08670418257470613,0.26673276423312814,0.8420991766153559,0.9172875171050631
867,SCN1A,-0.020404996811480725,-0.002951934881840845,-0.017453061929639878,-0.3512458112647659,0.2628432248613507,0.8725247294994596,0.9213927322487456
199,LHFPL3,0.012846588635713696,-0.002954422488327318,0.015801011124041014,0.3179980105176817,0.2496046187059812,0.7610256967250002,0.9169834270944199
459,KHDRBS3,0.0007081913226421044,-0.0029674092847329983,0.0036756006073751027,0.07397208137044468,0.24984022457193336,0.753376000248662,0.9166793370837768
181,IQCJ-SCHIP1,0.013695118875606926,-0.0029693487813026104,0.016664467656909536,0.3353752186890575,0.2560552304079686,0.8214471710047054,0.9198722821955299
608,KCNS3,-0.00449169739823202,-0.002976392394144751,-0.0015153050040872685,-0.03049576845712691,0.2408247007581157,0.6791803737122513,0.9139425269879884
723,NEK10,-0.009194062587461915,-0.002978025537574811,-0.006216037049887104,-0.12509879270705654,0.2416326767999684,0.6859629115180368,0.9142466169986316
417,ATRNL1,0.002665502730497815,-0.0030052730641236544,0.00567077579462147,0.11412531809674908,0.24411187586634708,0.7268015617447333,0.9169834270944199
545,ATP1A2,-0.002375709223039313,-0.003029237307801511,0.0006535280847621981,0.013152362791240088,0.2549514432378301,0.8198081196569638,0.921240687243424
811,EFNA5,-0.015197957109307492,-0.0030423174296897036,-0.012155639679617788,-0.2446342961436812,0.2436544196907141,0.7388210842453384,0.9186559221529573
340,SGCD,0.0052225812727717535,-0.003086470406112987,0.008309051678884741,0.16722106467944864,0.24518615330145185,0.7645163563434769,0.9209365972327809
275,GRIK2,0.007706872158155131,-0.0031039010030137772,0.010810773161168909,0.21756863092002324,0.2459017945014867,0.7752166357226298,0.9218488672647104
513,ID2,-0.0014023543029834107,-0.0031079380209283708,0.00170558371794496,0.03432515962555298,0.23697583656278337,0.6915432727041221,0.9183518321423141
879,AQP4,-0.022866196189968324,-0.003113344889831087,-0.019752851300137236,-0.39752945974060083,0.24955044332542214,0.7961176785927984,0.9226090922913183
452,SORBS2,0.0008809707777691633,-0.003116050347272909,0.003997021125042072,0.08044072343108769,0.23697114897403665,0.7093786541697649,0.9197202371902083
168,PLCH1,0.014937223322902038,-0.0031275325994243167,0.018064755922326356,0.3635562559061191,0.23388824830364394,0.6660053126851836,0.9177436521210278
596,TRPM2,-0.004164609669125019,-0.0031405791598404544,-0.0010240305092845646,-0.020608786495089935,0.23580228944848539,0.6843929596828261,0.9188079671582788
975,GUCY1A2,-0.05997157042999757,-0.0031406774642912614,-0.05683089296570631,-1.1437312939765905,0.24151741046395833,0.7964540897277986,0.9250418123764634
886,MAN2A1,-0.02369961079243499,-0.0031572840969915344,-0.020542326695443452,-0.4134177850565717,0.24313055645389128,0.810474807809923,0.9259540824083929
674,PLCL1,-0.00730941810247443,-0.003160734099731613,-0.004148684002742817,-0.08349296439210117,0.2509531009446485,0.8610162884059254,0.9276265774669302
187,FSTL5,0.013317281270509462,-0.003162411277033076,0.01647969254754254,0.3316565884880767,0.24046539661294575,0.729832237881414,0.921240687243424
415,EPHA6,0.002577809794722774,-0.003178643875949283,0.005756453670672057,0.1158495997845212,0.23175839271053988,0.6748053510253145,0.9198722821955299
816,TOX3,-0.015795262674089816,-0.003186413351589158,-0.012608849322500658,-0.25375521654888905,0.23304774022328778,0.6881434287728719,0.9206325072221377
549,KIRREL3,-0.0026646415667073153,-0.003207795759774468,0.0005431541930671527,0.010931069628632512,0.23743748372939497,0.7530975828405013,0.9244336323551772
343,VWC2L,0.004953922543563805,-0.0032143749408233397,0.008168297484387145,0.164388362805443,0.23070102836584058,0.6738858732813204,0.9207845522274594
677,CSGALNACT1,-0.007474642651456698,-0.0032365025850267133,-0.004238140066429984,-0.08529328274248704,0.22714892337651402,0.6663035635005193,0.9215447772540672
548,RASGRF1,-0.002668205128624479,-0.0032488321906337567,0.0005806270620092777,0.011685217428316996,0.22960527751707888,0.6957923113483098,0.9232172723126045
167,ST18,0.014961649787460785,-0.003273646780346844,0.01823529656780763,0.36698841512363484,0.23926047497518874,0.856715057891734,0.932339972631899
647,TBC1D4,-0.006339018013168829,-0.0032994588417905235,-0.0030395591713783055,-0.06117164033119682,0.2254020216202173,0.6592762810360148,0.9227611372966398
234,CACNA2D3,0.0096789102220598,-0.0033247329960491034,0.013003643218108903,0.2617005102001877,0.2254450760977997,0.6765803850403409,0.9244336323551772
447,CACNB2,0.0009600166312027092,-0.0033370761282070062,0.004297092759409715,0.08647971561915825,0.2257284410936247,0.6896029908446066,0.9254979473924282
389,LRRK2,0.0033877248136607863,-0.0033426508769776714,0.006730375690638458,0.13544994449141565,0.21657856576275708,0.6250104580781903,0.9233693173179262
675,HLA-DPA1,-0.007540184497894953,-0.003345660221720154,-0.004194524276174799,-0.08441550761661533,0.21958822485711404,0.643421383183282,0.9239774973392124
498,CA8,-0.0010774991940431522,-0.003384392080093607,0.002306892886050455,0.046426607922912796,0.2124655716473008,0.5915000049410742,0.9229131823019614
783,FAR2,-0.01287403060275838,-0.0033852761087732673,-0.009488754493985112,-0.19096278255174706,0.2130900967828361,0.6091676315321526,0.9239774973392124
157,EBF1,0.016124679512560525,-0.003388146955220106,0.01951282646778063,0.3926989195577569,0.21703119939913726,0.6398353060326879,0.9251938573817851
595,CHSY3,-0.004402058392841579,-0.0033913863043498567,-0.0010106720884917224,-0.02033994602643672,0.21900934182957613,0.6569046715499273,0.9259540824083929
322,MMP16,0.005540348468791811,-0.0034038356839184844,0.008944184152710297,0.1800032127018878,0.2187544710697486,0.652254291056555,0.9259540824083929
550,NECAB1,-0.002979037494071579,-0.0034181397389046104,0.00043910224483303126,0.008837006643093821,0.22225574771999074,0.7005178932949042,0.9286908925041812
553,TNR,-0.003066385885563294,-0.003426327153639567,0.0003599412680762729,0.0072438786513676955,0.22082039119989402,0.6953796727980496,0.9288429375095029
520,PLCL2,-0.0019800239367003813,-0.003457282942859781,0.0014772590061593997,0.029730086340061704,0.21217780485187376,0.620305135672194,0.9264102174243576
241,MGST1,0.009268600808249539,-0.003458545711853112,0.01272714652010265,0.2561359675775375,0.21301225181032318,0.6250335789919088,0.9265622624296792
144,PITPNC1,0.017801610540951085,-0.0034964730594360294,0.021298083600387114,0.42862752007418853,0.21543337531264076,0.6782315941722501,0.9303633875627185
194,VEGFA,0.012586335615528244,-0.003548800341963142,0.016135135957491387,0.32472232907348036,0.20774638074596988,0.6112250558881283,0.9286908925041812
175,TENM4,0.013499537686965102,-0.003549647007397012,0.017049184694362115,0.3431177138725486,0.20619082198947025,0.6124177147232159,0.929147027520146
390,OSBPL3,0.0031477721690821303,-0.0035624694542608195,0.00671024162334295,0.1350447429955532,0.20509150337573792,0.6092793781878801,0.9294511175307891
503,CD74,-0.001384810139458681,-0.0035740451488350793,0.0021892350093763984,0.04405872333563101,0.2156347233911061,0.7027750768098253,0.9335563326744717
654,ANO4,-0.006861594689463901,-0.0035905326900407997,-0.0032710619994231016,-0.06583067374175207,0.2075964124652301,0.6431872217865677,0.9317317926106128
446,CDH10,0.0007201256534034028,-0.0036045718110496133,0.004324697464453017,0.08703526495810791,0.2010706409898147,0.5962880569533007,0.9303633875627185
358,FMN1,0.004264257671429683,-0.003646501485105783,0.007910759156535467,0.1592053605756503,0.20130747767956078,0.606942966687537,0.9318838376159343
846,DLGAP1,-0.018902610798138264,-0.003655678170031925,-0.015246932628106339,-0.3068470874536651,0.20419854304152188,0.6479040418491492,0.934164512695758
588,CNTNAP5,-0.004438639059112792,-0.0036763092037331298,-0.0007623298553796625,-0.015342016752341207,0.19697795168061863,0.5898560247856923,0.932339972631899
467,GRID2,-0.0003209345906313166,-0.003691781566362254,0.0033708469757309373,0.06783886319851173,0.21053952891268257,0.7195795959803046,0.9382697278394405
347,SLAIN1,0.004386852223704052,-0.0037137847565296145,0.008100636980233666,0.1630266837620878,0.2038894433732251,0.6653238808896774,0.9365972327809031
365,KHDRBS2,0.003840027718772565,-0.003715237825099347,0.007555265543871912,0.1520509917386614,0.19582639472484747,0.5853867725965439,0.9331001976585069
197,IL1RAP,0.012131859354330865,-0.0037370566070011706,0.015868915961332036,0.3193646068065874,0.1900301991294765,0.5589358676475734,0.9331001976585069
375,SYNPO2,0.00351995054683385,-0.0037561841787492165,0.007276134725583066,0.1464334370016121,0.19006531332244966,0.5577647740847073,0.9334042876691501
253,ETS2,0.008109679911494028,-0.003766129119768108,0.011875809031262136,0.23900265720865227,0.19237241695148366,0.573924323190272,0.934164512695758
927,GJA1,-0.03345085924271218,-0.0037698910396557275,-0.029680968203056456,-0.5973344847818,0.20368388773862592,0.6656485491878937,0.9378135928234758
170,BAALC,0.014192593251428964,-0.003784648760704182,0.017977242012133146,0.3617950237219507,0.19035811972879413,0.5772120250402056,0.935228827733009
755,HPSE2,-0.011578976872408664,-0.00379866064884136,-0.007780316223567304,-0.15658017457683465,0.20269880300493245,0.6783744996495137,0.939486087882013
475,FGF14,-0.0006408962066504209,-0.0038061930422491406,0.0031652968355987197,0.06370213200387162,0.1986488383443179,0.6532052065889032,0.9388779078607268
825,DGKB,-0.01695027939739091,-0.0038114612618090375,-0.013138818135581872,-0.2644209281842558,0.19323610420426893,0.5924622020303473,0.9361410977649385
135,KCNT2,0.018724717352074205,-0.003814708763660643,0.022539426115734847,0.45360974729703984,0.18993813087139363,0.5801942108191159,0.9361410977649385
721,ADM,-0.010025540607195405,-0.003838335490443724,-0.006187205116751681,-0.124518545196029,0.18528912104447934,0.5480908505715243,0.9355329177436521
204,LRMDA,0.011596434138785305,-0.003864205022605304,0.01546063916139061,0.3111479674344169,0.19169724524571055,0.6366445045946914,0.9405504029192641
262,SLC24A3,0.007393512304614658,-0.0038813181220362677,0.011274830426650926,0.2269078615572976,0.18456751526978338,0.5551473530868944,0.9370533677968679
324,NCK2,0.004993793135023128,-0.0038829385307859333,0.008876731665809061,0.17864572004077403,0.1812758921920597,0.5321096072338772,0.93629314277026
910,ANLN,-0.029293119213926855,-0.003898776276842224,-0.025394342937084632,-0.5110654292313059,0.18912314515687512,0.5992894158960768,0.9393340428766915
564,PARD3,-0.003893827990007037,-0.0039057271595145096,1.1899169507472405e-05,0.00023947279072726696,0.1875809918028159,0.5964182019623401,0.9396381328873347
934,ERMN,-0.03513377859273625,-0.003916781026537251,-0.031216997566199,-0.6282473344558879,0.19236974393366502,0.6365303311278032,0.9414626729511936
601,BNC2,-0.005249280716295157,-0.003928098906529414,-0.0013211818097657434,-0.02658900647177144,0.1807660102091042,0.5414865187276355,0.9379656378287973
630,C1orf21,-0.006353555423915469,-0.003942315500669242,-0.0024112399232462268,-0.04852660962351209,0.18063656045701815,0.5367288417177076,0.9379656378287973
629,FLRT2,-0.0063588750381985415,-0.003958604029891312,-0.0024002710083072297,-0.04830585836267463,0.1818148181956008,0.5561295427930886,0.9393340428766915
425,SLC8A3,0.001243811039062237,-0.003965543271441942,0.005209354310504179,0.10483913300343152,0.17938345204150885,0.5411916188893041,0.9390299528660484
488,PDE3B,-0.0013816039620800913,-0.003992022465457109,0.002610418503377018,0.052535112099847625,0.17587486888566967,0.5256662857071372,0.9393340428766915
672,SLC4A7,-0.008078452189502316,-0.003996827380653272,-0.004081624808849045,-0.08214338681901195,0.17797205900043375,0.542667753244212,0.9400942679032994
480,MAG,-0.0009419423495514723,-0.004026323525203384,0.003084381175651912,0.06207369071737314,0.1824801408692185,0.6078212323972577,0.9440474380416604
174,EYA4,0.013213940586657702,-0.004045663340084294,0.017259603926741994,0.347352436368861,0.17335435091249496,0.5165626827573877,0.9403983579139426
573,FBXO32,-0.0043038660007663765,-0.004047611147843208,-0.00025625485292316875,-0.005157172080658014,0.17382762556947512,0.5288758932119709,0.9411585829405504
367,CHST11,0.0034340131739423185,-0.0040796613996547425,0.007513674573597061,0.1512139664559705,0.17209139450125277,0.5425506034787555,0.9431351680097309
456,C1QB,-0.00023617318170221502,-0.004079813511706611,0.003843640330004396,0.07735390909428926,0.17913129598061417,0.6027009094511895,0.9455678880948761
409,CD83,0.0017376183251140986,-0.004101752590848134,0.005839370915962232,0.1175183233132177,0.1700761785480836,0.5176664237866918,0.942374942983123
338,SAMD4A,0.004236273062856344,-0.0041063210714757875,0.00834259413433213,0.16789611224548184,0.17062630892964728,0.5226759784935864,0.9426790329937662
803,RNF152,-0.015485616717814343,-0.004109523059360012,-0.011376093658454331,-0.22894580115491514,0.17183915259568402,0.5348815370527827,0.9432872130150525
240,RYR3,0.008642044982241637,-0.004129144608421345,0.012771189590662983,0.2570223417915247,0.17175179159395856,0.551198030688381,0.9448076630682682
422,SCG2,0.001182612299750918,-0.004149321106617284,0.005331933406368202,0.10730605795588018,4.422041826524077,2.4660625819398483,0.09472403831534137
298,MDGA2,0.005709247965260178,-0.004177505280956851,0.00988675324621703,0.19897257448244837,0.1710184275621335,0.5610961623347215,0.9466322031321271
455,PALLD,-0.00030269421498224647,-0.004180268530557734,0.0038775743155754876,0.07803683627001438,0.16463344895385934,0.49553032592430984,0.9437433480310172
680,STMN2,-0.008655498786434346,-0.0041870281928976325,-0.004468470593536713,-0.08992872339919211,4.331569229860957,1.9036061737683276,0.07845522274593275
307,DYSF,0.005255031591356818,-0.004236729672418182,0.009491761263775,0.1910232943002522,0.15602481654796127,0.45571508937382266,0.9441994830469819
444,MGAT4C,0.00011764387821866507,-0.004237531693927772,0.004355175572146437,0.08764864200940972,0.16601215131180688,0.5392936752870058,0.9475444731640565
217,UST,0.009841743189123009,-0.004246902712683425,0.014088645901806434,0.28353637197597015,0.15757861156850117,0.4602000934010229,0.9443515280523035
252,KCNK1,0.007765204519069369,-0.0042645595885367595,0.012029764107606127,0.24210102905347672,0.15933960564063762,0.49246434313826987,0.9464801581268055
219,CACNA1D,0.009581841400788882,-0.004269278228639792,0.013851119629428674,0.2787561157335778,0.15732399895875526,0.47510857289385083,0.9458719781055193
401,ELOVL7,0.0018048346268407789,-0.004274415352387723,0.006079249979228502,0.12234592986856391,0.15952250715097774,0.4900987592058546,0.9464801581268055
818,MOBP,-0.01692789432252706,-0.00429362342893276,-0.012634270893594299,-0.25426682994935756,0.16579399729230432,0.5621502846340096,0.950281283259845
94,NTNG1,0.02371514134599212,-0.004306594530601885,0.028021735876594005,0.5639421547176243,0.1642131406379563,0.5415200535240822,0.9495210582332371
909,OPCML,-0.02940513168033254,-0.004325764946501235,-0.025079366733831307,-0.5047264800837684,0.16156874998754248,0.5424546938994382,0.9505853732704881
871,MARCKSL1,-0.02222531026590191,-0.004346255662004294,-0.017879054603897618,-0.3598189855917531,0.16090310620377057,0.533958462190775,0.9505853732704881
237,PPP1R14A,0.008509687776864894,-0.004351821860784949,0.012861509637649843,0.258840047951353,0.1613008021067889,0.5336296002283227,0.9505853732704881
615,SLC35F3,-0.006197665894969173,-0.004398852750622711,-0.0017988131443464625,-0.036201417536179954,0.14953098264859266,0.44749203770021795,0.948456743195986
889,CNDP1,-0.025305769957021274,-0.004413480137825026,-0.020892289819196247,-0.42046085187263255,0.15672312291903,0.5240833727616695,0.9522578683290254
220,LDB2,0.009296889819952914,-0.004444797918442629,0.013741687738395542,0.2765537804929692,0.14448446678403037,0.42531151681465207,0.9490649232172723
255,CDH12,0.0071518253084928984,-0.004468108720566527,0.011619934029059425,0.23385312968772862,0.1453492648126876,0.45505094222990944,0.951345598297096
616,SOX5,-0.006309258103086024,-0.004471596342339319,-0.0018376617607467052,-0.03698325248520076,0.15349206525352108,0.5224760367050711,0.9540824083928843
789,CCSER1,-0.01424689794666778,-0.004472863599376688,-0.009774034347291093,-0.19670408765430794,0.14733876574420862,0.4807274417412461,0.9527140033449901
832,LHFPL6,-0.018552285035701943,-0.004480245156093671,-0.014072039879608273,-0.2832021729819837,0.14940544159728292,0.49232836752166764,0.9531701383609549
406,LPCAT2,0.0014746538706432721,-0.0044897799599145855,0.005964433830557858,0.12003523553603376,0.1443051706599086,0.4381305492401337,0.9508894632811312
660,SHISA6,-0.008094906043020877,-0.00452082607189329,-0.003574079971127587,-0.07192896146503078,0.14823204084635466,0.47825465571015097,0.9533221833662764
336,PDZRN4,0.004014246264347099,-0.004531700435727779,0.008545946700074879,0.17198861688535722,0.1401665719918591,0.4293057796736121,0.9521058233237039
247,GLIS3,0.007980535271132516,-0.004543901282198267,0.012524436553330784,0.25205639535019553,0.14054505005300896,0.442696951520713,0.9531701383609549
368,GRIP1,0.0029342957672268133,-0.0045482385574326595,0.007482534324659473,0.15058726370059355,0.1417297943944835,0.4476906278342194,0.9533221833662764
876,RASGRF2,-0.023459277095564834,-0.0045734959324009805,-0.018885781163163855,-0.38007952717791094,0.13933024229861277,0.42955892802231876,0.9531701383609549
528,AGBL4,-0.003225732815613558,-0.004600211580509767,0.001374478764896209,0.027661616671529297,0.13799199240342605,0.4281577178813496,0.9539303633875628
360,MT1E,0.0031486717003064157,-0.004617641165769155,0.007766312866075571,0.15629835464847777,0.1421719776832536,0.4777945604879873,0.9566671734833511
391,KSR2,0.0020616577030756478,-0.004619229375814875,0.0066808870788905225,0.13445397784373816,0.13412156517738752,0.40688791390586027,0.9537783183822411
771,TNIK,-0.013650030092300258,-0.004622349499486082,-0.009027680592814176,-0.1816835926237745,0.14303498754420865,0.48383202825486477,0.9569712634939942
937,ARHGAP20,-0.03655073589830493,-0.0046621462674338926,-0.03188858963087104,-0.6417632378856523,0.13008569770440515,0.3935980436457735,0.9546905884141705
792,ZNF98,-0.014899602265141143,-0.004665735498674259,-0.010233866766466884,-0.20595829254800327,0.12910948700478503,0.38916907559611286,0.9546905884141705
414,UNC5D,0.0010851078915306012,-0.004672940637847167,0.005758048529377768,0.11588169658462415,0.12872365206652478,0.3901764536160745,0.9549946784248138
457,KCNAB1,-0.000913513547713185,-0.004693291604569019,0.0037797780568558335,0.0760686700897118,0.13016706253468896,0.4115083269998223,0.9565151284780296
177,BACH1,0.01225495379929542,-0.00470540061865177,0.01696035441794719,0.34132998959642913,0.12810283886255464,0.3872290861366347,0.9556028584461
576,HLA-DPB1,-0.0051478617666296245,-0.004728178125184313,-0.0004196836414453115,-0.008446203978894241,0.12922211110218715,0.3999444257937228,0.9566671734833511
693,CDK18,-0.00977826357585554,-0.00472952936082926,-0.005048734215026279,-0.10160662652582926,0.13423597236674756,0.4482855898125989,0.9587958035578531
631,DLEU7,-0.007184086101395759,-0.004742655719881808,-0.002441430381513951,-0.04913419768166783,0.12351957682283204,0.3715279095556014,0.9563630834727079
293,STK33,0.005311346577305587,-0.004752906572512524,0.010064253149818111,0.20254478994189734,0.1250690166435547,0.38274558528314606,0.9569712634939942
423,CACNA1C,0.0005353600496338373,-0.004773108909668974,0.005308468959302811,0.10683383200615351,0.12504567795553473,0.3878195136648319,0.9577314885206021
151,SLC44A5,0.015522938148648135,-0.004784204492377038,0.020307142641025174,0.40868466634515516,0.12545049962315374,0.39937919924858156,0.9586437585525316
632,C8orf34,-0.007246098249032773,-0.004791757843617159,-0.0024543404054156136,-0.04939401408735456,0.1233280333990522,0.38079750945730845,0.9580355785312452
437,ABCC4,-7.449562717931624e-05,-0.0047929594853131354,0.004718463858133819,0.0949598799600366,0.1275647341919052,0.4174971636454482,0.959556028584461
434,HAPLN2,-3.490366608682738e-05,-0.004806115216731129,0.004771211550644302,0.09602143615704548,0.12910275729177528,0.4368223828240586,0.9607723886270336
786,TUBB2A,-0.014326266834081336,-0.004806179308261643,-0.009520087525819693,-0.19159336509539987,4.426284752689447,2.091623577746393,0.08195225786832905
244,DNAH14,0.007773449520544595,-0.0048070455314339405,0.012580495051978537,0.25318458207841515,0.11904315144557368,0.3479566574664141,0.9571233084993158
90,LAMA4,0.02439456443873711,-0.004810469093335243,0.029205033532072353,0.5877562193580724,0.11758296550251415,0.34869348124975236,0.9575794435152806
152,FAM149A,0.015215972540866818,-0.004823673416074942,0.02003964595694176,0.40330125051873505,0.12111500731342711,0.3680542949472021,0.9583396685418883
858,FAM107A,-0.02123080060874538,-0.004823900395871739,-0.016406900212873644,-0.3301916304911532,0.12178307534988918,0.3860703002837822,0.9594039835791395
569,PLXNA2,-0.004996204507295765,-0.0048270533699101125,-0.00016915113738565253,-0.003404195133031865,0.12078020732509682,0.3681401697975587,0.95849171354721
869,SLC6A11,-0.02256755465755078,-0.004863146331099777,-0.017704408326451003,-0.35630419983935,0.11926934998124035,0.37684476879055806,0.9601642086057474
664,PLOD2,-0.008632014296111101,-0.004877962149401631,-0.00375405214670947,-0.07555093181454225,0.11821837658399041,0.3687526947557649,0.9601642086057474
400,PACRG,0.0012694847642852336,-0.004883371126986045,0.006152855891271279,0.12382726124718244,0.11257224795484608,0.3342532771808253,0.9592519385738179
684,CHST2,-0.009477376341042842,-0.00488739135807236,-0.004589984982970483,-0.0923742209553844,0.11341581794681377,0.3291477726068503,0.9587958035578531
826,SLC5A11,-0.018232933826806685,-0.004892238475424526,-0.013340695351382159,-0.26848374115801954,0.12275427939626192,0.4363636019350312,0.9639653337387867
445,TTN,-0.0005603933845488296,-0.004906370718744661,0.004345977334195832,0.08746352592123037,0.11866319812075617,0.3819658016486864,0.9615326136536415
537,CHST8,-0.0038513266203077934,-0.0049067330101925455,0.0010554063898847521,0.02124023137736807,0.11519720965848344,0.3474280871191188,0.9600121636004257
752,PHACTR2,-0.012531392253340545,-0.004916203370011232,-0.0076151888833293135,-0.15325695903919961,0.11270582774140862,0.333773700938982,0.9598601185951041
591,UGT8,-0.00579186019802691,-0.004945912886247836,-0.0008459473117790745,-0.017024832147560152,0.11939935639782942,0.4063388247224354,0.9638132887334651
880,HLA-DRA,-0.02490814810002817,-0.004962369529553688,-0.019945778570474484,-0.4014121535543219,0.11885411183609396,0.40625003311532987,0.9642694237494298
836,HS3ST4,-0.019374975341388823,-0.004965060273898951,-0.014409915067489872,-0.29000196805244993,0.11898748967279502,0.4058896595089002,0.9642694237494298
612,RYR2,-0.006634835952965212,-0.0049716013005582675,-0.0016632346524069449,-0.03347287754799165,0.1188439021861423,0.41695557741982114,0.9651816937813593
128,RIPOR2,0.018840711638052343,-0.0049745354098838426,0.023815247047936187,0.47928585846688526,0.10998104449764681,0.33157575765219793,0.9615326136536415
776,HSPA2,-0.014197374544396846,-0.004975273791823957,-0.00922210075257289,-0.1855963310885766,0.1176986082325357,0.3983805315254557,0.9642694237494298
779,SDK1,-0.014334242704018063,-0.0049758008990720215,-0.009358441804946042,-0.18834021773394347,0.11169523862011298,0.3505982990627189,0.9624448836855709
104,PAG1,0.02127594423827517,-0.004988582727537278,0.026264526965812447,0.5285780293900819,0.11130465709388505,0.3431256897121116,0.9622928386802494
394,ZNF804A,0.0014940155670046806,-0.004990714386315612,0.006484729953320292,0.13050628264939115,0.1129162211018932,0.36604837067836854,0.9635091987228219
430,NKAIN3,5.905090729663165e-05,-0.004995292230651731,0.005054343137948363,0.10171950704444693,0.11303584345777755,0.36732525481633543,0.9636612437281435
617,SYNJ2,-0.0068391097430212655,-0.00499817144393809,-0.0018409382990831752,-0.03704919337114806,0.11461426259952626,0.3853935346929433,0.9645735137600729
787,SLC14A1,-0.01472535095557348,-0.0050063344893553595,-0.00971901646621812,-0.1955968435300706,0.11408990242727408,0.3833792251496493,0.9647255587653946
722,DSCAML1,-0.011208217529165454,-0.0050136491984184035,-0.0061945683307470505,-0.12466673111800339,0.11479200881677751,0.39710344057773084,0.965637828797324
855,IQCA1,-0.02114105786520193,-0.0050136674591693235,-0.016127390406032605,-0.3245664485456512,0.10771856699101363,0.3300154965663928,0.962748973696214
796,SEMA3C,-0.01571857694706169,-0.005027647605758486,-0.010690929341303206,-0.21515675385779243,0.10812715817808032,0.3361984686014847,0.9633571537175004
896,SEMA5A,-0.027236594198522313,-0.005047087242223622,-0.02218950695629869,-0.4465675652702573,0.1143248126124483,0.41018418488548636,0.9673103238558614
911,CDKN1C,-0.030507298694415486,-0.005048746372900253,-0.025458552321515233,-0.5123576539089045,0.11184851795736676,0.38089567195663765,0.9659419188079672
454,TMEM163,-0.0011001826929938896,-0.005057752592626165,0.003957569899632275,0.07964676087424141,0.10483375376532252,0.320308808992399,0.9636612437281435
512,KCTD8,-0.0032772409349062226,-0.005058620723224581,0.0017813797883183581,0.03585056830950273,0.10973573672661346,0.3661568009037464,0.965637828797324
866,GPC6,-0.022414127707975018,-0.00506111850725384,-0.01735300920072118,-0.34923223324160996,0.10804999796607045,0.35060355188632186,0.9650296487760377
228,ARHGAP18,0.008069012549405674,-0.005069672444817175,0.01313868499422285,0.2644182486919778,0.10350189901513974,0.31439184826984456,0.9638132887334651
268,KCNK12,0.005935478938469352,-0.005073684582822135,0.011009163521291488,0.22156127033591982,0.10219695636299209,0.30419580966982346,0.9635091987228219
916,AQP1,-0.03271410916907247,-0.005075887388451254,-0.027638221780621215,-0.5562238689340472,0.10991341755396113,0.363781162124894,0.9657898738026456
830,HMOX1,-0.01898995470690179,-0.005085859741917001,-0.013904094964984789,-0.27982225328522625,0.10416192587489934,0.3230221584385392,0.9645735137600729
653,PEG10,-0.008247995587408796,-0.0050972311997201656,-0.0031507643876886307,-0.06340966404172174,4.495505706049573,2.2784620663974913,0.08453702295879584
333,SFMBT2,0.0034610378734238334,-0.0051081065439569345,0.008569144417380768,0.17245547485374385,0.10749368526404687,0.36152397940817677,0.9668541888398966
403,SERPINB9,0.0009080409206256856,-0.005108365461282139,0.006016406381907825,0.12108119188661641,0.10052523631567789,0.3082645495094077,0.9648776037707161
413,SRGAP2C,0.0006629869174186176,-0.005113401270267906,0.005776388187686524,0.11625078529736388,0.10354847505720638,0.3193356979011069,0.9650296487760377
397,STK32A,0.001287573504407058,-0.005114321319407485,0.006401894823814543,0.12883921171468846,0.10264177704319692,0.3272399591152149,0.9657898738026456
147,KLHL29,0.016014677279690415,-0.005116998916844511,0.021131676196534926,0.4252785430406938,0.098364957218309,0.29373980818545,0.9645735137600729
218,NKX6-2,0.008943351264005472,-0.005118494788968193,0.014061846052973666,0.2829970205038338,0.1092185155948038,0.3755570283085082,0.9676144138665045
46,DUSP1,0.03860732706422232,-0.005131477906491828,0.04373880497071415,0.8802508177432942,0.10054454731043155,0.31485820778061047,0.9657898738026456
283,MED12L,0.0053917800398658455,-0.005168674045088876,0.01056045408495472,0.21253091734550242,0.09819021378405542,0.306800081891711,0.9665500988292535
561,TIMP3,-0.005094412070019816,-0.005169848257983964,7.543618796414849e-05,0.0015181659898420468,0.10372780478069071,0.3502154633232145,0.9682225938877908
380,CD163L1,0.001875644372987595,-0.005171178700649858,0.007046823073637453,0.1418185013791518,0.09519175950429386,0.27772570315660466,0.9653337387866808
883,PCSK6,-0.025463292455902398,-0.00517759464764096,-0.02028569780826144,-0.40825308547344924,0.10332560373982837,0.34874551742596405,0.9683746388931124
952,CHI3L1,-0.043184877473532945,-0.005179369863734624,-0.038005507609798324,-0.7648672425932479,0.0991121281416758,0.32250713289825333,0.9676144138665045
223,TMEM108,0.008389914307930013,-0.005184514119103895,0.013574428427033908,0.27318765867734485,0.09910852141564382,0.31416229153415887,0.9671582788505397
524,COL11A1,-0.0037806300632655665,-0.005211999473659124,0.0014313694103935577,0.028806550495270377,0.09535261144079553,0.29748547798583613,0.9674623688611829
957,C1QA,-0.04523605428702393,-0.005215241951226033,-0.0400208123357979,-0.8054255896777381,0.09847892092319067,0.32751001854436373,0.9688307739090771
972,C3,-0.054951047585680646,-0.0052162494021455496,-0.049734798183535094,-1.000921191163483,0.09980923473238872,0.334012311008511,0.9689828189143986
165,ARL15,0.013166824088981621,-0.005226316309348998,0.01839314039833062,0.37016504880136397,0.0955407355207867,0.2960408582219138,0.9676144138665045
159,DCHS2,0.013631930627577338,-0.005226796942437349,0.018858727570014687,0.379535069058664,0.0924807948912263,0.2786557514009947,0.9671582788505397
136,NCAN,0.0172160920948764,-0.005229048087009646,0.022445140181886047,0.4517122269960699,0.09309866830834419,0.2868574439660819,0.9676144138665045
258,CDH4,0.006269290506583536,-0.005241456380859026,0.011510746887442563,0.23165572007034999,0.09640991214089786,0.30570450871141625,0.9683746388931124
687,IPCEF1,-0.009889165323878069,-0.005245077134929637,-0.004644088188948432,-0.09346305708925937,0.09340504227874233,0.28529768889587226,0.9677664588718261
517,PAK5,-0.0035953175357327227,-0.005246511464700552,0.0016511939289678293,0.033230555960545194,0.09285805688171239,0.29201937545132095,0.9683746388931124
746,CACHD1,-0.012620164377298015,-0.005249040554571368,-0.0073711238227266475,-0.14834510858233615,0.0947992373851994,0.3001496128851698,0.9685266838984339
555,CENPP,-0.004979514892658021,-0.005255220220013537,0.0002757053273555153,0.0055486161549993165,0.08977109557416074,0.2675304167962576,0.9676144138665045
325,PSMA1,0.003612915180374099,-0.005262561635800473,0.008875476816174573,0.1786204659805032,0.08854863206695003,0.25886314373642594,0.9674623688611829
900,EPHA4,-0.029172142674314228,-0.005263444990129963,-0.023908697684184264,-0.48116656826293686,0.09550345653467326,0.31172927737385386,0.9694389539303634
546,HHIP,-0.004654775728776206,-0.005272373037732623,0.000617597308956417,0.012429249875686797,0.09630152929234519,0.323035072013223,0.9701991789569713
295,TPD52L1,0.00463867989635014,-0.005283719454914046,0.009922399351264186,0.19968995835103215,0.09479561580433501,0.31218257345258044,0.9700471339516497
708,ARPP21,-0.010891244778521436,-0.005292331739069526,-0.00559891303945191,-0.11267906804383535,0.09359638363943307,0.30320905779841156,0.9698950889463281
115,SLC4A4,0.019946350387164524,-0.005307352447672912,0.025253702834837438,0.5082350234830579,0.09368850260654704,0.3057364998031951,0.9703512239622928
649,KCNB2,-0.008353280828845122,-0.005307616173029763,-0.0030456646558153595,-0.06129451423394826,0.08766264381847122,0.27375670733721025,0.969590998935685
296,GMPR,0.004571453390170399,-0.005338521238393808,0.009909974628564206,0.19943990871377723,0.08682340366141814,0.26601990431497163,0.9698950889463281
77,IGF1,0.027656177428906692,-0.0053398645779301175,0.03299604200683681,0.6640509034999352,0.08846426886555339,0.282510897246423,0.970655313972936
948,MCTP1,-0.041870295104916466,-0.005353579540793611,-0.03651671556412286,-0.7349050518902095,0.08604102446380298,0.2632872193199289,0.9701991789569713
173,SH3RF3,0.011960506989217579,-0.005362179132232495,0.017322686121450073,0.34862197616342117,0.08757603157100423,0.2839849392893827,0.9714155389995439
917,CNTNAP4,-0.033041965645616456,-0.005369818605692742,-0.027672147039923715,-0.556906620492147,0.09064686784539469,0.31248518902370004,0.9727839440474381
627,GPNMB,-0.007604774702277661,-0.005373369895494804,-0.002231404806782857,-0.04490739761184799,0.08549624455010185,0.2667023388324732,0.9709594039835792
655,KLF12,-0.008710397531963399,-0.005391968750596452,-0.003318428781366947,-0.06678393820720455,0.08422343720337856,0.270245569971496,0.9718716740155086
215,CYFIP1,0.008963932553703313,-0.005416552558555849,0.014380485112259162,0.28940968524601896,0.08391192186234996,0.27526090444371065,0.9727839440474381
643,KCNMB4,-0.008346071189960114,-0.0054264295959913075,-0.002919641593968806,-0.058758278885972515,0.08530736738353792,0.28380815922660374,0.9732400790634028
292,RNLS,0.004775935229424322,-0.005437892731142093,0.010213827960566415,0.20555500820376227,0.07913808030956176,0.24116741717805762,0.9720237190208302
925,HLA-DRB1,-0.03468135910861403,-0.005441208213296557,-0.029240150895317472,-0.5884629622088251,0.07909314570329781,0.24452155033282486,0.9723278090314733
341,GREB1L,0.002759105616336077,-0.0054532458197100895,0.008212351436046168,0.1652749560033743,0.07951435161864011,0.24456606365094863,0.9724798540367949
211,ST6GAL1,0.009238895588481455,-0.00546294143102767,0.014701837019509126,0.2958769465104624,0.08351171348180136,0.2868972144881657,0.974608484111297
250,GLDN,0.006768446492209812,-0.005475898084374812,0.012244344576584625,0.2464194971372877,0.08315693967214231,0.2772369802215016,0.9743043941006538
364,KIAA1217,0.0021186227882955544,-0.005479611527191488,0.0075982343154870425,0.15291574550541312,0.08096558357772399,0.2686133058145842,0.9743043941006538
679,SRGAP2B,-0.009891360901706059,-0.005482455703262645,-0.004408905198443414,-0.08872995978927671,0.07914234761263324,0.2547416096301409,0.9738482590846891
440,LHFPL2,-0.0008987970572097437,-0.005496380965302778,0.0045975839080930345,0.09252715060349807,0.07910869022761145,0.2571712465052945,0.9743043941006538
127,CNTNAP3B,0.018369404557786406,-0.005511984353190236,0.02388138891097664,0.480616974602029,0.07602909705218205,0.23964317765508308,0.9741523490953322
130,EPHA3,0.01800382358943553,-0.005514701450343568,0.0235185250397791,0.47331427807053944,0.0733308126531908,0.2183023887934954,0.9733921240687243
558,CD14,-0.005369423051190592,-0.00552061833061773,0.00015119527942713835,0.003042830466990815,0.07911559204414978,0.267895157293305,0.9755207541432264
500,KCTD16,-0.0032419257220767106,-0.0055235281632202435,0.002281602441143533,0.04591763345903992,0.07538365516061503,0.2384456261924466,0.9744564391059753
131,EGLN3,0.01765124001182039,-0.005524614532278491,0.02317585454409888,0.46641797662286666,0.07383251797131876,0.22378122232758138,0.9738482590846891
335,SGCZ,0.0030339265123326964,-0.005527698802982418,0.008561625315315114,0.17230415165809598,0.07961931564372444,0.2764976734812172,0.9761289341645127
195,SYNDIG1,0.010585003160318074,-0.005529409790792742,0.016114412951110817,0.32430527507932555,0.07914622082905294,0.26758873463938954,0.975672799148548
714,ZSCAN31,-0.011428544462538048,-0.005542051573714978,-0.00588649288882307,-0.11846666095463736,0.07122653487630783,0.2163450955065858,0.9743043941006538
396,XKR6,0.0008884574494987252,-0.005543783343958159,0.006432240793456884,0.12944992946545392,0.07484993156452961,0.24627161648214177,0.9755207541432264
315,ACSBG1,0.003609390072264018,-0.005545723109276791,0.00915511318154081,0.18424819493764336,0.07768155884943696,0.25988399498490483,0.9758248441538695
813,WLS,-0.01800312344388011,-0.005551264439310782,-0.012451859004569327,-0.25059575995583944,0.07583800125624608,0.2496382995291441,0.975672799148548
735,TSHZ2,-0.012613228073826588,-0.005552880787742891,-0.0070603472860836965,-0.14209067843275724,0.0768859533580486,0.2617610167513643,0.9762809791698343
96,MEF2C,0.022184781504399842,-0.005566507109966457,0.0277512886143663,0.5584993580090318,0.07685423599564924,0.2665450831009222,0.9768891591911206
749,MT1M,-0.013063378697974581,-0.005572989829591027,-0.007490388868383554,-0.15074533771612197,0.07656413183334347,0.27261333972068214,0.9774973392124069
958,APOC1,-0.04724432469862727,-0.005573326305909884,-0.04167099839271739,-0.8386358620435367,0.0747217467871623,0.2549231130755035,0.976737114185799
285,LRCH1,0.004923469995613883,-0.005578549731094935,0.010502019726708818,0.2113549160426616,0.06993499694819644,0.21439169328334023,0.9752166641325832
772,MT1G,-0.014722299618380397,-0.005595368142029517,-0.00912693147635088,-0.18368103337354863,0.07496717997400418,0.25810114640791626,0.9773452942070853
310,LAPTM5,0.003790783108974183,-0.005606362833837682,0.009397145942811866,0.1891191450281217,0.0727703589998431,0.24273474472484188,0.9770412041964421
621,FNTB,-0.007685269308941645,-0.005617263848702694,-0.0020680054602389506,-0.04161895823838321,0.06842874839985943,0.21328827086329263,0.9762809791698343
692,SLC7A11,-0.010651029537051881,-0.005619575651597991,-0.005031453885453891,-0.10125885698235058,0.07308817576527159,0.2510971296572551,0.97780142922305
486,ARHGEF26,-0.0029749969360345907,-0.005620521350797773,0.002645524414763182,0.053241624480009485,0.06789892134026616,0.2082299989020137,0.9761289341645127
345,EPHB1,0.0025099300427646742,-0.005622927717525524,0.0081328577602902,0.16367513238824666,0.06963083229128904,0.22470982320029478,0.9768891591911206
691,LRFN2,-0.010642241186083368,-0.005623514652780831,-0.005018726533302537,-0.10100271687640948,0.06833585762537528,0.20881626924545835,0.9761289341645127
945,TRHDE,-0.04008740543254785,-0.0056235253730802315,-0.03446388005946762,-0.6935913915632951,0.07016768468045885,0.21959381320083352,0.9764330241751559
865,COBLL1,-0.022782388140107912,-0.005632507912633629,-0.017149880227474282,-0.3451442284383773,0.0662207224471798,0.19885088703300685,0.9761289341645127
274,DLGAP2,0.005190426336831089,-0.005640436659947906,0.010830862996778995,0.21797294224576585,0.06748411654150346,0.21205183824231483,0.9768891591911206
944,PPARGC1A,-0.040008826239138706,-0.0056405526281266966,-0.03436827361101201,-0.6916672956834252,0.06909296016460871,0.22654873830676694,0.9774973392124069
260,DGKG,0.00577361324048109,-0.00564957073843681,0.011423183978917902,0.22989350178650747,0.06923679152987317,0.22430372893726572,0.9774973392124069
180,GPAT3,0.011034013626362471,-0.005650467117024365,0.016684480743386836,0.3357779854255746,0.06481332551102784,0.19084251364124982,0.9762809791698343
329,RFX4,0.0030702145790660884,-0.005656414330561212,0.0087266289096273,0.1756248767881295,0.07063135418378576,0.23828275898834061,0.9782575642390148
875,S100A1,-0.024487393636210553,-0.0056572563171963805,-0.018830137319014173,-0.37895968544131264,0.07017447586917905,0.2432354190774895,0.9787136992549794
145,VCAN,0.015601831141299094,-0.005660730620419316,0.02126256176171841,0.4279126370874035,0.07043892169676554,0.24985680062748195,0.9791698342709442
802,MAML3,-0.01699445254336568,-0.005664899659618903,-0.011329552883746777,-0.22800916022423218,0.07022146881162106,0.24784756436139913,0.9791698342709442
834,SOCS6,-0.019889807051166608,-0.0056714274673527005,-0.014218379583813907,-0.2861472841797307,0.06525283009348185,0.19952682739247246,0.9771932492017638
133,C1QC,0.01712211302044442,-0.005682075113382924,0.02280418813382734,0.4589381275097441,0.06842257543461248,0.2342236318315585,0.9790177892656227
547,EDNRB,-0.005091282866638236,-0.005692151304503754,0.0006008684378655182,0.012092578527040087,0.06869521370654266,0.23209813585806763,0.9790177892656227
935,HIF3A,-0.03727923879946754,-0.005696836490766304,-0.031582402308701234,-0.6356011664503887,0.06818838204171669,0.228942281961213,0.9790177892656227
143,TNC,0.015610543172806524,-0.005699720989743366,0.02131026416254989,0.4288726559395039,0.06665554915733718,0.22508006508493883,0.9791698342709442
497,CABLES1,-0.0033912458119617073,-0.00570412010783747,0.0023128742958757626,0.04654698480320274,0.06611407001854235,0.21512131851116076,0.9787136992549794
933,FOS,-0.03689549286419802,-0.005704306081780609,-0.03119118678241741,-0.6277278880845124,0.06632083849688633,0.22480047814455062,0.9793218792762658
791,ZFPM2,-0.015698786243768525,-0.005706289829530619,-0.009992496414237906,-0.20110067355107814,0.06593023488337842,0.21834801938175968,0.9790177892656227
525,PPP1R3C,-0.004305774265775497,-0.005729879441508177,0.0014241051757326794,0.028660356549075488,0.06072459173445316,0.1843516834498375,0.9784096092443363
171,ETNPPL,0.011595841774081794,-0.005736407137227327,0.01733224891130912,0.3488144289201659,0.06512150054380725,0.21998291612201232,0.9799300592975521
868,NHSL1,-0.02336720275011106,-0.005736796228199205,-0.017630406521911855,-0.35481490105755475,0.06571642613815491,0.2219000624257363,0.9799300592975521
42,SLC24A4,0.040486074587841425,-0.005750145950789701,0.04623622053863113,0.9305117267319071,0.06327820691611405,0.20725013345381815,0.9797780142922305
313,WWC1,0.0034712016582489347,-0.005751990518316361,0.009223192176565295,0.18561829618027148,0.06093987248078082,0.19417673779019826,0.9794739242815873
843,PDE10A,-0.02094067244027986,-0.005764831114430372,-0.015175841325849489,-0.30541636302056896,0.05869314375436152,0.18259348270549644,0.9794739242815873
357,ACACB,0.002139707607022312,-0.005774529997884139,0.00791423760490645,0.1592753649350535,0.06056987576211677,0.19284128745764964,0.9799300592975521
155,ETV6,0.013939421213744807,-0.005776773894866474,0.019716195108611282,0.39679174771148407,0.0601124806813684,0.19736669066901427,0.9803861943135168
266,CPXM2,0.00526717378857422,-0.005776962608690784,0.011044136397265003,0.22226510535599261,0.05786663120554003,0.1715698733974276,0.9791698342709442
838,SLC25A18,-0.02044194598035165,-0.005778236934044191,-0.014663709046307458,-0.29510961462720403,0.06113650172862287,0.2026828828357085,0.9805382393188383
562,CPNE8,-0.005708629593222381,-0.005782708744226123,7.407915100374196e-05,0.0014908553924239067,0.057685859941101585,0.17597865306462493,0.9796259692869089
908,HBB,-0.030816196365290538,-0.005790643011312848,-0.02502555335397769,-0.5036434767494662,0.06255557672766503,0.2263428309530845,0.9820586893720541
805,CA10,-0.01731189786114251,-0.005793273198369038,-0.011518624662773473,-0.23181426162587915,0.061938531040405656,0.2098912663658775,0.9811464193401247
666,RFC3,-0.009688103562950579,-0.005794183134524979,-0.003893920428425599,-0.07836580454459073,0.05718996031871122,0.1685425670403891,0.9794739242815873
186,MYLK,0.010680102052599838,-0.005802616059812402,0.01648271811241224,0.33171747849072936,0.058754663712532997,0.19164952461910253,0.9808423293294816
736,CARMIL1,-0.012896986761224083,-0.0058041759028680815,-0.0070928108583560015,-0.14274401329315636,0.059666923061160726,0.19429693740455672,0.9808423293294816
877,ADCY8,-0.024792955508852077,-0.005816213934860467,-0.01897674157399161,-0.38191012076790515,0.05811387928055441,0.1921015465078233,0.9812984643454462
808,NRP1,-0.017602366603565123,-0.0058170283744672065,-0.011785338229097917,-0.2371819170754855,0.0569467725192508,0.17883344151427127,0.9806902843241599
431,PDZRN3,-0.0008547410552884882,-0.005822108175897216,0.004967367120608728,0.09996910004456364,0.05637804165458454,0.17760312487290383,0.9808423293294816
839,EFEMP1,-0.02057217443134729,-0.005825966611122296,-0.014746207820224993,-0.29676991634903555,0.05770567441749644,0.18774507790041414,0.9812984643454462
110,CDHR3,0.019808176780033437,-0.005829349051738002,0.025637525831771438,0.5159595259505134,0.055115579436312144,0.1688295309251972,0.9806902843241599
142,PRR16,0.01560616329675768,-0.0058310441112086105,0.021437207407966292,0.43142741013682584,0.05561501639998244,0.17905189082980635,0.9812984643454462
91,A2M,0.02329700067639351,-0.0058331483999496305,0.02913014907634314,0.5862491570723964,0.057172567013074514,0.1905127868737821,0.981754599361411
92,IGFBP7,0.0232068977634452,-0.005833628446064049,0.029040526209509247,0.5844454817805851,0.058378874244943556,0.1967509241859583,0.9819066443667326
119,PDE7B,0.019075203570304566,-0.005838451822374057,0.024913655392678622,0.5013915114293511,0.05772057173445479,0.1975490724926471,0.9822107343773757
216,PEBP4,0.008454562570804236,-0.0058439905611789135,0.014298553131983149,0.2877607903416982,0.05405351937554579,0.1697806831961804,0.9812984643454462
84,ANXA1,0.025582986202534852,-0.0058454941638343095,0.03142848036636916,0.6325034614331352,0.05727567948033288,0.1984038258593741,0.9825148243880188
405,SETBP1,0.00013049740465664872,-0.0058477339941907045,0.005978231398847353,0.12031291392203058,0.05473904944614314,0.1732467845972658,0.9814505093507678
870,SPON1,-0.023594742400851465,-0.005852133083936658,-0.017742609316914806,-0.3570730012073088,0.057138859764303516,0.19140668528437474,0.9822107343773757
270,ANGPTL4,0.00513608051340525,-0.005853725670695873,0.010989806184101123,0.2211717006642619,0.05684637119810936,0.19895097239812448,0.982818914398662
668,PCSK5,-0.009768948568935287,-0.005854514956922994,-0.003914433612012293,-0.07877863581967463,0.05534694400088975,0.17778244741004312,0.981754599361411
123,SVEP1,0.01841555936748246,-0.005857924562045507,0.024273483929527967,0.48850795289793747,0.054406990872612034,0.17578909653245187,0.9819066443667326
806,TOX,-0.01761257176622777,-0.005865037511899383,-0.011747534254328385,-0.23642110571525038,0.05465479148366357,0.1767350567263972,0.9820586893720541
427,GNA14,-0.0007164289158854142,-0.005866227310669509,0.005149798394784095,0.10364056016749885,0.051360618282303934,0.1515622174136939,0.9811464193401247
872,KCNJ3,-0.024313329085616675,-0.005870009931798369,-0.018443319153818305,-0.3711749047080574,0.055082778446312416,0.1834612235397404,0.9825148243880188
29,CYBA,0.046457835119453395,-0.00587259012276892,0.05233042524222231,1.0531586229473613,0.0559113562913496,0.1945409297868049,0.9831230044093051
49,SRGN,0.03640970146214517,-0.005876444936427415,0.04228614639857259,0.8510158192817315,0.05543523553429832,0.19174216133125932,0.9831230044093051
716,LRP2,-0.011855796640438399,-0.005877043856035225,-0.005978752784403174,-0.12032340689416803,0.05544996906309971,0.19386785108856538,0.9832750494146267
878,GALNT15,-0.025497689524653255,-0.0058855173413432825,-0.019612172183309972,-0.39469826881735737,0.053294256571544144,0.17489315920566656,0.9826668693933405
441,FCGR3A,-0.0012998480217258912,-0.005887297516891123,0.004587449495165232,0.09232319383620598,0.05298838005447345,0.17330646191440385,0.9826668693933405
856,APBB1IP,-0.02202525183006565,-0.005894304050761496,-0.016130947779304156,-0.32463804128197304,0.055100041911188724,0.19194629391545967,0.9835791394252699
71,DISC1,0.029276747362500077,-0.005896254899623064,0.03517300226212314,0.7078625953418477,0.05233458256020281,0.17060826122622003,0.982818914398662
287,CTSC,0.0044782208684783775,-0.005897115258138846,0.010375336126617223,0.20880538725123815,0.05251398439921688,0.1709608696933628,0.982818914398662
773,HILPDA,-0.01504039433267379,-0.005903475238908704,-0.009136919093765086,-0.18388203585640223,0.05031672839816149,0.1569996451081916,0.9825148243880188
450,SDC4,-0.0017493597053467314,-0.00590638512363097,0.004157025418284239,0.08366083678496553,0.054257524630200143,0.18765442309575533,0.9837311844305915
794,CLMP,-0.016432949067075486,-0.005909458038435931,-0.010523491028639555,-0.21178702961081264,0.04935353926294931,0.15414582249962133,0.9826668693933405
604,CRISPLD1,-0.00734003792916027,-0.005916804471221526,-0.0014232334579387445,-0.02864281308163384,0.05091035059197831,0.166270226677054,0.9832750494146267
112,DENND3,0.01965982470019112,-0.005918819076367526,0.025578643776558645,0.5147745146708004,0.0493077139409133,0.15566204252667534,0.9829709594039836
377,TGFB2,0.0012257797156126626,-0.005922182031961512,0.007147961747574175,0.14385393422872053,0.04878975498258368,0.1528694279209363,0.9829709594039836
182,STPG2,0.010688052633164635,-0.00593136875907797,0.016619421392242605,0.3344686550246891,0.051758914481335294,0.17152399030738344,0.9837311844305915
725,IGSF21,-0.012289173198196113,-0.00593190906580495,-0.006357264132391163,-0.1279410115318492,0.050809836993465286,0.17037027599317017,0.983883229435913
913,CSF1R,-0.03234798707873432,-0.00593360819355281,-0.02641437888518151,-0.5315938245096183,0.05071414885724682,0.16952723081691667,0.983883229435913
700,LAMA2,-0.011185914181269574,-0.0059410841624940895,-0.0052448300187754844,-0.10555308760819862,0.050617608213950276,0.17821327218077473,0.9846434544625209
137,CEBPD,0.01642445099574552,-0.005941751282322318,0.022366202278067838,0.45012358838480826,0.04957791488267138,0.17445401037089775,0.9846434544625209
95,SORCS3,0.021917537512148144,-0.0059514139235209,0.027868951435669045,0.5608673421077989,0.04978585304991815,0.16997562827211612,0.9844914094571994
941,FLT1,-0.039540464518132146,-0.005951691691937414,-0.033588772826194734,-0.675979711083746,0.047742879675491165,0.1561311329519726,0.9840352744412346
907,VIM,-0.030840452875082303,-0.005958568226069723,-0.02488188464901258,-0.5007521198613589,0.05000508242878501,0.17532542050878858,0.984947544473164
921,PRR5L,-0.03467391190074742,-0.005970696423486871,-0.02870321547726055,-0.5776570464748126,0.04856137223000598,0.15993431876686565,0.9844914094571994
873,RGMA,-0.02449909131973982,-0.005971817883626498,-0.01852727343611332,-0.37286449878116296,0.04809678614620581,0.15800460117449966,0.9844914094571994
111,ACSS3,0.019611974032152313,-0.005978893006527939,0.02559086703868025,0.5150205098799799,0.046998132475426266,0.1498417026930265,0.9843393644518778
947,PLAGL1,-0.042464808210149974,-0.00597897121144761,-0.036485836998702365,-0.7342836155596941,0.046643152490897025,0.15086064440087002,0.9844914094571994
853,PIEZO2,-0.022001916528644472,-0.005979696304043701,-0.016022220224600772,-0.32244988092864457,0.04823879171135382,0.16287043652473018,0.984947544473164
189,PELI1,0.010419356513332922,-0.00598227010098118,0.016401626614314102,0.3300854984318158,0.046577087177823245,0.15189046300347664,0.9846434544625209
890,DACH1,-0.027250152745564027,-0.005983855692980787,-0.02126629705258324,-0.42798781044526024,0.04674382288666314,0.1564937524776849,0.984947544473164
362,TM6SF1,0.0016897167005236469,-0.005985635348825853,0.0076753520493495,0.15446775288971157,0.04722570860960548,0.15760214425605082,0.984947544473164
56,RANBP17,0.03277037749285383,-0.005986759865688419,0.03875713735854225,0.7799939178971345,0.04567268919465037,0.14517678565725886,0.9844914094571994
284,CD44,0.004528305682785061,-0.005991621494097535,0.010519927176882597,0.2117153064938804,0.04644411877477023,0.1576256191029723,0.9852516344838073
470,PAMR1,-0.0026892903999046203,-0.00599467769490709,0.0033053872950024694,0.06652147609730881,0.04578510530219332,0.14315824737957225,0.9844914094571994
844,ITGA2,-0.021187783358618595,-0.005996818916324471,-0.015190964442294123,-0.3057207182864737,0.04619837883331895,0.15069336698974337,0.984947544473164
903,CPAMD8,-0.03057870858302525,-0.005997314109332881,-0.02458139447369237,-0.4947047044661156,0.04532569513196136,0.14304350042503317,0.9846434544625209
66,OPALIN,0.02970651829330795,-0.005999178138887762,0.03570569643219571,0.7185831552457461,0.046098032348381016,0.14963404249826437,0.984947544473164
190,SLCO2B1,0.010376882109352725,-0.0059999841786295745,0.0163768662879823,0.32958719269356457,0.0452402021470117,0.14871183305042462,0.9850995894784856
193,KCNIP1,0.010237826935706573,-0.006002815123771843,0.016240642059478415,0.32684565714824537,0.046223762540849964,0.1534744410216879,0.9852516344838073
686,PLCE1,-0.010628360143094318,-0.006007604217236265,-0.004620755925858052,-0.09299349136429592,0.045153796730750304,0.14836057104326567,0.9852516344838073
490,INPP5D,-0.0034566018266254384,-0.006007669999681373,0.0025510681730559343,0.05134067670470026,0.04591050217929028,0.15092929182030798,0.9852516344838073
628,DNAH7,-0.008408259546991759,-0.006009020954946704,-0.002399238592045055,-0.048285080811490064,0.04406623514258707,0.14195297570022608,0.9850995894784856
25,TBXAS1,0.05009143427014351,-0.006017163851663921,0.05610859812180743,1.1291949885741115,0.045544741621657496,0.1558248297261462,0.9858598145050935
670,ABTB2,-0.009996347980839926,-0.00602382081949776,-0.003972527161342166,-0.07994777828567183,0.04408237815784211,0.14203046945294615,0.9854036794891288
778,LDB3,-0.015265727608368307,-0.006024561005332558,-0.009241166603035748,-0.18598003454074313,0.04409475037090613,0.1395910810046526,0.9852516344838073
815,CDH23,-0.018583417051669326,-0.006028687480839825,-0.012554729570829502,-0.2526660474301512,0.04472197527555309,0.1517697146044482,0.986011859510415
532,ZBTB7C,-0.0048390804171281054,-0.006039169236725333,0.001200088819597228,0.024151989646775906,0.04407155854890317,0.14636335975492842,0.986011859510415
744,GADD45G,-0.013336308300495148,-0.006040609017854315,-0.007295699282640833,-0.14682717700800751,0.04080064292602949,0.12796540061508394,0.9855557244944504
784,AEBP1,-0.015555467866992578,-0.0060429279206442145,-0.009512539946348365,-0.19144146878716584,0.04426392247337515,0.14813771307694726,0.9861639045157367
125,PTPRT,0.018046070006158543,-0.006045074380506088,0.024091144386664633,0.48483833888310884,0.04440488045389654,0.15925377734632626,0.9869241295423445
108,DOCK8,0.019654883278740765,-0.00606538357203569,0.025720266850776455,0.5176247028955362,0.04347261783827321,0.1544146623717692,0.9872282195529877
863,RTTN,-0.023082864198876507,-0.00606655012490359,-0.017016314073972916,-0.3424561871002309,0.041583397783323144,0.13631227965769854,0.9864679945263798
269,BMPR1B,0.0049285400929606205,-0.006070882872182669,0.01099942296514329,0.2213652400026616,0.04253522797372582,0.14728171928252565,0.9870761745476662
741,BRINP3,-0.013278138007108975,-0.006074984108342997,-0.007203153898765978,-0.14496468556845507,0.04161051713808838,0.14061647272550665,0.9869241295423445
764,CX3CR1,-0.014523929457202045,-0.006085426145207601,-0.008438503311994444,-0.16982630060163098,0.04021455311495226,0.12815753374559272,0.9866200395317014
348,ZNRF3,0.0020022983904238734,-0.006089767159088941,0.008092065549512814,0.16285418227499157,0.0413729378592396,0.13983108666925056,0.9872282195529877
68,MSRB3,0.029423395412102815,-0.006091925938522427,0.03551532135062524,0.7147518246608671,0.03941856445716909,0.1257187922533979,0.9867720845370229
976,SYT6,-0.06545770451750443,-0.006108257539388445,-0.05934944697811599,-1.1944176177213446,0.03959079722571747,0.14166481357599314,0.9881404895849172
793,RANBP3L,-0.016377704688394945,-0.0061097079604463846,-0.01026799672794856,-0.20664516377194064,0.04063621506306058,0.14028684636863994,0.9878363995742739
158,HRH1,0.013400755838589906,-0.006110412087209589,0.019511167925799495,0.39266554112100865,0.03864125576669746,0.12422014198108722,0.9872282195529877
924,GRAMD1C,-0.035291113311455735,-0.0061107561816003955,-0.02918035712985534,-0.5872596026067683,0.038929155958315365,0.12735767488376445,0.9873802645583093
107,NPAS2,0.019651455702694665,-0.006114700500001094,0.025766156202695758,0.5185482338328748,0.03865889056137717,0.1320071588637119,0.9878363995742739
149,WDR49,0.01444278075768235,-0.0061185006962310015,0.020561281453913352,0.4137992527636664,0.03811740870391481,0.12674430464358993,0.9876843545689524
291,LRRC63,0.004128043790945557,-0.006121262034794935,0.010249305825740492,0.2062690062165607,0.03888534092583905,0.130790375593304,0.9878363995742739
652,B3GNT5,-0.00926414930051378,-0.00612165985534076,-0.00314248944517302,-0.0632431294296988,0.03735596263572121,0.1209235127639445,0.9875323095636308
154,FYB1,0.013639283563409488,-0.006125648092774666,0.019764931656184155,0.3977725789409548,0.03881065414738147,0.13371779987763535,0.9881404895849172
523,SEMA3D,-0.00469432143788584,-0.006126146737142201,0.0014318252992563613,0.028815725335427797,0.03684183928396683,0.12005996320849843,0.9876843545689524
80,COL18A1,0.02626089689335187,-0.006127653374396643,0.03238855026774851,0.6518250299201057,0.037554990956493534,0.11978531531375348,0.9875323095636308
140,SNED1,0.015387589894008458,-0.006128849558815072,0.02151643945282353,0.4330219683860454,0.036586283727850825,0.12062244700150711,0.9878363995742739
426,ADGRA3,-0.0009537694202799152,-0.006131721068702186,0.005177951648422271,0.1042071491393222,0.038180351747073064,0.12746128734486345,0.9879884445795956
126,ALK,0.017760606940652512,-0.006131924737682032,0.023892531678334543,0.480841224672082,0.0363068806701747,0.11647621080644342,0.9876843545689524
734,BICC1,-0.013135969867802078,-0.006136319211875391,-0.006999650655926687,-0.14086914852663057,0.03503184784984972,0.10626645206515596,0.9873802645583093
203,EGFR,0.009356753502646031,-0.006139490763915498,0.015496244266561529,0.31186452617358507,0.03875131914752365,0.13608466062142366,0.9885966246008818
150,RUNX1,0.014261849826237016,-0.006139673697757315,0.020401523523994332,0.41058409751316627,0.03707214803094056,0.12351351422549911,0.9881404895849172
835,ANKRD18A,-0.020479953289032016,-0.006139943133694651,-0.014340010155337365,-0.28859511992004855,0.03532792754793683,0.11069358026277569,0.9876843545689524
69,CCDC148,0.029319797180642482,-0.006140590579196934,0.03546038775983942,0.7136462768928571,0.035732895059346084,0.10962540599382864,0.9875323095636308
73,ANTXR1,0.02862792924560348,-0.006143338713466582,0.03477126795907006,0.6997776248216248,0.03582553793397086,0.11813650988024767,0.9881404895849172
162,ARHGAP15,0.012409190214597243,-0.00614381747625002,0.018553007690847265,0.3733824049925632,0.03730627616432711,0.1275709264547225,0.9884445795955603
696,ADRA1A,-0.01133300708606838,-0.006147656305542788,-0.005185350780525593,-0.10435605791926973,0.03719220708720936,0.1237585241839169,0.9882925345902387
38,MEIS2,0.041126629735400266,-0.0061496652444061346,0.0472762949798064,0.9514434000588632,0.0372085222725413,0.12546167465154948,0.9884445795955603
59,PCED1B,0.03196286548067018,-0.006157476262051292,0.03812034174272147,0.7671782988618887,0.0344949925323409,0.10929388051094589,0.9881404895849172
962,PRRX1,-0.05239787515666755,-0.006158028163737011,-0.04623984699293054,-0.9305847097355514,0.036795221601459815,0.1237666361493042,0.9885966246008818
954,ALDH1L1,-0.0445885672867839,-0.006158219392800235,-0.03843034789398366,-0.7734172248759104,0.035615136636399584,0.11515740620318443,0.9882925345902387
781,AOAH,-0.015548590106442384,-0.006158454505377031,-0.009390135601065353,-0.1889780607195964,0.03646613187710154,0.12251142407977203,0.9885966246008818
301,HS3ST2,0.0036080784347282124,-0.006163973655567479,0.009772052090295691,0.19666419439836827,0.035533614818411136,0.11764618868215444,0.9885966246008818
230,ST8SIA4,0.006894155610715769,-0.006164404922384741,0.013058560533100508,0.2628057304150974,0.03471789602580889,0.11472472577672586,0.9885966246008818
988,F3,-0.0871486294837226,-0.006165820789449585,-0.080982808694273,-1.6297926663522802,0.03477719567964395,0.11449786466638547,0.9885966246008818
354,MERTK,0.00179471484656879,-0.0061695098636885375,0.007964224710257328,0.16028136385046032,0.03523171143181962,0.11944722775556779,0.988900714611525
117,POU2F2,0.018858128115534778,-0.006172046836142735,0.025030174951677513,0.5037364871816731,0.034682217490181244,0.1167974234261288,0.988900714611525
36,PTPRC,0.04171737941828635,-0.006181445043062165,0.047898824461348515,0.9639719107386512,0.03498292551959462,0.11723078910806627,0.9890527596168466
594,ADAMTSL3,-0.007178061194234142,-0.006187377877311423,-0.000990683316922719,-0.019937668631544923,0.03313022026464509,0.1023208505078355,0.9885966246008818
648,TENT5A,-0.009231583939658283,-0.006188210959078356,-0.003043372980579927,-0.061248393883807414,0.03356399124572849,0.11032312080776431,0.9890527596168466
950,SLC2A5,-0.042924162516227105,-0.006194566735001353,-0.036729595781225755,-0.7391893021186202,0.03336647373391097,0.10771839437384077,0.9890527596168466
304,CTSS,0.003512854126567322,-0.00619506610005251,0.009707920226619832,0.19537352983901707,0.03284753595846915,0.10804861228947671,0.9892048046221682
248,FRMD3,0.006235465316668853,-0.006197491644382032,0.012432956961050887,0.25021535314602195,0.03310195180256053,0.1081827991526526,0.9892048046221682
256,RASGEF1C,0.005384433252072496,-0.00619797157644762,0.011582404828520115,0.23309784820516186,0.03156368377306034,0.09826060317494151,0.988900714611525
577,SLC16A10,-0.0066346808647116395,-0.0061989202168864005,-0.0004357606478252391,-0.008769756440427446,0.031918637660946936,0.10144404278585602,0.9890527596168466
874,PALD1,-0.024859120724377792,-0.006198926146245165,-0.018660194578132627,-0.37553955915458215,0.032429490313213086,0.10318986797846544,0.9890527596168466
65,DOCK2,0.029967784717842783,-0.006208097019425065,0.03617588173726785,0.7280457137120268,0.033233320510525355,0.11218459717090462,0.9896609396381328
705,ARHGAP42,-0.011708143921125569,-0.0062125559372141915,-0.005495587983911377,-0.11059963389619865,0.033202016057052586,0.11523831877602378,0.9899650296487761
179,FRK,0.010589422235468882,-0.006215022518792262,0.016804444754261145,0.3381922813520998,0.02941194928700268,0.08572445518097392,0.988900714611525
191,ACTN2,0.01007991230222427,-0.006222087764202624,0.016302000066426896,0.3280804973737079,0.0305190385544197,0.09188157935807367,0.9892048046221682
969,EYA2,-0.05520717810203707,-0.006223471119354937,-0.04898370698268213,-0.9858053542266191,0.031348511363863504,0.10107053236547327,0.9896609396381328
785,ANKRD7,-0.015742826913342334,-0.006224376200810491,-0.009518450712531844,-0.19156042395226422,0.0299673045608118,0.09832779393450738,0.9898129846434545
257,GALNT18,0.005322186283139518,-0.006225962608343469,0.011548148891482988,0.2324084417019507,0.03092429105286154,0.09886309313515096,0.9896609396381328
645,YAP1,-0.009258342370754291,-0.006228427381517466,-0.003029914989236825,-0.06097754954105778,0.03130000184267381,0.10391444821301105,0.9899650296487761
543,PTCHD4,-0.005458882486119032,-0.006229425444314227,0.000770542958195195,0.015507306829983032,0.030625196583160288,0.09904596114177792,0.9898129846434545
926,RBPMS,-0.035835281970831634,-0.006230155926548384,-0.02960512604428325,-0.5958081485610406,0.03096675918110958,0.10450686411956239,0.9901170746540976
100,LGR5,0.020309298071596427,-0.006236871985209037,0.026546170056805464,0.5342461440384896,0.030558794424712543,0.10107285035634739,0.9901170746540976
200,TOGARAM2,0.009474950516692782,-0.006237007474521565,0.015711957991214345,0.3162058012187362,0.03124228106156207,0.1033699333907446,0.9901170746540976
70,SVIL,0.029036403235636277,-0.006237098489773338,0.03527350172540961,0.7098851639694066,0.028669824898265063,0.0855136980123294,0.9895088946328113
936,RORB,-0.03799656431497256,-0.0062395629982040955,-0.031757001316768466,-0.6391150008985693,0.0304665081589036,0.09994039925975583,0.9901170746540976
439,RUNX2,-0.0016137062758207477,-0.006240722060425036,0.004627015784604289,0.09311947207602339,0.028576869095906194,0.0908671064297511,0.9899650296487761
473,AIF1,-0.003070052347931118,-0.006241475424717369,0.0031714230767862506,0.06382542363972284,0.029789811811054438,0.09704498983554173,0.9901170746540976
30,ANKFN1,0.04355504801779081,-0.006241900699340881,0.04979694871713169,1.002171981121238,0.031357580827699454,0.10679337237559954,0.9904211646647407
388,GAS2,0.0005155541362334426,-0.006242379619260689,0.0067579337554941315,0.13600455518873286,0.030342500077498023,0.09866130509045959,0.9901170746540976
19,CD53,0.05552441494332416,-0.0062463961713757525,0.06177081111469992,1.2431479788436794,0.02988119129312953,0.0958641196449294,0.9901170746540976
97,ENPP6,0.021327154691997974,-0.006249672325381435,0.02757682701737941,0.5549882889819897,0.02976417991574613,0.09898361481857261,0.9904211646647407
98,COL5A3,0.02120843369709824,-0.006250269104089187,0.027458702801187427,0.5526110192333558,0.029637726514099846,0.09836989199109719,0.9904211646647407
105,MEGF11,0.019997066993644286,-0.0062522683712147396,0.026249335364859024,0.5282722958619017,0.03052854337813936,0.10983883187526512,0.9910293446860271
251,CACNB4,0.005966620966210701,-0.006254975243159521,0.01222159620937022,0.24596168241518426,0.029449627082880514,0.09855512288249867,0.9905732096700623
192,COLEC12,0.01001601398846752,-0.0062567082591748506,0.016272722247642372,0.32749127633888375,0.029673688088093345,0.1033097777967613,0.9908772996807055
892,POU6F2,-0.027701946742394346,-0.006256797537926549,-0.021445149204467797,-0.4315872401291974,0.030222939354040416,0.10741872985893657,0.9910293446860271
134,SUGCT,0.016507500782608986,-0.006267913814121673,0.02277541459673066,0.4583590552288329,0.028222080781390563,0.09042875060963944,0.9905732096700623
88,MIS18BP1,0.024390821956624897,-0.00626800651225297,0.030658828468877866,0.6170140873499153,0.028484149495363143,0.0912971520934135,0.9905732096700623
321,CPVL,0.0027127267835694857,-0.006271010902031616,0.008983737685601102,0.18079923421402286,0.027499938584641254,0.0847612561281516,0.9904211646647407
899,SLC39A12,-0.029318013290564215,-0.006272371631009933,-0.02304564165955428,-0.4637974203873264,0.02864335374051484,0.09503107178568916,0.9908772996807055
938,LY86,-0.03864534099896755,-0.006272437334148135,-0.032372903664819416,-0.6515101394005213,0.029041917382091907,0.09637461500550479,0.9908772996807055
184,ABCA9,0.010280246287584283,-0.0062742379188600395,0.01655448420644432,0.33316178322196927,0.028176172731382378,0.0928664168492211,0.9908772996807055
718,BOC,-0.012297454130977159,-0.0062777838569046725,-0.0060196702740724865,-0.12114687826622612,0.02799268819400146,0.09567662638730336,0.9911813896913486
221,ATP8B4,0.007342075308163998,-0.006278451479800529,0.013620526787964528,0.2741153959562434,0.027592125061232573,0.08733248624951338,0.9907252546753839
82,LAMA1,0.025863902685337448,-0.006281342534237745,0.032145245219575194,0.6469284748414053,0.027446778978197965,0.09047192876853559,0.9910293446860271
659,PHF21B,-0.009818209298364411,-0.006281895124214848,-0.0035363141741495633,-0.07116891843928072,0.026308110813396332,0.08189471010611303,0.9907252546753839
893,SP100,-0.02795132245336257,-0.006283482737772526,-0.021667839715590043,-0.4360689241772705,0.027848128359234368,0.08893831499691092,0.9908772996807055
371,COL25A1,0.0011050800339905686,-0.0062842122734311015,0.00738929230742167,0.14871075239726542,0.028153038649993446,0.09427411787663988,0.9911813896913486
798,RARB,-0.017079772188253073,-0.006284508032585109,-0.010795264155667963,-0.21725650957185835,0.026301186311137693,0.08107798651448574,0.9907252546753839
607,MAN1A1,-0.007754264064648186,-0.006285594354080784,-0.0014686697105674024,-0.02955722531942466,0.027391556494426927,0.08899255755824073,0.9910293446860271
928,CP,-0.036068386398255825,-0.006285685366029784,-0.029782701032226043,-0.5993818751055143,0.02746379978382367,0.09372620374803606,0.9913334346966702
207,OLR1,0.008648843279940421,-0.006285911641368332,0.014934754921308753,0.3005644585186998,0.02734786740221118,0.09326092349878998,0.9913334346966702
788,SHROOM3,-0.01601284380096535,-0.0062896821737768146,-0.009723161627188535,-0.19568026559284363,0.02641800888048516,0.08442137503371044,0.9910293446860271
121,TYK2,0.01840349047813772,-0.006291551464303745,0.024695041942441463,0.4969918789183626,0.02476510875106847,0.07368534367748816,0.9907252546753839
852,OTULINL,-0.022311152830393866,-0.006292001408756671,-0.016019151421637193,-0.3223881207520693,0.026231427965310302,0.08533624187313506,0.9911813896913486
53,SCIN,0.032905979638449434,-0.0062931603108867884,0.03919913994933622,0.7888892944912494,0.02729646817283668,0.09314213047493426,0.9914854797019917
317,SAMD5,0.0028232348159076825,-0.006294105635755954,0.009117340451663637,0.1834880123861301,0.026834044475108145,0.09127326861086246,0.9914854797019917
959,RGS10,-0.05156774080207205,-0.0062958682163342375,-0.04527187258573781,-0.9111040617375897,0.02664754056213675,0.08784322222727872,0.9913334346966702
712,ADAM28,-0.012056733709532086,-0.006296487935850864,-0.005760245773681222,-0.11592591649635252,0.026838611627487286,0.08830878659005995,0.9913334346966702
254,TCF7L1,0.0055668431001382745,-0.0062987116422903635,0.011865554742428638,0.2387962879185652,0.027081912695653056,0.09298033390412111,0.9916375247073134
356,LRRK1,0.0016156937048688036,-0.006299100915864552,0.007914794620733356,0.1592865749723981,0.02657474337290484,0.088870100211532,0.9914854797019917
943,TLR2,-0.040183799449953206,-0.006306766266869785,-0.033877033183083424,-0.6817809993229683,0.026806495777581724,0.0873364397089827,0.9914854797019917
840,BBOX1,-0.021301853306153196,-0.006307058523283856,-0.01499479478286934,-0.3017727708461925,0.026551008702868036,0.09088784267000985,0.991789569712635
919,PDGFC,-0.03407948535938199,-0.006307564785528091,-0.027771920573853897,-0.5589145796691293,0.02481631377658409,0.07802861725326332,0.9913334346966702
485,ENTPD1,-0.0036574629220095245,-0.006308194497165605,0.0026507315751560807,0.053346419460051545,0.026288988544901252,0.08513257232438175,0.9914854797019917
605,SYK,-0.007740112888562356,-0.006315168815360083,-0.0014249440732022733,-0.02867723950196182,0.025459211084705138,0.08243421805403824,0.9916375247073134
575,RBM47,-0.0066771884759267985,-0.006321712685389927,-0.00035547579053687127,-0.007154010163687423,0.025074595786400748,0.0813894055350206,0.991789569712635
651,ABCA6,-0.009437194280326355,-0.006324728845446391,-0.0031124654348799645,-0.06263889116507107,0.025130713682460858,0.08518008510663067,0.9920936597232781
93,GINS3,0.02260782987206844,-0.006324750208928798,0.02893258008099724,0.5822730477609876,0.024135573097418483,0.07499804197335976,0.9916375247073134
264,MS4A6A,0.004774701595306408,-0.006328882696662785,0.011103584291969192,0.22346150425078445,0.024471877116426066,0.08166548676266856,0.9920936597232781
742,LGR6,-0.013587693742343365,-0.006330634602166251,-0.0072570591401771144,-0.14604953763207623,0.024361245641939724,0.07849823963009869,0.9919416147179565
494,LYVE1,-0.0038961223430103997,-0.006331381323949597,0.002435258980939197,0.049009997205541465,0.022619388979454178,0.0655415328899635,0.9914854797019917
511,LYN,-0.004481389242060041,-0.006334088010538397,0.0018526987684783563,0.03728587479875159,0.024469279149598316,0.08233381454897544,0.9922457047285996
47,HCLS1,0.036897675763993054,-0.006338035546820109,0.04323571131081316,0.8701259730927413,0.0245087731954353,0.08352788271813134,0.9923977497339213
11,EYA1,0.06761573384108105,-0.0063401997183893015,0.07395593355947035,1.488375620602366,0.02407354903440085,0.07686801743107137,0.9920936597232781
166,RHBDF2,0.011955385033349364,-0.006343966683963784,0.01829935171731315,0.36827753579738565,0.023179658536749786,0.07266672290797846,0.9920936597232781
10,EGR1,0.06924661401754773,-0.006346393393090077,0.0755930074106378,1.521322007618682,0.024443966667957735,0.08754070585866038,0.992853884749886
373,RIN3,0.0009843848426552837,-0.00634740123271738,0.007331786075372664,0.14755342979047797,0.023859648457246942,0.07846468234731646,0.9923977497339213
54,PLPPR1,0.03283547844205581,-0.0063523323812870475,0.039187810823342856,0.788661293922266,0.0231034072018002,0.07438094810147296,0.9923977497339213
967,COL21A1,-0.055104794104893995,-0.006354826335205444,-0.048749967769688554,-0.9811013131922554,0.022666490811482923,0.07438638997637617,0.9925497947392428
52,PLA2G4A,0.033988196362731204,-0.006358858045401896,0.040347054408133104,0.8119912663382596,0.022172725418913828,0.07147357003207726,0.9925497947392428
45,C2CD6,0.03825377856039447,-0.00635941351448842,0.04461319207488289,0.8978480055033181,0.02226299315383598,0.07161378705070354,0.9925497947392428
83,GPR39,0.02510207672329512,-0.0063598211613234285,0.03146189788461855,0.6331759946170132,0.02177323356731997,0.0675575355874705,0.9923977497339213
153,ADAMTS19,0.013526519513962887,-0.006360856040268225,0.01988737555423111,0.4002367830145612,0.022285213133857413,0.07125198543539142,0.9925497947392428
387,LPAR6,0.0004543203210073399,-0.006363437209759797,0.006817757530767137,0.13720851874328843,0.02254475961006262,0.07361355337007734,0.9927018397445644
484,GHR,-0.003625079058110714,-0.006365800277112664,0.00274072121900195,0.05515747620101172,0.02176768219361071,0.0702379682663624,0.9927018397445644
27,IGFBP5,0.048816593547161946,-0.006368357308312565,0.055184950855474514,1.110606431752765,0.022959846507349987,0.08708265637291408,0.9936141097764939
767,ABCB1,-0.015102218322712746,-0.006370105277221898,-0.008732113045490847,-0.17573524594617454,0.02238253508353976,0.07780596893893436,0.9931579747605291
905,SLC2A9,-0.031162797550146726,-0.006372942393147379,-0.024789855156999347,-0.49890001083242247,0.020218720216684454,0.06051423409117196,0.9925497947392428
775,STK32B,-0.015600290349019441,-0.006379520558594642,-0.009220769790424799,-0.18556954525114852,0.021062800508786544,0.06817650009965327,0.9930059297552075
62,P3H2,0.031062101448575685,-0.006379855382077655,0.03744195683065334,0.7535256882340375,0.020799790725851242,0.06491806113535856,0.992853884749886
983,GNB4,-0.07064159057642283,-0.006380535809321177,-0.06426105476710166,-1.2932645518244545,0.02125928799479379,0.06628348522579394,0.992853884749886
265,CFAP54,0.00468642881103587,-0.00638250021512669,0.01106892902616256,0.22276406118882097,0.02060009483384431,0.06343217807342126,0.992853884749886
385,MSR1,0.0004777795090263881,-0.006385166715138854,0.006862946224165242,0.13811794880986356,0.02038868498471935,0.06415670800909208,0.9930059297552075
904,BACE2,-0.031048971545565185,-0.006386761862457588,-0.024662209683107596,-0.4963311241687453,0.020051871748184073,0.06026327115365468,0.992853884749886
619,ESR1,-0.008317524895948503,-0.006386796628378883,-0.0019307282675696197,-0.038856231611864925,0.020077409471492284,0.0625971463745125,0.9930059297552075
462,LRRIQ1,-0.0028189055180301015,-0.006387543409978587,0.003568637891948486,0.07181943870484454,0.019311495479497443,0.05523617974571891,0.9927018397445644
48,MMD2,0.036124752139166216,-0.006392438699113121,0.04251719083827934,0.855665627549769,0.02011071295304268,0.06325573428297904,0.9931579747605291
953,CIITA,-0.044806340048390014,-0.006392449203537931,-0.03841389084485208,-0.7730860239899828,0.020171430672780523,0.06571732364880871,0.9933100197658506
881,CARD11,-0.026354636896717798,-0.0063976804666681765,-0.019956956430049622,-0.40163710986115797,0.018798897390479612,0.05943417020475731,0.9933100197658506
382,DDR2,0.0005477745397924894,-0.006398215220484074,0.0069459897602765636,0.13978921396260904,0.01989247637043366,0.06527006048976385,0.9934620647711723
351,GALNT14,0.0016300052404403242,-0.006399559644006796,0.00802956488444712,0.1615963458624418,0.01858640354323043,0.05587982447980629,0.9931579747605291
757,MYO1F,-0.014214777215211472,-0.006400807351198854,-0.007813969864012617,-0.15725745975967997,0.019167071014821874,0.062001723051708285,0.9934620647711723
332,FLI1,0.0021897435188293346,-0.0064008210372365855,0.008590564556065921,0.17288655875295886,0.0201431240313113,0.06533664254628437,0.9934620647711723
695,EGF,-0.011552097041065967,-0.006400870728853469,-0.005151226312212498,-0.10366929724627537,0.019282770082910194,0.057864168621277745,0.9931579747605291
845,FRMPD2,-0.02163155005234607,-0.006401511439721841,-0.01523003861262423,-0.3065070925463271,0.019799996211590933,0.06621032446756502,0.9936141097764939
81,MAFB,0.025819143096169284,-0.0064021449360706206,0.032221288032239906,0.648458849255531,0.020201998168705465,0.0719074260958266,0.993918199787137
570,GCNT2,-0.0065829194681618075,-0.006404636857445071,-0.00017828261071673682,-0.003587967571996989,0.01909161195676544,0.060581297563093287,0.9934620647711723
156,SERPINI2,0.0132442146539688,-0.006404818471692917,0.019649033125661717,0.3954401014913324,0.019828260373357536,0.06530331006459592,0.9936141097764939
116,RCSD1,0.018826733474378188,-0.006405789664999352,0.02523252313937754,0.5078087785442533,0.019852864955545068,0.06509271867308285,0.9936141097764939
39,COL27A1,0.04030026916903673,-0.006408002391979188,0.04670827156101592,0.940011833073381,0.019944902071208855,0.06925012497504765,0.993918199787137
172,SLC25A21,0.01091831756962669,-0.0064113784808885466,0.017329696050515236,0.3487630521666651,0.018243242908989096,0.05563290347655783,0.9934620647711723
940,WDFY4,-0.039963776695317255,-0.006413215639942538,-0.03355056105537472,-0.6752106927593026,0.019069923574965945,0.06241750963797625,0.9937661547818154
822,CSF3R,-0.019299994267168497,-0.00641403232051185,-0.012885961946656647,-0.25933215478905414,0.018859567133909485,0.0637070756615783,0.993918199787137
79,CPED1,0.026115936537583706,-0.006416008987071003,0.03253194552465471,0.6547108836199657,0.018269725304293504,0.05657517298079543,0.9936141097764939
319,IKZF1,0.002665652760437509,-0.006417159392181957,0.009082812152619465,0.1827931245516484,0.018828011330666864,0.058135911620324617,0.9936141097764939
12,TNFRSF1B,0.06665990092911322,-0.006419002468894152,0.07307890339800738,1.4707252408690783,0.01867398628754208,0.06156373159433185,0.993918199787137
330,IFI44L,0.0022698212414979935,-0.00641926953572263,0.008689090777220625,0.17486941555022742,0.01859985994683926,0.0612290891507801,0.993918199787137
34,PDE3A,0.04240287744229837,-0.006419740350567873,0.048822617792866244,0.9825634071464463,0.018050118276075895,0.05694846732047656,0.9937661547818154
918,ADAMTS17,-0.03416420905678352,-0.006422365813487593,-0.02774184324329593,-0.5583092683251885,0.01797767540721066,0.06041792020568129,0.9940702447924585
87,F5,0.024696381360876818,-0.006423827055890356,0.031120208416767173,0.6262994365196479,0.016942334862284494,0.05191840290442431,0.9937661547818154
641,SLA,-0.009188566561583733,-0.006424335439811864,-0.0027642311217718693,-0.05563061695444921,0.017358044482779417,0.05318624591347199,0.9937661547818154
102,BLNK,0.01988788931207225,-0.006424665509596857,0.026312554821669106,0.5295445980793863,0.018822353250846004,0.06486664913232135,0.9942222897977802
923,SAMSN1,-0.03549484152060284,-0.006430738053373726,-0.02906410346722911,-0.584919978063736,0.018325409809840904,0.06132355066554105,0.9942222897977802
9,CA12,0.07408711952822544,-0.006431402594029166,0.0805185221222546,1.6204488208823349,0.018353247047793182,0.06121708927502095,0.9942222897977802
178,HTR7,0.010472632437196705,-0.006432742186625582,0.016905374623822286,0.3402235119784373,0.01712029591483006,0.05207846849393365,0.993918199787137
226,TRDN,0.006917767226696014,-0.006434562702367581,0.013352329929063596,0.2687178889936778,0.017371222460182075,0.05464141110358983,0.9940702447924585
26,CENPF,0.04952248281393301,-0.006435087152248618,0.055957569966181626,1.126155521501774,0.017466740879837288,0.057066067687971476,0.9942222897977802
922,PIK3AP1,-0.03516111357085011,-0.006435455193339459,-0.028725658377510652,-0.5781087136228042,0.01696958411078638,0.050739468636295255,0.993918199787137
161,COL4A2,0.012209428548812906,-0.006437378610608543,0.01864680715942145,0.3752701350979375,0.017600383139045956,0.059084847058018294,0.9943743348031017
58,PRKCH,0.031877691830907495,-0.0064380588820722754,0.03831575071297977,0.7711109373045579,0.017283204039402113,0.05553624935008995,0.9942222897977802
50,FCGR2A,0.03569483280181884,-0.0064380682764028216,0.042132901078221666,0.8479317313958245,0.017291689665572617,0.055562427400626245,0.9942222897977802
212,DNAH5,0.008242751870836562,-0.006438369483698372,0.014681121354534934,0.2954600402633476,0.016785081082384683,0.05148084069128154,0.9940702447924585
40,KBTBD12,0.040251289715852345,-0.006439377078997262,0.04669066679484961,0.9396575341887989,0.01522136532257948,0.04356850133005578,0.993918199787137
339,SNCAIP,0.001890535599419041,-0.00644392682754558,0.00833446242696462,0.1677324602649421,0.016692591415808783,0.05173480593303968,0.9942222897977802
920,RASL12,-0.03444360769712007,-0.006443974384170189,-0.027999633312949884,-0.5634973369011573,0.01683155537852687,0.05445282978299457,0.9943743348031017
516,FCGBP,-0.004779656728108761,-0.006444554294479215,0.0016648975663704543,0.03350634397162128,0.01614868244149988,0.051940717716557394,0.9943743348031017
64,NCKAP1L,0.030545016511892675,-0.006446063823153715,0.03699108033504639,0.7444517228107712,0.016625903486995466,0.050858074566051736,0.9942222897977802
535,CHST9,-0.005309979617595717,-0.006447044736230148,0.0011370651186344309,0.022883627048692668,0.01720062059840264,0.06381177813783873,0.994982514824388
213,IRAK3,0.008136032770077406,-0.0064472461340002885,0.014583278904077695,0.2934909444665452,0.01682415614629582,0.05569158188213939,0.9945263798084233
138,LYPD6,0.015658381912443342,-0.006447374304888167,0.02210575621733151,0.44488206754091064,0.01702046108460502,0.056324239548508945,0.9945263798084233
89,KCNQ5,0.023824254427050162,-0.0064477123314695736,0.030271966758519737,0.6092284302629345,0.015595881550718836,0.051348165613049834,0.9945263798084233
23,NFATC2,0.050537031621505024,-0.006448372041895596,0.05698540366340062,1.146840847794683,0.01618600357170573,0.05090968166374619,0.9943743348031017
383,ID3,0.00046998739242554155,-0.006448539516311437,0.006918526908736978,0.1392365194493166,0.01713164659991208,0.05860801785379857,0.9946784248137449
129,MALRD1,0.017082063259778346,-0.006449039451050394,0.02353110271082874,0.4735674058190951,0.015979216484462103,0.04999970082717546,0.9943743348031017
963,GULP1,-0.053626358739731816,-0.00644984297262502,-0.0471765157671068,-0.9494353265956901,0.016435522832951483,0.05357391131393785,0.9945263798084233
74,KCNK13,0.028307520623864768,-0.006450598915833658,0.03475811953969843,0.6995130106669477,0.015979421956972082,0.04952709591583607,0.9943743348031017
624,SLC11A1,-0.00854175112865585,-0.0064516059663684506,-0.0020901451622873995,-0.04206452347149346,0.01587509250720836,0.0488645388339984,0.9943743348031017
21,RGS1,0.05327702082436658,-0.006454377103341193,0.05973139792770778,1.2021044449206952,0.01676818570342795,0.05784993599706491,0.9948304698190664
61,PLA2G7,0.031102791845381672,-0.006455228436513047,0.03755802028189472,0.7558614847409092,0.015392792556560434,0.04611514916955985,0.9943743348031017
946,HES1,-0.04161551689344739,-0.006458404665235588,-0.0351571122282118,-0.7075428057327403,0.016132645808114306,0.0544533651073772,0.9948304698190664
412,PIK3R5,-0.0006849794160752598,-0.006461580046981208,0.005776600630905948,0.11625506075294038,0.01577427117763106,0.052263617719679745,0.9948304698190664
984,PPARG,-0.07391464906303502,-0.006463149945215182,-0.06745149911781984,-1.3574727818061503,0.015213926860403345,0.04761314523330938,0.9946784248137449
57,PAPPA2,0.03224791310451647,-0.006464006123644726,0.038711919228161196,0.779083895406319,0.015074107348272931,0.04687496747373212,0.9946784248137449
41,USH1C,0.04019673392176626,-0.00646518588133172,0.04666191980309798,0.9390789961374285,0.015584269523169152,0.05051922838004086,0.9948304698190664
449,ARHGAP25,-0.0022366597420638845,-0.006467046822673137,0.004230387080609252,0.08513725259687073,0.015574378341648563,0.0521776451985862,0.994982514824388
951,CHODL,-0.04329601143087658,-0.0064683196259415635,-0.03682769180493502,-0.7411635011198334,0.015045033342257088,0.047723391527829374,0.9948304698190664
436,PRELID2,-0.0017461868978682071,-0.006469430059214701,0.004723243161346494,0.09505606424225503,0.015278729957007332,0.045928780398416635,0.9946784248137449
208,RGS20,0.008429072659324743,-0.006469984352370843,0.014899057011695586,0.29984603207449867,0.014103040387680442,0.04173851966359992,0.9946784248137449
279,STUM,0.004192226380109798,-0.00647048015955,0.010662706539659797,0.21458876522064826,0.014729597934083181,0.04598855213365676,0.9948304698190664
75,SLCO1C1,0.028057407507132703,-0.0064736442815375075,0.03453105178867021,0.6949432339284304,0.014840776254637275,0.04992268576722959,0.9951345598297096
814,MARCO,-0.018996335211254267,-0.006474806292712423,-0.012521528918541844,-0.25199787871028356,0.013922177275477954,0.041913359523705354,0.9948304698190664
977,MAP3K8,-0.06619386713285957,-0.0064791408929634215,-0.059714726239896154,-1.2017689243951768,0.014377659688229736,0.046670108158767896,0.9951345598297096
743,EPB41L4A,-0.013753217241541993,-0.00647962382086647,-0.007273593420675523,-0.14638229281227072,0.014798335200194765,0.047962665531065186,0.9951345598297096
882,SEL1L3,-0.02645954986413318,-0.006480068083843575,-0.019979481780289604,-0.4020904363290844,0.01479260245150567,0.04780821708236938,0.9951345598297096
113,TMC1,0.019055080413818315,-0.006480637542696506,0.02553571795651482,0.5139106253116563,0.014218975018503183,0.04341594305312526,0.994982514824388
6,P2RY12,0.08785391598939896,-0.0064807450159812775,0.09433466100538024,1.8985009432041327,0.01481127318548663,0.04766663622353362,0.9951345598297096
891,GLI3,-0.027889021917393342,-0.006481703683751016,-0.021407318233642326,-0.43082588546878914,0.014880179529818799,0.04986846502040163,0.9952866048350312
598,EPSTI1,-0.007570375555327968,-0.006483067659748455,-0.0010873078955795134,-0.021882254553215474,0.014714528642733472,0.05114486079084254,0.9954386498403528
929,NR4A3,-0.036356061697006226,-0.00648534386163319,-0.029870717835373036,-0.6011532280950889,0.014061811934096557,0.0482210773913606,0.9954386498403528
974,LCP2,-0.0573868414333889,-0.006485681721365877,-0.050901159712023025,-1.0243944133953948,0.013977672178004318,0.04331656805880637,0.9951345598297096
971,CEMIP,-0.05592183726174493,-0.006486625877003348,-0.049435211384741586,-0.9948919563730115,0.01375343090351932,0.04903406952655777,0.9955906948456743
812,CD84,-0.01869249524492206,-0.00648669399556053,-0.012205801249361528,-0.24564380618438256,0.013913361234633985,0.04504639116724911,0.9952866048350312
898,SNTB1,-0.029120432833830534,-0.006487183356675635,-0.0226332494771549,-0.45549795824996225,0.01460837057371526,0.04727549089531935,0.9952866048350312
67,CMTM7,0.029037142040753583,-0.006490286466548766,0.03552742850730235,0.7149954832284185,0.013540964946248367,0.0426820864143961,0.9952866048350312
986,IL18,-0.08285337700730272,-0.006491024224204491,-0.07636235278309823,-1.5368052128340222,0.01421972269381199,0.04478019952973757,0.9952866048350312
901,FAP,-0.03056325267882376,-0.006491114483710709,-0.02407213819511305,-0.4844558360765814,0.014502607099125936,0.04797761400755646,0.9954386498403528
939,ALPK1,-0.04004265507062277,-0.006493581741448541,-0.03354907332917423,-0.6751807520189134,0.013432825020094729,0.04131200254432056,0.9952866048350312
729,ALOX5,-0.013139185451325863,-0.00649419589481183,-0.006644989556514033,-0.13373153415905112,0.013584176026613,0.041643374115750614,0.9952866048350312
37,CPS1,0.041232772999339695,-0.006494439060021552,0.04772721205936125,0.9605181822409173,0.013629670452962699,0.0439822705779521,0.9954386498403528
78,TFEC,0.02637392189932164,-0.006495950408429853,0.03286987230775149,0.6615117170528285,0.013863724657367349,0.04432426483945327,0.9954386498403528
85,RHOJ,0.024809481203556083,-0.00649595335372474,0.031305434557280826,0.6300271437984304,0.014069455681123274,0.04954130082106521,0.9957427398509959
753,STAB1,-0.014185489578680599,-0.006496865145971549,-0.00768862443270905,-0.15473486184052723,0.013376840783867956,0.04463807073348758,0.9955906948456743
344,ROR1,0.0016629610210656676,-0.006501267553203159,0.008164228574268826,0.16430647530391268,0.013044121939028512,0.04442074382761876,0.9957427398509959
18,BMPER,0.055549273959227985,-0.00650309064289707,0.06205236460212506,1.24881429020519,0.012988654466847485,0.041420607646182245,0.9955906948456743
35,ADAMTS18,0.042155957454210746,-0.0065033176072188115,0.04865927506142956,0.979276107161551,0.012804410208088078,0.040721423639288344,0.9955906948456743
231,ATP10A,0.006548139609788617,-0.00650375647740135,0.013051896087189967,0.26267160731853617,0.013244405441381932,0.04660757043005494,0.9958947848563174
384,ADAMTS9,0.0003699569141163428,-0.006503956694421931,0.006873913608538274,0.13833866926780314,0.013309300387093832,0.046768808584260906,0.9958947848563174
906,SYTL3,-0.03131160744722339,-0.006507090415985214,-0.024804517031238173,-0.49919508352124004,0.012504789864445615,0.03855135138643835,0.9955906948456743
960,DEPDC1B,-0.0519268072568454,-0.0065093924461808025,-0.045417414810664594,-0.9140331235305162,0.012604171941582882,0.04044971819481228,0.9957427398509959
63,ZNF804B,0.030717616203503773,-0.006510044918950865,0.03722766112245464,0.7492129510088873,0.012340197106612017,0.039348631602996884,0.9957427398509959
981,HAMP,-0.0682262399217538,-0.006511011978067935,-0.06171522794368587,-1.2420293581641562,0.013036101132931719,0.048206994948910425,0.9961988748669606
60,HCK,0.031310287117958024,-0.0065118970348916096,0.03782218415284963,0.7611778271417129,0.01277253142773648,0.040265516126238826,0.9957427398509959
956,TSHZ3,-0.04574250181516015,-0.006514748823924205,-0.039227752991235945,-0.7894651367792871,0.012006385607730834,0.03677899771997029,0.9957427398509959
139,MND1,0.015069491333431717,-0.006515136443487026,0.021584627776918743,0.43439426989463814,0.011613433492303397,0.03531706508247724,0.9957427398509959
15,COL4A1,0.05969702652077269,-0.006515337953163056,0.06621236447393575,1.3325349883684159,0.01192922347988972,0.04085034672280132,0.9960468298616391
55,TNFAIP8,0.03241507460673654,-0.006517952589298982,0.038933027196035516,0.7835337305049516,0.011623099607050097,0.03900953894446717,0.9960468298616391
932,MYOF,-0.03739570719855173,-0.006520900034855666,-0.030874807163696064,-0.6213606949642786,0.011789492372404545,0.036427136300943734,0.9958947848563174
697,TMEM156,-0.0117146351507732,-0.006522070750207696,-0.005192564400565505,-0.10450123323769174,0.011539898532291619,0.035217956995903674,0.9958947848563174
942,ADAMTS12,-0.040221053078061064,-0.0065287353507959,-0.033692317727265164,-0.6780635696597044,0.011011059622616018,0.03364311358454787,0.9960468298616391
765,CD86,-0.015074681313264948,-0.006531221180512912,-0.008543460132752036,-0.17193857429912837,0.011213463683510056,0.03358107134228068,0.9960468298616391
381,SULF1,0.0005048630583999736,-0.006535807084849376,0.00704067014324935,0.14169467261864332,0.011462137312058703,0.042068180468544915,0.9966550098829253
706,CTXND1,-0.012134137252966581,-0.006536950797846563,-0.005597186455120019,-0.11264432024331661,0.011088810901037019,0.0359297830231022,0.9963509198722822
72,IRF8,0.028315632784066125,-0.006539780136691684,0.034855412920757806,0.7014710563496286,0.01056468638005756,0.033278032250800185,0.9963509198722822
14,AGMO,0.06284021205372281,-0.006541857303212802,0.06938206935693561,1.3963258330687618,0.010246645496566923,0.031559581996473636,0.9963509198722822
163,LRRIQ3,0.01195517139775415,-0.00654257382718847,0.01849774522494262,0.37227023855738867,0.01063870504170233,0.03268334631919546,0.9963509198722822
965,NWD1,-0.054496800583420435,-0.006543753013977751,-0.047953047569442686,-0.9650631599228127,0.010489241787935165,0.034071204657328706,0.9965029648776038
33,TMEM51,0.04243798899863449,-0.006543891513898965,0.04898188051253345,0.9857685962072116,0.01044972852427944,0.03389399430900574,0.9965029648776038
589,CNBD1,-0.007312719311032945,-0.006548407863624907,-0.0007643114474080379,-0.015381896625707178,0.009632202584434755,0.027469437132310776,0.9963509198722822
314,IL15,0.0026109308004379495,-0.006550439117689408,0.009161369918127358,0.18437411281538146,0.009871860379847155,0.029929868926694133,0.9965029648776038
22,KYNU,0.052005786200364446,-0.006550686397470469,0.05855647259783491,1.1784588747433578,0.009510227568904118,0.02861767354717777,0.9965029648776038
164,ABI3BP,0.011889907717704817,-0.0065559906103197325,0.01844589832802455,0.37122681102341415,0.009608641669719337,0.02960154670562804,0.9966550098829253
261,ITGAX,0.004829095800717664,-0.006557645607902225,0.01138674140861989,0.22916008892058737,0.009807567467784679,0.032036830827242666,0.996807054888247
320,LRAT,0.002505509981087284,-0.0065637455049080634,0.009069255485995346,0.18252029435224665,0.009983621139301816,0.037558938175538056,0.9972631899042117
418,TPRG1,-0.0009223636653687972,-0.006567234098965364,0.005644870433596566,0.11360396834242052,0.008771145906076838,0.025581066803856464,0.996807054888247
489,ANGPT1,-0.004005510397631751,-0.006567793015167068,0.002562282617535317,0.05156636928889691,0.009187317278341208,0.02909221504598886,0.9969590998935685
103,EMP1,0.019729399921918134,-0.006568008081225328,0.026297408003143462,0.5292397658051087,0.008889799963090554,0.028009135586756797,0.9969590998935685
970,MS4A4A,-0.05593139075097581,-0.0065684279184649004,-0.049362962832510904,-0.9934379420892557,0.008845017619670605,0.029985574471651347,0.9971111448988901
185,ARMC3,0.009967451239680236,-0.006568489621085428,0.016535940860765666,0.3327885952665996,0.008948774539494577,0.028064736847750453,0.9969590998935685
987,CALCRL,-0.08339872356090283,-0.006572474355242654,-0.07682624920566018,-1.5461412064804365,0.009396884834047197,0.03515951462283703,0.9974152349095332
979,RERGL,-0.06665987457547873,-0.006573023910397542,-0.06008685066508119,-1.209257991135585,0.008630147882958097,0.02785559217929792,0.9971111448988901
122,PDGFD,0.017887895447867286,-0.006573633696284158,0.024461529144151443,0.49229239451804707,0.008323096474690303,0.026620096560207515,0.9971111448988901
13,CCL3,0.0642733057339987,-0.006573831410488852,0.07084713714448755,1.4258105690807639,0.00865243194721565,0.029943806736500083,0.9972631899042117
7,PLEK,0.07897729612886906,-0.006575468073112614,0.08555276420198167,1.7217637907440984,0.007725514226488114,0.021761962272123996,0.9969590998935685
964,FGD2,-0.05385636077040723,-0.006576757976278901,-0.04727960279412833,-0.9515099703792865,0.008168289481807731,0.025142262929358186,0.9971111448988901
306,MT1H,0.0029143031154360566,-0.006580957468083175,0.009495260583519231,0.19109371869955774,0.007968263826205652,0.025440465038796663,0.9972631899042117
857,IQGAP2,-0.022728775938351986,-0.006585369905083555,-0.016143406033268432,-0.32488876574157016,0.00823711372400886,0.029535120652831842,0.9975672799148548
982,GEM,-0.06975793649279888,-0.006587565935195148,-0.06317037055760373,-1.2713143483848983,0.008130329004276116,0.028503300970813716,0.9975672799148548
966,S100Z,-0.05459961746678205,-0.00658863702393471,-0.04801098044284734,-0.9662290687587493,0.007435883778881233,0.02354546180367247,0.9974152349095332
235,TRPC4,0.00638209031178405,-0.006588894356915105,0.012970984668699155,0.2610432513920541,0.006972426201269692,0.01962481064796711,0.9972631899042117
985,ZIC1,-0.07811490978513447,-0.006589540372947123,-0.07152536941218735,-1.4394601077149898,0.00798125951158906,0.027394079997429172,0.9975672799148548
992,LMNTD1,-0.10917694843004616,-0.006590272440484293,-0.10258667598956187,-2.0645741347949724,0.008164325440427743,0.027798160457473884,0.9975672799148548
848,FAM20A,-0.021971204380194287,-0.006593715063689073,-0.015377489316505214,-0.30947456279968594,0.007006455110462084,0.020535169612594436,0.9974152349095332
534,AGBL1,-0.005412836869557736,-0.006595357938717418,0.001182521069159682,0.0237984357099705,0.00746725412644959,0.026127062657203038,0.9977193249201763
973,TTC29,-0.05716023120013147,-0.006595414720455534,-0.050564816479675936,-1.0176254491881151,0.007029707322869878,0.022355920774165185,0.9975672799148548
949,ATP6V0D2,-0.04331898391246791,-0.00659761984281479,-0.03672136406965312,-0.7390236375366069,0.007297308541037947,0.022602114266662157,0.9975672799148548
24,KCNE4,0.04970250692632461,-0.00659928041612723,0.05630178734245184,1.133082954181889,0.007177618897083176,0.023945724019679804,0.9977193249201763
44,HPGDS,0.03827737803970066,-0.006601518770404597,0.044878896810105255,0.9031953580570596,0.006597638939858718,0.02128225974140091,0.9977193249201763
124,CLEC7A,0.01761021264015683,-0.0066026680784567375,0.024212880718613567,0.48728830306980453,0.006440083985144668,0.018137379873768154,0.9975672799148548
4,IL1B,0.10629720579494129,-0.006602958989817996,0.11290016478475928,2.2721348340833374,0.007251800784034405,0.027597153528272137,0.9980234149308195
915,ALDH1A2,-0.03367164929707844,-0.006603084789967236,-0.027068564507111207,-0.5447594203471151,0.007180289072828006,0.025057268626772607,0.997871369925498
109,THSD7B,0.01904386281967163,-0.006604419054355692,0.025648281874027325,0.5161759931127454,0.006554333086727459,0.020253855318865602,0.9977193249201763
16,CH25H,0.05820491413275397,-0.006605336112130278,0.06481025024488425,1.3043172033256267,0.006564186216111058,0.020009229759294065,0.9977193249201763
114,GPR183,0.018894948065280914,-0.006607995484669325,0.02550294354995024,0.5132510348587658,0.006384630657658682,0.020844896325487174,0.997871369925498
961,ITGBL1,-0.05262093671730589,-0.006608076595316471,-0.04601286012198942,-0.926016560722411,0.00631858591713683,0.0228514023901692,0.9980234149308195
613,F13A1,-0.008276144663492802,-0.006608556987576454,-0.001667587675916348,-0.03356048287937584,0.006693230521790232,0.023987257804971275,0.9980234149308195
860,MRC1,-0.023276078204313877,-0.0066089536814828865,-0.016667124522830992,-0.33542868856327046,0.006347912037571199,0.02042846303601976,0.997871369925498
28,CMKLR1,0.04824044058720267,-0.006610551610983384,0.05485099219818605,1.1038854575202168,0.006200505412946318,0.01943920346124483,0.997871369925498
51,PLAC8,0.03473925590515137,-0.006611629902982483,0.04135088580813385,0.832193542356516,0.006256420685630012,0.019303220652738505,0.997871369925498
968,SPAG17,-0.05541941970586778,-0.006614134839176231,-0.04880528486669155,-0.9822145790874867,0.005716318692307052,0.016695269355330444,0.997871369925498
847,LYZ,-0.021875933522269908,-0.006614857282564835,-0.015261076239705074,-0.30713173001955063,0.005878312120316297,0.019287244332467018,0.9980234149308195
980,LIPG,-0.06674018419451189,-0.006615078756854931,-0.06012510543765696,-1.2100278748776065,0.0061095713095481565,0.020011162148364098,0.9980234149308195
567,ARHGAP28,-0.006728510061899784,-0.0066151506452263205,-0.00011335941667346347,-0.0022813773557036417,0.0056208079392472765,0.018317286103610095,0.9980234149308195
43,CD163,0.03831998109817503,-0.006618821238034139,0.044938802336209165,0.9044009668608579,0.005694327685176778,0.01745474775698279,0.9980234149308195
76,ROR2,0.027885809540748596,-0.006619610327197539,0.034505419867946134,0.6944273872062163,0.005355967065499636,0.016057723730940103,0.9980234149308195
991,CLEC5A,-0.09723359176090784,-0.0066217555044532994,-0.09061183625645454,-1.8235784680301768,0.005488617772841206,0.018117508284669338,0.9981754599361411
955,KLHL6,-0.045165308032717066,-0.006623911482536641,-0.03854139655018043,-0.7756520977877778,0.005325972998603544,0.01690674764359274,0.9981754599361411
101,CPA6,0.019775779048601727,-0.0066261849889773855,0.026401964037579113,0.5313439736103653,0.0055509184680166985,0.01924332344051656,0.9983275049414627
978,MX2,-0.06648705899715424,-0.00662654047534641,-0.05986051852180783,-1.2047030186270455,0.005587493045321318,0.019260552462743996,0.9983275049414627
2,CD69,0.18432589744528138,-0.0066269546914662246,0.19095285213674762,3.842958314849497,0.005065601158424979,0.017349445174807958,0.9983275049414627
232,COL24A1,0.006415612995624542,-0.006630486299227794,0.013046099294852335,0.26255494589628414,0.004970955686381075,0.01595379719596101,0.9983275049414627
17,COL8A1,0.0566877067089081,-0.0066305255253473906,0.06331823223425549,1.2742900895344966,0.0052806940025394815,0.017001505297630656,0.9983275049414627
795,KCNE1,-0.01730244979262352,-0.006632492460457132,-0.010669957332166389,-0.21473468864122414,0.0048231818436716475,0.01483938035144314,0.9983275049414627
887,MYO5C,-0.02719273914893472,-0.006633682839009667,-0.02055905630992505,-0.4137544713660814,0.0043482228391228984,0.012853259848277713,0.9983275049414627
989,MBOAT1,-0.08793991555770236,-0.006635799828224683,-0.08130411572947768,-1.6362590245592536,0.004073582081635517,0.011271194794076572,0.9983275049414627
797,CR1,-0.017430752515792847,-0.006638831489765406,-0.01079192102602744,-0.21718922852469982,0.00421175125450112,0.013080804176704057,0.9984795499467842
31,SERPINE1,0.042987221479415805,-0.006639609764578112,0.04962683124399392,0.9987483383184178,0.00375068898178018,0.01126730053418526,0.9984795499467842
990,TNFAIP3,-0.0906493238040379,-0.006645810284820681,-0.08400351351921721,-1.6905848597855164,0.003902775599824773,0.01216275195343849,0.9986315949521058
120,C12orf42,0.018077711264292362,-0.006653354905419287,0.02473106616971165,0.4977168725603788,0.003588935455131965,0.011056326551345124,0.9987836399574274
86,THEMIS,0.024590236800057563,-0.0066534652311733,0.031243702031230863,0.6287847663129636,0.0034721757842621176,0.010623407611520292,0.9987836399574274
32,NOX4,0.04286174972852075,-0.0066559217057519954,0.04951767143427274,0.9965514787600438,0.003348419277361448,0.009454480905426488,0.9987836399574274
931,C1orf87,-0.0371072977781296,-0.00665613734149754,-0.030451160436632062,-0.6128347332197351,0.003399180338737976,0.011819749877761602,0.998935684962749
993,SMIM35,-0.11255139112472534,-0.006657670527461638,-0.10589372059726371,-2.1311289645895273,0.0030359275438742025,0.007854669082783318,0.9987836399574274
759,TGFBI,-0.014587615927060427,-0.006659004520533362,-0.007928611406527064,-0.15956464011390462,0.002723339851574276,0.006380432209001612,0.9987836399574274
817,ADGRG6,-0.0192737877368927,-0.006662735706007955,-0.012611052030884745,-0.25379954642616026,0.0030502358350661847,0.010880427564618298,0.9990877299680706
998,CCL2,-0.5611037760972977,-0.006664947375480589,-0.554438828721817,-11.15817482205539,0.0029762594397648324,0.009956098374525563,0.9990877299680706
914,ABCC3,-0.033443599939346313,-0.006666854060032188,-0.026776745879314126,-0.5388865213064784,0.0027017021429699643,0.008438147689362486,0.9990877299680706
491,SIGLEC1,-0.004122257232666016,-0.0066677329977855825,0.002545475765119567,0.05122812855295177,0.0025046780476625976,0.00749736568472836,0.9990877299680706
493,PRDM6,-0.004184365272521973,-0.006669375837248189,0.0024850105647262165,0.05001125620980257,0.002224981739484431,0.006041913185186136,0.9990877299680706
1000,CD96,-0.6005444526672363,-0.006673258492376599,-0.5938711941748598,-11.951757819095068,0.0021819166881462937,0.006973238884671255,0.9992397749733921
5,CD36,0.09625105187296867,-0.0066733699141278136,0.10292442178709649,2.0713713258629105,0.0022454271974541675,0.007156690836749693,0.9992397749733921
8,PAX3,0.07474137842655182,-0.0066761103416813255,0.08141748876823314,1.6385406760616519,0.0017843975048128706,0.004747772371499746,0.9992397749733921
272,POLQ,0.004279956221580505,-0.006677024090489766,0.01095698031207027,0.2205110744601934,0.0018118357674681905,0.004564309772500226,0.9992397749733921
148,TNFRSF11B,0.014022260904312134,-0.006678247167064636,0.020700508071376772,0.4166012118925422,0.002069837500329734,0.0073327832909075765,0.9993918199787137
994,FPR3,-0.14713750282923377,-0.006680926145963295,-0.14045657668327047,-2.826712265359221,0.0018492643277404491,0.005765115648964643,0.9993918199787137
20,MS4A4E,0.05389627814292908,-0.00668372478900466,0.06058000293193374,1.2191827635764314,0.0013806370198690026,0.0033125369897559604,0.9993918199787137
997,FGL1,-0.5407232443491617,-0.006687946602793012,-0.5340352977463687,-10.74755032424356,0.0013702767192107733,0.004252808617966921,0.9995438649840352
3,CCL4,0.15931783616542816,-0.006688441336959726,0.1660062775023879,3.340904298136138,0.0013157092934083679,0.003915978604176377,0.9995438649840352
1,CYP4F12,0.4952408969402313,-0.006689089170112312,0.5019299861103437,10.101425519497829,0.0011979866216751968,0.0033166282070691724,0.9995438649840352
996,FREM2,-0.42288069427013397,-0.0066913183576542785,-0.4161893759124797,-8.375881296444344,0.0012363340471990044,0.005028303952016219,0.9996959099893569
229,ANKRD22,0.0063686370849609375,-0.006696199264673311,0.013064836349634248,0.26293203227998674,0.0007712249784004577,0.0019557803435409815,0.9996959099893569
995,ITGA4,-0.40901362895965576,-0.0067012246171443265,-0.4023124043425114,-8.096604906052704,0.0005342452193172564,0.0018769084678933463,0.9998479549946784
999,SPOCD1,-0.5704748034477234,-0.006702824482560308,-0.5637719789651631,-11.346006042851824,0.00022392890224332666,0.0003297479518371112,0.9998479549946784
560,NEFL,-0.0067758705073327485,-0.006918380469885618,0.00014250996255286974,0.002868037001873203,4.603397521935777,1.8713795375626319,0.06948456743195985
719,NEFM,-0.013072747233036308,-0.007014413648117002,-0.0060583335849193065,-0.12192498390976997,4.616307253338867,1.8525410358584473,0.0672038923521362
837,SNAP25,-0.023476463315069085,-0.008881898646678207,-0.014594564668390878,-0.29371807237441105,4.724039291531971,1.3225097113013256,0.04485327656986471
688,GNAS,-0.013862468351291513,-0.009190460158823157,-0.0046720081924683556,-0.09402495186316241,4.764390286064842,1.3939845937522861,0.04667781663372361
263,TUBA1B,0.0013107739292513854,-0.009935424058907651,0.011246197988159037,0.22633162890957564,4.7978543608723045,1.1333974817476644,0.036642846282499586
571,GAPDH,-0.010803902126214238,-0.010571488046101484,-0.00023241408011275347,-0.004677372511921477,4.912191742226282,1.3901792012779843,0.040596016420860526
222,UCHL1,-0.0006422835941120031,-0.01424935556189491,0.013607071967782908,0.27384461543365274,5.170218538262677,0.8699838488143392,0.02128630074502058
353,ATP1B1,-0.006764727934500947,-0.014748253524276235,0.007983525589775288,0.16066979730195094,5.205083333060206,0.8491226614739986,0.022046525771628356
346,HSP90AB1,-0.008490064891535143,-0.016606770584827804,0.008116705693292661,0.16335006931914023,5.356185394196504,0.7004022038333417,0.015204500532157494
210,SYT1,-0.005687872142968287,-0.020457769304805473,0.014769897161837187,0.29724666833939933,5.6988754234694445,0.667826891664042,0.012771780447012326
236,MAP1B,-0.011471679722923789,-0.02443380076571107,0.01296212104278728,0.2608648694275189,6.01844246931825,0.4324313158122095,0.004561350159647204
342,HSP90AA1,-0.016348295349290165,-0.024530429884849943,0.008182134535559778,0.16466683579111377,6.05254164433249,0.5400704393948459,0.005929755207541465
