rank,gene,attention_score,predicted_attention,residual_attention,residual_zscore,expression_mean,expression_variance,dropout_rate
8,ANKRD22,0.060125607252121016,0.006299973413440069,0.05382563383868095,2.9838817195614618,0.0015110518812125814,0.004549852068150557,0.9994065868855702
359,CCL3,0.011039699117342594,0.006297682515991469,0.004742016601351125,0.2628787743222113,0.0018138880894108206,0.005265559337389011,0.9993076846998319
1000,IL1B,-0.1352394209021614,0.006296729941612123,-0.14153615084377352,-7.846208266224458,0.0023770034657874337,0.006066860463532246,0.999010978142617
73,MARCO,0.027994117140769936,0.006294187723261634,0.021699929417508302,1.2029588522587065,0.0023099963304074617,0.006557306656509333,0.9991098803283552
999,CCL4,-0.10751357376575471,0.0062908256095503025,-0.11380439937530501,-6.308868891714034,0.002448617438487408,0.00745556778540187,0.9991098803283552
14,MS4A4E,0.05556806921958923,0.006290349714753261,0.049277719504835976,2.7317632125400104,0.003303781471712464,0.008581415296063941,0.9986153693996638
447,HTR7,0.008261478372982523,0.006290297171224323,0.0019711812017581994,0.10927454326868767,0.003483419658230691,0.008771065207066272,0.9985164672139254
972,IRF8,-0.025219229360421536,0.006283749631981627,-0.03150297899240316,-1.7464014155205003,0.004629103744512544,0.011425523393008768,0.9980219562852339
53,CENPF,0.03245848483509495,0.006279795658451238,0.026178689176643708,1.4512437012889048,0.004599089634509625,0.01234254295968085,0.9981208584709722
278,ADGRG6,0.013497279749976276,0.0062792941258997086,0.007217985624076568,0.40013677164098393,0.005439701593492259,0.013511582661475969,0.9976263475422806
424,FPR3,0.009045703336596489,0.006274723485943769,0.00277097985065272,0.1536122388528926,0.005277804337810893,0.014370800287817575,0.9978241519137573
936,LYZ,-0.0161108369865115,0.006274051982278168,-0.02238488896878967,-1.240930319345058,0.0043212423158075445,0.013308917345069378,0.9984175650281871
830,IGF1,-0.0076679451657193365,0.006270710574275971,-0.013938655739995308,-0.7727043249037135,0.0068440445811098465,0.01689203952546173,0.9970329344278509
5,ITGA4,0.07093656123286551,0.006270445788766376,0.06466611544409914,3.584835439690331,0.005191562881002349,0.01494748226102693,0.9980219562852339
392,FREM2,0.009769915170918853,0.0062701467478336395,0.003499768423085213,0.19401341471687017,0.006183791387108948,0.016278793764978056,0.9974285431708041
951,CLEC5A,-0.018546934769703705,0.006268683510418587,-0.02481561828012229,-1.3756804047602227,0.008239891376004565,0.01908880788632014,0.9962417169419444
85,SIGLEC1,0.026299965074833676,0.006267796930063878,0.020032168144769796,1.1105047180587897,0.008895092284801677,0.020240557540234638,0.9958461081989912
9,CD69,0.05927937328815458,0.0062676654805263795,0.0530117078076282,2.93876085740102,0.0037963366548799367,0.013906333868734756,0.9989120759568787
997,PLA2G7,-0.07318000239985323,0.006267471236492133,-0.07944747363634536,-4.4042558785154755,0.00598209979352841,0.016542414712945958,0.9976263475422806
529,DEPDC1B,0.005592234941743213,0.0062657053749623675,-0.0006734704332191548,-0.03733455550882231,0.008190342183882392,0.019696917956562292,0.9963406191276827
11,CD163,0.05680957895058847,0.006258372894053458,0.050551206056535014,2.802360304868004,0.005934008885087717,0.018192156513784422,0.9979230540994956
4,CR1,0.08433137080489361,0.0062580225576548115,0.0780733482472388,4.3280797643385585,0.009313815945527831,0.022815384318320774,0.9958461081989912
71,TGFBI,0.02825426242568274,0.00625647809402511,0.02199778433165763,1.219470758761757,0.005431236838520159,0.01828443293893361,0.9982197606567105
343,GPR183,0.011686827869791694,0.006249785645280342,0.005437042224511352,0.3014082648952374,0.009292895327469158,0.024089022440967684,0.9961428147562061
18,CSF3R,0.04876103980102764,0.006248624028649473,0.042512415772378166,2.356721346891699,0.009536020989860346,0.02512245161926098,0.9959450103847295
345,FGL1,0.011619438506938695,0.0062430131338609834,0.005376425373077712,0.29804790474727705,0.01091369894111743,0.027485419718646036,0.9953515972702996
228,CD84,0.015667545022787888,0.006240386556793459,0.009427158465994429,0.5226046366382963,0.010743046334308747,0.0276590016882215,0.9955494016417763
983,GPAT3,-0.03059813685037871,0.006238905187131799,-0.03683704203751051,-2.042100919199103,0.010939545539504639,0.028328297657685672,0.995450499456038
982,MS4A4A,-0.030270284840038797,0.006238721172498608,-0.036509006012537405,-2.0239158904596657,0.008790432290370237,0.02574425667654042,0.996736227870636
775,S100Z,-0.004197155887430415,0.006238531614107651,-0.010435687501538067,-0.5785135249910985,0.012342179394391644,0.030497586403471,0.9945603797843933
33,KYNU,0.038131597740896805,0.00623144639069861,0.0319001513501982,1.7684190909925925,0.011112328980081833,0.030045984596519328,0.9955494016417763
2,PLA2G4A,0.10517887607145537,0.00622728221180671,0.09895159385964866,5.48548769391531,0.010591862909143589,0.03041480573505107,0.9959450103847295
234,FAM20A,0.015417882490467716,0.006225212411406682,0.009192670079061034,0.509605521508189,0.01332726216383393,0.034218768413589534,0.9943625754129166
149,HPGDS,0.019948118925094627,0.006223759078458435,0.013724359846636192,0.7608246023037384,0.014119335687763263,0.0358464825194581,0.9938680644842252
976,AGTR1,-0.02597582728760417,0.006223431301072155,-0.032199258588676324,-1.785000421437456,0.012954150454472065,0.033967870087655845,0.9946592819701315
130,OTULINL,0.02102318385264257,0.006223316824811764,0.014799867027830805,0.8204464959695302,0.012017919559221317,0.03265635617273028,0.9952526950845614
978,NCKAP1L,-0.02686388743409207,0.006222492063942491,-0.033086379498034564,-1.834178920150694,0.011156477115552359,0.03201748256966519,0.9957472060132528
840,KLHL6,-0.008213557619037082,0.006222236257071582,-0.014435793876108664,-0.8002637104725181,0.010740637038516838,0.03190094419965935,0.9959450103847295
932,TFEC,-0.015391768515110038,0.006221405889470006,-0.021613174404580042,-1.1981494951049607,0.010746904479143466,0.03159909753109528,0.9960439125704678
239,GALNT14,0.015232259407639503,0.0062200464151824855,0.009012212992457018,0.4996016894400549,0.01290504715483223,0.03413384369554143,0.9948570863416082
751,FGD2,-0.00300117140208489,0.006219257718575392,-0.009220429120660283,-0.5111443737403578,0.013217329169810098,0.034870824647367064,0.9946592819701315
994,ITGAX,-0.05126812268387193,0.006217629051013686,-0.05748575173488562,-3.1867842792351095,0.012923137443849146,0.03555844949744532,0.9947581841558698
871,POLQ,-0.009874914752112551,0.006214089007834161,-0.016089003759946714,-0.8919111728278555,0.014530982577981813,0.03781109014747353,0.9939669666699634
314,STAB1,0.012406372790243148,0.006213345612684333,0.006193027177558814,0.34331710127647813,0.012569397920643214,0.035582394720764805,0.9951537928988231
820,FCGR2A,-0.00705621773615861,0.0062131816617566095,-0.01326939939791522,-0.7356033820552107,0.014236169189608926,0.03764938495804646,0.99416477104144
6,MX2,0.06183600999218852,0.006211726508450471,0.05562428348373805,3.083591791009329,0.012920316900214274,0.036530994900777755,0.9949559885273465
451,LIPG,0.008093123063907859,0.006210937250956277,0.0018821858129515817,0.10434098847616619,0.013161408876290826,0.03625629657837665,0.9949559885273465
757,RGS1,-0.0033576756276787467,0.006210721746047481,-0.009568397373726228,-0.5304343669139274,0.014392822947342081,0.03876682872411331,0.9940658688557017
516,LY86,0.005987492534849315,0.006209617709589969,-0.00022212517474065434,-0.012313747207315382,0.014663307969463042,0.03853801250076198,0.9940658688557017
988,SERPINE1,-0.03545136294293638,0.0062095291951356985,-0.04166089213807208,-2.309516221285644,0.013804078046579918,0.03880424042344456,0.9943625754129166
21,CD86,0.04737835317850103,0.0062090831969622735,0.04116926998153876,2.2822626199586686,0.012165191705521496,0.03571620610379552,0.9955494016417763
125,SLA,0.02156715691089628,0.006208938265597163,0.015358218645299116,0.851399316505644,0.01515551003345053,0.0399940448614576,0.9936702601127485
985,SYT6,-0.03230431707215908,0.006208509823350138,-0.03851282689550922,-2.1349998494501916,0.012084047851765827,0.036113362905586095,0.9955494016417763
846,MS4A6A,-0.008388341625574114,0.006208311408581066,-0.01459665303415518,-0.8091811103596721,0.015948438662985773,0.04073080190303527,0.9932746513697953
55,KCNK13,0.031753717592129305,0.006207644346647501,0.025546073245481804,1.4161739589026883,0.015755633257470418,0.04024432955001426,0.9934724557412719
975,TNFAIP3,-0.025907240031741163,0.006203750432462518,-0.03211099046420368,-1.7801071833230053,0.019348112846384553,0.04565930747186711,0.9913955098407675
643,CD53,0.0019562060731688202,0.006203035023973786,-0.004246828950804965,-0.23542751601198544,0.01802656006823627,0.04428553844606128,0.9921867273266739
126,CLEC7A,0.021451767001833266,0.006202478287136801,0.015249288714696465,0.8453606690163735,0.011388064149094568,0.0369801860521129,0.9960439125704678
977,HS3ST2,-0.026205117818456913,0.006202006619084938,-0.03240712443754185,-1.7965236876271287,0.014852292398793012,0.040862104043447936,0.9940658688557017
96,CARD11,0.025155012065714133,0.006200768132495992,0.01895424393321814,1.0507488337238007,0.016971706561463386,0.04344308245028765,0.992879042626842
535,MRC1,0.005432680310035187,0.006199839930516959,-0.0007671596204817718,-0.042528316051082635,0.01818682545935681,0.04507274915318813,0.9921867273266739
979,WDFY4,-0.026907217581021214,0.006199553696895217,-0.03310677127791643,-1.835309360330947,0.014734994726487958,0.04084839464725095,0.9942636732271783
146,IRAK3,0.02003193424119576,0.0061986047772049765,0.013833329463990782,0.7668654498706517,0.015772500095811385,0.04231030356392795,0.9936702601127485
57,CD36,0.03156807828767627,0.0061983801728046455,0.025369698114871626,1.4063964144414325,0.017477456648301297,0.044899231785871754,0.9925823360696271
839,KCNK12,-0.008227363656071351,0.006196145723529278,-0.01442350937960063,-0.7995827062381008,0.016331517641302397,0.04366825005490311,0.9933735535555336
335,PLEK,0.011855075188246689,0.00619612635019697,0.005658948838049719,0.3137098959279794,0.01631153205639978,0.04372181797745109,0.9933735535555336
727,THEMIS,-0.001817113230605627,0.006194867673732387,-0.008011980904338014,-0.44415275126308806,0.015688588850850303,0.04327405089764493,0.9937691622984868
690,CHST8,-0.0004130996974723855,0.006194430977845245,-0.00660753067531763,-0.36629554707358086,0.015463267885621298,0.042779622585129636,0.9939669666699634
27,CMKLR1,0.040449798429334494,0.006191774030100606,0.03425802439923389,1.8991303113964328,0.01481278700652163,0.04290377788264842,0.9943625754129166
26,F13A1,0.04146064889555612,0.0061897815994642995,0.035270867296091815,1.9552783432761836,0.017811801790018185,0.0478323206474429,0.9924834338838888
459,LCP2,0.007829822138692322,0.006189171121693974,0.001640651016998348,0.09095124810742511,0.016837946884948347,0.045610904117587024,0.9932746513697953
17,OLR1,0.051877456213775486,0.00618901177931044,0.04568844443446504,2.5327879008686973,0.017004121433251244,0.04587068710987206,0.9931757491840569
34,CPA6,0.03797067073199267,0.0061878768245523,0.031782793907440376,1.761913255331668,0.020505273058154777,0.05108515489172826,0.9909999010978142
167,IL18,0.018439350688018497,0.006186814806831969,0.012252535881186528,0.679232462802324,0.02096913839488858,0.05097965102626862,0.990900998912076
183,PIK3R5,0.017865355181343467,0.00618664926328834,0.011678705918055128,0.6474215835796823,0.01650308609892786,0.04553996239026097,0.9935713579270102
442,BLNK,0.008295951006205171,0.006186023298788423,0.0021099277074167477,0.11696610456322568,0.01738199879079484,0.04725383355240343,0.9929779448125804
139,C12orf42,0.02026245713233943,0.006185358101559681,0.014077099030779748,0.7803790771566215,0.018649712285762683,0.04866553019536912,0.9922856295124122
281,IKZF1,0.013336350255542362,0.006182926171616095,0.007153424083926267,0.3965577334448229,0.017447930891349054,0.04763628408649434,0.9930768469983187
10,ST8SIA4,0.057545916125344654,0.006182410759993765,0.05136350536535089,2.8473909879371972,0.018973831610225297,0.049570083506825575,0.9921867273266739
986,PPARG,-0.03373612677208104,0.006181863964300547,-0.03991799073638159,-2.2128966134777937,0.017016496455524565,0.047260095473675344,0.9933735535555336
645,RCSD1,0.0018362985657793818,0.006178981050777233,-0.004342682484997851,-0.2407412594467719,0.020569577288663682,0.05239964229929741,0.9912966076550291
82,HCK,0.026635997840600445,0.0061786461584119375,0.020457351682188506,1.1340752233047573,0.018082014246489024,0.049480769376546996,0.9927801404411037
883,ADAMTS19,-0.010439935755106378,0.006178473389726239,-0.01661840914483262,-0.9212593279268342,0.020441356427391484,0.05229372629541944,0.9913955098407675
767,KCNB2,-0.0038643832109412912,0.006177907633659145,-0.010042290844600437,-0.5567051595440535,0.022315204343460363,0.054613322356153585,0.9903075857976461
916,MND1,-0.013723765046168568,0.006175105282154324,-0.019898870328322892,-1.1031152106923656,0.020429399006920337,0.052955937202468516,0.9914944120265058
899,ARHGAP28,-0.012061152511682272,0.006173115257909865,-0.01823426776959214,-1.0108361831899995,0.021447107468946038,0.054253217534802424,0.9909999010978142
81,TMEM156,0.026774547451226205,0.00617263819194711,0.020601909259279093,1.1420889275743153,0.018489340882869697,0.05071429514802778,0.9927801404411037
119,RGS10,0.0222988010679549,0.006172616061916802,0.016126185006038095,0.89397235506781,0.020678325109041967,0.05386918702127023,0.9913955098407675
47,PDGFD,0.03396084195091609,0.006170650667860145,0.027790191283055942,1.5405790482867636,0.02264033584028663,0.056491817982913355,0.9903075857976461
72,TM6SF1,0.028010310521265347,0.006170467697106687,0.02183984282415866,1.2107151019607871,0.020598299305370705,0.05365809269041186,0.9915933142122441
112,KCNE1,0.023274378325059963,0.006170124073021725,0.017104254252038237,0.9481926723306193,0.019424482727209876,0.052394148373132145,0.9922856295124122
961,TNFRSF1B,-0.020960904239916478,0.006165268179287928,-0.027126172419204404,-1.5037684506590825,0.017975166258442803,0.052232722896420995,0.9931757491840569
123,SMIM35,0.021783734230618745,0.006162484045063533,0.015621250185555213,0.865980751941974,0.02102204578462263,0.056159710194516224,0.9914944120265058
893,SCIN,-0.011614114558248012,0.006160931630375807,-0.01777504618862382,-0.985378742506881,0.018944699853763118,0.05390553291385365,0.9927801404411037
948,DLEU7,-0.01789774555843815,0.0061550904488684045,-0.024052836007306552,-1.333394751670063,0.021993742909530586,0.05893770336507067,0.9910988032835526
161,KCNS3,0.019153764748479185,0.00614982647622196,0.013003938272257225,0.7208872599473113,0.023308510420105073,0.061321154083561404,0.9905053901691228
411,SAMSN1,0.0091196263829868,0.0061488257265138214,0.0029708006564729793,0.16468951945607305,0.02396744338670241,0.06250567704775696,0.9901097814261696
672,HAMP,0.0003685706701034297,0.006148133898128323,-0.005779563228024893,-0.32039628394974673,0.016038679776634656,0.05354296269958497,0.9947581841558698
417,ROR2,0.008990539963840805,0.00614709610379236,0.002843443860048445,0.15762935890409482,0.022363319134488677,0.06156932807343959,0.9909999010978142
657,ALOX5,0.0013901386232603175,0.00614448499292365,-0.0047543463696633325,-0.26356228824763017,0.024528559464292343,0.06395328583146502,0.9899119770546929
543,CX3CR1,0.005163231879010688,0.006143320579234382,-0.0009800887002236938,-0.05433226787279584,0.022638352333075797,0.06230012026752144,0.9909999010978142
965,CMTM7,-0.021690643029323442,0.006142827447267022,-0.027833470476590464,-1.54297827678098,0.02707132685485717,0.06687839927563906,0.9885273464543567
35,ABCA9,0.037877190518541326,0.006142370401369634,0.03173482011717169,1.759253776834307,0.023121038888588994,0.06328781234993715,0.9907031945405993
88,AIF1,0.025921546600081724,0.006139555067802422,0.019781991532279303,1.0966359093252132,0.02011010218923101,0.06013305131295049,0.9925823360696271
181,TNFRSF11B,0.01794186487243543,0.006136395159681387,0.011805469712754044,0.6544488704452298,0.02643107106217654,0.06776101181964465,0.9890218573830482
197,NOX4,0.01695416312096476,0.006135263300074111,0.01081889982089065,0.5997573107652511,0.027715343103806096,0.06930363207869243,0.98832954208288
56,HCLS1,0.031657482283899196,0.006132539260899919,0.025524943022999277,1.4150025823651664,0.025661890520693058,0.06800813715214184,0.9895163683117397
941,SYK,-0.016919041275978097,0.006129426916793083,-0.02304846819277118,-1.2777165450651962,0.021527524245447106,0.06345518792045926,0.9920878251409356
58,SLC11A1,0.03147756499388532,0.0061288341728107775,0.02534873082107454,1.4052340700302677,0.02510020481237369,0.06830620249620871,0.9899119770546929
861,GCNT2,-0.00930349835578137,0.006128585987132662,-0.015432084342914033,-0.8554941406460599,0.026678109326248596,0.07002187441198114,0.9890218573830482
472,PLAC8,0.0072445144404226225,0.006124963008192556,0.0011195514322300667,0.06206353394280828,0.02829615355288462,0.07286970510633962,0.9881317377114034
888,FCGR3A,-0.010759176081651223,0.006124122201144141,-0.016883298282795365,-0.935943741283606,0.02284885427015792,0.06583815576724807,0.9914944120265058
939,SLC16A10,-0.016614873952832343,0.006123008207267662,-0.022737882160100004,-1.2604988753575586,0.026113521868123993,0.0698291630658697,0.989615270497478
275,TRHDE,0.01343470988474016,0.006121527229823691,0.007313182654916468,0.40541412110854513,0.028802018170408682,0.07411730468842428,0.9879339333399269
412,ZNF804A,0.009032528412814878,0.006120591300365415,0.002911937112449463,0.1614263557841545,0.025409212965472747,0.07058028720990651,0.9899119770546929
694,STK32B,-0.0008022634330582257,0.006120479982448954,-0.006922743415507179,-0.38376970327290005,0.026857806565540848,0.07195850910562272,0.9891207595687864
595,SLC2A5,0.0036981218989660114,0.006120020227626043,-0.002421898328660032,-0.1342605304228077,0.02735907467551387,0.07272483226600018,0.9888240530115715
509,TRPM2,0.006130992424684623,0.006119301033324413,1.1691391360209302e-05,0.0006481248146657828,0.02445183808474595,0.06915619476493436,0.990604292354861
831,EGR1,-0.007878297331942008,0.006113138206277143,-0.01399143553821915,-0.7756302296047017,0.028160740184953216,0.0757129202562695,0.9884284442686183
551,CHST2,0.004888378095185941,0.006109870861448766,-0.0012214927662628251,-0.06771476108859006,0.03172788453718207,0.07978170243871215,0.9865493027395905
41,ADAMTS18,0.0356725344072768,0.006109471069677759,0.029563063337599043,1.6388601113677324,0.027306279174951077,0.07432359999411674,0.9892196617545248
483,SLC8A3,0.006823612343887064,0.00610738310436775,0.0007162292395193146,0.03970493577878245,0.025256021979901507,0.07220084701509515,0.9905053901691228
834,LYN,-0.008026340802510634,0.006102693227598393,-0.014129034030109027,-0.7832581495251613,0.02774194024275467,0.07635956584080053,0.9891207595687864
222,TAC1,0.015697885285682833,0.006102584514940449,0.009595300770742384,0.5319257855712757,0.028339876383802313,0.07677333104960944,0.9888240530115715
532,THSD7B,0.005405244990610125,0.00609935792157895,-0.0006941129309688248,-0.03847889450287731,0.02875976269739436,0.07873396036293243,0.9885273464543567
585,MBOAT1,0.003930360889759177,0.00609663410029378,-0.0021662732105346034,-0.12008967793788881,0.03187021193651151,0.08249103548799047,0.9868460092968054
619,RASGEF1C,0.0027095161559693715,0.006096618823046341,-0.0033871026670769695,-0.18776766774097536,0.029470872025695018,0.07983949690802564,0.9882306398971418
369,PIK3AP1,0.010330088195364295,0.006096564770693001,0.004233523424671294,0.2346899099056011,0.029183506074919822,0.07935056333613538,0.9884284442686183
958,VGF,-0.020170649128227414,0.006096205756806019,-0.026266854885033435,-1.4561312618579962,0.0252397565405224,0.07453151728652004,0.9908020967263377
64,ADAM28,0.029082630558183165,0.006090468671579505,0.02299216188660366,1.2745951446154988,0.025824625901110308,0.07701974815066745,0.9905053901691228
65,TLR2,0.02894143766827051,0.0060904190699436166,0.022851018598326892,1.2667707151068734,0.025756307861269583,0.07660800891994456,0.990604292354861
90,CTSC,0.02562676503872252,0.006087697854748294,0.019539067183974225,1.0831691376320762,0.030778461395058482,0.08297894579012235,0.9877361289684502
821,ATP10A,-0.007259505382482545,0.006082702862591925,-0.013342208245074469,-0.7396396185575425,0.029237894281300893,0.08308049394477268,0.988626248640095
826,TOX3,-0.007383487903394048,0.006078616756157734,-0.013462104659551782,-0.7462862048378274,0.032697942360783376,0.08651834080865134,0.9869449114825438
704,CD96,-0.00117691613618498,0.006075946272090581,-0.007252862408275561,-0.40207020356526696,0.03143490889213047,0.08571834216708425,0.9877361289684502
711,ABCB1,-0.0014403407660005252,0.006075115060323743,-0.0075154558263242684,-0.41662735122730926,0.029919963249597174,0.0848369030245239,0.9885273464543567
920,ST6GALNAC5,-0.013951808610162542,0.006073336882182733,-0.020025145492345273,-1.1101154097924872,0.030605576410488975,0.08624164367134336,0.9881317377114034
521,ARHGAP20,0.005695117947955963,0.006069918501420662,-0.00037480055346469834,-0.020777470513707978,0.0373344258648346,0.09536907791322281,0.9841756502818713
80,ATP8B4,0.026709332791241658,0.006068879696339073,0.020640453094902585,1.1442256464258465,0.030954260448059313,0.08704851293324525,0.9881317377114034
159,ATP6V0D2,0.01921748687831848,0.006066869065605765,0.013150617812712715,0.729018597531009,0.028533092813258974,0.08458362636763347,0.989615270497478
168,MSR1,0.018251173819104793,0.006065716251722204,0.012185457567382589,0.6755139045603819,0.03247583235674012,0.08936525393174269,0.987340520225497
792,CTSS,-0.0054180033522091,0.006062777169031933,-0.011480780521241032,-0.6364493770068708,0.034049849974837856,0.09206722221256539,0.9864504005538522
163,MAFB,0.018521386940194118,0.006062586331714423,0.012458800608479694,0.6906669691010331,0.038617977801009895,0.09857630953915514,0.9835822371674414
536,CD14,0.005287086805551011,0.006061998409102383,-0.0007749116035513717,-0.04295805554362729,0.031618696770393494,0.08976702623608242,0.9878350311541885
38,LRRIQ3,0.03597328614587725,0.0060615063614163495,0.0299117797844609,1.6581915814665342,0.03751991273604326,0.09563696050713148,0.9845712590248245
108,DACH1,0.02357081339033862,0.0060593548986500635,0.017511458491688555,0.9707664759287729,0.032078932474091756,0.0908331369533866,0.9876372267827119
302,TNFAIP8,0.01258062443347896,0.0060586871235815834,0.006521937309897376,0.36155058709487065,0.03146719069551779,0.08955587664927346,0.9881317377114034
256,IGSF21,0.014209340215403099,0.006058486918411932,0.008150853296991167,0.45185129123813816,0.03138787556025359,0.08922443612233068,0.9882306398971418
379,PTPRC,0.009931217010313298,0.006054467454139621,0.003876749556173677,0.21491176799987166,0.032226283140588785,0.09108739013484793,0.9878350311541885
680,LRRK1,-9.278992231287475e-05,0.006053016009187546,-0.006145805931500421,-0.34069934087423487,0.034650936794501264,0.0948014739051905,0.986351498368114
329,IL15,0.011846819137087627,0.006052873838433463,0.005793945298654165,0.32119356945443267,0.03869288497427728,0.09898508257521312,0.9840767480961329
39,CA10,0.0357989862148228,0.0060496849817732404,0.029749301233049565,1.6491844087720122,0.031038772819849045,0.0914673745613603,0.9885273464543567
75,CNBD1,0.027267106032773936,0.00604886605476272,0.021218239978011214,1.1762558817497317,0.03943454881724826,0.10224667539205655,0.9834833349817032
333,FCGBP,0.011744427083990039,0.0060436970688341266,0.005700730015155912,0.31602608027543316,0.03873895633683337,0.10221052049198359,0.9840767480961329
716,IPCEF1,-0.0017010466672887636,0.006038589500696188,-0.007739636167984952,-0.42905502881622865,0.03843536975527765,0.10241699255599049,0.9844723568390862
676,GNG2,3.90638852466596e-05,0.006035380746397428,-0.0059963168611507685,-0.332412253988692,0.03528470833122107,0.09914161141804818,0.9864504005538522
69,LPCAT2,0.02806906493066197,0.006029552980273057,0.02203951195038891,1.221783974043276,0.0390927024380698,0.10475712225022654,0.9843734546533478
638,ANKRD18A,0.0020729248958920587,0.006027001804345875,-0.0039540769084538165,-0.21919849267797462,0.04390828084527348,0.11095845546473672,0.9816041934526754
443,AOAH,0.008103303017004682,0.006020069516718513,0.0020832335002861687,0.11548628257146158,0.04028832466199314,0.10777272583622459,0.9839778459103946
706,ENPP6,-0.0012933604388243314,0.006015525798734875,-0.007308886237559206,-0.4051759446060565,0.041292244251236766,0.11002952938659825,0.9834833349817032
124,C1QC,0.02157661097557273,0.006014009566562609,0.01556260140901012,0.8627294941354791,0.03836650441532785,0.10679343104694587,0.9852635743249926
466,POU2F2,0.007324836154778747,0.006012636150963245,0.0013122000038155012,0.07274321405166202,0.035527985346690064,0.10389120834029061,0.9869449114825438
881,KANK4,-0.01058429988664622,0.006006488963291879,-0.0165907888499381,-0.919728167266996,0.039741218396910194,0.10985684432632321,0.9846701612105627
759,FLI1,-0.0036792127990348256,0.005994740026599168,-0.009673952825633995,-0.53628594655889,0.037133666906191375,0.10959609909072628,0.9864504005538522
174,ANXA1,0.018015645456276097,0.005986900437946302,0.012028745018329795,0.6668263763884708,0.042570267707323944,0.11921617899994,0.9831866284244882
689,SP100,-0.0006174641641845113,0.005986784201772361,-0.0066042483659568725,-0.366113588735127,0.04390639339712877,0.11968041076456579,0.9825932153100584
267,SLCO2B1,0.013493522027303917,0.005981315250644518,0.007512206776659399,0.4164472366757553,0.045304837111572197,0.12253229776194949,0.9819009000098902
488,CSF1R,0.0065596347426133406,0.00598039711064074,0.0005792376319726008,0.03211065914254109,0.0436058084909709,0.11975575847278931,0.9830877262387498
849,ABCA6,-0.008720322211056564,0.005976437614596072,-0.014696759825652637,-0.8147306376731537,0.04790183026023513,0.12532295683940378,0.9807140737810306
699,FAR2,-0.001057380248912887,0.005974321611597014,-0.007031701860509901,-0.3898099314885095,0.048772356185560826,0.1281863053387898,0.9800217584808624
944,ETS2,-0.017331594621881607,0.005972043878205191,-0.0233036385000868,-1.29186218462526,0.04770161661751154,0.12679595719941197,0.9808129759667689
205,FLT1,0.01643687513918657,0.005972008538189169,0.010464866600997401,0.5801310996532179,0.038021542567971287,0.11696184408113254,0.9862525961823756
758,ST8SIA6,-0.003675915119124573,0.005971195428542074,-0.009647110547666647,-0.5347979161015394,0.0447154874927877,0.12286912856447248,0.9826921174957967
70,P2RY12,0.027998071183482853,0.005970010834847536,0.022028060348635317,1.2211491422225371,0.05214692521554547,0.13308239858351814,0.9781426169518347
42,SCN9A,0.03546400868297972,0.005966988873667346,0.029497019809312373,1.6351989175703578,0.043886792724348284,0.12338216696011033,0.9831866284244882
655,HLA-DRB1,0.0013244452152723074,0.005954340152102232,-0.004629894936829924,-0.2566631896412339,0.04194208480559357,0.12426017252600037,0.9845712590248245
856,CALB2,-0.008974355112426058,0.00595228715622527,-0.014926642268651327,-0.8274744173631009,0.04332286235669367,0.12591262719573423,0.9838789437246563
859,IQGAP2,-0.009352574903498279,0.005950946012249388,-0.015303520915747666,-0.8483670892252514,0.050807133948972204,0.1348821051095771,0.9795272475521709
578,VWC2,0.003907774241618145,0.0059493761685332994,-0.0020416019269151545,-0.11317839166746127,0.042720945362119116,0.12483833722030149,0.9844723568390862
648,APBB1IP,0.0014713279998146422,0.00594628247316595,-0.0044749544733513075,-0.2480738989330215,0.047778292478828685,0.13244023982629266,0.9814063890811987
60,TNFRSF21,0.030840521060747084,0.005945911821191535,0.024894609239555547,1.3800593532844505,0.04832918389530851,0.13305866647389528,0.9811096825239838
298,LRRC63,0.012565553753700609,0.005943878487582835,0.006621675266117774,0.3670796676293315,0.04642816308039844,0.13056860806660694,0.9823954109385817
433,SUSD1,0.008457819444943282,0.005936164629090249,0.0025216548158530326,0.1397906382416021,0.05470683600834277,0.14235812331382475,0.9776481060231431
548,RHBDF2,0.004873481638571042,0.005934930083429335,-0.001061448444858293,-0.05884253254428974,0.0541343003319583,0.14178422956704806,0.9780437147660963
148,PLPPR1,0.019683435262273674,0.005934799979640727,0.013748635282632947,0.7621703371244781,0.045804170066063514,0.13178556079133985,0.9829888240530116
315,FYB1,0.012079566664224717,0.005932994644834572,0.006146572019390145,0.3407418097777422,0.048918784323536406,0.13637700778618772,0.9811096825239838
428,DENND3,0.008584490370071363,0.005930559526220277,0.002653930843851086,0.14712350166988092,0.054057832773854626,0.142960695730858,0.9781426169518347
973,COBLL1,-0.02568059834670655,0.00592287326402921,-0.03160347161073576,-1.751972331558242,0.05521576659967456,0.14600018027976616,0.9776481060231431
448,SYTL3,0.007861929355993724,0.005920481224308368,0.0019414481316853563,0.10762625865168352,0.05734186249696271,0.14898453479901844,0.9764612797942834
45,TMEM132C,0.034399458846826714,0.0059169120571968565,0.02848254678962986,1.5789605180841335,0.05305719909799564,0.1449474235529561,0.9790327366234793
664,SRGN,0.0006230160647631156,0.005911554557680764,-0.005288538492917648,-0.2931758013200354,0.04937297470932151,0.14133941669344957,0.9814063890811987
473,CYBA,0.0069620490236126376,0.005905367592636368,0.0010566814309762697,0.05857826801891316,0.048440005290823894,0.1416368233257109,0.9820987043813668
611,HLA-DPB1,0.0026448234949653093,0.0059048917797618426,-0.0032600682847965332,-0.18072538056274295,0.05852994447757588,0.15423518857770716,0.9760656710513302
30,EPSTI1,0.0385000262520101,0.00590430106349515,0.03259572518851495,1.806978972460575,0.057838197577307675,0.1525274009463784,0.9766590841657601
787,CLMP,-0.005257762155834955,0.005904079580375875,-0.01116184173621083,-0.6187686635170306,0.056134530287924145,0.1506862923453488,0.9776481060231431
110,MYO1F,0.0231753076694714,0.00590389390143653,0.01727141376803487,0.9574593393154984,0.05931614303161635,0.1551223580710197,0.975670062308377
908,SLC35F3,-0.01332579767805031,0.00590099894842086,-0.01922679662647117,-1.0658580844843653,0.05287454685454608,0.1464412804859853,0.9798239541093858
911,GULP1,-0.013694475402511674,0.005899642429263763,-0.019594117831775438,-1.0862209293140166,0.055819827267529494,0.15008635605926005,0.9781426169518347
206,ARHGAP25,0.016303938576624266,0.005897147086962507,0.01040679148966176,0.5769116435926487,0.05920767944206966,0.15488103227555994,0.9761645732370685
788,KHDRBS2,-0.005367579104111786,0.005893824666467885,-0.011261403770579671,-0.6242879916350405,0.05604657552879802,0.15284887785267182,0.977944812580358
701,CCK,-0.0012719051505244439,0.005890748349286299,-0.007162653499810743,-0.39706937600945047,0.047031538428852854,0.14257075287887724,0.9833844327959648
346,LAPTM5,0.011182368721242342,0.005888256848989389,0.005294111872252953,0.29348476757883746,0.05141278689122415,0.1485840244055879,0.9808129759667689
692,CD163L1,-0.0010030595735113224,0.005888219177750429,-0.006891278751261751,-0.3820254258764562,0.07100016427280198,0.17247308051504875,0.9691425180496489
135,DOCK8,0.02015157564615866,0.005887141183074629,0.01426443446308403,0.7907642176930844,0.05455516471720966,0.1528603644908586,0.9789338344377411
564,DLK1,0.004393690635287495,0.005883219833259722,-0.001489529197972227,-0.08257364804849453,0.046426348862865785,0.14318101898374422,0.9839778459103946
771,GPNMB,-0.004407751231834678,0.005880610916671832,-0.01028836214850651,-0.5703463860948559,0.05927687629818834,0.1601365063136244,0.9762634754228069
32,HMOX1,0.03781708394647676,0.005879931749527137,0.03193715219694962,1.770470272601726,0.05764019636846877,0.1577168311172777,0.9773513994659282
835,LGR5,-0.008339615487952368,0.005878718372424834,-0.014218333860377201,-0.7882085813565028,0.055476365437551856,0.1543632544493971,0.9788349322520028
662,PAK5,0.0006717619639660111,0.005874656247552905,-0.005202894283586894,-0.28842802275463586,0.06693579683738325,0.1691972005722615,0.972109583621798
189,HLA-DPA1,0.01696463198105569,0.00587216567471082,0.011092466306344868,0.6149227621833986,0.05922353750842714,0.16038364802494,0.9767579863514984
397,BMPER,0.009205910898916425,0.005871433497586242,0.0033344774013301832,0.18485032971353052,0.05939821656554939,0.16083166509649147,0.9766590841657601
243,OPALIN,0.01466988596930796,0.005869440340129609,0.008800445629178352,0.48786213861598554,0.052215336124063566,0.15296018946020787,0.9809118781525071
863,NXPH1,-0.009622585971290065,0.005863251922946915,-0.01548583789423698,-0.8584740263940803,0.05432705272110123,0.156767927455349,0.9798239541093858
870,RNF152,-0.01004778085319502,0.005862394759626225,-0.015910175612821244,-0.8819976427661383,0.06625398939341394,0.170527083227091,0.9729008011077045
210,ARHGAP15,0.015937125141401776,0.005860156744421509,0.010076968396980267,0.5586275468388398,0.05975155198870919,0.165281984111142,0.9764612797942834
285,COL18A1,0.012927067524226232,0.005858359144985297,0.0070687083792409355,0.3918614275299138,0.06512297883364718,0.17050428554063085,0.9735931164078726
244,SLC2A3,0.01463667768985033,0.005858190958573118,0.008778486731277213,0.4866448235681906,0.05646633768027317,0.16069084097898698,0.9786371278805261
969,GABRG2,-0.02471833903769083,0.005848071903391289,-0.030566410941082117,-1.6944817614791232,0.05637622608673784,0.16163147499172775,0.9791316388092177
207,SEL1L3,0.016030121594667435,0.005843197059568753,0.01018692453509868,0.5647230832419676,0.06077822287400742,0.16728435785288687,0.9767579863514984
406,GRIN2B,0.008973715316902164,0.005841578600863262,0.0031321367160389024,0.1736333568902526,0.059545360546271665,0.16662086753017366,0.9774503016516665
635,NEK10,0.0019642526008885053,0.005837478307853319,-0.003873225706964814,-0.21471641964097776,0.06727928330916108,0.1771887533526895,0.9729008011077045
50,SVEP1,0.032586661009982865,0.005836650837645805,0.02675001017233706,1.4829154932116957,0.0613498159170847,0.1706861688660419,0.9763623776085452
955,CCL2,-0.019884884287559523,0.005835536178986939,-0.025720420466546462,-1.425839084024119,0.057596163546691,0.16628776481524382,0.9786371278805261
735,RBM47,-0.0027158629415291458,0.005834901969909059,-0.008550764911438205,-0.4740208203395549,0.06324459828883464,0.17397550820021518,0.9751755513796855
504,ZSCAN31,0.0059470186651537915,0.0058316320078586874,0.00011538665729510407,0.0063965830558735445,0.06195986755850421,0.17226610422052646,0.9761645732370685
255,LPAR6,0.013977913198615077,0.005826020883692664,0.008151892314922414,0.4519088903111121,0.06960637555929877,0.18299738463324655,0.9717139748788448
131,C1QA,0.020582949594592836,0.0058196018371883,0.014763347757404536,0.8184220110602907,0.05752148071666916,0.16989321670023672,0.9790327366234793
867,ADGRV1,-0.009906732751140346,0.005812468219575316,-0.015719200970715663,-0.871410758732659,0.06603988505597698,0.18150266086470757,0.9741865295223024
419,DNAH14,0.008621055986628212,0.005809650147924959,0.002811405838703253,0.15585329684211613,0.07694646005461814,0.19481674749914069,0.967856789635051
454,PDE10A,0.007595947270839121,0.005806206096694149,0.001789741174144972,0.09921622081187398,0.06762522932722173,0.18302981045442207,0.9736920185936109
76,SLIT2,0.027018187496498314,0.005803925549328833,0.02121426194716948,1.1760353553450809,0.06061237275343948,0.17604447507262136,0.9777470082088814
782,VWC2L,-0.005017477104566459,0.005788235042642384,-0.010805712147208843,-0.5990262379358885,0.0657671954165867,0.185050095895265,0.9751755513796855
98,CH25H,0.024359492946382955,0.005782135275543067,0.018577357670839886,1.0298557397003327,0.06213234100965983,0.18336315972975012,0.9772524972801899
838,TGFBR2,-0.008621559374862198,0.00577536240322313,-0.014396921778085329,-0.798108794042914,0.07421033890491407,0.1989189955110002,0.9703293442785086
215,CPVL,0.015624565637507248,0.005775063314276999,0.00984950232323025,0.5460177211688384,0.08484206871903899,0.21019173686187181,0.964296310948472
729,CD83,-0.002362980083985722,0.005774527836828399,-0.008137507920814122,-0.45111147600187557,0.08128020070041064,0.20631409789893496,0.9663732568489763
934,OLFM3,-0.015885643616905254,0.005760347182491904,-0.021645990799397156,-1.199968707134868,0.06599661018111729,0.19052220137325834,0.9758678666798536
542,PALD1,0.00481851663069488,0.005759481956139902,-0.0009409653254450218,-0.05216342164685993,0.0811637964205417,0.210282845844618,0.9666699634061913
328,GABRB2,0.01156448848432845,0.005752470406563774,0.005812018077764676,0.3221954533406708,0.0671387402988635,0.19425648675500037,0.9752744535654237
49,LDB3,0.03274539243507557,0.005749673031268441,0.026995719403807128,1.496536647888822,0.07692688586791403,0.2060453625798304,0.9696370289783405
492,SEMA3C,0.006228057634071971,0.0057492235332428435,0.0004788341008291272,0.0265446817486412,0.07027022377957855,0.1975657268256035,0.9736920185936109
805,GABRA1,-0.00659966354186714,0.005747172704465692,-0.012346836246332833,-0.6844601046458246,0.0712281528739101,0.20020190659104012,0.9729997032934428
613,DOCK2,0.002445654682991516,0.005744660282926544,-0.0032990055999350277,-0.18288391237304674,0.07553487465274977,0.20580747859563092,0.9705271486499851
591,SRGAP2B,0.0034284473007358818,0.005735600608452325,-0.0023071533077164436,-0.1278995171659936,0.08957790528684635,0.22350681737385678,0.9626149737909208
59,ITGA2,0.031066509963843636,0.005726477587017723,0.025340032376825913,1.4047518624475406,0.07455682527021419,0.20703340363159806,0.9718128770645831
641,PAX3,0.0015941051435736098,0.005706963542678715,-0.004112858399105105,-0.22800071484555867,0.07365482607099985,0.20856576468477417,0.973098605479181
889,KCNT2,-0.01149991314638954,0.00570305213094411,-0.01720296527733365,-0.953664823848257,0.07728102056746151,0.2168526835462086,0.9705271486499851
178,CHRM5,0.017574640359819593,0.0056993530750291364,0.011875287284790457,0.6583192824041115,0.0921200394461838,0.23369601555096517,0.9621204628622293
666,DYSF,0.00034135943549840064,0.0056970948911877935,-0.005355735455689393,-0.29690093699471404,0.07519700286745765,0.2144472791142265,0.972109583621798
393,HS3ST4,0.009127192566823816,0.005697043733163535,0.0034301488336602815,0.1901539781363177,0.08156846217680289,0.22318395366690927,0.9681534961922659
127,CPS1,0.020781093074222046,0.005692000423930458,0.015089092650291588,0.8364800284361619,0.09352231833239501,0.23722307193473788,0.9614281475620611
364,CNTNAP5,0.010056333858551647,0.005690605058412622,0.0043657288001390255,0.2420188566351133,0.08100185247206554,0.22271978293449562,0.968845811492434
739,B3GNT5,-0.0029636056122617216,0.005687577643090828,-0.00865118325535255,-0.4795876188952891,0.10005059972487691,0.24482698404837017,0.9578676688754821
334,LRP2,0.011355419752198115,0.00567226704290688,0.005683152709291235,0.31505166347978625,0.07218272942543368,0.2157616174916463,0.9745821382652556
848,TRPC4,-0.008988119726037191,0.005669439288407345,-0.014657559014444536,-0.812557498675731,0.08375249256329155,0.22930157960892183,0.9679556918207892
866,ALDH1A2,-0.010045508966194827,0.005668914223427427,-0.015714423189622254,-0.8711458973153756,0.07960737115803256,0.2250116892285306,0.9703293442785086
352,MEGF11,0.010671941076060398,0.005663362530070548,0.00500857854598985,0.27765592151052093,0.08621816634535961,0.23401110379940213,0.966571061220453
204,FMN1,0.016182741510266996,0.0056602932574815485,0.010522448252785447,0.5833232002547165,0.0837280217291817,0.2309136460353625,0.9682523983780041
102,PIP5K1B,0.023891553944357158,0.005658830058949953,0.018232723885407205,1.0107505963149737,0.08803987776958332,0.2378926708339105,0.9654831371773316
777,TMEM130,-0.004900796433174204,0.005657047621709488,-0.010557844054883692,-0.5852854044926957,0.08438655566305338,0.2323255510362741,0.9679556918207892
190,DISC1,0.016714683559701626,0.005656333291182713,0.011058350268518913,0.613031503049919,0.08618890884419757,0.23604319844702287,0.9666699634061913
331,RGS4,0.011409754532496041,0.0056500059838454665,0.005759748548650575,0.3192978359548525,0.08059656240743351,0.22839779505655813,0.9705271486499851
449,FRK,0.00758594151647729,0.005648988904037637,0.0019369526124396533,0.10737704472254721,0.10039928852336712,0.2521411471772645,0.9588566907328652
696,TBC1D9,-0.0013124202373763216,0.005647484825133448,-0.00695990506250977,-0.3858297990163549,0.09543553823052811,0.2477575375705135,0.9616259519335377
165,RET,0.018048488851652444,0.005638375623236311,0.012410113228416134,0.6879679319883367,0.0816258427410543,0.2331691904064492,0.9700326377212937
673,SRGAP2C,-0.00023730708866837036,0.005626557613429518,-0.005863864702097888,-0.3250696265465547,0.11100349265336987,0.2715156743447284,0.9528236574028286
582,SV2B,0.003533204940828094,0.005615555260480078,-0.002082350319651984,-0.11543732250612719,0.085745578284098,0.24246358765511408,0.9682523983780041
262,OPCML,0.013426985666756708,0.00561495337939728,0.007812032287359428,0.43306838531131625,0.08906601191499998,0.2502604909973568,0.9656809415488082
221,TMEM51,0.015294816265272515,0.005606324591763847,0.009688491673508668,0.5370919231782594,0.09479679895108206,0.2547716977704077,0.9632083869053506
7,GFRA1,0.060933104684137374,0.005592630075720049,0.055340474608417324,3.067858541727827,0.08593287465685526,0.24799792457774877,0.9686480071209573
761,KCNK1,-0.004172351544624919,0.00559215451946136,-0.00976450606408628,-0.541305862416726,0.090410463309182,0.2524659462054362,0.9661754524774997
157,PDE1A,0.018915845037130508,0.005591938450665171,0.013323906586465336,0.738625046490911,0.08134380922750611,0.24539096891423046,0.9709227573929384
500,WIPF3,0.005824956410679372,0.005585855171310658,0.00023910123936871346,0.013254833550405493,0.10019094287329021,0.26436683995774296,0.960735832261893
338,FAM149A,0.011169595492688034,0.005582179858637279,0.005587415634050755,0.3097443760718847,0.11519664356776146,0.28375755060099206,0.9518346355454456
633,PRDM6,0.0017448865201969976,0.005565673460822057,-0.0038207869406250592,-0.21180942040811218,0.10782204880108642,0.27748146105589866,0.9567797448323608
996,SPOCD1,-0.07072305413289265,0.005562525335669151,-0.07628557946856179,-4.228972885384102,0.06798856281702059,0.23711825736704836,0.9793294431806943
67,NECAB1,0.02811856300621196,0.005559151116439802,0.02255941188977216,1.250605184579806,0.09313736067433719,0.26281325042124054,0.9653842349915933
710,FNTB,-0.0019459818654201655,0.005555341457038308,-0.007501323322458474,-0.4158439007237228,0.1144106823155667,0.2888573449835052,0.9529225595885669
940,PNMA8A,-0.01748737039362991,0.005543309964936738,-0.023030680358566646,-1.2767304574053169,0.10102786749893578,0.2749251954860546,0.9612303431905845
783,EPHA3,-0.005289221751660356,0.005542215258244778,-0.010831437009905133,-0.600452323279681,0.11005916017516168,0.28314735227280163,0.9563841360894075
87,CIITA,0.025403031303096513,0.005531591071583481,0.01987144023151303,1.1015945938672662,0.10249885075217567,0.2804667829668596,0.960439125704678
184,PIEZO2,0.01716054123913613,0.005528608490267454,0.011631932748868675,0.6448286627992285,0.0962226850540983,0.27319881028685433,0.964296310948472
862,RGS16,-0.00995559773314525,0.005525300342525421,-0.015480898075670671,-0.8582001822557626,0.08553351134395709,0.2627810293072859,0.9704282464642469
241,HLA-DRA,0.01441484612963373,0.005524132552799248,0.008890713576834481,0.49286623907266963,0.10247804999501574,0.28204627156974743,0.9606369300761547
376,CACNB4,0.0094202262791796,0.005512093143396596,0.003908133135783004,0.21665155038258047,0.11018869628254511,0.29084104643586134,0.9568786470180991
681,SULT4A1,-0.0007988092669608537,0.005511370846760065,-0.006310180113720918,-0.34981159989501276,0.09536220738209764,0.27498541610405786,0.9653842349915933
569,C1QB,0.0038693533423020954,0.005509694063079988,-0.0016403407207778928,-0.09093404650376853,0.0939464267457894,0.2747689936470946,0.9660765502917614
616,RASGRF1,0.0021573418895310947,0.005507072833584231,-0.0033497309440531364,-0.18569592620805556,0.10296696320020055,0.28415939445716804,0.9611314410048462
647,RFC3,0.0010424708160016172,0.005500934925186796,-0.004458464109185179,-0.24715973791576915,0.10748718683211579,0.28940689865705044,0.9588566907328652
608,HBB,0.0023528320672022707,0.005499818627501453,-0.003146986560299182,-0.17445657392768485,0.08378122825281278,0.26787154205206554,0.9718128770645831
756,TMEM178A,-0.00404069604246704,0.005498687987784684,-0.009539384030251724,-0.5288259811125379,0.1235405404430446,0.30996135223211924,0.9492631787162497
277,RPH3A,0.012769498610786023,0.005492083673049935,0.007277414937736088,0.4034312993592491,0.10015673754934683,0.2849584600067846,0.963010582533874
779,SYT4,-0.005239734205674029,0.005491649500185047,-0.010731383705859077,-0.5949057611004132,0.101269623406181,0.28546910536623776,0.9625160716051825
718,MCTP1,-0.0023023774619381765,0.0054838382886437265,-0.007786215750581903,-0.43163721791654475,0.11319662502314606,0.3011647779345538,0.9556918207892394
929,RARB,-0.015867243985355217,0.005482045796639549,-0.021349289781994768,-1.1835207681351034,0.11068295194287572,0.2982472327137769,0.9572742557610523
733,SLC44A5,-0.002919975990783641,0.005475485702103497,-0.008395461692887138,-0.4654114199149831,0.1130808890645815,0.30152354865152114,0.956186331717931
900,CYP4F12,-0.012781809715768921,0.005472856874549052,-0.018254666590317974,-1.0119670136869865,0.11394360246058154,0.30341369446986416,0.9556918207892394
481,PSMA1,0.006231636867958135,0.005452681032664728,0.0007789558352934069,0.0431822518661618,0.12094409711267273,0.31387270956845686,0.9524280486598754
878,CALCRL,-0.010935859691856398,0.005442751584908458,-0.016378611276764855,-0.907965876017625,0.11488641705410993,0.30979655026782127,0.9560874295321926
115,LHFPL3,0.022231890874204074,0.0054425097417379435,0.01678938113246613,0.9307373433643432,0.11594500096406815,0.31507431312380335,0.9548017011175947
413,DPYSL5,0.008346936951800776,0.005439084009601012,0.0029078529421997642,0.16119994542762853,0.10839593398984534,0.3044539710459994,0.9597468104045099
292,RYR2,0.012263409549954085,0.005436077846052165,0.00682733170390192,0.37848045274694675,0.1164125979439831,0.3157326527834639,0.954900603303333
547,SLC2A9,0.004390805348035709,0.005435061686397673,-0.0010442563383619638,-0.05788946968860841,0.1277866577383181,0.3273039051197086,0.9485708634160815
724,ZNF385D,-0.0025344465440824138,0.005422106473633722,-0.007956553017716136,-0.44108004694267755,0.1182600604582355,0.3194492656641874,0.9544060923746415
806,EPHA6,-0.006987220733396748,0.00542105884091258,-0.012408279574309329,-0.687866281407023,0.10691883216991482,0.30737344094336017,0.9609336366333696
971,NRG1,-0.02606507327774188,0.005419741007620357,-0.031484814285362234,-1.7453944355108817,0.11184873182183509,0.31462714215444687,0.9578676688754821
804,ATP8A2,-0.006863199261363473,0.005418409099844024,-0.012281608361207497,-0.6808441269015687,0.11704434163570349,0.3195008549228732,0.9550984076748096
746,KBTBD12,-0.003569260392057072,0.005416128190249097,-0.008985388582306169,-0.49811464950426865,0.1392619214804094,0.34279125401733257,0.9426367322717832
793,STMN4,-0.00606953814821698,0.005414610933928431,-0.011484149082145411,-0.6366361167921175,0.10717807600800208,0.3085227010779326,0.9610325388191079
753,KCNMB4,-0.003923166338691275,0.005404134019531661,-0.009327300358222936,-0.5170688953737834,0.10176215836577779,0.30432879123997225,0.9644941153199486
458,RUNX2,0.007053423299360206,0.0054007980124726775,0.001652625286887529,0.09161505459662517,0.13570142856462966,0.3425169183552925,0.9450103847295025
636,CPED1,0.0014690361051120648,0.005399466183815435,-0.003930430078703371,-0.21788760531844237,0.13250317793974412,0.33808188306998765,0.9470873306300069
626,SYNDIG1,0.0018231888177175914,0.005399140816074208,-0.003575951998356617,-0.1982367328902239,0.11165932466728241,0.3166612892296723,0.9588566907328652
420,NRP1,0.008197416519243994,0.005398706877273866,0.002798709641970128,0.15514946956432749,0.1241614084819874,0.3283388197031655,0.9520324399169222
176,C2CD6,0.017325258854958392,0.0053966415507206295,0.011928617304237762,0.6612756892085274,0.1352623265060228,0.34151586445619114,0.9456037978439323
422,ELOVL7,0.00817712055079478,0.0053932993404187685,0.0027838212103760123,0.15432411339667382,0.13068276357540543,0.3392605740240983,0.9479774503016517
423,NKX6-2,0.008169839019852798,0.0053897973334937855,0.0027800416863590126,0.15411459143067582,0.10749174684516276,0.3132709797289223,0.9616259519335377
295,MIS18BP1,0.012173844060147654,0.005389713795773833,0.006784130264373821,0.3760855346294382,0.14596615603369265,0.35620568739538244,0.9393729601424191
434,COL25A1,0.007893615191326031,0.005386685109505553,0.0025069300818204784,0.13897435682377754,0.12348506140850937,0.3307465642007709,0.9526258530313519
224,MAP3K8,0.014895628615959722,0.005382153615151436,0.009513475000808286,0.5273896862876675,0.14777838177257374,0.3606200888868871,0.9383839382850361
238,PRKCH,0.014389110046437392,0.00537580293617901,0.009013307110258382,0.4996623430334027,0.12395414476575062,0.3341952734540816,0.9525269508456137
347,EPB41L4A,0.010584615314504053,0.005373285807785998,0.005211329506718055,0.28889563839251053,0.12901753038765917,0.3392184587860453,0.9498565918306795
962,VIM,-0.02182069528383801,0.005368074558048165,-0.027188769841886173,-1.5072386058975995,0.11426825642560096,0.32893501031945005,0.9576698645040056
316,FOXP2,0.011475293172977463,0.005359303241935932,0.006115989931041531,0.33904645892236845,0.11097545036398329,0.3238890065850055,0.9603402235189398
113,SORCS3,0.022273579628466877,0.0053479589476395605,0.016925620680827317,0.9382899287933347,0.11669326629454449,0.3311830483934582,0.9575709623182672
764,CACNA1A,-0.0045345843534391195,0.005347672139155532,-0.009882256492594652,-0.5478334836640611,0.12663303528329556,0.34524004627525123,0.951340124616754
837,EPHA7,-0.009017337750202525,0.005342561248942425,-0.01435989899914495,-0.7960563965993716,0.14658224278061877,0.36482973526429696,0.9405597863712788
895,NAP1L5,-0.012543357573934433,0.005339382316053583,-0.017882739889988016,-0.9913488583029276,0.12386139212487735,0.34116103110297674,0.9536148748887351
634,CHGB,0.0015015561028538515,0.005334233545807421,-0.0038326774429535693,-0.2124685831527773,0.11741174488607929,0.335083662649925,0.957472060132529
817,PTPRN,-0.0077570916124332645,0.005330161252411366,-0.01308725286484463,-0.7255058937109072,0.12051882545191198,0.3393383023650021,0.9557907229749778
872,CDKN1C,-0.01078345818049975,0.005328224072372548,-0.016111682252872298,-0.893168379397325,0.12370102299382833,0.34440909493167493,0.9538126792602116
51,GLDN,0.03202777601787321,0.0053275940378422985,0.026700181980030914,1.4801532139492406,0.11893783984724489,0.3392410830770265,0.9565819404608842
902,AGBL1,-0.013210842540931078,0.00532732506968152,-0.018538167610612596,-1.0276831966950577,0.12523121539917162,0.3470610267878912,0.9528236574028286
570,PELI1,0.003610660345283123,0.005307741537586884,-0.001697081192303761,-0.09407951537558451,0.14904437189804035,0.3770419368418221,0.939669666699634
471,REEP1,0.006429700454989806,0.005306872337486922,0.0011228281175028844,0.06224518050391743,0.12636313269284438,0.3506757352208991,0.9530214617743052
528,TTC29,0.004671348016709098,0.005301641191269057,-0.000630293174559959,-0.03494097788370635,0.13488269448137094,0.35923630110340526,0.9485708634160815
245,TBXAS1,0.013885710778748672,0.005300122048109799,0.008585588730638874,0.47595131609237046,0.15081725942655372,0.38156946798870456,0.938680644842251
421,ARHGAP18,0.008074429378086001,0.005289709997255421,0.0027847193808305803,0.15437390443877222,0.1541489084858868,0.38289310747507327,0.9377905251706062
669,TMEM163,-0.00045016682855281154,0.005281780249856956,-0.005731947078409768,-0.31775663164545054,0.12774754434844832,0.3589203292854759,0.9526258530313519
795,RAB3A,-0.006343586166732695,0.005277071998940629,-0.011620658165673325,-0.6442036441920515,0.12259565077298733,0.3531943380968597,0.9558896251607161
527,CHSY3,0.004683284902450957,0.005275711918247498,-0.0005924270157965407,-0.032841826775466564,0.1279244443747746,0.3589458261514584,0.9529225595885669
257,A2M,0.013376646427345595,0.005251296750806175,0.00812534967653942,0.4504374706953708,0.14908169156621295,0.3886217096669367,0.9411531994857086
439,KHDRBS3,0.007422110201754317,0.005243105902766066,0.002179004298988251,0.1207954394756127,0.1618511307113815,0.40190500158485604,0.934427850855504
164,RASGRF2,0.017697877486180458,0.005239942503838124,0.012457934982342333,0.6906189821880505,0.13507361591616504,0.37531057583026667,0.9495598852734646
502,MYOF,0.005400080293396892,0.005238334953284049,0.00016174534011284287,0.008966526340097185,0.13629643383144696,0.3759914006615208,0.949065374344773
530,PLCL2,0.004550609222311652,0.005237974914816105,-0.0006873656925044528,-0.03810485410473353,0.1497818087716027,0.3900632449761212,0.9414499060429236
855,DHCR24,-0.009641839943451802,0.005225763015588351,-0.014867602959040153,-0.8242015099373883,0.12726781704570336,0.36919339461722356,0.9545049945603797
326,RUNX1,0.011057688804563703,0.005221371675807163,0.005836317128756541,0.32354249728398266,0.14526468047968308,0.3901232971043025,0.9442191672435961
549,SLC25A21,0.004060970284694765,0.005212342481811873,-0.0011513721971171086,-0.06382755216010387,0.1477495862191602,0.3929161883747603,0.9433290475719514
639,ANKRD7,0.0012083411088147367,0.005210697538388558,-0.004002356429573821,-0.2218749196928598,0.1555421161174496,0.4012782829198455,0.9389773513994659
803,SNTG1,-0.007062423530038053,0.0051978297119806526,-0.012260253242018706,-0.6796602829740179,0.13651006813393574,0.3872601051037412,0.9495598852734646
559,ACHE,0.0038180743103745085,0.0051909293867664335,-0.001372855076391925,-0.07610569302965055,0.14553269700717295,0.39584439553446255,0.9450103847295025
981,CDH8,-0.030389566893041176,0.005185971712125431,-0.03557553860516661,-1.972168123939943,0.13698180474928448,0.38693530729524456,0.9501532983878944
598,PLAGL1,0.0026153903999157624,0.0051819147211174844,-0.002566524321201722,-0.1422780273762473,0.160523193063983,0.41485431935570904,0.9365047967560083
576,ESR1,0.003173596821220648,0.005181027291023036,-0.002007430469802388,-0.11128406030640096,0.16927179743275306,0.42424819608149394,0.931559687469093
475,SLC4A7,0.00617456840329067,0.005177578716566465,0.0009969896867242046,0.05526919217939231,0.17628864968098545,0.43271604283906856,0.9276036000395609
441,HAPLN2,0.007283213237627373,0.005172804702370573,0.0021104085352568,0.1169927597700457,0.1403092623000522,0.3945685693889345,0.9483730590446049
950,GRIN2A,-0.019616623550201995,0.005167071983299593,-0.024783695533501588,-1.3739107330761848,0.13493855507086036,0.3903129094440544,0.9515379289882306
748,GUCY1B1,-0.0039519912634939924,0.0051627348459109094,-0.009114726109404902,-0.5052846139847584,0.17252975208416282,0.4303717715514953,0.9303728612402334
457,GNB4,0.006840059949879684,0.005160533294480851,0.001679526655398833,0.0931063608016323,0.17885209916495828,0.4382372959828437,0.9267134803679161
812,GRIN1,-0.007670184201244767,0.00515720861323467,-0.012827392814479437,-0.7111002732169076,0.13844978431984467,0.3957297067717544,0.9498565918306795
361,MT1H,0.009707367190760818,0.005153077163163282,0.004554290027597536,0.2524719504401543,0.1363430296279146,0.39742470788110806,0.9506478093165859
309,HHIP,0.011422664678002903,0.005151087652140365,0.006271577025862538,0.34767159633231476,0.14325373836324604,0.4026657182066716,0.9471862328157452
525,TMEM132B,0.004555703150158519,0.0051430348113882494,-0.0005873316612297307,-0.032559360332207285,0.15631044649676945,0.4152300460053516,0.9404608841855405
507,SMAP2,0.005176917891616339,0.0051428253311941695,3.409256042216993e-05,0.0018899576384300396,0.17084008453623808,0.43211522116083995,0.9319552962120463
644,RIMS2,0.0008362319510061278,0.005132283124721615,-0.004296051173715487,-0.23815620271132043,0.1473045931892453,0.41066206825262,0.9454059934724557
147,GPRIN3,0.01889653319526574,0.005130539034696407,0.013765994160569334,0.7631326451337386,0.17428301281932437,0.4391597878684689,0.9301750568687568
807,NSG2,-0.007297792791799207,0.005127159654495677,-0.012424952446294884,-0.6887905599409162,0.14828179205554695,0.41083636503268595,0.9453070912867174
713,VSNL1,-0.002529575060664757,0.005123047023630244,-0.007652622084295001,-0.4242313097970529,0.14568995945267138,0.4089433967486087,0.9468895262585303
496,PPP1R14A,0.005528181286626022,0.005122159747703525,0.00040602153892249637,0.022508239315305663,0.13484069457031425,0.40037443910524134,0.9526258530313519
247,ANO4,0.013598583340217296,0.005121953619313581,0.008476629720903715,0.4699110565702128,0.13145364819074906,0.3977366070823337,0.9544060923746415
780,NETO2,-0.0056176161041630035,0.005116906703168212,-0.010734522807331216,-0.5950797805560248,0.14599240513727657,0.4116468157832154,0.9466917218870537
896,MOAP1,-0.01282136068363815,0.005104970454941666,-0.017926331138579818,-0.9937653859038059,0.15767693209046313,0.4276386676935469,0.9401641776283256
550,SVIL,0.00392736670386773,0.005084220861114746,-0.0011568541572470163,-0.0641314504972423,0.15794576311017375,0.4333706982831993,0.9403619819998021
891,CLSTN3,-0.012485577592440844,0.0050795261129943795,-0.017565103705435223,-0.973740355867101,0.16865182726414216,0.44488909521095205,0.9345267530412422
367,IL1RAP,0.009385361752432653,0.005069382316756511,0.004315979435676142,0.2392609472786624,0.17096695428777545,0.44848206727909695,0.9336366333695975
373,TPRG1,0.00912348121091966,0.005067992960757715,0.004055488250161944,0.22482033913102306,0.17027728398548245,0.4452930341888065,0.9345267530412422
524,SOCS6,0.004483649776824805,0.005061768587413201,-0.0005781188105883957,-0.03204863607959339,0.20743069078368495,0.4888230306213586,0.9130649787360301
237,TGFBR1,0.01409588165770137,0.005055439760116413,0.009040441897584958,0.5011665890606881,0.19821963490803135,0.4795936827710776,0.9186035011373751
822,ERMN,-0.00829021434027355,0.0050531375441549755,-0.013343351884428525,-0.7397030174312569,0.15033017558860395,0.4288278551749571,0.9459994065868855
686,SEZ6L,-0.001476062861015981,0.005051352433264172,-0.006527415294280153,-0.3618542650322046,0.14989049277469574,0.4293222231564046,0.9461972109583622
964,TAGLN3,-0.022472947504559748,0.005036974240415006,-0.027509921744974755,-1.5250420059597414,0.15236828784891415,0.43348543619820445,0.9454059934724557
462,CDH12,0.006484557548994796,0.005033258847886225,0.0014512987011085707,0.08045429946705254,0.19308338510550171,0.48194322316475063,0.9215705667095243
288,UGT8,0.011956567625202807,0.005032905002105896,0.0069236626230969114,0.3838206605311405,0.14155325474355002,0.4254035459046005,0.9512412224310157
269,SEMA5A,0.012504913400709472,0.0050284011547508094,0.0074765122459586626,0.41446847209742327,0.1689346801423869,0.45514284098794244,0.9358124814558402
828,ELAVL2,-0.008562900796641681,0.005025617439258435,-0.013588518235900116,-0.7532940769736333,0.1549588694424448,0.4380552290640967,0.9443180694293344
816,CPLX2,-0.008028512373054908,0.0050232573631883645,-0.013051769736243272,-0.7235388484346033,0.16053323474282827,0.4459533893621484,0.940955395114232
177,ARPP21,0.01692119841000872,0.005021002977140067,0.011900195432868653,0.6597000922974313,0.18034588136295654,0.46600127514873835,0.9299772524972802
605,CD74,0.0022241256956816446,0.005020793325736174,-0.0027966676300545295,-0.15503626844449794,0.1581540852163839,0.447088236457625,0.9418455147858767
968,UNC13C,-0.024867223701606878,0.005020460890617711,-0.029887684592224587,-1.6568558386518981,0.16730505598128675,0.451222014899093,0.9375927207991297
513,LRRTM4,0.004894808592252664,0.005016618779151244,-0.00012181018689857992,-0.006752678306257894,0.15482459382626249,0.4451687839323912,0.9437246563149045
211,CNTNAP4,0.014955465181344219,0.005015088223266865,0.009940376958077354,0.5510554539803977,0.13516166991445647,0.4243804184723526,0.9549995054890713
252,KLHL1,0.013256550259739597,0.005010087567087103,0.008246462692652494,0.457151500591681,0.16104733048688552,0.44953927047050635,0.940955395114232
827,FRMD3,-0.008504273231170867,0.0050042803413572826,-0.01350855357252815,-0.7488611501276324,0.18373058003795645,0.47361491790664934,0.9283948175254673
993,PTCHD4,-0.04295578353917251,0.005003783317373995,-0.0479595668565465,-2.658690007259965,0.1272315707415832,0.4175086887828954,0.9599446147759866
765,CLVS1,-0.0048854780619284055,0.005003489266899885,-0.00988896732882829,-0.5482055060655164,0.16645674144566297,0.45582777603523217,0.9381861339135595
554,NCDN,0.0037005165735614076,0.004987037015124266,-0.0012865204415628585,-0.07131963998653085,0.19631766804811032,0.49237679262621153,0.9213727623380477
539,NMNAT2,0.00411246981363822,0.004976607111177617,-0.0008641372975393968,-0.04790437755079564,0.16343027298497143,0.45968301637368064,0.9403619819998021
913,INA,-0.014766009157060278,0.004976354184821535,-0.019742363341881813,-1.0944390781042235,0.16689431970883384,0.46113064964283773,0.9387795470279893
294,TSHZ3,0.011759283045570501,0.004967701357340685,0.006791581688229816,0.3764986122997402,0.18732498791967686,0.48324094468787077,0.9276036000395609
904,SV2A,-0.013745443434808657,0.004966363881347632,-0.01871180731615629,-1.03730909993504,0.16817839901089723,0.4658908182905817,0.9380872317278212
286,DSCAML1,0.01203198841941433,0.004964101012800736,0.0070678874066135945,0.39181591603213334,0.14450190140565072,0.44352563174410814,0.9512412224310157
231,CNDP1,0.014358989254029342,0.00494477925254789,0.009414210001481451,0.5218868246256694,0.16181996134859344,0.4655700588656971,0.9419444169716151
572,CLSTN2,0.0030199502038101844,0.004939109688572566,-0.0019191594847623814,-0.10639066361333169,0.16680641635034535,0.4695619556118644,0.939669666699634
568,SRGAP2,0.0033371738562217867,0.0049204451068343945,-0.0015832712506126077,-0.08777033923964939,0.2044905140207072,0.5151965986092312,0.9184056967658986
750,KIF5A,-0.004272476529066038,0.0049063976788082915,-0.009178874207874329,-0.5088407325980798,0.1880799771997407,0.5002137212292892,0.9281970131539907
196,RANBP17,0.01572046729378762,0.004892274252879458,0.010828193040908162,0.6002724903803991,0.2000345413768612,0.5104829926209613,0.9226584907526456
561,SYNJ2,0.0034751594396019714,0.004891142029626695,-0.001415982590024724,-0.0784965129858954,0.1656063298055801,0.48153296277664864,0.9410542972999704
607,TBC1D4,0.0018446443634843046,0.004881683341340315,-0.0030370389778560103,-0.16836151181758677,0.20004227144196668,0.514900087418185,0.9225595885669073
581,MAG,0.0028051619109883408,0.004880636439627813,-0.0020754745286394724,-0.11505615565965312,0.16410542030986794,0.48001054593817144,0.9425378300860449
117,ADAMTS12,0.021130481208262886,0.004868873260459733,0.016261607947803153,0.9014796710346422,0.17605285372499227,0.49356097275338046,0.9363069923845317
480,ITGBL1,0.00563185130890842,0.0048476975350789375,0.0007841537738294824,0.043470405161739965,0.18490544539783288,0.5065478872250716,0.9319552962120463
811,ALPK1,-0.007855981591054495,0.004845456270035843,-0.012701437861090337,-0.7041178253365472,0.1808782866703232,0.5067283323060441,0.9336366333695975
966,COL24A1,-0.02337330962333084,0.0048407447337870686,-0.028214054357117907,-1.5640763522308507,0.19244056860148268,0.5156704894582895,0.9279003065967758
410,HS3ST5,0.007823077402779766,0.004831054763954814,0.0029920226388249517,0.1658659828003356,0.17750601466455618,0.5021455998817622,0.9366036989417466
984,SPAG17,-0.032679580187859214,0.004823467147458317,-0.03750304733531753,-2.0790216369228083,0.20252402930943936,0.5273199954727816,0.9230540994955989
552,KLHL29,0.00355926676153262,0.004815359192192405,-0.001256092430659785,-0.06963283057954063,0.19240706917816183,0.5214347902330039,0.9284937197112056
362,RSPO2,0.009324104997206595,0.0048027186506275805,0.004521386346579014,0.2506478996060907,0.1977861188316749,0.5282218811812889,0.926021165067748
604,AMPH,0.0020206809603432463,0.004790605684030503,-0.002769924723687257,-0.15355374675833613,0.21924791863992682,0.552132101723959,0.914350707150628
789,TMEM59L,-0.006587275612136012,0.004781050927133995,-0.011368326539270007,-0.630215369951777,0.21103735494527345,0.5505771280739472,0.9184056967658986
575,KCNAB1,0.002786383589630126,0.00478103593547983,-0.0019946523458497043,-0.11057569130535999,0.1870020318447087,0.5235204989206329,0.9323509049549995
665,HSPA2,-0.0005455999030952174,0.004762245022138536,-0.005307844925233753,-0.2942460740943539,0.23852767428074448,0.5811352125423632,0.9036692710908911
271,RIN3,0.012132773490699633,0.004757270239983258,0.007375503250716375,0.4088689301520735,0.22456256069921762,0.5665848696544218,0.9118781525071704
697,ERC2,-0.002219146714746989,0.004750518890734607,-0.006969665605481596,-0.3863708851805033,0.2011241449666108,0.544706614244787,0.9251310453961032
661,PAPPA2,-0.00034413864656790416,0.004741639525572244,-0.0050857781721401485,-0.281935565553678,0.2188220192484334,0.5638408362157914,0.9155375333794877
370,KCTD16,0.00889863069407959,0.004729427272994703,0.004169203421084887,0.2311242615478165,0.2127034189325239,0.5583802899263738,0.9195925229947581
499,ABTB2,0.005043084749356552,0.004726681743025221,0.0003164030063313311,0.017540139879000834,0.2078381991017938,0.5542181280112298,0.9223617841954307
477,PCDH15,0.0056269741635717185,0.004726494241157423,0.0009004799224142952,0.049919069924509056,0.19881525632746772,0.5493862711890363,0.9267134803679161
264,MYO5C,0.012391533473287919,0.004720093772975086,0.007671439700312833,0.42527448451580513,0.19539084350866767,0.5449633042445,0.9291860350113738
213,COL4A1,0.014625001890641864,0.004719880431531251,0.009905121459110613,0.5491010275969358,0.2028024822497981,0.5566363952282297,0.9243398279101969
599,AFF3,0.002109021630905983,0.004688385618064087,-0.002579363987158104,-0.1429898080242439,0.20901790540322415,0.5659681623733794,0.9222628820096924
290,SAMD5,0.01157091868523652,0.004688309718531751,0.0068826089667047684,0.381544807074462,0.2174816944242659,0.5704310972612199,0.9182078923944219
589,SERPINB9,0.002444067270598871,0.004683954023225292,-0.002239886752626421,-0.12417052356653968,0.2644064207118759,0.6229169524017001,0.891306497873603
1,NR4A3,0.11339496284699524,0.0046812634582131495,0.10871369938878209,6.0266604801032555,0.15469471630369672,0.5213336410924915,0.9514390268024924
882,DCC,-0.011922491093255938,0.004680533470705874,-0.016603024563961812,-0.9204064671920941,0.194610199720039,0.5540820830828669,0.9303728612402334
372,P3H2,0.00873706116530959,0.004679961224839631,0.004057099940469959,0.2249096849111785,0.21551490407753268,0.5715652642818366,0.9192958164375433
921,UGCG,-0.015506614982147227,0.004666611027162523,-0.02017322600930975,-1.11832441201098,0.2436344577121915,0.6069204115040324,0.9031747601621996
714,TUBA4A,-0.0030029936496308585,0.004665146993997742,-0.0076681406436286004,-0.42509159777151945,0.22626175571543308,0.5884302149565815,0.9131638809217684
818,APOD,-0.008438301412828308,0.004650026430587168,-0.013088327843415477,-0.7255654863004916,0.20917346077037213,0.5742374465323465,0.9231530016813372
590,MARCKSL1,0.002339295321678092,0.004644715217509648,-0.002305419895831556,-0.12780342361972366,0.22200921684622238,0.5910310785549276,0.915636435565226
460,MOBP,0.006270109238370014,0.004637078842407315,0.001633030395962699,0.09052879081006883,0.1812209419030532,0.5527544328486093,0.9384828404707743
931,RAPGEF5,-0.016879224391328385,0.004633174128532953,-0.021512398519861337,-1.192562875891409,0.18589102771297766,0.5568419911924779,0.9362080901987934
918,ATRNL1,-0.01532000083269458,0.004630467758587188,-0.01995046859128177,-1.1059756157191891,0.20129635214061173,0.5702398399827723,0.9280981109682525
324,USH1C,0.01048479630177579,0.0046304133668728376,0.005854382934902952,0.32454399461648,0.23406298849524632,0.6011341646544474,0.9100979131638809
915,CEND1,-0.01526329699654172,0.004625460807736938,-0.019888757804278658,-1.1025546120801013,0.21851625676955874,0.5873141260297926,0.9188013055088518
685,PGM2L1,-0.0017810441972412328,0.004611454426040666,-0.006392498623281899,-0.35437501472811483,0.2058383893004925,0.5777572252290754,0.9262189694392247
188,LDHA,0.015795328576543977,0.004609097469238408,0.011186231107305569,0.6201207144520794,0.2330922374331443,0.6070138756173229,0.910790228464049
766,KCNQ5,-0.005283592889360422,0.004606617924669632,-0.009890210814030055,-0.5482744400008458,0.18444082682190108,0.5586753053697914,0.9380872317278212
405,LGALS1,0.007743674998259342,0.004598653756553382,0.0031450212417059604,0.17434762438440565,0.2102816113569545,0.5891366111565557,0.9233508060528137
394,PLD5,0.007980369640760765,0.0045967459864771215,0.0033836236542836434,0.18757480493684664,0.2086727174520949,0.5870984309046501,0.9244387300959351
844,CELF4,-0.009912143435786613,0.004593991826600157,-0.01450613526238677,-0.8041631606354815,0.21254577021892657,0.5873245143471488,0.9230540994955989
642,KIF26B,0.00041300292092427693,0.004589939651090266,-0.004176936730165989,-0.23155296582778814,0.23624808056905752,0.6131006544573224,0.9097023044209277
233,SORBS2,0.013839799279233178,0.004553557267743251,0.009286242011489927,0.5147927819030302,0.2380905868192716,0.6196684077627452,0.9100979131638809
276,MDGA2,0.01185824682729586,0.004549913130252246,0.007308333697043614,0.40514531393018294,0.19125843250688326,0.577526917813499,0.9357135792701019
287,SLC6A3,0.011597539330223783,0.004543236106943627,0.007054303223280156,0.3910628622651252,0.20277856212814344,0.588458652515165,0.9297794481258036
274,ADAMTS17,0.01185174333000294,0.00453375472692589,0.007317988603077049,0.4056805439973958,0.24659525187674508,0.6329666987636913,0.9057462169913955
556,RAB3C,0.0031909668270417857,0.004528290384900654,-0.0013373235578588681,-0.07413596520560295,0.21963484077667478,0.6082225527123968,0.9207793492236178
588,SNX10,0.0022879906693699104,0.004522821407691186,-0.002234830738321276,-0.12389023799286339,0.22919124499665408,0.6191659603942946,0.9155375333794877
592,SCG3,0.002193885830877429,0.004519415572104668,-0.002325529741227239,-0.1289182344594664,0.25090374094716833,0.6422744252641456,0.9033725645336762
427,LRRK2,0.007180270683992407,0.004513233096069044,0.0026670375879233625,0.1478500880795728,0.2957970342948507,0.6866106767205804,0.8787459202848383
209,AGPAT4,0.014590586306121756,0.004500629306234767,0.01008995699988699,0.5593475839663573,0.2460367340183553,0.640997815146578,0.9066363366630402
95,IGFBP5,0.02345649221764201,0.004497134493609156,0.018959357724032854,1.0510323222002285,0.21745408629250215,0.6157825293810198,0.9222628820096924
836,HRH1,-0.00981839763081338,0.004495915885186608,-0.014314313515999988,-0.7935293164679736,0.21045393477120555,0.6089707680748967,0.9262189694392247
305,PDE3B,0.010880936545017206,0.004493793714649901,0.006387142830367305,0.3540781106058239,0.23688775966983283,0.6312191472421776,0.9122737612501236
781,SCCPDH,-0.006269244881669023,0.004479083755518004,-0.010748328637187027,-0.5958451215356331,0.3048720508523201,0.7032025020386992,0.8744931262980912
875,F5,-0.011727536284138695,0.004464789481130478,-0.016192325765269175,-0.8976389389668316,0.2368810297394814,0.6347024113673702,0.9134605874789833
808,APLP1,-0.008008306365340001,0.004444311138455906,-0.012452617503795907,-0.690324202063837,0.24766550757751754,0.6564808636276267,0.9068341410345169
357,GAS2,0.009197955092045573,0.004443546933398035,0.004754408158647539,0.26356571358621483,0.2937061774632694,0.6967667709249616,0.8821085945999406
24,IFI44L,0.04185490244865975,0.00443785109896757,0.03741705134969218,2.07425435726137,0.2302650327182887,0.6422249852531545,0.9164276530511324
61,CEMIP,0.02888725491168831,0.004432091342397264,0.024455163569291047,1.355698211413412,0.2682921759778,0.6770749540661052,0.8960538027890417
879,EGF,-0.012036668950081042,0.00441422858031067,-0.016450897530391712,-0.9119731419872039,0.2728852313291749,0.6822892538779487,0.8944713678172288
594,CCDC148,0.0019953012331653808,0.004412173250357688,-0.002416872017192307,-0.1339818914577689,0.2860638957355755,0.6941579817139296,0.8874493126298091
832,PTPRT,-0.009613991933009713,0.0044006999541251635,-0.014014691887134877,-0.7769194702405178,0.22605130747529636,0.6413863423083354,0.9204826426664029
114,SV2C,0.02120520605934617,0.004400607190142941,0.01680459886920323,0.931580954915654,0.2205131246974364,0.6354723644785213,0.9236475126100286
677,CHODL,-0.0016328189913115132,0.004389680313471545,-0.006022499304783058,-0.3338637058222549,0.225912241484492,0.6404127521301244,0.9213727623380477
906,RERGL,-0.014519257811694497,0.0043877679416825,-0.018907025753376997,-1.048131243300598,0.24157780012745803,0.6570380649444669,0.9125704678073385
650,ZNF804B,-0.00010327740759286108,0.004382282678083372,-0.004485560085676233,-0.24866183242277745,0.2291186197210187,0.6462326717524766,0.9195925229947581
651,PCSK6,-0.00015181610640668808,0.004375748650867855,-0.004527564757274543,-0.25099040642701537,0.23338786545772847,0.6586853673222169,0.9162298486796558
537,ABCC3,0.0035571968476143523,0.004368736584949377,-0.0008115397373350246,-0.0449885754097984,0.21478721508215004,0.6427137838829158,0.9266145781821779
155,SLC5A11,0.01772797967774431,0.004359769016640289,0.01336821066110402,0.7410810903679356,0.2240645900638704,0.6543997925486469,0.9215705667095243
927,GHITM,-0.01675487587895219,0.004341903939687551,-0.021096779818639742,-1.1695226075947118,0.2781607095156086,0.7068711006535267,0.8926911284739393
318,SDK1,0.010416899169774396,0.00433113516300352,0.006085764006770876,0.33737085240450815,0.2662655835997406,0.6919606930447729,0.9005044011472654
227,CDK18,0.01374913948314016,0.004320728613491382,0.009428410869648778,0.5226740649776063,0.24563456750384516,0.6807715142232651,0.9110869350212639
514,AKAP12,0.004170707831445131,0.004311010035887282,-0.0001403022044421517,-0.0077778031245079845,0.25973067325637894,0.693876036258583,0.903965977648106
752,CCSER1,-0.0049510996336687985,0.004299174687289543,-0.009250274320958343,-0.5127988744166143,0.2518142153102398,0.6895204529606193,0.908515478192068
145,RTTN,0.018149416388483997,0.004298358269025576,0.013851058119458422,0.7678482568938044,0.3271419277603498,0.7599691300344746,0.8672732667391949
270,TENT5A,0.011726355184289772,0.00429715845776836,0.0074291967265214115,0.4118454855493502,0.27427209790725826,0.7068558834980103,0.8969439224606863
40,NAMPT,0.03394543535287975,0.00429299812734512,0.02965243722553463,1.643814648665266,0.25473797050591607,0.6990878460294311,0.9061418257343488
709,NEFH,-0.0031707695265601465,0.004292719962635574,-0.007463489489195721,-0.41374654161426927,0.2428780401242427,0.679696826104526,0.9140540005934131
623,PLCB4,0.0008769091281742858,0.004279263240954328,-0.003402354112780042,-0.18861314798495493,0.2554760825382741,0.6935251226116304,0.9076253585204233
538,EPHA4,0.003416199101106576,0.0042555868173489095,-0.0008393877162423333,-0.04653235797699107,0.26111131840500745,0.7007795290516339,0.9056473148056572
873,SVIP,-0.011864364732656063,0.00425255356636432,-0.016116918299020382,-0.8934586452292309,0.27864556647947386,0.726415036630183,0.8946691721887053
784,EEF1A2,-0.006625078863519651,0.0042490781284970965,-0.010874156992016748,-0.602820551289125,0.24124911957576095,0.6869735640376774,0.9161309464939176
143,KIRREL3,0.018154263633452072,0.004242088801537983,0.013912174831914089,0.7712363273734335,0.21618684717878306,0.6736730720029162,0.9285926218969439
555,TH,0.0029019414300811563,0.00422385414358665,-0.001321912713505494,-0.07328164852654892,0.23702166296434227,0.6889011362376389,0.9189991098803284
170,KCNJ6,0.016323362478751102,0.004214244868643073,0.01210911761010803,0.6712819171830225,0.25297575006363143,0.7082387548771221,0.9100979131638809
430,THY1,0.0068062699526706405,0.0042052945957865365,0.002600975356884104,0.1441878574750568,0.24257245416110812,0.6980267718140772,0.9164276530511324
384,SKAP2,0.007901895910359946,0.004189255231332564,0.0037126406790273826,0.20581421645032197,0.30721693767250535,0.7600156278447885,0.8817129858569874
132,C1orf87,0.018731252064853376,0.004188507567875328,0.014542744496978049,0.8061926328046609,0.27561198645281826,0.7331848339975201,0.8986252596182376
223,BACE2,0.013732424958649458,0.004181887849840631,0.009550537108808828,0.5294442639798257,0.28548051403281616,0.7455858916168846,0.8930867372168925
790,AGMO,-0.007229960793592505,0.004181342254629258,-0.011411303048221763,-0.6325978188016325,0.28984779445998143,0.7426815589220858,0.8918999109880328
251,MGAT4A,0.01245013302898923,0.00415848010449564,0.00829165292449359,0.459656669543291,0.3514373816299536,0.8101391836451227,0.8578775590940559
355,RNF144B,0.00899019064180151,0.004150307581760705,0.0048398830600408045,0.2683041063845807,0.34029929275752446,0.7995891044858319,0.8645040055385225
774,ANLN,-0.006274730567357389,0.004148332357588387,-0.010423062924945777,-0.5778136680526026,0.3191827929775259,0.7852906527292743,0.8752843437839977
762,DSCAM,-0.005695618409362835,0.004147239909472209,-0.009842858318835045,-0.5456494036619987,0.2602017139319063,0.7328243629703904,0.9072297497774701
730,TUBB,-0.004098388673950848,0.00411573333954692,-0.008214122013497768,-0.45535866036954453,0.2961394760142,0.7677578116977187,0.8892295519730986
654,CALY,-0.0005251722382850765,0.004101217455618237,-0.004626389693903313,-0.25646887274154473,0.24650154930931217,0.7266761581245054,0.9164276530511324
91,SLC18A2,0.02356461139826771,0.004086974017475627,0.019477637380792084,1.0797637106323532,0.2480728837463282,0.7299568478390382,0.9161309464939176
515,TYK2,0.003887818157500833,0.004077816105247258,-0.00018999794774642465,-0.010532739934542823,0.2738102629796861,0.7705135097922884,0.8998120858470973
63,GADD45G,0.027206642040916384,0.004051438998371731,0.023155203042544655,1.2836335058953041,0.27238659522898434,0.7645653857229076,0.902976955790723
486,SLC2A13,0.004707434908765462,0.004048082590937676,0.000659352317827786,0.03655190264574169,0.27806801322935254,0.7643326958193117,0.9009989120759568
374,LRFN2,0.00808029323485926,0.004043828402175851,0.004036464832683408,0.223765755587652,0.3187670929268722,0.8024247459372564,0.8789437246563149
609,GALNTL6,0.0008479857603104213,0.0040431328993897975,-0.0031951471390793762,-0.17712640724644177,0.291665587235479,0.7815765724409277,0.8930867372168925
493,TUBB4B,0.004517590179009656,0.004042875340628748,0.0004747148383809083,0.02631632601846709,0.30632014531597035,0.7975995417299393,0.8846800514291366
303,FGF12,0.010453946984757878,0.004013920864139315,0.0064400261206185635,0.35700975249830813,0.2899421955572666,0.7838328310117676,0.8951636831173969
702,KCNIP4,-0.003211239388942966,0.004012251581527495,-0.007223490970470461,-0.40044196642073954,0.30746076625529956,0.8072430403049091,0.88448224705766
712,DNM1,-0.003568490892515652,0.0040098013801199775,-0.00757829227263563,-0.42011075699699546,0.3103150753747367,0.8032536768421975,0.8841855405004451
829,KCNE4,-0.009942743984704405,0.003990381755135169,-0.013933125739839574,-0.7723977634162387,0.27411574880319656,0.7732923632419179,0.9045593907625359
438,GABBR2,0.006170918912867029,0.003989773684103373,0.0021811452287636562,0.12091412421305292,0.27386190748001626,0.7729265763746198,0.9047571951340124
545,ACTN2,0.002961972779713329,0.003984047535047946,-0.0010220747553346173,-0.05665980985209629,0.33800017117833786,0.8323486313830948,0.8700425279398675
772,LRAT,-0.00637532058526874,0.003957809178893125,-0.010333129764161866,-0.5728281268651128,0.2959733327611249,0.7990008171224376,0.8936801503313223
142,SETBP1,0.017859001286192444,0.003937903903388326,0.013921097382804119,0.7717309585480966,0.3080630615410774,0.8122328007344501,0.8879438235585007
909,BASP1,-0.015351870361009157,0.003921026950280075,-0.01927289731128923,-1.0684137253728712,0.3019057848997834,0.814444540684197,0.8910097913163881
824,GAP43,-0.009505759410824766,0.0038913228421473484,-0.013397082252972113,-0.7426816180170488,0.2915304331762145,0.8105269820118315,0.8975373355751162
728,GRIK2,-0.004267295891273393,0.003854050234346672,-0.008121346125620064,-0.45021552955785643,0.34350724516626063,0.8620268588179855,0.870833745425774
456,EYA4,0.005552789011243231,0.0038368218473187605,0.0017159671639244705,0.09512647946046791,0.30775402488645953,0.8302310956219411,0.8912075956878647
926,ZIC1,-0.0167938403105391,0.003821103373057433,-0.02061494368359653,-1.142811504860862,0.32600745309769624,0.8505555719027355,0.8816140836712492
723,TMSB10,-0.004065904214875959,0.003816672353337714,-0.007882576568213673,-0.4369790831526361,0.28762881708555244,0.8302348250659722,0.9003065967757887
901,NRSN1,-0.014500016530994642,0.003793248920351559,-0.0182932654513462,-1.014106782930823,0.368523817360213,0.8953425821768644,0.8591632875086539
544,HDAC9,0.002808958524275651,0.0037891021375592495,-0.0009801436132835985,-0.05433531203714523,0.3527565703857656,0.8835097848643292,0.8675699732964098
259,NFATC2,0.011703981832072219,0.0037789894806678063,0.007924992351404413,0.4393304475687625,0.38591005632990544,0.9159786151791368,0.8497675798635149
31,KCNQ3,0.03586133544851011,0.0037727303650213046,0.032088605083488805,1.7788662257431886,0.289475392817812,0.8371832394346601,0.9010978142616952
310,ANXA6,0.0100107164624752,0.0037605924290705257,0.006250124033404674,0.34648232669516077,0.3852782045952175,0.9235421425573128,0.8498664820492533
414,UNC5D,0.006664486179943752,0.0037574238755081987,0.002907062304435553,0.16115611557550835,0.29498305945560743,0.8411061579256751,0.8992186727326674
162,S100A1,0.0164738207412628,0.003737164893860408,0.012736655847402394,0.7060701721657783,0.3099842279129233,0.8688853393422042,0.8899218672732667
235,CENPP,0.012865881982721483,0.003714746909874149,0.009151135072847334,0.5073029839080861,0.34989439432884023,0.8948021163513097,0.8713282563544654
937,STMN1,-0.018898582320732604,0.0037142595695671445,-0.02261284189029975,-1.2535671339425993,0.3540614447721619,0.9023527067823598,0.8684600929680546
801,CADM3,-0.00850703780501727,0.003707359951062162,-0.012214397756079432,-0.6771182349482411,0.40307623989963676,0.9479520701258867,0.8420532093759272
193,UBASH3B,0.014653227023839532,0.0037069325876735743,0.010946294436165958,0.6068195678457683,0.32263448188699684,0.8786745341005251,0.8851745623578281
185,FBXO32,0.015325148043178416,0.003700356279450378,0.011624791763728038,0.6444327946319409,0.3670874967703046,0.9182907381138641,0.8615369399663733
760,CTSB,-0.005983203855839503,0.003697169230165417,-0.00968037308600492,-0.5366418605758627,0.41240560161367784,0.9576059807073813,0.8374048066462269
202,EPHB1,0.014365506519799065,0.003681105275435139,0.010684401244363926,0.5923012379764393,0.37409803940235353,0.9254464031677433,0.8587676787657007
43,PRELID2,0.03268414035717837,0.00367970220397623,0.02900443815320214,1.6078921253556344,0.35284156860710264,0.9024338036146775,0.8710315497972505
679,GPR39,-0.002473584548145835,0.0036707443996258976,-0.006144328947771733,-0.34061746269772647,0.3653567395599176,0.9159988213895065,0.8644051033527841
388,ACOT7,0.007266783437741786,0.003654146893523019,0.003612636544218767,0.20027038002044706,0.35937482517610325,0.9206448661098224,0.86697656018198
398,ARL15,0.006964680113421551,0.0036386047069242224,0.0033260754064973284,0.18438455612199708,0.3576269660299557,0.9168160123296114,0.869251310453961
890,CALM3,-0.013707031905871747,0.00363168029694704,-0.01733871220281879,-0.9611901001999624,0.3450109273092117,0.914553100744006,0.8749876372267827
300,LRCH1,0.01014806326886497,0.003619025719512995,0.006529037549351976,0.3619441964813683,0.4185069199218258,0.9759012749438644,0.8367124913460587
557,GRIA1,0.002251677843825628,0.0035994795523103204,-0.0013478017084846924,-0.07471683271941455,0.2836546347712924,0.8683158083449763,0.9087132825635447
463,BICC1,0.004933242050282005,0.0035841015277195743,0.0013491405225624308,0.07479105131318756,0.3690158115506259,0.9377677040420211,0.8646029077242607
998,C8orf34,-0.08594344327260994,0.0035817924767772456,-0.08952523574938719,-4.96292742585515,0.28250191030615124,0.8780118698238735,0.9086143803778064
800,MAN1A1,-0.008583486138105445,0.003574164845639277,-0.012157650983744722,-0.6739724167843317,0.39910154241877766,0.9661277165175912,0.8486796558203936
273,SULF1,0.010883792510630541,0.0035439565445696737,0.007339835966060868,0.40689167598746984,0.373958332602471,0.9537934293242302,0.862427059638018
629,SERPINI1,-0.00011002251085479031,0.0035390922102056977,-0.003649114721060488,-0.20229258686277,0.39603899226431827,0.9742191158020567,0.8506576995351598
884,EBF1,-0.013094990791595096,0.003530971382152909,-0.016625962173748003,-0.9216780381825366,0.319999177840072,0.9080853170042302,0.8919988131737712
494,CYFIP1,0.0039158815965424365,0.0034991339454048132,0.0004167476511376233,0.023102852845665652,0.44900224807629846,1.026164063491256,0.8236574028286026
577,CLDND1,0.0014776309086054207,0.003492070961168667,-0.0020144400525632464,-0.11167264404188589,0.3861986673184582,0.9806442378044842,0.8562951241222431
387,PAG1,0.007126849056289908,0.003486406097884181,0.003640442958405727,0.2018118584028047,0.43354304554190415,1.0149639645602941,0.8323607951735733
44,DUSP1,0.03234788014106871,0.003479068778799705,0.028868811362269004,1.6003735087916184,0.34918703882264973,0.9537764894479084,0.876075561269904
656,MMP16,-0.0012150015878049647,0.003452877446320047,-0.004667879034125012,-0.2587688787984214,0.37493032170310553,0.9728309992473412,0.8644051033527841
311,APOC1,0.009674443738748484,0.003438610132869024,0.00623583360587946,0.34569012152420076,0.3625276576559739,0.9733268117744741,0.8700425279398675
799,BACH1,-0.00871735347868341,0.003428578817253837,-0.012145932295937247,-0.6733227787618465,0.437336494896204,1.0277215402954878,0.832261892987835
435,RNLS,0.005770724830326424,0.00342656888370415,0.0023441559466222737,0.1299507981251281,0.41189075806815817,1.0046732558152827,0.846207101176936
212,ROR1,0.013301604696960734,0.003366883679907268,0.009934721017053467,0.5507419108258725,0.41146566133110046,1.0167400300605163,0.8479873405202255
485,CNP,0.004010069833143781,0.0033440459267676846,0.0006660239063760965,0.03692174930968257,0.3976954078411552,1.0241213045807083,0.8535258629215705
925,PLCXD3,-0.017217216224399645,0.003343416552886629,-0.020560632777286272,-1.1398007215415669,0.3564935035944301,0.9783748217938872,0.877361289684502
325,ARHGAP24,0.009166271323517106,0.00332965095000775,0.005836620373509356,0.32355930798197075,0.38131582749998755,1.0068373026237203,0.863712788052616
465,PLCH1,0.004609076047010108,0.003287331770854879,0.0013217442761552286,0.07327231102145121,0.4246886885441664,1.0454621933126658,0.8428444268618336
923,SNCG,-0.01701896461678376,0.0032721094586075188,-0.02029107407539128,-1.1248574459018628,0.359087783497234,1.0011751056980864,0.8768667787558105
933,LMNTD1,-0.01840298978112903,0.0032298453997691625,-0.021632835180898195,-1.1992394113189333,0.4130369488945471,1.0475402455284393,0.8505587973494214
814,COL11A1,-0.009670257605203736,0.003224462267341634,-0.01289471987254537,-0.7148326208636977,0.4339037943847974,1.0662699141651377,0.8395806547324696
23,ID3,0.04325787798881209,0.0032242998319104276,0.04003357815690166,2.219304326058286,0.35397813829534003,1.0168919393056803,0.8791415290277915
375,SCD,0.007200322078498078,0.0032154698022572163,0.003984852276240862,0.22090455818623703,0.44098285341984006,1.0801391882980802,0.8350311541885076
101,INPP5D,0.02147422450971448,0.0032130136500449456,0.018261210859669533,1.0123298022747536,0.40974719350473165,1.054246680165235,0.8517456235782811
877,TMC1,-0.013140067022467727,0.003193183279132202,-0.01633325030159993,-0.9054512417268006,0.437877719366515,1.0783868817746463,0.8378993175749184
825,IQCJ-SCHIP1,-0.010232914957981287,0.0031846343303662825,-0.013417549288347569,-0.7438162300662718,0.39626058880597653,1.0482596348018538,0.8597567006230837
22,ADM,0.04421932559320546,0.0031696643012850776,0.041049661291920385,2.2756319840144155,0.37553940523961676,1.0424706006831452,0.8697458213826526
842,LRRIQ1,-0.01129628106135272,0.0031558099694090737,-0.014452091030761793,-0.801167160713273,0.4651259446510056,1.1038865556532667,0.8252398378004153
687,ABCC4,-0.0034029768461512067,0.003131022053672773,-0.00653399889982398,-0.3622192342639633,0.46777068152622364,1.1137968218069456,0.8240530115715557
942,DLGAP2,-0.0199809485835567,0.003115691102838456,-0.023096639686395158,-1.2803869834600201,0.4566208813556156,1.1076401695246951,0.8303827514588072
928,ANGPT1,-0.018170461194027876,0.0031141514589007836,-0.02128461265292866,-1.1799353221434692,0.4322258361437245,1.0866853155347738,0.8435367421620018
791,KSR2,-0.008349217805546094,0.003098663279420718,-0.011447881084966811,-0.6346255614847583,0.3922006626103912,1.0618486265895313,0.8643062011670458
678,ATP6V1B2,-0.002931222044889936,0.003093788789237885,-0.006025010834127821,-0.3340029351441509,0.4433827000681571,1.1104988221603633,0.8364157847888438
354,GUCY1A2,0.007962593598796364,0.0030672423425996713,0.004895351256196692,0.2713790453072258,0.45044538147052277,1.1113503084767091,0.8351300563742459
169,LRRC7,0.015249820613298493,0.003065394062698384,0.012184426550600109,0.675456749039668,0.4695107461913065,1.1371123136932664,0.8234595984571259
905,PEA15,-0.015678438804939576,0.0030462397612075645,-0.01872467856614714,-1.0380226314778496,0.4949519695220207,1.1578473841794443,0.8111957274255761
658,SH3RF3,-0.0017321584275339363,0.003044023749870172,-0.004776182177404108,-0.2647727796604175,0.45913574791649014,1.1260456497260065,0.8306794580160222
892,CRISPLD1,-0.01456481220878969,0.0030174947162912432,-0.017582306925080934,-0.974694034792133,0.46448844149919266,1.1361715045951557,0.8285036099297794
671,SLC8A1,-0.002752568735429617,0.003015248979272257,-0.005767817714701874,-0.3197451588260471,0.4043704835915317,1.090303932256874,0.859855602808822
864,NPNT,-0.0124958887768013,0.0029969429261438273,-0.015492831702945128,-0.8588617356780415,0.47735149311751857,1.1431272297285848,0.8235585006428642
894,PRR16,-0.0148395778658299,0.002991178850699186,-0.017830756716529086,-0.9884671153498623,0.4312858979008872,1.1111583842547637,0.8472950252200574
156,SCG2,0.016344490601913786,0.002988190656091099,0.013356299945822686,0.7404208070965599,0.40295557648339747,1.0969479608211272,0.8609435268519434
389,RHOJ,0.006581113919203352,0.00297179600830869,0.0036093179108946617,0.2000864080241413,0.5223436285930738,1.1852883658875548,0.8004153891801009
560,YWHAB,0.001569114222284007,0.0029712923389282908,-0.0014021781166442837,-0.07773124720395365,0.48075327730106066,1.1615980543568865,0.8206903372564534
464,PRR5L,0.0043011522461198215,0.0029613142759924342,0.0013398379701273872,0.07427535434546804,0.4941415433475945,1.1693790638662183,0.814756206112155
755,LHFPL2,-0.006500845050308568,0.002947140912683572,-0.00944798596299214,-0.5237592312640087,0.5257527699487279,1.1951370944845616,0.7989318563940263
558,ST18,0.0015857291073790858,0.0029415017010785754,-0.0013557725936994896,-0.0751587072870683,0.32227897713129466,1.0738699394870714,0.8992186727326674
401,MDH1,0.006197442912147411,0.0029239337127825588,0.003273509199364852,0.18147049207215474,0.5123331676069046,1.196536772138526,0.8053604984670162
383,ENO2,0.006625144445738251,0.0028928363369160924,0.003732308108822159,0.2069045015069044,0.4964923397983792,1.194662873757042,0.813767184254772
153,OSBPL3,0.01630400379037189,0.0028586625362260424,0.013445341254145848,0.7453569074867124,0.5273145848581513,1.211268066558709,0.8010088022945308
283,XKR6,0.009808798357779591,0.0027125157669521762,0.007096282590827415,0.39339003351216406,0.49820473151430844,1.22259996001324,0.8194046088418554
265,GEM,0.010350495124263781,0.0027033191387209558,0.007647175985542825,0.4239293994738367,0.5019333720776119,1.2343342250363145,0.8165364454554446
566,SELENOP,0.001131942178990153,0.0026881717393745634,-0.0015562295603844104,-0.0862712541498241,0.5159746068356672,1.2554262431836003,0.8084264662249036
693,ARMC3,-0.0042315633535854325,0.0026661185122895236,-0.006897681865874956,-0.3823803893999674,0.5150738110593118,1.2455127969451298,0.811789140540006
741,CP,-0.0060416859123068045,0.0026548823374878553,-0.008696568249794659,-0.48210358472049575,0.4576943221591968,1.2077218417696194,0.8412619918900208
773,PHACTR2,-0.007715186293308918,0.002648744605200565,-0.010363930898509482,-0.5745356207702855,0.5515170615601858,1.2729591653745236,0.793986747107111
754,LYPD6,-0.006808022817296533,0.0026300943901643135,-0.009438117207460846,-0.5232121462206091,0.5716633381852588,1.2875859950428348,0.7847888438334487
236,ZDHHC20,0.011681471510294916,0.002626431318770485,0.009055040191524432,0.5019758611363934,0.5654733909261708,1.2950848348293822,0.7861734744337849
794,COL8A1,-0.008910575946830757,0.0026177903469480814,-0.011528366293778838,-0.6390873453253177,0.4727650558984234,1.223198935528775,0.8350311541885076
813,HS6ST3,-0.010213071060849344,0.002616102903484529,-0.012829173964333872,-0.7111990131687004,0.404147469614172,1.1780760345150203,0.869548017011176
136,LYVE1,0.016863729930095994,0.002610284371733158,0.014253445558362835,0.7901550359784045,0.5884743793363291,1.3074553252196588,0.7760854514884779
446,NLGN1,0.004575174200473264,0.0025772033959554266,0.0019979708045178377,0.11075965361942455,0.40910812898071014,1.200084197797349,0.8662842448818119
675,NEFM,-0.003361814539023622,0.00256581561366923,-0.005927630152692852,-0.32860453266470946,0.445478766597481,1.223170395842357,0.8488774601918703
230,FBXO2,0.01198094737891775,0.0025570062628963433,0.009423941116021406,0.522426279393146,0.5359910465351613,1.2917863090752109,0.8024923350806052
432,STMN2,0.0051007183278701795,0.0025482504066701665,0.002552467921200013,0.141498795771959,0.45242849858572143,1.228677784900901,0.8463060033626744
232,SLAIN1,0.01183185099475359,0.0025440420438080412,0.00928780895094555,0.514879646871705,0.5619741491456132,1.3119557767397738,0.789733953120364
74,ENTPD1,0.023904592771935018,0.0025162871288491994,0.021388305643085817,1.1856836542244982,0.5593220024897847,1.3064241937187742,0.7933933339926813
707,OXR1,-0.0049187223929857415,0.0024556724716532125,-0.007374394864638954,-0.40880748558154534,0.6041238264298292,1.3501328253108422,0.772228266244684
226,SLC24A3,0.011908791198322388,0.0024410042444704748,0.009467786953851913,0.524856920421423,0.49438556741037465,1.2747474634640836,0.8287014143012561
512,CPXM2,0.0023759535235824414,0.0024357252522824615,-5.977172870002016e-05,-0.0033135098631464997,0.57951994290082,1.3381156918966544,0.7850855503906636
28,PPP1R3C,0.03662626768693139,0.0024239959891996657,0.034202271697731726,1.8960396006148923,0.4610950261819768,1.271289312910074,0.8433389377905252
254,PDGFC,0.010595644766474233,0.0024196950467440005,0.008175949719730232,0.45324253833913686,0.6294874285333314,1.3695036139667556,0.7612501236277321
194,TUBB2A,0.013301349412378038,0.0023794878208604504,0.010921861591517588,0.6054651069076648,0.48515077003527596,1.2926815409218186,0.8330531104737415
586,SERINC1,0.00019982685397623712,0.002370809970465749,-0.002170983116489512,-0.12035077662409892,0.6077451475418252,1.3778200154274303,0.7713381465730392
670,CHST9,-0.003383299352020419,0.0023702940183260943,-0.005753593370346513,-0.31895661704645717,0.5368522568639216,1.3246152548640628,0.8080308574819504
380,SCN1A,0.006215798660945682,0.0023697541747187134,0.0038460444862269683,0.2132095995277561,0.49576704651255465,1.290929715064844,0.8297893383443774
610,SEMA3D,-0.0009004743761170664,0.0023250781617003592,-0.0032255525378174256,-0.17881196312382083,0.6418178301896076,1.3939988382811992,0.7580852536841064
296,CA8,0.00904749100564295,0.00232456299163085,0.006722928014012099,0.37269272226427985,0.5643085656049636,1.349721618475295,0.7958658886361388
943,KCNJ3,-0.020936977405806356,0.002304402218182242,-0.023241379623988596,-1.2884107970795666,0.5749303372438119,1.354099060391661,0.7922065077638216
990,CCDC85A,-0.04149289103110204,0.0022865352709804847,-0.04377942630208253,-2.4269594339973235,0.425015456372283,1.2656645467654917,0.8667787558105033
562,RCAN2,0.0008096408838401681,0.002263454158093494,-0.0014538132742533258,-0.08059369752526455,0.5536961339160024,1.354228326718677,0.8029868460092968
268,MEF2C,0.009731839496166628,0.002226768247983275,0.007505071248183353,0.4160516710045196,0.633787295841916,1.4124813631242066,0.764118287014143
745,ADAMTS9,-0.006671626845787093,0.0022235111733590667,-0.00889513801914616,-0.4931115127757653,0.5663429880735357,1.371084942076331,0.7976461279794284
522,SNCAIP,0.001815198870730006,0.002201321067262011,-0.0003861221965320051,-0.021405097935341035,0.6375041771661407,1.4207236109716201,0.762832558599545
519,NCK2,0.0019071120531309882,0.0021968178971550735,-0.00028970584402408534,-0.016060154063850047,0.6896532369301037,1.4557999301910654,0.7368212837503709
876,STXBP1,-0.014089584636712726,0.0021531385133622067,-0.016242723150074932,-0.9004327720257473,0.6532910830700517,1.4485708709868974,0.7549203837404806
587,NEFL,-8.286998469286821e-05,0.002151943614221369,-0.002234813598914237,-0.12388928785145865,0.5039986767622918,1.353221128080316,0.8293937296014242
158,SLC38A1,0.015360204993291604,0.002137030973538106,0.013223174019753498,0.7330408286575122,0.5260910469220332,1.367847698381516,0.8192068044703789
348,UNC5C,0.007271587880130048,0.0021346661071276053,0.0051369217730024425,0.2847707658997233,0.5147597183078052,1.370358805803531,0.8233606962713876
340,NDRG4,0.007651879642488313,0.0021340779771670806,0.005517801665321232,0.3058852510806084,0.6443558843303072,1.4468558939867253,0.7598654930273959
289,EMP1,0.009052952362029965,0.002132206611879725,0.0069207457501502395,0.38365896055209436,0.6059274590013324,1.4292543886166404,0.7779645930175056
796,ZNF365,-0.009860418578228669,0.0021112340578073184,-0.011971652636035987,-0.6636613989659426,0.5726976804854784,1.39824244335068,0.7974483236079517
366,RIMS1,0.006436630648519515,0.0021070561098956745,0.00432957453862384,0.24001460638619418,0.5152935624232886,1.3632448645323467,0.8260310552863218
809,CDH4,-0.010354134594662279,0.00210539291579566,-0.012459527510457938,-0.6907072656915256,0.5767172124503093,1.4057255587248263,0.7949757689644941
19,HES1,0.04333803732180119,0.0020795349423839795,0.041258502379417215,2.2872093136031904,0.5293573156450189,1.3976104577432031,0.8164375432697063
917,CALN1,-0.017878618261939705,0.0020566910531774484,-0.019935309315117153,-1.105135244992391,0.48575665807822427,1.3619836491789743,0.8408663831470675
684,C3,-0.004322219036607011,0.0020534677910931153,-0.0063756868277001265,-0.3534430348157221,0.5885844340922249,1.4316929906426614,0.7891405400059341
399,CA12,0.005354323280545081,0.00203255374275937,0.0033217695377857114,0.18414585567354658,0.6143298604763762,1.4411713519427196,0.7787558105034121
683,PEG10,-0.004341784564261264,0.0020313071020508474,-0.006373091666312111,-0.35329916926184457,0.5117361489200919,1.3843167026485692,0.8285036099297794
743,YWHAG,-0.006699371109994079,0.002021208833615588,-0.008720579943609667,-0.4834346987106263,0.6035602046897619,1.4474024354254307,0.782612995747206
930,GPR158,-0.01944013133341571,0.0020018516712170965,-0.021441983004632806,-1.1886593163106034,0.5993944674301468,1.4411674988990997,0.786470180991
400,SEMA3E,0.00531849985436994,0.002001286782550268,0.003317213071819672,0.18389326309762602,0.6492886411996239,1.4682872439587225,0.7624369498565918
208,MAML3,0.012147034797172052,0.0019832974353756567,0.010163737361796394,0.5634376774304475,0.5570503751767768,1.415188788787455,0.8085253684106419
778,MYRIP,-0.008739936536103388,0.001965382825028979,-0.010705319361132367,-0.5934608562062976,0.5742162495808233,1.4358988823941583,0.7994263673227178
94,MALRD1,0.020919419464108246,0.0019238827437617761,0.01899553672034647,1.0530379436492174,0.6348617946694803,1.4746389198194778,0.7717337553159924
956,GRIP1,-0.023894241857078113,0.00189373693888025,-0.025787978795958365,-1.4295842524459246,0.5505609394339086,1.4310274088045447,0.8138660864405103
546,CACNA1D,0.0008360490624442773,0.0018752531163052594,-0.001039204053860982,-0.05760939088062474,0.616439093192783,1.4763112539793628,0.781623973889823
313,PLCL1,0.008016083757364956,0.0018125348132642545,0.006203548944100701,0.34390038668535833,0.5517243754615857,1.4672296465365993,0.8122836514686975
83,VEGFA,0.022179191951749888,0.0017651118876065076,0.02041408006414338,1.1316764147659175,0.6349206519461066,1.52745177616289,0.7725249728018989
659,FEZ1,-0.0031827762857964403,0.0017348992439559503,-0.004917675529752391,-0.27261661534615916,0.7276837173010885,1.5785804259450802,0.7295025220057363
62,HSPA8,0.024945785663215925,0.0017177466344545714,0.023228039028761353,1.287671246880382,0.6567753190770149,1.5420523696346307,0.7644149935713579
404,COL4A2,0.004888953045324773,0.0017062550087391102,0.0031826980365856627,0.17643627790273023,0.6688993965094189,1.5486159137052535,0.7592720799129661
922,TRDN,-0.01857815256310924,0.0016819856295669843,-0.020260138192676226,-1.1231424820764744,0.5769487544693298,1.501839026639418,0.8045692809811097
970,PLXNA4,-0.029704305710003154,0.0016317632777943757,-0.03133606898779753,-1.7371485804670885,0.653928906814789,1.552231606163067,0.7690633963010582
474,NOL4,0.0025923352923215015,0.0015799949324395422,0.0010123403598819593,0.056120173203706235,0.7523240850354229,1.6127958405226275,0.7235683908614381
323,NCAN,0.0074570524750481315,0.0015798392435426088,0.005877213231505522,0.3258096165855356,0.6022975640433342,1.5346759744885379,0.7953713777074474
987,ABI3BP,-0.03975532273561344,0.0015590876825844007,-0.04131441041819784,-2.2903086356733033,0.6516561637055907,1.5633080317472374,0.7725249728018989
627,CNTNAP2,-0.0020390293832152073,0.0015384428250564378,-0.003577472208271645,-0.1983210073567159,0.5955750937114158,1.5600622930091563,0.796261497379092
351,MSRB3,0.006527045759825101,0.0014897743690216992,0.005037271390803401,0.27924654012502653,0.7826533618487727,1.6461926366904658,0.7116012263871032
299,DYNC1I1,0.008057618744425787,0.0014557574836880347,0.006601861260737753,0.3659812569980339,0.627850738365142,1.5779474037765815,0.7856789635050935
293,RGS20,0.008242222096025209,0.001447483983119792,0.0067947381129054175,0.3766735920857085,0.6632453620707613,1.5986421339165842,0.7688655919295817
476,PKIA,0.002329232710270468,0.0013804036906900697,0.0009488290195803983,0.052599353962103794,0.775723751239754,1.6625959061985922,0.7182276728315695
25,MT1M,0.03813076079723998,0.0013685652506119604,0.03676219554662802,2.0379517237323683,0.6072034984242928,1.6029255058648801,0.7948768667787558
260,SYNPO2,0.009249540566590553,0.0013613782203722622,0.00788816234621829,0.43728873674496443,0.6588162350559008,1.6060738513189505,0.7746019187024034
128,MPPED2,0.01641407149972174,0.001355914376970256,0.015058157122751482,0.8347650843002773,0.7418387572866799,1.6520511689700037,0.7347443378498665
479,POU6F2,0.002154053182212068,0.001330888537995577,0.0008231646442164908,0.04563301458610543,0.6843726110080061,1.6288910058337094,0.7626347542280685
490,ADCY1,0.0018292413590181855,0.001310429293099882,0.0005188120659183036,0.028760903104666075,0.7306545863135182,1.6563367284459103,0.7411729799228564
395,RBFOX1,0.004659367983476881,0.001309385945199656,0.0033499820382772248,0.1857098458855717,0.6592876210936817,1.6326904916982452,0.7731183859163288
258,PDE3A,0.009386810258544043,0.0012684766193979922,0.00811833363914605,0.45004852914041243,0.7218566948136586,1.662615743146056,0.7461180892097715
3,CEBPD,0.08084167766336325,0.0012424882135781377,0.07959918944978511,4.412666407291562,0.5682780126791402,1.630411138966144,0.8131737711403422
726,PPM1E,-0.006785244211413688,0.001223599487415304,-0.008008843698828993,-0.44397883691222445,0.7274943801308155,1.6734421384761253,0.7448323607951736
498,FGF14,0.0015600788215585082,0.0012158798028997907,0.0003441990186587175,0.01908104162312093,0.7541048258836545,1.693779228196413,0.7314805657205024
682,LRFN5,-0.005144444219315258,0.001167095832557787,-0.006311540051873045,-0.3498869895244972,0.7310063273253943,1.6869632506290335,0.7446345564236969
668,ELMOD1,-0.004482235791414602,0.001125425559393561,-0.005607661350808163,-0.31086671908623575,0.8078450860076138,1.7392897322718275,0.7083374542577391
703,PCLO,-0.0061374850564130945,0.001092034204959841,-0.007229519261372936,-0.4007761511899891,0.7957503083716583,1.738359309622285,0.7152606072594204
15,TUBB2B,0.04797939532302509,0.0010837867833787228,0.04689560853964636,2.5997083372681433,0.7764226263941644,1.7480817795029013,0.7216892493324103
653,LDB2,-0.003518871202099594,0.001040989161608266,-0.00455986036370786,-0.2527807479945172,0.7161254705773769,1.709703941762502,0.7543269706260508
180,LRRC3B,0.012877798809544871,0.0010335850204177504,0.01184421378912712,0.6565966898573969,0.7706136395576404,1.7380324170636956,0.7287113045198299
815,SPP1,-0.011917625449081815,0.0010260666527121254,-0.01294369210179394,-0.7175474488963584,0.6948763892359673,1.7245577034768256,0.7610523192562555
179,SLCO1C1,0.01287749584509823,0.0010080708195635522,0.011869425025534678,0.657994301777203,0.8776241019575044,1.7866676582970236,0.6802492335080605
600,PKP4,-0.0016904179243184547,0.0009857839582424425,-0.002676201882560897,-0.14835812057805814,0.8307671393927856,1.7749070367166029,0.7019088121847492
660,INPP4B,-0.003989484633028728,0.0009832876713260288,-0.004972772304354757,-0.2756709641167751,0.8024249705336327,1.7599567357196455,0.7156562160023736
86,DNAH5,0.020898028070448937,0.0009549744902280153,0.019943053580220922,1.105564556631225,0.7414006986055905,1.7433306782478308,0.7440411433092671
667,PCED1B,-0.0044602470595956345,0.0009316405664600351,-0.00539188762605567,-0.29890507131855143,0.7298024566213323,1.7370028289818875,0.7510631984966868
97,MT1G,0.019821078790574487,0.0008791251861060231,0.018941953604468462,1.050067506172815,0.6315865907986918,1.7380350641585902,0.7925032143210364
122,UNC80,0.016510629254761433,0.0008610836383261205,0.015649545616435313,0.8675493394890021,0.8578092103513232,1.8131700792576784,0.6925131045396103
715,F3,-0.006904769094489671,0.0008334752220713474,-0.007738244316561019,-0.42897787004030663,0.8296738340499538,1.8192233715733725,0.7041835624567303
798,ATP1B1,-0.011164340792891081,0.0008323948456319192,-0.011996735638523,-0.6650519021008806,0.6789894286595732,1.7541585855711574,0.7741074077737118
306,TENM3,0.0071557247295254145,0.0008194389283238336,0.006336285801201581,0.351258796669018,0.8032373290000949,1.795194843672038,0.7194144990604292
584,SUGCT,-0.0012915043235856016,0.000809671153702971,-0.0021011754772885726,-0.11648091530260092,0.8545569694122958,1.8158608990747367,0.6964691919691426
924,CTNNA3,-0.019718790616803372,0.0007388106937797742,-0.020457601310583145,-1.1340890617224466,0.6160732127602206,1.759753646558777,0.8034813569379884
203,CTXND1,0.01128338468217105,0.0007231421262314694,0.01056024255593958,0.5854183679702175,0.8349875826327765,1.8327892442124485,0.7065572149144497
342,TUBA1B,0.006169320557748437,0.0006916462756017072,0.00547767428214673,0.3036607465728288,0.7691490842895556,1.827350291068988,0.7351399465928197
336,NSF,0.006334025765339146,0.0006794752243178238,0.005654550541021323,0.3134660716166937,0.9212830579120044,1.879132134988593,0.6676886559192958
89,DCHS2,0.020417011759978454,0.0006706817220009986,0.019746330037977454,1.0946589761550725,0.8833463734906133,1.8587778938637034,0.6864800712095738
349,CSMD1,0.005787609834427276,0.000656356828733863,0.005131253005693413,0.28445651170632996,0.7617894647574368,1.8414035173686145,0.737810305607754
768,PACRG,-0.009563475136992683,0.0006420149136944747,-0.010205490050687157,-0.5657522825031361,0.8091815518386049,1.8416679254543684,0.7201068143605973
574,MAN2A1,-0.0013554770190329357,0.0006359707135908509,-0.0019914477326237866,-0.11039804013544086,0.8478406640835172,1.877505057908584,0.6993373553555533
317,TGFB2,0.00669187186013287,0.0006043142049162373,0.006087557655216632,0.3374702852291108,0.8745399996572912,1.878653872435481,0.6906339630105826
874,GALNT15,-0.015588932107390208,0.0005500014082916944,-0.0161389335156819,-0.8946790823678882,0.7686171499869381,1.852355217320088,0.73978834932252
195,KCNIP1,0.011379957620525794,0.0005400351010086578,0.010839922519517136,0.6009227266025345,0.8305448092003556,1.8678258289941199,0.7135792701018693
579,ZNF98,-0.0015470133497549332,0.0005063660328563875,-0.002053379382611321,-0.11383128755086247,0.6427521941919222,1.7914747844923151,0.8018989219661754
358,CPNE8,0.005199298440815903,0.0004481244342146736,0.004751174006601229,0.263386424900118,0.9408190656692367,1.9365079695628997,0.6645237859756701
341,RNF150,0.005954849517458172,0.0004395636323324297,0.005515285885125742,0.3057457861082449,0.9259509034664487,1.9230072407200876,0.6731282761349026
995,STXBP5L,-0.07499836170183116,0.0004322298121859515,-0.07543059151401711,-4.181575711471441,0.7035999334806164,1.8421852606933649,0.7741074077737118
152,ADRA1A,0.013974252723295999,0.00039581857080894767,0.013578434152487051,0.7527350549982494,0.9376729227973292,1.939865025822483,0.6683809712194639
280,RBMS3,0.007530909592467383,0.00037530601967637744,0.0071556035727910056,0.3966785557467204,0.9543069690021395,1.9439147156310557,0.6624468400751657
240,RIPOR2,0.00922632989255845,0.00030861740971583414,0.008917712482842614,0.49436295237338573,0.9359121889150362,1.9620903645771859,0.670655721491445
172,MEF2A,0.012348642555246925,0.0002984110822749266,0.012050231472971998,0.6680175010376892,1.0712295323442698,1.9922532875294063,0.6132924537632282
742,FOS,-0.008422201333995682,0.00028578862476292535,-0.008707989958758608,-0.4827367594023922,0.6874474779565944,1.8723273502056181,0.7842943329047571
854,DDR2,-0.014585922760259162,0.00027784017825606,-0.014863762938515223,-0.8239886342826134,0.9490036483137488,1.9675173049324068,0.6665018296904361
84,HILPDA,0.020437976807616498,0.0002774386064763036,0.020160538201140193,1.1176210497622063,0.7401270330904401,1.918753095564534,0.7564039165265553
952,CFAP54,-0.024618667446570985,0.0002741252202956687,-0.024892792666866653,-1.3799586496298517,0.9363488705344477,1.9683007381036428,0.6715458411630897
491,GNA14,0.0007508797854688387,0.0002716724605768059,0.0004792073248920328,0.026565371824710575,0.7770058631248448,1.9185947067327678,0.7423598061517159
721,PLCE1,-0.007582721437451645,0.00026825209271580104,-0.007850973530167445,-0.43522713485619124,0.9510769726838489,1.973237897213771,0.6653150034615765
452,CACNA1B,0.0021341618198364998,0.0002675694183233094,0.0018665924015131904,0.10347655099501982,0.9744002190710904,1.9786531395211853,0.6553258827020076
624,NRXN3,-0.003165498716110493,0.00026379361880978235,-0.0034292923349202756,-0.1901064972103934,0.7007427984702607,1.9129521373090297,0.7736128968450202
852,SGCZ,-0.014526460082065262,0.00021031617485063383,-0.014736776256915897,-0.8169489914427793,0.6740360658785328,1.8785573981910415,0.7930966274354663
385,ALK,0.0038929137937271374,0.00021009957490522363,0.0036828142188219137,0.20416075465118996,0.8853712065540592,1.9689273067205013,0.6952823657402829
12,ID2,0.05049601655548025,0.00020425310255861345,0.050291763452921634,2.7879778259822454,0.7990781488499717,1.9529255937618895,0.7320739788349322
770,GINS3,-0.010111563261320566,0.0001707820437853462,-0.010282345305105913,-0.5700128359301461,0.9047908475075331,1.9786200463645809,0.6884581149243398
68,TUBA1A,0.02239121608477479,8.848024748299346e-05,0.022302735837291796,1.2363760724221902,0.9014653050963951,2.0127193031139754,0.6890515280387697
469,FAM107A,0.0012118259189694003,-3.08649009196514e-05,0.0012426908198890517,0.06888989791828622,0.9891151958452074,2.058073487814108,0.654435763030363
378,LMO3,0.0037684027422026922,-0.00011968550216880005,0.0038880882443714923,0.21554034033658895,1.128252302145803,2.0902285602309103,0.6000395608742953
520,PAM,-0.00042926746562499396,-0.0001233646877185973,-0.0003059027779063967,-0.01695804845872558,1.0655173988372344,2.0851259454750712,0.6256552269805162
468,S100B,0.0010824024158601064,-0.00021770263687745047,0.001300105052737557,0.07207271747137776,0.9697404314815592,2.110977567393021,0.6645237859756701
182,STUM,0.01145406232300461,-0.00022797001889802906,0.01168203234190264,0.6476059874520055,1.0534071162158245,2.1059725124979853,0.6332706952823657
137,MERTK,0.01394068290995576,-0.0003060481823441278,0.014246731092299887,0.7897828123534697,1.138527720986188,2.1322188802870032,0.6003362674315103
887,ADAMTSL3,-0.017207017073156528,-0.00032398537977522564,-0.016883031693381303,-0.9359289626136208,0.7934331348305322,2.0477991382802747,0.7505686875679952
416,GHR,0.002500244140503316,-0.0003785376506646107,0.0028787817911679267,0.15958835500232132,1.0050842364154793,2.121837341575425,0.6586885570171102
100,TTN,0.018025827299747665,-0.00042693053299187097,0.018452757832739537,1.022948414088855,0.9064612630420497,2.1264419999783604,0.6994362575412917
187,ROBO2,0.010741976206932902,-0.0004821808263299055,0.011224157033262808,0.6222231788187864,0.7551175865048837,2.0937724639325883,0.7674809613292454
823,BNC2,-0.013847664809298887,-0.00048344695846666216,-0.013364217850832225,-0.740859744649734,1.0753001619330496,2.1577900710620774,0.6315893581248145
886,BBOX1,-0.017377210184925995,-0.000558379599580815,-0.016818830585345182,-0.9323699053581369,1.1748148448412783,2.192953005644941,0.5913361685293246
652,PEBP1,-0.0051122882932536085,-0.0005832669071009103,-0.004529021386152698,-0.25107115621056153,1.1138532119743447,2.2149764873565134,0.6129957472060132
282,SGCD,0.006512523468036546,-0.0006023935858285414,0.007114917053865088,0.39442305494909874,0.9824660120854543,2.1715954416639445,0.6728315695776876
606,PKM,-0.003587770533079404,-0.0006028474984377651,-0.002984923034641639,-0.165472408630783,1.1806443195683385,2.2232040137095384,0.5866877657996241
426,CDH10,0.0020962373489965547,-0.0006230821059985407,0.0027193194549950954,0.15074838943330024,1.1198710390579725,2.199526799224468,0.6156661062209474
919,ST6GAL1,-0.02059026209150705,-0.0006270612569845093,-0.019963200834522542,-1.1066814412737755,0.9289382025359811,2.176231092267418,0.6944911482543764
763,SNTB1,-0.01048015826469495,-0.0006280591941778269,-0.009852099070517123,-0.5461616746387196,1.1077315396741305,2.203101782942671,0.6201167045791711
151,SYT1,0.013014176293462576,-0.0006754446455247017,0.013689620938987278,0.7588988137138298,0.8777831757799265,2.182777372049158,0.7163485313025417
722,AEBP1,-0.008566866173703613,-0.0006936489724606711,-0.007873217201242943,-0.4364602366102186,1.0259810577936412,2.2211843443700747,0.6530511324300268
104,MYLK,0.017423308029901885,-0.0006937389604636493,0.018117046990365534,1.0043379236184484,1.1162213476622467,2.226618800921337,0.6168529324498071
37,ACTG1,0.029537841897855466,-0.0007358039034354486,0.030273645801290914,1.6782520120744808,1.117409678047459,2.2514938058408207,0.6147759865493028
580,STPG2,-0.002826204610705374,-0.0007553557960092623,-0.002070848814696112,-0.1147997242478674,1.0330472037596923,2.2124218322435976,0.6555236870734844
769,VCAN,-0.011016505393507403,-0.0007670409899916946,-0.010249464403515708,-0.5681900478981136,1.0541266484193326,2.224112960651772,0.646029077242607
953,FAP,-0.025712822088725273,-0.0008052005300106337,-0.02490762155871464,-1.3807807051478447,1.0756812013376562,2.229003286828446,0.6391059242409257
92,PPARGC1A,0.01847746283223639,-0.0008054496297766546,0.019282912462013045,1.0689689259907218,1.1635010488176718,2.250140896355405,0.6012263871031549
583,SNED1,-0.0028937880406294525,-0.0008080012999604083,-0.0020857867406690444,-0.11562782418947484,1.0120080235151196,2.2304767663081697,0.6639303728612402
620,NWD1,-0.004206928432327395,-0.0008195684348630645,-0.0033873599974643303,-0.18778193312688862,1.1393811922000172,2.2578439766366407,0.6102264860053408
455,PLOD2,0.0008970510350007066,-0.0008646367665760793,0.001761687801576786,0.09766105202688324,1.1812064838150407,2.2692743436601504,0.5946988428444269
327,UCHL1,0.0049011144744097734,-0.0009189884214922998,0.005820102895902074,0.32264364390203903,0.960210006652878,2.25772285601289,0.6863811690238355
912,GPC6,-0.020620022479337363,-0.0009478094427346469,-0.019672213036602715,-1.0905502207213025,0.855410574849845,2.211896157168093,0.7368212837503709
949,GREB1L,-0.025653200431364986,-0.000948993590808536,-0.02470420684055645,-1.3695041921610942,0.9478558000196252,2.2343804814592785,0.696963702897834
508,VAV3,-0.0011068720736635562,-0.0011194068187267326,1.2534745063176329e-05,0.0006948770313688838,1.053075768305416,2.298589953410718,0.655424784887746
272,TMEM108,0.006209767123913412,-0.0011362601434190527,0.007346027267332465,0.4072348974112989,1.1296543301646853,2.3148351436836863,0.6237760854514884
320,TF,0.004896015989610203,-0.0011720515835538176,0.0060680675731640205,0.33638983163475394,1.2096845219577261,2.353474336837462,0.5881712985856987
377,GLI3,0.002709676208620948,-0.0011921276597685162,0.003901803868389464,0.2163006806588648,1.2840965080818758,2.335894786755399,0.5632479477796459
615,RORB,-0.004540559089502572,-0.0012251565109084772,-0.0033154025785940944,-0.18379289646459437,1.2660455051950974,2.3428123414766846,0.5711601226387103
418,DLC1,0.0015783236371733622,-0.001251355734354415,0.002829679371527777,0.15686630972572327,1.2350440674993064,2.360326222907628,0.5819404608841856
618,SH3GL2,-0.004632056565404663,-0.0012668100532121566,-0.0033652465121925064,-0.18655604836246306,1.2587985648674647,2.354203916570341,0.574621699139551
217,TOX,0.008485951811074477,-0.0013077905359159124,0.009793742346990389,0.542926607104414,1.2007555668009853,2.3564343616390655,0.5994461477598655
350,PTPRG,0.0037095237743096643,-0.0013300135742692573,0.005039537348578921,0.2793721559236985,1.1252996662054695,2.3623652668282764,0.6293146078528336
118,KCND3,0.014794012585363392,-0.001340764391990925,0.016134776977354316,0.894448660209377,1.2455960980707819,2.378827108103186,0.5801602215408961
717,KCTD8,-0.009115344647761092,-0.001372314962542562,-0.00774302968521853,-0.4292431520823408,1.2148211077492028,2.3700827982691233,0.5955889625160716
461,CADPS2,0.00011003467890280394,-0.0013847657796795887,0.0014948004585823927,0.08286586603186004,1.3861785840090417,2.375441982588443,0.5284343783997627
79,LAMA2,0.01934257350469315,-0.0013868579178049696,0.02072943142249812,1.1491582554118398,0.9375458720705062,2.349100313707421,0.7084363564434775
337,CRYAB,0.004174914562883825,-0.0014764425445446055,0.00565135710742843,0.3132890402017172,1.0313187679325055,2.4111963326760035,0.6667985362476511
229,SLC35F1,0.007928158117056494,-0.0014964119334018697,0.009424570050458363,0.522461145047954,1.213135796329859,2.40317662649465,0.5982593215310059
740,GRM5,-0.010215015125134452,-0.0015284824669411917,-0.00868653265819326,-0.48154725094068107,1.0312876613492827,2.391306057146296,0.6733260805063792
248,HSPB8,0.006835444001615343,-0.0015360324981278993,0.008371476499743243,0.4640817750179675,1.1949134500996388,2.4317291539834844,0.6030066264464444
517,DPYSL3,-0.0018113121021818834,-0.001559838373214782,-0.0002514737289671014,-0.013940715776126197,1.2590114097850713,2.436574064324515,0.5785777865690831
191,PID1,0.009467240955645662,-0.001569288858353906,0.011036529813999567,0.6118218627594222,1.3036266737266697,2.418563444045563,0.5647314805657204
596,EFNA5,-0.004097773993565257,-0.0015923418803960934,-0.0025054321131691634,-0.13889131532558502,1.1496741356759148,2.412660006188613,0.6273365641380675
150,CPAMD8,0.01210905095604603,-0.0016085660820425005,0.01371761703808853,0.7604508074827768,0.9088164765435927,2.390520742858948,0.7262387498763723
54,MT1E,0.02392293165170567,-0.0017220528947352026,0.025644984546440874,1.421657212916461,1.1361527025351188,2.4888933367537396,0.6277321728810207
622,SHISA9,-0.005135096609329204,-0.0017340511422685883,-0.0034010454670606156,-0.188540601806469,0.8387634005517861,2.399587522119178,0.7597665908416575
319,SNAP25,0.004343488650747851,-0.001734935232069763,0.006078423882817614,0.3369639447636414,1.2479624259689814,2.4705399751294896,0.5878745920284838
963,COL21A1,-0.029031800609870317,-0.0017469198807785434,-0.027284880729091774,-1.51256661597256,1.2778463067440198,2.463607061585855,0.5780832756403916
484,BRINP3,-0.0010607443301843267,-0.001752644892392774,0.0006919005622084474,0.038356249468713625,1.3398999814387862,2.4566353817018864,0.5553357729205816
339,PEBP4,0.003761616228908582,-0.0017928276164596063,0.005554443845368188,0.307916549616445,1.2458253344589134,2.4771094158176448,0.5911383641578478
246,NTN1,0.0066553740572038445,-0.0018502178606716944,0.00850559191787554,0.47151660701039105,1.2702540374887716,2.494657021274648,0.5821382652556621
402,BRINP1,0.0013859568904288633,-0.00187154011371542,0.0032574970041442833,0.1805828388630555,1.357106185326419,2.487427701939004,0.5506873701908812
133,HSP90AB1,0.012629599158927973,-0.001907289568889475,0.014536888727817448,0.8058680119631367,1.3110312978475804,2.5217189949776326,0.5651270893086737
860,LAMA4,-0.017315469991523336,-0.0019448843273341464,-0.015370585664189189,-0.8520848954567841,1.4500698693683294,2.4948715551704,0.5175551379685491
540,ZFPM2,-0.002814356280154029,-0.0019458030671186577,-0.0008685532130353712,-0.048149178560720714,1.4174018420077128,2.4941307106656345,0.530511324300267
601,ZBTB7C,-0.0046499978740808245,-0.001961372221676237,-0.0026886256524045874,-0.1490468455791558,1.3247001862407761,2.5254330360002215,0.5624567302937395
129,UST,0.012987884032592767,-0.0019998233142879502,0.014987707346880718,0.8308596254440379,1.4147156346183192,2.5147040202657456,0.5314014439719118
563,ARHGAP42,-0.003514328264271005,-0.0020464838262085846,-0.0014678444380624204,-0.08137153013415883,1.53288056406819,2.4949986935492396,0.4913460587478983
506,DKK3,-0.0020195316035390154,-0.002091736210893039,7.22046073540236e-05,0.004002739820909464,1.5680183360894868,2.510290023112326,0.4777964593017505
910,RASL12,-0.021416303882845544,-0.0021130377713922915,-0.019303266111453252,-1.0700972523690608,1.5055132514221643,2.5275390724532705,0.500642864207299
747,NEGR1,-0.011162202388142473,-0.0021514172786215725,-0.0090107851095209,-0.4995225332186249,1.3592513998606248,2.547568696390025,0.5568193057066562
66,MMD2,0.02054032770786718,-0.002155011958300438,0.022695339666167616,1.2581404865956194,1.2638472402197427,2.5731598631217554,0.5900504401147265
371,COL5A3,0.0018801010321893852,-0.0021962012206530684,0.004076302252842454,0.22597418568479358,1.407114776446326,2.573100603649592,0.5365443576303036
216,PDZRN3,0.007586288836112676,-0.0022109292166489387,0.009797218052761614,0.5431192865802269,1.2887565306475568,2.5702114431953516,0.5842152111561665
880,SLC39A12,-0.018807762948153894,-0.0022332158948299256,-0.01657454705332397,-0.9188277858584836,1.4331644071649163,2.560043522810631,0.530808030857482
731,YAP1,-0.010451583280939425,-0.0022354172083480393,-0.008216166072591385,-0.4554719749768825,1.6169698041998117,2.518566495939763,0.4660270991988923
649,CADPS,-0.006716792430453755,-0.0022380750846169705,-0.004478717345836785,-0.24828249780351708,1.107689443582114,2.6030168752912535,0.651171990900999
308,TMEM178B,0.004066828329686412,-0.0022482768722389486,0.00631510520192536,0.3500846274399274,1.4688091620544597,2.557301742240842,0.5182474532687172
105,SHROOM3,0.015511276131100926,-0.00232309052912014,0.017834366660221066,0.9886672364487319,1.3753146847784288,2.593712342459333,0.5532588270200771
698,FSTL5,-0.009353632978145177,-0.0023580792874993007,-0.006995553690645875,-0.38780601893680344,1.3641311098173032,2.593006955367569,0.5598852734645436
691,LAMA1,-0.009032031049234002,-0.002359213815227189,-0.006672817234006813,-0.36991477744975404,1.5489374288513376,2.5711871148637897,0.4913460587478983
612,ST8SIA1,-0.005635901014934774,-0.0023595272957423925,-0.003276373719192382,-0.18162928979991236,1.4863861848303337,2.583276713601972,0.5137968549104935
363,THSD7A,0.0019329298918775994,-0.0024537490768531,0.0043866789687307,0.24318025169215587,1.594461737128554,2.5713613083180342,0.4792799920878251
602,IGFBP7,-0.005290506399719175,-0.0025425204237420965,-0.0027479859759770783,-0.1523375487579806,1.2943001596536996,2.6612405941791906,0.5869844723568391
946,SERPINI2,-0.026485485929397534,-0.002617649943809518,-0.023867835985588018,-1.3231390771232692,1.5923769758361184,2.6139524860666223,0.48293937296014244
440,GNAS,-0.00048196193994565206,-0.002633692800543116,0.002151730860597464,0.11928350717793168,1.6985442396535433,2.6092953651454565,0.44318069429334384
396,FRY,0.0006689752562870632,-0.0026674820499369015,0.0033364573062239647,0.18496008786401938,1.6173549685631314,2.623943416105399,0.4745326871723865
444,GRAMD1C,-0.0006288942383566587,-0.0026912400974849395,0.002062345859128281,0.11432835378974807,1.6760404270482347,2.6019220772904146,0.4567302937394916
487,DDAH1,-0.0021509984184430175,-0.0027323590554848495,0.000581360637041832,0.03222835020467704,1.5108704973926497,2.660493007740561,0.5139946592819702
534,STK33,-0.0034589391513934475,-0.0027339550224361603,-0.0007249841289572873,-0.04019027246109724,1.6738638538959032,2.6089596499757115,0.4590050440114727
628,FRMPD2,-0.006335539023952563,-0.0027561902060229265,-0.0035793488179296368,-0.19842503922506352,1.7083211010902146,2.6133546165875687,0.44614775986549304
201,ETV6,0.007890681922076537,-0.002817881557818337,0.010708563479894875,0.5936406974079923,1.6538371780229257,2.658981298751458,0.46355454455543466
322,CNTNAP3B,0.0030630970572531613,-0.002833404437607959,0.00589650149486112,0.326878882144049,1.5046484337705983,2.695189285725072,0.5167639204826426
819,NKAIN2,-0.016090916111133446,-0.0028489818632463928,-0.013241934247887053,-0.734080822017373,1.2927552340505406,2.720785696949986,0.5962812778162397
381,MEIS2,0.0008864963887298405,-0.0028677712129465266,0.003754267601676367,0.20812184953656057,1.2931070186159344,2.7038264667161975,0.6001384630600336
321,PALLD,0.0031280125692513816,-0.0028692038455482875,0.005997216414799669,0.33246212170965106,1.5611592139688182,2.6937917720191056,0.49708238552072004
603,NTNG1,-0.005645660582582757,-0.0028778588439366416,-0.002767801738646115,-0.1534360568064788,1.4899556801510307,2.7013813514872367,0.5241815844130155
573,GALNT18,-0.004814095418365749,-0.0028812833904189135,-0.0019328120279468357,-0.10714750698197105,1.5845099323008724,2.684439885884574,0.49025813470477697
134,ETNPPL,0.011545603350662459,-0.0028880860422162624,0.014433689392878722,0.8001470461884007,1.615655688979413,2.670920580526999,0.48076352487389973
284,ACSS3,0.0041838713329325206,-0.002909545029622906,0.007093416362555427,0.3932311410749563,1.6894812388163503,2.6457875804252637,0.4574226090396598
695,ARHGEF26,-0.009861061603837762,-0.0029269270799818156,-0.006934134523855946,-0.3844011815768862,1.8224411590352783,2.600433253316153,0.41410345168628226
121,PLXNA2,0.012684592155693453,-0.0030210243786798884,0.015705616534373343,0.8706576909398324,1.666479347341403,2.6968446151139194,0.46464246859855607
301,ALDH1L1,0.003499581250383854,-0.0030283456290260673,0.0065279268794099215,0.3618826253023554,1.7304636732347187,2.6824246281414053,0.4424883789931757
353,KLF12,0.001896625111642125,-0.003044329142860451,0.004940954254502576,0.27390709641034783,1.7184441325967188,2.6720529845339622,0.44990604292354863
109,FTH1,0.014294535442722967,-0.0030895169969616973,0.017384052439684664,0.963703584840945,1.4008917121909947,2.8172134909360054,0.5524676095341707
77,ANTXR1,0.018013544020846872,-0.0031160182239204134,0.021129562244767287,1.171339936533894,1.6510550359667895,2.723683059184467,0.4719612303431906
868,COL27A1,-0.01892123802100354,-0.0031232554965527,-0.01579798252445084,-0.875778098627505,1.687411353925344,2.7264531271462857,0.45771931559687473
415,EDNRB,-0.0002648535698721588,-0.0031535162106599325,0.0028886626407877737,0.16013611049448628,1.6453297011547918,2.734144456566078,0.47473049154386315
36,GAPDH,0.02821887839135173,-0.003162807602038232,0.03138168599338996,1.7396774080791577,1.462879586146203,2.8337550134296965,0.5299179111858372
744,ADGRA3,-0.01206073295311233,-0.003165745679747059,-0.008894987273365271,-0.4931031560217837,1.8215827581585722,2.6532452003554727,0.42013648501631884
533,GMPR,-0.003933076691706283,-0.0032226853126064445,-0.0007103913790998386,-0.039381307727522984,1.8076914381135862,2.6880134713294668,0.4232024527742063
106,EGLN3,0.01441692225597846,-0.0033624214484198494,0.01777934370439831,0.9856169799013065,1.4375102060886347,2.8369533848280692,0.5514785876767876
450,DNAH7,-0.0015013400891324968,-0.003413886802851397,0.0019125467137189002,0.10602407756083049,1.7003500640646247,2.7659581499406944,0.4637523489269113
617,C1orf21,-0.0068533291989436584,-0.00348995405703241,-0.0033633751419112484,-0.18645230694458192,1.8171882282246454,2.732935911716145,0.42824646424685986
382,ATP2B2,0.00016055020617106175,-0.0035834204579066505,0.003743970664077712,0.2075510277611928,1.8767911439789633,2.7488147058472427,0.4079715161705074
625,SDC4,-0.0070211964977417995,-0.0035852755421669482,-0.0034359209555748513,-0.19047396190307822,1.849580174210942,2.752195193156754,0.4181584413015528
843,LGR6,-0.01805317624907299,-0.003585701404332709,-0.014467474844740279,-0.8020199789345152,1.513696756182796,2.85959836055143,0.5315003461576501
408,MED12L,-0.00047647897581487575,-0.0035886718900767153,0.0031121929142618396,0.1725277508565273,1.817175226421494,2.7599850472942142,0.42972999703293446
945,DLGAP1,-0.027280151821970744,-0.0036164459300642086,-0.023663705891906535,-1.311822906527414,1.3343262306339898,2.898004064318505,0.5970724953021462
403,WLS,-0.00041113597825004344,-0.003622254204315112,0.0032111182260650684,0.17801178157646735,1.954666212283264,2.6975993601797925,0.38848778558006136
171,TNR,0.00840621816186371,-0.0036581626924545845,0.012064380854318294,0.668801887162502,1.5489803525927386,2.879132209085008,0.5188408663831471
173,SFMBT2,0.008339136906951095,-0.003705959024704523,0.012045095931655618,0.6677328067988824,1.9363780594320705,2.7305387394474026,0.39521313421026605
725,CDH23,-0.011754787729417071,-0.00375200310573789,-0.00800278462367918,-0.44364294558521916,1.7368432702451435,2.84382395820523,0.4570270002967065
368,SERPINE2,0.0004990969205499463,-0.00376444119557852,0.004263538116128466,0.23635380650597834,1.9525942109254577,2.7381632221131236,0.39115814459499554
453,PHF21B,-0.002022651357460825,-0.0038305829490180967,0.0018079315915572715,0.10022462610349447,1.9607232454425876,2.7479675809388677,0.39036692710908916
523,TCF7L1,-0.004401260531623263,-0.003861876947729155,-0.0005393835838941085,-0.02990130725885794,1.9220653626759845,2.7851581129805782,0.40114726535456435
467,LGI1,-0.002578795721800642,-0.0038862499031606266,0.0013074541813599848,0.0724801242957338,1.8645157840261963,2.81023808133161,0.42092770250222533
99,TENM4,0.014618548054947,-0.0038961521074552074,0.018514700162402208,1.0263822535435179,1.4636890690300264,2.9704239958917795,0.5513796854910493
736,RBPMS,-0.012518237973725754,-0.003951732389944067,-0.008566505583781688,-0.47489342138685686,1.7453464963836895,2.891261865659565,0.45791711996835127
218,TPST1,0.005825002983746108,-0.003967672555977814,0.009792675539723922,0.5428674674998486,1.5943169053188566,2.964881159848223,0.5055879734942142
631,PCSK5,-0.007737192142158844,-0.0040782855360525705,-0.0036589066061062736,-0.20283541050839085,1.9769301210789187,2.78900336927683,0.39224606863811695
960,PRRX1,-0.030769036441759767,-0.0041498583056260785,-0.026619178136133688,-1.4756626790166922,1.9184738886068617,2.8498226016429795,0.4092572445851054
630,CHL1,-0.007810279502613482,-0.004157970083919349,-0.0036523094186941326,-0.20246968835120072,2.02357827477068,2.786466983269557,0.37928988230639893
120,TOGARAM2,0.011850047908095851,-0.004214193002732137,0.01606424091082799,0.8905384177381324,1.8963069303568976,2.877692545730507,0.41716941944416974
116,ZNRF3,0.012177605922029211,-0.004222042696661992,0.016399648618691202,0.9091321036219356,2.001234439490423,2.825252270746245,0.3854218178221739
989,DGKB,-0.046875643891851226,-0.004272151019180849,-0.04260349287267038,-2.3617703035922757,1.7583678456744496,2.9449251721240315,0.4633567401839581
797,BOC,-0.016324716149999863,-0.0043403178704402,-0.011984398279559664,-0.6643679673795785,1.9702045253687315,2.874505003040667,0.396498862624864
885,TMTC1,-0.0210621566508159,-0.004412913301041331,-0.016649243349774568,-0.9229686551358596,1.9382391798681742,2.905813383992565,0.40816932054198396
250,FTL,0.0038598660532451756,-0.004445992660441151,0.008305858713686326,0.46044418269754744,1.7505758232061426,3.0656516070931787,0.4567302937394916
429,CHST11,-0.0018376339859447754,-0.004485985041956281,0.0026483510560115055,0.14681418014877345,1.8105455354577527,2.98647662152162,0.44901592325190387
785,EYA1,-0.015537185974001999,-0.004491827564964369,-0.01104535840903763,-0.6123112853906995,1.8809640312266729,2.9388745154174107,0.42982889921867273
593,PRICKLE2,-0.006828030109979011,-0.004497009502577774,-0.0023310206074012366,-0.12922262651270733,1.9932051800927542,2.8949339123509894,0.3936306992384532
52,ALDH1A1,0.021789114628836648,-0.004771873212956259,0.026560987841792907,1.472436837662743,1.767858953419432,3.0789909346681297,0.46760953417070517
737,BAALC,-0.013377394890690897,-0.004776194413558799,-0.008601200477132098,-0.47681676999693906,2.0440763479985526,2.9491290374488575,0.3816635347641183
637,CACHD1,-0.00874713414338335,-0.004811185625445245,-0.0039359485179381055,-0.21819352591386698,2.2246805374104155,2.8157271772388492,0.3355751162100682
390,EGFR,-0.0013948632303897868,-0.004947511087911466,0.0035526478575216795,0.19694484285812747,2.1487510014636206,2.899528154481102,0.35950944515873806
20,TIMP3,0.0362498523510405,-0.004951716696886605,0.04120156904792711,2.284053153332487,1.8683990568928355,3.1115935175925036,0.433784986648205
553,BMPR1B,-0.006288995676938192,-0.005022366549588561,-0.0012666291273496309,-0.07021694365717987,2.219549884936871,2.861972054228443,0.3426960735832262
360,SOX6,-0.0004340516873747591,-0.005122791524752286,0.004688739837377527,0.25992531979207684,2.203668907763994,2.8877244390966403,0.35070715062802893
858,AGBL4,-0.020221801239516113,-0.005149962849371526,-0.015071838390144587,-0.8355235200262193,1.8356474248609895,3.1226509273478555,0.45682919592522997
914,WDR49,-0.02498896795939498,-0.005183085420416704,-0.019805882538978276,-1.0979603328956746,2.1144305159031065,2.970189503235395,0.37543269706260507
489,IQCA1,-0.004674973648471581,-0.005201475638386195,0.0005265019899146142,0.029187202285947962,2.2941960452126975,2.855086381734676,0.3255859954504995
935,NPAS2,-0.027444835682548407,-0.005202707654607875,-0.02224212802794053,-1.2330162135317604,2.12578720200478,2.990324780193898,0.36880625061813865
199,CACNA1C,0.005397627312860531,-0.0053326137592402695,0.0107302410721008,0.5948424179729787,2.038133678296947,3.087903730126312,0.3946197210958362
776,EYA2,-0.015780175342587577,-0.005333105133831894,-0.010447070208755682,-0.5791445375693722,2.3749892627710407,2.82312253866444,0.3073879932746514
992,RANBP3L,-0.05196763041690222,-0.005346969545857576,-0.04662066087104465,-2.584466318481416,1.9036388076585309,3.1513020985559015,0.4374443675205222
898,COLEC12,-0.02345543531628419,-0.005347776929517588,-0.018107658386766604,-1.0038174563122013,1.8538080516791013,3.1851812010142524,0.45129067352388486
510,ANKFN1,-0.005390799052807482,-0.005357628012713482,-3.317104009400041e-05,-0.001838872171054729,2.3566398866351954,2.840010852487966,0.3132232222332113
732,RNF19A,-0.013607853286203286,-0.005388717866951296,-0.00821913541925199,-0.45563658389251877,2.1864140209996514,2.989734380671793,0.35654237958658885
253,CDHR3,0.002776363080995936,-0.0054124311925936594,0.008188794273589595,0.4539545899532756,2.379008929899632,2.8484604258137747,0.30639897141726835
749,SLC24A4,-0.014559092774772686,-0.005430203616333601,-0.009128889158439086,-0.5060697577925029,2.2299896330385325,2.9628146788731815,0.34655325882702004
719,FLRT2,-0.013335567311233032,-0.005515016695016424,-0.007820550616216608,-0.4335406080042128,2.124506818639873,3.0537328795433716,0.37770744733458606
261,SLC25A18,0.002248190436486164,-0.005593873742653378,0.007842064179139543,0.4347332354300367,2.3357435960654085,2.943252888376005,0.3184650380773415
166,SHISA6,0.006753583882227021,-0.00565208249730208,0.012405666379529102,0.687721416152714,2.0165952957704234,3.1616276839696082,0.41014736425675
391,WWC1,-0.002137237563204275,-0.005680723603481432,0.003543486040277157,0.19643694769657996,2.479735894251687,2.8291377307691414,0.2866185342696074
938,CD44,-0.028340796265320656,-0.005683079925536229,-0.022657716339784428,-1.2560547971607239,1.7246623101098286,3.337962467600853,0.49658787459202847
344,KCNMA1,-0.0004644538282225774,-0.005876885732587772,0.005412431904365194,0.30004396541263845,2.4390520217451632,2.8926470099889716,0.30382751458807244
865,STK32A,-0.021490430851006326,-0.005886203731002883,-0.015604227120003443,-0.8650370600522872,2.3588658287864663,2.966730467409759,0.3233112451785184
565,MGST1,-0.0074289015858902685,-0.0059276632417867075,-0.001501238344103561,-0.08322275711793298,2.3500277582328004,3.001187139334519,0.32350904954999504
640,CSGALNACT1,-0.010088060746917538,-0.0059766652544017435,-0.004111395492515794,-0.227919617050364,2.3233186189955486,3.0175773732846025,0.33419048560973197
810,RGMA,-0.018630174073342498,-0.006017418305203393,-0.012612755768139104,-0.6992016384356607,2.5679857782131434,2.82484482777898,0.27336564138067454
947,SLC7A11,-0.030101225563257228,-0.0060657049692248175,-0.02403552059403241,-1.3324348531709536,2.3818050905023496,3.005595913439505,0.3187617446345564
138,MCC,0.008034106748032621,-0.006107882855932696,0.014141989603965316,0.7839763556518565,2.516348044595609,2.8872482312447794,0.28859657798437344
705,MRAS,-0.013466212818150303,-0.006158796822212279,-0.007307415995938023,-0.405094440185506,2.2726604268800235,3.122766950319595,0.3474433784986648
482,PDZRN4,-0.005457784957595857,-0.006177676676446626,0.0007198917188507691,0.039907969247150926,1.6704305001760786,3.456018552983329,0.5281376718425477
13,ANGPTL4,0.04362142463980362,-0.0061819384110147185,0.04980336305081834,2.7609028260662165,1.5068853468975798,3.609296395737362,0.5666106220947482
621,ACSBG1,-0.009594149995002632,-0.006196595037770146,-0.0033975549572324865,-0.1883471016518899,2.75393109058232,2.6783772947837985,0.23617841954307195
786,AQP1,-0.017269522532687764,-0.006213312832952974,-0.01105620969973479,-0.6129128383244178,2.2151677877987406,3.189279804729394,0.36208090198793397
192,PDE7B,0.004739271397502853,-0.006255954549370366,0.01099522594687322,0.6095321386024363,2.404584626234652,3.0234175712326588,0.3184650380773415
249,NHSL1,0.0020333586134866355,-0.00628077660170313,0.008314135215189766,0.4609029994318204,2.524611914961224,2.917254193627145,0.2908713282563544
505,PLXDC2,-0.0062050968442638466,-0.0062917158915030144,8.661904723916789e-05,0.004801819749998762,2.5761272783615676,2.8790083194436775,0.27781623973889824
425,TENM2,-0.0035917153148461445,-0.006352733600825226,0.002761018285979081,0.15306000883518422,1.9287700086368427,3.383270633922449,0.4500049451092869
29,MAP1B,0.027433380773632776,-0.006388758810693838,0.033822139584326616,1.8749665693597983,2.5188573398181218,3.0122629422365392,0.28375037088319655
495,PAMR1,-0.005982246270662628,-0.006395167270032276,0.00041292099936964845,0.022890718302265585,2.4918382488400663,2.9891759262582216,0.29858569874394225
186,CARMIL1,0.004843803688503401,-0.0064172042936115736,0.011261007982114974,0.6242660506771658,2.5725550082527495,2.900513977459579,0.283255859954505
571,ARHGEF4,-0.008165078329303577,-0.006447744139775779,-0.001717334189527798,-0.09520226199040847,2.6858641171808912,2.8150130451123623,0.25516763920482644
857,ADCY8,-0.021559903322017515,-0.006534862502129084,-0.015025040819888431,-0.8329292465463056,2.5312456704940365,2.9823083385103715,0.2928493719711206
531,RGS7,-0.007280054620270482,-0.006587496922817479,-0.0006925576974530032,-0.03839267846552571,2.411520907739805,3.1023542411625,0.32271783206408866
967,UTRN,-0.03581731304696334,-0.006641324618360115,-0.029175988428603222,-1.6174021987955345,2.7508027470547547,2.78063603315546,0.24735436653150034
48,FRMD4A,0.020868373074507396,-0.006729521127232593,0.02759789420173999,1.5299188534178396,2.3232881418837095,3.2345347599869196,0.3436850954406092
700,MACROD2,-0.013874864639628115,-0.006764024188885701,-0.007110840450742414,-0.39419706408437244,2.073112508695496,3.4032421496887633,0.41529027791514195
674,GJA1,-0.01270087370157369,-0.006800670235710452,-0.0059002034658632374,-0.32708410487552075,2.4705074415959314,3.1136812013948507,0.3107506675897538
266,ACACB,0.0007368968370949913,-0.00683060527802297,0.007567502115117961,0.4195125930466244,2.6782421291306497,2.9276407012550694,0.26258530313519923
307,GABRB1,-0.0005039743867862878,-0.006835115369444015,0.006331140982657728,0.3509735881371598,2.502881783065755,3.083787577921952,0.30521214518840867
356,LUZP2,-0.0021695580730363706,-0.007008561131921244,0.004839003058884873,0.26825532257703194,2.309889912750743,3.3022980966328515,0.3545643358718228
431,SPON1,-0.004434544152891684,-0.007018664432705405,0.0025841202798137213,0.14325347820693993,2.7096695719847883,2.9286537850577936,0.2615962812778162
470,DGKG,-0.005917972881620548,-0.007073210263502882,0.0011552373818823338,0.06404182282151849,2.5741095109574794,3.090384670279958,0.29077242607061615
567,ABLIM1,-0.008648682694881393,-0.007073759515345043,-0.00157492317953635,-0.08730755496937583,3.0663474649450744,2.545106639735671,0.1898921966175452
897,HIF3A,-0.02524863994548765,-0.007178007764598028,-0.018070632180889622,-1.0017648688927543,2.88042598906006,2.7915053554534275,0.22757392938383936
46,MT2A,0.02115074746682971,-0.007209708604836258,0.02836045607166597,1.5721922882375066,2.0275960471221772,3.642223592100711,0.42013648501631884
720,CHI3L1,-0.015139411519058954,-0.007296560153845912,-0.007842851365213042,-0.43477687393398184,1.5512637702843521,3.8636598698666598,0.5745227969538127
312,PTPRZ1,-0.0011125627532913018,-0.007320673792214362,0.00620811103892306,0.34415329130296374,2.90521712090121,2.79383962416785,0.22618929878350313
841,PRKG1,-0.02177227120766473,-0.007327611757606474,-0.014444659450058255,-0.8007551830694017,1.8513027549877168,3.645058483801003,0.4957966571061221
501,LPIN1,-0.00709761183779356,-0.007332373348911168,0.00023476151111760744,0.013014256062081817,2.944473272063032,2.7532055117244703,0.21837602611017704
954,PCDH7,-0.03302663995276345,-0.0073563592743154825,-0.025670280678447965,-1.4230595311148457,2.719003120971486,3.008953842749855,0.26505785777865687
175,NTRK3,0.004615664817728182,-0.00737228543375908,0.011987950251487262,0.6645648747515365,3.148237842997844,2.519972596072334,0.18029868460092968
214,NRCAM,0.00242721123724976,-0.0074291926553567336,0.009856403892606494,0.5464003170665436,3.1053985107467836,2.5814999821806524,0.19018890317476012
511,KCNN3,-0.007476467648548368,-0.007442855402332216,-3.3612246216152206e-05,-0.0018633309054635612,3.035884465328972,2.6841293847921737,0.20096924142023542
154,SLC6A11,0.005985209817214621,-0.007445584212140356,0.013430794029354976,0.7445504664840122,2.6378318247163266,3.1255380327627877,0.28266244684007513
478,EFEMP1,-0.006601147020112219,-0.007459062683698332,0.000857915663586113,0.047559474602236716,2.694250077199342,3.0603121070524075,0.2723766195232915
304,RALYL,-0.0011204691151753265,-0.0075270562722560596,0.006406587157080733,0.3551560277038978,1.9940685625260217,3.627683193409842,0.45504895658194044
646,CPE,-0.01195216664543547,-0.007608041436703413,-0.004344125208732056,-0.24082123838375522,2.897735442979076,2.8779374425768847,0.23251903867075463
597,AQP4,-0.01016256793542386,-0.007656267441999545,-0.0025063004934243157,-0.13893945491604004,2.7828958721021513,3.0203372402200586,0.2564533676194244
198,CAMK2G,0.0030654081597591976,-0.007696939757677332,0.01076234791743653,0.5966222953666606,3.0545064279353364,2.7365802331706632,0.20037582830580558
851,TPD52L1,-0.02265814372686198,-0.007930144133659525,-0.014727999593202454,-0.8164624476801593,2.3623302744413963,3.4830948989888766,0.35990505390169125
263,DCLK2,-0.0001795166938636239,-0.007947062277525906,0.007767545583662282,0.4306022171966351,3.1686550922531116,2.6593894939100284,0.183958065473247
279,NKAIN3,-0.0009030664707267433,-0.008079984820702539,0.007176918349975796,0.3978601632720277,2.7360268018523004,3.1832433855261666,0.27326673919493616
16,HSP90AA1,0.0387091549956316,-0.00812092956250711,0.04683008455813871,2.5960759451034816,2.4599124813024047,3.528324521282941,0.32578379982197603
980,DCLK1,-0.04194269966752873,-0.008131579854302764,-0.03381111981322596,-1.8743556765342804,2.1786635014305418,3.7024241244221923,0.4071802986846009
503,ATP1A2,-0.008069615298439858,-0.00821525966323586,0.00014564436479600103,0.008073951511177863,3.435843191331581,2.3637495576024286,0.14548511522104635
144,AHCYL1,0.005554618213580553,-0.008309757525308933,0.013864375738889486,0.768586533405095,3.4302723469665133,2.402795200083279,0.14686974582138268
160,MGAT4C,0.004805513295748076,-0.008319612138542942,0.013125125434291018,0.7276054002022302,2.9015482419419985,3.058587993694191,0.24409059440213632
225,FAT3,0.0011531042631303112,-0.008325355748230494,0.009478460011360806,0.5254485928072616,3.063050169448729,2.8660068151107865,0.2136287211947384
437,RFX4,-0.006354923760330922,-0.008584317737905965,0.002229393977575043,0.12358884533201817,3.439511667740531,2.4615638312002037,0.1501335179507467
78,SPARCL1,0.01209184348368647,-0.008677450144223919,0.02076929362791039,1.151368059506067,3.151445583483403,2.8787440835914744,0.19839778459103952
833,LRMDA,-0.022905950482872084,-0.008837037994537405,-0.01406891248833468,-0.7799252473991968,2.9181845798687163,3.172437126708349,0.2500247255464346
663,SAMD4A,-0.014151567623751138,-0.008864705505909298,-0.00528686211784184,-0.29308286967042724,3.0581885918620255,3.064956868826716,0.21501335179507464
93,SLC4A4,0.01015748058326682,-0.00891775108174768,0.0190752316650145,1.0574559183496937,3.0457210776687216,3.057900454677007,0.22431015725447534
991,TSHZ2,-0.05513372153395851,-0.00892428252377533,-0.04620943901018318,-2.561669793744037,3.07462260087338,3.030076915306692,0.21807931955296211
614,LRRC4C,-0.01234053560341064,-0.009028640251518734,-0.0033118953518919067,-0.18359846959217926,2.738565872146931,3.4411846914829285,0.286816338641084
853,KALRN,-0.023867921872441022,-0.009069744799448679,-0.014798177072992344,-0.8203528115112204,3.541385699752786,2.435992339038627,0.1441993868064484
445,APOE,-0.007179138457515388,-0.009235952099314703,0.0020568136417993144,0.11402166939089793,3.143173022561008,3.1043676764295807,0.19780437147660968
903,KCND2,-0.027969113781733335,-0.009324534339029626,-0.01864457944270371,-1.0335822506936292,2.9208564580375986,3.308518903575713,0.25585995450499455
959,PLEKHA5,-0.035858894748640735,-0.009380858776105085,-0.02647803597253565,-1.467838311855838,3.2723413609724177,2.9227885638773063,0.18662842448818118
291,GRID2,-0.002561493804859094,-0.009432142869771412,0.006870649064912318,0.3808817970961086,2.5964030847591983,3.6702386619478586,0.3285530610226486
847,FMN2,-0.02403749733768551,-0.009435819547447408,-0.014601677790238101,-0.8094596631002868,3.6471968183522607,2.369096812966644,0.1363861141331223
541,KIAA1217,-0.010358384444388802,-0.009483487075648316,-0.0008748973687404855,-0.04850087363395064,2.8536673032126494,3.446723572913882,0.2686183364652359
734,TNIK,-0.018141710834571556,-0.009616204170041671,-0.008525506664529885,-0.47262060234223807,3.468951968111037,2.6764994792704115,0.16546335674018398
738,GLIS3,-0.018317235313797586,-0.009669093576904618,-0.008648141736892968,-0.4794190090585995,3.5223215011071147,2.6415168713621604,0.15369399663732564
200,CABLES1,0.0008879203850694628,-0.009826972378664669,0.010714892763734132,0.5939915680433939,2.850103308199567,3.5356030340741107,0.2760360003956087
220,CACNB2,-0.0001144241533688195,-0.00985716514269797,0.009742740989329151,0.5400992921627213,3.1013029063038227,3.251990291212378,0.22727722282662444
907,PARD3,-0.02891720199103076,-0.009868276893855464,-0.019048925097175297,-1.0559975855576442,3.744180264220533,2.3539284433323164,0.12738601523093662
103,TNC,0.008128041699333455,-0.010021064250945247,0.0181491059502787,1.0061151464323916,2.91434294067493,3.5383682216468735,0.2622885965779844
869,CACNA2D3,-0.025912303613363497,-0.01010642206589991,-0.015805881547463586,-0.8762159894369429,2.8969760515386356,3.5715294002050975,0.2687172386509742
802,PLCB1,-0.022351892799933992,-0.010110059980234962,-0.01224183281969903,-0.6786391271137634,3.6891099025422562,2.5075411827725755,0.1378696469191969
957,LHFPL6,-0.03635209841007375,-0.010155250928320645,-0.026196847481753105,-1.4522503264005855,3.494477579616618,2.816954582582831,0.16477104144001586
297,NTRK2,-0.0035191043925681953,-0.010181549653805497,0.006662445261237302,0.3693397960192427,3.743114862061098,2.4507485581576773,0.13064978736030064
409,SLC14A1,-0.007097512453448029,-0.010197987256767814,0.0031004748033197846,0.17187814481319513,3.3894616842827876,2.9886595338197246,0.17960636930076157
845,NEBL,-0.024781005983648963,-0.010255006002286626,-0.014525999981362336,-0.8052643826293194,3.8948829152934894,2.2259314165351185,0.11353970922757395
632,ADCY2,-0.014129836610039637,-0.010346755245292815,-0.003783081364746822,-0.20971917138427706,4.093426666876137,1.9459558099070975,0.08851745623578278
330,RGS6,-0.00472046494562034,-0.010492611404016444,0.005772146458396105,0.3199851273736834,3.3085893848867336,3.1691320210383047,0.19889229551973098
850,CNTN1,-0.025295105551430053,-0.01059573348497669,-0.014699372066453362,-0.814875450042586,3.67557636813528,2.6547838553581418,0.14805657205024236
497,GFAP,-0.010331379966029064,-0.010725525014130672,0.000394145048101608,0.021849853313587627,3.5419515607817487,2.979474129640245,0.15369399663732564
332,SORBS1,-0.005164117159638493,-0.010915696211063274,0.005751579051424781,0.31884495111743255,4.436502533845476,1.5363312367513515,0.05785777865690833
436,SLC1A2,-0.008762386524473087,-0.011082156580595342,0.002319770056122255,0.12859894014057907,3.6348081502226783,2.885139842358063,0.1549797250519237
219,RYR3,-0.0014098585188419,-0.011158361100601717,0.009748502581759817,0.5404186922162525,4.123994275497447,2.1300838820850814,0.09514390268024919
518,SOX5,-0.011584257558545918,-0.011308107927693578,-0.0002761496308523407,-0.015308650852742883,4.091282047060857,2.209992245944811,0.1036494906537434
688,GPM6A,-0.017931921034259113,-0.011377902733181323,-0.006554018301077789,-0.36332903123573396,4.0907348988235555,2.2436791766307884,0.10246266442488383
407,NRXN1,-0.009020715688540903,-0.012142027428855968,0.0031213117403150643,0.17303326275529335,4.121713141384551,2.424916796242851,0.10651765404015434
111,PITPNC1,0.0049869705331495595,-0.012154217011692786,0.017141187544842347,0.9502401090142576,4.669266028200862,1.495997754155951,0.04915438631193747
365,DTNA,-0.008333622954999231,-0.012678419898040135,0.004344796943040904,0.240858476695348,4.931996921587592,1.1582705992385556,0.035110275937098256
974,CTNNA2,-0.044632434942056654,-0.012728396753225842,-0.03190403818883081,-1.7686345620593613,3.7984084960455657,3.107391871670055,0.15408960538027894
708,CTNND2,-0.020245292318803787,-0.01283105459473089,-0.007414237724072898,-0.41101621721072246,4.797716694115347,1.453332046695273,0.047374146968648057
141,RORA,0.0006713133582822439,-0.013260171777025547,0.013931485135307791,0.7723068147450889,4.90150371884291,1.3946132016689852,0.042824646424685975
242,GPC5,-0.0054412333771219346,-0.014275568768071357,0.008834335390949423,0.4897408538937668,4.790245946968809,1.9093595383767443,0.06181386608644046
386,HPSE2,-0.01108460607116718,-0.014727305711845403,0.0036426996406782233,0.2019369600040221,4.669277332499576,2.2561440419751406,0.07842943329047569
140,TRPM3,-0.0016904445219002029,-0.01565739442440122,0.013966949902501018,0.7742728421370473,5.315541935753188,1.349490377785262,0.034714667194144955
107,NRG3,0.0019217394716879443,-0.015693323804626937,0.01761506327631488,0.9765099182416329,5.4498864458041,1.0980293134243482,0.026604687963604046
526,DPP10,-0.01911073721889356,-0.018521629086571227,-0.0005891081323223316,-0.0326578409118216,2.451107994686613,6.414532264605374,0.47888438334487193
