method,gene,A1BG,ACMSD,ADAMTS20,ALAS1,ANK2,ANXA1,ARHGAP27,ASH1L,BAG3,BAP1,BARX1,BCKDK,BICD1,BIN3,BMP4,BORCS7,BST1,CA8,CACNA1B,CAMK2D,CARS2,CCDC62,CCDC82,CCNT2,CD38,CERS6,CFAP20DC,CLEC19A,CNKSR3,CNNM2,COL13A1,COL5A2,COQ7,CRHR1,CTNND1,CTSB,CYP17A1,CYP1B1,DCUN1D1,DDRGK1,DGKQ,DLG2,DMRT2,DNAH1,DPH6,DYRK1A,ELOVL7,FAM171A1,FAM200B,FAM47E,FGF10,FGF20,FNDC3B,FYN,GAK,GALC,GCH1,GPNMB,GPR65,GPRIN3,H2BC13,HASPIN,HIP1R,HLA-DQA1,HLA-DQB1,HLA-DRA,HLA-DRB1,HLA-DRB5,HSD17B1,HYCC1,IGSF11,IGSF9B,IL1R2,INO80C,INPP5F,ISM1,ITGA8,ITIH3,ITIH4,ITPKB,KANSL1,KAT8,KLHL7,LAMP3,LDLRAD4,LRRC37A3,LRRK2,LSM7,MANEA,MAPT,MCCC1,MDGA2,MED12L,MICU3,MMRN1,MRPS30,MUC12,MYLK2,NAA11,NCKIPSD,NDUFAF2,NGEF,NISCH,NSF,NUCKS1,NUP42,OGFOD2,OR9Q1,PAQR3,PARP9,PDE10A,PDLIM2,PHF7,PKP2,PLEKHM1,PLEKHN1,PM20D1,PRAG1,PRDM15,PRDM2,PRICKLE1,PRSS53,PTPDC1,RAB25,RAB29,RAI1,REDIC1,RERE,RIT2,SATB1,SCARB2,SCN3A,SEMA5A,SETD1A,SFXN2,SH3GL2,SIPA1L2,SLC2A13,SLC39A8,SLC41A1,SLC45A3,SMARCA2,SNCA,SORBS3,SPPL2B,SPPL2C,SPTSSB,SREBF1,STAB1,STAP1,STBD1,STH,STK39,STX1B,SV2C,SYT10,SYT11,SYT17,SYT4,TAS1R2,TBC1D5,TEKT4,TIAL1,TLR9,TMC3,TMEM163,TMEM175,TMEM229B,TOX3,TPM1,TRPM2,TSHZ2,UNC13B,USP25,VPS13C,WDR41,WNT3,WNT9A,ZDHHC2,ZFP64,ZNF184,ZNF396,ZNF608,ZNF646
attention_zero_shot,CCL4,0.0,0.5470201487952518,0.13743162173517703,0.8013151540541017,0.6725573630880519,0.6636038249488088,0.32458947646148845,0.12191167290585161,0.8785084951419556,0.6180885913318309,0.1361006114562691,0.5147984505032033,0.6327182627657973,0.7736392334350689,0.8492676207716877,0.7398242502981707,0.0,0.7908675172238376,0.5606334603174812,0.7293895621075129,0.14008110272329413,0.6682142219760691,0.0,0.7459962397855163,0.27592665013355383,0.6415139410242108,0.0,0.720766451614941,0.7969360002327186,0.12071189327337543,0.6634860391404855,0.14604100014959126,0.6389709365364367,0.5777437526945609,0.8285379574133157,0.5707106493704384,0.09949810902840671,0.3611378443245424,0.8313666754104699,0.7041933836476768,0.5113287306536459,0.7956632134982308,0.6249118433409312,0.14835152745348193,0.1195212557821144,0.6130454021264519,0.686045692491182,0.7477083639254989,0.0,0.8373714141247197,0.8082525270099423,0.49002930474170786,0.8881294533467721,0.7493390761349682,0.6070992871171922,0.0,0.5445195949139733,0.8139999517635608,0.0,0.0,0.6717262119535194,0.539344347068775,0.5513666144945567,0.6564757419883741,0.6901411646544445,0.5863705695939971,0.5556509647644032,0.6920973728200928,0.47165037227570583,0.7809046318300384,0.7813820827643101,0.0,0.6458832359966791,0.7687326669317073,0.5791237576475302,0.0,0.16953361977163908,0.7610070613112572,0.7610070613112572,0.6297085263876544,0.8780680501693178,0.42161624896436267,0.7769342730477924,0.0,0.7170929780213585,0.0,0.8369131802292182,0.849560364719612,0.0,0.7949984573405017,0.577861018930481,0.0,0.7153366273071986,0.2913915493131174,0.6802961323419469,0.19482746346935606,0.0,0.5846033733208529,0.6724470510091773,0.8494763078446036,0.7962467885932235,0.8273037210752775,0.8091486461414623,0.6179953060574658,0.6358913962373037,0.6642778001277441,0.6624650298214156,0.06896653603166887,0.6576215558205961,0.5930732811507173,0.11595606623059398,0.6925043116508109,0.7126170653094407,0.8382325973670071,0.8128197826746933,0.8290797569486139,0.1332049869634307,0.7500620580763998,0.15686298028155907,0.5057677557045699,0.7803301624267825,0.6398480002578774,0.6918594002385365,0.7022061667431823,0.6159845147424382,0.7165556709073927,0.7469804373752965,0.6751104667879676,0.5717391916447576,0.6181477169324257,0.5888011138835697,0.0,0.29271291852228487,0.6811726991815952,0.7282730528826701,0.8804418022224476,0.8238377983053187,0.6045866374875929,0.0,0.7454774445769647,0.0,0.6454645748502763,0.8671751655366697,0.938416735751762,0.7210209562435733,0.6215644705994395,0.676410743129756,0.5177653130571012,0.5959613965854931,0.7535069635818531,0.720190417737077,0.8265495001987805,0.49316834543914606,0.8472882177409704,0.7174053336224685,0.37378003078972405,0.7435053594795831,0.89380241510465,0.7320258909594014,0.0,0.875049143424407,0.943745783848253,0.760590498004001,0.33338068075362387,0.0,0.7489984183902674,0.5476717711234953,0.8859503562950886,0.6720756594818317,0.8174597982459898,0.11385212019008238,0.7527707326103933,0.5923130743064979,0.6719889246856432,0.0,0.8091943657752153,0.8939066632049674,0.9111848274625935,0.19550326378613864,0.8118105231281888,0.1700808927597825,0.6798643368434125,0.17491297311749804,0.7005251739406436
attention_zero_shot,ITGA4,0.0,0.5553312503233149,0.18791005728613405,0.7734723199516845,0.5886693078938107,0.639784301478108,0.1922768883609229,0.16226168933235305,0.8829279252990397,0.5834580117051866,0.12964842589300032,0.5093867135633615,0.5575752256837818,0.7347574156864766,0.5996694023888692,0.6780594481467465,0.0,0.8037045825521775,0.5741190731781967,0.6805433573171934,0.22718416953490114,0.6052187665533102,0.0,0.6660161935795458,0.22082772436635992,0.5897418508452907,0.0,0.6585028083400171,0.7563693121110514,0.1483930406158773,0.6053498304298964,0.17905342476028868,0.6252980216784206,0.7286238535538762,0.847551045727541,0.5430067755107979,0.13178263985754773,0.3409990066652816,0.8129444489268121,0.6634990808902452,0.45529483097906287,0.7352512701176295,0.5799053377771066,0.19627577476118568,0.15577918218459522,0.5952582849087508,0.645534678085602,0.6891608464865138,0.0,0.6870520171284031,0.5388671153869333,0.27753162840847834,0.8733736916838439,0.7248449094865554,0.5990048803377884,0.0,0.566624083622403,0.6953839642034251,0.2785058139302974,0.0,0.6128495468470935,0.5453501841433792,0.5410260751013803,0.7616763409882861,0.775087445933186,0.7389776555626925,0.7076029432592779,0.7398009062534867,0.43279746110037093,0.7348724867090853,0.6855121348585217,0.0,0.7135104730063832,0.7183020171284031,0.4949172187471672,0.0,0.30784662375740096,0.5933020171284031,0.5933020171284031,0.6149199228802457,0.8614984831164263,0.4112702670080524,0.6867702021028165,0.0,0.6678946118227875,0.0,0.8047350749357803,0.8316371702396937,0.0,0.7597987422834626,0.5953894744754411,0.0,0.6631262001013768,0.23858000257638073,0.6492584719507642,0.1848443856408848,0.0,0.5760584593816255,0.6361029917837981,0.8399146870089957,0.7861191657370705,0.6845912170711625,0.7825031354221037,0.6298875232875703,0.5746015140520653,0.6905681274114581,0.6737824899426613,0.21706053125214103,0.5933020171284031,0.5033574984758209,0.17631023665902748,0.6811769832133203,0.723421849272512,0.8486611954782219,0.8284967933727634,0.8359403999006287,0.165851316787175,0.6522736010637895,0.2093868219952931,0.5102272867017265,0.8187014249416977,0.5753231681245121,0.6384906818919139,0.6607031952179366,0.6469799926114018,0.7289142862988841,0.6983864456058287,0.6804113511942733,0.5300144510779257,0.5699711822867113,0.6032993825531402,0.0,0.17853580148160048,0.6489756391044447,0.6760489572973206,0.8207776032557798,0.6567332728031114,0.5505303300713503,0.0,0.7203774198251309,0.0,0.6262531479143543,0.8119032028027894,0.932609005823653,0.6394248553890652,0.5286635516453884,0.6124407918744806,0.5203557313857582,0.5968445108913293,0.6444258777301453,0.684031421927392,0.7951287397297477,0.41735350839614244,0.7879691051920104,0.6546780878658242,0.3528317633708406,0.661631091793995,0.8589359881958677,0.6958342702353989,0.20990671298905403,0.8307440864445722,0.9374004482507563,0.7348662875443673,0.30443628994860367,0.0,0.7720779305678652,0.49678736949047775,0.8693574572189696,0.5864213239001568,0.7903642953344967,0.16503792426435757,0.7625480904612866,0.6029132941940671,0.6456631909660381,0.0,0.6446988563906096,0.6265976668596671,0.6478213999870783,0.15396934292230854,0.826228192675725,0.2497718078651321,0.6551907843581443,0.2462269716163136,0.708919781552992
attention_zero_shot,SLC16A10,0.0,0.16456477831576577,0.03199217375379698,0.6450861171434451,0.35034879248751527,0.30727344632158005,0.0418620417244716,0.03359974857248198,0.7753400834381492,0.3725941366837173,0.03766133019037522,0.19732929937022708,0.2103148842892843,0.4091726890550443,0.31413925054383357,0.16666666666666666,0.0,0.5184708667799445,0.6096157233892917,0.5317510004077981,0.04629832947429451,0.15647628505703665,0.0,0.42441619801502184,0.048223513664213444,0.24847976585264925,0.0,0.16443667575006374,0.3939393939393939,0.39223489405338696,0.20005095215927338,0.03301904794008579,0.26557071814541183,0.20143310299493655,0.5535866548474573,0.2960071800144755,0.02472100647030895,0.07664168746106569,0.6453174953210742,0.3698879326867233,0.14677216415130767,0.454711514369871,0.18515712740509008,0.05507875128170436,0.028483626983554628,0.46827219546992344,0.36363636363636365,0.2,0.0,0.25,0.18951585392223294,0.0663087074148157,0.7159467083773572,0.6441413808615518,0.2703360663761939,0.0,0.24124903357455513,0.20688636598107982,0.0,0.0,0.19504066815640922,0.18214385327828056,0.25716886652462706,0.2194281639994508,0.23358481974135087,0.15517769941756043,0.16201592749975743,0.18718319328506702,0.10615011971902043,0.3333333333333333,0.19888219231547702,0.0,0.19252979469767814,0.2857142857142857,0.12331734237230353,0.0,0.03640860988863004,0.14285714285714285,0.14285714285714285,0.32477711392014974,0.689264593330707,0.19830876926810842,0.3043144602372653,0.0,0.294740487555583,0.0,0.7605913053273777,0.6601795839580743,0.0,0.689524918715111,0.2278264175793738,0.0,0.265282337272235,0.052838892339952336,0.15318476379358062,0.042257553847533096,0.0,0.29618896903287906,0.39215686274509803,0.6450546324988157,0.4366683642473945,0.3469917140626723,0.25773173080721934,0.3186351324806388,0.1653351110875285,0.2155229998615095,0.26316903618335624,0.013537419462719595,0.14285714285714285,0.22174918739709049,0.03247282899940319,0.20511322488063938,0.24683574907390948,0.6612044046367599,0.5201127216048285,0.682543375443529,0.026771036682816204,0.25302940287495923,0.05599561666403359,0.12459131756054796,0.45272687681392393,0.13793103448275862,0.25,0.3097925062763213,0.28083678993330286,0.20018786934138091,0.30509229187403564,0.28934040529505617,0.17855835961731706,0.26745261516856716,0.27965678636194535,0.5377416816729802,0.05142428435889539,0.4316113936361794,0.7286420754344329,0.6379251948950644,0.25806451612903225,0.6200234658492002,0.5397427988180403,0.8306258589968056,0.5603151827640491,0.40362025133795554,0.7494222730120252,0.8609196521624156,0.380508915252552,0.16092039903032132,0.14814814814814814,0.2788075668250296,0.15752948961909552,0.3600033575095876,0.4177370988752326,0.5,0.1800404880511933,0.5653362192506417,0.6764049736334886,0.09945533490903984,0.3229961513714329,0.712734461672761,0.2987319877849235,0.0,0.6256184154034299,0.8571428571428571,0.5340962975788435,0.051727987238838875,0.3716144494155227,0.3580730280354297,0.603952335452887,0.6923076923076923,0.16508868214988093,0.6060365152695428,0.5427423831663017,0.47972652963722695,0.18864087389867418,0.4733991384070833,0.0,0.18518518518518517,0.2294560262692783,0.16313646227636594,0.03242122902878186,0.5428331389543939,0.059289323987446574,0.3240428919577909,0.04350935630516389,0.2866965087048697
attention_zero_shot,MS4A4E,0.0,0.0,0.0,0.0,0.0,0.0,0.0,0.0,0.0,0.0,0.0,0.0,0.0,0.0,0.0,0.0,0.0,0.0,0.0,0.0,0.0,0.0,0.0,0.0,0.0,0.0,0.0,0.0,0.0,0.0,0.0,0.0,0.0,0.0,0.0,0.0,0.0,0.0,0.0,0.0,0.0,0.0,0.0,0.0,0.0,0.0,0.0,0.0,0.0,0.0,0.0,0.0,0.0,0.0,0.0,0.0,0.0,0.0,0.0,0.0,0.0,0.0,0.0,0.0,0.0,0.0,0.0,0.0,0.0,0.0,0.0,0.0,0.0,0.0,0.0,0.0,0.0,0.0,0.0,0.0,0.0,0.0,0.0,0.0,0.0,0.0,0.0,0.0,0.0,0.0,0.0,0.0,0.0,0.0,0.0,0.0,0.0,0.0,0.0,0.0,0.0,0.0,0.0,0.0,0.0,0.0,0.0,0.0,0.0,0.0,0.0,0.0,0.0,0.0,0.0,0.0,0.0,0.0,0.0,0.0,0.0,0.0,0.0,0.0,0.0,0.0,0.0,0.0,0.0,0.0,0.0,0.0,0.0,0.0,0.0,0.0,0.0,0.0,0.0,0.0,0.0,0.0,0.0,0.0,0.0,0.0,0.0,0.0,0.0,0.0,0.0,0.0,0.0,0.0,0.0,0.0,0.0,0.0,0.0,0.0,0.0,0.0,0.0,0.0,0.0,0.0,0.0,0.0,0.0,0.0,0.0,0.0,0.0,0.0,0.0,0.0,0.0,0.0,0.0,0.0,0.0,0.0,0.0,0.0
attention_zero_shot,SLCO1C1,0.0,0.0,0.0,0.0,0.0,0.0,0.0,0.0,0.0,0.0,0.0,0.0,0.0,0.0,0.0,0.0,0.0,0.0,0.39285434941803726,0.0,0.0,0.0,0.0,0.0,0.0,0.0,0.0,0.0,0.0,0.4292660961518936,0.0,0.0,0.0,0.0,0.0,0.0,0.0,0.0,0.0,0.0,0.0,0.0,0.0,0.0,0.0,0.0,0.0,0.0,0.0,0.0,0.0,0.0,0.0,0.0,0.0,0.0,0.0,0.0,0.0,0.0,0.0,0.0,0.0,0.0,0.0,0.0,0.0,0.0,0.0,0.0,0.0,0.0,0.0,0.0,0.0,0.0,0.0,0.0,0.0,0.0,0.0,0.0,0.0,0.0,0.0,0.0,0.0,0.0,0.0,0.0,0.0,0.0,0.0,0.0,0.0,0.0,0.0,0.0,0.0,0.0,0.0,0.0,0.0,0.0,0.0,0.0,0.0,0.0,0.0,0.0,0.0,0.0,0.0,0.0,0.0,0.0,0.0,0.0,0.0,0.0,0.0,0.0,0.0,0.0,0.0,0.0,0.0,0.0,0.0,0.0,0.0,0.6888604567673074,0.0,0.0,0.42180491729415287,0.0,0.0,0.32657232708339395,0.6227609585548344,0.22090326228885002,0.6900259275636577,0.0,0.0,0.0,0.0,0.0,0.0,0.0,0.0,0.0,0.0,0.0,0.0,0.0,0.6151193613399846,0.0,0.0,0.0,0.0,0.0,0.0,0.0,0.0,0.0,0.4800660968782829,0.0,0.4945923006988842,0.0,0.0,0.0,0.5635985355572923,0.0,0.0,0.0,0.0,0.0,0.0,0.0,0.0,0.0,0.0,0.0,0.0,0.0
attention_zero_shot,MARCO,0.0,0.0776624714706376,0.029886583800734955,0.20406882405864155,0.15208817419861814,0.18023519830869342,0.055542127831368235,0.02687757322847039,0.23184665573243374,0.13455194841392648,0.04043421975726376,0.0821427364587099,0.177444508494888,0.1832418906219575,0.17650778967920844,0.12366567443814938,0.0,0.1987378191201188,0.1915601954861561,0.18222615918135612,0.038165926640485515,0.1061211572100126,0.0,0.17365333567316915,0.043579771825754746,0.11488040062420823,0.0,0.11824291836821876,0.19019735425895914,0.037380899374663525,0.11093604339597007,0.038854626870911256,0.11928596556260905,0.44867781210414737,0.2494480405176653,0.11187825418766627,0.019667343687690377,0.033469905076133025,0.22422658223223216,0.1588795664526787,0.10308084885127565,0.23198078743191794,0.10293159124885393,0.06530926644283448,0.032200505444956874,0.1524215587416079,0.14687046865888223,0.1364343806663856,0.0,0.1449300766591241,0.16507971050414097,0.25865590374875314,0.23746975843396387,0.23108911732146067,0.11922728960532093,0.0,0.1040796781418947,0.22542143615254895,0.5613318087255795,0.0,0.11936311715327935,0.08362946822891605,0.13089979957430453,0.4021993912008157,0.38444024366816537,0.5005041847831749,0.4710013861807011,0.32149418910044764,0.05310501811166877,0.1763365876296238,0.25732306697735774,0.0,0.3115907173871468,0.16379589401260608,0.06689212470574166,0.0,0.279433001667036,0.08833262459867812,0.08833262459867812,0.13084632087912015,0.23490489541301945,0.0737523126482671,0.16218270019167078,0.0,0.15998048418041882,0.0,0.2176661288018726,0.22500707631918798,0.0,0.2190230007718117,0.10109786234544875,0.0,0.14299833044568078,0.05509303161560984,0.10063806646607389,0.049519458619901584,0.0,0.12274890992194501,0.14763783328544483,0.22666787410666012,0.194918286176452,0.2056935400943379,0.2688994027487483,0.16457522950622736,0.10492097283314766,0.11803636737226464,0.12760101127943416,0.3800622680107253,0.08833262459867812,0.101773557685525,0.02732889770011827,0.1345587392761204,0.13760235600791854,0.2195425825404407,0.20734131559053748,0.22009304511568792,0.025801183547803513,0.1421714478234857,0.05095525998893728,0.0642321673600972,0.19199926262425368,0.08244378295876625,0.12739680645424917,0.1387243091472875,0.12905061647540825,0.1287226777099385,0.16108699741407495,0.1367007010162186,0.130422447296628,0.1210713478890666,0.41295090097934406,0.0,0.21954123880721932,0.1613652130965098,0.14332140726103032,0.2265853038923602,0.1348907362456756,0.11353230267164978,0.0,0.18320600065687867,0.0,0.14927711410730962,0.22362534827812822,0.2513937967352292,0.15713373530798647,0.08747304458135255,0.09512744187549951,0.14523038129991653,0.36086846415990875,0.22527782004325894,0.267838196403097,0.21009999352159456,0.07306538769204075,0.2609439578412766,0.11242334039831761,0.09169164465745826,0.15899889866560296,0.2332644650754828,0.1467954092976225,0.4251682335340517,0.21498239811046624,0.2529741597336214,0.1934587934204861,0.42602591727803746,0.0,0.17117868110225537,0.07243829595340183,0.2365810961819638,0.10959959026443339,0.21516417863389936,0.023298402594133953,0.18562601525003697,0.11461607320416854,0.16494492789880172,0.0,0.11544447594848013,0.32400386139484144,0.3232666897801762,0.03182164850644138,0.20871229621098467,0.05748376519316403,0.14954378608692126,0.05433924327406356,0.14449610823961584
attention_zero_shot,CALY,0.0,0.24030971481910268,0.05369892679594102,0.7843140275888474,0.5009529082473188,0.42048682418159444,0.10342364628167748,0.049084323232793964,0.8753050414979625,0.5077941726730137,0.08253470423886432,0.2711016182570551,0.3172668703791507,0.7557390207559536,0.47244491621895374,0.4927825757141052,0.0,0.7956328450262602,0.28457165566298376,0.6444770778593598,0.07774139549122155,0.31613876224083914,0.0,0.6284105930417699,0.07667051330854131,0.42542578972880823,0.0,0.4291382953870199,0.8188509198978947,0.06903124658733627,0.3887910329590001,0.06416040294545176,0.44105854431207947,0.3105350951603804,0.7531879730846176,0.40956410498240775,0.030401282750487375,0.07464431096933503,0.8556105402165828,0.6086611326701263,0.1815661640803458,0.72792042404672,0.30173938030316283,0.1227189214648394,0.05708638509456098,0.5457572964435978,0.578556515142821,0.5773188130950877,0.0,0.6071014309522806,0.2878355731171354,0.12897210558797764,0.9394078257429186,0.6900752826424102,0.5246511796507484,0.0,0.323617804290422,0.3779402111390115,0.0,0.0,0.3922848112057094,0.2623374403973579,0.4998801694524715,0.40750302075374306,0.47542019087936693,0.2257921577927692,0.2237045475423941,0.4116713656169336,0.12395623650538762,0.7694466253245932,0.4792165088860507,0.0,0.3557589468381713,0.7182125420633918,0.17375124135007183,0.0,0.10466087358762817,0.2737680976189474,0.2737680976189474,0.48459359816336944,0.9300966798276645,0.23963801916930444,0.6309212004740783,0.0,0.5850249262789118,0.0,0.8028358534997131,0.8848188691371343,0.0,0.7563739726697795,0.3441853681034834,0.0,0.5573054445008176,0.10228442365032242,0.3249876876246503,0.1178925490210518,0.0,0.42017391722061326,0.5769972774553289,0.8886898801362708,0.8122579086513402,0.6131367375237935,0.5377997111328605,0.4407427107428729,0.2991084435236592,0.4123576057029869,0.4669410694806677,0.035234449599264514,0.2737680976189474,0.31736159593692065,0.04534720381858314,0.44121964001090674,0.5335441227988919,0.8308474287393592,0.8411148211841464,0.8458610470434944,0.04186434943505127,0.5256520306411885,0.10810673072581069,0.1623707681160451,0.7738961285427912,0.2463912878570526,0.49722406758234816,0.5075184379954408,0.4328292654254341,0.4836231688484763,0.6601478272221358,0.5094171041382002,0.24486270644944388,0.4216053354630586,0.3907565457574597,0.0,0.13238907707066241,0.6069937451534934,0.5876284435064115,0.8731361189301032,0.5386594065475439,0.34739590491885997,0.0,0.7214202861904562,0.0,0.5531982428987282,0.7959531743519483,0.9683210019425347,0.5768393382997593,0.2560079277894858,0.3079891098213158,0.3605740156999446,0.2546610350413182,0.5368025798846773,0.6548081269196749,0.8792339465985964,0.22192231364104217,0.8075809835751869,0.410652146428421,0.18874012228159906,0.5321252311272399,0.9128322558453107,0.54225084934281,0.0,0.8458452828765297,0.9790406023022358,0.7441387983731984,0.10160181582405335,0.0,0.6872793037381604,0.22650550559166707,0.9448676712732723,0.31059757664245036,0.8016954695576181,0.038146641557838555,0.7242012696913507,0.3024236229345261,0.6141254876203873,0.0,0.4329891098213158,0.395548813192032,0.3368593135898636,0.04899148873887782,0.8354245562445276,0.13603906490303774,0.508872004988533,0.13424731698985257,0.5474396116357397
attention_zero_shot,KCNQ5,0.0,0.15802038388381484,0.027505490609618332,0.7050384381855379,0.3944877619485312,0.3372736182680448,0.03992038630690512,0.030841348917302176,0.8219739471368609,0.41542139185761306,0.039070380663958494,0.20181935971424017,0.22042661742419162,0.5053611344244862,0.3545706882100049,0.15384615384615385,0.0,0.6159229597951916,0.7687199801945449,0.577575536175486,0.048304773941308,0.14007858715276625,0.0,0.49113065246915283,0.03516297871348897,0.27668274371338547,0.0,0.1507797781251138,0.5,0.5420949077063641,0.21007897584687374,0.029023478537175712,0.2984735002739665,0.20887324551025732,0.6307461492497597,0.3245544295635489,0.02025328567922414,0.052538740837559904,0.7317326215673762,0.4366223604142703,0.13801065973458915,0.5430005337248293,0.1866262634633297,0.06540757548178135,0.026151061457878273,0.498864371685158,0.42424242424242425,0.21428571428571427,0.0,0.29411764705882354,0.19243566058239026,0.0652948204727228,0.8107114469604367,0.6652432696145687,0.29984202789553127,0.0,0.2557765751150019,0.21942045806252883,0.0,0.0,0.2026957918259093,0.1822558028426895,0.273746017160045,0.23823315509008533,0.26205647059909387,0.1447117956173163,0.15541517606028263,0.19065467129305155,0.0823687287735697,0.42105263157894735,0.21061369953236747,0.0,0.19814063953931907,0.35294117647058826,0.09650445762627596,0.0,0.032507687400562535,0.11764705882352941,0.11764705882352941,0.36727841805857264,0.7889415670206673,0.2012345186543857,0.3684791775044043,0.0,0.3512016404242836,0.0,0.7773894698619455,0.7524949422657728,0.0,0.7203800242723829,0.24364174862228355,0.0,0.31118762277196427,0.05455954840841312,0.13349928890166726,0.03772995879244027,0.0,0.3268738143831637,0.45,0.7430469586043345,0.5444895952751383,0.41428463460672404,0.29948418275119,0.35207927597590605,0.1562694221856692,0.23317790455087162,0.298963412104033,0.011148463086945549,0.11764705882352941,0.2339503279906459,0.029593225922507883,0.21934908452991897,0.28447749853775184,0.7334406847875045,0.6295609550652141,0.7531584668522319,0.019787287982951107,0.29219557445618677,0.06298884099866377,0.10360813399941553,0.5520600649790294,0.1111111111111111,0.2857142857142857,0.3567164252443058,0.3138429926383432,0.21281702951358025,0.37289305240475523,0.33483057676604144,0.17756230283371952,0.29783902700257486,0.30528118279007393,0.7990614905321513,0.06236605906593625,0.4913445529839614,0.852575570804043,0.7325889145902664,0.3,0.64058923859161,0.6697057305450616,0.8980044887693996,0.6438263340736948,0.45341255265872105,0.7716416502473714,0.9120848314349264,0.43957913330060794,0.15134224858588527,0.125,0.298564663770869,0.14591315856735856,0.41158327678867873,0.4918830442360199,0.6206896551724138,0.1796715327410636,0.6570470542888386,0.7673491078522909,0.10987605136219414,0.37476140687429166,0.7986179775315899,0.3501740624102898,0.0,0.7143784621204795,0.9147286821705426,0.6131791398924614,0.04885498240092894,0.5997154885789742,0.43885649921833497,0.8711431414107195,0.7962962962962963,0.15540318234191725,0.6851280689638644,0.706634889842684,0.5637519610733679,0.19152739747119016,0.5259793109067212,0.0,0.1875,0.2504166778277607,0.15104829080813212,0.02257907021647308,0.6473374686517185,0.06966168926397483,0.3714511286709939,0.04518759171580155,0.3368557085202421
attention_zero_shot,POU2F2,0.0,0.1873960750767702,0.05837056973952248,0.7089250972725953,0.40948318887234386,0.3522101608511178,0.06210941242128265,0.2288464541991595,0.8235152036796667,0.4862883833624203,0.9528423029774755,0.22329299458496416,0.24601613311945048,0.5251363190633005,0.3730766458170987,0.21709222283374824,0.0,0.6267785536381989,0.2205146666350836,0.5830074842166271,0.07401772450509407,0.49961741682245947,0.0,0.519222100650887,0.06030831700886325,0.5022502242401763,0.0,0.21001386756160453,0.5234474399857598,0.05962762482527065,0.2495652684099976,0.05982530817009831,0.3240189354256392,0.23655384131566456,0.6383117968501805,0.34043746712152506,0.03806314529941685,0.07267654448725205,0.7368585965357946,0.4554557591410892,0.1580391143998755,0.5571802647519049,0.9386361876561781,0.09162679889042231,0.056736711573242324,0.5509214902225146,0.4423320917550728,0.2692860746448317,0.0,0.3355161733151375,0.22066417588539308,0.08926561495312216,0.8568200592643113,0.6667889218875351,0.32159053059485315,0.0,0.27280949999668613,0.25506700856730913,0.0,0.0,0.5915361044766484,0.20822657001934966,0.2887567054446024,0.2730617622458414,0.29906764436449296,0.1755593585157701,0.18141152734299418,0.237801140647464,0.10894990629853932,0.45196455598362373,0.25935943012884444,0.0,0.23637475227264437,0.3910717288706931,0.13421592410812394,0.0,0.08155833422234623,0.16884950664847087,0.16884950664847087,0.38496296283788584,0.7933336644356114,0.3029891694885581,0.3989706294211348,0.0,0.38111857430463975,0.0,0.778078684729868,0.8193624479998582,0.0,0.7752966428389945,0.2677523356238045,0.0,0.6314291785920029,0.08310786206116932,0.1867811612999501,0.28291822967991276,0.0,0.34383613117576634,0.4643729541383531,0.7486364710773182,0.5628155776602248,0.43660629478764373,0.33471308450934645,0.3670186638823532,0.7648028843444159,0.39146772807603775,0.3274375547028192,0.03436540675071827,0.16884950664847087,0.40060260874079207,0.05069820203121674,0.26250392848479037,0.32221817959448795,0.8095699284787103,0.6412675311968502,0.7567803991664122,0.05097395888896639,0.32777155279981957,0.682857684930022,0.7402764785590785,0.567777195775592,0.15996269050907766,0.31996777816693067,0.3787349637742467,0.3351797022569941,0.2614331524641035,0.6749871478720755,0.7952826414699125,0.2008522708563886,0.9851816498494352,0.3223511813222228,0.0,0.07722454016746634,0.588863604287844,0.35196455598362375,0.7382685850547518,0.3352043390320226,0.2562821583771532,0.0,0.6118387244383792,0.0,0.7368526623429884,0.7920871757549499,0.9129501803345015,0.45536102767881503,0.1868602034293489,0.17878183056896915,0.8784714630424512,0.1831372402800718,0.42767834968313506,0.5070888241092548,0.6346430373224159,0.1955904139805342,0.6651799067438097,0.20261940797816502,0.1362117048967991,0.39619784922262014,0.8021059940843565,0.3766785646126815,0.0,0.7201804738624794,0.9156868547667113,0.7796500989271047,0.23742103370592127,0.0,0.46287388403650054,0.17605132251501004,0.800714383994045,0.7350100342319121,0.6910307864756746,0.04556105325751142,0.9482542375624317,0.22292605384901554,0.5342585336287496,0.0,0.23760535998073382,0.2807580025140959,0.20039511463392898,0.040736909309915206,0.7939956032487703,0.8369569702682336,0.8686080124423666,0.09339291158323597,0.9231283360291019
attention_zero_shot,KBTBD12,0.0,0.0,0.0,0.0,0.0703951723069567,0.0,0.0,0.0,0.012413076853974777,0.0,0.0,0.0,0.1161926854705823,0.07746179031372154,0.0,0.0,0.0,0.0,0.0,0.0,0.0,0.0,0.0,0.0,0.0,0.0,0.0,0.0,0.0,0.0,0.0,0.0,0.0,0.0,0.0,0.0,0.0,0.0,0.0,0.14865740968463598,0.0,0.0,0.0,0.0,0.0,0.0,0.0,0.0,0.0,0.0,0.0,0.0,0.0,0.0,0.0,0.0,0.0,0.0,0.0,0.0,0.0,0.0,0.0434148169692216,0.0,0.0,0.0,0.0,0.0,0.0,0.0,0.0,0.0,0.0,0.0,0.0,0.0,0.0,0.0,0.0,0.0,0.0,0.0,0.2,0.0,0.0,0.0,0.00500536801777554,0.0,0.0,0.009419334789192624,0.0,0.0,0.0,0.0,0.0,0.0,0.0,0.0,0.0,0.0,0.0,0.0,0.0,0.0,0.0,0.0,0.0,0.0,0.7080934567575645,0.0,0.0,0.0,0.0,0.019596906511620073,0.0,0.0,0.0,0.0,0.0,0.0,0.0,0.0,0.0,0.0,0.0,0.0,0.0,0.0,0.0,0.0,0.0,0.0,0.0,0.0,0.0,0.0,0.0,0.0,0.0,0.0,0.0,0.0,0.004500030384149795,0.0,0.0,0.09346216951695728,0.0,0.0,0.0,0.17499892469886044,0.0,0.0,0.0,0.05124033012802218,0.0,0.0,0.0,0.0,0.0,0.0,0.0,0.0,0.03028060578132998,0.0,0.0,0.0,0.0,0.0,0.0,0.0,0.0,0.0,0.0,0.0,0.0,0.0,0.0,0.0,0.0,0.0,0.0,0.0,0.0,0.0
attention_zero_shot,BICC1,0.0,0.12100786162534466,0.07023553757940003,0.25445927035842114,0.18106176953604786,0.174089714482092,0.05525653564664708,0.15878381461324986,0.2810519933533167,0.19290306973866317,0.40328062262435954,0.11879877490323373,0.13907982145791642,0.2763414337371665,0.17481088891702967,0.2832946476689936,0.0,0.27719656824496103,0.13863394768818968,0.21703111882673923,0.0864490227801796,0.17413471647868423,0.0,0.2477643409826829,0.04602872785339108,0.281194436720562,0.0,0.2530005410618996,0.3017944075008371,0.0977871504855504,0.18554784153058054,0.06548473551901127,0.17986143518665815,0.12949863807577172,0.2533484589090511,0.14776511918334703,0.037781994927204375,0.04699512197554964,0.2815949041201043,0.21980995342345383,0.08876632702898396,0.25596499358273034,0.41641147618210395,0.09462878192447406,0.07390653587293898,0.18227505663732818,0.2064535144226921,0.28809088169947156,0.0,0.2614099326556169,0.1255808533237564,0.06720074945027846,0.3734364888154502,0.22255087878601235,0.16792071723556284,0.0,0.14210154704627415,0.17656199742065132,0.0,0.0,0.4785777524793158,0.12847335455644665,0.1416257897829944,0.18419024580712515,0.21488862010831267,0.13128286513864623,0.1169708591988487,0.21716881528844775,0.07540592219566247,0.2989914135869214,0.23437623711479136,0.0,0.16191308399160967,0.29608460508360146,0.09602927202189629,0.0,0.14981600528703842,0.15738591537166313,0.15738591537166313,0.18085891735072873,0.30406613488918416,0.0930300453401548,0.2501394941377297,0.0,0.23320341715871434,0.0,0.254276611290215,0.4106980112550484,0.0,0.2851174542663185,0.15297745209683208,0.0,0.22935460873068844,0.0844486979235223,0.19232707244183717,0.8123399758821818,0.0,0.16152439557730608,0.20030081462421084,0.29397776858094354,0.2944421032024368,0.22624433329585325,0.23161297675604428,0.1746204779575157,0.582221124915007,0.48826464762380445,0.19991437613661517,0.04736815199594111,0.15738591537166313,0.12694543972023614,0.05403226181812083,0.21992080370662587,0.24532728309230264,0.3026131629002159,0.295836651678658,0.2798506989957537,0.05992640211481537,0.22188825152185257,0.3535303228135528,0.23540533775511185,0.28500057643010734,0.1416473238344968,0.20498164967326254,0.202582997952324,0.1839346163961277,0.2593070012889508,0.6183370720908742,0.3067437567729567,0.12420076100411434,0.39291351656528095,0.15441699618168656,0.0,0.06145983750891653,0.3798485211745311,0.24225104052294666,0.2907514288986007,0.2220634538127011,0.1471894080421421,0.0,0.2395252176422402,0.0,0.27222512790165027,0.2647442897719083,0.3069815939613718,0.20528932304967776,0.12303346988797341,0.177059154793121,0.2919457814675719,0.13720154738170337,0.19544935715814712,0.23887681211589396,0.3052202889511784,0.09167884672264542,0.2712436988247063,0.23607887305749467,0.12138384942808089,0.20939750704101828,0.2968331791379715,0.22631078863828574,0.0,0.2814627124847107,0.310882902918685,0.4899369655198173,0.1821294678274858,0.0,0.2735600468166355,0.10516764625237278,0.30894407313633243,0.380265802548308,0.26611785539573873,0.047784143469122894,0.358824667883336,0.16331705573775038,0.20548513153312895,0.0,0.21606816127460368,0.1669244265112871,0.18137244614932813,0.028823973290184202,0.3570878487522178,0.43892060816684636,0.3409125011507455,0.17558884394850008,0.39614256616549176
attention_zero_shot,GAP43,0.0,0.32611869735686627,0.1413622514324556,0.7661058758317283,0.47745088346009523,0.6608582701248857,0.10654370866425428,0.11444750213097231,0.8495205238790369,0.4867218421051798,0.09465463787262324,0.36548519911389293,0.3280075120058511,0.826546159949598,0.4764631976079414,0.417250018335466,0.0,0.7509527264779431,0.38801596756143236,0.7233608411625023,0.21407770558260358,0.3367710126014136,0.0,0.580826315866454,0.10678769162368287,0.4080300622629446,0.0,0.39368593182901424,0.6670000104774092,0.229985803767161,0.44167055865344007,0.13918790936313385,0.4655141640460246,0.3237258692793948,0.7007028101973626,0.418389116035348,0.08649169284891213,0.14682802282175275,0.7961935326293239,0.5514097797622657,0.2679643963879265,0.6505763141415086,0.3698867086731184,0.23831076621480612,0.19080038318762327,0.5576055078698594,0.5314687568757998,0.46207694000196864,0.0,0.5004375137515995,0.33901076062882474,0.17249454059572555,0.8732968841241421,0.6915256632770562,0.480859951240841,0.0,0.409983430258119,0.43660564307779076,0.0,0.0,0.38101223692877045,0.3886157279986294,0.5477893891377922,0.3927680777146414,0.43411208589512995,0.2614418702707574,0.2542406571879662,0.3905081020004668,0.3090274245292659,0.611500012223644,0.4251212941695648,0.0,0.35839768251756465,0.5629375137515995,0.2314394436111398,0.0,0.21260745270812803,0.3129375137515995,0.3129375137515995,0.5828375077882005,0.8579586904215083,0.2763396485907956,0.5372531473809041,0.0,0.5111160147314205,0.0,0.7997611914956932,0.8196287844495471,0.0,0.7514686889796044,0.4418467022092785,0.0,0.485829088182362,0.18155374874226873,0.409947744463843,0.13036896356069158,0.0,0.5665807173871101,0.5386410312827075,0.8165772954402154,0.6865491878871675,0.5458725136310438,0.5531553188395725,0.488320423370414,0.32275729809152504,0.4713357046631491,0.5177210238205662,0.04944537917447187,0.3129375137515995,0.3584604573907495,0.1485767773249691,0.47999458488883184,0.5436250488713276,0.7853912529099085,0.7813712387782998,0.9497947732009109,0.12563167660025745,0.4658374583762804,0.17845848138463946,0.2640336694256583,0.7221372536840515,0.29452942470738774,0.4503500110012796,0.5599766496702727,0.5262477937895186,0.5190167253122598,0.5507821720063525,0.5234309361353476,0.519511495633623,0.40800033523684714,0.5768715349632171,0.0,0.17052863134855364,0.5690855479397292,0.5003889011125329,0.8913745572497583,0.47405264315924167,0.35167728980436175,0.0,0.6732115426927998,0.0,0.5664135666689157,0.8223114525673454,0.9391130042036195,0.5353174486707801,0.28866148635160166,0.3338000146683728,0.36093381252174567,0.357151211437802,0.640869418315274,0.594791375537832,0.7502500078580568,0.2887562068159759,0.7384703270513815,0.3851538630788917,0.5126444904881703,0.63841369372413,0.9168265327416578,0.7024696514137402,0.0,0.7832928821602215,0.9453671892189499,0.6885995432240876,0.11347692281600252,0.0,0.6520334343336465,0.3464429901248063,0.8680566079250112,0.33109226025122335,0.7487854532567861,0.11482634228369584,0.6938553918244201,0.7217525226843771,0.5848623030889265,0.0,0.4004666813350395,0.3861423819049838,0.3484263227352399,0.07186739749543936,0.7832162761143762,0.22052607385574088,0.5199395516752942,0.2392284255010787,0.5512663501560082
attention_zero_shot,SYT1,0.0,0.48420669852222437,0.18344623040405167,0.7003813845779243,0.5392494415979994,0.8026557559107343,0.1878531893239384,0.1671017402495193,0.7952015814338826,0.5014552043248557,0.11417222139902602,0.4595188846871162,0.4740716254513643,0.7058435101052299,0.5511489968079295,0.4956232649916204,0.0,0.6634782254616989,0.515571052943671,0.69825475314462,0.21326872643494096,0.4670311743064515,0.0,0.5678876785150992,0.21787030480288114,0.4764024787094197,0.0,0.48836465421350667,0.5700395045830206,0.15085114081516676,0.47413541180511415,0.18345798743077016,0.5280491853351865,0.4386725573435547,0.6410447398066822,0.4584675262694025,0.1451613992525098,0.3445335391402086,0.6831085148167291,0.5728068735394078,0.4409630140675784,0.5854541384885752,0.5131841016757178,0.18791266232998724,0.15744154166789015,0.5659159766732167,0.524616802493948,0.5051398071615898,0.0,0.5383533117795277,0.5094252155841933,0.26593299260286585,0.7330348464466468,0.6999929244271905,0.5379813683153812,0.0,0.5338111036251127,0.51062591873882,0.0,0.0,0.5014430647268986,0.4791115064336423,0.7215977656272449,0.4756317900253465,0.49175490155162943,0.4222880019026544,0.411255110251337,0.48238462842046675,0.5068137349648841,0.5478001686131769,0.507194987740321,0.0,0.46555605349816603,0.531650174635076,0.43712923492298206,0.0,0.1987817763413351,0.5034665043372024,0.5034665043372024,0.5509047711377723,0.7152961845549645,0.3976167430188658,0.5823354371340564,0.0,0.516374522440959,0.0,0.8392764368171259,0.6944231405074303,0.0,0.7526360191282814,0.518635055711133,0.0,0.5084095294068397,0.39458431935122107,0.5349086212956583,0.15153769998052344,0.0,0.5457458582089633,0.528764680753978,0.6858335343625237,0.5835252193341208,0.5755593250463054,0.5645429324797028,0.6498801426459315,0.455894885140299,0.5558655512016316,0.5550496294371805,0.06280204414705895,0.5136406529868459,0.45992264519341425,0.17905701656862089,0.5433389637074557,0.5704797131129451,0.7097456445533142,0.6724359364459016,0.8289833466592132,0.16992635719501226,0.5313636277119049,0.19660940877418143,0.4558218606791753,0.6412254034449915,0.45214753999235546,0.4962068296594043,0.5668207479722064,0.5367326370420505,0.5652331520100148,0.5293266241976163,0.5598207059115479,0.545173822595581,0.4715059945234869,0.6126625644500815,0.0,0.1548161785851409,0.5455795201979586,0.5133174099924872,0.7976035694872836,0.5406132153519971,0.45316695597654655,0.0,0.6062218454300463,0.0,0.5503875522847156,0.9012839547097492,0.8483070009138568,0.5659736022492655,0.4832546074947134,0.4685892687193502,0.44063083389018676,0.5005653464957903,0.6964174619819848,0.5538961665922292,0.6143001438171214,0.4283292828349708,0.739394170824873,0.4862718826332879,0.7108962497352147,0.844033953999389,0.8985683095151857,0.8694887197104312,0.0,0.6889600120973774,0.8438833915450255,0.6237139009496165,0.20446425212788705,0.0,0.6091227367219301,0.4862911044562717,0.7179829008555296,0.4857878496829944,0.6869384281950366,0.1870614813562378,0.6367830432076267,0.806336384271802,0.5585714774487426,0.0,0.5175876440484851,0.5329870407525394,0.5180680847262097,0.17160434799233518,0.6789814895727121,0.21940216509642418,0.6048808651320124,0.2145974770764378,0.5714585836177274
attention_zero_shot,COL8A1,0.0,0.7769019909649023,0.18401547900329873,0.8547912318800704,0.8178873551325704,0.7567662516843369,0.21245524624132636,0.1722943739052248,0.8940886598993263,0.7789280017329573,0.16633640454624174,0.7397060539918202,0.8077177273163328,0.8939719300541574,0.8035392696656328,0.9,0.0,0.8895721187830218,0.7814089025362383,0.7848764572102042,0.1833297417307551,0.8616825712094884,0.0,0.8378058513903376,0.3338550945984004,0.8300403369521292,0.0,0.8902582332561925,0.9101123595505618,0.14316587282189613,0.9793285001946835,0.3717623942441332,0.8248132421860112,0.7922637929145568,0.8619128825853105,0.7592828369441095,0.15517732906596163,0.6306248657408945,0.8981922593053587,0.8524009507432897,0.685337558813711,0.8758615658083584,0.8115832237672091,0.16506844123591097,0.15082774121608655,0.714017825197478,0.84,0.9012345679012346,0.0,0.8928571428571429,0.7872982724675971,0.3117531612417465,0.932279920244551,0.7478039869386722,0.7989478692055253,0.0,0.7277673739301347,0.8407556188469173,0.0,0.0,0.8845189680993782,0.7659816736461219,0.7152760757094209,0.8454059484492346,0.8648405679538146,0.7794940029187879,0.7745181294683999,0.8719182072854985,0.7145382892850484,0.9069767441860465,0.8839737252110588,0.0,0.8427381071627921,0.9047619047619048,0.7946824943190178,0.0,0.2022700549368338,0.8571428571428571,0.8571428571428571,0.8037432833477615,0.9282985996191656,0.6393530244695498,0.8833870764499147,0.0,0.8733307425767892,0.0,0.8175574194566756,0.9104210621705568,0.0,0.808019291908473,0.7858235955142735,0.0,0.8761350856947044,0.22205551225468684,0.9730009050101149,0.27695795204153756,0.0,0.7722391332380529,0.822429906542056,0.9129280827514739,0.9049110696468128,0.8636775014295909,0.8734446397129172,0.7664604233831765,0.8405217062495792,0.8510992726769125,0.8421096228543569,0.08122451677631765,0.8571428571428571,0.761380697161779,0.1676726386895142,0.8699798061357475,0.8768031682815963,0.8824369284963416,0.9050007175467057,0.8879059338929247,0.18204304944315045,0.871769097576135,0.19308344632494367,0.7536932373194069,0.8923897108182565,0.8470588235294118,0.8636363636363636,0.8319741521374142,0.8035681875706533,0.8843984635206902,0.8903202419321277,0.8462967203862052,0.7416722611846011,0.8085001003783655,0.7598331163044321,0.0,0.15938400488657406,0.8194853932501082,0.8837209302325582,0.9068934372773677,0.8735632183908046,0.8099639288817851,0.0,0.85,0.0,0.7949759920713563,0.8242278842514694,0.9647300353349761,0.8294656531934854,0.8091452084182554,0.8674698795180723,0.7117561309390655,0.815066696078325,0.8156206144568552,0.8550579073358893,0.9166666666666666,0.6626882602939698,0.886939508825545,0.8888888888888888,0.35355964123102596,0.8375550742910179,0.9207853516455415,0.8560255604375788,0.0,0.8958263558739866,0.9591836734693877,0.8624636021959534,0.2606999823029668,0.0,0.8849731426509894,0.7796441814027665,0.9338842975206612,0.8482867495871678,0.8967105749206061,0.16709575247303735,0.8677955328477485,0.8062334659596876,0.7975370153539844,0.0,0.8795180722891566,0.8289175754966741,0.8639026302825981,0.23957581871794584,0.9009411791310982,0.20060859211966497,0.822578872461428,0.2044616433369986,0.8638631255107285
attention_zero_shot,FGL1,0.0,0.32912955663153154,0.07769527911636409,0.814845621654878,0.5626813939951003,0.47336720109000174,0.1348888011121863,0.0641449745474656,0.8937126152607674,0.558891205025576,0.11298399057112567,0.33341847134969405,0.4015102336431791,0.8905523232374494,0.546834991687414,1.0,0.0,0.8760369818005959,0.3712696926673865,0.673551267183211,0.09774091777906618,0.5476669976996282,0.0,0.6982330999601972,0.1125215318831647,0.5408089021498836,0.0,0.8221833787503187,1.0,0.10870001454995831,0.563779956085225,0.08018911642592264,0.5451188425090032,0.4028662059898731,0.8052169525053924,0.46515414002274724,0.04017163551425204,0.11594511692827886,0.903444493449504,0.7061496896746536,0.23064197223776922,0.8184807258657678,0.41660353666145267,0.13981529171509569,0.08027203968092668,0.5679045774848007,0.6666666666666666,1.0,0.0,0.875,0.3790317078444659,0.16832210343760912,0.98611527757636,0.6996708102461683,0.4956161216896888,0.0,0.37527627444930794,0.5251730828750488,0.0,0.0,0.5851220044692276,0.3405298126506984,0.38261709409761585,0.5570099547678367,0.6582844919983525,0.3185226461728872,0.29702920041622194,0.6551411764977346,0.18780405796442073,1.0,0.7671170275025542,0.0,0.513412785860475,1.0,0.2877404655353749,0.0,0.1820430494431502,0.5,0.5,0.5567607667202567,0.982568675599093,0.27314226710513045,0.8115052272993742,0.0,0.7481873914872492,0.0,0.8017043488585873,0.9352544106072719,0.0,0.7697022348447751,0.42593634590926405,0.0,0.7476138595853896,0.12329074879322212,0.5908555174895253,0.21128776923766548,0.0,0.4813070746784285,0.6451612903225806,0.9450800429633812,0.9503958515972704,0.7325380630211972,0.7263348777294364,0.4956546505254381,0.46594440397394393,0.574727999630692,0.5921303314125516,0.047380968119518585,0.5,0.3860078447282686,0.05845109219892574,0.6609203912820603,0.7405072472217284,0.8678307810857473,0.9362028988886912,0.880382034992378,0.06501537480112507,0.7130828626476123,0.13598935475551016,0.2432497152372603,0.8838953309224229,0.4444444444444444,0.6666666666666666,0.6048329884442464,0.5148674482110552,0.7721532103167549,0.8598055498268277,0.6297408821127694,0.31082381118570007,0.510591356230901,0.4491457477934274,0.0,0.1542728530766862,0.6649148496557358,0.8,0.9278911925746391,0.7272727272727273,0.45203385082710074,0.0,0.7727272727272727,0.0,0.6054303770069333,0.8045268519099683,0.9866013532080237,0.6523009975758034,0.37548093107074976,0.5714285714285714,0.4027220409694872,0.3825716176463748,0.6082815351024067,0.7390733287792576,1.0,0.2618770735290084,0.8709233647915292,0.8,0.23206244812109297,0.6306115336299405,0.9543393639347139,0.6721469725160778,0.0,0.8976264221005733,1.0,0.8011444463682652,0.13130950606782177,0.0,0.8355037320826693,0.31927353859277974,1.0,0.4952660464496428,0.84845112137736,0.051496501859831074,0.799544216062045,0.4105713137794673,0.6554757301021154,0.0,0.7142857142857143,0.5162760591058762,0.5709776179672807,0.06654883853276276,0.917200820991907,0.17786797196233972,0.59407863525595,0.21754678152581947,0.6962629497118263
attention_zero_shot,ACSBG1,0.0,0.3259123957345616,0.3764383055293006,0.21567472385710154,0.08736413950267444,0.1682041525155762,0.019012540907763945,0.3174293210813438,0.1545804595680375,0.234997688607184,0.033997667222434115,0.4068851038226255,0.06121636311118076,0.10830810399603612,0.10719879787709846,0.04754738446886959,0.26874995173908317,0.23962275591848162,0.212131148165212,0.2419971064942714,0.847100292070026,0.043404387425728407,0.0,0.10760086921329189,0.27217046088919933,0.2436612917181852,0.0,0.05041519038752534,0.10714458310771957,0.22600531545366284,0.14466364921827626,0.0971984345219616,0.2809808378056749,0.04783100597151787,0.12727719326471024,0.27138915574211225,0.2680019072308581,0.2912364996698752,0.14232611594510652,0.09203209583735626,0.3234954396860522,0.17120539505576315,0.1349631539583966,0.39419331866733964,0.8279747675811158,0.2555881396575249,0.23274162948956253,0.05858390273532329,0.0,0.07086520267710049,0.0860113146452622,0.06910493601488647,0.15509620209288244,0.21089432689472604,0.37199218848900034,0.2470469647336194,0.36808540885292396,0.15997580672677875,0.0,0.0,0.06741204272692994,0.4564163930692774,0.17335847091145504,0.06274618648047613,0.06971798497830681,0.05637560258861023,0.05276894780269115,0.059663501485126315,0.3209784009781575,0.09429028536208525,0.05913955894910293,0.0,0.0494111116564034,0.08286424292152142,0.25726521492752696,0.0,0.16428828423265643,0.0348680819438377,0.0348680819438377,0.3264462283552773,0.15081024504502166,0.2567386172520596,0.0857959200731551,0.0,0.08346287817567995,0.0,0.20528725640077614,0.14960993508225,0.2490322096803639,0.1535884207910617,0.6815318224993816,0.0,0.07308485532599963,0.14093392865998877,0.11479660801542967,0.034946634557496824,0.0,0.3283498854821029,0.23216495669328574,0.14464406941535166,0.11614124938455712,0.08822299468007194,0.13762434684074135,0.3468161952803332,0.063467152071957,0.20518005210488136,0.3299642793915209,0.014362615965774372,0.0348680819438377,0.22619757443029156,0.413231705928584,0.15995260667537523,0.36524309960495527,0.14245333611603198,0.19206206388850505,0.19268418293644618,0.3570182464161008,0.23275699053702553,0.3028285352022817,0.2719762157701508,0.19109284064916526,0.294464601623304,0.2651771195044196,0.38186665929940905,0.3813405000199078,0.20758894131703626,0.09367795157166349,0.1670244173405019,0.3868585961874768,0.08245314731344201,0.13772669093380335,0.0,0.123703293002551,0.21438578748797274,0.07311550846016596,0.14457637858674668,0.06905353576793452,0.05720729121095367,0.0,0.11612920272837222,0.0,0.25162177075413994,0.1757734595368914,0.16776339510303057,0.2198207613811192,0.24420488918238964,0.20014384113959302,0.08186662534658332,0.20888246582380587,0.09053083782600593,0.10825513385952358,0.12602929214142927,0.32593493997306383,0.13059114255906715,0.04358510242979712,0.20562561804878926,0.14496567231513366,0.15183280710278926,0.1703387319450801,0.0,0.13957582787461387,0.1685145768066926,0.1352929095007733,0.027888109838203064,0.0,0.20315969550310153,0.06442248319607921,0.15196982652839297,0.05721749684361081,0.13551288848888798,0.10724248031625179,0.1758222142037199,0.16692038606119222,0.218780541941974,0.0,0.05021477377313425,0.06319368365306642,0.04618205811384666,0.26086306194603925,0.1890487448833221,0.2030886905295729,0.16003152477487032,0.21218949759215666,0.18318948259657553
attention_zero_shot,STMN2,0.0,0.5610237140084194,0.14248133466366025,0.8268942487714039,0.6852114943584272,0.6347190155881575,0.24020454476282688,0.11980369174993426,0.8935763292608011,0.6453308026792347,0.15063750222504824,0.5153802514603897,0.6334737351780348,0.8913420851191055,0.6647990224198979,0.9162341746475351,0.0,0.8813322701365793,0.579682248276307,0.715529301743935,0.14565874946801816,0.7669795966023935,0.0,0.7586098053871498,0.24545065688414386,0.699547305813021,0.0,0.8738490546003802,0.9441561164316901,0.13787622484311865,0.7477517864237242,0.1467656009469142,0.6924082773129301,0.6043982136309732,0.8262372595498775,0.5871961233561588,0.09102686520455337,0.3210202774312925,0.9010068721270441,0.7785418976805003,0.41968743208117454,0.8449803407769186,0.6385957243412957,0.16029224994249386,0.12793140645020046,0.6527961795922878,0.7497951353593587,0.9206429022976648,0.0,0.8860097792570741,0.5903779206042632,0.2609787667533386,0.9665123112716821,0.7283653457183622,0.6417632122160043,0.0,0.5200432204766143,0.7155357489270839,0.0,0.0,0.7643097995144962,0.5493081306654513,0.5844084851848738,0.7308646131717595,0.7893337822255003,0.5619438006345603,0.5163398935169725,0.8060611161653413,0.43437801626826433,0.9371756309856513,0.8505730636273101,0.0,0.7174295605377435,0.9314643247116196,0.5795973147133191,0.0,0.20062940579837585,0.7496461428934378,0.7496461428934378,0.6686075383767338,0.9618515228985738,0.4025187358242917,0.855010687355697,0.0,0.8229130086292544,0.0,0.811904850838096,0.9255552718194303,0.0,0.8296288073840002,0.6023986783667218,0.0,0.8286387039637967,0.18562497186635143,0.7918192269563004,0.23191487927122048,0.0,0.6202897753560882,0.7220492254145695,0.9520019541632647,0.9241595038970718,0.8024343836886618,0.8192759519471773,0.606715651251428,0.7047041434947606,0.7457288899701513,0.7322100148752152,0.07399626920587433,0.7496461428934378,0.5588884622272898,0.11187232738273163,0.8635639711053386,0.8290536506613715,0.872222886322352,0.9204432722018695,0.8823924766039725,0.13614138250604074,0.8134450653111748,0.1716283724832333,0.5028702618182314,0.8872576312293289,0.7170528323328536,0.788162120909832,0.7396358183907322,0.6742198136293291,0.8522517912320436,0.8780030476700295,0.7483164561152487,0.509377025504135,0.6590340272426515,0.5811494642731646,0.0,0.16330764044828286,0.7273345996258404,0.853842297652318,0.9193004761541336,0.8196886057462253,0.6446507643294827,0.0,0.8015899162699246,0.0,0.679804263406166,0.824146212596952,0.9822803484982753,0.7323010256137649,0.6249803141281682,0.7853435782693158,0.518893338767501,0.6374363496680314,0.7007530153866377,0.7927030422979082,0.9556533865781067,0.41404838584365516,0.8767917576655335,0.8680113233502964,0.3072821652830723,0.7670545948048493,0.9424416111753937,0.7748855567970959,0.0,0.8963838426713667,0.9887478742063854,0.8247776481182638,0.21555940336289736,0.0,0.8629231422377818,0.5623761326338923,0.9744443244687394,0.7268698170063358,0.906656891053224,0.10888577651550885,0.8290577642162951,0.628126692835696,0.7057114107419036,0.0,0.8329626258883633,0.6917544029783217,0.7754561857906307,0.16295479527391027,0.9090939291260681,0.19501763260736613,0.7039500628894323,0.20997249318855196,0.7942820157007571
attention_zero_shot,HS3ST2,0.0,0.247316480361999,0.35539709323587776,0.13179992800701756,0.0,0.0,0.0,0.4561187591017703,0.0,0.1996228045656707,0.0,0.4362533087945915,0.0,0.0,0.0,0.0,0.48273893665070405,0.06819371895131064,0.0,0.1448429816006485,0.2046249608981267,0.0,0.0,0.0,0.4467219404881386,0.36091175218212757,0.0,0.0,0.0,0.0,0.0,0.0,0.19578730455510626,0.0,0.0,0.2504360311595213,0.2499408863868601,0.31124102022086786,0.0,0.0,0.3558724027353294,0.09983806070722272,0.0,0.16465139867434384,0.23092656381596854,0.23884894211482785,0.2890088782875932,0.0,0.0,0.0,0.0,0.0,0.0,0.13152551445128816,0.3369947934872264,0.3280596304478103,0.17461698044722995,0.0,0.0,0.0,0.0,0.4226944128832857,0.0,0.0,0.0,0.0,0.0,0.0,0.28067930790937645,0.0,0.0,0.0,0.0,0.0,0.30487816383041716,0.0,0.0,0.0,0.0,0.29880348536617596,0.0,0.35992937099912187,0.0,0.0,0.0,0.0,0.07414697194278298,0.0,0.33388489643178215,0.0,0.16355835521723225,0.0,0.0,0.0,0.0,0.0,0.0,0.2872948765154966,0.2859147146312919,0.0,0.0,0.0,0.0,0.14075140049475257,0.0,0.0,0.17405437483957278,0.0,0.0,0.2916092040343191,0.28843132624129947,0.0,0.3528576676004285,0.0,0.0,0.0,0.3669549108993842,0.3252083564910733,0.31357694805350717,0.2844592503521076,0.0,0.36864214558218034,0.26894452766600063,0.17945005009706425,0.12270915208310228,0.0,0.0,0.0,0.1879116606099266,0.0,0.0,0.0,0.0,0.21280714103131299,0.0,0.0,0.0,0.0,0.0,0.0,0.0,0.12864107819993414,0.010350928096955899,0.0,0.16373810222620763,0.27231029247335015,0.3248867505034341,0.0,0.11317299740308688,0.0,0.0,0.0,0.4302551510063115,0.0,0.0,0.0,0.0,0.0,0.0,0.0,0.0,0.0,0.0,0.0,0.0,0.0,0.0,0.0,0.0,0.0,0.0,0.0,0.0,0.15307548261637038,0.0,0.0,0.0,0.0,0.5204034342718623,0.0,0.0,0.0,0.0,0.0
attention_zero_shot,NRG1,0.0,0.37302267438655734,0.13359373255407797,0.6573585621028084,0.5775491699402986,0.6308673051614578,0.4141021030235912,0.12051839346605205,0.8331394989553104,0.43774771367710136,0.1631363729654305,0.34845945922326793,0.4206276406887492,0.49259268884223467,0.7852098829685472,0.37116488012204013,0.0,0.6018163608009477,0.3765975154461517,0.623658763240858,0.1528342353091206,0.41038303893697575,0.0,0.6838757270691146,0.13702078576058688,0.37825349348668436,0.0,0.36465868046277894,0.4890714650991576,0.09302626363796038,0.3625436922108052,0.11984847276915322,0.41480166411642877,0.3369591717192187,0.7877643826972404,0.39324522188268196,0.09635836542495972,0.23110124224756018,0.6621996771014922,0.4751655903495565,0.577919834637348,0.5996621714589082,0.42368354028789834,0.13305826312360983,0.10072763335421966,0.5231609946642202,0.44873610719931467,0.3868857581189891,0.0,0.6775080083521922,0.7357471793461123,0.6227504842915191,0.7129493185943937,0.7325555504998648,0.4091478311306796,0.0,0.4435426758104906,0.7428350721167091,0.0,0.0,0.36281445265448536,0.3595136209845611,0.4021184315582364,0.3834840118264955,0.4001572297319953,0.36469909949117474,0.3585616992552888,0.3815635480853904,0.2795011402403371,0.45500956277243476,0.4502489048072628,0.0,0.3539656118103248,0.4296611703432457,0.29583074615580374,0.0,0.13248578675772996,0.5635908592452051,0.5635908592452051,0.435665110783084,0.698542858947782,0.3567594470610098,0.43007432026280973,0.0,0.4208722169602876,0.0,0.80288449603948,0.6670800245049231,0.0,0.7226993785495048,0.4002593003541882,0.0,0.4701974833951443,0.35378987000505907,0.37503710042009236,0.10441654817954622,0.0,0.4126382314308549,0.46174894431453883,0.6636416641827356,0.5330894533052029,0.6877372385401446,0.5212449334701246,0.5160727654139713,0.3795787321832288,0.43869338173974853,0.4415881106786775,0.040484170818371294,0.3366379145292922,0.5550337192215647,0.1236470355045107,0.4276732158716224,0.4559166020280145,0.7663154560048967,0.6086041181876776,0.7039507497343813,0.10815166265937139,0.398246561171376,0.17647904108640433,0.4281119496490054,0.585026220328065,0.32898705283544466,0.3930942622289269,0.5734126021434706,0.4603414716477652,0.44086302598239646,0.43333242114901455,0.5283518479393485,0.5039610283255318,0.45547713468883044,0.42293290130357486,0.0,0.4220428401598468,0.4871844411391915,0.4105651183279903,0.6494005417473884,0.6651003852470361,0.38348780925418513,0.0,0.562980130693159,0.0,0.524967519908566,0.8218623038066013,0.8467431146177838,0.4561882262997152,0.3221528858164162,0.3446531029704658,0.5051056916296719,0.37304593753978493,0.7415720437417601,0.5067323792120924,0.5540987331774466,0.4483006531687364,0.67857406736906,0.3618857581189891,0.3613668266039241,0.5788791160937669,0.7775159905863513,0.5798046203097612,0.0,0.8028199474563954,0.8417769698371586,0.5669494423932023,0.18781544448330742,0.0,0.5335602990460042,0.31441923420688667,0.6934428790594945,0.3841754155824793,0.6350202780165108,0.11432192508240499,0.605462179766465,0.4111687798311614,0.5244260508804868,0.0,0.6358661874186593,0.8016105504763912,0.7980332824812169,0.09890366389653514,0.6204687254345105,0.2125454911705432,0.5021458042220622,0.16365232237874552,0.49722210144801243
attention_zero_shot,NRG3,0.0,0.07570587320536314,0.0200071711318173,0.2764623538226405,0.35235344385173323,0.3172362526709833,0.5484424065194085,0.02123862237766326,0.35567251001959055,0.16957826144938967,0.029398208788279537,0.0901626556768144,0.18664147679788365,0.21615456445651474,0.6062910302843751,0.08757758624389823,0.0,0.25224252789767404,0.09180860066790593,0.28205799809624676,0.032969974662086204,0.08353226313437535,0.0,0.41973158775322245,0.030013125273633038,0.12302153011837207,0.0,0.08671304239481936,0.2173004636491728,0.020417991048523803,0.10329822358605785,0.026318481298342144,0.13170541715088485,0.09309351384755855,0.3880705348621416,0.13535039880117172,0.015111857219880918,0.02816698115850861,0.30451441723746986,0.22104458235666447,0.3054796533841295,0.3464137377599158,0.10069835848666163,0.05635715541464962,0.02108282667090847,0.20308919751736754,0.17656649078764455,0.11160034131894907,0.0,0.5745556086156446,0.6974969460506351,0.8029772503313477,0.3188943526166071,0.3203998302825704,0.13522708861983138,0.0,0.14999350329719202,0.6387957444993712,0.0,0.0,0.10913731855951556,0.08644857921545004,0.15021693182372978,0.11370173548558724,0.12633526165065248,0.11468368352427974,0.12384325401871675,0.10148889436151524,0.046360022203954084,0.1893210195029371,0.21848833836706777,0.0,0.09695059531189058,0.16445040248406093,0.05321114813161061,0.0,0.026305060482830434,0.47331576595318037,0.47331576595318037,0.15648969431721474,0.3214139645590598,0.10079935554880443,0.17357914259878524,0.0,0.17003614668655245,0.0,0.32551336847706447,0.2992272683615919,0.0,0.3326403945392215,0.1105663145266656,0.0,0.1461051114610036,0.35455425013669734,0.07513730683677246,0.028184254000713505,0.0,0.1455041021620906,0.18360431060513197,0.29862740623647843,0.23210349034572908,0.47482612202890206,0.2537395462234671,0.2191861040187558,0.09167751467902012,0.11521418166169853,0.13687780480796627,0.012641188428206062,0.06422356324552538,0.3008337201137787,0.022128525400149923,0.16150264267626294,0.13620113857147734,0.3605182021382505,0.26028217843835155,0.29698774236729286,0.015031463133045962,0.1437286566463497,0.044867574764731376,0.05724890060684097,0.23381067957804372,0.06020959054268003,0.12982926511899548,0.3049934113963206,0.16610495781238507,0.11169414724472129,0.17122185378989357,0.15129010546915192,0.24721080438643112,0.13603235165224736,0.1836883684715414,0.0,0.6028816261115149,0.20418816608764742,0.14510329630946553,0.2980499203423594,0.5481407768453121,0.1872787663826524,0.0,0.23997789927486535,0.0,0.18868413410834775,0.3458038036881969,0.3495064039830089,0.19081654578319143,0.07971762346602249,0.06881096062020575,0.15784493849184145,0.07611814612530048,0.48066842229707774,0.2473356300160195,0.25840606677759315,0.2371610379121937,0.34135086898795436,0.08027945405690672,0.2523823701634328,0.33449543185793174,0.3699103598625728,0.32161365402521425,0.0,0.4101884167006986,0.3508821143105972,0.25076630658943305,0.10131501434427062,0.0,0.1947103740800701,0.06798331500077713,0.3148698073386101,0.09386172656347218,0.28236778874545954,0.0173271786326697,0.23402053581983165,0.13808970926837863,0.2298976867711165,0.0,0.5607674422858661,0.7415544847526906,0.8310725649945323,0.021529193106912363,0.2657358802748967,0.048855034415414125,0.17383206731083686,0.03501254948068028,0.15575637885530325
attention_zero_shot,PDGFD,0.0,0.04384867881841074,0.013340081252707607,0.1391245122907925,0.16926418548212877,0.18627288062083025,0.4651813126050091,0.0136484539458273,0.17509575941278543,0.09064811959283514,0.023970000776755717,0.049923419453201515,0.10327633700544606,0.13603413639796824,0.43557208789791263,0.08686083534419824,0.0,0.1420188886051941,0.05464922522314796,0.14155211524264497,0.023264437250111073,0.06842778531299691,0.0,0.186076398936942,0.018710165143727597,0.07511101072429258,0.0,0.07934463392156135,0.1469952598132585,0.019146517309658637,0.07174858941770793,0.019653236014763098,0.07927655374229801,0.05385737656071658,0.19615219463807365,0.07362073919822046,0.009677408086569153,0.014127778800146028,0.15801244719395083,0.11335821512825618,0.11539974210754776,0.16547528523229046,0.06712683353896998,0.05142390873814806,0.016023379909387094,0.10381013084813753,0.10133764123489791,0.10423300241303787,0.0,0.3726765634407166,0.6620511632291656,0.7895306622488666,0.16514098386654852,0.15979548473516098,0.08082085143956826,0.0,0.0702128040863868,0.41709473471981784,0.0,0.0,0.08218677440615377,0.050338059769349,0.09700507780854001,0.07654303980751356,0.0904599561361524,0.08470271369677114,0.08881936744451069,0.08095202201511043,0.02694511140564972,0.13897733655071715,0.2318366544431558,0.0,0.06550417561452444,0.13029125301629735,0.031580588957833035,0.0,0.02552471752815788,0.40485673169295194,0.40485673169295194,0.08888026848894401,0.16470084650407005,0.04639752518476699,0.12355361886561955,0.0,0.1235241435876404,0.0,0.15375174713798487,0.1571343794482438,0.0,0.15058294690834373,0.06482387155301778,0.0,0.1046113218781774,0.29132219679261023,0.05730285549156782,0.026555444202897616,0.0,0.08403322323280142,0.10087064749648825,0.1599923575742025,0.14639637319338125,0.3126303677060285,0.21132987438216402,0.11236382007231255,0.06836043283573157,0.0790030358998947,0.0879485092127385,0.011452507990269438,0.04343041767209912,0.1277787575302814,0.015559604297014435,0.10190732802527408,0.09915576971594942,0.17259849646406344,0.15084417712695344,0.15158290362128551,0.009115970545770671,0.10447825732708149,0.03590014899548466,0.03361590596996028,0.14091100139913265,0.03860481570853255,0.08686083534419824,0.16179185735037518,0.09049401052957974,0.09201633654038589,0.12211598116547435,0.09551569579996254,0.13656958552299775,0.08190075918602345,0.08730324056597266,0.0,0.38943692770628485,0.11199128589574925,0.10423300241303787,0.16007284930906385,0.38649472459477946,0.07859077222101295,0.0,0.12634303322792476,0.0,0.10257137608428316,0.16625036152697928,0.16932289437177805,0.11110310829602701,0.05157973320310631,0.049634763053827566,0.07642288262376916,0.04966093995248787,0.2193187893058375,0.12544309634181156,0.15634950361955677,0.12285813224824879,0.17267438135903188,0.06948866827535859,0.1510933594915215,0.1764461778582294,0.1822703365943699,0.18272413931471987,0.0,0.2059874985095103,0.17082630951025665,0.13560298074033675,0.13152877002435218,0.0,0.12764195710502105,0.038567896564778,0.16600070754669008,0.07401167603974196,0.15174084691010473,0.011184688269209866,0.13178702968854772,0.08245773005813045,0.11374284964336064,0.0,0.4218512808853954,0.5256715336218355,0.6455548315716129,0.013291104525337119,0.15010706647355948,0.042068191911287314,0.10757600095423415,0.0373522275075813,0.10395782232968234
attention_zero_shot,CCDC85A,0.0,0.2938205859279279,0.06616769967885841,0.8123768966102763,0.5490151875574472,0.45873851223139067,0.12078538522087304,0.05636360134477644,0.8928950199935425,0.5475807231031549,0.10400984101813712,0.3096119881836117,0.373010720959521,0.8837118434397899,0.529405568290776,1.0,0.0,0.8716097311506171,0.3398331773007558,0.6691397978208219,0.09010486518936786,0.48304799737100373,0.0,0.6881742032922038,0.09041908812040021,0.5121094585342514,0.0,0.7777292234378983,1.0,0.09783001309496249,0.5201579516937475,0.06885337062761378,0.5198476670928368,0.3714381115682875,0.8006871141915644,0.44942337943518096,0.034127049182326695,0.09268051474218093,0.9014739729076571,0.6921568177543991,0.2080137949506448,0.8109174227768414,0.3777104391055495,0.13569022720397642,0.07030068328238795,0.5632583901459277,0.6521739130434783,1.0,0.0,0.8571428571428571,0.34634916615206934,0.15102805812870082,0.9858482636835977,0.6983706838835976,0.4736863878501101,0.0,0.3574270251478596,0.48560417311463616,0.0,0.0,0.539024449410253,0.310553895043912,0.36718252145005625,0.5200941176651565,0.6241129411981877,0.28066279318249204,0.26646525260823156,0.6058756302831253,0.15531622028299757,1.0,0.7283031987529799,0.0,0.4691775845750637,1.0,0.23686478450218737,0.0,0.1706653588529533,0.42857142857142855,0.42857142857142855,0.540344498821007,0.9821897337642906,0.2591642337802291,0.7943693388720446,0.0,0.7272030074445199,0.0,0.8011669622701283,0.9338768448755117,0.0,0.7683554642883117,0.3998425434505943,0.0,0.7223752455439285,0.11281394263215165,0.522664770404446,0.1980822836603114,0.0,0.46457504482934553,0.6333333333333333,0.9437724249386997,0.9472955923220997,0.716805007904797,0.69896836550238,0.48124478339759347,0.41253884437133836,0.5360669086880276,0.5649390201733884,0.04061225838815879,0.42857142857142855,0.362392761833202,0.05140514554871691,0.6185354401923178,0.7116747191352538,0.8657328569759972,0.9335446863423867,0.8786229472716777,0.052512418108601015,0.6843911489123735,0.1289459349825542,0.20541220099912333,0.878090097468544,0.375,0.6363636363636364,0.5850746378664586,0.4937747285680576,0.7341787453695474,0.8457861048095104,0.6065996872448174,0.2843170346928424,0.4872861827180867,0.431931552411972,0.0,0.15153798072331393,0.6556069288128396,0.7777777777777778,0.926214243564747,0.7,0.4198005479345773,0.0,0.7674418604651163,0.0,0.5953132071865982,0.8038055487804847,0.986502833746318,0.6394232567452776,0.3308724261472319,0.5,0.3891475419006119,0.33507712669609596,0.5942915899274926,0.7286362619304279,1.0,0.24471142407619467,0.8673379027024049,0.75,0.21849864123246618,0.6121421103114375,0.9535521115887606,0.6502901040171497,0.0,0.8953514537028083,1.0,0.7960455860187335,0.11590971632092166,0.0,0.8237539986600028,0.28145540184793416,1.0,0.43918449605515864,0.845358287119755,0.04384183621008731,0.7926319476503912,0.373732020890684,0.6487203522609803,0.0,0.6666666666666666,0.4840277963796012,0.5096887062483209,0.05268449717177052,0.9142437074559037,0.17234732309105105,0.5764298802670782,0.21504502395628985,0.6728985612281206
attention_zero_shot,LIPG,0.0,0.3981879551061102,0.5523113789263907,0.17951202398948005,0.04208052648706817,0.044808383881803075,0.007159549958844815,0.31432853392363874,0.08215894622920136,0.3903662959961332,0.012347094596245585,0.4735661690262345,0.028551191442540112,0.043068088786533884,0.07837743228477195,0.010609448259867095,0.5385275469885653,0.15516699419327906,0.05388560576984821,0.1992476093291579,0.3009672995860283,0.01311537207679764,0.0,0.05054427500056817,0.5213720257733779,0.2878787663921475,0.0,0.01309710399858435,0.0395959765412897,0.05980962765916561,0.12701420290023893,0.007616300452111258,0.2493411170854725,0.01842130883466784,0.062242855380675165,0.46224751170291306,0.26467710106606823,0.3134261765277075,0.06979009001881152,0.03870680723973592,0.29141860283757276,0.14812958717504082,0.029265951502207968,0.26586169177907115,0.2888099818314673,0.23722660104898824,0.2595670661916426,0.01511846377031061,0.0,0.021910817058421177,0.07248508439792428,0.03673123999791607,0.07540726260434423,0.17161794824816196,0.3196946652721647,0.5161111120067534,0.38272796327009345,0.13527067779487476,0.0,0.0,0.023983688387624543,0.3828043511523969,0.043439196558706754,0.023355987806557572,0.025152602253215847,0.026449243468149985,0.025483245831211778,0.019669049636788574,0.31436469871174677,0.03225272270999597,0.018206416507093325,0.0,0.01659410162347889,0.02629298047010541,0.587080218870699,0.0,0.00837144755443502,0.00876432682336847,0.00876432682336847,0.28515407508199114,0.0723085604961286,0.26873477192030526,0.03140379352568942,0.0,0.03213041748317672,0.0,0.16100157822837977,0.07229725355847566,0.5220384406422005,0.0808277094702016,0.27473126119517205,0.0,0.025378661786676117,0.01413569513506161,0.012212454186171345,0.008820593365853783,0.0,0.28603479676853594,0.25553612144357735,0.06897553593417302,0.046338682338086384,0.03508795924149242,0.028799160438471146,0.35426164993295883,0.024018865945424503,0.02720901368268191,0.23944419966704789,0.004803282775993725,0.00876432682336847,0.26035611397237823,0.5565407649440762,0.023176467763705643,0.2954658418476582,0.07192890967384467,0.05690372135495149,0.07502532532946474,0.5533186836466647,0.26332471006745284,0.2685671813732017,0.2427548045130613,0.051221702169744816,0.5617963770329378,0.5418267411127234,0.43526689620572534,0.3687765641842061,0.020996963716399367,0.03355383572795155,0.03456278675187782,0.4536747862079042,0.03606247554090438,0.03712438208847666,0.0,0.06745171914006956,0.2242233799825145,0.02418954203249698,0.06950618906070903,0.023259175031247095,0.02369641062524784,0.0,0.05466563171185757,0.0,0.3066105537018426,0.1042990181453441,0.0884904455650107,0.3591279757783138,0.472233723963789,0.2126804830486565,0.04214771132677321,0.1664927451621097,0.04194585468083731,0.04884728774256153,0.05183473292677924,0.3349963068044492,0.061195090915921894,0.01007897584687374,0.02578639170977092,0.04067245668708927,0.07498760346550912,0.035975979638650825,0.0,0.06707540395711037,0.08809771480971121,0.06463253141166438,0.01282189757833928,0.0,0.04118153123726818,0.013155740257720639,0.07223266023592848,0.020882123968144845,0.06686577005084977,0.02243032800633225,0.055825451381315144,0.031332668477499,0.33217707780773464,0.0,0.013744057973009647,0.025564646702163952,0.014086316080271723,0.33785302682528906,0.06039053671798436,0.021699052218049356,0.044103947944073484,0.012163920094946207,0.03496005204078664
attention_zero_shot,C1orf87,0.0,0.0,0.0,0.0,0.0,0.0,0.0,0.0,0.0,0.0,0.0,0.0,0.0,0.0,0.0,0.0,0.0,0.0,0.0,0.0,0.0,0.0,0.0,0.0,0.0,0.0,0.0,0.0,0.0,0.0,0.0,0.0,0.0,0.0,0.0,0.0,0.0,0.0,0.0,0.0,0.0,0.0,0.0,0.0,0.0,0.0,0.0,0.0,0.0,0.0,0.0,0.0,0.0,0.0,0.0,0.0,0.0,0.0,0.0,0.0,0.0,0.0,0.0,0.0,0.0,0.0,0.0,0.0,0.0,0.0,0.0,0.0,0.0,0.0,0.0,0.0,0.0,0.0,0.0,0.0,0.0,0.0,0.0,0.0,0.0,0.0,0.0,0.0,0.0,0.0,0.0,0.0,0.0,0.0,0.0,0.0,0.0,0.0,0.0,0.0,0.0,0.0,0.0,0.0,0.0,0.0,0.0,0.0,0.0,0.0,0.0,0.0,0.0,0.0,0.0,0.0,0.0,0.0,0.0,0.0,0.0,0.0,0.0,0.0,0.0,0.0,0.0,0.0,0.0,0.0,0.0,0.0,0.0,0.0,0.0,0.0,0.0,0.0,0.0,0.0,0.0,0.0,0.0,0.0,0.0,0.0,0.0,0.0,0.0,0.0,0.0,0.0,0.0,0.0,0.0,0.0,0.0,0.0,0.0,0.0,0.0,0.0,0.0,0.0,0.0,0.0,0.0,0.0,0.0,0.0,0.0,0.0,0.0,0.0,0.0,0.0,0.0,0.0,0.0,0.0,0.0,0.0,0.0,0.0
attention_zero_shot,CENPF,0.0,0.46303130387892494,0.12381919069402059,0.7989409841849864,0.6263548622509504,0.5197065472448084,0.25755565798010027,0.15203612959551144,0.8824529067405141,0.6359549146401676,0.1307598046435888,0.4395370169571895,0.6757939724492373,0.7555575472331244,0.5753207246920402,0.6928365290899806,0.0,0.7816225996327582,0.4827955436027555,0.7138246488886549,0.12885707211167804,0.6617164534459552,0.0,0.7460082796264264,0.2567890938193426,0.5806858366893417,0.0,0.6663856365745994,0.7849855703629863,0.11855015973819115,0.5982552367081097,0.1302761636015981,0.6290949090785113,0.5028889521807312,0.753755951166014,0.5463405517645479,0.08237047633350217,0.2691326191266512,0.8316685340800715,0.6688425713777428,0.3853312297168778,0.7383710775603283,0.5647244229589704,0.14405164429209366,0.11209000494937797,0.6322009721780286,0.6475504173387705,0.7067985050404361,0.0,0.7019826844355836,0.4900054396697002,0.22097101871438848,0.8973382403205239,0.7293362186199278,0.547423269059564,0.0,0.500267678383831,0.63987217511016,0.0,0.0,0.6638838745726244,0.4595438200463914,0.6151830668828351,0.6413943577012018,0.6872082403941447,0.5185389511590586,0.48156518962025796,0.6896732292414421,0.40660817834587587,0.7610950781810959,0.663307762641978,0.0,0.5762248462488032,0.7419826844355836,0.5286672857758858,0.0,0.16640346595914962,0.5819826844355837,0.5819826844355837,0.5808637462012618,0.8864108572507338,0.4067535223193526,0.7842173724744982,0.0,0.6758667733407945,0.0,0.8305852855488207,0.8529504433852099,0.0,0.8438646091048635,0.5086525766700667,0.0,0.6704756987974599,0.23732874310843616,0.6118981555548445,0.1898807654203454,0.0,0.5424633648743183,0.6364493148101998,0.8942250104106044,0.8461897501884015,0.6781500641506041,0.7778314675402198,0.5832786270331995,0.6725262488905307,0.6015966588433758,0.606777345863346,0.06736042512020184,0.5819826844355837,0.49780626950098095,0.10028424544901629,0.6870517336205668,0.6649866512261805,0.8159350259305855,0.8084437995977828,0.8290224130856242,0.11809278229359006,0.7220412775913125,0.21670461363774576,0.4120476613387384,0.8204085257532351,0.5595987350342151,0.6396402452030894,0.6297668817821372,0.6670614632662809,0.6647766492961199,0.7145510056780248,0.6763456975021301,0.470054582299301,0.5585276140504978,0.562138977119004,0.0,0.14201707839881875,0.6760801642119091,0.6870210041070218,0.8853515833025836,0.6624845396746283,0.5338907550222115,0.0,0.7303207723096654,0.0,0.6557485895362377,0.8626734807819182,0.9504539709650109,0.7314967365517411,0.5911672857758858,0.606231962953733,0.5855875163167288,0.569623066368963,0.6128202528012909,0.6922203176546579,0.825663975969989,0.3618386614125568,0.7921061408921513,0.6613439595858905,0.36280601176984173,0.7026141225521544,0.8796788103031278,0.6455732930650556,0.0,0.8664442986752354,0.9529165482546686,0.7472867537828105,0.26088982725027005,0.0,0.721316346629051,0.46154900955978906,0.8959607598530579,0.7417713201754889,0.8989950688901738,0.09723358654930456,0.7348062466542753,0.5155670425041334,0.6468739866115883,0.0,0.6478986296203997,0.56999951686617,0.6046955221851136,0.20511386585413638,0.8075737156446716,0.16775336012996064,0.6980633982310352,0.1744724959779381,0.654749948608231
attention_zero_shot,STAB1,0.0,0.3821315355296096,0.31146059977783996,0.7737997399588894,0.4661399172160986,0.4934206835926853,0.13635244528721996,0.2829202392928441,0.8541644520073889,0.5807739738353436,0.06762760859328862,0.46573193936996593,0.3313991028899401,0.5798156856834354,0.40344421207455494,0.27966688725410394,0.12763886589750578,0.7323236523600885,0.3569454251165801,0.6752583552558382,0.2658462845067096,0.2335836642903921,0.0,0.5384930447644964,0.19861524763396438,0.4174093583921817,0.0,0.26668611852314156,0.5883810784309166,0.1325926063911185,0.2925043244203538,0.11368386188820147,0.5745035085149495,0.26476167024452535,0.6689528568708945,0.5549000271976124,0.3839955646805821,0.5045981650984941,0.76772805723318,0.49637652732972093,0.3390879147771603,0.6130214193782327,0.30375229754654526,0.21689755838688252,0.200170645930378,0.6488590093697515,0.5451223194576416,0.33507712669609596,0.0,0.39725016544057795,0.2477370287120916,0.09864827001658719,0.8462313501409233,0.759817751481629,0.5047035508220857,0.12607076962302372,0.4534576073197123,0.35715588788709285,0.0,0.0,0.2892901495411958,0.4536224032539663,0.4036210688362334,0.36415429548754225,0.4024863265914941,0.26082138870138927,0.25371712586381184,0.35295251282739915,0.43718380067580254,0.5197779248360693,0.3150547893044751,0.0,0.2758478038687474,0.45975016544057795,0.2702092739450102,0.0,0.17604712144563586,0.20975016544057795,0.20975016544057795,0.5262625408680442,0.8279405527310294,0.4286933567375868,0.45470326873208683,0.0,0.432497082684928,0.0,0.8322427405108742,0.7901466849321125,0.11366371091227041,0.7526028752907714,0.45779665820240306,0.0,0.39893447907834384,0.22734426731712432,0.3618751312977467,0.08505252263285298,0.0,0.5126035680283947,0.5909674368301544,0.8039324046878426,0.6783277346229772,0.4823726069781075,0.4969003211035153,0.5336501807237783,0.23586268898750692,0.4202551775055522,0.6080331032402885,0.03038413386968997,0.20975016544057795,0.37007597447295737,0.2524202424636064,0.3866283574160226,0.5070796261866024,0.7624607310630149,0.7411073603478666,0.8102064902000004,0.24811653933392666,0.44888622325310656,0.2111898408649708,0.2943512567161657,0.7261632279311994,0.3396599942529152,0.46142228342772534,0.5309099833009431,0.5187114314247381,0.4304361927653064,0.46388756290233435,0.47028261660717563,0.3652028688033833,0.3529670828043023,0.6549591123806867,0.0,0.0856125036881854,0.5985025778834349,0.40866681372495817,0.7727541369294878,0.38715803405522353,0.28817738315142544,0.0,0.6414615893663316,0.0,0.5582305724407484,0.8085649143626792,0.927726814045162,0.5677774129021211,0.34079732008225133,0.27862498257504775,0.3570557685292031,1.0,0.45935586932483885,0.6806342088168527,0.6912858088231875,0.41745952312734225,0.7017814920963517,0.25815404977301903,0.3175293595337769,0.4781807158883652,0.8307764943163785,0.5232629393866685,0.0,0.7915904156593939,0.9324687706800723,0.6542037604537471,0.07766130479406808,0.0,0.6033055004845685,0.2462187099721215,0.8369057103216838,0.23937017286364862,0.7433504533200014,0.15245504734391152,0.6588893921348332,0.36842972736008867,0.6552619032518517,0.0,0.2904001764699498,0.3173508163643027,0.24523897442421833,0.22197545314332442,0.7473052494061518,0.2228455989254362,0.4784174270439097,0.22255408491808326,0.4908705325103582
attention_zero_shot,CMTM7,0.0,0.7711522402004862,0.1867542807613069,0.8733467835779053,0.8168126152889523,0.773472264882098,0.2875450246507929,0.16874537747399446,0.925924376294837,0.7753692554340126,0.17485652907034366,0.7176268842936268,0.7820496175407683,0.9523231582506106,0.9233638148454247,0.9787234042553191,0.0,0.936181562114129,0.7780728679064862,0.7906020732087414,0.18551797730800962,0.9094379604234711,0.0,0.8796710854249955,0.3346545560318258,0.853229188942467,0.0,0.9606441019531582,0.9821428571428571,0.15306736742749238,0.8926218429062495,0.18736680220575988,0.8444719033495333,0.7945607003142454,0.9005359098314243,0.7471845500102071,0.1445700324296195,0.5673397507341814,0.9373357491664,0.8851583565052674,0.6586337993744418,0.9185590903918265,0.8248416370607329,0.17444417067739978,0.15634051463843288,0.6962264984202283,0.8656716417910447,0.9791666666666666,0.0,0.9895890585898718,0.9067640039863022,0.40588466138140106,0.9819178094952821,0.746757613036544,0.8043998047843661,0.0,0.7026575427870264,0.9166180588743621,0.0,0.0,0.9028532083904203,0.7550331165297889,0.6867535816428839,0.8793058823568192,0.9118727668885532,0.7750311335045945,0.7332641911938705,0.9262966551368995,0.67946239865326,0.9811320754716981,0.9473963838503576,0.0,0.8756536987331945,0.9803921568627451,0.7985535686729418,0.0,0.21807240297877392,0.950748299091698,0.950748299091698,0.8111169220868618,0.9797858639239708,0.5882972932976241,0.9406920495925908,0.0,0.9236863587381114,0.0,0.8256208482027347,0.9548594693313083,0.0,0.8111106250851223,0.7847959993320163,0.0,0.9300694899155423,0.28790646982378304,0.9227197724485334,0.25310514023262026,0.0,0.7653576851961295,0.8378378378378378,0.9609121145049463,0.9692788246192267,0.9477845548653121,0.9257348825004407,0.7575135116318452,0.8726923785872849,0.8890315635557874,0.8724421237728953,0.08547155033324916,0.9019607843137255,0.7649239813789915,0.16203731471674324,0.9220823754142027,0.9321711787210808,0.9198731614006542,0.9618393010620189,0.9173782179863758,0.18363991829791487,0.9230353979467358,0.2010721239007463,0.736066312812226,0.94627815545892,0.8846153846153846,0.9090909090909091,0.8693131267368751,0.8112958023442586,0.9481014494443457,0.952923352742502,0.8784265832652847,0.7332398607977819,0.8189693821089203,0.7476553904892513,0.0,0.19623262513682357,0.8325231179657777,0.9433962264150944,0.9520369249802773,0.975322439787237,0.821911628112915,0.0,0.8735632183908046,0.0,0.797797772051534,0.8390189891692916,0.984246585497218,0.8487947596073591,0.8212450683803663,0.92,0.6832101345866696,0.83080706398332,0.8436728411762525,0.8871870514240681,0.9841269841269841,0.6492093093953211,0.9278020562160822,0.9583333333333334,0.38004636883053305,0.8762883375778882,0.9720160183421982,0.908372253542599,0.0,0.9583300475057244,0.9938650306748467,0.8921178054786819,0.2675628011815691,0.0,0.9402164824351731,0.7752612456977873,0.9886363636363636,0.8858992540471023,0.9077694200953549,0.16109218120002003,0.903922280573443,0.8163285389041824,0.8008919785822105,0.0,0.9771908083347179,0.9316823208806638,0.9700150510946398,0.2345309874098174,0.9527614417884069,0.2138856568941282,0.8396699588976537,0.22177070840405197,0.9078540578239573
attention_zero_shot,ZNF385D,0.0,0.3370695360724701,0.3322640827857581,0.26049770574704667,0.17467439281148306,0.3082610807433228,0.05431520290882577,0.3168352235370865,0.27861929854747436,0.19623389660129625,0.4014190567273354,0.2174438758816493,0.13151414490451493,0.2595604942865936,0.16731753358114174,0.2289961370868748,0.0,0.3982225412509582,0.3250009392226841,0.24910052553437756,0.3616037342523108,0.15247160324844386,0.0,0.23178164102787005,0.045552424997235934,0.2601062811842554,0.0,0.21078669007823977,0.2788416859458666,0.32686107945753184,0.16800597558024977,0.25475403772224725,0.3074919878596998,0.1216806810803403,0.24691704858877353,0.14262291553450743,0.15180431790648102,0.128874538137478,0.2753623787365692,0.20888052137148827,0.2223582056821808,0.24491086730841735,0.6604530116339915,0.2876704330070435,0.2605161929783887,0.20835943558188608,0.19687851710552245,0.24086412491044432,0.0,0.23101929780768327,0.1179409774534166,0.06548178216287583,0.3303318021250688,0.24020317681259415,0.26478436023861374,0.0,0.34255679871237266,0.16195810320435994,0.0,0.0,0.46759604679196354,0.2700231553803227,0.2104342609410233,0.16907780169840217,0.19508977119046406,0.12300766128329547,0.11083750246721147,0.19120229217723103,0.17569459615468722,0.270534094469368,0.2036126090105124,0.0,0.14731240543337187,0.26222650299286937,0.08788070214862478,0.0,0.5703842289275739,0.13739768225212487,0.13739768225212487,0.24802875228555968,0.29699342977259435,0.16459316690544057,0.22923692914048335,0.0,0.21482342829321877,0.0,0.2682266488204861,0.3558414685993439,0.0,0.29202456959958756,0.33013619164446334,0.0,0.20844299145727246,0.32762282054920094,0.3743854038158867,0.3928549995890416,0.0,0.2357847202754702,0.1929433227924554,0.28650056448306216,0.27670849693790234,0.21280729583987457,0.27918085021481903,0.2845827974061641,0.49246655015357166,0.6593102570758943,0.40707069099171395,0.04705469371374283,0.13739768225212487,0.1358494974541939,0.23442745040269314,0.4599373707624355,0.5606334871205169,0.29621780409158743,0.4341020250028141,0.3088293218956491,0.2495431001558136,0.20155096941834705,0.6536267824332527,0.4714177076564806,0.44778323534318415,0.12490698386556807,0.1873046449949067,0.31773615459524773,0.32477996777709717,0.67816197130472,0.46280971956929223,0.5199408027055535,0.25513508749197333,0.4594023378382188,0.22005827100524444,0.0,0.059783534553213814,0.3136318519664619,0.21852208582739116,0.283506910535072,0.20171269460989952,0.137705116848849,0.0,0.23339431256689327,0.0,0.31923008429955213,0.2953766143155092,0.30446736367514815,0.19702979842056448,0.11329641778728561,0.15266409139124987,0.3640388163797965,0.25977352463082287,0.1877736870619579,0.2288277682609078,0.2894149841886831,0.14808529430073764,0.2631990805003877,0.19628240321732124,0.3988813673509203,0.3246455737488232,0.2912703988926979,0.403871891892557,0.0,0.2747135639782851,0.30798635112571443,0.42866380576218405,0.20201537267616618,0.0,0.5368349555097619,0.12296714895324026,0.3014666159244164,0.35597496518508676,0.2601829655645953,0.21585230497190502,0.4856831292459094,0.3963692810844745,0.2008928806561503,0.0,0.18733876381923445,0.15528993527045343,0.1589855599520234,0.029563817820171538,0.4730533255274794,0.8735258408401542,0.528929856327921,0.7594607606531614,0.644355768807497
attention_zero_shot,IGFBP7,0.0,0.2077677818728599,0.04319795901383436,0.7541512859761091,0.5426029705677312,0.4499971456264895,0.3562202267486594,0.042346876717852464,0.8715895590108829,0.4718064507577511,0.06282482528498969,0.24463549398361012,0.3240415707703646,0.6449154822549831,0.6712508718630067,0.3004794540397509,0.0,0.7214820637737966,0.24801996713332491,0.6297345654820216,0.06587117612014148,0.23209763449291945,0.0,0.6173904292221296,0.06101041072364806,0.3617898556602871,0.0,0.27941694734106665,0.6708138607245886,0.04546373054963222,0.6519511363535462,0.655325136811983,0.3809171147821334,0.2692149896714779,0.7255693933289026,0.37651873161831173,0.02709226919655518,0.06803942308188099,0.8069640797183927,0.5361203386600149,0.20193776108161646,0.6505466820331793,0.25347461094506246,0.0973227574898454,0.0437713113757038,0.5284374073049927,0.5144227011542145,0.3782039591464452,0.0,0.5861735393142403,0.5916226905866527,0.4080180834338375,0.8889113218221945,0.6857611891399127,0.36780794831680497,0.0,0.29784453781232734,0.46971050025675903,0.0,0.0,0.3843787323175704,0.23096375271422484,0.31313636645156123,0.33205676731175787,0.3763310029533256,0.1937289525914289,0.24001987535245956,0.3037470870249903,0.1095580379797649,0.6002739737370005,0.34305952953053515,0.0,0.39440404992169725,0.5336529693598339,0.14315487449203318,0.0,0.0666716224261858,0.426679669468821,0.426679669468821,0.4372855343901623,0.8742071252053996,0.22597150506824423,0.5088686474944061,0.0,0.47825127774424975,0.0,0.7957340815504518,0.8326162950282127,0.0,0.7431398865092007,0.3037174662307808,0.0,0.44183920585048614,0.2821756253598373,0.685438568613153,0.2845829233797198,0.0,0.38349061172299215,0.5258238752090859,0.8306867548881574,0.6933602433081715,0.6579348328121658,0.42623461915612043,0.40618507628084444,0.23528160506875942,0.33128572674289447,0.3938960467459416,0.02411936145394041,0.2003196360265006,0.3247056899535927,0.03969333308941603,0.3347783964505038,0.4149220074668065,0.8073777266004726,0.7520313139494926,0.8102766581752341,0.0333358112130929,0.4165164747627828,0.08853779562205907,0.14048318609201893,0.6786255032675556,0.18491043325523132,0.4002397270198754,0.4847932389732347,0.384309085335119,0.3462643731395719,0.5241131120275407,0.43378241086833735,0.25195422964566433,0.37064790266914727,0.35744987322975974,0.0,0.20304056213807237,0.5611142699897618,0.4574168308798576,0.8173135022000443,0.6222886369296787,0.2972929521457191,0.0,0.6750799090066252,0.0,0.5141147889226213,0.8008702109341927,0.9557180219104878,0.5208832363887657,0.2124236630725923,0.21853051202890975,0.3372719893049987,0.2088799044092919,0.522331926459997,0.5873247393526235,0.766826484679917,0.27338446167450536,0.7470243934049898,0.2670928480353341,0.20294224855488005,0.5020107605508496,0.8827531631696922,0.5030889183899867,0.0,0.8378504298032952,0.9548696421961129,0.6920366701601958,0.07968851693188565,0.0,0.5755995586083182,0.19434925502525316,0.8857925639248573,0.2397497212010311,0.7831017995342542,0.03306233568770954,0.6585341798288046,0.2563594269794739,0.5801530999576431,0.0,0.4950992458332012,0.5783599620050204,0.4895502698453864,0.0396569191775159,0.7576563466994942,0.10489350530309417,0.45220438851645733,0.08639591802766872,0.45286205157130976
attention_zero_shot,HAMP,0.0,0.08833028277181797,0.024450640044617424,0.2853157266670347,0.32453508638744827,0.3209124122820498,0.4709190116790933,0.024456726519696378,0.3539694922745798,0.1807639284638213,0.03588068217865596,0.1002957087387048,0.1569683339435515,0.24326854725940902,0.5163834531750413,0.12528354904816946,0.0,0.27190969109020324,0.10518612736353886,0.29470935375675367,0.03776786667964012,0.109014033828175,0.0,0.3299612641301181,0.037215782213841656,0.14166887343598067,0.0,0.1204755001488477,0.2505670980963389,0.02708265446923647,0.12647290733123037,0.031112040580866297,0.14952247244473546,0.10710893466538902,0.3846458184218873,0.14622288105999642,0.01712902699067361,0.033179082410046384,0.3098707346452675,0.2086108170304003,0.20372398038058392,0.2894055776023739,0.11810765418780295,0.06445284572621059,0.025957639298880224,0.20885058022227038,0.19440550714371124,0.15034025885780336,0.0,0.5107602315459296,0.5866458911279993,0.690842455745445,0.33272171809908746,0.31404367411891465,0.15021511172294544,0.0,0.1305530843157438,0.5646650492777552,0.0,0.0,0.13463552721749394,0.09848770961479093,0.16031763522368858,0.13545740013679944,0.15238957515389936,0.12913383054344488,0.13643369089626287,0.1297332237056441,0.054647716951004184,0.22551038828670503,0.2664168759195722,0.0,0.11801528256920975,0.20238111769319683,0.06674218758230391,0.0,0.036007229287353296,0.4637004214534851,0.4637004214534851,0.17094963011676242,0.3279286039804097,0.09364773749159529,0.2036589530663273,0.0,0.1980511903600941,0.0,0.3191336204579301,0.31361694816298485,0.0,0.3016881556956508,0.12432814030537902,0.0,0.17463065619054438,0.4312880071528701,0.10134339903878826,0.038842993613146345,0.0,0.1578069858668156,0.1983656193262683,0.3144910167619701,0.26066737550218827,0.4562968473698847,0.2973790134238429,0.19792367310263667,0.11339960981081293,0.13842752613664214,0.15773276206351758,0.015926261583014113,0.08673476472565578,0.2413369274807604,0.02508414599614551,0.15240048131590375,0.165307856564384,0.36284455268824484,0.28310760675926316,0.30723333665763386,0.01895117330913331,0.1719571445240587,0.051927928270469825,0.06796798883623814,0.258111443112918,0.08053942438810893,0.1547620311771505,0.2930295874348905,0.16218641845641393,0.14399304618139522,0.20288699131054558,0.17250731927319504,0.23287455540353058,0.1521902478024377,0.15751174249568994,0.0,0.4851840702529293,0.21782090001445548,0.17539696866743723,0.3135662128614485,0.4939838992734242,0.1339177939105031,0.0,0.25312390521977096,0.0,0.2007189510187331,0.3389263404678308,0.35558535680495723,0.20735689682310138,0.09589931045015695,0.0939626617861271,0.14468175712890904,0.09277260849378709,0.36978786422520904,0.23138178223574368,0.2856464918298264,0.25521434552543154,0.33566621561155086,0.11275519414335251,0.2337526839497038,0.30592504595254544,0.3690140139190953,0.3142822467843914,0.0,0.3897861332547594,0.35780981608157186,0.2655603311656444,0.11948684133184805,0.0,0.22239133612560935,0.08049019511545209,0.33074856948716735,0.11732318962197812,0.29562113547712426,0.02005358981697684,0.25208452337384046,0.13037752115877974,0.22490070523753133,0.0,0.5024118283329065,0.678162078350175,0.7654733195304124,0.025911476276569107,0.28619677007785077,0.05832981014277386,0.19148250273746853,0.04645621608477311,0.18079381309010598
ig_lora,ID2,0.0,0.6878831472674494,0.16762607542969765,0.8269262866572257,0.7986729562622485,0.7306709223866374,0.261632868606577,0.1524387161607061,0.8960295086735202,0.7115936663620779,0.2181580310061519,0.6459317447147933,0.7009408743269182,0.8591806924966163,0.8006531510735635,0.8597921110153791,0.0,0.8585795393509575,0.6958557119055863,0.7906568058719025,0.16764350893248023,0.8924931986548079,0.0,0.8303322659235622,0.30185648753512795,0.7632833028435742,0.0,0.8448146066701034,0.8815485075819582,0.13750289659872214,0.7916320170837687,0.1710373363391703,0.75761049136601,0.710571347070016,0.853703493376101,0.6801276042568716,0.13100905037894972,0.5077580119042435,0.8768635590760924,0.8009717404865068,0.6212772000869422,0.8370261655199682,0.7766123351739498,0.16087999326704172,0.14083005536959767,0.6704783158607553,0.7844900498515011,0.8625962687950716,0.0,0.8882561042704833,0.7798003429503376,0.34994961542098274,0.9223869709316393,0.7344008839209681,0.7249942081203784,0.0,0.6525937168744603,0.8148228781003108,0.0,0.0,0.8193599893280371,0.6759117519223476,0.6612874446852716,0.7822576353747491,0.8101954080667044,0.6903397455787256,0.6559204963730856,0.8183196764478387,0.6230007139962133,0.8750875170864286,0.8365313967744511,0.0,0.7770309977206891,0.8703738384859165,0.7277708694947804,0.0,0.1942483957987763,0.8810997385802148,0.8810997385802148,0.7358782864098734,0.9164189260099016,0.5916309233790134,0.8611966300745386,0.0,0.8251077505015141,0.0,0.821895676264565,0.8927099478376627,0.0,0.7857999900140779,0.7047992558186271,0.0,0.8748769741389827,0.30239551411665216,0.8128038858111586,0.22470442428036339,0.0,0.6952161016813414,0.7648659663125471,0.8950938100815791,0.8755894018855995,0.863921036192754,0.8235624481210245,0.6910293933169055,0.8389922802596887,0.7899394637775768,0.7803917826615476,0.07783620207370953,0.794902140372709,0.7764479535635892,0.14662116925280297,0.8162610548387429,0.8279070165812884,0.8874913661454976,0.8790697987424408,0.867334858370418,0.16461728457523417,0.820959373729952,0.20107711124071934,0.7217356350211173,0.8589638695321887,0.780181730365807,0.8092949726272557,0.7945303217052523,0.7316903216930276,0.837209344460978,0.8497799015687264,0.8496327342956569,0.6684687691282136,0.7933059329752813,0.702539962499807,0.0,0.18440396561591366,0.7915923840369062,0.8387238807227922,0.8871575945285134,0.871863505717257,0.7343876627720856,0.0,0.8104473420197031,0.0,0.7731095633255435,0.8263919791243357,0.9521659276332572,0.8149734212632276,0.7601420227310515,0.8101887199952611,0.7475971980165892,0.7370477302847935,0.7743028823150614,0.8076861970142856,0.894304822150055,0.6384861726812325,0.8579753406956117,0.8425962687950715,0.38805627134579945,0.8005734710020981,0.9221252822313255,0.8253993186912618,0.0,0.897429464359604,0.9583625056954762,0.8255951916998139,0.2667364958263057,0.0,0.8443728236832269,0.6905626667658811,0.9236645937750397,0.8361172333176867,0.8668805371737667,0.14548000851244944,0.8548703375191724,0.7275729963549117,0.744479911392408,0.0,0.8725130610610162,0.8149241718738213,0.8501682638926413,0.23481439236197718,0.874711314169174,0.21661165801021437,0.8318149215686215,0.19779876900704324,0.8340720621005844
ig_lora,HES1,0.0,0.18285845560551156,0.07196194471085847,0.6179259348177734,0.3717312632942892,0.2930472100055923,0.12610763531404467,0.2956274664115246,0.7779524748005885,0.46952859244378636,0.5950940469982308,0.20572858951123998,0.27888031004187847,0.36139519539418885,0.29600508599388803,0.191888565001763,0.0,0.4555053641632425,0.201607800292402,0.5454131113228884,0.07934184535606348,0.36680702685429206,0.0,0.5095695736847727,0.14450204814049913,0.4512741955415882,0.0,0.18981236830304068,0.3466333078737658,0.06790303503875747,0.21096322193343262,0.08202517687575145,0.290370095962336,0.21016832573823066,0.5065526836128811,0.29976119922613664,0.05533229962042689,0.10703595931876532,0.5846702483246892,0.35582293274599375,0.23161231649989172,0.43828706613736373,0.7216363286690446,0.09360466258195836,0.06755034752050916,0.4984451387680959,0.3326166460356378,0.2126093710273588,0.0,0.24504203500159508,0.20134073383252427,0.1050857915311342,0.6987416618384612,0.6509735322041043,0.26183711018309525,0.0,0.31134461440940675,0.24918542583733538,0.0,0.0,0.5307728850650706,0.19515703791286065,0.374639418643524,0.24504928152919334,0.2559403607082686,0.21244714709381865,0.2126977470461527,0.22660276742552588,0.18705857460295475,0.3020855788651589,0.21125816250207005,0.0,0.20549388913897157,0.2688515588111189,0.21748399902312177,0.0,0.08401678681302206,0.17361346357302365,0.17361346357302365,0.30453333771345453,0.6185979947426484,0.32851389611182596,0.36590794120001885,0.0,0.27698301190215385,0.0,0.7852493873502687,0.6626083271986132,0.0,0.8106300208017956,0.22961932326280818,0.0,0.37610748299487595,0.16149218564616746,0.18116473396326024,0.23441318023605462,0.0,0.283236240299647,0.358334853385646,0.5914754491578689,0.4144124704492823,0.31687405008554886,0.3343983211262699,0.3691315632840237,0.6533476824562178,0.33528588834711603,0.2553170154533564,0.0458468335580574,0.17361346357302365,0.360280525502248,0.06487655497398734,0.23414274987451122,0.24310995323373358,0.7171028351107623,0.4524887786827843,0.6217293775198163,0.06826363928558042,0.308611046073513,0.5424110582078653,0.6040932512520815,0.4280019720932851,0.16957594116434868,0.2454731623927607,0.29078651322538485,0.30109160365336174,0.21211799859229946,0.5250879560766628,0.6344780040723228,0.22007540951387947,0.7544378343688829,0.37123071019753295,0.0,0.07773367094654088,0.5270677218430855,0.2566310334106135,0.6157293149787785,0.2509281215570443,0.25439069373247347,0.0,0.4780995573085512,0.0,0.6610000285542081,0.8352824160720032,0.8096850927460014,0.4299470314860156,0.258300325553734,0.17784793829431692,0.8606324902640456,0.2102756116351631,0.3713856246507021,0.3959048912713107,0.4313289901864258,0.20484139338204002,0.5212820072038746,0.18696834538633317,0.2328903845503323,0.36571849169839166,0.6408364294861839,0.28092234060648474,0.0,0.5904125355412806,0.8005958796757597,0.6545504441147496,0.3193915654473536,0.0,0.32294533574095985,0.1765653340250907,0.6112881705071771,0.6516140343774875,0.6159555836701105,0.062109577295311295,0.7276272820717862,0.21752620444245652,0.44722996519971303,0.0,0.20223818219675593,0.2460313257123118,0.1871330098525057,0.14105045195729282,0.6415881975371156,0.5515795633088795,0.7574857997992089,0.08856854733644119,0.65907436479045
ig_lora,MS4A4A,0.0,0.5807059728947072,0.1468607557413981,0.8400939459746674,0.6792996889297402,0.6023384987822462,0.1993615594724753,0.12181868181445576,0.902631836357766,0.6606855423273662,0.15703890655852398,0.5285155041253934,0.612741915886763,0.9358410170702289,0.6862703788605173,1.0,0.0,0.9123188407857874,0.5998988953337915,0.7185786786062164,0.14966607538901483,0.8190667990798512,0.0,0.7824471185759562,0.25004784862925494,0.7308190116051042,0.0,0.9477009937500938,1.0,0.1449333527332778,0.7913730224755424,0.14820359121577578,0.7212018712151956,0.6267913787436707,0.8469561769685227,0.6017105298041735,0.09127586541143905,0.3239580305922133,0.9221326560076645,0.8098615639071288,0.4270738091132324,0.8773518418011945,0.666630592377973,0.1635756632991428,0.13229650784721575,0.6168210404110498,0.7777777777777778,1.0,0.0,0.95,0.6118948174027912,0.2679358044169208,0.9886786109468781,0.7144410982668485,0.6637440811264592,0.0,0.531457205836981,0.7530900030950254,0.0,0.0,0.811419092940558,0.5666338768847446,0.5224019029811745,0.7696451764792751,0.836570843999212,0.5823203315253179,0.5313528002774812,0.8620564705990938,0.44428698702828795,1.0,0.91420101013252,0.0,0.7567063929302376,1.0,0.6043002586307638,0.0,0.21416829346252964,0.8,0.8,0.6897325367041797,0.9861140297145317,0.4073313870241833,0.9057526136496872,0.0,0.8690574435733696,0.0,0.8079335316169564,0.9482035284858176,0.0,0.7847216543114202,0.6227581701689449,0.0,0.8792935850190994,0.18847976490654936,0.8492625590750883,0.2485738461619595,0.0,0.6227687815843116,0.7441860465116279,0.957062579044098,0.9709217061087447,0.8395228378127183,0.8691166806532087,0.6217409878940786,0.7445821062484079,0.787363999815346,0.7669316179500295,0.07580954899122971,0.8,0.5749285078888013,0.11329521747622694,0.8546801676923115,0.8820487487371493,0.8886996051248398,0.9568938506004672,0.8981032149935072,0.14003311495626938,0.8627787603966841,0.17824987339324597,0.5184316369691656,0.9261152105869964,0.7619047619047619,0.8333333333333334,0.7485300835554295,0.6765782988073702,0.9160564459061729,0.932950480351961,0.7829515515833475,0.5228780231285616,0.6833238187376418,0.5960402150485135,0.0,0.16769859008415006,0.7469765191278005,0.9090909090909091,0.9433430798800736,0.8695652173913043,0.6712203104962604,0.0,0.8214285714285714,0.0,0.6964849053899486,0.8127862807025048,0.9876804388556997,0.7566106983030624,0.6530449617059721,0.8421052631578947,0.5284647691864373,0.667538563348048,0.7229308419017023,0.8214712249542289,1.0,0.42004627205850664,0.9025339693323792,0.9411764705882353,0.3164594687614373,0.7649346123099622,0.9620566545372974,0.8126554128663301,0.0,0.9188071623556271,1.0,0.8470341895140502,0.22001229500996647,0.0,0.9086131844903718,0.5827805559117037,1.0,0.7705754756589286,0.8777831624010968,0.11018227184119997,0.8568172971871749,0.6544728391121015,0.7200740307079687,0.0,0.8947368421052632,0.723586319489072,0.8283910471869124,0.163151991241612,0.9414347270430562,0.20496933914866594,0.7293857568373,0.2246105676044912,0.8364492806140604
ig_lora,CD163,0.0,0.26320704194541195,0.05841710032611873,0.7837978337940918,0.507898565485907,0.42878333924355116,0.0994314704047426,0.052422047401376896,0.8743181683408193,0.5134193331236064,0.0838797804240582,0.2863580470745019,0.3350495387632655,0.7551238571160563,0.4818106401975382,0.5346606316947387,0.0,0.7939689116898617,0.304549014616676,0.6457702445312891,0.0803138108805997,0.35892997717654584,0.0,0.6319148451192286,0.08398354267780406,0.4421955329850765,0.0,0.47412581198857495,0.8138642526778954,0.06938777551330758,0.41611871593122357,0.06328256785889912,0.4554867522780711,0.33024035954390424,0.7529893413131674,0.41860428894498874,0.03330682453073141,0.09097130122856847,0.8534651627431468,0.6143023734587838,0.19676845455379335,0.7285178495115787,0.3263122431528708,0.11588568272891031,0.05935141812426215,0.5478228549347887,0.5849216842372473,0.6011376843097759,0.0,0.6207963790168431,0.3085726339571704,0.13112775032902482,0.935855881849373,0.6970754879783873,0.4270288734892678,0.0,0.33468183343009256,0.40234759116960445,0.0,0.0,0.42159865290505905,0.28160597924537983,0.34640150344582976,0.42993954681002056,0.49608409247310065,0.25047114606920423,0.2437178692368369,0.4449093202150308,0.14610247490154898,0.7673303158473693,0.5086425536318124,0.0,0.38349408717815237,0.7207963790168431,0.207298280776415,0.0,0.10816499211493621,0.3207963790168432,0.3207963790168432,0.49324217527785397,0.9262998274148123,0.2488091626680063,0.6390018941257801,0.0,0.5956266586335114,0.0,0.7952649808275424,0.8820035099863497,0.0,0.7563031504797112,0.3601799898432602,0.0,0.5716704804313628,0.10073547943610785,0.3715502680661231,0.1243368931633447,0.0,0.4296997111728866,0.5820595087929827,0.8854756808354184,0.8086680667011593,0.619682446227499,0.5536651880917101,0.4487245055022159,0.33333478722167814,0.4360499846954812,0.48233606070940316,0.03353526363445181,0.3207963790168432,0.33207502061488564,0.048452481576368375,0.46874975560972487,0.5510863551988097,0.8295323299947919,0.8375198615698412,0.8444271014738383,0.04732218405028459,0.5424519445609359,0.10942441651037155,0.18766120913699555,0.7725985104147527,0.2916330718334938,0.5148545564406023,0.5178024585868524,0.44479932873975986,0.512559584709524,0.6666019106356565,0.5217662518992373,0.2620760928338736,0.43504056780201056,0.6538277240800636,0.0,0.12251999792301778,0.6105080314725809,0.6006636491807026,0.8703299187707078,0.5544587530898794,0.36722865525281223,0.0,0.7219122563080095,0.0,0.5577423540582325,0.7957637500353277,0.9667075480551631,0.5824130574096975,0.2847163386017458,0.35644042112982577,0.36873309859139064,0.6396775528127072,0.5434880099399427,0.7573273447001846,0.8730892631894741,0.23327293533575658,0.8059520073706412,0.45828054145263314,0.18946082171127018,0.5413393911477035,0.9100653485625664,0.5534619639125375,0.0,0.8437245668082252,0.9771144572964626,0.7441367058309295,0.10228980975153122,0.0,0.6906188100828512,0.2511505249252975,0.9405949742589029,0.34671868788873833,0.8005869203660853,0.04164829777787493,0.7248215710009306,0.32566716444312505,0.6165315139903413,0.0,0.4675515322409368,0.4149100408812472,0.3775784733906678,0.05198816664351323,0.832477019320443,0.13546828476768333,0.517917347550432,0.13352480074541423,0.559727817883375
ig_lora,ETNPPL,0.0,0.6930977951217703,0.30623963928583464,0.8381948229171751,0.4526369681662897,0.41914964190355974,0.06791760508066468,0.31827178986933824,0.8478883821591789,0.6024359547689597,0.0627732131237495,0.5379306040305821,0.28277074631417604,0.6184237065949404,0.41966365249112625,0.30843557566469887,0.3860947119551754,0.866052855578055,0.31191900316344673,0.7085943055929683,0.31357450450122815,0.2475494098745725,0.0,0.560258969065219,0.44865925632834736,0.54349185270449,0.0,0.2904793318544165,0.636018724034052,0.11355396082886005,0.31093736903438024,0.07063748880473956,0.5269020237067348,0.2746799952478635,0.690278033337685,0.5455435165678695,0.31431416211097823,0.39818485214372723,0.7902960790914675,0.5221303189103346,0.41459748264208435,0.6796107019039503,0.2810596611145025,0.28191616704987044,0.274453885197043,0.6743421904201782,0.6537614217941935,0.37130506878608993,0.0,0.43459683976049923,0.25634576590524255,0.09871901575715022,0.8703129740371875,0.762002856527044,0.5836294075390185,0.22142654687401814,0.48345333760110115,0.3111371491590854,0.0,0.0,0.3084734875837041,0.5342440929907311,0.37660574361995924,0.3329202720330982,0.3720873628605215,0.20545144135727383,0.2071018855545438,0.3089632263306332,0.3457088841927185,0.5677722347904368,0.34262884224345136,0.0,0.2914060659429272,0.5060254111890706,0.3645268789064326,0.0,0.10911976303160231,0.2203111254747849,0.2203111254747849,0.6251854873105256,0.8540581794302708,0.45524081990523996,0.49013436023552664,0.0,0.46372588663059094,0.0,0.8381524015437534,0.8143808789962229,0.2187990700248417,0.7439579392615805,0.4905278817281769,0.0,0.4298887183580162,0.11615809926360002,0.27801893650792436,0.0788806346321943,0.0,0.5754725426108965,0.6691279997056024,0.8106693388586199,0.6626558797304601,0.5112517037928558,0.45297429231256314,0.5346970372732426,0.24763201178590427,0.37355549280652506,0.552541925319191,0.02387105652853441,0.2203111254747849,0.45532961455607884,0.3132643600266707,0.36439596529829027,0.5919875952553362,0.7803646535162116,0.7447511056161451,0.8280161994530374,0.4433691541553615,0.5562767268367935,0.25713563971971765,0.3224815114311483,0.6757042130094106,0.4319203367750651,0.5599056157514375,0.6183207424810133,0.5545187139252236,0.3913295595461918,0.5024833414554173,0.4516437738174038,0.4341037074350483,0.3684773426331004,0.3951724894174109,0.0,0.08798893382522033,0.6618537654575952,0.4427722347904368,0.7982313645986221,0.41672680921452876,0.30087354464728344,0.0,0.6616871151329398,0.0,0.6083222129642318,0.7977783183382511,0.9388023856373863,0.6179814169476597,0.40026620138981983,0.40219781849941866,0.33738916863282187,0.33121941808839794,0.4778434364176223,0.5718831970283652,0.7340136829479611,0.47173507222240124,0.7281051221845015,0.28039597787699894,0.2169437442816548,0.4726110431172059,0.8521596650583861,0.4746882719576313,0.0,0.7764455994860261,0.9451139345765633,0.6767420350299478,0.07630505765987028,0.0,0.5889665722591892,0.2263318411322545,0.8643991324832743,0.25231351382146355,0.7411948540270533,0.07008745821598518,0.6574593967706823,0.29708950439169507,0.6763340409550658,0.0,0.3141812120497684,0.3338533046518639,0.26086976431323106,0.3246771399779457,0.7508867317328148,0.14986834710312924,0.46466996826753354,0.14021744524621543,0.47149465489243897
ig_lora,PPP1R3C,0.0,0.5827612916032991,0.27470535106997507,0.8214880201448642,0.6817750842083068,0.5410012553437408,0.16667313852394375,0.2513671948847444,0.8762584464985107,0.7214909061669947,0.13052169527306007,0.6344729641652435,0.6142632054860643,0.8035288554537705,0.5988267094452087,0.7296297329964966,0.13360934222680318,0.8101394000032968,0.5144536851233635,0.7271112625362486,0.19285639405844493,0.6356599940932018,0.0,0.7301701774932201,0.3585843159605665,0.668769763176547,0.0,0.7844666831752102,0.805671370591232,0.11675183067905602,0.6327687791952299,0.1312070132568313,0.6626699033097112,0.5343284097106894,0.8106901398667533,0.6958417421159587,0.19506857146808024,0.4456009301505983,0.8523811156158279,0.785582351076092,0.5213144289174211,0.8138897015529377,0.5556325841572191,0.1736858206241113,0.16359924984995658,0.7024712461605238,0.7233152667997186,0.7408951607883093,0.0,0.732647550330349,0.5221055901489421,0.22749495186504004,0.9034110218120348,0.7797601399787132,0.6590156986061686,0.14852271962694902,0.5866448899420893,0.6127729355092205,0.0,0.0,0.6425070311590241,0.6134235334768752,0.4986919425192652,0.6257066647156656,0.6674204423633766,0.5635205829227301,0.5230361089248422,0.6675041952185666,0.49188641802048666,0.785568408928256,0.6981270404398963,0.0,0.6110463641691976,0.769684587367386,0.7288099669381045,0.0,0.16621453346035123,0.6215364392192378,0.6215364392192378,0.6663731148817884,0.9060633821890941,0.5617036408454469,0.7656307996849145,0.0,0.7033724983829269,0.0,0.8451465038699724,0.8608014263890817,0.1281871789369359,0.7978686271569609,0.5905446143218587,0.0,0.700174543811957,0.16513462035336451,0.6506720185133115,0.19124297359931364,0.0,0.6414728117330629,0.7374708331320986,0.8616117049410453,0.8038392593353616,0.7018153781973236,0.6923722504647741,0.6528890839958882,0.5968957434210935,0.6347812856286363,0.7312846458353663,0.06514015664457329,0.7300753560000792,0.6120070785483634,0.3443751453883097,0.7101049976541172,0.7228777449152971,0.8582420314344285,0.8224217347985614,0.8355436849249261,0.27200378150618343,0.7377544376714049,0.18357314286815293,0.5014872622341972,0.7835821452072576,0.7108524277481855,0.8090104907095359,0.7021579061354436,0.6562199980863388,0.6994829358129503,0.7413114969004843,0.6524188570787917,0.5484525656718321,0.5857193584390059,0.5689732737944939,0.0,0.1410694565439413,0.7264410433539334,0.7166028916868766,0.8509316878127546,0.6927161286306475,0.622193924741094,0.0,0.7425632358558638,0.0,0.6794140025567188,0.8118700937385146,0.9483709567206324,0.7359548587670293,0.7057582835775507,0.6800037783622066,0.502970631302914,0.57264702532216,0.7554420676506713,0.8819408604373835,0.8405508681774211,0.5708150022406139,0.859489320358214,0.6992284941216426,0.2694406362982927,0.6794374654751373,0.8857372606547121,0.6724524405479048,0.0,0.8318815273160891,0.9552624738051757,0.7766193825258199,0.18875420050557673,0.0,0.7445305835341017,0.4959916076890063,0.902835685295616,0.6115222180488225,0.8000585496780785,0.10034533954578197,0.7503634763424647,0.5806856848285863,0.7795033767995013,0.0,0.6839032253430547,0.6011971658460983,0.6425668445428767,0.2873552337695909,0.8204230764100985,0.16750390605020954,0.6288225838386563,0.17361114431090732,0.6827019743904543
ig_lora,NR4A3,0.0,0.6019185766285113,0.19637906933133462,0.7358239913450382,0.6344382761055638,0.6138447218777473,0.16217254522508004,0.26503480741781393,0.8001123609449725,0.628503195865794,0.4193766741055845,0.5590648214532411,0.5977430432231062,0.6693299956230577,0.592502336104503,0.6339952195080304,0.0,0.7357774363130156,0.603683614512305,0.6870646682869106,0.20999754021264483,0.731954636086224,0.0,0.71463303096794,0.2555993798737727,0.680763210141881,0.0,0.6265226719972241,0.6762265403340268,0.1423262296873261,0.604569074513047,0.18597275290259827,0.6305862796096604,0.6516488200190554,0.7033284218349461,0.5602606504685025,0.15849239070706078,0.45836772427241035,0.7477810236371026,0.658406172361614,0.5885535832946779,0.7251333370577959,0.9074494214875112,0.17462593688671363,0.15256188733703016,0.6516491165719438,0.6263558443376864,0.6392238592293442,0.0,0.6403516458363575,0.5567800506228637,0.2323568360872575,0.8089494747445477,0.7108296910334487,0.6101891197074196,0.0,0.6441309850882796,0.5970887208132017,0.10327666134447437,0.0,0.7349864162835011,0.5816597278691514,0.5868513239976435,0.638070673578816,0.6443117202575724,0.5735643155317209,0.5669539970418791,0.6162575281922735,0.5369733322097404,0.663275601947388,0.6266040185912775,0.0,0.6430282489009911,0.6540502759733438,0.5678695395377934,0.0,0.24665621692427006,0.5992557554253986,0.5992557554253986,0.6186068106184869,0.7865797454449396,0.5913152998205117,0.6656430366227997,0.0,0.6342577722485684,0.0,0.8126099561591056,0.7876052767274053,0.0,0.8382123705106328,0.6143720210839217,0.0,0.7323501671318386,0.24871415764665256,0.6352939160816087,0.2354305079147763,0.0,0.5960192899290467,0.6223507306880635,0.7442973332729581,0.6817365807708256,0.6377271720534415,0.6517478657894437,0.649788030618153,0.8058130799445974,0.7126421673665714,0.6560321666928937,0.13020088680245728,0.5992557554253986,0.6715898095873242,0.18363624792751132,0.6779718125914179,0.6821743868456461,0.8078354145407665,0.746256433482483,0.7674594832872662,0.17962545259615598,0.6434791464976287,0.4486059526377278,0.8502385715616785,0.7246489359369426,0.5911577046764067,0.6200736382604428,0.6428632695645774,0.6461212245792802,0.6828205418531037,0.7425862800324089,0.8465077195818509,0.5654388087123313,0.8744890013365957,0.6655882849891305,0.0,0.1264052494849205,0.6938517192307445,0.6366089352807213,0.7586578526855103,0.6282325019217644,0.6104752805701528,0.0,0.6765657811564596,0.0,0.785336036725609,0.8552816338302672,0.8658913640373928,0.6605329372368115,0.5928695395377934,0.6075787520285291,0.9266066684779874,0.5977748408866439,0.6669401120779199,0.6778735972302767,0.7028902370124012,0.5228497327219903,0.7422772600531097,0.62493814494363,0.3570980737159303,0.683480305989501,0.7746104243403404,0.6656148563513005,0.08694286865160852,0.7300584284926168,0.8634901088975897,0.7737555440333784,0.32225698138749576,0.0,0.7125163894047988,0.5515459446172282,0.7704151831459464,0.7994480178019567,0.7345895096740205,0.17763911327947007,0.9080993456269727,0.6448435875209372,0.6476859730264395,0.0,0.621467640917418,0.5926677418734335,0.6070341245177033,0.1942390840612887,0.8217020436064214,0.47600804308985817,0.9134880701550193,0.22162780681679192,0.8968602362206882
ig_lora,ID3,0.0,0.6574346283093361,0.1660615514981141,0.8237720718549169,0.7228698457678085,0.7480239045661633,0.2850305900951745,0.1487333294365664,0.8928809062436512,0.68752384151525,0.2261537031788575,0.6263042651784861,0.6677480843842397,0.8653850029324669,0.7772986441418324,0.8474040938533991,0.0,0.8550762788623655,0.676248182395019,0.7637086729180766,0.18656591855930185,0.8648900258407418,0.0,0.8037954318959404,0.2857047761050236,0.7375455677487545,0.0,0.8294409914118916,0.8754319133497135,0.1472260460270484,0.768037090873903,0.1680236564037857,0.7358778411391238,0.6777408548916684,0.8392612291841853,0.6503740655624242,0.12699354836533913,0.4631355115168416,0.8728882375187345,0.7833009814996266,0.5761591331150812,0.8255439655865598,0.7569146588622713,0.1772131620879467,0.15230202125150358,0.6608357540917434,0.7649360625689327,0.8511259452228284,0.0,0.8717496322516475,0.7504244996351835,0.3409382619022211,0.9231491400638545,0.728359102443053,0.7122793747931292,0.0,0.641840839848189,0.7866662652281989,0.0,0.0,0.8006771679874874,0.6622286993025726,0.6799559941341506,0.7579039421656703,0.7901551737471881,0.6536017096621968,0.6170810760687548,0.7985748446844962,0.6040226689591938,0.8673079076986079,0.8201391382942754,0.0,0.7511899413429513,0.8612764489576356,0.6947569114523375,0.0,0.1967486955033327,0.8591556261668086,0.8591556261668086,0.7223845474183932,0.916589054304739,0.5466053809323437,0.8511366297631474,0.0,0.8086244866014326,0.0,0.818660767025829,0.8903378031343453,0.0,0.7915605061791486,0.7021190362831329,0.0,0.8672225716205408,0.31103554152158036,0.7972263900603898,0.22115960470411367,0.0,0.6800559111286021,0.7447188620020293,0.906751018173715,0.8689225137979162,0.8472013292478117,0.8157550911099065,0.6912020227340414,0.8026268039128824,0.7728049222960128,0.7869041380663038,0.07595305202243548,0.7703673580485446,0.7400818005317747,0.16327439033587443,0.8014290394782064,0.8169556114359512,0.8658799864009913,0.8783599692795697,0.8873204810471345,0.16133393031273283,0.8029803243246744,0.20553377375511972,0.6971664302514446,0.855029607073813,0.7532480834252436,0.7895034115444992,0.789130187612964,0.7341734191776774,0.8274408866524129,0.8373196766432142,0.8438170139700681,0.6554863849576027,0.7744456521332109,0.6898694770196127,0.0,0.1792323618912008,0.7601571600555409,0.8238296468290427,0.8944153516708528,0.8540769394570208,0.7043106123893291,0.0,0.7987020469266995,0.0,0.7629910745679233,0.8377204915513814,0.9541072204834404,0.8009282822905937,0.7328406211420682,0.7882828780031619,0.7198896433319891,0.7260785585804834,0.7613302697746179,0.792130166167688,0.8910029241809994,0.5734208496056373,0.8509634007044183,0.8267357013203893,0.40590851580479287,0.7890666578806329,0.9264943699401221,0.8252668823963669,0.0,0.890040745012653,0.9608728445777945,0.8150255474850865,0.26126968081228585,0.0,0.8389796948753997,0.6768049862732565,0.9246439969646414,0.8207130031925034,0.8618604807661653,0.1456198675864152,0.8509143564851639,0.7324048261831142,0.7270557013573405,0.0,0.8532078839415448,0.8149996871755812,0.8260417739244026,0.2247203402371421,0.8734416840400273,0.22577484160806643,0.8240050300386296,0.20251408719282207,0.8251064775603473
ig_lora,PLEK,0.0,0.37859223205871007,0.11623487409973147,0.8096860262342699,0.6105236864826489,0.554237937470365,0.35436389991311884,0.09457689337177769,0.8887033178806887,0.5423127915755591,0.10910347082806954,0.3933411531881101,0.450509355256933,0.7708752046299705,0.6727585062984729,0.6590740211452681,0.0,0.8149749784737849,0.426734456800052,0.7187552081090255,0.1761537408214734,0.4980054423606934,0.0,0.7447876094083032,0.1893718132204123,0.512369197739161,0.0,0.6092415550185705,0.8205652742869832,0.16141235096710962,0.5171952781405974,0.11505622118971152,0.5333821862202242,0.4095409358173132,0.8035458506587028,0.46027158810363006,0.07032122400186677,0.17000914486076282,0.8603919953610454,0.6732365206930623,0.36123284248321447,0.8143269194086672,0.47976326457679525,0.19474496696472282,0.13784067152466029,0.5847395564217154,0.6196913403817561,0.6900672919502437,0.0,0.7861374805579724,0.5837993396659696,0.3413762816324112,0.9297432190338942,0.7140128634858324,0.5223626260170284,0.0,0.5059102550129303,0.5814592752442082,0.0,0.0,0.5920870131703181,0.4224725246859722,0.6170684282673077,0.5174668222860294,0.5783452719667387,0.34570681954950155,0.3239813673814003,0.5594192588167541,0.29959505055585234,0.7869212632157926,0.6123507233823509,0.0,0.48620520232102116,0.7564814436751915,0.3940301537343837,0.0,0.18231124500460344,0.6471576879220148,0.6471576879220148,0.5601082498717971,0.9279825042223896,0.3076917299116468,0.7833102158530089,0.0,0.6482724368835221,0.0,0.8380161397148108,0.8793139244555876,0.0,0.8193227960994278,0.4804741188678657,0.0,0.6361466274642333,0.38742083131183186,0.5454354295622552,0.16736051129488647,0.0,0.5046820592017903,0.610560546255478,0.882228205283226,0.8151073777654902,0.765030282912465,0.7108712849219243,0.550877973519386,0.45388992089212143,0.5629970291185187,0.5966438624340246,0.052086279176636364,0.4707671579609058,0.47129716221038603,0.12912880936187646,0.6286458810372015,0.6577577654114044,0.8640495524948769,0.8556169111800797,0.8730862971298048,0.1002711847525319,0.6911461881893154,0.15704072704713373,0.30996484892141846,0.8029945823605951,0.4393826807635121,0.5883744561918156,0.6471270217128806,0.5906302887393503,0.6557018651217285,0.7087412505616344,0.6010715987079245,0.4259970980309836,0.4937053588761608,0.5582869649804102,0.0,0.19277185526946905,0.6323858057840677,0.6619212632157926,0.9107755201623842,0.7769468818426755,0.5034329776201615,0.0,0.7318148042290537,0.0,0.598632958580478,0.8593043350573235,0.9633225566500134,0.7139598008359429,0.48926824897247895,0.5069800162655909,0.4491178155997595,0.43131397968564383,0.6826386743883248,0.7041844234987342,0.8688746235174108,0.37532980087427176,0.8421851526390588,0.5991582010411528,0.48167891017147385,0.6945399462752851,0.9170809359098973,0.6635352438430377,0.0,0.8816264079419935,0.9729423826305769,0.7529677840474629,0.22193558866403323,0.0,0.7519295464479465,0.36576144036562463,0.9331517688520133,0.5569491693679914,0.8450511371055526,0.09533535936279919,0.7529271737840705,0.4675245593948978,0.6448165008717175,0.0,0.7243291454001591,0.6232153059652042,0.6326776955529017,0.15096722151429764,0.849082159518014,0.19733740128247346,0.683539699132622,0.2113361347267845,0.6433366535165377
ig_lora,DUSP1,0.0,0.5980598039430711,0.4707764958472681,0.777816697494908,0.4653817151698361,0.39233801902651705,0.0921744925391146,0.3296938538963822,0.789059489724858,0.7440510488852345,0.0726807276414465,0.7208089487257661,0.36834041407545076,0.5166917334637198,0.4140665102393927,0.37403376701183966,0.38906181093189346,0.6697199282993234,0.32066063173712805,0.7013109277419575,0.2440202243304586,0.34218236454183015,0.0,0.5423055739834833,0.5054973702610122,0.5823393283721578,0.0,0.36581136472245696,0.5148761694341758,0.06012155621815545,0.36306911300801326,0.07457023934257483,0.5602905148963737,0.3330291680247764,0.6160823959416293,0.7321623145209365,0.26177587846213457,0.43767546524254464,0.6931083176043189,0.49133686176393976,0.49911523010058717,0.6658280056531851,0.3316442642779133,0.2238148604690325,0.23021562011378852,0.6858459342201634,0.6414374773619244,0.39359521179271967,0.0,0.41700133649620086,0.3228868283884329,0.13164257036147559,0.7482394561114264,0.7675419555346218,0.617084772674379,0.38372619566321864,0.6417164709804467,0.3605574213685666,0.0,0.0,0.36341261681241366,0.5792421783685945,0.34238746522601876,0.37090440473372266,0.39042568919339227,0.29667341423156274,0.2887009330854188,0.3667478911242545,0.4777785048038088,0.47554180479370356,0.3813195873495561,0.0,0.38395456915213916,0.4455727650676294,0.8133718828279609,0.0,0.08491872577205173,0.3312870507819151,0.3312870507819151,0.6045852622199843,0.7346729215759629,0.5263209583768522,0.4444387052553723,0.0,0.4330370716675317,0.0,0.8393438465380819,0.6998301131535478,0.37764627576902554,0.7240979965766849,0.4936068455008261,0.0,0.4162841903370083,0.09822216828456903,0.345030452935109,0.097792102125735,0.0,0.6077206450887553,0.6630689103910171,0.6890498374970346,0.5398130966936505,0.46179404248330175,0.41012448506291654,0.6685587162023827,0.33474829529158984,0.37158417366500857,0.5546576595391841,0.03402656346891708,0.3312870507819151,0.5394746839379544,0.5172690213998037,0.396956213300686,0.5980934643853212,0.7061969131106729,0.5961561394150828,0.7118896582483449,0.46900924285421497,0.6477838923136339,0.2748250946284435,0.45511213093604536,0.5449343484737065,0.7086040879686843,0.9073362240535067,0.6965959760277128,0.605233842150419,0.3823564485171857,0.44876073224900354,0.41592367666554786,0.5784433300062054,0.38424605335605816,0.3926017040980684,0.0,0.08393088892771708,0.6628595404929143,0.42148775073964945,0.6820036514176219,0.4103959678254481,0.3827504139230711,0.0,0.5858457292586906,0.0,0.6808609928098646,0.7813601493703807,0.8704843424808919,0.7301369780925777,0.6569568539963079,0.4769446414248544,0.37698522103277227,0.4757787188550707,0.5021626733281391,0.5248368124568059,0.5871286548375964,0.5666841821110845,0.6505056134442102,0.36234521179271967,0.1643224218752155,0.4496871325732272,0.7430356889478505,0.4267301938982389,0.0,0.6696693451231973,0.8679935154922928,0.591654098986532,0.10837617706815608,0.0,0.4792286371096921,0.2969835654484749,0.7304867607967643,0.33912722275306645,0.649579257743312,0.059668627884820594,0.5540591799864628,0.3481234662883754,0.7863699071603714,0.0,0.3704425522755009,0.36873171448979175,0.3475105063172936,0.3538829785983335,0.6106048318952203,0.09691523505711626,0.42848890242176135,0.0904661839099688,0.4229933676422585
ig_lora,ANGPTL4,0.0,0.25336369431077177,0.05907827523707994,0.7834793803289353,0.5580146462958451,0.5901584875800555,0.449422495410011,0.05375075132702659,0.8838703440407435,0.48609811131461905,0.07693763336270015,0.2764000168168732,0.33656948342184395,0.6584458441080902,0.648955520454787,0.4004864919449436,0.0,0.7259982111904776,0.28894549872090936,0.7088592743839063,0.0772153382139872,0.31330006436046165,0.0,0.6968625009345134,0.18932320288795493,0.39993983721728077,0.0,0.3741619830182754,0.684466574707865,0.06303541447723734,0.3650849668462889,0.06624951553288101,0.41448491708481994,0.31008419381718844,0.7937390940735994,0.39720145903038023,0.03629799825180439,0.10059387732560691,0.8133177970548179,0.5755238749523003,0.2806361294780169,0.6871310380882759,0.38202973965213977,0.10653801519068988,0.05799992234230543,0.5570007222477323,0.5334954973149811,0.45498771994994874,0.0,0.7562921125502468,0.5455564726344422,0.3764350195297775,0.8859148242541782,0.7075291995161478,0.39665506133339895,0.0,0.38798539884440897,0.5384382500571255,0.0,0.0,0.3660053102588571,0.2702431244970862,0.4032516928823514,0.38136812270691123,0.42623496067243016,0.24227180786937175,0.23778552431462543,0.3747138808165223,0.1938313726614475,0.6253040574655897,0.4134372393821012,0.0,0.3425454638763965,0.5717760656749596,0.2683716857677145,0.0,0.09127698584802295,0.7769135199481078,0.7769135199481078,0.45865195257695957,0.8782910092334316,0.2525331816632683,0.6658835604032112,0.0,0.512173737304404,0.0,0.8381085198069061,0.8314273449740461,0.0,0.7959043974265675,0.33797934052974177,0.0,0.48403631616992476,0.3402168856486357,0.31852719552893166,0.10350843246437255,0.0,0.40543924497787226,0.5406720248499848,0.8294552401403026,0.7026780172436101,0.7675328921457344,0.5722753729875079,0.4384253818084796,0.30177960959781297,0.3834222730565411,0.43086137372955735,0.03377516349264986,0.286061779960674,0.48136439147488375,0.05016480329308532,0.42471079786945165,0.46312108697917004,0.8308905165988463,0.7551592706989263,0.810016337785647,0.05020234221641262,0.5977031429603353,0.09988412818448218,0.1893744051641445,0.6876543284748265,0.2669909946299624,0.44471471774719085,0.5581745968378462,0.42593641234225255,0.4161490301282092,0.5566309392673259,0.4656721702333267,0.32610497755474466,0.40135266987604495,0.4417933672324712,0.0,0.24421414702906374,0.5722491710863177,0.5003040574655897,0.8860068585072467,0.7422032795967806,0.38384299909037495,0.0,0.6800972983889888,0.0,0.5265669565157992,0.8773975059858369,0.9452395126499907,0.6209016874093621,0.3552740980025764,0.30806653226534125,0.3638269494772647,0.2680433783249342,0.6113607471229043,0.6162372676628463,0.769417881517286,0.35110082634977646,0.7626619328913243,0.3640786290408578,0.3998764334685613,0.670261411081735,0.8989315048664598,0.5854034956558641,0.0,0.8696888905240381,0.9524195628527733,0.6967531037865228,0.1931075637603265,0.0,0.597020042889975,0.24284248610849005,0.8824483317539106,0.39202243016173804,0.7976856683666662,0.04432492139161491,0.666421983369744,0.3217819977153563,0.5978690465210416,0.0,0.6864736162936134,0.5906359831086426,0.5758261912753035,0.1290579225874805,0.7601053922347069,0.11703195729599367,0.5362143112711885,0.10741504588559989,0.4876273107707503
ig_lora,CH25H,0.0,0.48732699021820997,0.4093204746579231,0.7772656510097562,0.3890236491924458,0.4260437464920994,0.05047033057530625,0.35814021525862305,0.80835385041788,0.5794034181061936,0.050124709253512555,0.5086254979406607,0.23313791431897524,0.4821997118683611,0.35227866591435925,0.19568246241259965,0.2723434001484614,0.7249536903992523,0.3119651923862642,0.6789568555663852,0.37011240775705967,0.1765684686957724,0.0,0.4766324536313706,0.318004769435631,0.478980228296179,0.0,0.19097326415365481,0.474100071577469,0.10353506684025456,0.23034089074798617,0.11841144410274586,0.8628616097426393,0.22375533275186835,0.6097569784430081,0.5308246704005714,0.793745425500359,0.898135927014171,0.706330579896657,0.4246255723959021,0.42611851374205845,0.5894790747117895,0.2747473020413242,0.29815400555827154,0.2951587109757926,0.6458048294754285,0.5791386498673369,0.24036677005634408,0.0,0.3012667552863902,0.20931018236071244,0.07706232125720029,0.7816774480691102,0.748910883339317,0.5428090533816691,0.2536634158273796,0.5412355438019346,0.2366866130149934,0.0,0.0,0.22512269155245523,0.5030437699758421,0.3314936360544878,0.2526050489613873,0.2736554697081696,0.16807912932184535,0.17446763975685192,0.21751101299981287,0.6496503977273008,0.4055044287397475,0.2348210526766037,0.0,0.2195022116535958,0.3488858029054378,0.36857444904377,0.0,0.16581536711260958,0.15840961242924734,0.15840961242924734,0.5725928025010897,0.7584554935695261,0.4489307268764838,0.36258658354426737,0.0,0.3481937673210936,0.0,0.8291574119266807,0.7248985831174303,0.25278401261359756,0.7175518981956239,0.4974194193165157,0.0,0.314598096518895,0.17779767924216644,0.2397275481864945,0.058406358661262155,0.0,0.5371019144110593,0.601315080814402,0.7136614947935641,0.516111044605593,0.40362216114179816,0.333125205408035,0.5476958632002169,0.18549959603031574,0.38951136737220693,0.8346053153108609,0.01992903779999893,0.15840961242924734,0.41804830740739796,0.37450203043817737,0.32955903155244093,0.6003426490241963,0.7125684655909353,0.6703598545462656,0.7591564340794105,0.3812418803767448,0.4708122966323489,0.34958232448043763,0.3924750778064446,0.6067765867621084,0.41378828018952646,0.5052978974126329,0.5801983613173801,0.5193188893158847,0.3736837236379046,0.36601928787955407,0.42580656654859617,0.439488374449642,0.3017031913741147,0.35632081886098815,0.0,0.06421596446279688,0.6060408734326717,0.3185479070006171,0.7044528830578652,0.3052750775422581,0.24074874760974216,0.0,0.584677225631828,0.0,0.5853378058284882,0.8221201921186908,0.8966065816700896,0.5763794423753639,0.3939979415503164,0.3226896652194213,0.3008464431834676,0.49428377488187036,0.40397062807104733,0.47544893357115103,0.5856546018489149,0.45078203948323486,0.6310153271660154,0.18481121450078855,0.2523475501321332,0.42778992290717377,0.7726753379605876,0.43464927784586516,0.0,0.6884308013159418,0.8971924951955955,0.591931692749902,0.06006138076119946,0.0,0.5352989603442652,0.18219484720714116,0.7642517562243827,0.18605488371785314,0.6626850465060666,0.12443640364333744,0.6059285693581896,0.3198925553149813,0.649309242982281,0.0,0.21633009305070966,0.2616213381623521,0.18544870498821142,0.2962645138073316,0.6825577573644311,0.22958440812640715,0.441256466126584,0.21826567202033145,0.4376401220928287
ig_lora,IL1B,0.0,0.20752178588121678,0.04666586478830051,0.6827876130963467,0.54455671827362,0.5191346875223118,0.5921959803943083,0.045353459896425294,0.8670364656708897,0.41506859571636096,0.0547594611432605,0.23460730729409557,0.3140582793366277,0.4856843228524186,0.8364471645464578,0.2444096579546587,0.0,0.584294791806899,0.23472585689481865,0.6208157802115772,0.060928781060091454,0.219563714195425,0.0,0.6298291461606879,0.0761653340116083,0.30551346956488473,0.0,0.2380528596592746,0.4789032123825232,0.04208369559386049,0.2625841731863203,0.05340900826563905,0.32129860476469246,0.24848659108029544,0.7948057099338921,0.3517633012964971,0.03328613275991632,0.09836459489629179,0.6978851186601268,0.43219700873514616,0.3669707796270228,0.5470930754410982,0.236057804552388,0.07813081260300118,0.04327047667873016,0.49337475856967683,0.42220482897732936,0.28039015043300825,0.0,0.7332571222085459,0.7874049488453045,0.6983083759040314,0.770323230009279,0.7169001004971959,0.3195745019911426,0.0,0.2768872892166973,0.8035447051738466,0.0,0.0,0.25920820014559426,0.2235994576938266,0.3414884338746756,0.30413777248294466,0.32666649637057016,0.2515712987017838,0.25442710767512294,0.28416647508355813,0.1374071110992408,0.41877665996512203,0.33279913208414597,0.0,0.2517552353363884,0.37034138162888225,0.16788064974592895,0.0,0.058212251582650906,0.5502125093260869,0.5502125093260869,0.37448851425591734,0.7471257287658817,0.2226772944299288,0.37950913881020226,0.0,0.36602169822163494,0.0,0.7987445045041842,0.7153188260662848,0.0,0.7216657116556423,0.2739674132052884,0.0,0.3374794672049059,0.36207820367391425,0.21844268615303697,0.06595350059378295,0.0,0.33937540726672677,0.4444296416828335,0.7334836860126969,0.5494974062486108,0.7008066182676929,0.43625273889060157,0.4284473576226666,0.22272524454839104,0.2780331840950528,0.32382120192793745,0.024495441598893792,0.20367471496221556,0.4354372512581484,0.043256569292513695,0.27345906722526864,0.3189717550504022,0.8032444415492701,0.5925186739344013,0.7251123949831443,0.040748576107855636,0.3234112832672929,0.07386976675323534,0.162065869704747,0.5550942399573362,0.19552772636372695,0.31743546996761335,0.533626998572314,0.34852132370745964,0.27362024483958514,0.3831871928588251,0.3513269137881894,0.3833989083348661,0.31897902621507884,0.32061230278114855,0.0,0.4910420821172087,0.48094419993123394,0.34185358304204516,0.6952567605396216,0.7094099773750004,0.26543536688179376,0.0,0.5814698859848862,0.0,0.44831086141733045,0.8113986003252595,0.8892325395332837,0.4352868429821743,0.21033571371465873,0.21253013735187712,0.32949470119143426,0.2438074705790063,0.6273981247406643,0.47866904065128263,0.5802275877525882,0.3578919195765298,0.656204696593924,0.23277110281396066,0.3121191279455423,0.5311483576677014,0.8362089266616575,0.5363749558666702,0.0,0.8643204421246673,0.8888837732286263,0.5881066252468533,0.17923367148333397,0.0,0.432927391623652,0.19869686835302827,0.7522654616244783,0.2246482162919078,0.6725679767535914,0.0387039520163966,0.5407504269772722,0.2384213785861854,0.5143078106529879,0.0,0.6637318060584803,0.9112290424879821,0.8934590959313268,0.05303186049915541,0.6108225992857439,0.0804200675247429,0.37865201013089933,0.06666552112614359,0.35452914850195805
ig_lora,ADM,0.0,0.08696444108726564,0.02452493744649131,0.2873682922103592,0.2816166227496445,0.3072183979659586,0.48098607575094365,0.024508397277727488,0.3520858112942688,0.1821196885834292,0.037267121613205556,0.0996649579974209,0.18028504281350172,0.24908559792885357,0.5419987515613217,0.12580518227905643,0.0,0.2764793640565405,0.10454915313003747,0.274880827204077,0.03843398394640161,0.10800599638043344,0.0,0.31926796497030596,0.037531861729419295,0.14264784439954764,0.0,0.12040494647637814,0.25818219309017804,0.028798739449847045,0.12683040227324083,0.03372924725209368,0.15075777632489465,0.10652553680973549,0.373472070845101,0.1468667886974047,0.01696279755122322,0.031134166112580627,0.31336629485719697,0.2119762144853744,0.19684361986929,0.3026146782604371,0.11795751273713942,0.069467804419778,0.026781998198583717,0.20974588733473154,0.19702318657023402,0.15358801170855108,0.0,0.48641889577157493,0.6243117329670843,0.7183072510967868,0.3364341959043157,0.313960469011684,0.15125456274158372,0.0,0.13078914934361058,0.5695286767561988,0.0,0.0,0.13560160179009537,0.09764982911159527,0.16118890526863558,0.1363013364271362,0.1544748479507544,0.1395378892410392,0.14524059126760167,0.13045178541435828,0.05243229140933519,0.2329675243642501,0.2991509865923933,0.0,0.11782183252971824,0.20915367056754042,0.06388069833921076,0.0,0.037439889562516156,0.4309042930264444,0.4309042930264444,0.1725071034578777,0.3319838612505927,0.09316593493528864,0.20881823243290565,0.0,0.2025771143106247,0.0,0.3180080106010071,0.31731899556609855,0.0,0.30271416519846084,0.12444731279072367,0.0,0.17819866772317575,0.3235141063951142,0.09954639138767139,0.03986746007830802,0.0,0.15882633316308623,0.2005729089298453,0.318605496199436,0.26731294180224136,0.45770110318429535,0.32026841904681574,0.2052132234672391,0.11288555158479553,0.13950984132011518,0.15956387600663974,0.017722197019473723,0.08387012151937095,0.21556708933971166,0.02515210665770613,0.15480740424781378,0.1684648118046204,0.3400386401553769,0.2886937144681662,0.30978296478717576,0.018719944781258078,0.17534692194559104,0.053528741684891065,0.06584228906164473,0.2635914815093918,0.07741857371018858,0.1568652529256553,0.2736439603835446,0.16365341614410464,0.14607327917960627,0.20833875851784367,0.17495478765758177,0.2223909145097577,0.15338562336402864,0.15849556031446335,0.0,0.48766926920341586,0.22017969066844043,0.1792745747721775,0.31757570722937295,0.4888342328378954,0.13449994439729532,0.0,0.2558741848451605,0.0,0.20252823437822534,0.33349256942980915,0.35724829917094225,0.21005209724878973,0.09457240662116134,0.09149467802113195,0.14516280353559957,0.09119828212116005,0.36517286489940604,0.23505749220356603,0.29250215885602443,0.18757658301985183,0.3416242674183388,0.1118268286924946,0.2122454627673615,0.2888704438627506,0.3632477268670585,0.29338185421374025,0.0,0.3841193118897967,0.3597186816693178,0.2688432822557483,0.13267807085926522,0.0,0.22772190733216385,0.07872409563346854,0.3350268977787203,0.11705266865204271,0.2988528142229771,0.019944314924337174,0.25593670102598065,0.13081880868057524,0.22675410205961094,0.0,0.48333851830499436,0.7069135436986816,0.7957171832983111,0.026708329681710753,0.2911993848316925,0.06084527609505146,0.19399578914948262,0.04904987489298262,0.18410955363949663
ig_lora,SRGN,0.0,0.5527530377543542,0.1401363344028531,0.8363752005322177,0.6643833953915886,0.5854167327729801,0.19427160486508407,0.11521023619011314,0.9012507276536208,0.6471129640204609,0.15336766355957412,0.5043368120292596,0.5885382856296857,0.9310884998161718,0.6693120209610858,1.0,0.0,0.9078223710824945,0.5740859208391974,0.7119570004557744,0.14410266564509172,0.7989631100887237,0.0,0.7718347828967345,0.23629521695464592,0.7108796791314083,0.0,0.9407277929167729,1.0,0.1426687690968203,0.7715037865208322,0.14159107283342895,0.7019744140576228,0.6019108039932488,0.8412878872266161,0.5840087755732478,0.08478643939274863,0.29636448082046685,0.9195370778745866,0.7979779116513244,0.40161042285159826,0.8703433756184056,0.6409867917916632,0.1613373674252833,0.12775468919777783,0.6094522142651084,0.7647058823529411,1.0,0.0,0.9444444444444444,0.5860211385629772,0.2585519050493044,0.9883192017705885,0.7120811073434341,0.6439643211927216,0.0,0.5110857800038062,0.7316195685815493,0.0,0.0,0.7925610022346138,0.540369263362608,0.5036725658431813,0.7496143222600816,0.8210061624753274,0.5535148371477537,0.5037853179408626,0.846729411776771,0.41341404186319275,1.0,0.9041070113245812,0.0,0.7345887922875319,1.0,0.572644279321225,0.0,0.21238355768367523,0.7777777777777778,0.7777777777777778,0.673402670214926,0.9856268026869714,0.38851651042177643,0.8971846694360224,0.0,0.85767113431888,0.0,0.8069226554675719,0.9464174432611906,0.0,0.7823559582049522,0.5998950289670628,0.0,0.8677977359732993,0.18196086329521663,0.8315287424956869,0.24650239744394314,0.0,0.6048053902311836,0.7317073170731707,0.9554422990080262,0.9687677584130961,0.8280601833707697,0.8566516026201809,0.6052949438894732,0.7202565925577802,0.7680334543440138,0.7490032808692626,0.07370372818591779,0.7777777777777778,0.5519516704773852,0.10676615494321488,0.8393833432388706,0.8702536236108642,0.8856914863444301,0.9544306420633509,0.8955235495503049,0.13273972355229702,0.849710070910654,0.17414121185902165,0.48736271032201506,0.9213484499797059,0.7368421052631579,0.8181818181818182,0.7323062179783605,0.6575534928548625,0.9061807336598403,0.9265648118140526,0.7668738887376696,0.4970876460003757,0.6635315574087444,0.5772513878414676,0.0,0.1665797786668614,0.736209562494941,0.9,0.9412446754311874,0.8571428571428571,0.6477360469602791,0.0,0.8148148148148148,0.0,0.6843443016055466,0.8114585238280545,0.9875128257789064,0.7438007350558551,0.6252885586424499,0.8235294117647058,0.5113180335204895,0.639833443627052,0.7087221671274306,0.8115529596739083,1.0,0.3985665043569699,0.8983864786656719,0.9333333333333333,0.3080197666974029,0.7497691034267339,0.9609568474224365,0.7982442907791248,0.0,0.9159074181540424,1.0,0.8409155570946122,0.21165623518208324,0.0,0.9013022392496015,0.5540068011469936,1.0,0.7476330232248214,0.8737092678144667,0.10327806360809776,0.8496581620465337,0.6288782346018869,0.7110441607308065,0.0,0.8823529411764706,0.7023237286805392,0.8093233857632359,0.15260337111823188,0.9384313797119308,0.2027108918831387,0.7134672719453765,0.22421813504456498,0.8228200539985654
ig_lora,ATP6V0D2,0.0,0.5880740323608751,0.14736163009945605,0.8343765631403377,0.6785101250382981,0.6060497392371166,0.1950843752253069,0.12424169744052356,0.8977832369805516,0.6610117854731462,0.1536943446953429,0.5379349015713892,0.6171141929770254,0.910605921719895,0.6848701137038137,0.9473684210526315,0.0,0.8955698289140291,0.761081963321103,0.7168482782082314,0.14985120864479756,0.7991885209390012,0.0,0.7748962195383938,0.25317344673712067,0.7248047292671257,0.0,0.9055458446875797,0.9642857142857143,0.21167401659352167,0.7769838275745182,0.14856555155924295,0.7163899414020901,0.6302092605656419,0.837788913732835,0.6056078980159231,0.09513288727045092,0.34299739926301626,0.91034191803808,0.7982511668335779,0.44144938056643845,0.8615504536661049,0.6666340834381691,0.24119140510102158,0.13087657260840732,0.6181929383813878,0.7692307692307693,0.95,0.0,0.9130434782608695,0.6165895473396947,0.26607487159685844,0.9744722016403982,0.7138608420125954,0.6639688953987829,0.0,0.5394107035328449,0.7438303599062727,0.0,0.0,0.794048801787691,0.5745312023938438,0.5301303724643259,0.7586117647136384,0.8169665158454568,0.5897626552142605,0.5417615592304955,0.836570843999212,0.46055867090426683,0.96,0.8804463269326309,0.0,0.7467019789009519,0.9565217391304348,0.6105368994343541,0.0,0.20479843062354397,0.782608695652174,0.782608695652174,0.6881232899573764,0.9706568992444737,0.41877264936135167,0.8791875084293516,0.0,0.8473727174762228,0.0,0.80683275085111,0.9347970112563342,0.0,0.7828277240283492,0.6262246304187651,0.0,0.8547597098245879,0.18762952408577496,0.8243631192012125,0.23769874039237376,0.0,0.6255707742491428,0.7391304347826086,0.9420421008176791,0.9423977961610499,0.8238086404358046,0.8457570636547616,0.6440134480362065,0.7355918632197456,0.7739531850210483,0.7572285581484137,0.07416151531750732,0.782608695652174,0.5814812335157917,0.1161757667557068,0.8311784800641059,0.8562028988886914,0.8802679745504788,0.9351268118054321,0.8898376239818343,0.14124029698175447,0.8401504418893744,0.17550359764938864,0.530784556110624,0.9044944985936356,0.75,0.8148148148148148,0.7417081321480326,0.6758158655657776,0.8820487487371493,0.9022254249267347,0.7720498436224087,0.5331486405241405,0.6819732388399952,0.600454368274648,0.18710968627837146,0.161885695614615,0.7423432584088889,0.9572640702577465,0.9292747876827817,0.8461538461538461,0.783886934969198,0.2511530444983986,0.9155157396438427,0.17777613330377037,0.761542236966531,0.8112588979773915,0.9813446407203897,0.7503355333051743,0.6544071322020416,0.8181818181818182,0.5353748640604488,0.6674483671396293,0.7190946481356771,0.8101440621527,0.9714285714285714,0.43258629212332833,0.8889262403324343,0.9614422859758243,0.31294390485608475,0.7567456168396876,0.9500813847587584,0.7985274696857175,0.0,0.9064068101086291,0.9925925925925926,0.837195960995102,0.2190186193325146,0.05028806906245596,0.8844185327080012,0.8221897258011197,0.9833333333333333,0.7581064185798572,0.8680393241364307,0.37079397067344755,0.8441405884858078,0.655616010445342,0.7176826561986567,0.0,0.8636363636363636,0.7180779659901296,0.8072965627712282,0.16735075572209468,0.9227005411083024,0.198577323395141,0.724561211439559,0.21367436364421127,0.8188855619298473
ig_lora,TYK2,0.0,0.6275449592414918,0.4006171467329842,0.844329043002221,0.48670456035910725,0.5055354028076838,0.11628229498217652,0.44129361626777464,0.7674273210338569,0.7106596520162182,0.09427849799865023,0.8866069845367635,0.43407396951512656,0.551751970194093,0.5056334863030209,0.47829615755495536,0.29967960407905825,0.705516191657401,0.4867848187582499,0.8490538273691534,0.3505069652993822,0.45188497395801064,0.0,0.536706402552268,0.4684221882295832,0.7363488943636128,0.0,0.47161653457671243,0.5528252779042475,0.1421325558349941,0.49203109550824053,0.13251174610653488,0.6433809960405504,0.42693309468235785,0.6192156076047618,0.7088750367176713,0.2923715498750316,0.5374855241114137,0.6700021718044279,0.5189345233445829,0.7916980429953194,0.7449600698075702,0.4600823012439885,0.30120907076788384,0.2951606577863075,0.9044838985577844,0.7646327501101005,0.4877816819630471,0.0,0.4970343535856481,0.45712106483216197,0.21320003780404745,0.7193407982477152,0.9216324973738861,0.877637601282339,0.203530300290134,0.6674273554267698,0.5074263402544854,0.0,0.0,0.46132020921099776,0.8955654696063334,0.4649691326196596,0.4614146336499915,0.47654298229425357,0.4136413038253135,0.40317186396283616,0.4667089986198184,0.6050118091265724,0.5304665417994598,0.4935705740516704,0.0,0.4514346119079563,0.5142757328959929,0.5986144565770625,0.0,0.14883800459933094,0.4453102156546136,0.4453102156546136,0.8633107417883809,0.701120827434278,0.6778940621337985,0.5091299231541948,0.0,0.5008639459889179,0.0,0.8973935461927876,0.6808184103787412,0.1991019378910129,0.7036589147008527,0.6424068305584345,0.0,0.4926515567771619,0.16631983289423813,0.47744346812069893,0.12972745709036898,0.0,0.8521497310651197,0.7715369847473301,0.6716820898429352,0.5669361490316595,0.5254303639840686,0.5296479317877256,0.6773654510046679,0.4418587041259176,0.5070161559135585,0.6609045281683269,0.04601455226697769,0.4453102156546136,0.6986533525261064,0.3882673890918815,0.5025094714755685,0.7861430368580666,0.6786768640127668,0.6333619155685059,0.7250744542944828,0.38245235376243103,0.8334454940164855,0.4048212096106486,0.6672130303422283,0.600829199222416,0.6891114312664218,0.6881213305999293,0.717388448703657,0.6717479757044997,0.5175814678532972,0.5128828451813556,0.5194427789751901,0.6551524791708127,0.45918058812565854,0.4746043470618397,0.0,0.14520311657674723,0.7556473034297079,0.4971332084661265,0.6665447338431033,0.4889834837371736,0.44065590915963826,0.0,0.5939148139145488,0.0,0.6863474049877882,0.7882170778942886,0.8395314326067745,0.709280033483024,0.6575573699169305,0.6236088332343823,0.4205314142273107,0.595691813140389,0.5226329664774387,0.5400513033714248,0.5975427501138227,0.8421122232204078,0.6321940885275508,0.4695998637812289,0.25511292932500423,0.5203185563626584,0.7168258255056487,0.5272593898603947,0.0,0.6574875825478538,0.8342823088703976,0.5985974484744244,0.1626443714545067,0.0,0.5649528362390493,0.41863607383646545,0.7034525527154484,0.4463442162077336,0.6425054857683559,0.12890740178344773,0.6010424709660251,0.4689817373832897,0.7385752810547801,0.0,0.47066653522750157,0.4803803049412896,0.4752964851773937,0.4532733902422453,0.6417201899264046,0.1641524420862027,0.518310249210317,0.15928917842322193,0.5288242576779097
ig_lora,OLR1,0.0,0.34149678062023836,0.08776678056478966,0.8172255882765257,0.540087220650359,0.4635574957906045,0.13523491091472645,0.07374164307948702,0.8752292719267343,0.5402328129755194,0.10974199716608614,0.34188129564754277,0.3995575378898248,0.7770099035414529,0.5224804112011096,0.6616475980972587,0.0,0.8047029663262533,0.3750573818804017,0.7047385255826221,0.10170310622283034,0.4873972588055657,0.0,0.6555570689344845,0.23846824979740516,0.5067536236101523,0.0,0.7843911489123736,0.8308237990486294,0.1006097955802407,0.5097754937383002,0.09315153047858385,0.5130035996060996,0.40048610010691166,0.762946414145155,0.455880582091787,0.05041425025832356,0.14719745325177735,0.8568555100972822,0.6477822798413966,0.2506824352799313,0.7472282176506508,0.49307703503680805,0.13275185341064433,0.08575701610394298,0.5823235928100922,0.6191320132025975,0.6954828382875329,0.0,0.6888329525288714,0.3814185015905858,0.17430286007812595,0.9348092774900415,0.7053530701990592,0.47757294149751245,0.0,0.43189635861625103,0.48789324779172016,0.0,0.0,0.520403228504507,0.3495362169229069,0.45440854410644366,0.5108865441587337,0.5747473621785754,0.3918517652276103,0.3614211344195557,0.5535352149890158,0.26298604479329724,0.7969885588583553,0.610387297949434,0.0,0.47739893018829577,0.7657560294519483,0.3792884432273948,0.0,0.14900501703176575,0.45806372175964066,0.45806372175964066,0.5316402985164399,0.9256837718467826,0.28329945757667657,0.8197569147460997,0.0,0.648959137344976,0.0,0.8314966793442495,0.8839064168306486,0.0,0.801458689812838,0.4196915835281572,0.0,0.6361613023946634,0.13020354264956996,0.5075680837751672,0.17007412843307404,0.0,0.46909877763743346,0.6098563439687591,0.8873597964645983,0.8232526300013148,0.6582831964024729,0.7299153002633454,0.4828877024827098,0.4425135516617945,0.5206802575555078,0.6426520548023404,0.05206754797519017,0.45806372175964066,0.38678250595433067,0.06803707426916833,0.5645079931724194,0.6239933903395075,0.8332753387299008,0.845330028503087,0.8473133621263433,0.07842369317461355,0.7569323058594746,0.13072030998310782,0.271656630879146,0.7891011666248542,0.4253448844910949,0.585578140169137,0.5637046592386347,0.493505073791057,0.6133250712577177,0.7132930894356521,0.5754737899451094,0.3233459776527885,0.4884384525909315,0.6700010299735911,0.0,0.13728168816438815,0.6323018528604178,0.6636552255250219,0.9438838038528211,0.622176773929708,0.43875816077231056,0.0,0.7337720078137822,0.0,0.5816009658478369,0.8575791173649546,0.9656282660026377,0.6988066919801273,0.4705359760739999,0.4962356985729441,0.4015464045300451,0.6306160756689586,0.5763233206130918,0.8832893877888643,0.8781931353150131,0.27504937996227957,0.8137855447657597,0.5954828382875329,0.354018217979874,0.6734556773406388,0.9103257946097413,0.6051990449110749,0.0,0.8479537999902295,0.9756386270630026,0.7555690275023541,0.23625398282625426,0.0,0.7243692182057684,0.3342094006724226,0.9390965676575065,0.5481548230675801,0.8476429253083492,0.06261210233578801,0.7411758532781907,0.4061154871421033,0.6322730938278128,0.0,0.5795690319062774,0.4864402537413974,0.5017422558933519,0.15874900183805774,0.8398132997541362,0.15723430951502024,0.6219445793641912,0.16675688307310038,0.6159215620442577
ig_lora,CCL4,0.0,0.5470201487952518,0.13743162173517703,0.8013151540541017,0.6725573630880519,0.6636038249488088,0.32458947646148845,0.12191167290585161,0.8785084951419556,0.6180885913318309,0.1361006114562691,0.5147984505032033,0.6327182627657973,0.7736392334350689,0.8492676207716877,0.7398242502981707,0.0,0.7908675172238376,0.5606334603174812,0.7293895621075129,0.14008110272329413,0.6682142219760691,0.0,0.7459962397855163,0.27592665013355383,0.6415139410242108,0.0,0.720766451614941,0.7969360002327186,0.12071189327337543,0.6634860391404855,0.14604100014959126,0.6389709365364367,0.5777437526945609,0.8285379574133157,0.5707106493704384,0.09949810902840671,0.3611378443245424,0.8313666754104699,0.7041933836476768,0.5113287306536459,0.7956632134982308,0.6249118433409312,0.14835152745348193,0.1195212557821144,0.6130454021264519,0.686045692491182,0.7477083639254989,0.0,0.8373714141247197,0.8082525270099423,0.49002930474170786,0.8881294533467721,0.7493390761349682,0.6070992871171922,0.0,0.5445195949139733,0.8139999517635608,0.0,0.0,0.6717262119535194,0.539344347068775,0.5513666144945567,0.6564757419883741,0.6901411646544445,0.5863705695939971,0.5556509647644032,0.6920973728200928,0.47165037227570583,0.7809046318300384,0.7813820827643101,0.0,0.6458832359966791,0.7687326669317073,0.5791237576475302,0.0,0.16953361977163908,0.7610070613112572,0.7610070613112572,0.6297085263876544,0.8780680501693178,0.42161624896436267,0.7769342730477924,0.0,0.7170929780213585,0.0,0.8369131802292182,0.849560364719612,0.0,0.7949984573405017,0.577861018930481,0.0,0.7153366273071986,0.2913915493131174,0.6802961323419469,0.19482746346935606,0.0,0.5846033733208529,0.6724470510091773,0.8494763078446036,0.7962467885932235,0.8273037210752775,0.8091486461414623,0.6179953060574658,0.6358913962373037,0.6642778001277441,0.6624650298214156,0.06896653603166887,0.6576215558205961,0.5930732811507173,0.11595606623059398,0.6925043116508109,0.7126170653094407,0.8382325973670071,0.8128197826746933,0.8290797569486139,0.1332049869634307,0.7500620580763998,0.15686298028155907,0.5057677557045699,0.7803301624267825,0.6398480002578774,0.6918594002385365,0.7022061667431823,0.6159845147424382,0.7165556709073927,0.7469804373752965,0.6751104667879676,0.5717391916447576,0.6181477169324257,0.5888011138835697,0.0,0.29271291852228487,0.6811726991815952,0.7282730528826701,0.8804418022224476,0.8238377983053187,0.6045866374875929,0.0,0.7454774445769647,0.0,0.6454645748502763,0.8671751655366697,0.938416735751762,0.7210209562435733,0.6215644705994395,0.676410743129756,0.5177653130571012,0.5959613965854931,0.7535069635818531,0.720190417737077,0.8265495001987805,0.49316834543914606,0.8472882177409704,0.7174053336224685,0.37378003078972405,0.7435053594795831,0.89380241510465,0.7320258909594014,0.0,0.875049143424407,0.943745783848253,0.760590498004001,0.33338068075362387,0.0,0.7489984183902674,0.5476717711234953,0.8859503562950886,0.6720756594818317,0.8174597982459898,0.11385212019008238,0.7527707326103933,0.5923130743064979,0.6719889246856432,0.0,0.8091943657752153,0.8939066632049674,0.9111848274625935,0.19550326378613864,0.8118105231281888,0.1700808927597825,0.6798643368434125,0.17491297311749804,0.7005251739406436
ig_lora,SVEP1,0.0,0.38382055281865846,0.15260530141636328,0.7693696452166289,0.5091065160667089,0.632165417205102,0.23433585950593006,0.18161102579567664,0.8937923503004908,0.583432170427015,0.10377417102285846,0.36558019649668233,0.46689768290269335,0.6977708260773356,0.5374947649186236,0.5254067630747293,0.0,0.7876320257778546,0.4444694613435141,0.6514641294954595,0.1965500323817442,0.4178885711558611,0.0,0.6810511453349101,0.13478751428339725,0.45994529973779097,0.0,0.4935229269729496,0.728803864614131,0.1426828640440831,0.44770845651759084,0.14440280346311346,0.5706700086211735,0.3700787598819362,0.8622298873169019,0.47768216264206154,0.09165201408130491,0.17358938717848185,0.8185707901615854,0.594672477657971,0.3306543745459608,0.7384627413879096,0.4156623834757546,0.1919364816736123,0.13577934339431147,0.5582177254211137,0.5720275361530235,0.5619139351459039,0.0,0.581555072306047,0.4297568170097838,0.34886170511587944,0.8945736207941613,0.7234238537489244,0.48281139468546425,0.0,0.4423180444688704,0.6771195006812437,0.0,0.0,0.4531167334216126,0.38682810271148327,0.4627220483282116,0.53647914858737,0.5929506379123562,0.4000837787449361,0.38044846495486745,0.5791288825209231,0.245492091364727,0.6836045087164861,0.6395222940434231,0.0,0.42329172936112264,0.644055072306047,0.2878690495620598,0.0,0.21174816200139818,0.39405507230604697,0.39405507230604697,0.5233979246026588,0.8815565256373478,0.3206146363360345,0.6021471942244621,0.0,0.5729198688681424,0.0,0.8035387147068713,0.842805229750818,0.0,0.7619112840632266,0.45796195256804334,0.0,0.5541386111755809,0.26381163333612473,0.5445928356313383,0.14869091410816548,0.0,0.4739251024773009,0.5719200296640192,0.8734418497011043,0.8542852566912589,0.657661314297812,0.8323403706953408,0.5876063515554049,0.48267690573030997,0.5545472806206033,0.563382070828574,0.05340469028382564,0.39405507230604697,0.37163110562295665,0.14043193781245833,0.5446190669631418,0.6190213863211456,0.8635469263443035,0.8224965137509279,0.840161310239636,0.12512391390991712,0.5341469813694993,0.28348930647343057,0.3197458057335956,0.8687805246263912,0.3708753621703971,0.5152440578448376,0.567139988336318,0.5800427030834036,0.6094923302520414,0.6190916949995714,0.6473399634298468,0.4625902009429348,0.45126303313255245,0.4580389597852655,0.0,0.28029293424489904,0.5979273465368661,0.5724933976053751,0.8294633390419399,0.5423621661524606,0.40159578737632945,0.0,0.6981707914787838,0.0,0.6200906840141368,0.8154760297986524,0.9480639072165241,0.5713696969172013,0.34509109230252166,0.42032541045978344,0.4893166263425176,0.5288633803649954,0.6118922929703782,0.6329643442693368,0.7966028984605983,0.2899570950895903,0.8259541294502197,0.48499085822282706,0.3677365716931327,0.5707959594159867,0.8747896064036548,0.6351730253158778,0.0,0.8755246606144748,0.9555068840382559,0.7156387294089033,0.22426127036442822,0.0,0.7211849841320582,0.3216189188980071,0.892544927488618,0.5406367022131795,0.8024117181973469,0.16523195138898855,0.7295694464059128,0.47586340985212966,0.6064936520367792,0.0,0.4869920771264501,0.5902386284555808,0.6145065755083603,0.0907704829975524,0.8198955754142876,0.24862968377126451,0.5623499914908168,0.25825512547384555,0.6129542626149503
ig_lora,HBB,0.0,0.6379350714303696,0.2558328266334913,0.7928446528675753,0.5982098587871578,0.6176373365701802,0.16082904962465408,0.24346398504236488,0.8590517004723457,0.6507385922477938,0.12997384952028754,0.6191450951471109,0.5428598164182169,0.7163302671293281,0.594747244697558,0.669481651171498,0.056051855028864415,0.7998620683821605,0.6031163830282319,0.7141655743035615,0.2686526173134783,0.6160725669136151,0.0,0.6629547044614323,0.2902982395117481,0.6393361789425657,0.0,0.6555175322360004,0.7314538415768421,0.1565684998372202,0.6154644328831717,0.18737080960393362,0.7312299674421804,0.5484928820997433,0.7283459532395656,0.6193925913555722,0.4271479432287919,0.7000554459230056,0.7915530478607484,0.6604399573426456,0.5555300477069043,0.7165596047602006,0.6104975032871843,0.21341107967574754,0.19614191089934133,0.6693976486585173,0.6823565701531905,0.6777446098922105,0.0,0.6769717301322888,0.5398257918650498,0.22671926291396502,0.8451578875822215,0.7482326116175293,0.6623672404508221,0.05961581218872126,0.6336173373601597,0.6028548848555012,0.0,0.0,0.6213556542306822,0.6356720764019371,0.5394395383634226,0.6114773709931313,0.6380633436450065,0.5215132346846904,0.49556754585894486,0.6360677629690767,0.6397445293664358,0.7135507643486316,0.6542762759096739,0.0,0.6015050601279601,0.7002275440857773,0.5808531061902177,0.0,0.2212127747625811,0.6072042882718237,0.6072042882718237,0.6755218651165478,0.8328111237664121,0.5377265655575735,0.677613768580445,0.0,0.6632545934379721,0.0,0.8248652902240879,0.8072529651185237,0.04976924912890528,0.752915497670974,0.6553384537643244,0.0,0.6594247141549502,0.23851748157210367,0.6639419409757531,0.18340963228344348,0.0,0.6439924168599823,0.6824961229224745,0.8044644390142797,0.7358944975546542,0.6659522552843391,0.6758817421719528,0.6464347435377371,0.5920689747696045,0.7769354215820674,0.7381251997844793,0.06574611194605838,0.6072042882718237,0.5746777906970602,0.25341172087825614,0.6913181727864024,0.7385244795814982,0.7843530745977398,0.8089250338637923,0.8204399902339019,0.24187500525352,0.6707983574760011,0.23419197900811187,0.5808743270933103,0.7802184198032346,0.6344675985253762,0.6718532152713518,0.6981688392204102,0.6669101632175188,0.7270357626625605,0.686253161821381,0.6891543183755258,0.5915792133531893,0.5849613023292674,0.5797892239535735,0.0,0.13006127839963044,0.681056547962478,0.6691063199041871,0.7966708464426904,0.6545605303410527,0.5706866737844573,0.0,0.710250435388461,0.0,0.6687737749999529,0.8112275668569112,0.9143847080534167,0.6737469974234958,0.596699622806497,0.6417459971963633,0.5029034529914418,0.6226880206471577,0.6210929517759096,0.6774703433434281,0.7656324435579713,0.54629768312227,0.7546381790690972,0.6527446098922105,0.348183390805567,0.6734385408444984,0.8342107113599632,0.701422156195649,0.0,0.7827234544730222,0.9168373186818608,0.7220741633389204,0.18933541587099068,0.0,0.7593252675398635,0.534245533314037,0.8388723049461053,0.6013876635596633,0.7592040054653697,0.17742341215728402,0.7556424006380247,0.6280500811253632,0.693558019506043,0.0,0.6454710570402005,0.5954941439486753,0.6204094264982947,0.23257787158646132,0.8082695838808682,0.24529783155566862,0.6675985899280179,0.24216857823659224,0.7117981807260373
ig_lora,SLC2A3,0.0,0.19997384474614557,0.05461864759964643,0.7042573371176174,0.4008744880171724,0.3655413882027063,0.05064109738418684,0.05117944613352444,0.8179320004935057,0.4201105818027513,0.047363994758261176,0.23556771858059164,0.2394914124565823,0.5074778916412112,0.364066743328354,0.20466609806115166,0.0,0.6227589641595822,0.6245675710941196,0.5831643781432995,0.08618428663681374,0.1816488132902264,0.0,0.4932194659448426,0.05088057762832054,0.29513367169518917,0.0,0.28101947768109753,0.5029163112882198,0.400628173189703,0.2396168630843068,0.05156271807964395,0.32504107138343935,0.2299134061520883,0.6272643160209916,0.3337040515589875,0.03979186552206095,0.08094116441036484,0.725282231858893,0.442584383144232,0.16968821872709178,0.5425558227100409,0.22443076742279117,0.0943364253346095,0.05550076008668919,0.5049411596681351,0.4305711848833507,0.2543744669323297,0.0,0.3194732353114355,0.2145363105744062,0.07780032231689597,0.8020953309760055,0.6669271055242842,0.3294450972038699,0.0,0.29512607247223493,0.24571839784553787,0.0,0.0,0.2343434055052167,0.2265747163984774,0.30888829785834465,0.262963370120798,0.28686913104087053,0.20756024595772551,0.20867365461246382,0.22690109909995537,0.1218843686968574,0.4319043557579655,0.24665614796861968,0.0,0.22743238701056415,0.37210481425880393,0.130234555921073,0.0,0.0672897230777458,0.16157849846933026,0.16157849846933026,0.38736695787821723,0.7801848142081835,0.2184660351677799,0.38295887819607677,0.0,0.36651781501047975,0.0,0.7800058319456638,0.7451220877977344,0.0,0.7206607260569665,0.2839861872213347,0.0,0.3315338148343891,0.08567240681694033,0.19589391618953103,0.05350072290478057,0.0,0.34971204351843316,0.45404741597422077,0.7353413577470863,0.5438114624311025,0.42260953811375257,0.3338774390950076,0.37411119328097486,0.19069908702866628,0.2819666195977563,0.40483112885782657,0.017304780712075647,0.16157849846933026,0.25568585961991463,0.06568452336849048,0.26711288276853307,0.3290646936372993,0.728148819472068,0.6363988490662025,0.7605417644382483,0.04306542276975731,0.31426831636550046,0.0872633299575682,0.14765131482757338,0.5645965013605274,0.15349957354586374,0.3073909335181424,0.39043538054557725,0.35827932512642274,0.27279769813240473,0.3876296599551081,0.3646743246458242,0.22568544697450255,0.31221216084839687,0.336510849957419,0.5416778271509882,0.06683675104759745,0.49316335225373953,0.7519253062457516,0.725403708076389,0.32136324867805793,0.5998096774426384,0.5236847906819735,0.8547556306654118,0.7327676600424275,0.4630554566098338,0.7755210289425305,0.9069890328406521,0.44447229238563507,0.18085405526840465,0.17055508171762637,0.30700863061686073,0.19488159534115046,0.4177538997221767,0.5856905302452704,0.6151610151908797,0.20287968576107787,0.6519615826709136,0.6775808443103131,0.1525801349163418,0.3949005106269021,0.7910859134723627,0.3805697154580913,0.0,0.7080843313604148,0.9089312326024219,0.6101131240323114,0.06010077284881845,0.35389002286978266,0.46751240319188103,0.621653796872023,0.786964133409237,0.19155485406731917,0.680205697373529,0.5616139283979178,0.572966160390911,0.23614482327485886,0.5262655466067822,0.0,0.22611063727318192,0.2714966080226405,0.191463811297659,0.03332743005374841,0.6526027475732826,0.10322495058663533,0.3932335240088228,0.08534163687444754,0.3701186956052628
ig_lora,AHCYL1,0.0,0.7765837305931705,0.1891296127151815,0.886422212931737,0.814886236230549,0.7879801385875794,0.2862456856337306,0.184762935079536,0.9241115588269614,0.7826597590577233,0.201341314157221,0.7289897179245359,0.7858832845442768,0.9321058670815351,0.8819409076367357,0.9492635298363301,0.0,0.920891386254733,0.7824957398200802,0.8236693219667914,0.18793361499029934,0.8932681505289811,0.0,0.8827408358059362,0.36888032437717583,0.8581694227254486,0.0,0.9348092774900416,0.9561821394041033,0.15232754386046235,0.8798375112126295,0.19065663134745153,0.8397955445603039,0.796785552335182,0.895373005991095,0.754413819334852,0.15140520565581328,0.5938030517486271,0.9250509308072429,0.8752441916468425,0.6744655947946093,0.9047440941963464,0.8862029186599844,0.1748209907130375,0.15738909529040201,0.7197498537822763,0.8585457298788418,0.95013829656329,0.0,0.9652961481830562,0.8696662187256764,0.3775571936171369,0.979659542350224,0.7595879661931072,0.805231274301602,0.0,0.7400106013602447,0.8925248916228578,0.0,0.0,0.9138059321823374,0.7623711433110116,0.7346381473052329,0.8689265244341318,0.8960804783226983,0.7799993260827178,0.7433340520864954,0.9073631247975851,0.7127311418530089,0.9540955746138226,0.9246306732198116,0.0,0.8656765327845618,0.9525905114864068,0.819690612975638,0.0,0.21541664468110025,0.9464317931982041,0.9464317931982041,0.8110780576399754,0.9628874895382818,0.6092883146909692,0.9552163133612182,0.0,0.906582686212198,0.0,0.8576945100349582,0.9732586144495218,0.0,0.8607911029419743,0.7882178573234723,0.0,0.9114339633767203,0.29117312693291325,0.9040668303849582,0.27617296002258596,0.0,0.7707040892985945,0.8346193000079859,0.9452756567510022,0.9466392953974916,0.9460500765539244,0.9348724628438908,0.763500995725692,0.9019187555746595,0.8996390426637686,0.8635087899024876,0.08607964372090107,0.8870167409946036,0.777634054690344,0.16724650575975905,0.904133947132409,0.9129062487760017,0.9185338503816366,0.9424755599088218,0.908642472255286,0.1864800804702062,0.9416267142429231,0.2297420536662747,0.7667510358256644,0.9279705831086715,0.8727100193656584,0.8939695569333972,0.8639006801018694,0.8112316877628071,0.9252182278814683,0.9602794615617589,0.8784227462431043,0.7452425059027883,0.8591642979550318,0.7762035819813644,0.0,0.18528641571754334,0.869059995502066,0.9223495428677908,0.9732319505833373,0.9571155240308485,0.82034690866984,0.0,0.8670930020687714,0.0,0.8160263155397169,0.8951009544140909,0.9751179294219477,0.8791828846066629,0.8465281226364043,0.9018003533445137,0.7420972334740953,0.8278212514585084,0.8414792114622994,0.8775180727712849,0.9603838520639838,0.6687642183832634,0.9148020633106377,0.9328969172529452,0.41766829463134214,0.9006582717624206,0.9589260299516604,0.8963484701839868,0.0,0.9470643017199477,0.9832833595414497,0.9496755148695878,0.3104307084685172,0.0,0.9211849585575126,0.7801974782490783,0.970490012251743,0.9109743057752077,0.920131589415094,0.1664917686873248,0.9121069899356185,0.8155390504988824,0.8018358015807697,0.0,0.9576146198229637,0.8971086383360182,0.9305527617090876,0.26423025232851444,0.9448406349146181,0.2374120016190005,0.8840353832611186,0.21847731123995107,0.9100507690982046
ig_lora,OPALIN,0.0,0.0,0.0,0.0,0.0,0.0,0.0,0.0,0.0,0.0,0.0,0.0,0.0,0.0,0.0,0.0,0.0,0.0,0.0,0.0,0.0,0.0,0.0,0.0,0.0,0.0,0.0,0.0,0.0,0.0,0.0,0.0,0.0,0.0,0.0,0.0,0.0,0.0,0.0,0.0,0.0,0.0,0.0,0.0,0.0,0.0,0.0,0.0,0.0,0.0,0.0,0.0,0.0,0.0,0.0,0.0,0.0,0.0,0.0,0.0,0.0,0.0,0.0,0.0,0.0,0.0,0.0,0.0,0.0,0.0,0.0,0.0,0.0,0.0,0.0,0.0,0.0,0.0,0.0,0.0,0.0,0.0,0.0,0.0,0.0,0.0,0.0,0.0,0.0,0.0,0.0,0.0,0.0,0.0,0.0,0.0,0.0,0.0,0.0,0.0,0.0,0.0,0.0,0.0,0.0,0.0,0.0,0.0,0.0,0.0,0.0,0.0,0.0,0.0,0.0,0.0,0.0,0.0,0.0,0.0,0.0,0.0,0.0,0.0,0.0,0.0,0.0,0.0,0.0,0.0,0.0,0.0,0.0,0.0,0.0,0.0,0.0,0.0,0.0,0.0,0.0,0.0,0.0,0.0,0.0,0.0,0.0,0.0,0.0,0.0,0.0,0.0,0.0,0.0,0.0,0.0,0.0,0.0,0.0,0.0,0.0,0.0,0.0,0.0,0.0,0.0,0.0,0.0,0.0,0.0,0.0,0.0,0.0,0.0,0.0,0.0,0.0,0.0,0.0,0.0,0.0,0.0,0.0,0.0
ig_lora,LIPG,0.0,0.3981879551061102,0.5523113789263907,0.17951202398948005,0.04208052648706817,0.044808383881803075,0.007159549958844815,0.31432853392363874,0.08215894622920136,0.3903662959961332,0.012347094596245585,0.4735661690262345,0.028551191442540112,0.043068088786533884,0.07837743228477195,0.010609448259867095,0.5385275469885653,0.15516699419327906,0.05388560576984821,0.1992476093291579,0.3009672995860283,0.01311537207679764,0.0,0.05054427500056817,0.5213720257733779,0.2878787663921475,0.0,0.01309710399858435,0.0395959765412897,0.05980962765916561,0.12701420290023893,0.007616300452111258,0.2493411170854725,0.01842130883466784,0.062242855380675165,0.46224751170291306,0.26467710106606823,0.3134261765277075,0.06979009001881152,0.03870680723973592,0.29141860283757276,0.14812958717504082,0.029265951502207968,0.26586169177907115,0.2888099818314673,0.23722660104898824,0.2595670661916426,0.01511846377031061,0.0,0.021910817058421177,0.07248508439792428,0.03673123999791607,0.07540726260434423,0.17161794824816196,0.3196946652721647,0.5161111120067534,0.38272796327009345,0.13527067779487476,0.0,0.0,0.023983688387624543,0.3828043511523969,0.043439196558706754,0.023355987806557572,0.025152602253215847,0.026449243468149985,0.025483245831211778,0.019669049636788574,0.31436469871174677,0.03225272270999597,0.018206416507093325,0.0,0.01659410162347889,0.02629298047010541,0.587080218870699,0.0,0.00837144755443502,0.00876432682336847,0.00876432682336847,0.28515407508199114,0.0723085604961286,0.26873477192030526,0.03140379352568942,0.0,0.03213041748317672,0.0,0.16100157822837977,0.07229725355847566,0.5220384406422005,0.0808277094702016,0.27473126119517205,0.0,0.025378661786676117,0.01413569513506161,0.012212454186171345,0.008820593365853783,0.0,0.28603479676853594,0.25553612144357735,0.06897553593417302,0.046338682338086384,0.03508795924149242,0.028799160438471146,0.35426164993295883,0.024018865945424503,0.02720901368268191,0.23944419966704789,0.004803282775993725,0.00876432682336847,0.26035611397237823,0.5565407649440762,0.023176467763705643,0.2954658418476582,0.07192890967384467,0.05690372135495149,0.07502532532946474,0.5533186836466647,0.26332471006745284,0.2685671813732017,0.2427548045130613,0.051221702169744816,0.5617963770329378,0.5418267411127234,0.43526689620572534,0.3687765641842061,0.020996963716399367,0.03355383572795155,0.03456278675187782,0.4536747862079042,0.03606247554090438,0.03712438208847666,0.0,0.06745171914006956,0.2242233799825145,0.02418954203249698,0.06950618906070903,0.023259175031247095,0.02369641062524784,0.0,0.05466563171185757,0.0,0.3066105537018426,0.1042990181453441,0.0884904455650107,0.3591279757783138,0.472233723963789,0.2126804830486565,0.04214771132677321,0.1664927451621097,0.04194585468083731,0.04884728774256153,0.05183473292677924,0.3349963068044492,0.061195090915921894,0.01007897584687374,0.02578639170977092,0.04067245668708927,0.07498760346550912,0.035975979638650825,0.0,0.06707540395711037,0.08809771480971121,0.06463253141166438,0.01282189757833928,0.0,0.04118153123726818,0.013155740257720639,0.07223266023592848,0.020882123968144845,0.06686577005084977,0.02243032800633225,0.055825451381315144,0.031332668477499,0.33217707780773464,0.0,0.013744057973009647,0.025564646702163952,0.014086316080271723,0.33785302682528906,0.06039053671798436,0.021699052218049356,0.044103947944073484,0.012163920094946207,0.03496005204078664
ig_lora,PLAC8,0.0,0.04465736185202691,0.024717804640880733,0.10666525378568384,0.08104587541387161,0.08193217728376488,0.02811144591703701,0.11445560857115034,0.11905723832244636,0.16563018265637974,0.04653873294729388,0.04671180087471796,0.06357856265087795,0.11773803161043132,0.07303139245538087,0.12970419586712315,0.0,0.11766936914061803,0.05630665600750737,0.09566996280719048,0.04065929959164928,0.061989339074967696,0.0,0.19441724622346773,0.01403999425722398,0.06687767204266766,0.0,0.10969055295070325,0.12970419586712317,0.043584016550681365,0.07220808766552317,0.02217353431325574,0.17709803322985754,0.04567312534489195,0.11082490733916682,0.05855932917137112,0.015171601169997035,0.015007759645048932,0.12061026571249438,0.09135141099011418,0.037493193570382145,0.11188662057700889,0.07970778301908572,0.05263377986347437,0.030082037732025835,0.07863734507842082,0.08253903373362384,0.12970419586712315,0.0,0.10808682988926928,0.04792142913103919,0.034532635946964985,0.1293097072206863,0.09617182502915297,0.07033934311763516,0.0,0.0647396188577589,0.07526694120395763,0.0,0.0,0.09320452180798634,0.051856107856404834,0.07435555682899517,0.07429146640562483,0.09080068116243034,0.06234721428248629,0.053719921670831595,0.0929662897879378,0.027457246864513868,0.12970419586712315,0.09984817453912107,0.0,0.05686448794169637,0.12970419586712315,0.02594578900783619,0.0,0.06849146255847686,0.04323473195570771,0.04323473195570771,0.07430481034563766,0.1280258593937943,0.0644844454331404,0.1077076199109442,0.0,0.10230869166912498,0.0,0.10911923994368807,0.12698859534342483,0.0,0.11211209285124266,0.0630415655154126,0.0,0.09344230692048999,0.038821528553261375,0.0676389350681335,0.07305684993256623,0.0,0.06906447948739021,0.0805060526071799,0.12499415567840973,0.12674580875937738,0.09262332173470465,0.10363420907594527,0.08008322104461126,0.2840459556103463,0.09250157140579107,0.08437677277373225,0.020975219389979163,0.04323473195570771,0.052089048978849056,0.024476903047321613,0.09813601089138295,0.10529968014855866,0.11694503562001471,0.12685498152445393,0.11996209995779306,0.017122865639619216,0.09233787829772527,0.2399829192665092,0.042926456506936696,0.12391957815672423,0.0370583416763209,0.07782251752027389,0.08719474439477626,0.08401013033580786,0.11659780989084459,0.12363892839320714,0.2127430627009487,0.131541089088219,0.0835806444534503,0.07075070515309924,0.0,0.045163827420390885,0.09439344999666938,0.09727814690034235,0.12485740537274397,0.08646946391141543,0.06034733121618411,0.0,0.09882224447018909,0.0,0.15856697342265416,0.11383718554011438,0.12815749307482371,0.08681193844143632,0.041914332179739826,0.05188167834684926,0.1359007361053693,0.05216604524932075,0.08562691201444705,0.1051941623417998,0.12970419586712317,0.037508549409020486,0.11613135866955425,0.08646946391141543,0.06981326697011579,0.09566393328791875,0.12499433081278334,0.09986950978769468,0.0,0.11914843021999398,0.1297041958671233,0.11921826138377273,0.03700468806808387,0.0,0.1208045971320497,0.03339574053711882,0.12970419586712306,0.3992312994608404,0.11524689831349556,0.018399804343848955,0.11440613227760354,0.07994037148467531,0.08651741784596018,0.0,0.07782251752027389,0.07005574916748823,0.0669666557687403,0.009163160631485192,0.12600047674940604,0.08190864897636824,0.09746332654080475,0.09887121856352293,0.10666516611970334
ig_lora,SELENOP,0.0,0.10743234847163469,0.11839132818468709,0.0654525287981958,0.047514973886734986,0.10553655881934805,0.026934001199964343,0.08181581931661189,0.06246393626978201,0.04110301182179848,0.03566974179402421,0.08725968151068722,0.04248870352874014,0.06244464607302702,0.04285129023933297,0.06707940909340683,0.0,0.10838723076084188,0.11881947046525497,0.07223093406325339,0.15114356535986642,0.04616545621391269,0.0,0.05641239290214202,0.01721235685233148,0.04040540435861755,0.0,0.06363251910088309,0.06707940909340683,0.19392991691146305,0.046550748907889274,0.10260650809002982,0.1007922676280536,0.03033659784832135,0.06001134416860701,0.033957433194131484,0.06097989469746847,0.04689343813364889,0.06393043592999129,0.05072828086637074,0.07662257016499113,0.06082281307644682,0.11829686339580038,0.15013993288404195,0.1393591852840066,0.058856230006952316,0.04561399818351664,0.06707940909340683,0.0,0.059626141416361626,0.0328843177121146,0.0297587252246996,0.06697169079163162,0.05929392355313365,0.10245099390331522,0.0,0.1160715929142445,0.048775527401865415,0.0,0.0,0.05626298454256422,0.11479722961707713,0.09732885696430743,0.046907566338314215,0.054725494061366585,0.044033979119854724,0.037747939026495585,0.05806079006106504,0.0791351931346499,0.06707940909340683,0.060168187102381004,0.0,0.03894080234328359,0.06707940909340683,0.024081546507251292,0.0,0.24948312581941745,0.037266338385226014,0.037266338385226014,0.08697866491585443,0.06649397342529108,0.04887013754688896,0.059675487039270426,0.0,0.05907827900753669,0.0,0.06541501168839785,0.06625938545149482,0.0,0.06671193188662428,0.12086658397812995,0.0,0.05391196251775086,0.1312748515494832,0.16766156494479506,0.051052183997955164,0.0,0.0864610689518599,0.04402086221754823,0.06551190564094497,0.06628953720130935,0.051506826376823536,0.12552721155236726,0.09655677308045718,0.0539233259727541,0.17982696321779798,0.14775263841269712,0.024060833533533988,0.037266338385226014,0.05350673683816436,0.10581402317745173,0.17632977910184522,0.18583523264944854,0.06204879863993661,0.11990223479378627,0.08764206869032297,0.09979325032776698,0.053899529716848006,0.13812085017125794,0.10391572917188513,0.12886012610032094,0.033539704546703415,0.04643959091082011,0.12558989235141255,0.13799954794857808,0.23875359261964,0.06571332493772185,0.13051060224165578,0.11891628262770366,0.048757964681463886,0.08897224770230727,0.0,0.034503956250225815,0.051253197925290525,0.05488315289460559,0.06564950256146874,0.05030955682005512,0.039700279565818085,0.0,0.05217287373931642,0.0,0.0734011920884316,0.07179643308061026,0.06637603297931367,0.04851931580266445,0.03139324074115087,0.04192463068337927,0.04303489020246234,0.11205034959519576,0.04935624507631326,0.05839577367820241,0.06707940909340683,0.057678794974608115,0.061634769699324105,0.05589950757783902,0.16964370558534497,0.10896456446938635,0.06512717759678599,0.138029477700949,0.0,0.06261801451010428,0.06707940909340683,0.06337009512095089,0.031003471792907127,0.0,0.15978205355107952,0.05590429043269346,0.06707940909340683,0.05249297031879461,0.061574943036206434,0.08677227426047293,0.1060312150710189,0.14105769273965627,0.047017953254939286,0.0,0.050309556820055126,0.04468860839436858,0.04762709425518222,0.012476924662246628,0.11250665064799037,0.20160490716764493,0.11160132690898497,0.29597832046171774,0.15245232970772016
ig_lora,SLC11A1,0.0,0.04712903053956614,0.011219051064186084,0.23447119647481948,0.13260741003568277,0.11339225953112074,0.021502220694221228,0.01365651091716527,0.2573061247460326,0.12344049814818393,0.016510203566077006,0.061254982598965786,0.08137705663987305,0.13968896506391199,0.10870342393366243,0.03718905682713213,0.0,0.17781846256769226,0.549725702427488,0.23563296988160287,0.02140471490402142,0.042961185962477194,0.0,0.15340166492630872,0.05892504692372152,0.07699751730714993,0.0,0.03905056151421313,0.13373756974372517,0.514581177380956,0.058221254536078015,0.014669765744203509,0.08474194656896547,0.05881638637633096,0.19867934943406212,0.09629100001403886,0.010288769599232304,0.017942281092535435,0.22375469001957163,0.1270967952445531,0.05159331057929802,0.1647690051708431,0.10103596533956818,0.03598974943225865,0.011498522950161865,0.1770957595044625,0.11960804763320877,0.05268449717177052,0.0,0.07526356738824361,0.06069231831050661,0.0351353496861368,0.24117442773932554,0.22663095958470617,0.09161341159726141,0.0,0.13030230070979984,0.07018829886208675,0.0,0.0,0.11048908055307029,0.05636907078087278,0.19552485334579242,0.0673551593064827,0.0729680892486896,0.053037258778582466,0.056047830838059136,0.05328667504320494,0.06776471042326215,0.10995025496717326,0.06062341054066006,0.0,0.055352402398078204,0.09031628086589231,0.08271810653680797,0.0,0.011666617843809561,0.03010542695529744,0.03010542695529744,0.10859593865454654,0.23397722607903876,0.06524294730821127,0.18886370220463358,0.0,0.10516436480886229,0.0,0.28763681119354756,0.2242463636538113,0.0,0.28301291822245217,0.07323534090037,0.0,0.08530874249635438,0.09612417710785416,0.03561619678899197,0.012462564362701448,0.0,0.1036357554477407,0.12931649305798223,0.22164215277400695,0.1504126987052023,0.11644018146584004,0.1371237954921584,0.11946835213085553,0.05201711780729734,0.06718021560479319,0.08587712218264618,0.006073066149773519,0.03010542695529744,0.07746696222882649,0.015060302343688863,0.06920079008441801,0.0773239014474719,0.22664132831470277,0.17989898583636388,0.2299407587921026,0.007777745229206374,0.15580332928828314,0.028684559381990687,0.035278572409214184,0.1571326395692957,0.028736998457329375,0.07586567592734955,0.1058439659247034,0.10030875745821811,0.05731178836153038,0.10092035826995045,0.09652345206335645,0.06985575219930924,0.09071834155728477,0.1554288841424361,0.665851330416781,0.03765322400076018,0.1483480718481935,0.5873527754443412,0.2734365411628457,0.07902674575765578,0.48642755326913195,0.7521276053344909,0.5034765812197899,0.6319328447377794,0.1382169142052877,0.31484853671742513,0.2810899240612306,0.22989018932752986,0.12972192735933022,0.03161069830306231,0.12510755770480592,0.04401080570060145,0.13130936457640363,0.14788238091282196,0.17242199074397632,0.06058460392117627,0.19795291871271917,0.5922147676522714,0.15644480520826878,0.17365782791423812,0.2399789900072915,0.10281947230264596,0.0,0.2121157214125939,0.28045581953092824,0.18432801308811145,0.08947082467483149,0.45354792644384684,0.12285055724784241,0.6335491009501469,0.2343551770744277,0.11753084475609664,0.25720594114448103,0.7217731101835444,0.16576026455307522,0.07332098166745488,0.16203146468354448,0.0,0.04741604745459347,0.08206234353887813,0.046435365392302495,0.0625,0.18765854878271032,0.029063521490746223,0.21683875315169357,0.016828576596279128,0.09600922382272001
ig_lora,CCL3,0.0,0.3557270404322991,0.23058390169092938,0.7662849028923282,0.5024452528171174,0.5216152771556436,0.3595455971385762,0.25708023459790463,0.8230353767482008,0.5727175190590497,0.07194972201227906,0.570400401497649,0.40419089114910406,0.4991462149823641,0.7460352945559998,0.32028126497213694,0.14448288752808192,0.6044348983172046,0.28195294035559715,0.7464414310355499,0.15250511340188155,0.2902882956957529,0.0,0.5787524504849155,0.302628448853123,0.4688477075784888,0.0,0.3125270290010057,0.4950660825507303,0.06120201600333592,0.31905734564281923,0.08050977663746564,0.42839452211855295,0.29487230973983386,0.7188013852369087,0.5389739488235946,0.1770748666049967,0.321354943150716,0.6874935772465383,0.451422865048135,0.6110177192397778,0.6300916692690958,0.31971205228250177,0.1422742775102966,0.1262118989384534,0.7462934776549844,0.5541139662439261,0.34545603293613186,0.0,0.5869890347258508,0.7040139287719005,0.5355977094930905,0.7545523013443018,0.8739300470736914,0.5397956776313901,0.11811151066829348,0.41686861130418906,0.6690300816119631,0.0,0.0,0.3180791541864949,0.5241732889125126,0.3602735441247382,0.3305269228930697,0.35055885761386174,0.31942324105456055,0.31371274521887144,0.3189480767085813,0.33713561722043894,0.4477285277898613,0.44772064327834227,0.0,0.308478421164743,0.41091042964251867,0.364707815861467,0.0,0.0813004482938097,0.46664570332907096,0.46664570332907096,0.5738489238685347,0.7320005890207671,0.46678337860819064,0.46265611181311156,0.0,0.40153568510313714,0.0,0.8975950280787651,0.7031360656917802,0.10506155502754533,0.7404774657104867,0.3795257687691681,0.0,0.38033531347620747,0.2818550373693926,0.2918379831621461,0.09089687063967743,0.0,0.5511425300646421,0.5872842737905573,0.6917808421030915,0.5252318555494656,0.6361902372689151,0.5272739313370525,0.4951664746183617,0.2864454949390589,0.33011908484834895,0.4140046780847894,0.03807411414453698,0.27757709630918537,0.5218758093708629,0.18551385827219316,0.33147085196174525,0.4408994563120305,0.7374003309133764,0.5900507523721881,0.7150953110302158,0.1978302220629857,0.5416196131241198,0.17046061973230342,0.31782981693634405,0.5323049962475916,0.3937642562877526,0.45296467335725615,0.5368320249699405,0.4041475187152873,0.3355994952238912,0.4177325435566868,0.385459176543401,0.44931599821318696,0.3536436983262587,0.3739964513933064,0.0,0.3789071185798692,0.5852598634335148,0.3852285277898613,0.7279507066628838,0.5870710096950446,0.31159805510408434,0.0,0.5807168619587206,0.0,0.5183554223673057,0.846471869318784,0.8773062784828604,0.5862265943970693,0.42462240013446223,0.35695934960351966,0.3350717124313804,0.3018523741784387,0.6083420800838395,0.49048373828200537,0.579221735458942,0.6877815629380193,0.6998039312778499,0.3084189958990948,0.3097906420382762,0.5267769806425373,0.7898821934226429,0.4849680725090315,0.0,0.7646662617563993,0.8755444569667293,0.5866627539355834,0.31497180722197193,0.0,0.4556721316355567,0.25350024689117995,0.7362285505862024,0.3184941231263656,0.6724277936516847,0.05480028046419688,0.544493064829556,0.2899237236801668,0.6335648130782298,0.0,0.5367404133848819,0.7523487987673262,0.7353338320264398,0.3257619032696725,0.6063948372164876,0.09573676801064088,0.43491048686068584,0.08787521349430401,0.3909720607011425
ig_lora,ITGAX,0.0,0.40499689142064954,0.19366283074562962,0.778241719338998,0.5451239141018472,0.5709520608851449,0.17062048464202334,0.14826108579933736,0.8866316275840133,0.5118146671204962,0.09457335432569809,0.3731718555926044,0.46704346290698057,0.7188818779289058,0.5157810372511291,0.5195568688221432,0.0,0.8319614748986998,0.4432963678580475,0.6633017455711565,0.264380292511292,0.38902675392279346,0.0,0.6747426565184982,0.10807758310183886,0.44862559799760504,0.0,0.4786928713150882,0.7597784344110716,0.17240945767163288,0.4298494585210477,0.16525197334504196,0.5240900918109365,0.7241817961042311,0.8435458213086935,0.4431936756606866,0.10591457944098763,0.16302919752734385,0.8415109794449692,0.6292071903877811,0.37278597941154984,0.8025959149302452,0.4231695610654598,0.2303077029832411,0.16604374289375418,0.5649578271769997,0.5750348903241134,0.5676011819399289,0.0,0.5904624476460991,0.38627879356954736,0.2770888639350578,0.9127607160507994,0.727203826694566,0.49802005267255983,0.0,0.5088822281926865,0.562495068658283,0.5895034408911682,0.0,0.43514879093943765,0.4043502116439003,0.45341395984521976,0.6245957824763445,0.6367975047293203,0.43670314070182337,0.46323828422909863,0.5082933894085777,0.2364587202035139,0.711734121293286,0.6002275689834365,0.0,0.6202480000373318,0.6673855245691761,0.24960594012149562,0.0,0.5841361645206519,0.3596932168768684,0.3596932168768684,0.5353388866988839,0.9092939476314671,0.30979012000636397,0.6125926204112812,0.0,0.5779137727074182,0.0,0.8100487817598805,0.8597778024254404,0.0,0.7861163179133652,0.48834473470129003,0.0,0.5562352671774109,0.24988516430853255,0.4847799918136735,0.13953231765551966,0.0,0.4851248918016599,0.5743336616499802,0.8742631521019396,0.8146015030231942,0.6393851693571422,0.7364571437559997,0.6092364511359158,0.362587516444542,0.6206352857707574,0.6019831842379447,0.43798393608573755,0.3596932168768684,0.3891284989734376,0.1726071067862072,0.6216518853944711,0.6857793431037197,0.85559815430471,0.876223004885193,0.8572000602979575,0.1495453497477115,0.532495206782689,0.23661636016394774,0.3327144297256952,0.8666119766794915,0.33400084424280635,0.5103536364352523,0.5931535021575975,0.5957368023281203,0.6905575122129829,0.6333670542183996,0.6176005759207086,0.4054169553060391,0.44107487616589297,0.5643863527215054,0.0,0.23311664565394735,0.6018538394443217,0.5784007879599525,0.8470045774017023,0.5422507387124555,0.4463945908195301,0.0,0.7076737105999855,0.0,0.5726788608402015,0.8196859512944983,0.9566225155556235,0.5739527197430844,0.31541128927302675,0.3896676516166074,0.4559307558319085,0.4405494044821526,0.671526210426344,0.6678552760714782,0.8270404727759716,0.30818527921280603,0.8393228218102612,0.4676011819399289,0.36504991369613143,0.6152955800081847,0.8903442858054282,0.6439865752717306,0.4484941778452791,0.859655555341381,0.9654080945551944,0.727150881647331,0.37730031246839063,0.0,0.7900693281718565,0.29384183997420554,0.9135202363879859,0.3752448189263811,0.8032237295644208,0.15382179213734593,0.7676555473199961,0.49730784927840754,0.6233733417059291,0.0,0.47300098494994075,0.5342546015781975,0.5296711352570747,0.06963278107896048,0.8670718083265828,0.33541687164722406,0.5910174110510795,0.36795937841669624,0.6646999458054779
