method,gene,A1BG,ACMSD,ADAMTS20,ALAS1,ANK2,ANXA1,ARHGAP27,ASH1L,BAG3,BAP1,BARX1,BCKDK,BICD1,BIN3,BMP4,BORCS7,BST1,CA8,CACNA1B,CAMK2D,CARS2,CCDC62,CCDC82,CCNT2,CD38,CERS6,CFAP20DC,CLEC19A,CNKSR3,CNNM2,COL13A1,COL5A2,COQ7,CRHR1,CTNND1,CTSB,CYP17A1,CYP1B1,DCUN1D1,DDRGK1,DGKQ,DLG2,DMRT2,DNAH1,DPH6,DYRK1A,ELOVL7,FAM171A1,FAM200B,FAM47E,FGF10,FGF20,FNDC3B,FYN,GAK,GALC,GCH1,GPNMB,GPR65,GPRIN3,H2BC13,HASPIN,HIP1R,HLA-DQA1,HLA-DQB1,HLA-DRA,HLA-DRB1,HLA-DRB5,HSD17B1,HYCC1,IGSF11,IGSF9B,IL1R2,INO80C,INPP5F,ISM1,ITGA8,ITIH3,ITIH4,ITPKB,KANSL1,KAT8,KLHL7,LAMP3,LDLRAD4,LRRC37A3,LRRK2,LSM7,MANEA,MAPT,MCCC1,MDGA2,MED12L,MICU3,MMRN1,MRPS30,MUC12,MYLK2,NAA11,NCKIPSD,NDUFAF2,NGEF,NISCH,NSF,NUCKS1,NUP42,OGFOD2,OR9Q1,PAQR3,PARP9,PDE10A,PDLIM2,PHF7,PKP2,PLEKHM1,PLEKHN1,PM20D1,PRAG1,PRDM15,PRDM2,PRICKLE1,PRSS53,PTPDC1,RAB25,RAB29,RAI1,REDIC1,RERE,RIT2,SATB1,SCARB2,SCN3A,SEMA5A,SETD1A,SFXN2,SH3GL2,SIPA1L2,SLC2A13,SLC39A8,SLC41A1,SLC45A3,SMARCA2,SNCA,SORBS3,SPPL2B,SPPL2C,SPTSSB,SREBF1,STAB1,STAP1,STBD1,STH,STK39,STX1B,SV2C,SYT10,SYT11,SYT17,SYT4,TAS1R2,TBC1D5,TEKT4,TIAL1,TLR9,TMC3,TMEM163,TMEM175,TMEM229B,TOX3,TPM1,TRPM2,TSHZ2,UNC13B,USP25,VPS13C,WDR41,WNT3,WNT9A,ZDHHC2,ZFP64,ZNF184,ZNF396,ZNF608,ZNF646
attention_zero_shot,CCL4,0.6513603049613034,0.021212340180198668,0.7634611123262874,0.01795802277984188,0.016594052883338213,0.22315476359674905,0.022224475848192718,0.018181979726897557,0.019193139632056835,0.01845767853066211,0.020757204971321382,0.013364200746676868,0.01792448205321267,0.019385868229650778,0.869023136295553,0.015902561834178486,0.3913267986400495,0.021486138158309076,0.01669589670019942,0.01731362165334703,0.019526495287082973,0.01900288853792319,0.021261734437194955,0.017335674577482797,0.020341032595099104,0.02089320855835626,0.0,0.9302200607249376,0.02178733515093306,0.020028399753312782,0.2979922365520271,0.4900349721500342,0.01695971583966748,0.02011640550394937,0.01817738517313137,0.34430921651010976,0.01791910110881774,0.01778966504372412,0.01934012380584491,0.01895197067804148,0.019013877036220508,0.016827189814041833,0.020796014930234735,0.3051510402607021,0.01998024927870183,0.017457477959296402,0.01975434769367208,0.022123435978192867,0.0,0.01998284900730676,0.8517769516339703,0.924575750646882,0.021910202395873272,0.018747764831285943,0.01895570361242597,0.019344590402915866,0.018624626042288973,0.02026772388628324,0.01974042445089338,0.019803748672467748,0.017152879814356013,0.019228751736124497,0.01655710985352351,0.015508583172998977,0.015480823605683314,0.01428026442131786,0.014463385894743587,0.015187602279063076,0.021184960382387628,0.021155601963649025,0.020634700456043095,0.01896532752280576,0.4990546159324247,0.01522415635188442,0.01563929586347193,0.9302200607249376,0.015635315955715195,0.7991290707598326,0.5641653755283123,0.0204643710733536,0.013678736835862772,0.011495509791751206,0.018084616748658897,0.017516629438749584,0.019510396062470032,0.022937502545808845,0.014330970193518429,0.011696209340753978,0.019483940042468915,0.16100970779036172,0.01329855847484208,0.5661621559658684,0.017718112030995794,0.016364911113613136,0.6743382613273883,0.014341639766566997,0.015112983825865633,0.020300702632796486,0.014905415574530526,0.018619496858335017,0.01788952126411407,0.02067772932263374,0.01871049107867969,0.018448162627128836,0.01976698443705975,0.01852294912581922,0.0,0.02249654982168352,0.019804986086309314,0.02000310634550658,0.02015285284921939,0.017910636919141645,0.019367625323802803,0.017317236173166703,0.01778485380635222,0.01921077276448962,0.8649573948601189,0.019785201823280158,0.020677407503605236,0.019986319389909774,0.018794016655911627,0.9302200607249376,0.020606730645317557,0.018645912675236957,0.016743850322215585,0.021080001924410764,0.013820254117055206,0.019018211212126417,0.019258850546059837,0.01767716740307293,0.01682072186294286,0.016793160614601392,0.022102774215963468,0.015004870541178971,0.01852038351790265,0.018458965296886218,0.020678778113780074,0.018344408163741437,0.018672003083434485,0.019607063462173883,0.022717026183746186,0.0141326032982559,0.1443031810761507,0.019094198068238474,0.016688257600298993,0.01675042186049977,0.015736654310807424,0.01862102148161482,0.021556819228138735,0.019134481757615507,0.018116119738683427,0.020439339906926715,0.01967211821012152,0.018254794114746193,0.017206691069510862,0.018732685592195472,0.01447482691582295,0.01929148658832344,0.015673038826594182,0.0188475826187433,0.015446581476222559,0.016888096972493435,0.018842488872246613,0.1315537253084335,0.022717026183746186,0.016846906046791604,0.017153592635002022,0.022937502545808845,0.020564987944948602,0.01646943248248689,0.01838560111748877,0.020757204971321382,0.018729732428847568,0.0208215023134526,0.016499548231794083,0.018456493185072136,0.43869031279516546,0.9302200607249375,0.016651720609934115,0.020407327735708525,0.021261734437194955,0.02105079839847569,0.021261734437194955,0.021261734437194955
attention_zero_shot,ITGA4,0.31869702546807205,0.017890331317290457,0.013571230941479856,0.21981444525833066,0.32413226652109756,0.423371056273855,0.3026218584619072,0.1434343002168966,0.22055808327795987,0.07917342774371379,0.06113617221891549,0.07717561263682911,0.2590465841523947,0.024157337514820007,0.01464652413490757,0.2598151262874254,0.45296415139078866,0.01726709792792958,0.5192588616280861,0.3126996426846443,0.059045791025427036,0.13254179948373987,0.048749318223339985,0.07159002863183027,0.6421576757085177,0.30262611120406774,0.0,0.013688334821707594,0.3168498526720917,0.3955202396636989,0.40485703332448536,0.033945079838650194,0.2790825952257668,0.4919187872994324,0.544450312512045,0.31439891200208814,0.32468399962518146,0.2984592823303374,0.0758091396955146,0.2691611888080013,0.3483655669499016,0.43429122658300273,0.06722314025835308,0.07079022911264549,0.015918981828122437,0.08607191300977031,0.3035919116420787,0.3694239497928567,0.0,0.057185273064050905,0.2001229700527679,0.021900976970497563,0.2537441320554302,0.20156241572893496,0.32767840470242315,0.2735656467910089,0.17211648519968206,0.4881479802460225,0.4752855536996123,0.3360878317282209,0.1522073326584067,0.07161840153883195,0.3059625207811394,0.48709712747989126,0.4825815581647458,0.558451357600898,0.5525964846760226,0.49049553248170574,0.019186995810070752,0.345184777858836,0.3976265941492421,0.34449356865737024,0.5346413848450582,0.06515067979603606,0.35499280561133906,0.013688334821707594,0.7497291073613833,0.10899009599460605,0.3388043199507072,0.2298630179628828,0.08120359169543709,0.09413140965356397,0.28454251786900164,0.5485685099865691,0.32579297877048635,0.26691920594038415,0.2955891057673713,0.09184906001184905,0.2765970432878045,0.2695785293418052,0.058235917122296275,0.34921488974822307,0.07514994416922523,0.3375657110091512,0.19295041137250432,0.18997454916863749,0.2341170071657379,0.07878854435865333,0.07207721894106689,0.3196379271665346,0.3424701241771313,0.2834922993107575,0.3035520690572212,0.22608647176296437,0.07432048666632195,0.16538625779454713,0.0,0.35379526741902195,0.28404305870571595,0.22673443917900912,0.06756432967212812,0.10141057106130015,0.2937831088843938,0.47629624666968423,0.30526771940215797,0.3480133466330462,0.10932441149684444,0.16337360692378392,0.07802875423785079,0.08534073379873174,0.27847325103380277,0.013688334821707594,0.01874471156722552,0.43263352138963734,0.307264521828523,0.07018663957682732,0.016048153629171624,0.08608903903605337,0.40601387306326125,0.049238613663854826,0.4831614910400919,0.46639626616217716,0.44918457620519153,0.06477701907303261,0.28455798412275307,0.2763502555166613,0.05134672005433405,0.4414283202764212,0.4054763870373223,0.4167960654969638,0.35083091445332554,0.07842750446894223,0.28744876822789195,0.1808445592426944,0.359338413335237,0.2554790561865883,0.27550118645848676,0.22615883918684226,0.3646049623339685,0.09481957328748754,0.3491879748242737,0.0611430409363009,0.24830322500323274,0.4007210512038629,0.45460959947782975,0.41838675298997147,0.34345506456949354,0.38937989333400297,0.40889830036315666,0.542234940712974,0.37741268111894993,0.05859599251591372,0.06826478314353181,0.3636773891359171,0.35083091445332554,0.40321169747442015,0.318238318483515,0.26691920594038415,0.05726347305162051,0.07807405893187197,0.4500578635970685,0.06113617221891549,0.30826649095948955,0.05829761930591091,0.3138517735944499,0.12684451367979377,0.3400735940387807,0.014418532273610327,0.3974516708651177,0.06859033229803128,0.06850809980395108,0.07018250501013963,0.048749318223339985,0.05571193649460293
attention_zero_shot,MARCO,0.28465477362505937,0.17807306335938858,0.018499378931492474,0.2488869648252524,0.3199882035867541,0.34289227274822615,0.6925980150414024,0.023575385068738956,0.3699416685756564,0.1898840875929832,0.02529608564497232,0.0295056307353677,0.20002959481736987,0.1932450231511243,0.019725649235548162,0.3694970568272674,0.5807174362584864,0.201086565578306,0.47489753109501237,0.5573321681099416,0.15106979025177608,0.16266799238260088,0.02482550555244049,0.07996812242492582,0.5757323444654853,0.4858423339351042,0.0,0.01914414920277701,0.7030495197489036,0.5508683638827049,0.5092055387022444,0.1780731045196647,0.2975626947743615,0.5914981245059399,0.49650835191848114,0.2334466885505889,0.39642931700814377,0.3914446723764827,0.21565443831271974,0.4303063953195332,0.41152315542885837,0.3977069134294262,0.025641202991344654,0.10971950273762704,0.022916272712769945,0.1177909422299513,0.4435691622143529,0.6423217754560175,0.0,0.22427405249163032,0.11998951857996298,0.036973489330187397,0.5776370700151159,0.17371296074770498,0.2712346866778115,0.36844422432741086,0.25597020125061565,0.6525580676393195,0.6786324131580836,0.5303553836925233,0.03752488809132423,0.13385331145410043,0.2762206393538508,0.5756533047824614,0.5710603184510751,0.5079189173363691,0.5136556969942662,0.5550357929186444,0.2671618874739082,0.6016564751505301,0.5164696948650127,0.4539291014596575,0.6509443880476882,0.03994991448798708,0.3356411651694374,0.01914414920277701,0.4374310911027665,0.01920930396599532,0.41329594207308623,0.41188128853640715,0.10657853939719615,0.048634294055205786,0.4411333683921272,0.46719813538270055,0.5118230726704858,0.4938771739622377,0.20816085941731483,0.06712901672897238,0.46247428514142525,0.28154545789777924,0.033490409511851914,0.5710502989764561,0.040996169600918335,0.36725013176895316,0.025256101999790972,0.22628400690910955,0.284056374974189,0.2659772518682688,0.17220670532994892,0.34230084551113266,0.3304495318556235,0.42560527064026576,0.39695106411073366,0.3122976614173956,0.1488770108476934,0.15307497395683223,0.0,0.6232365615704722,0.4482478164206706,0.32687753031831696,0.1520210356263183,0.17040601256384721,0.3154488445582953,0.3735399848824009,0.3738233568945044,0.4345905052216017,0.01993365422084515,0.2083728340466422,0.026146887159949322,0.025664110974484136,0.34655149808380975,0.01914414920277701,0.14614907819249437,0.41576402216897834,0.2896988721602717,0.1720764976331864,0.014846509380508636,0.03374830936213934,0.44773645755640823,0.02252374128358616,0.6454330949334764,0.5565521410415186,0.5956712912660928,0.11990295793293455,0.43382018867882943,0.31757778121843055,0.18792143385495422,0.4731447078244031,0.5871309954999261,0.6266840883414708,0.6163814953372992,0.041637547979426995,0.3074942572554063,0.1678445708015147,0.42115477316055067,0.37425222994153357,0.3916039770221162,0.23115638632476848,0.6948760761152935,0.19876799511956908,0.47109056382119185,0.19925325137135683,0.3790875141259196,0.45661198410254505,0.5539714519388735,0.4636732537906887,0.24802368816299383,0.45245037695963664,0.34461759505625045,0.6209953943428028,0.38817808566710216,0.13866022557765711,0.1592781061397568,0.4738744990974503,0.6163814953372992,0.5420570033382682,0.38192433967951417,0.4938771739622377,0.026084041256559307,0.1182174007117951,0.5876373327024186,0.02529608564497232,0.38987195132787883,0.22474277847511312,0.39696998872794337,0.48752822069962704,0.4048265258139603,0.019813564498606155,0.3882622952405376,0.15260815840170217,0.026013800861352014,0.20828333971620872,0.02482550555244049,0.025278189479644882
attention_zero_shot,FGL1,0.5172512472606796,0.017671497619905465,0.83507201010291,0.01601852732115233,0.01555787617611756,0.2342536155174321,0.019777626898592172,0.016725482571204753,0.024212330958468507,0.02657993364334175,0.017569787953649316,0.027422818599816746,0.01620490444822239,0.016312581290197206,0.6997743821117476,0.03574072733291602,0.20917338501558214,0.01690191373364001,0.0439661618092507,0.0254360740632227,0.016491561181474546,0.01667254884397839,0.01673287364362364,0.027174038705742417,0.018468064289894705,0.01790963870716322,0.0,0.6663065925938644,0.019027296947884215,0.01728573799406657,0.3102046316144143,0.7635521783445024,0.020517454125162017,0.018458438226665146,0.02038884270183646,0.41683318877238545,0.015789331558201926,0.015985126293395605,0.030858210921519674,0.016870643085278438,0.018003125017178465,0.02109010369647615,0.01793898260200388,0.17962709588889816,0.015765326263112847,0.022390405122534682,0.01730313389314901,0.018912220382712196,0.0,0.01798189813224292,0.828662479201146,0.9127915346853919,0.01827110720678822,0.018503607782756885,0.017360162695234986,0.0164553980685846,0.026103746984553453,0.01855502878489526,0.018033416166688812,0.01591668434967075,0.03187772150921073,0.017596489554478394,0.015518575080570005,0.02020065592286282,0.020235177356194678,0.022196924111790712,0.022470109671501017,0.019745297260335547,0.01881755372607273,0.01921028763040246,0.017309394772292545,0.015766367421192837,0.3029464029956901,0.035423540823429404,0.01349077185101487,0.6663065925938644,0.030246458043264788,0.5954320483223029,0.5626947856353156,0.018609903539887375,0.03797426542229825,0.04255713075042981,0.031133008943112633,0.015749991916705872,0.016181123087305436,0.018698937366957595,0.01866063772434492,0.06152218482182648,0.016148053062304043,0.10018472489687469,0.02950807843034103,0.3214614237252498,0.04185434657658907,0.026267045474556733,0.7757523367073778,0.03520353878193778,0.013280448915114308,0.017712231539083804,0.03664642043404889,0.02500107432378656,0.025409338082069858,0.018533654268428797,0.017344330089862067,0.0172668957515948,0.018406034115736318,0.024631875815233257,0.0,0.01905290377453522,0.016799793345504903,0.026972183057144015,0.01728874353328453,0.026570882437757456,0.01793912566721131,0.016541723583668618,0.015130271308097595,0.017697804409085305,0.6792135517226673,0.01797363762588565,0.01845231938343623,0.018162824689716632,0.024164831240016994,0.6663065925938644,0.01809476655473515,0.01628231679392171,0.015797753990397182,0.0190283051208601,0.011450665366345144,0.02809602508934291,0.018095824481739672,0.01578082410988323,0.015860315896931723,0.03851028493992346,0.019177852284918483,0.034034843406686596,0.015837801434422816,0.01782505988514024,0.016403431444979875,0.016886693832087133,0.01690256747347274,0.03434209343377854,0.019346872257285437,0.03587508358809939,0.10067469264828362,0.017706951395509426,0.015700141455635964,0.014211937739032086,0.039634237266599155,0.02237589815264704,0.01848300048223245,0.033302801598700395,0.0162771987106278,0.018396290486782617,0.01802769699099566,0.02204693248113281,0.015533034259480407,0.015913725118008884,0.013525551344410598,0.016584286313362444,0.014012930845639253,0.03498280520272631,0.030678874682384234,0.014714440651153366,0.017530033523868768,0.06826664950455698,0.019346872257285437,0.014667735785472945,0.014802508335783063,0.018698937366957595,0.018474744785079537,0.020750901606345146,0.017111316984049975,0.017569787953649316,0.017586671169311282,0.019346539609323407,0.014615555185870889,0.03366186516284154,0.3932267150003726,0.7454806330331862,0.015265226265374604,0.01761262066154343,0.01824249390814741,0.018992843696510362,0.01673287364362364,0.01737985375699097
attention_zero_shot,CCL3,0.573642264568771,0.3872787793042445,0.5985400610953437,0.1160341308188626,0.19869454707638387,0.32466779180896804,0.3679029247098229,0.021909731707607755,0.32326017240070803,0.222753534266626,0.023857667916441255,0.015368114442556645,0.1914826724488231,0.18572016014146878,0.747899345681302,0.01785984483438211,0.3127862719289965,0.19328080781498375,0.01961947777799046,0.1779240727218129,0.13132342850768913,0.1495880583338465,0.02340036596783607,0.05484453161754486,0.024865997385766163,0.02450015219356607,0.0,0.748322687323651,0.22932328401214294,0.02351167458389533,0.23833529909689305,0.44938232515707294,0.020270567231318006,0.024696326385745912,0.1282418614976699,0.2960823940481036,0.02091775495455608,0.020964687251989408,0.42163829461277846,0.08869665382643123,0.20383557885746778,0.08566165697367827,0.02421812171385476,0.29644753253357686,0.2048935773719244,0.16966056964354234,0.023346558772310563,0.025899600023603433,0.0,0.2248416262368769,0.8492511148792317,0.9228905592293466,0.15231977006142305,0.5559546327946043,0.274330489575135,0.02254036921921161,0.36715864078019433,0.02489496465479684,0.02412451406603115,0.021881893613970638,0.08649036161631717,0.11870488722353045,0.2934402823672,0.019088212668268035,0.019050433971079084,0.017488450482345725,0.017801325668754798,0.018583068629292643,0.4990334123707386,0.29414493343520104,0.023814380018239538,0.021698580110445623,0.4875525737091129,0.14974426839813088,0.07437197283409354,0.748322687323651,0.01886132268455197,0.6695660913991749,0.5517127402677114,0.29793605841086956,0.06398220607330238,0.01398969283629786,0.25718047889239637,0.020849827491753316,0.022387178880843298,0.026105292025522676,0.1411566699590418,0.09629714142851992,0.02220586899310958,0.31531150958197696,0.12171010971925349,0.44878883269554987,0.01992890508277845,0.018774167704870056,0.5736916551967446,0.01662922707334996,0.01749273793865795,0.278322767765809,0.20570864820191714,0.19393973038777715,0.020735936280703887,0.3860422181674118,0.2819947347122016,0.4771613081619015,0.13740080855414605,0.5169734097260195,0.0,0.02622480232958559,0.02295055414168299,0.32511453998910506,0.3674213861602809,0.1481351835103762,0.1502026763484219,0.08210389021369516,0.02051141779100235,0.16042615916105218,0.7353233251158393,0.28401561380523255,0.024682926227195638,0.024095752268504446,0.2536554791176611,0.748322687323651,0.34538750473935037,0.021956711555886126,0.1529622262543713,0.1601341554771798,0.01482818537143699,0.02273285655780145,0.14907722767966317,0.02080682188720819,0.02059133947430505,0.044284250037991,0.026213189965245475,0.08785215855758068,0.021477556774789644,0.45257865867402786,0.17555123292622482,0.08597528818238308,0.022495504850175083,0.023435405058740307,0.026626900787759134,0.01718482757255322,0.3625918569939708,0.30654629741152345,0.020369132737871973,0.019293949047548265,0.01789454189456033,0.12188152525186913,0.02535153770360973,0.2579078904740612,0.021707170599658054,0.2855807463303784,0.37646865568403914,0.12883708311858535,0.020575939373472896,0.02173627389499748,0.0420868401355907,0.02263023189818033,0.018398272077485914,0.023058149381927764,0.1398832334335744,0.12365268413046077,0.2600457130280435,0.13012939701486734,0.026626900787759134,0.01954252724249543,0.01972786042714056,0.026105292025522676,0.2181947456535394,0.3831000586664848,0.022540844383407754,0.023857667916441255,0.3477380673162491,0.47520772159094343,0.12847376734730037,0.3362170739117804,0.3756717933119468,0.7902990042624095,0.019892323637499366,0.1329770573665677,0.02468616629658125,0.20501037854439663,0.02340036596783607,0.023914686099334143
attention_zero_shot,F5,0.7361368348013444,0.01789033611197363,0.2783486695466683,0.3395444614343245,0.2604911523323617,0.47790038355324527,0.1554450909883219,0.08757412692990552,0.139506179383123,0.08026366551486033,0.08415151605952612,0.24786040543437735,0.24679303845030814,0.028776961498578724,0.5752273573703329,0.16133484984519467,0.567989780855776,0.01730172706617076,0.16206213891378948,0.21305779212803536,0.07886075191021368,0.23146770737129302,0.07419749086891253,0.0699700501339141,0.3692191316567171,0.21487247232216003,0.0,0.31013674069781116,0.165491352915317,0.20371632423801597,0.581797284794838,0.5021337989236938,0.21453668002643114,0.40745212619609106,0.34477428793811604,0.5474946792245347,0.21553648124370758,0.23463038612473677,0.07391391452406679,0.19788962229047866,0.27478961847810146,0.1913764944670686,0.08943672588265598,0.2405091877296213,0.016194393482466592,0.08278208178204861,0.22418116260932053,0.20786882019220498,0.0,0.07686267899156843,0.7363947065787587,0.8037428225012692,0.12940184296099602,0.16592426959810605,0.3007983583415434,0.30886158011160253,0.18685006990657158,0.4432655827217035,0.43468697102755055,0.13226679230190858,0.16202684890591326,0.08900458266486373,0.287576449132897,0.4457808966872157,0.44095489379358555,0.44678152085937406,0.43752548093464777,0.4484106819113133,0.019125254219889802,0.21156546868887707,0.1632131007928324,0.15552104726721952,0.45593135307715704,0.06145338722274525,0.35008004168553014,0.31013674069781116,0.2447653765608455,0.5898980555566494,0.6282565184482781,0.15355540685803903,0.07193697315220107,0.14190816922024027,0.17214161827864694,0.37719463949349336,0.31682583188357516,0.1351435458740911,0.28277174567823155,0.06477212688487723,0.20860181046333068,0.270570753003486,0.2719759338704913,0.43393682012997586,0.07606845077604028,0.30386300378236253,0.6041899879946767,0.14970178225648423,0.4024345490353284,0.06748173194080048,0.06850796155712754,0.18009608388011938,0.18591056395762662,0.11188272159700036,0.2559282802468158,0.13724857188706824,0.09070381180832841,0.1131565995592073,0.0,0.1888991694888066,0.21362175504203482,0.14912946663617022,0.018173547881412157,0.07095494826044911,0.197068376573526,0.24176819700666893,0.3017307560662724,0.25845463018807485,0.481629149484928,0.07881617276118386,0.09834425996178693,0.10371444122125309,0.17883296122921186,0.31013674069781116,0.01870403113146577,0.360209273928453,0.2787452359394211,0.0902930316183592,0.021844449452999758,0.08780190529640321,0.2562602979746611,0.17202669317135588,0.5213823174857672,0.2090237782044029,0.3306567003395437,0.05652441789628315,0.22033002098896495,0.23290145732403217,0.01728748367117644,0.25240192910633985,0.3176937587646249,0.24871159322191624,0.18608683462391512,0.0699223429050866,0.3538726038374868,0.0731190966012361,0.34452803776375746,0.19225600247054625,0.17199994730009802,0.21425143092424004,0.2214408689582503,0.08758608377604488,0.2596307439194692,0.08110311310041271,0.1415091716628955,0.24243863136121846,0.41627607298496516,0.35735492627970245,0.2930592688603974,0.2864140491499088,0.33148921954729266,0.26782480644062245,0.274003151641779,0.07699719921896431,0.0839165146613231,0.492515261514299,0.18608683462391512,0.36365457532535406,0.3172648179160131,0.1351435458740911,0.07783946869067516,0.04858980741717686,0.4241953072582362,0.08415151605952612,0.1980420293829798,0.07637757081500018,0.301949157435552,0.07732006401847462,0.7082429179048022,0.35664298969984565,0.33926775421209704,0.09017905116495532,0.09122536918551315,0.09028908498652097,0.07419749086891253,0.08018025892609652
attention_zero_shot,HES1,0.0872727328281288,0.11916182850109147,0.017548474119688233,0.2881870543191202,0.1112414630896005,0.294546395816419,0.20804023894839105,0.5499880137297957,0.5091526039806693,0.6647199583276885,0.49843055088505195,0.1795224073400973,0.13849807941056672,0.1714569355080048,0.018582774312630963,0.12431501196652067,0.0826878438267375,0.13243056120120011,0.06289316149279936,0.41680914975968736,0.2642022896420189,0.4306252395738905,0.354403236531674,0.7094955170520643,0.08127217901421468,0.11444125635320246,0.0,0.018088524302407552,0.1782680742639605,0.02387321331924031,0.03761469450754273,0.04229852884550081,0.27513636785463014,0.08470898886564832,0.21223630454133485,0.11829656356533798,0.1048663072132343,0.12348872098685008,0.5582632907479846,0.19174854357774299,0.3331268906868196,0.049963433308081694,0.5152536726181176,0.17317145931898223,0.02144134134241294,0.4714751738703103,0.12427839195618122,0.025678168077995042,0.0,0.5633271582464418,0.10052616424081404,0.0308428967281915,0.11490290975494956,0.08266998351675897,0.24670139798531657,0.13167808834006364,0.4865852200286097,0.09572786456866308,0.07535069742786976,0.021645628876339786,0.560538819581301,0.5848428756550133,0.11936236311578761,0.06355621937545777,0.06406303702208753,0.07398682788363173,0.06709145403886421,0.06842981215759684,0.21546822841473984,0.08428707391873445,0.024153344492232613,0.029418168273483675,0.08866033047342421,0.4613636238770528,0.1726038103443475,0.018088524302407552,0.09116276909491018,0.1038029475612448,0.1569802416543104,0.3943924351605345,0.45911358484551335,0.44711614439434816,0.5013513984697254,0.11643042536934373,0.10222209688799008,0.025771009690152856,0.1834220390052012,0.49279707883494067,0.12399890551672546,0.18243692253624805,0.11648338532929155,0.02524577219444567,0.3680848223236158,0.1289356275444628,0.06651041863378512,0.17238765559291322,0.01852107673335461,0.4462780575876787,0.4932229840723354,0.43004322930284017,0.18223172225417975,0.11650421528636203,0.31261219004418234,0.1345033553506874,0.6992650461938397,0.22544591106009204,0.0,0.025894697238358425,0.13388598174518385,0.588426157056421,0.10356646257777105,0.37614631363982,0.4761949114405053,0.3147354202767386,0.3089341416892426,0.11484986689193001,0.10442754490159607,0.43799378644978665,0.6387972137330279,0.6427709373810544,0.31518271512022494,0.018088524302407552,0.40419219177334964,0.14778784045294774,0.29458044512843606,0.7170240138495793,0.04134857721618906,0.6184863688743728,0.39155990964379106,0.6410550302004404,0.061379146300701945,0.07527306698712467,0.10898356484414873,0.6203680315572276,0.12354986458851652,0.10344506994748906,0.12466752771627973,0.16287978314295198,0.06671313684904534,0.07705137259494893,0.02617853144412799,0.6055601137931349,0.2549511293332915,0.35386823872054024,0.1903050535801055,0.08688110085950444,0.1324583835904286,0.6331378027140626,0.02528598699724223,0.48329816938337145,0.10731491779756752,0.6274360984556604,0.47290734650925836,0.3383945892068288,0.08921413691690387,0.1295835891754685,0.13570115497839869,0.07269339093540014,0.09921371595711106,0.050773510318070744,0.21138850412767116,0.3168894435421175,0.5734630460008747,0.12464624947346266,0.02617853144412799,0.09948658271291257,0.14091847396655663,0.025771009690152856,0.5815939711461433,0.07792065257230416,0.08447501398863254,0.49843055088505195,0.11920103233871482,0.420577694569661,0.16789258084380318,0.2865568154585812,0.09539294954982531,0.01865479327839114,0.13018880532812538,0.4815112612932134,0.433257972804949,0.6007781509626923,0.354403236531674,0.38419280356824453
attention_zero_shot,SLC16A10,0.272872453155801,0.021975111880636708,0.016505102612720333,0.23904998394354077,0.44121387770185344,0.31177022295525536,0.4332785480730483,0.12232052152096863,0.2044191672656354,0.023470947969706207,0.021945218332174214,0.015266391772296564,0.20212850794275358,0.021018701637794075,0.017994447424727316,0.31988782701982976,0.5263025591499781,0.021107086939864888,0.4933357952022006,0.34809232709002424,0.021086858805598255,0.021694143685535978,0.02086720878942034,0.022340320730723902,0.7270162554093474,0.4454079853792451,0.0,0.01694463433017104,0.608210507014349,0.8884001256342258,0.5254555323487016,0.015504481354967771,0.26589869501337926,0.6830482191036481,0.5086257033684793,0.2945516423925281,0.36028460995577427,0.3546264318999691,0.02389096791724096,0.32006330211371764,0.35837108059963463,0.6113817817716926,0.022430368974338834,0.015481946275455474,0.01951399192249886,0.022261542243084274,0.408254209727926,0.5875127343577591,0.0,0.023169286090177543,0.09673258259759485,0.022773093958448593,0.413009014590665,0.16781247821303302,0.24965804577171807,0.35699347216951294,0.12281030080397831,0.5871410346142999,0.5919048089510429,0.5846470363813164,0.02072644575147876,0.0229952112250152,0.3002273612518595,0.4575117314828613,0.4516060270715133,0.39081792927534964,0.40173501924457244,0.4299994816277345,0.023666895569104656,0.48159746822871563,0.6352725864652373,0.6691070515112764,0.5173376275403558,0.018486379602960925,0.2402223021246169,0.01694463433017104,0.5314222566998432,0.01744317659158871,0.30217865325613646,0.24245558366345019,0.01699675246253339,0.01495495187533211,0.2931404362366664,0.3795240822387,0.4121003483087994,0.461737599030906,0.16804534947437566,0.015019977990116685,0.387771269238584,0.212141333306902,0.01602129892504392,0.5282489262189424,0.01912062290970039,0.32512505830486105,0.016445017372354095,0.1848021085320833,0.27550792813462965,0.10357758077690886,0.018262272788665025,0.3697374927389844,0.3010898907103426,0.351042689123854,0.28812063821328104,0.2437789512059952,0.024140412629387525,0.14265833085196156,0.0,0.5675031530651489,0.3877572918799249,0.17262971718925052,0.14413778331245905,0.07382708483120061,0.30276740785954026,0.5120278387291253,0.3062979746483192,0.40508570254875637,0.018095091820953563,0.16069769023474675,0.023327922857207507,0.023315970117199922,0.29945550716746006,0.01694463433017104,0.022824449392256595,0.4316542798912078,0.2067816618527879,0.02415522027532863,0.013576508303732705,0.022087696111442394,0.4023956212240892,0.02063508876953121,0.4973447711110637,0.5585555301751458,0.5482677506417396,0.019230083992107815,0.37447869931529243,0.2647798538768659,0.11349196361283673,0.44897686281966254,0.7513819092084277,0.8187152246070062,0.561409760857884,0.01792089920372795,0.1961371119275139,0.17659786950989484,0.3668717467144003,0.33057281734182453,0.3433444146364234,0.16276972881001073,0.5672112695846818,0.022445953645360346,0.4207570378475563,0.023542408777547614,0.41096454573932695,0.44390525576241097,0.5107377024298364,0.4687820571290695,0.27493838098500195,0.5175656369037337,0.3529222409546286,0.5704073093107044,0.2475488627476079,0.019540338609097454,0.023232904269407606,0.37884460073163334,0.561409760857884,0.4566771954262808,0.30491955361458406,0.461737599030906,0.02339310548031844,0.137304881110169,0.5070479738462765,0.021945218332174214,0.4205215395990113,0.025119538904504912,0.2685395695072452,0.16748379311840308,0.3112298486509147,0.017890876680008588,0.39908244277675453,0.022471390140531733,0.02258318741340061,0.024147670197029368,0.02086720878942034,0.021510700773412942
attention_zero_shot,RBMS3,0.05601222402866623,0.574402305246432,0.01581203958863406,0.19314707270464523,0.2790531446936012,0.26258749049221813,0.49095430682668556,0.2302367016298179,0.5534420301420003,0.47616122893469437,0.3031968190374761,0.17137653123550953,0.29460153660462945,0.3372519813319921,0.017785735444567723,0.10804930966653555,0.04851338978296643,0.4029354688065605,0.08363174385534806,0.34126683950012887,0.3984661748343887,0.48135433556738255,0.21425874231632946,0.2467541334693719,0.04826501884174519,0.06647193722258285,0.0,0.01651918605638246,0.3512655048018044,0.022283225242539693,0.04458732782680818,0.047648080455650325,0.2288470645104124,0.056439754941568714,0.23501575720918802,0.10733338083826902,0.07316977840156111,0.1002847271273464,0.6862620825155009,0.251444358423528,0.36640773426137874,0.12264687651912133,0.3447009792910391,0.23549869964822814,0.22533348154968647,0.4452734312055981,0.09024796672224777,0.024460661355104923,0.0,0.49793773139766917,0.08837181837006301,0.04055860469072169,0.30051864070729034,0.5974186614683924,0.45552002866873414,0.11274707622203987,0.5671159658234366,0.06158304398933332,0.04483547355872331,0.019687386222021805,0.3134094206046406,0.4360161417964703,0.37157443622293557,0.052178450248680217,0.052575572326270505,0.06481337190439722,0.05739148036121472,0.05771023410609005,0.6406755475484793,0.38274557045911695,0.022325727400751377,0.02425693554002083,0.19334463962823512,0.2931711556440733,0.22420660849276702,0.01651918605638246,0.06890798016255069,0.05883722465489128,0.22307223017129135,0.5354901101694716,0.29915825006451974,0.22755461591175988,0.44820511896598964,0.09159969933006405,0.05924693974742301,0.024209561801071238,0.24775534417826103,0.4573395338958899,0.08358624434498042,0.27132701281225197,0.20664263812230363,0.024016882481875834,0.285037825600323,0.10462042642092358,0.053997897725215516,0.22658437886389507,0.016664540322305448,0.5145860247285425,0.4357994623149732,0.321360558472153,0.17510427289045735,0.4841427458100712,0.36916449226044956,0.5644262398164045,0.4485995477919052,0.5989542689822511,0.0,0.024684614900858316,0.10012232847627184,0.6369816873446175,0.5098350681816588,0.41547535405800345,0.3490063423986248,0.21938906371664763,0.10497411609534903,0.23322058918755323,0.059750097690789324,0.5655900122007295,0.38825271679450446,0.35481145205313047,0.5092633888331678,0.01651918605638246,0.47605493222913475,0.12243204852303739,0.2769240339172732,0.5526535107508861,0.032137963370477585,0.31459357843724256,0.33436257687276905,0.13757266708227825,0.04511922860694416,0.12131703392831043,0.065915164166093,0.24100758639303227,0.08876425499981647,0.4976246202970573,0.35994097881998655,0.16904114727662373,0.040071371355411105,0.10785956235196834,0.02512326776432037,0.20841125027606575,0.371853436874629,0.5210959843299681,0.05092661266463523,0.04702722463136813,0.10325194993078247,0.3108825161809219,0.023981127984996204,0.6456491736896701,0.0798407447528566,0.5889840757763629,0.5368465969866898,0.27587037551587545,0.060595534923088196,0.09332821586587542,0.1513911336391187,0.04446951092765561,0.07501491033367995,0.06549065078002006,0.3371423821567099,0.32545991286110454,0.5066505714503937,0.13732841304757262,0.02512326776432037,0.06628144166964516,0.12412420408035028,0.024209561801071238,0.4223864794078194,0.453060877625544,0.05983632517240759,0.3031968190374761,0.41711991665825,0.7187924431343607,0.2680377236495833,0.48722030418761136,0.07061626609626835,0.017760924081864114,0.11459190873409467,0.5713351660782366,0.3743463786155756,0.600334497759804,0.21425874231632946,0.27947963117898533
attention_zero_shot,BICC1,0.020650517283209838,0.5368701471283331,0.01947973536174064,0.021347564490477883,0.08780483716211457,0.14692951189469577,0.5146865654902306,0.022480150575380848,0.2784030217435303,0.25267291035640926,0.027123284345433936,0.015475436202375388,0.02151796046726265,0.44769049502389396,0.020775831250805135,0.016631115803163718,0.025061968663600574,0.7921648708923341,0.01925656588373195,0.21116036215403455,0.3630733569269034,0.3170551740956708,0.028543567282816783,0.09638977238150113,0.026061260908739378,0.02646870393881782,0.0,0.021486138158309076,0.48580686877555335,0.02474026870090898,0.019019964943882698,0.01496115720769425,0.020218338397077904,0.025680440119718134,0.1359513935814426,0.01834793484866146,0.021011098704949105,0.02105199998001698,0.3158625126955867,0.1921245814211838,0.16092033312699433,0.05958584285586566,0.027300819712606793,0.14645763766122763,0.026280699600330942,0.1460977291250298,0.0243406695113277,0.029234944598941468,0.0,0.4072230794096532,0.05664284459060214,0.04124713130533541,0.46372238118720954,0.046510274823080254,0.16422917212259408,0.023364252767607036,0.2017697210390236,0.025977943642730407,0.024972482009595093,0.025239437966412332,0.021008823343797327,0.22516050034732701,0.10167128738112613,0.018987196501501286,0.01894539128135801,0.017323149502737292,0.017651232025585894,0.01845106995770798,0.5623996195047332,0.21776069527271374,0.02562067519333784,0.02221473075016519,0.24432536670275035,0.01781027672735868,0.15573921336790525,0.021486138158309076,0.01855744303838936,0.02007347244558054,0.22506985286149522,0.32249863708601717,0.1287615854659318,0.01342627665762194,0.23101672452640704,0.020909573072730555,0.02329924396973366,0.03164753534798277,0.07721586909948376,0.01296689473546228,0.02302727913813308,0.13165229162179348,0.014952900056797943,0.027658797527653434,0.02038826234486913,0.018215142392934893,0.017265526415119532,0.016213353838902596,0.01692416187117561,0.5603973729721617,0.2463264908204148,0.023394371208605005,0.02079356547325099,0.280354172309025,0.1810217207091357,0.15482992674986912,0.23358882019074664,0.023703399196578663,0.0,0.03026891206281631,0.02403578388651045,0.24034521562334277,0.3647104906366872,0.3150435012631734,0.02466040045966055,0.11363387087993422,0.020494207486982274,0.023955105038682353,0.021392066830766606,0.35925884382939066,0.02713616318689752,0.025699068052722093,0.1559487668078978,0.021486138158309076,0.3319307580576507,0.022392231197393482,0.1136140355093928,0.34595107136221165,0.016567570099040883,0.02396394642992643,0.13992062957350035,0.021229326601473933,0.020594286429642807,0.08211577951907703,0.029352157333124865,0.13575967153251364,0.021804166800406453,0.10432509058238412,0.6369289084993462,0.14533943461047608,0.022934699429064287,0.024461246614339495,0.030958223705399534,0.01686649767205348,0.16431285060521697,0.2564840015683413,0.02034850337987297,0.018920684442985232,0.016782664057684388,0.08715711105992814,0.028011809370580367,0.3294647613894394,0.02196719830342975,0.37878977271593683,0.2648392101735972,0.14193992188821958,0.020578418348551803,0.022187514353433982,0.07116994064007898,0.023425302357841002,0.018025034728248557,0.023792002522770465,0.16247949972896678,0.24408772141791885,0.2375946560131023,0.0642284299534263,0.030958223705399534,0.01928739687735364,0.019495863683828885,0.03164753534798277,0.026825791725339262,0.09651918590898148,0.022849874958461688,0.027123284345433936,0.13243930878221977,0.3666830390703766,0.14586852825446164,0.5954018724778959,0.018389095932627858,0.021486138158309076,0.019790698627565547,0.365645668485159,0.028543567282816783,0.4095257207074355,0.028543567282816783,0.028543567282816783
attention_zero_shot,NRP1,0.49301458359658196,0.12642677985658538,0.07678956455672785,0.38946843190372066,0.657248218510223,0.6824474942020894,0.45839628120676645,0.19427221384656743,0.415152913092536,0.19306312479740284,0.07038554458732132,0.1857414192835508,0.4043589426068937,0.09241371176299422,0.16508652749900865,0.2844313451617066,0.5500081479171143,0.0736899021287094,0.4308362126535861,0.5218453507214686,0.20221865024037697,0.22084813524895527,0.059142961785868114,0.1027475393335017,0.4737512496054875,0.3348501569867246,0.0,0.09893955382041755,0.4389372873657642,0.4991263826489359,0.4827585494543179,0.22709165405633613,0.45364182527829827,0.6904193709832672,0.6042117339473833,0.42823584505104334,0.4302284672306308,0.4187296707254091,0.25899001773349783,0.3529541992850398,0.5752243860852103,0.6133117622917034,0.07606785275730624,0.3001480952264491,0.057209282894885416,0.35056487306817863,0.34019731663503544,0.39034924551192873,0.0,0.15249085888073177,0.7320825531788929,0.7506645275223484,0.32232918358099616,0.7359900604400966,0.5497029718213541,0.2985370665055804,0.39236530168587275,0.5331968598722232,0.5243363176542655,0.4343864795114188,0.1499972166550204,0.13304136588086204,0.6331156492090643,0.5032347754052907,0.49923071754745785,0.4873808929827742,0.4940193235419979,0.4975999570514996,0.1819314225869537,0.5810957252761583,0.48416141878329405,0.5809954436325703,0.49109048139852235,0.12113641301291095,0.5542360652001692,0.09893955382041755,0.5594921629288881,0.19904301994436466,0.49471563072553004,0.38581642574991265,0.18197288180893226,0.1560512454814511,0.4349009786561172,0.4846707363161088,0.39124482084476986,0.28407340363534767,0.5816317480443528,0.13155910343130306,0.316601035631812,0.5824124749474823,0.1635533626453717,0.42854587166119185,0.07219541084258814,0.41609613825741887,0.19605397951353667,0.3444025837832046,0.2674693008390781,0.23682846250360276,0.23150084288178407,0.4998872515863803,0.44181616110341937,0.5481889871116464,0.5141918447009534,0.5434329392231279,0.14548383319676228,0.4980384973731348,0.0,0.3782332465529545,0.3195378367211941,0.45391679160530657,0.25011067625202094,0.20539117075787303,0.4118815883365731,0.5917733461759891,0.37197015350214024,0.5535995351310612,0.21821637125199853,0.3332602853061121,0.08639258930826743,0.09359830604684644,0.470178650124851,0.09893955382041755,0.13500808837579326,0.566430051549957,0.47782785741048045,0.13851293599545367,0.01990872282591014,0.08382708720498415,0.5944033925192144,0.058561412666268936,0.553152511244543,0.40230457576555717,0.44665475173987285,0.1369454318983348,0.43327009139123596,0.7184681893595555,0.17068498598826823,0.5105531259101455,0.47268794062455616,0.4367944009214377,0.37584887568924213,0.08099410159754696,0.6216457600841351,0.36905423859293784,0.41729482005403534,0.2965089124175089,0.3048141912728357,0.3415942762545271,0.39062854755668514,0.2404389838238601,0.3886619429630049,0.17487480836277156,0.42818696694625424,0.5689993010548422,0.5590546695186311,0.5366216404871293,0.6121566221450253,0.4991597968931339,0.6133013282596395,0.4820535579560768,0.41865170428962883,0.27253887453029807,0.2227380074845863,0.5224043946321426,0.37584887568924213,0.5337538367480915,0.3914323756949224,0.28407340363534767,0.1306886450961476,0.35793702795522153,0.5721122736220098,0.07038554458732132,0.5831313761334289,0.26117291787538616,0.4710310741701394,0.2596009892604549,0.46367178839733814,0.1520000117079401,0.5135716965816581,0.12506833727172317,0.07729368353309057,0.15342163567669814,0.059142961785868114,0.06546821330383958
attention_zero_shot,ACSBG1,0.2535172577218351,0.41868378440395815,0.019316752948955494,0.293066843075452,0.49998842954458406,0.45282223519687453,0.6502985147423659,0.13152545579185518,0.519472217207898,0.3435874477987436,0.15328487828605258,0.11841272108783704,0.4198875725623838,0.28480866343772454,0.020318234934315796,0.2406577872536855,0.48508274966020354,0.29845723203224955,0.28434252437633184,0.5491467493092412,0.3369974579076443,0.46732795837240104,0.13651823118846013,0.16493027684201916,0.49827317646274755,0.5088054468595052,0.0,0.019973030136651925,0.5760669990394438,0.37320909436399125,0.2939072697294333,0.016402150418682263,0.2965600400997,0.5643443610247795,0.5374318963053298,0.25458964519103344,0.4653495512538352,0.42620220820055027,0.5123497555770115,0.6337688911910383,0.5224268435236082,0.35612626042642137,0.16351649774663923,0.19068110006706243,0.1413625042621886,0.2881827447615896,0.5372064137869227,0.42010192317907247,0.0,0.3737961971519277,0.12346966696472628,0.04617410623743636,0.4762553154550415,0.6947533528862664,0.5808193427798605,0.3100049292470431,0.5318918210553415,0.5995091667063758,0.5683681638600871,0.27911381890381765,0.22048768552477122,0.2967411183468097,0.5448403691067794,0.49236738679396613,0.48681473056432256,0.45872045028839714,0.455130749536419,0.47972136778808344,0.496218758183886,0.6656570958587607,0.3125694180021702,0.27804143889858973,0.5472966679440224,0.1920658057783598,0.5189928223596496,0.019973030136651925,0.42668053680369683,0.12416400137960652,0.4345742773989178,0.6822239194631988,0.2029185310950854,0.09990313881928733,0.5234727625489486,0.46051268303777393,0.3896532632835104,0.283159533791765,0.4014303072018191,0.15776408022253893,0.3178627628339834,0.3721091137539541,0.16133160235655827,0.37461600575118364,0.13227701560088553,0.27996585949574304,0.08082244246653891,0.20211934807632834,0.18563226847410302,0.4084025244881285,0.32831460866216916,0.4178041615382746,0.29103273897985904,0.5596560778986405,0.5831649318636247,0.6204129912781631,0.3051127198740619,0.5799106833963849,0.0,0.38906761291756253,0.33207391127616176,0.5245339445836509,0.39919357594458915,0.30729576401506636,0.41142781322162214,0.395292927639658,0.35155330705728055,0.494165425601991,0.12485022793683266,0.418684246234595,0.17560654025045166,0.1768966562550328,0.5177243280804379,0.019973030136651925,0.3812565893665429,0.49998087339031405,0.46012761903828,0.3615114975788918,0.03369468022497623,0.14438523727212083,0.5269262510688676,0.09664672863655152,0.4718987421904387,0.4045484875563648,0.4908482946032053,0.17781910276298213,0.3276126356475158,0.6610758094140632,0.279678397993525,0.45873367192387676,0.46604977909520096,0.4453256290726355,0.3826157858745762,0.09336361283409636,0.4236005944675695,0.4122933706456877,0.37559904078589296,0.37328074554803864,0.39633921731198607,0.3796813930423177,0.407543055585238,0.42108829888370136,0.5325972156385086,0.4340253585144173,0.5687699496925138,0.48965211503216743,0.48833611901022145,0.4642621911538826,0.3818889245655229,0.363925885046505,0.3514145323568088,0.4581665675972448,0.47874435143627647,0.28100104344320076,0.39049181629289975,0.5216335434363571,0.3826157858745762,0.41464271265404284,0.37949719293027645,0.283159533791765,0.2742376718068018,0.43028298672421417,0.5083795846635086,0.15328487828605258,0.5933399348493082,0.6551995010717876,0.5637853922955155,0.43723470051616836,0.3701323349586262,0.020467108871511413,0.49796168903253607,0.3627564947373787,0.17197748955107525,0.3960725741126858,0.13651823118846013,0.14991395101433694
attention_zero_shot,SYT1,0.3466350929732581,0.07537609186427319,0.013926529048990579,0.32203243058778486,0.5128323955761456,0.5867551389838807,0.4020362801308684,0.13502878939598673,0.3468837641353688,0.13651768762190755,0.0545394736691066,0.05177040561792114,0.40771101054848,0.07379039143422655,0.014373739106055801,0.36049842185004516,0.5299483334046973,0.06105543199927372,0.3674003284806558,0.5879306136453931,0.0930211578746031,0.19872540413274145,0.04843637857465681,0.08648467632057459,0.4662931380217223,0.3646025454501709,0.0,0.013977141934393778,0.40180465419540395,0.4149002577669957,0.3864281105226818,0.014213921382723807,0.33925995707161094,0.5488962338759241,0.5138301361594005,0.3518079426216077,0.40109356573157506,0.36307384278988963,0.1451410523027291,0.3851624237074537,0.5882646625192359,0.5114945345334737,0.057648424821936335,0.15006789070711915,0.0277242654249165,0.18485452486930792,0.36461946482284363,0.35522070031465386,0.0,0.11632746882942824,0.21890026227826492,0.03681306682384835,0.3164983474840334,0.46679269821837666,0.4704688516464072,0.2959488893208236,0.36567742196250747,0.5658560757700439,0.5601513547809914,0.3671002039364526,0.10348862238220936,0.10704066840064465,0.6472609217693674,0.6375444051219853,0.6355434967832578,0.6026937589189856,0.59752682393015,0.634604253040342,0.10150184983428859,0.44954262183799504,0.39181853545551,0.4731288072174246,0.39070483651615184,0.06258573000764864,0.5460636777407697,0.013977141934393778,0.4125970909909198,0.07676229936959911,0.3957211492444886,0.3523013612688382,0.08927855813933121,0.06151683547735445,0.3853802040384028,0.5634239722822171,0.47245602357341276,0.2799534536102702,0.6034320197461537,0.062040125738627265,0.41537958242870626,0.43485563779145076,0.057584944246292555,0.34683407770359,0.05057132182857505,0.33493828521910884,0.0919531318789769,0.2503272829063843,0.2875603913177455,0.15538378248838203,0.15699057989092927,0.38478560517833404,0.3356351549869708,0.40341041133674976,0.43952510176869974,0.4900323352639609,0.11501202648360243,0.33226554207733056,0.0,0.3486377614556529,0.4227491924393255,0.35214316122467415,0.132333618922743,0.1251951452035602,0.3773685821731059,0.48548948526202235,0.4773580834341192,0.4232249042651951,0.07690402007163495,0.17901189604842632,0.06372816004910836,0.09698457071741728,0.43043234263826563,0.013977141934393778,0.07677880277679543,0.49698207050118975,0.5131244173935627,0.1080621967530936,0.017249720928627643,0.059463457668944335,0.5094688885291558,0.04959225842752617,0.6534598377238121,0.3650039775997761,0.4114192742580692,0.09037534246060983,0.37738460102756793,0.6383300777229804,0.10501717635062215,0.5201235864234721,0.4861405912360232,0.37959487172512935,0.34741908301419994,0.054459871131231415,0.5997750426366625,0.19216903756045584,0.5069929485622379,0.3697661302036572,0.34159358495304726,0.4628158628025761,0.4931915577457434,0.12459396185120758,0.449909154933095,0.13564048877312537,0.36279589604318335,0.4798395336706262,0.7012219596303927,0.666992750555937,0.7600414166916681,0.47557868998817604,0.7148619572482604,0.371337464365358,0.5357888074154677,0.16266659885398993,0.13297911898597747,0.5925686928987235,0.34741908301419994,0.6543423329274418,0.4823905471728574,0.2799534536102702,0.07071141891775426,0.2170018584926486,0.6176740052736781,0.0545394736691066,0.6388974811402408,0.14839382719268276,0.48714934782106334,0.32892988992472183,0.4869565020807044,0.014272538438066803,0.6022687977912954,0.10005466461759205,0.05807030024138867,0.11606581447670906,0.04843637857465681,0.05172067005195176
attention_zero_shot,CENPF,0.05575358362023621,0.29908712339414284,0.014635194920365876,0.30218488474748656,0.31815420455445886,0.3255688202481142,0.3014860278972858,0.27977815824355634,0.49540368003202906,0.5317629396446475,0.18484634799526173,0.09410239448664988,0.4290203349920476,0.15566917505917874,0.015132719853537322,0.09313972269673366,0.05463101416595993,0.057353995101271295,0.03394201819648208,0.38956622067194685,0.11877334203408366,0.24067540348072988,0.13472541562887763,0.4196897417774689,0.05447235957568786,0.06371537622734647,0.0,0.014721652812723666,0.07914861203125195,0.02005957692882247,0.02920678407855023,0.02749624891441323,0.20564802209751662,0.05749682722358041,0.3873036940139571,0.10205668092564266,0.06613239509320629,0.07608588394141151,0.5062573365724757,0.12807859228607782,0.4482927070750824,0.20848135007156254,0.1946304812347057,0.18983159296561222,0.2548155494966098,0.5460013371217249,0.07007761934292495,0.02033314264463063,0.0,0.2980963781058413,0.09516246574092545,0.03151553891487201,0.056978189719134036,0.5652893677986535,0.3947691340742342,0.0678363039413597,0.4816533695962096,0.06334773956280024,0.053679629400276,0.017481991708536912,0.46116637060855115,0.39713135424597273,0.389767739481475,0.056455699901195804,0.05672702688977358,0.06269199716976478,0.07492019692302973,0.05975151855835231,0.3303038329270324,0.2843475302535622,0.019963976665003724,0.025152633801259993,0.05372675692919346,0.398622743066524,0.10425479845091544,0.014721652812723666,0.064464771309788,0.054857313215008696,0.0906778072871987,0.4622117192863456,0.48946022142534457,0.41754327189426976,0.4929251480620251,0.09829340929821669,0.058280340798720236,0.02008910177600186,0.29649748464621944,0.38711659202465326,0.06609539873815135,0.38651731951461765,0.26775887529141923,0.020364560078411264,0.15262172652815642,0.07667052177647452,0.04385314364866272,0.10889563807717714,0.01834220488221877,0.19511122549394058,0.48673161929785663,0.43348077153518727,0.09582557950672975,0.31046393441731335,0.3972973820015679,0.402289924434348,0.35549883665422755,0.5471199126473291,0.0,0.020306303455805027,0.0701186124893059,0.5026627363248712,0.29887730251468686,0.23484483153291622,0.4154974200786094,0.2265762179752746,0.11749065918015295,0.3208216348430352,0.05504274055042548,0.4102776770278451,0.22158952380203553,0.2350033648343516,0.4218858478850045,0.014721652812723666,0.3482903191364308,0.08058772368910938,0.3762424468338993,0.25262446487286583,0.08336087128833261,0.23854706059030467,0.3727825468808318,0.28152125888929636,0.05117326227253103,0.04376669378624741,0.0589304526354067,0.37149157826496104,0.06992417253606438,0.42368671030221744,0.05666451283170668,0.11577915569148474,0.04912902337349546,0.035178958736265066,0.020384128963838618,0.32632114966807496,0.42309367620636906,0.45072731129759946,0.19253273828572748,0.058312000707223484,0.07291482961426222,0.553498577793924,0.020300229908678455,0.43446957262635777,0.10620939808930971,0.4631719477909009,0.44664234159577504,0.44088593406716775,0.06285127727356375,0.07146569237038089,0.10446881166007925,0.04670174119174844,0.09137952136105668,0.03281199239062982,0.30593062016722755,0.2439277667409094,0.4694922194222347,0.09990192146836821,0.020384128963838618,0.06485122682050003,0.07793832171535067,0.02008910177600186,0.4300285871664965,0.4782598711190151,0.0623815530766976,0.18484634799526173,0.34377748261435526,0.4607034051221691,0.29225945837775347,0.14231162418179782,0.06608332078232741,0.015043771162513446,0.08466810178207798,0.20164660109255655,0.16697644755394317,0.2533401168139073,0.13472541562887763,0.14583410440306688
attention_zero_shot,CD69,0.22210548846904674,0.023523773351692614,0.01688452357963283,0.18886535743706284,0.2454346637057814,0.21919390500451746,0.410173655362459,0.02253105870318598,0.16381059354789865,0.038878522333122764,0.02343289098409317,0.039294829385928515,0.14949646845402428,0.02182561697526259,0.01886842739193261,0.38037356592294536,0.6165992503275493,0.02242121211064089,0.4521842063141956,0.32860399804348345,0.021922984357839986,0.022546891852814346,0.0221320992968097,0.04072057700089244,0.6745572314794154,0.44096450000896503,0.0,0.01762571642424521,0.4552850930496544,0.5201269317514239,0.38684475588131095,0.04558210662029545,0.23958698987092897,0.5776486897467539,0.3958221211401783,0.24057701980706409,0.3362265877434816,0.33279280327747424,0.051568657915513454,0.2844667638464409,0.2649081020958287,0.3435041340372589,0.024027520949416924,0.054426572010714866,0.020513036161484595,0.04403233499029816,0.3930134237036042,0.6302609523838233,0.0,0.024442987218538593,0.1143047565522901,0.02290864158980565,0.3912551724835249,0.1448874192650391,0.13930750115153454,0.32186762747465447,0.13299485368883002,0.6092809000494231,0.6142924736394483,0.48477227186067984,0.05128802167900897,0.023960039235343778,0.1731869101738812,0.5154421237108137,0.5098285772963472,0.46015872355051973,0.48572102600611156,0.4844181953108538,0.025479294123266164,0.47779914620798114,0.4693126218434022,0.39703151421440963,0.6259444285808847,0.05500217868208335,0.1921568806400995,0.01762571642424521,0.535170094726969,0.018143324770820694,0.2525964705105306,0.18661355362653845,0.06214936188379884,0.06995364141004623,0.2803816456092093,0.42216711492697984,0.394333808110341,0.4648701391664825,0.13957784457681116,0.13682547736673512,0.3602730974120395,0.16682133511503527,0.04275855509479233,0.6614626201069657,0.06040849168186583,0.3066772383024736,0.030003201789409635,0.21950734789298695,0.23437349054088152,0.02397875568945621,0.05478742487690145,0.2971244514505884,0.27144876574381194,0.24534390546912355,0.25163164578598596,0.16916928772481885,0.025252526728429,0.12189695241006027,0.0,0.6038089319470801,0.3619725142830423,0.1611466396587498,0.02314601412510852,0.03889122423509604,0.2647620843158901,0.2815555106681295,0.26123235740133144,0.3871245239982503,0.01907463224134191,0.024544495286228152,0.02496219154303421,0.024619799243859007,0.22556088951759132,0.01762571642424521,0.02429986947567888,0.365143940593422,0.17476944702517694,0.02592674536649136,0.013788069522268367,0.0423275645539795,0.34307326509024055,0.02106949287592988,0.47102396482107045,0.5149237710896765,0.5711432457876481,0.054938273713925186,0.3485719626343494,0.19400808411208675,0.021856563044714894,0.3587211180678621,0.5402266615253828,0.663043204346068,0.5946688436361827,0.05733094934716101,0.1540427688369743,0.024183564839043097,0.4405275587841243,0.5052345459949266,0.3439044544958477,0.15532305498071897,0.5982054157061371,0.0873613710371403,0.4042826917467274,0.02501124530882986,0.18431430751921382,0.3537194400640278,0.44333224035027746,0.37779378801566044,0.15480352507479403,0.40154613840830056,0.2560294932420571,0.6245521979991109,0.22794702407658526,0.019650640270569248,0.02405230528654895,0.2853799510035297,0.5946688436361827,0.37953479191135686,0.2653724722605768,0.4648701391664825,0.0249542463457239,0.059618799993256456,0.5090192784751938,0.02343289098409317,0.2687093129404802,0.026680488396888573,0.2296477496525487,0.1526113706634865,0.2933003962989194,0.01885151322152913,0.31967738458478945,0.023900886264887813,0.02438984460593276,0.025916530554674716,0.0221320992968097,0.023035197420458925
attention_zero_shot,KCNJ3,0.18017885266293676,0.016483238924982276,0.012077383588421647,0.17314703516286362,0.34248679545246635,0.2387720021030294,0.29928704176631554,0.07572530911698191,0.16478222835423517,0.038550234257354904,0.016727769231249936,0.038157630373738635,0.1443432769079815,0.016367909099334912,0.014118513469644206,0.3000220005649894,0.46724455050208474,0.015149676701488597,0.6489576573474031,0.27747723075565767,0.01642717620177333,0.017657308332655,0.01495985309546766,0.03878416260123891,0.5337184548968286,0.3235047682279612,0.0,0.012214477717627575,0.3508708008913819,0.4764146565602675,0.47196848730724233,0.040849245439410695,0.22373310756483844,0.5142251094276592,0.47129675782148406,0.23549588416471526,0.2793662134297015,0.2829147413271857,0.0484580047483086,0.24038695330639792,0.27953288454666664,0.5342216607393783,0.017383919744979572,0.04673272277556423,0.013897743937498618,0.04106842167424157,0.3077464995608955,0.4142177245158294,0.0,0.019118572456545,0.1106692296118009,0.022112909221116098,0.27831947653042344,0.1510014463109686,0.16981346328479388,0.2546691001694507,0.11798943779294473,0.4750417664586507,0.4826000535138342,0.35006547648554703,0.046861909566108834,0.01957406706906901,0.21007752423398476,0.5253171217313872,0.520405865034953,0.4919815438757872,0.5156736774467087,0.497208534450062,0.018878861811667466,0.36510598762420493,0.4135718260171536,0.4198971863295505,0.4575836321926913,0.0479448112926681,0.17605229762831331,0.012214477717627575,0.6341162780229668,0.013470628660172242,0.19689132659487324,0.17005495846084304,0.05126787628229295,0.05536107990342716,0.23553112823499334,0.3463748392431832,0.2943605857913212,0.3051762278421799,0.15651542081510006,0.08412820378367153,0.2730726416048827,0.16941180862512986,0.039103500770604475,0.4517223691651262,0.0525538728627225,0.41295482397995825,0.03401779991920054,0.17945838308004167,0.20534998184553058,0.0656888176209683,0.047082932743973085,0.27900167708755813,0.3726488596509068,0.245350847953418,0.22034589569958293,0.17061464576393012,0.020908930369405825,0.1265237692000002,0.0,0.38881451151064317,0.2776482866346108,0.15440313610692927,0.08987347511201701,0.07196796627784609,0.21547482879663368,0.3839550163787489,0.2198032443228697,0.32136239175143727,0.014037511468315588,0.0933372054743136,0.018779341069427115,0.01939601541118313,0.24027129186127158,0.012214477717627575,0.018141721406925413,0.29822188111354564,0.16439599520187465,0.019679151648514612,0.009651934495412934,0.044374147992479115,0.3213151651069473,0.017333962443547433,0.43141587707622675,0.6483051782149577,0.3876262173645922,0.047112294312231455,0.2775897938353297,0.21596120849329709,0.07097022808946134,0.3223569311852528,0.4838620633186972,0.5164674713955049,0.38359160390441605,0.04814225207098545,0.1717411996513374,0.10407498283096665,0.390603780575951,0.395638933845967,0.2778086630567132,0.15183942117961804,0.40409884253236805,0.06236559822697391,0.41096531492058286,0.01930021063666534,0.19741613709065675,0.4199876793757884,0.4052232957176486,0.32512352913224046,0.21439275793241813,0.36044714947783296,0.26270295114164655,0.4829303407788795,0.31612150204644657,0.016232817986566134,0.02031980590326911,0.2769220483989101,0.38359160390441605,0.3398058377759207,0.22666293122905812,0.3051762278421799,0.0190119480740168,0.07666266365956637,0.42941545352045035,0.016727769231249936,0.3115876616165945,0.021392328273733247,0.20551135992790803,0.13383649328304353,0.24798011515716126,0.01367670837601593,0.3135949945336778,0.01763111649301983,0.01727459987230113,0.01967247273309603,0.01495985309546766,0.015812654539564198
attention_zero_shot,CALY,0.3431271638835321,0.023242638848968503,0.017264632716913374,0.27619885516957193,0.4010482653170993,0.40461896252320684,0.34883382888580833,0.21143275625040486,0.2411844940726477,0.10830827129564417,0.1423710552270951,0.1135107678232914,0.37339224668123216,0.0404324816034642,0.018609305128121683,0.32192549375790785,0.6045962955862569,0.022543617503974253,0.4140902296141867,0.3898725740925212,0.127627425486653,0.32929611471623327,0.12453941999088398,0.08758242327643109,0.5975905430488424,0.46923857516055684,0.0,0.017751635065876147,0.37813534025872647,0.5527660920120875,0.38260384631101657,0.015762721590393408,0.3830315609275972,0.7313793630290542,0.5330813912664456,0.32264964236961247,0.4362909953101327,0.459303132750289,0.10119460817495474,0.3929462070836292,0.47318669432073324,0.41986696865279766,0.15263858014022758,0.07193950513071315,0.02073392594037177,0.10835096206338318,0.46206574715486526,0.48973463845674425,0.0,0.11329594465778609,0.09841346454292581,0.02290212364983566,0.3353820665815992,0.19965805032743908,0.4336751909708566,0.372016601115966,0.25508825404655056,0.7473656154104137,0.740291851473317,0.45786029701336795,0.19329283725192556,0.1329272329314857,0.4181506140629887,0.5981148684378491,0.5939031777247541,0.5675707688202525,0.5560304117991649,0.5960047936751363,0.024692988829182774,0.41279066000207565,0.5283063472437761,0.44790820372412293,0.44302627465558475,0.0785307059276469,0.5513668159708434,0.017751635065876147,0.45322894196049646,0.18565365549809987,0.38054002513433327,0.28690652578846226,0.09607440899867369,0.09743646510214131,0.2905750288467934,0.6477705544150236,0.6473630573581337,0.374407282520707,0.30872537051444804,0.08374097832766908,0.42708498464617667,0.19724064436452088,0.06726177361858339,0.4397830299275481,0.12253029602443734,0.37867748702060905,0.12409623678223297,0.27000627657004656,0.22661888018412232,0.17549018922452161,0.09123004766676752,0.3801464859324733,0.3720424971665727,0.31471660657966066,0.394027061292182,0.23801210538650208,0.13289134110038545,0.16506609497127697,0.0,0.4642929407251889,0.4272878661728641,0.24205583351723703,0.16105468703273598,0.14785526088969703,0.34149806470286936,0.5056225572863389,0.5588186189319662,0.4393916660164382,0.1863055707274647,0.22995667474173,0.16566242765837738,0.16843278729233221,0.3718506592542864,0.017751635065876147,0.023850542652334713,0.6233375473461614,0.38627777861476037,0.145025108809683,0.03092283935839165,0.13688327031022868,0.4321558193159189,0.09182567120856068,0.6552436626423298,0.4082720991407882,0.6219613562076127,0.06669886511457725,0.4314558770701871,0.3614981310769268,0.14310357372232502,0.395888189649773,0.5357342746241248,0.49723754444792356,0.458199548517924,0.09026071397934002,0.2625422455057747,0.2271130817187334,0.48926546761540035,0.3706541210185536,0.36510277921936013,0.28338400681058173,0.5150887346297319,0.13484233422681746,0.46011596790685666,0.1233865193181799,0.24706377733832968,0.40184128689424675,0.7404186073881622,0.7151902019895463,0.47585835459461245,0.600611172351614,0.5540177656194961,0.5040578870921587,0.4809348293861072,0.10604831174476814,0.11790222359194254,0.6442677488924156,0.458199548517924,0.7333097523150407,0.5848266709849759,0.374407282520707,0.11763941261547392,0.06960756444120167,0.6600468264842365,0.1423710552270951,0.37080960367128035,0.10797705408881672,0.4873673724414459,0.14192325378143975,0.40238262381100337,0.01857045624691815,0.5882504329074397,0.15176076457208174,0.1600251880885054,0.14501755873138375,0.12453941999088398,0.137846583027492
attention_zero_shot,KCNQ5,0.23423488292448197,0.018168196110478856,0.013101864179417288,0.20320672492089165,0.29716469279957025,0.2212299412159725,0.38114289858555866,0.02000714115997257,0.18955222169750954,0.039345145305523764,0.018364880419943212,0.03925883067571961,0.16935752826490294,0.0177828232331599,0.015239444883481995,0.3019094747956195,0.4853388345526648,0.01679258240035265,0.687242850304215,0.33142876756349166,0.017850980400964077,0.018997578348340833,0.016570803294743138,0.039384894425397915,0.5202992669627402,0.3907896859161607,0.0,0.013328693494786555,0.44399366410083646,0.5051270532516974,0.4934727935457064,0.0414745533269228,0.25063975631193797,0.5575686565863255,0.43332699752162207,0.22588688983361044,0.32205180033161523,0.3208915998786523,0.04990473850205472,0.2805121197438979,0.2996214639915971,0.49396664244635013,0.019038469899593673,0.04816522890571888,0.01533180413453011,0.04122121933300831,0.3623748381789352,0.5271451402143499,0.0,0.020580583366470204,0.08540585922881176,0.022385563610588213,0.34928766521706656,0.15012390699851555,0.19872809638954345,0.3071245900510446,0.17203222465042192,0.5501415414296298,0.5560615499283937,0.4082567555392938,0.04837134660626538,0.020837958955259084,0.21855164483213294,0.5015205100451829,0.4961450318815739,0.45325293674556033,0.46477619183585317,0.4729848002234906,0.020585106612310198,0.4391165686463166,0.41963709944452887,0.44512389158996535,0.471458255991365,0.049699751566834524,0.2054652024662905,0.013328693494786555,0.5562095432555825,0.014550423923281125,0.2590499758134624,0.20290440129363047,0.052853020465712185,0.05661289418200592,0.28586172774367774,0.34675310256084935,0.357482048845715,0.39005108098560776,0.1552991203303059,0.0879482192899473,0.3331529697754996,0.18744788123126802,0.040098315549667106,0.473630626755858,0.05630492771333056,0.4486325083018563,0.03497269126960847,0.20089783294117058,0.24532413106292514,0.01951329344530309,0.04893911266855036,0.30348849623890867,0.4091589353622478,0.2499613082110527,0.2594460309951617,0.18587814358958127,0.022179274202336507,0.13880904860614346,0.0,0.5037818036915503,0.33562164239243525,0.17320678165946365,0.01870710123805205,0.0433133747965627,0.26773041250813023,0.28348351384311743,0.26218319431275106,0.3732250278619571,0.015202339152645974,0.020945638074826408,0.02039855547447305,0.020837274639501538,0.24124797233785444,0.013328693494786555,0.01974266043546214,0.364800894745584,0.18766525704070836,0.021341412966951082,0.01040618814978839,0.04597894586263882,0.3377079399207293,0.01841281006538783,0.4540107698067743,0.7246947456892165,0.49091853620550097,0.04808790621374371,0.3285993277663015,0.23180088347224045,0.01679146609104192,0.36685033993130717,0.5552121819453788,0.6106774122987368,0.4976884114842855,0.04939472420441662,0.21187980374629667,0.021389342426550835,0.3470961555294904,0.28960909274451124,0.33048631382247423,0.16311921855957642,0.5098620551484433,0.06502597260117779,0.38599993818922984,0.02084584344035247,0.22877120915248336,0.47630393911336233,0.42069364145787963,0.4218918704852201,0.20375946464600525,0.3770914906013482,0.26318420133282217,0.5640589244565732,0.3452764981052284,0.017228996891501615,0.021435194044610844,0.29973433616103023,0.4976884114842855,0.3648624219634473,0.26536837124476437,0.39005108098560776,0.020591101896833306,0.08357709470192032,0.480373920620119,0.018364880419943212,0.34660766828073875,0.022887898625446858,0.2357685898293946,0.15860194067349712,0.29813312708390605,0.014845873871263758,0.31750240675693053,0.019235511735897555,0.019002849501169605,0.02133386288865182,0.016570803294743138,0.01748282062215306
attention_zero_shot,STMN2,0.1363632999121877,0.2533952590174057,0.016063179337612168,0.1921974807629384,0.4776108795039761,0.4489962827163223,0.370020543054841,0.17493317046678952,0.36829490725370184,0.2673644845900593,0.09236267380733351,0.08400630725410108,0.4984147611701281,0.18442071385699943,0.01712911269737279,0.12827187165749407,0.3489030088202165,0.1728453076583248,0.19628104243318265,0.45823129885691033,0.2142251118744678,0.32298112328156336,0.07734413073145767,0.19618108432418338,0.29394991640698354,0.20683933626320056,0.0,0.016316663345462286,0.31308801770819694,0.17285577294663307,0.1561330854239049,0.015472386090794524,0.2062167587582582,0.487263220057539,0.37361596801913516,0.22267939821016736,0.3926510830665789,0.23276731435039244,0.37721616648093975,0.2855541802918037,0.3898248553068096,0.40025525627373676,0.10008933955962665,0.36116685514317665,0.08464282034609372,0.3638461471532114,0.22031634474101197,0.174326725808772,0.0,0.25563633501716154,0.09168435295656646,0.044110921347011646,0.2572045159576115,0.7153102812066909,0.5879194719759222,0.1771220325113779,0.41468635889559713,0.36244136357760737,0.34509660153068256,0.08593289563883223,0.1639321882256973,0.21277922157117007,0.5813535844096631,0.369765568968654,0.36850297896112716,0.32873537067901576,0.3277952440038579,0.364346775484179,0.3247453744091724,0.5426693059354057,0.12976527104094707,0.30496836078829287,0.29052176296947224,0.14056839407429308,0.595963926341916,0.016316663345462286,0.2023883207500218,0.09099589173695327,0.2525595661429634,0.3604651820536307,0.15508866435928148,0.0811260949101942,0.3974875791715753,0.3818560515563446,0.2545548630964141,0.12895304195976498,0.5518770019496196,0.11915297164301153,0.26712537819415294,0.5658344796220572,0.12420605288633503,0.16826483629783237,0.08035854460393844,0.1700329043500831,0.06680067929099107,0.13629349790632986,0.10046944005685395,0.2642368129978393,0.40157602238429346,0.23922256110417095,0.17328215205115335,0.651405617366374,0.43380157899704286,0.5013498448752804,0.2243361891398858,0.47520163410934635,0.0,0.16315316459949075,0.3002785335279481,0.3930695446168099,0.2575803128651273,0.2077457029798207,0.3234275358873605,0.2744425952166768,0.23975597137886176,0.30878361316785574,0.09143050188986317,0.29313586409220505,0.1125681402884223,0.21564470669836297,0.36331656329946965,0.016316663345462286,0.250576233236693,0.5138928456841579,0.47787367004223874,0.23916580206348353,0.023021765532922893,0.09708263538684637,0.5811544219292243,0.06912464481135402,0.32923871214496186,0.21653786777558287,0.2509754511103489,0.14471198526066853,0.1964230962744039,0.6547382244824489,0.16684259280421157,0.6706409782142804,0.2714102654047054,0.21402021120114842,0.16745917600117927,0.0727373250034877,0.5446418752913811,0.3081635560083982,0.30539430111752247,0.1661708057043725,0.15016282629796382,0.30251098770444534,0.18224026221095507,0.29078674598345317,0.31147679346327634,0.4369201801207971,0.4435857894876755,0.43596550304031173,0.3110214313087638,0.2673909628102164,0.5141669361590717,0.20249165896410554,0.5590565172186488,0.23534579580117113,0.45162964906528846,0.4137061029292313,0.2952328689203526,0.3996934108379831,0.16745917600117927,0.2718888147929837,0.2803762565723332,0.12895304195976498,0.18222850653006314,0.3968982165813086,0.44319664158347394,0.09236267380733351,0.48236040861985024,0.40371523827587097,0.3653067699636998,0.2795268135131652,0.16371493221845937,0.01700157774549814,0.3788524515832846,0.22832766827797707,0.10296111464849808,0.26220651975267956,0.07734413073145767,0.0865399711119337
attention_zero_shot,VAV3,0.06578761220242102,0.7899968708262759,0.019666870717336766,0.5977992596425526,0.5927397987207466,0.4646021803463138,0.8150732674510246,0.024394192303184112,0.6729202192261347,0.5664661784661975,0.02576650978221072,0.017381542795169968,0.6001890313824996,0.0890445838142121,0.019916103726893102,0.06600302535875312,0.18208225804415237,0.07938569887061564,0.10576130399205362,0.6852184611503706,0.07317887042102637,0.08397390059828568,0.025803970434765643,0.052461327943858514,0.18699968355548202,0.10780975950217696,0.0,0.01989912411139218,0.18480978641358103,0.1443969267623079,0.14511270494391013,0.017328408989869055,0.09480976780576132,0.2221141053267702,0.624527041536238,0.07072581341135498,0.1153902165705324,0.12609737019931652,0.7042064712461327,0.1334021250217536,0.618473427307531,0.6121587945024485,0.025825596112010848,0.058281471517344696,0.7528362718594351,0.48089634094787503,0.11419572441743409,0.14392474282736462,0.0,0.1121895977283449,0.06033890743285309,0.03425373359743312,0.12797834822383217,0.7026138642702627,0.6332130065810642,0.08348907730018411,0.6632948735165407,0.22924462496407014,0.23892422209948544,0.07964504032437006,0.5540511763382437,0.07798232887010947,0.607656223267511,0.2954233655112242,0.288460931715181,0.28966851910450525,0.2950626777340115,0.2779350812941818,0.7913325265387102,0.8095283977451947,0.10705845551555208,0.09748148741689208,0.20401857966937564,0.5808536792118935,0.10529825616492886,0.01989912411139218,0.1686155968379611,0.01976650046083199,0.11212071690595896,0.6995080378083499,0.05638618750677719,0.018911993749673103,0.6932717125434557,0.1342733255507818,0.09646226846393312,0.080902326415229,0.36904292339899764,0.5221199157250632,0.08784117718458033,0.5063538825565941,0.5277066291523884,0.13412442389581652,0.024741615129950857,0.08896854261440985,0.01908812718281278,0.065292051020609,0.09001938457721431,0.11936529178752557,0.6175001494895535,0.6765158693456069,0.07454622214504936,0.765118155528558,0.6776088400808392,0.7388040290678416,0.08826032150923871,0.6912172997768377,0.0,0.12383063904378515,0.09204597759614884,0.6344882646651103,0.7590352504391594,0.08347098239016135,0.6414772746299586,0.21475297906646393,0.07701696778746941,0.6824814183208195,0.020013736908054375,0.6773476455408293,0.025877885092390564,0.02557189778434235,0.6697383890260366,0.01989912411139218,0.7442980650188975,0.11316226917031029,0.513860258268816,0.08620271420026814,0.0155886855329735,0.025111164331747652,0.6455607378391389,0.02416709365596818,0.2608323916103362,0.16321715829657515,0.13176257606542646,0.07101990714916881,0.10145293259803023,0.6928621833683423,0.07794477523554243,0.20068777332118856,0.20911797409573768,0.18572382726792014,0.11882521776165368,0.021555428926964174,0.49727334058613554,0.6431143377799738,0.18946744851757158,0.09396443345716497,0.07974840583872196,0.4450526253898968,0.1417496467566429,0.6749620448947582,0.15006249426920087,0.7005816547842796,0.7170074395377878,0.6339962376301364,0.18514002783995562,0.1004626304192286,0.10554231928912887,0.10680348811058088,0.10389049744407726,0.20235694611239077,0.6262119169092777,0.07847172914235277,0.6107994375887036,0.18994607184518203,0.11882521776165368,0.13293477371652465,0.08692229051354744,0.080902326415229,0.6712955105815416,0.6227758724122955,0.24072412919539768,0.02576650978221072,0.7064490317156021,0.7406942142355687,0.6180435843753198,0.16161441548493094,0.10205335280875392,0.020000422880344326,0.14627182079375295,0.0736611788381993,0.02598263979442115,0.10116145522267377,0.025803970434765643,0.02586623399949408
attention_zero_shot,NRG3,0.5321723186924131,0.02320261031569882,0.2604109842330193,0.14753218256247486,0.31987555900178083,0.372635579091186,0.29239976451659544,0.20542533447149314,0.11912232863570243,0.02401977229545161,0.023107104359405883,0.015653522349408734,0.11669284147507018,0.021935349195585544,0.4494670634681032,0.1906949092558598,0.5646718892938749,0.022389888989433195,0.5297763531015998,0.2450596335350206,0.02201107938203463,0.022505531873523717,0.022131374739435643,0.022723178615246024,0.44099087366872847,0.3226280886128994,0.0,0.34314105189577926,0.3218154315935464,0.7068487783235938,0.567793306396873,0.35630745627781746,0.19314635395142515,0.665496235476562,0.5014969037671684,0.3242875499723816,0.2708894389055061,0.2760520211024966,0.02463244087054563,0.22437784266587973,0.3874671808584231,0.4908847211360578,0.023580985310811535,0.1291978985002862,0.02067196971078866,0.02262664488252325,0.30359657538604745,0.43991818738366273,0.0,0.024073669783438993,0.8106893269487467,0.8752164821500165,0.263158015832057,0.17285584519698752,0.24317690019529772,0.23748646907522566,0.08212160692508014,0.5005944588195912,0.5085607039719406,0.6661584310836645,0.021283433036799995,0.02372566391125408,0.2519512340662096,0.4237421058205511,0.41727367258840065,0.3623620772290314,0.3732136060882753,0.39637884110369065,0.02481405577451874,0.37275995499600667,0.6906640831110642,0.5757423270337554,0.5993791613969299,0.018888879567694725,0.15173232131591288,0.34314105189577926,0.49987055928596413,0.3720160680804558,0.4452232197687418,0.14102140433040727,0.017231634620581308,0.015037266938225368,0.1982907962962531,0.2908851548811923,0.28581438448240676,0.29744054108395984,0.16803494414139358,0.015159380806339972,0.2589243497205897,0.2193667761525406,0.01625182250369699,0.5809592061073238,0.019929434509122834,0.22218970259648757,0.3476994849423662,0.13203335770574454,0.1884769028289104,0.29745577203409934,0.018641127903906003,0.4195506907368315,0.19186263121457703,0.42013119246840747,0.2063340200330549,0.23256125853385898,0.02487406030756279,0.09285634190933213,0.0,0.4081827492435953,0.2653513206019644,0.10242545926387107,0.39633583845920334,0.17602200236450824,0.20536008605418588,0.5041505363002763,0.19750472214738504,0.3205574271905904,0.42314500490081275,0.2688572583555954,0.024395702131496173,0.024204790117439843,0.34804768580360046,0.34314105189577926,0.023882931052739302,0.278129582279777,0.15039253351538137,0.025239634242724605,0.014230395310722805,0.022908354024235574,0.4171530480295787,0.02122656718843568,0.4905582614298233,0.36787990926581626,0.40451234697553545,0.019499301091042687,0.26688406406796744,0.28355562058821127,0.42663722505866336,0.30510503728422245,0.44746247308767423,0.46106911591487887,0.4013276830104223,0.01817188820798543,0.2749591469891991,0.2591778306379932,0.31418622396714396,0.23201557216353955,0.22253750130088945,0.12076835849553191,0.4255607013565824,0.023252376981001136,0.329059660699813,0.024521821064809136,0.14490169311385118,0.38318323599668613,0.536572983911924,0.533923150689234,0.25575682843390385,0.5973100403973536,0.38701761250661065,0.47258738051632965,0.15659765328681313,0.020061220531514882,0.023848435484215648,0.3093370757769751,0.4013276830104223,0.4817935772964513,0.2081123350186622,0.29744054108395984,0.024416245991365833,0.04426005254976838,0.4419251245881643,0.023107104359405883,0.3824629082204592,0.026034402999825953,0.18712881586165225,0.09186876390690878,0.4473537075865825,0.44674322992445425,0.43212874093436343,0.023549447531960716,0.023824819575785576,0.025231365109349223,0.022131374739435643,0.022776496581854665
attention_zero_shot,RGS1,0.32263490726402566,0.30974029450038737,0.019599240605821227,0.35312240693174,0.46886001230939006,0.3507703956308114,0.77661704933011,0.024266906917297288,0.48597148018250413,0.21552314505889042,0.02641110462822324,0.016864893578643382,0.3767479833834755,0.13933357338799754,0.02049922580009471,0.4073957710014627,0.628663215282082,0.12815909357051275,0.47626173505668584,0.5426862740760454,0.10137586377858417,0.12028987014403887,0.02622627234467917,0.0532207072587954,0.5820821586710874,0.4629555439134605,0.0,0.02023215594784074,0.6728662645171739,0.5696088546396798,0.4252357357573017,0.01655648827262208,0.27534738037795675,0.6024284921985634,0.5279291709382385,0.2899004622953556,0.3725679009297251,0.36546462981816097,0.37438772582714785,0.3852196262622426,0.49280234392964867,0.46526381031260866,0.02666120862322738,0.06271077273015307,0.1889435661632258,0.1702988535906727,0.42299415889666697,0.6553809577856912,0.0,0.1786625703338884,0.12675065169187114,0.032388543655812174,0.5179830923855108,0.6809423637006929,0.43183974338766973,0.3730151560485791,0.43225523060199783,0.6287376876830325,0.6322015666113776,0.5684817996547167,0.10288222481474263,0.10187179239181751,0.4888016865982035,0.5159220785394858,0.5107201132493021,0.43799551728262326,0.4579893191654577,0.4870514485202515,0.4043342676057608,0.768014472888908,0.541461126137303,0.48233409292586293,0.6297588641891324,0.15357472005983533,0.2974808900127146,0.02023215594784074,0.4395208758308033,0.020073193885724476,0.4164782240381885,0.4994522806753167,0.059254123500947026,0.01634091658789905,0.5537315337548198,0.41636683209957753,0.42964790684301474,0.4847687696070637,0.27993703146934584,0.10855564056128734,0.4053188277727994,0.38069291391021487,0.12905786694701232,0.6647298010617475,0.023586509205749416,0.33877315938702857,0.018636698450800567,0.18058980433130128,0.30944203984859575,0.20770613507318197,0.1986683396926489,0.5328115454762572,0.3152629187572089,0.616892767279633,0.5605007182161768,0.6560229164714763,0.11889237537327906,0.6060019141905073,0.0,0.6391418333501885,0.4045072341171305,0.45764733790638273,0.30756611994952243,0.11910286088143938,0.47634452897471813,0.3739047777790195,0.3204710026951855,0.5776474929581032,0.020725109115089325,0.25864278539558694,0.026981829826702164,0.02640773755292617,0.4803844688293984,0.02023215594784074,0.29484648777971967,0.4417358729407515,0.3610198918013529,0.1270377174494186,0.01576183357007176,0.02530313424459769,0.5195227432591927,0.023407018194665088,0.495307050041613,0.5436524651717115,0.6127425628982752,0.08176637940307621,0.3892186484840333,0.6396576561931372,0.12119757031306702,0.4632585839035248,0.5710595660037505,0.6231287471379232,0.6330484411429235,0.01974785268847528,0.4019546896406469,0.2825419036754751,0.47595974933427504,0.5236480543432728,0.35936609851548956,0.26942858719673396,0.6316860818412176,0.23754549495395652,0.45983268163939606,0.25656691186186015,0.5574803967699561,0.5058056479420093,0.4865444666972171,0.4607972500508466,0.22720739578491897,0.4786115128453267,0.3240962146792093,0.6164607466368013,0.3835144097822989,0.10405096128781421,0.24528887129079033,0.3389010139246606,0.6330484411429235,0.44345856821685004,0.3176264063462573,0.4847687696070637,0.2054686947917579,0.4059558576756228,0.5370362586167582,0.02641110462822324,0.6255464383392213,0.4118745821154366,0.3928509267961056,0.39327632288820746,0.35367429480204754,0.0206593159369936,0.37287696434455514,0.10276039511351764,0.02704907370944963,0.1600961384817433,0.02622627234467917,0.026534822856468094
attention_zero_shot,THSD7B,0.17623577668312052,0.02978925962778321,0.020252398586300218,0.1801354749175026,0.23229623840575217,0.1856333232533369,0.43130691170628394,0.02398450178186335,0.136996514223812,0.025582250751794322,0.028852655586109666,0.016258018527656463,0.1336559693779427,0.025059187616861853,0.021881104302082933,0.2882525165009549,0.585218801609497,0.03044123997346212,0.4117717974916776,0.30015550554764053,0.025210647989760027,0.025062931096056822,0.02999069774123422,0.023581837409598003,0.60017412930516,0.5486813180038397,0.0,0.02240835927685846,0.5010873938714595,0.5853129485619987,0.36691676989737115,0.01579876191922934,0.23226052116414425,0.6285934988754943,0.3928459207212567,0.14869749264191764,0.3653570413551305,0.3561106161597043,0.02712712519750409,0.3008378471317812,0.25224497526118567,0.32726490690579935,0.029141458704508696,0.0144149925722331,0.027492908402594923,0.02342516132377735,0.45282862359088577,0.7968737404949351,0.0,0.027456486289308125,0.05493575028462225,0.023129906069594808,0.50962967852946,0.13848996101530212,0.12330170423411947,0.36200794558108723,0.09301769223992974,0.6706810022102678,0.6739619932188302,0.5823080928229786,0.022473723870973666,0.026053420660333216,0.15202095670364082,0.46086621117427956,0.4541048363624676,0.3855625012451443,0.397727771232098,0.42922937854862975,0.03021634627470729,0.5134612258335863,0.5279971387530455,0.4121910700363939,0.5818349042622112,0.019001621340771022,0.18457188441757308,0.02240835927685846,0.39514521012259557,0.021087908770369992,0.20763102216962778,0.1758031896285725,0.016705009236005333,0.014347699316870086,0.22415703380431182,0.35398295206319,0.4787352801559036,0.7042094143137492,0.10712270759731354,0.013906954670713298,0.4276442141084513,0.14791343825777975,0.015771146730750838,0.6305475421759849,0.021589410214034117,0.3069763788315936,0.01812369723369646,0.16853738702884458,0.2104277496399255,0.02796553862399236,0.01856445561222455,0.2561818283051771,0.26410550970287716,0.25194825261909276,0.232312879299769,0.13152730017164296,0.027354194207530155,0.09670807338087808,0.0,0.7753292466192485,0.4239914462211452,0.11113510394412568,0.02711313873884441,0.022871529380488538,0.23555180963345668,0.2744757709493437,0.27313285519536995,0.3918133305166915,0.022536609280069658,0.027213028244304476,0.02910626927110881,0.027544658811388647,0.2101565702504274,0.02240835927685846,0.028447209303326365,0.3656012684644775,0.15549280984345581,0.03006072684403613,0.017103549541200035,0.025653361564977974,0.3399509580726945,0.0225206796355576,0.4822055766351357,0.5058361543801638,0.6864003315552059,0.019658021933365792,0.39251521213975427,0.1811541138625445,0.02770793626904588,0.3578876803542263,0.5803507910979597,0.678640743177102,0.7596605238005674,0.018044673457201867,0.12760371617889482,0.02596147245179509,0.3508682825658996,0.3170167278026669,0.33584725197599896,0.12816493720975017,0.7284970403172998,0.02591689670501628,0.4135104645514281,0.028475112804385992,0.17494690831466791,0.34154620237818134,0.4586498843780146,0.38322197901935895,0.13615379593807525,0.4161098487937837,0.23746897631723168,0.6578619195212814,0.19308614738084298,0.02072283157944729,0.02566172837978196,0.2793568325110286,0.7596605238005674,0.383498367037685,0.2764395856609549,0.7042094143137492,0.028749673764246322,0.04484329089978431,0.5317284639547484,0.028852655586109666,0.25514200173111395,0.02964584911258431,0.23050543415949307,0.125233187220242,0.25394598664821916,0.022606788002714852,0.31301024718762965,0.0282873842896122,0.03049314750926324,0.030046255860629215,0.02999069774123422,0.030225174299647762
attention_zero_shot,GABRB2,0.31438608393287304,0.017159995084339345,0.013040391453257628,0.25426440069780276,0.4756020718339355,0.45286454184730507,0.32938079489091227,0.16359567786416698,0.24021626282217587,0.0873212526637233,0.06753412572617086,0.08857846606644866,0.2958409960797065,0.025192496382762025,0.014408121322651492,0.3021029077606907,0.5110076378582779,0.016321083687888528,0.5171254599680029,0.3979697880389738,0.06775965354715491,0.16681652982198766,0.049312447317062,0.07731535628020043,0.5473708334399361,0.36987814920484036,0.0,0.013167812750391509,0.4250508621106022,0.5603129110226577,0.5267620277401925,0.034871380856061805,0.3473959662222928,0.696654635861904,0.5191457077031569,0.3640183548799498,0.3998404157283096,0.39055601693014885,0.08151507530447545,0.335302654897885,0.444764507942064,0.604210834974601,0.07624121936650768,0.16238111424555834,0.015094305393482896,0.14790960335765715,0.3757733114664776,0.4138568039187541,0.0,0.062080142661378096,0.11369363232239703,0.021939495232044314,0.2956910617445961,0.2216805265958471,0.36439132086884973,0.31401175209354576,0.21212229907546862,0.5683949704764093,0.5701596677064995,0.4195908245378232,0.1493369298796682,0.08219961071359305,0.44338088196571707,0.565453709835822,0.5614302204906754,0.5740979961987982,0.559663091650549,0.5723535065684922,0.018820235225036806,0.41432785725383964,0.473274369688819,0.6366907535478546,0.3946016123565636,0.06741728105276047,0.44967814816023827,0.013167812750391509,0.6231415257971104,0.09302379380611536,0.337732318554379,0.25654550661933817,0.08918150085342268,0.10547524580819942,0.2963315455419695,0.5091744319387431,0.43338067271292424,0.31515611336430027,0.3963125553926138,0.10104947177425337,0.34348767041926903,0.3239340533379414,0.0618067857171507,0.386668073311568,0.0803688403130033,0.3787539982970677,0.06801434959801073,0.2561210864858605,0.24272240475599766,0.12290284597355228,0.09881252591345543,0.405627069483357,0.3622946130361847,0.3312429558164426,0.3254402264174256,0.26876361486454275,0.0855551315186457,0.18030909907098794,0.0,0.39606252412855447,0.34607769123732873,0.24927573807243697,0.12356298036579794,0.11756022755190518,0.3137472081571968,0.49128476820441846,0.3976627791594671,0.39287746622506114,0.09343124082446841,0.16913675934657332,0.09140935841710932,0.101120980192054,0.3445884163528989,0.013167812750391509,0.018284133112497134,0.5460732014449047,0.3449884269491775,0.08000411898997276,0.01665330947995335,0.09643556660556052,0.4500244730485508,0.05186071323769937,0.5950537746394292,0.5269729917129461,0.47349489998511196,0.06796171064965743,0.3550180322170729,0.3571491316098824,0.09754759461842218,0.4563931230437393,0.5500533030670217,0.5351985799065525,0.39240648880419554,0.08567482503764581,0.30727934950553215,0.17968291404272121,0.42354478457994044,0.3182571058476885,0.33118720239973354,0.26578013126108146,0.4320742963561836,0.1072146205562888,0.4050343094055211,0.06738453126840709,0.2945791948262629,0.4924731451073109,0.6095646634572456,0.5285965599633382,0.5649407829734832,0.5385434933616109,0.5476115324851591,0.5734976484343018,0.41547630343518427,0.13821978734639137,0.07727180648617228,0.5987973879742939,0.39240648880419554,0.5793113901224085,0.42470767774379375,0.31515611336430027,0.06197289336723755,0.1445268847759896,0.5773224693214868,0.06753412572617086,0.4292492417449541,0.06331466416102494,0.3872521224767673,0.16417428948234464,0.37110165598561834,0.014113266601560927,0.4932754783501788,0.07811818604587413,0.07812660544301704,0.07999915750994753,0.049312447317062,0.059603218076331656
attention_zero_shot,NRG1,0.7776484280843602,0.022574000104933403,0.7304808966497984,0.16037735677511153,0.20413542380169522,0.6683952195933311,0.11311902628313063,0.21956892224491026,0.17069729700494468,0.19407734967810444,0.07448264009752074,0.05269716394901857,0.11089677454231082,0.02699896787959629,0.7527118817900514,0.10222063432243701,0.7920923213984994,0.022407484644891375,0.14895389085217178,0.1848261192502241,0.05065549622603425,0.0820445659616835,0.05478228515471612,0.29546327181504156,0.1929767943320484,0.13295999925961513,0.0,0.7530960474789015,0.13525308480045145,0.2016683292156269,0.749236711622444,0.6275631942761815,0.1832220445928781,0.24889105642610795,0.30405758570810604,0.6972780312592434,0.14311916131539662,0.16105997645665446,0.11518832060830278,0.13606001378288854,0.23138857531720053,0.20652969819479905,0.0841728281239569,0.6169171569537644,0.020746143097503954,0.16585573615436874,0.1445193187364078,0.13938530593699394,0.0,0.07189671720194309,0.8590800363767981,0.869387804052505,0.1002171134059897,0.15649039124271275,0.15096567561960078,0.125113577803505,0.16002507832760415,0.2148893845325815,0.21624490683956743,0.1255499039089372,0.16234523514030386,0.14826850075803233,0.16284098768545732,0.28383908663531066,0.2790632153332285,0.2705669182196417,0.27193460709625944,0.27343220887891256,0.02300428457974691,0.14812394740545118,0.16505621976722085,0.16527221097635872,0.8005800624120428,0.1263498569051432,0.11807594058029293,0.7530960474789015,0.21585228188280248,0.7490533439758886,0.7612069170962944,0.1320120558416807,0.12852766413854336,0.16398259476496493,0.1912802628838833,0.16348800396103358,0.12251238138788943,0.10235702380424672,0.1832473538306371,0.12645226998530384,0.1206288949356377,0.544987671363836,0.03894815299284592,0.8064868734972107,0.06338904037925779,0.12396557543090769,0.7190522238674723,0.09502483747735337,0.10383465171907504,0.08506832534792166,0.1024287377675048,0.22983447268932497,0.12900502488426904,0.12839988086776505,0.18114786826800225,0.11021878254738311,0.153125857632421,0.14416810252003825,0.0,0.12846233442770005,0.12784971590529412,0.2144962116820536,0.07160039232786171,0.08293783481021247,0.2213169050555928,0.36806617945986153,0.16268281976227314,0.17564256950528898,0.761162829012289,0.12401878428495129,0.14710138103428586,0.17229804471715943,0.18901875128981116,0.7530960474789015,0.09037543677825101,0.15208659456068807,0.19820276820424867,0.1463842081418253,0.017383537491691317,0.15477763609081593,0.28098210850179756,0.1429700808081518,0.2658109500489998,0.15402913773932075,0.14538858602498733,0.20723974159665512,0.13423127986933828,0.17065059546660233,0.06264157299749959,0.1880933376258875,0.2354225269400911,0.18126107699312963,0.12698015794485185,0.17872492768464351,0.5354329022055423,0.13162345612795714,0.2499681880014,0.1207189420904441,0.11115536438815134,0.35829171936612764,0.13993922873908898,0.08175573378468629,0.16855755447975762,0.11829230690642374,0.18887666731012787,0.25361430100137955,0.22071513473246204,0.1687956938245821,0.18301928559386524,0.17417902014952222,0.17589742071264625,0.18169715063305772,0.12121083733341456,0.06210364967931043,0.15594141168982228,0.6150184709132054,0.12698015794485185,0.18025182526786845,0.1341137305972829,0.10235702380424672,0.1374790809557487,0.05296223946531679,0.22990124932980432,0.07448264009752074,0.18385018181499255,0.07254267918079892,0.1315797455449237,0.051374968925344364,0.735068989036377,0.7601810080087429,0.21946972506399823,0.08641457885722757,0.08504435773277756,0.09146260984241099,0.05478228515471612,0.06514984705645939
attention_zero_shot,STAB1,0.2437153222140421,0.02730909016801206,0.019293672116955356,0.23250206655474281,0.25876048963903714,0.22525615232846086,0.47939634308457535,0.02376555921303538,0.17757742066038243,0.02528829625149209,0.026822958765883042,0.016249865228730193,0.17460804746405414,0.02438157852476383,0.020841515427355864,0.36742296613446485,0.626067292917138,0.026973030519893967,0.45751288386292127,0.44704882922110245,0.02449517380443746,0.02455402237463425,0.02660339850299995,0.023497763353157442,0.6174983721995341,0.5649573074864028,0.0,0.02052130673988615,0.5367728240868866,0.5993952104772611,0.39900649081303113,0.015911437437731935,0.28850097508380906,0.6319848437833463,0.40668162269057534,0.19343514842101114,0.418793705853831,0.4092180834078347,0.0265298284538748,0.3547695866452666,0.30030238007002874,0.3580579710838473,0.027217515290193853,0.015330426265645023,0.024543276523148114,0.02335496066669207,0.48914890491096313,0.7583784271249466,0.0,0.026555121282101357,0.07450685506863157,0.0231151672993849,0.5074081766165057,0.1474077937243195,0.1611940010260021,0.3900512908954589,0.1248172068843702,0.7107337598766253,0.7409027045985259,0.6071647812892009,0.022423281564153744,0.025548238467806385,0.19646264802777616,0.5809513963960008,0.5760616123796175,0.5029427845891249,0.5089895068280761,0.5586120735782096,0.02840074742249863,0.5359238098817007,0.5599289185993618,0.46437675320109034,0.5948742020050524,0.019404061972673182,0.24947059064703048,0.02052130673988615,0.4203625373499229,0.0201599863723439,0.2811246177079518,0.22243482998919725,0.017269383437251776,0.014812057328979137,0.27508930119574304,0.4755641104907864,0.6029291564073449,0.6284651360034479,0.13929493314011543,0.014783388047281973,0.5308040054033335,0.17065123616287817,0.016271762656937205,0.6363575535519063,0.02173868700543016,0.37001801004366613,0.01798354509830318,0.21442386932494095,0.254957400489764,0.026669356921948682,0.01905805939086523,0.3096923874544127,0.324398119219939,0.29366098920806827,0.27200769606588227,0.1952479471033045,0.026753541052442906,0.12666050399233406,0.0,0.7394477500749671,0.5055997843549761,0.14465706693345312,0.025922041866250755,0.02277350848073502,0.28718190785422104,0.2932256965488011,0.3936222898902424,0.4356703461841632,0.02124651175461865,0.02644498450812005,0.02760214003844712,0.026635048929271807,0.2581232368580627,0.02052130673988615,0.02703987282912869,0.4114101615708722,0.2004353927537714,0.028518331724922855,0.015896388278997847,0.025024003556809084,0.36626539974482925,0.022458725333147602,0.6708309593496132,0.5295026970788186,0.678731313200982,0.019850216884444646,0.4759591171864314,0.24170901585127944,0.02569824188632984,0.39136504371825986,0.6249501350447929,0.6745966575820211,0.7284796441018904,0.01838153396232568,0.16615452319748836,0.025544620005257552,0.420147196252259,0.3921999315518064,0.39251992273312175,0.1690933110826396,0.827538490474783,0.025322205795591864,0.4810599997631624,0.027326420012651703,0.21422023997526124,0.3684757500147639,0.579713563223541,0.47646900618857907,0.19089288541667218,0.4610375505458825,0.3286925352424884,0.6575412703138358,0.2918794933452267,0.02096671952980066,0.025306766544284227,0.444233138855888,0.7284796441018904,0.5714063309752996,0.4012094201858637,0.6284651360034479,0.027417138915134576,0.05708651123751136,0.6147378044691794,0.026822958765883042,0.3035523429439836,0.028603406560567944,0.33081104718316046,0.1916541933914542,0.38876381955270745,0.02118026923241052,0.3813808032145748,0.026802726029326592,0.027971303112090545,0.028506754938197328,0.02660339850299995,0.0271733587567877
attention_zero_shot,GAP43,0.22883998073539571,0.14074543732703976,0.016488747528555475,0.18805828573297867,0.4382524898355041,0.41768203250311875,0.47454333156275885,0.11953035648618104,0.304069463292354,0.16364795323515843,0.02573979256244898,0.020783176609442282,0.16703127706184395,0.15586209756314892,0.01735934923380009,0.2201751933410499,0.44185720626256986,0.1482294465530807,0.3995827011133607,0.5322305665701378,0.13490026776211103,0.14443788405733038,0.02415943835576297,0.08236151515858012,0.41853609831440974,0.29037715570579425,0.0,0.016715075025169876,0.4970576183253731,0.5023546687896677,0.4007835147884146,0.01572734221916797,0.21716912134773828,0.5973181934050688,0.5362771827007607,0.21824441256765875,0.3631479049127717,0.27078795920127113,0.1723227413730042,0.3256564081058207,0.46475353267151664,0.6948605720892305,0.026526127587328426,0.2847088882330402,0.019504767642744465,0.22601835713764137,0.2837676975413971,0.3854287787840476,0.0,0.17937313960191154,0.13680353347407345,0.04359002078876573,0.3714420591000526,0.29392577373021717,0.3488119415297694,0.24692276796765136,0.2083578251622817,0.44011988145534314,0.44586766933889016,0.4260686886636001,0.02620981332433098,0.13092550480810014,0.41251781955119193,0.409483962995612,0.40399211366266174,0.36021867391026763,0.3689323797475306,0.3874738828330675,0.19191205294663055,0.5466462343316101,0.46744568774814366,0.6541434139208879,0.4669465973022714,0.021873149769530892,0.3869431496644172,0.016715075025169876,0.46230538811284405,0.019508846303707916,0.33755844739774243,0.3269951154348228,0.09522886006093591,0.022239627966607587,0.3586373195281723,0.30843519821965815,0.2707760103074184,0.27124647078846786,0.4061916843984815,0.019930010492175083,0.25731285191115383,0.4354265272330841,0.019881282813814127,0.3620851104571663,0.023553282850946648,0.23626515452473917,0.017715710396963034,0.138937060561556,0.27132167321408224,0.2913473449450883,0.2135577386620576,0.330944718456585,0.22102090558962187,0.49523950320021726,0.3448073216050339,0.33866753175063746,0.14086192902999864,0.12977371520778236,0.0,0.3683907054858448,0.26142649071759216,0.28210389524054613,0.25434703110726203,0.20080503992672724,0.2557598749415505,0.5263515242351215,0.22385665692775716,0.3281908653092323,0.019881369291916404,0.2850806118984127,0.028468110368267466,0.029041754084338702,0.4013016549599081,0.016715075025169876,0.1280441813814399,0.43251804102107916,0.2685974663994003,0.14815757983563257,0.01662735012492307,0.027318908205971222,0.5327668355862762,0.025800299042183682,0.4393857939590749,0.3992400136344066,0.3711112368080524,0.10552587744437367,0.26266818496725264,0.4075240831477597,0.24401998955454943,0.5811877907676958,0.4417635294219637,0.430909576789371,0.3650670370091548,0.023087673601444873,0.4280435742163741,0.2773476940198571,0.32115073685086926,0.24083834413989613,0.2367613539232154,0.20345238261484602,0.3796017690729668,0.1576645409933891,0.33276049575720673,0.16357391354559397,0.33167190968319743,0.5529858888167918,0.43937927110018293,0.4333697569579728,0.5770758775834709,0.41342368872623964,0.47544271035902147,0.41658700433860285,0.2760292496727785,0.3024958047079759,0.14800530224557235,0.3317844351989781,0.3650670370091548,0.3918272547693124,0.2292133072906054,0.27124647078846786,0.026116859227079067,0.1797460411549942,0.5301283726041719,0.02573979256244898,0.46874584828387633,0.18327235839867556,0.2897970749147379,0.31227992156793877,0.25994625722295034,0.017264112747579195,0.44963570449248613,0.13591887453459345,0.02673359699690726,0.16816662414467123,0.02415943835576297,0.02507284948649159
attention_zero_shot,ELAVL2,0.0,0.0,0.0,0.0,0.0,0.0,0.0,0.0,0.01430346891062918,0.01746877481716156,0.0,0.032696631186346886,0.0,0.0,0.0,0.05812734433128335,0.0,0.0,0.0817615460294805,0.020816023130154942,0.0,0.0,0.0,0.020121003806982698,0.0,0.0,0.0,0.0,0.0,0.0,0.025470468688126722,0.03384251391589358,0.010060501903491349,0.0,0.005821518724148189,0.009317501816800187,0.0,0.0,0.0334138440335753,0.0,0.0,0.01279555487458427,0.0,0.0498890441405288,0.0,0.03811790704090774,0.0,0.0,0.0,0.0,0.0,0.0,0.0,0.0,0.0,0.0,0.03665157833964166,0.0,0.0,0.0,0.03903417220118947,0.0,0.0,0.009963961256210015,0.01010630355987016,0.015548159322877167,0.015720916648686915,0.00969097601631385,0.0,0.0,0.0,0.0,0.0,0.04805398439217268,0.0,0.0,0.033413136872126374,0.0,0.0,0.0,0.05484819537299947,0.06068357795447218,0.03285445742483516,0.0,0.0,0.0,0.01805788192928415,0.2509103902858367,0.0,0.003490575021950478,0.03348769668359113,0.0,0.09301491014890273,0.027239356893241452,0.02087544728327759,0.12883087923881006,0.0,0.0,0.04857072063702819,0.018061548860209546,0.024531622457892182,0.0,0.0,0.0,0.0,0.014416111136948353,0.0,0.0,0.0,0.03420813978366555,0.0,0.027621746424705232,0.0,0.0,0.0,0.0,0.0,0.0,0.0,0.0,0.01580188025778345,0.0,0.0,0.0,0.0,0.0,0.0,0.02848433146177042,0.0,0.0,0.0,0.060032923109489995,0.0,0.04001285551764334,0.0,0.0,0.0,0.0,0.0,0.08552034945916387,0.0,0.04585597496215277,0.01193307201755775,0.0,0.0,0.0,0.06539326237269377,0.017693865405344247,0.0,0.07894186103922819,0.0,0.0,0.0,0.010630369731753278,0.0,0.0,0.0,0.0,0.0,0.04560027573696101,0.03704247329133712,0.0,0.0,0.0,0.0,0.0,0.0,0.0,0.0,0.00965379660948402,0.0,0.0,0.0,0.0,0.0,0.04469085977879135,0.019640642751751015,0.0,0.0,0.0,0.0,0.0,0.0,0.0
attention_zero_shot,LRRC3B,0.17623577668312052,0.02978925962778321,0.020252398586300218,0.1801354749175026,0.23229623840575217,0.1856333232533369,0.43130691170628394,0.02398450178186335,0.136996514223812,0.025582250751794322,0.028852655586109666,0.016258018527656463,0.1336559693779427,0.025059187616861853,0.021881104302082933,0.2882525165009549,0.585218801609497,0.03044123997346212,0.4117717974916776,0.30015550554764053,0.025210647989760027,0.025062931096056822,0.02999069774123422,0.023581837409598003,0.60017412930516,0.5486813180038397,0.0,0.02240835927685846,0.5010873938714595,0.5853129485619987,0.36691676989737115,0.01579876191922934,0.23226052116414425,0.6285934988754943,0.3928459207212567,0.14869749264191764,0.3653570413551305,0.3561106161597043,0.02712712519750409,0.3008378471317812,0.25224497526118567,0.32726490690579935,0.029141458704508696,0.0144149925722331,0.027492908402594923,0.02342516132377735,0.45282862359088577,0.7968737404949351,0.0,0.027456486289308125,0.05493575028462225,0.023129906069594808,0.50962967852946,0.13848996101530212,0.12330170423411947,0.36200794558108723,0.09301769223992974,0.6706810022102678,0.6739619932188302,0.5823080928229786,0.022473723870973666,0.026053420660333216,0.15202095670364082,0.46086621117427956,0.4541048363624676,0.3855625012451443,0.397727771232098,0.42922937854862975,0.03021634627470729,0.5134612258335863,0.5279971387530455,0.4121910700363939,0.5818349042622112,0.019001621340771022,0.18457188441757308,0.02240835927685846,0.39514521012259557,0.021087908770369992,0.20763102216962778,0.1758031896285725,0.016705009236005333,0.014347699316870086,0.22415703380431182,0.35398295206319,0.4787352801559036,0.7042094143137492,0.10712270759731354,0.013906954670713298,0.4276442141084513,0.14791343825777975,0.015771146730750838,0.6305475421759849,0.021589410214034117,0.3069763788315936,0.01812369723369646,0.16853738702884458,0.2104277496399255,0.02796553862399236,0.01856445561222455,0.2561818283051771,0.26410550970287716,0.25194825261909276,0.232312879299769,0.13152730017164296,0.027354194207530155,0.09670807338087808,0.0,0.7753292466192485,0.4239914462211452,0.11113510394412568,0.02711313873884441,0.022871529380488538,0.23555180963345668,0.2744757709493437,0.27313285519536995,0.3918133305166915,0.022536609280069658,0.027213028244304476,0.02910626927110881,0.027544658811388647,0.2101565702504274,0.02240835927685846,0.028447209303326365,0.3656012684644775,0.15549280984345581,0.03006072684403613,0.017103549541200035,0.025653361564977974,0.3399509580726945,0.0225206796355576,0.4822055766351357,0.5058361543801638,0.6864003315552059,0.019658021933365792,0.39251521213975427,0.1811541138625445,0.02770793626904588,0.3578876803542263,0.5803507910979597,0.678640743177102,0.7596605238005674,0.018044673457201867,0.12760371617889482,0.02596147245179509,0.3508682825658996,0.3170167278026669,0.33584725197599896,0.12816493720975017,0.7284970403172998,0.02591689670501628,0.4135104645514281,0.028475112804385992,0.17494690831466791,0.34154620237818134,0.4586498843780146,0.38322197901935895,0.13615379593807525,0.4161098487937837,0.23746897631723168,0.6578619195212814,0.19308614738084298,0.02072283157944729,0.02566172837978196,0.2793568325110286,0.7596605238005674,0.383498367037685,0.2764395856609549,0.7042094143137492,0.028749673764246322,0.04484329089978431,0.5317284639547484,0.028852655586109666,0.25514200173111395,0.02964584911258431,0.23050543415949307,0.125233187220242,0.25394598664821916,0.022606788002714852,0.31301024718762965,0.0282873842896122,0.03049314750926324,0.030046255860629215,0.02999069774123422,0.030225174299647762
attention_zero_shot,SAMD5,0.020975350786719853,0.5733408219517617,0.019766364332678983,0.021815744984000837,0.1031170118084237,0.15499495388216622,0.5378097576070725,0.02273279293819068,0.2989534957094825,0.27007587682531004,0.027300819712606793,0.015703052494595568,0.021923143462491454,0.48213793261073795,0.020840404606032766,0.017882484098565306,0.025427833479399586,0.7921648708923341,0.02014163513117843,0.238827243522525,0.40598250832344646,0.35099158100971817,0.028543567282816783,0.11295584615556857,0.026355275352910087,0.026939506794196447,0.0,0.021486138158309076,0.5136575962407153,0.025271596904530045,0.0195250677600467,0.015124281731459622,0.020612448636764282,0.02595167172100289,0.14788254771436787,0.01876354736426525,0.02154292053710079,0.02149348062034889,0.3375126198863479,0.22370564928808645,0.17670144657112782,0.06801160513507587,0.02743890277596346,0.17336210571252372,0.026280699600330942,0.16078107325610488,0.02482779390043804,0.029503010237723837,0.0,0.43288586550849856,0.06490713702095868,0.046030046844106096,0.5047776924003501,0.05084547596301778,0.1866554470786562,0.024001428350712863,0.22081472587300136,0.02624792420012338,0.025275893524976355,0.02550325728032697,0.021367620674226828,0.2535107188745774,0.11668201745745672,0.019158282161588873,0.019119393254873416,0.01747553658619735,0.01780172991077296,0.018624707660211598,0.5832873696308787,0.25154917619151496,0.02622336120880233,0.02300079779998332,0.28084800031538926,0.018321385801428117,0.18340989412983696,0.021486138158309076,0.019008825531823616,0.020214739016853396,0.2605132914884226,0.3472179125495075,0.15245455994544616,0.0137412202123135,0.25541447002057777,0.02133909156374064,0.024058179549574486,0.031647535347982765,0.08317377744775752,0.013565997525745145,0.023810938793573957,0.14181402361057102,0.015372448188039907,0.028021410056774287,0.021407675462112585,0.01900528315499653,0.017566998682490214,0.01668078582367377,0.017449996638204436,0.5814671455103592,0.27231879463336334,0.023651831012315595,0.021471938590421725,0.3123423409704818,0.20139315904857563,0.17607442488795128,0.25787473543864176,0.023859166572096392,0.0,0.030441239973462115,0.02467009650829981,0.25706702335876674,0.40745592866225183,0.3491235990938277,0.02483690804253129,0.1251343963038732,0.0211912904782948,0.024250967742886213,0.021401473963520854,0.3847239042448579,0.027253446861557454,0.025876849254603013,0.1824577711447493,0.021486138158309076,0.37377022286080375,0.022936660853310496,0.12718505221705162,0.3802752097876057,0.016567570099040887,0.024269254486785786,0.15910428372993662,0.021614286637334085,0.020819862938180358,0.09346172000968132,0.029581695134610654,0.15216980151650916,0.022460391370244876,0.11459135596014457,0.6628015688981775,0.16555272949428412,0.02331351838206074,0.024940332529915715,0.031044387660722438,0.017209940895899462,0.17136736768709465,0.2788040377901743,0.02058389987920859,0.019627731715485094,0.017926115695399647,0.09871461531947578,0.028375381968320606,0.35838351823337034,0.022388082522758146,0.40831656544282235,0.28776641281354226,0.1616437082216776,0.02098838564482702,0.022863230138758888,0.08381897450415363,0.0240126047142797,0.018479118082239693,0.02422842101306004,0.19110156205457438,0.27453645194427523,0.2589242796623035,0.07525776996765218,0.031044387660722438,0.01987597489976455,0.020135425350363303,0.031647535347982765,0.026957928306683684,0.11348615383540471,0.023116470727841114,0.027300819712606793,0.15076501884083404,0.38907681969258484,0.17172038195997655,0.610537487740545,0.01874048167918087,0.021486138158309076,0.020139429119342522,0.40829758872587646,0.028543567282816783,0.43895950149088925,0.028543567282816783,0.02854356728281678
ig_lora,CD163,0.5897113145260587,0.2255775630311753,0.20875969802261074,0.32615014114544766,0.43469156451738394,0.49635856736324263,0.6281028607079919,0.02370101844402303,0.4318668971823093,0.1871817802845027,0.024882672172994193,0.016633035255551664,0.340847316516452,0.10870177681487307,0.34442650696219035,0.37428191002566674,0.7141478881360561,0.09412104135451425,0.4051512747299937,0.533276909430115,0.08058495488197427,0.097910754506405,0.02454822755395564,0.049419547181338695,0.5057485886392578,0.4000868606527863,0.0,0.25687142241688166,0.5449856939332143,0.47434705106606595,0.48926360518263207,0.31941799807688787,0.2782938549685405,0.5232594775800865,0.49228894425353964,0.4674168603867471,0.35328239539835304,0.3536013968184995,0.3109918905823167,0.35636619698872457,0.4662718986858212,0.4199991550590147,0.025124226340698337,0.16640636652469423,0.13507681064875757,0.1531871245924254,0.38042245263878605,0.5223710028152875,0.0,0.144213773893401,0.8209882913370689,0.8453968266106666,0.41812414152834165,0.661697979199976,0.38986807185230227,0.3236252154795555,0.39352548877610416,0.568062101368038,0.5902858534663509,0.4378665323142733,0.08778989184931207,0.0866062237296256,0.46229196196862266,0.5939395213688007,0.5900090138548457,0.5241324111623494,0.544070998029451,0.5749240006189802,0.3085462902129499,0.6431117248020548,0.4429122369635335,0.4048537213668389,0.6974085884085135,0.12914429586504558,0.29039466345548115,0.25687142241688166,0.39718960940588416,0.2889021190553916,0.5779773164288078,0.4337090004125981,0.053331848872835756,0.01683753974023048,0.48134730770209444,0.4304693894779595,0.4177166476517951,0.3863351386514071,0.2924084528875654,0.0942946507261205,0.38422997039993273,0.43941895519255314,0.11165175951963034,0.7409456579497853,0.02284896346881304,0.32024497917013045,0.2823695696057879,0.18461158570904224,0.2864045642114663,0.16107519081351582,0.16597355359772994,0.45848812362897146,0.29385312869435404,0.5202612068042366,0.5010518426365194,0.5895645355141098,0.10179312233899576,0.565683142161489,0.0,0.5053584350229094,0.37711669248015334,0.4161648681048761,0.23331847797155816,0.09699177959342474,0.41596767018397957,0.35432680976344333,0.3316117672417922,0.5200228204089632,0.3229880769356296,0.20975387388007263,0.025526454386354626,0.02525054840584597,0.43496119125755744,0.25687142241688166,0.2264304553434191,0.3840081307255775,0.35264061716122935,0.10233813358594167,0.015083018659929035,0.024351414910368088,0.4703609525230162,0.022929734685059003,0.5977554894189899,0.464941895144281,0.49571330123092033,0.07432623642799005,0.3734153779101286,0.6325907762682899,0.09075815788046497,0.42521906386928726,0.5215809187735723,0.5221133298036695,0.5009711926336786,0.019913185084504875,0.4812474243973519,0.23791954222457984,0.4847239800866107,0.4846343214338455,0.32485953139838686,0.27839930660769113,0.5618498244637208,0.1916502840922573,0.4316495842225532,0.20341556099762145,0.4881565242169475,0.45758101473551493,0.501163107006949,0.41493507980130095,0.24355673358777602,0.4069704575341027,0.3352690319698446,0.525437393745708,0.38065368505466185,0.08747724063715485,0.2088064156444203,0.5000576419157565,0.5009711926336786,0.48373234176986724,0.3412051368016088,0.3863351386514071,0.16241489670757564,0.3662113792964844,0.5351061306248868,0.024882672172994193,0.5762715138819053,0.33590664965525785,0.39934009882837396,0.34138193782401655,0.5731121265921034,0.3345654960678112,0.3719449468734854,0.08161053364859167,0.025342009911477198,0.1276829230440573,0.02454822755395564,0.024835829857405477
ig_lora,ID2,0.08544064154928514,0.39571433230867487,0.017502969375977857,0.25641120746272383,0.29589566939124673,0.31874419981927643,0.3825384360445121,0.43247530036308224,0.6075374428003942,0.6770046659638267,0.42760858079694214,0.16833948043207636,0.2584725767505168,0.3022429613353581,0.0183376902893257,0.11964812213457907,0.08204072810898369,0.3047085092879125,0.06461635338264776,0.4680798812145525,0.38573279599369337,0.5218756251660869,0.3080154936283892,0.6861564567333787,0.08085916753222962,0.10870653980986734,0.0,0.017905731775831827,0.29997607207929167,0.02432090118535597,0.04088448555201456,0.04339919201297877,0.2673123291983364,0.08386135324596472,0.2911749703924591,0.11707383426825525,0.10205768462842438,0.11858609734983262,0.7054977674024407,0.2909207353357937,0.41088214103205495,0.12120539597306192,0.44385371824404174,0.26390243642762223,0.1081721722658112,0.5326676352848161,0.11763861293555115,0.025811333234140657,0.0,0.6195199307238567,0.1413563212626284,0.05295529050604283,0.2676086264789647,0.5966686494594643,0.46050579031614347,0.12072011078367603,0.6762667811541656,0.09455944354527224,0.07580282450787762,0.021731083836569375,0.48384714535908496,0.5606830213201481,0.37200478083162375,0.06651854525869084,0.06703028517716066,0.07600014134683211,0.06944579724680326,0.0710555534221948,0.4614174236678625,0.3302127788367539,0.024598632680572663,0.02963643367690498,0.20903062924362972,0.44505855181424314,0.26267401812866237,0.017905731775831827,0.0942578586123039,0.09709258324685512,0.2707945750482007,0.5519056201884865,0.458956170808641,0.3546556800396349,0.5841083158970541,0.11272766793800826,0.09749887999117736,0.025900939216680862,0.2652831496073959,0.462844741664539,0.11586818597625469,0.31514469446578963,0.1955814064365772,0.02545476331480951,0.33240641010560734,0.12635866980216376,0.06732057907086861,0.17417615510105788,0.01944603519322488,0.545347925848181,0.5335995214086244,0.44213220634743333,0.17189353792335274,0.3926798968382794,0.44418159621023806,0.514352406969643,0.6462696684088951,0.6024500072097937,0.0,0.025984704183337162,0.12416662137387381,0.7066754184454997,0.38307640884914235,0.48288733252709065,0.4538186490610103,0.3220030155017932,0.18537285679394563,0.21404952883235828,0.09758705614129988,0.5722998078715974,0.44996917111951745,0.47845767984134097,0.5320034083900529,0.017905731775831827,0.5081822878122986,0.13807188512262183,0.36143837527485684,0.6621225050214963,0.03722537854463257,0.4590018998156414,0.4459804368952245,0.4336307854179838,0.06274161907311554,0.11408261563231707,0.10264246867518301,0.6059929811835134,0.1171151950638615,0.4780653119844762,0.29027233676988656,0.2420991838962847,0.06749582234722441,0.09034174454458344,0.026204030615068187,0.4918939519912564,0.39826140753680644,0.5394496151819491,0.13974519625323448,0.0867071278559142,0.1289123586554197,0.682905586948441,0.025495307997038613,0.6358377947147391,0.10440312804607554,0.6492545784729986,0.6214501931981691,0.38573973354587265,0.0890110613666628,0.12207739778787183,0.18586771117353107,0.07107940838020999,0.09788817066709016,0.054727123467402224,0.3497411159287972,0.41450474906525386,0.6366155786167126,0.16985999969070115,0.026204030615068187,0.09778120195462893,0.13147719191161267,0.025900939216680862,0.5322406102502171,0.41506114627963003,0.084802024990366,0.42760858079694214,0.40551451969762886,0.6740281075442686,0.29705621373529933,0.38510012810288324,0.09750357601990452,0.018372741303981033,0.12556160411025052,0.5773687899592502,0.37527430023545866,0.6655080663276359,0.3080154936283892,0.33267705605098136
ig_lora,HES1,0.0872727328281288,0.11916182850109147,0.017548474119688233,0.2881870543191202,0.1112414630896005,0.294546395816419,0.20804023894839105,0.5499880137297957,0.5091526039806693,0.6647199583276885,0.49843055088505195,0.1795224073400973,0.13849807941056672,0.1714569355080048,0.018582774312630963,0.12431501196652067,0.0826878438267375,0.13243056120120011,0.06289316149279936,0.41680914975968736,0.2642022896420189,0.4306252395738905,0.354403236531674,0.7094955170520643,0.08127217901421468,0.11444125635320246,0.0,0.018088524302407552,0.1782680742639605,0.02387321331924031,0.03761469450754273,0.04229852884550081,0.27513636785463014,0.08470898886564832,0.21223630454133485,0.11829656356533798,0.1048663072132343,0.12348872098685008,0.5582632907479846,0.19174854357774299,0.3331268906868196,0.049963433308081694,0.5152536726181176,0.17317145931898223,0.02144134134241294,0.4714751738703103,0.12427839195618122,0.025678168077995042,0.0,0.5633271582464418,0.10052616424081404,0.0308428967281915,0.11490290975494956,0.08266998351675897,0.24670139798531657,0.13167808834006364,0.4865852200286097,0.09572786456866308,0.07535069742786976,0.021645628876339786,0.560538819581301,0.5848428756550133,0.11936236311578761,0.06355621937545777,0.06406303702208753,0.07398682788363173,0.06709145403886421,0.06842981215759684,0.21546822841473984,0.08428707391873445,0.024153344492232613,0.029418168273483675,0.08866033047342421,0.4613636238770528,0.1726038103443475,0.018088524302407552,0.09116276909491018,0.1038029475612448,0.1569802416543104,0.3943924351605345,0.45911358484551335,0.44711614439434816,0.5013513984697254,0.11643042536934373,0.10222209688799008,0.025771009690152856,0.1834220390052012,0.49279707883494067,0.12399890551672546,0.18243692253624805,0.11648338532929155,0.02524577219444567,0.3680848223236158,0.1289356275444628,0.06651041863378512,0.17238765559291322,0.01852107673335461,0.4462780575876787,0.4932229840723354,0.43004322930284017,0.18223172225417975,0.11650421528636203,0.31261219004418234,0.1345033553506874,0.6992650461938397,0.22544591106009204,0.0,0.025894697238358425,0.13388598174518385,0.588426157056421,0.10356646257777105,0.37614631363982,0.4761949114405053,0.3147354202767386,0.3089341416892426,0.11484986689193001,0.10442754490159607,0.43799378644978665,0.6387972137330279,0.6427709373810544,0.31518271512022494,0.018088524302407552,0.40419219177334964,0.14778784045294774,0.29458044512843606,0.7170240138495793,0.04134857721618906,0.6184863688743728,0.39155990964379106,0.6410550302004404,0.061379146300701945,0.07527306698712467,0.10898356484414873,0.6203680315572276,0.12354986458851652,0.10344506994748906,0.12466752771627973,0.16287978314295198,0.06671313684904534,0.07705137259494893,0.02617853144412799,0.6055601137931349,0.2549511293332915,0.35386823872054024,0.1903050535801055,0.08688110085950444,0.1324583835904286,0.6331378027140626,0.02528598699724223,0.48329816938337145,0.10731491779756752,0.6274360984556604,0.47290734650925836,0.3383945892068288,0.08921413691690387,0.1295835891754685,0.13570115497839869,0.07269339093540014,0.09921371595711106,0.050773510318070744,0.21138850412767116,0.3168894435421175,0.5734630460008747,0.12464624947346266,0.02617853144412799,0.09948658271291257,0.14091847396655663,0.025771009690152856,0.5815939711461433,0.07792065257230416,0.08447501398863254,0.49843055088505195,0.11920103233871482,0.420577694569661,0.16789258084380318,0.2865568154585812,0.09539294954982531,0.01865479327839114,0.13018880532812538,0.4815112612932134,0.433257972804949,0.6007781509626923,0.354403236531674,0.38419280356824453
ig_lora,MS4A4A,0.24638903673204882,0.025581597367604056,0.01851554966330525,0.269798252633373,0.32026948051766124,0.2747327269420862,0.3904100865390055,0.2504637510327042,0.24239058994828433,0.11013650614666426,0.16348924059556608,0.12239183979979029,0.4132299783187766,0.044414319759287585,0.019967702966418185,0.3400908652595999,0.5490983029470312,0.02500085705383979,0.3813488847255673,0.3858952495273262,0.14652963741741498,0.15664625563167334,0.14485848712019092,0.08682324195302799,0.5876241828777642,0.5913204024185594,0.0,0.01933763643874127,0.47169954424929283,0.5458315895645778,0.3867905501186877,0.0159294204287068,0.3468802321297013,0.6184943502579904,0.42325451819586096,0.2608085198008375,0.5112061795147227,0.45947217406504115,0.10338342516823902,0.5510024014055955,0.32447478036902316,0.3545211808438872,0.17527913839121217,0.07468399137090001,0.0228615604942758,0.10902688076107118,0.6088985716196496,0.5905418118823894,0.0,0.11961492949855797,0.08916068276170723,0.023064870108032962,0.40228875485554944,0.1857811845890206,0.4013663082656554,0.41872121194168443,0.15729397353001462,0.6325144234921549,0.6249288874931238,0.42357935910085004,0.12122540214958288,0.1407154594778029,0.2357908984704096,0.5261695241093499,0.5207654770129988,0.4232400240119166,0.42900372297423106,0.5001773139501848,0.026900442086976395,0.4594534116241524,0.4429713127447587,0.43685849264577487,0.5019142051032464,0.07715535524052701,0.2866770728155829,0.01933763643874127,0.47345018679246587,0.0728408387148853,0.27883610637225803,0.4118109246615466,0.09678695164804384,0.09711779138728775,0.29407508174775276,0.4119465075874756,0.45481134545624347,0.47121755772587903,0.25956061624462273,0.08285323014866881,0.6202606922738496,0.21272000466918084,0.06698953928552585,0.5123794290096138,0.1367025139181939,0.3613823242152242,0.04523506333285122,0.23666171631763652,0.2295195358385442,0.1005740030644289,0.16906957909822162,0.32467312652603103,0.3774385366562265,0.2591223739382055,0.28336798682722153,0.27379727706454265,0.13949240039540553,0.1480421590842428,0.0,0.5630692437483623,0.6618939661915996,0.24191006253943112,0.024817457286276608,0.10622319137847688,0.48070793869476464,0.3295582028081285,0.35563991559977626,0.43939638232197786,0.0737100590207051,0.1207768773774427,0.18702095309127806,0.3494642947433531,0.30730439926141506,0.01933763643874127,0.025794731479863317,0.5556881964034761,0.34085245185959173,0.159988683429145,0.0351280481970996,0.1482295543801961,0.5101466275649886,0.0929036796693659,0.48913867908470215,0.47851351004342246,0.5905429549611416,0.06426875452398995,0.42670010206929965,0.21145216006293166,0.02425302654452535,0.4628987894502767,0.6149800529628175,0.6151091816948923,0.5546322391536879,0.08989073340465834,0.18154203014315837,0.10044117513926265,0.41879136709856174,0.40711294049147345,0.44469334902058555,0.2709289955077003,0.5632712536833112,0.14528910717623508,0.5749242508200384,0.23807284241008486,0.2835514602195163,0.4070423251590304,0.47617440850047565,0.43709427716655047,0.27869125248419324,0.41810363607228357,0.36700030189403837,0.5685325249676415,0.4575444039604893,0.11013747306756032,0.12186987119367561,0.4487455598896418,0.5546322391536879,0.4190677738731754,0.36909051090054135,0.47121755772587903,0.12602153465614152,0.08278635656367862,0.5373149813059265,0.16348924059556608,0.3753787910637489,0.16726259110290753,0.36040304514263305,0.13270287267343836,0.34847834108270265,0.02010903631882718,0.5948417457008748,0.172479335095386,0.18724833080044181,0.15997903610687372,0.14485848712019092,0.1615575164487746
ig_lora,PPP1R3C,0.020365124312169528,0.7506106298624214,0.018180318284092074,0.40673038583345394,0.32838533466638825,0.14824182886063056,0.5487167791181238,0.021665982978679492,0.42760612654930014,0.3108593718974027,0.024033011785229975,0.06498646284010126,0.44436625383200673,0.022932094788116336,0.018729380608369605,0.03539955611604053,0.02408444797621682,0.024528652960308883,0.041712523919251454,0.4259429043393467,0.023025050553208526,0.02264133166706377,0.024216035686939905,0.06241937589466367,0.024572534708592973,0.025045634002606346,0.0,0.01873148369878297,0.02594539299019867,0.024196312365222142,0.029778488035117727,0.03008084950366036,0.03917447296475577,0.024302089128016312,0.2014939489388637,0.023369493295157834,0.021833098750616443,0.021594982874170204,0.5563491750334421,0.022967492565274222,0.30228743371827294,0.31270512596716177,0.024133682350308466,0.09652641767837,0.7923440005015631,0.27012171186583434,0.023891087289857626,0.026150375384966812,0.0,0.023633949270952748,0.020758880876156925,0.020388788531540827,0.025944310342568604,0.579645222457957,0.43358240464830944,0.023551028302458497,0.47166676142169356,0.024485657697569337,0.023895902134820325,0.022559502595507562,0.4050775341332049,0.022892051274260226,0.4019816761167329,0.023784107047476216,0.02382311828099061,0.02537942177230899,0.025714452629286826,0.023240275484179358,0.651817276523788,0.5426148407742674,0.024767870539046156,0.02316221493914946,0.025103421809753727,0.5177263134069299,0.019416687810095166,0.01873148369878297,0.0328880945201359,0.018410758607939802,0.021605618587602574,0.4493256532062499,0.11033026338802959,0.1415059069334728,0.4708950054197176,0.02139161454656399,0.023726971026603358,0.02670496775289879,0.17254643862061206,0.4173013673606875,0.0236441554852025,0.24053897145599887,0.4355959803967445,0.025538676982866534,0.036690368359807816,0.02944131407713285,0.023332443066293732,0.0351765786082844,0.018717928467687852,0.023875319457052537,0.4692042761864277,0.4948548592607926,0.053176755418478175,0.5937465593742165,0.41307797634585947,0.5987603577343441,0.023496792405613108,0.6363592150478874,0.0,0.026461719869365987,0.023963876622922372,0.3944758902597752,0.6821094382732527,0.02909384062229931,0.4346409823697032,0.02091211890022326,0.021884811183849155,0.41113891598713814,0.018944529221395116,0.4501235555564407,0.024167712787262496,0.023556362040151265,0.48233470322845434,0.01873148369878297,0.651217373339662,0.022758649895047115,0.25291219627936606,0.024700087445063964,0.014679017545233741,0.0563594003996526,0.30322592039967333,0.02114274074854069,0.02032993417654595,0.03863013586247576,0.02620211769981412,0.09583454964847904,0.022646232035546075,0.49729428435917394,0.023941632834903862,0.022542249201639795,0.02269353803291525,0.036085541778801605,0.02668225109910609,0.1035120707964947,0.23140536219205987,0.43435193401078265,0.020178668397716062,0.020810914707729285,0.09854976004217886,0.22341573877741328,0.025681326144957068,0.47765251180438706,0.022115517600764693,0.504052926939374,0.49699636525720176,0.2937697113055349,0.021056738484428173,0.02291489965657013,0.017413748021638278,0.02349119907262974,0.01928279179246569,0.03657104550310726,0.40911926113516367,0.02043319650000135,0.38833857989303233,0.017690398535292695,0.02668225109910609,0.02074294020718987,0.021074624411140584,0.02670496775289879,0.5968313651346842,0.5090621712674397,0.022276616818879057,0.024033011785229975,0.4697527489753206,0.564051487978794,0.3485639197022844,0.03386294817055062,0.02620301783094462,0.018928657211401738,0.0202534744540255,0.023973646008659612,0.024504321826070142,0.024681831652195656,0.024216035686939905,0.024324142989113742
ig_lora,NR4A3,0.08896788817801289,0.022499721760203362,0.016523890239176053,0.2962319879287127,0.08412112976518121,0.20186677779300669,0.025370821013127265,0.5658788230832958,0.3850140805948546,0.5429514172723858,0.5270135250958139,0.18362903361239394,0.14125334524624975,0.051424274199187776,0.01777624106684432,0.12636597582032202,0.0839968333607008,0.021969563181508285,0.055843670506395424,0.3507507147008384,0.19174555376339808,0.34419059248035916,0.3785032575331212,0.6901493981372768,0.0824527068766183,0.11800552516770291,0.0,0.017029962842779408,0.024619998716353536,0.022765064079469807,0.03610458960675219,0.03751081219581911,0.28219083584339694,0.08586366559741793,0.14242687834651985,0.12082665004582815,0.10692869069418395,0.12586662167084062,0.4192032093581282,0.14068799791923542,0.19806747935971156,0.034926584423658744,0.5431448908007797,0.12342122058089562,0.020112476627902078,0.3995594027681886,0.12763618809132568,0.024444350951255772,0.0,0.4200245370273416,0.08520744600462785,0.021317502762504537,0.023960719660610932,0.06991573600849084,0.18866946993925976,0.13574375252052917,0.3862285849209216,0.09730967310809248,0.07619804643083543,0.020366054848220457,0.5745768739264003,0.5224381724337361,0.08076584860752846,0.062483976628770775,0.06298644525138819,0.07123194401914422,0.0642298597011003,0.0674517938360488,0.023635383198590636,0.024739216567133786,0.022919062755301287,0.028579082684995583,0.024164333956642463,0.4710801969775613,0.12752588977859527,0.017029962842779408,0.0884825332415604,0.10771408762871747,0.09810323960357871,0.2660021444097126,0.420121809787938,0.40781962424385243,0.41466488025107245,0.11850398876304016,0.10517352317662935,0.02434448923175184,0.13661040569009608,0.4667637950701816,0.12811539207235084,0.10743724172743935,0.11577337650043386,0.024093227105625774,0.38684556093035266,0.13226516539602481,0.06968748583912916,0.1599829745495644,0.01770482371034023,0.26663350412234815,0.3990879608644818,0.4446204523193088,0.18869821719031152,0.024042118723930788,0.23924949749960772,0.07652241033490126,0.6219617850169885,0.22649669952901014,0.0,0.02461062174841174,0.13827337278955126,0.45820959652027127,0.02211310431524157,0.28826715914788265,0.49062960121507887,0.26170859384649525,0.3199053858539891,0.11677939385063067,0.10836343095721007,0.30110950707467465,0.6686819262440362,0.6678404362922291,0.27636416151062243,0.017029962842779408,0.34286397151441944,0.15183576515420721,0.24620846219287373,0.640118260267811,0.04243802947425814,0.6440854854457387,0.3452237424895001,0.5903962653789413,0.06151219403976403,0.05047818267028952,0.1124312984525911,0.5621562169196618,0.12690555193382083,0.05315701088990341,0.021533202963538767,0.1084908074107999,0.06727402869836474,0.05494029144014211,0.024903717446428674,0.611973089426861,0.13762438729009274,0.24425901475818595,0.19277697182020334,0.08842555013520823,0.13311134663163426,0.6006649716091028,0.024086522064756644,0.35203079716136215,0.10921670092468998,0.5152225676233351,0.36534599661593603,0.2900810458715795,0.09036192943652256,0.13336422713843418,0.11358719342867116,0.07385564414127478,0.10056437937659739,0.04731194149618997,0.16310733524501678,0.2393688405025378,0.4767915977208541,0.10504705107094714,0.024903717446428674,0.10129651055356025,0.1444351253268741,0.02434448923175184,0.6072837885936411,0.04746527784554236,0.08527832683658897,0.5270135250958139,0.0687234993312657,0.26486137094754025,0.1253871845131199,0.04273196913434364,0.09678579059104654,0.01777674606532333,0.1321372437596422,0.4211272460618811,0.4577676608857045,0.4819739608810953,0.3785032575331212,0.40869922071505765
ig_lora,ETNPPL,0.2788763911311779,0.023780510531154878,0.01699732283055795,0.7308302430760859,0.2647920245776942,0.2029070619455736,0.23243479690157795,0.13776623066315843,0.23136124242364042,0.1119712299398836,0.1928069563281166,0.7731017157921769,0.16371238855308362,0.04592070743537204,0.18791453220642382,0.20609792064433802,0.39195162023908153,0.022212247729398043,0.24202064655621328,0.2385679683647051,0.6139135714943933,0.17253776950559693,0.17564604555378235,0.08600702650116063,0.4380997121315039,0.40992695503604376,0.0,0.01807228393013637,0.2740125224721655,0.3293059697686595,0.38326852213235296,0.11389441320402355,0.44452929735841207,0.44563933312962456,0.3018680640305741,0.2273703665686375,0.32558699506222505,0.5468851418565884,0.10443676659413853,0.2940708765107498,0.23338375884494664,0.2241513550787975,0.20661159552326133,0.07590163981664104,0.02047342246963551,0.11042249206104694,0.38969649005197804,0.396151811797673,0.0,0.12507759828673182,0.052772148591422575,0.022909961223666647,0.2561314265126339,0.13602773284135392,0.18011319509933654,0.44473874737953817,0.12542625774642266,0.479118221534778,0.4678197162603745,0.1860370970535485,0.12577632663875413,0.14926461245300124,0.18787153397721434,0.3756944175502456,0.37418776860269953,0.3279292064321397,0.3353375261517228,0.358272797959998,0.02613933243580106,0.2967449471888075,0.2544546546137049,0.22187950470337242,0.32948238098325694,0.07334709895088364,0.20471209133159451,0.01807228393013637,0.28080439176747923,0.2107828082797492,0.2241608090754415,0.19791071408327804,0.2117491926884398,0.22768447009494053,0.17250805153054424,0.3192424646436753,0.3464164138073988,0.32268888006803303,0.2038400470365034,0.08076511675423614,0.3260962810535182,0.15958305026045244,0.6313287605530383,0.3435210828962621,0.15385884684469536,0.5596475936284075,0.15812145185361176,0.4166059059942424,0.5637118433699626,0.10108004879322803,0.0908670597903885,0.19153276590746077,0.6513045376295606,0.14805875754081632,0.18221969366321566,0.10125351045850463,0.14687351871694487,0.09792122901814829,0.0,0.38603685314534253,0.34814179647328586,0.2747996145100193,0.0232297068301945,0.10833714108476329,0.23718267259639833,0.23494177026755375,0.25467394212932815,0.5010476791492566,0.07544807702846613,0.1259880252459151,0.21511403771686383,0.2071298438674787,0.2287262929398151,0.01807228393013637,0.024665051626316953,0.30227721997647505,0.23095570992674042,0.17805678517087825,0.039605480280031094,0.16123243935927667,0.29864189740896135,0.17460880022835115,0.44019854996931207,0.31555037022777055,0.43883736691528996,0.06101839109032692,0.5552846496946934,0.15095707279910203,0.02143545826110988,0.29411013561719823,0.42663475763096503,0.39979690384765854,0.39943333306170686,0.08922860127910957,0.200575171618477,0.10096886544835644,0.288598915586069,0.25376813963365596,0.24731980743615106,0.1720843721095356,0.397568266895545,0.3527823459465919,0.3363809521201245,0.1418724276927179,0.15856841479484315,0.29088163336922307,0.35801559688588197,0.298215290034635,0.17027073316425687,0.27841003966652955,0.21438147133822805,0.4131149110508866,0.2142743017305196,0.11269054039089439,0.12569503883136107,0.30307814179780423,0.39943333306170686,0.3106330308268773,0.2872577233371885,0.32268888006803303,0.13416357878723126,0.046126282046584456,0.4065927581503881,0.1928069563281166,0.20041719992585022,0.11489637169402078,0.32190773028345837,0.06645325296967179,0.33968379136823446,0.019531849514838114,0.2973388508198686,0.19983497703537065,0.22738181312904293,0.1780443814708152,0.17564604555378235,0.19781851737175118
ig_lora,ID3,0.10318074677411211,0.23597356191155824,0.020026903242824388,0.24059527189506102,0.13600777232577146,0.28924791605457745,0.31568457276729733,0.5524997073892816,0.5192568174084302,0.6902658795586394,0.5424433202436462,0.19212038227779604,0.15967329347501596,0.28191440711869775,0.02074505573391172,0.12383515975100326,0.09791648155173212,0.28257197575849763,0.02223631310650492,0.40771531322439114,0.4077831020148598,0.5885278019560644,0.5431360857824613,0.7269949646077835,0.09553094883540024,0.14736106252534958,0.0,0.02108482142921698,0.2831646421093171,0.026282441402322415,0.020910256485577865,0.015611423968197731,0.3061015465528364,0.09798344098658816,0.23633574009683966,0.12463162247234497,0.12344640499999955,0.14273995012079457,0.5653397979646947,0.2630898855016238,0.3194210881475524,0.052377061345504974,0.5623512757695374,0.18897874444640556,0.025628026524561077,0.45928546423051797,0.15285643251392336,0.029522910478469614,0.0,0.5985976787221947,0.11334068839365002,0.03608099864527618,0.2196214676828907,0.08889417706189727,0.30640768464398016,0.16579463260574087,0.4648206583293466,0.1117370699150435,0.08682547811846758,0.025420508976206853,0.5353220791762502,0.6268419023101569,0.14494076235457728,0.05703358957542777,0.057488607980929196,0.06169346957794506,0.05431592843905872,0.06237484765145129,0.3332322995536316,0.1368367651546496,0.027178882583472418,0.03371077153495945,0.1478924251433014,0.4098200053039159,0.22983074360665426,0.02108482142921698,0.07470719101718085,0.13655545381569342,0.23068129831837184,0.5097867969937179,0.42541395371640234,0.34527661478937854,0.4972452371256296,0.1338008714956511,0.13106884990506645,0.030815595616848705,0.1623932771004769,0.3630140253837227,0.16010459474338026,0.2022700115454144,0.10590502034470022,0.02843375031367384,0.4741226261768654,0.13680816685818376,0.06827920988999747,0.14347355579129778,0.018964707810947334,0.6409787384508834,0.47848324892169286,0.39438896235390786,0.20688227589668434,0.17973567642597982,0.30217856272489185,0.1745514936378378,0.6177563939523883,0.1837665210103828,0.0,0.030150055322357285,0.17082477671656598,0.5815580080061419,0.1897773367133805,0.5009888296412266,0.46470883109508804,0.3092730841228799,0.25225159638049643,0.13137787173445817,0.1374031216347416,0.5750932558430538,0.6709455526381383,0.6694830394171494,0.3831674383818328,0.02108482142921698,0.4111737397943583,0.17924165059965885,0.2863415182129804,0.8151935627140663,0.05703188921306494,0.6209584023627371,0.39261241672647973,0.49616291235584753,0.06569021313692278,0.05811531043916375,0.14230561020393004,0.5686543185766962,0.15193618741792583,0.12033709101929176,0.2559132840753873,0.20431014700032454,0.07616337740687576,0.025914512212069796,0.030552153780530833,0.4507737286473659,0.26224592258018786,0.4416704215281252,0.15709743152778607,0.10306275154649157,0.12630122748142814,0.6036009444419023,0.028716040268842613,0.5746563069264161,0.12428400667919835,0.6952662514404762,0.48945299293405486,0.32310892211818976,0.10107418515563658,0.16122296454733168,0.1580063012284403,0.08852993346279986,0.11149781568069195,0.025199196468894146,0.24965356013157367,0.4202334045748568,0.6051656290492999,0.14329395509814638,0.030552153780530833,0.11624753168814288,0.168143829646947,0.030815595616848705,0.59502674817834,0.09333803213604944,0.09377138914429085,0.5424433202436462,0.1511538650400678,0.5419693640417471,0.2203605481051674,0.38348886870540544,0.09435774438544324,0.02117743298208439,0.14525551157698913,0.7027024206843381,0.6076637498569041,0.7068134526306187,0.5431360857824613,0.5689471514122385
ig_lora,ANGPTL4,0.6790876481626816,0.020122494920849904,0.8725203501796144,0.017728713566903646,0.016523039072390843,0.2748713197592377,0.021393722287138706,0.017905188270653086,0.018906336675066495,0.01822366055573074,0.01979619110159411,0.013216102566837291,0.017719527972276793,0.018728677950248393,0.7682047680501576,0.015774243163570498,0.35994520656993756,0.020148357764876827,0.016501076410050136,0.017123552923373666,0.018851726625501563,0.018515434283574043,0.019946893245565048,0.017202035886522336,0.019893565491387703,0.020170206821926887,0.0,0.7771945516390631,0.02095914205067112,0.019472535968617394,0.4004052797517377,0.6808884159733847,0.016833314580184,0.01973292609643203,0.018064936275609247,0.4805943312186041,0.01767514670034765,0.017586866960722956,0.018967853962172536,0.01861562852769469,0.018828390808502512,0.01671166225763432,0.019893893990634168,0.2857495273096174,0.018793982379039585,0.017324312680701812,0.019277523513199175,0.021140003687594697,0.0,0.019425277291794846,0.834142244146822,0.9134046168474653,0.020886986881992316,0.018702820212942357,0.018733146553967794,0.018860706549841205,0.01838158387753993,0.01985883276868497,0.019383800832880042,0.018769379021492196,0.01692156337501338,0.018836412832917357,0.016487516928338244,0.015489560938641667,0.015462263357405425,0.014289613008865634,0.014469129488763041,0.015176872803932432,0.02035477045439281,0.02059839255800186,0.01989882462387603,0.018496701553461406,0.4529301471577848,0.01513570831716931,0.015577806065901909,0.7771945516390631,0.015584594689600419,0.700746312691065,0.7362717097569913,0.02000703689138184,0.01370518443342565,0.011589383795139328,0.01781177048974668,0.01733798842971455,0.0189500781490861,0.0215725344212918,0.014337584853918242,0.011842077999658758,0.01892673460202629,0.1568896510582024,0.013308087132764348,0.5012898662991434,0.01719125429560075,0.01622428352101257,0.7541390510319408,0.014282428640061181,0.015091496177209219,0.01957454302828298,0.014847854864893576,0.01826646693717313,0.01760390058544066,0.020138635184094908,0.01849033567423674,0.018208172814201215,0.01937811282032678,0.018390484026622283,0.0,0.021389570389829676,0.019243064721020123,0.01973359800977325,0.01939978949237093,0.01753240782667065,0.018986374078047635,0.017238173330875625,0.01750874835111171,0.01893183032912818,0.7583460962788156,0.019293301316423768,0.019938818656896926,0.019444845616575293,0.01852426179876462,0.7771945516390631,0.019844567745213343,0.018306937120756053,0.01667255901780455,0.020348248668623496,0.013239249320978112,0.01854315375223156,0.019033292708692175,0.017385402641485533,0.01674533902424336,0.016615293934958367,0.02118338916380636,0.014966760778276916,0.01816107973512207,0.018357286625703215,0.019587039427222012,0.018177451608735944,0.018401361063798076,0.019144266351367473,0.021578550128740527,0.014127478527504627,0.14157569713346765,0.01876314126331802,0.01661638486690668,0.016583527855350336,0.015632553204270493,0.018505399759736967,0.020705678549459716,0.01867937850641698,0.01788381450144364,0.019808240515677214,0.019332502733472215,0.018074942816487753,0.01705766093188636,0.018334186412846586,0.014483489356549415,0.018837107309361757,0.015621630769489315,0.018505925217073574,0.015396660927828562,0.016658117724321627,0.01854785494238318,0.1283091133220522,0.021578550128740527,0.01669140884322975,0.01696112072809839,0.0215725344212918,0.0198771058331888,0.016369811780867518,0.01819904176780763,0.01979619110159411,0.018540111541697997,0.020286049807930927,0.01638652536514328,0.01800089874395209,0.4751923433050961,0.807799653456238,0.016556519269372738,0.019622455018048924,0.020228644929485746,0.020322119198050007,0.019946893245565048,0.02005646334486754
ig_lora,DUSP1,0.09801208148248969,0.2825811423343257,0.02004880130676829,0.13730544686230567,0.1342455178312284,0.2650577776186343,0.3567171194023864,0.3294477634785093,0.46282816744399957,0.47024396118342027,0.5684415915848395,0.1938379390098332,0.15804892852180755,0.3194672768250491,0.020870700930655548,0.12095554676258402,0.09179856121552585,0.3558098402583242,0.02145875895460877,0.3317737237718822,0.44618122893275663,0.6105198975245959,0.5804744064238276,0.2675846588330012,0.08947716444698173,0.14277828584889124,0.0,0.021373936297752017,0.32235047223049285,0.025992534079742183,0.02035125723845962,0.01540585549263206,0.2991727058726878,0.0928783145820682,0.2301195002021625,0.12260432468167144,0.11856434082524235,0.14000441703817834,0.5056978151343989,0.27127472117584245,0.3149412077214769,0.05320607781964916,0.5896056961753297,0.19358626051499794,0.02608930126969688,0.3669186399053714,0.1499984703482286,0.029716758506977883,0.0,0.620480812994475,0.10676375764608603,0.03620479170988212,0.257854411955134,0.0851630920040439,0.30731683331113413,0.16870159019718128,0.3364023695184652,0.10566183944301866,0.08079052147493758,0.02565862918028572,0.3194415033681758,0.5278939053212203,0.14341320160504598,0.05387265480314091,0.05429766123582521,0.05919537060366622,0.051636217030547764,0.05943191782399289,0.380461968714328,0.14824518818969964,0.02696590529377213,0.032939053502925336,0.16194368147525756,0.22078501239913545,0.23547760646792038,0.021373936297752017,0.06809803489426806,0.13339503385243381,0.23873609310636118,0.5189571036507254,0.3104751408675842,0.22100068025178082,0.36506516437978603,0.13026003084026752,0.12673406406879548,0.03140530794064235,0.1478563269680842,0.23540815959336886,0.15841404064744788,0.1959646812304972,0.10103865189981699,0.02843021246628918,0.4864567587047025,0.13244040755959205,0.06505227123997749,0.14071772195862997,0.01833190524356555,0.676115307842125,0.4086953930080798,0.23483376379983803,0.21005787541911536,0.19654444643756933,0.2026120649455499,0.1748243584477268,0.5299553159335026,0.12597394183385136,0.0,0.030488717122493913,0.1707864310522267,0.49196154295228295,0.21703365116409312,0.5120385536704033,0.32430988814895584,0.24893790175154246,0.16370763651428116,0.1280261568444334,0.13438397964132337,0.5921987525204476,0.583788689882409,0.5050371386358687,0.3808342738654247,0.021373936297752017,0.20317822913964922,0.17899316957400932,0.20689405460061414,0.6951833885174806,0.06011222785532512,0.4411304324702739,0.31913144714525865,0.2559928372498228,0.062027253459398385,0.06123726455679422,0.1395072644189526,0.24524683500552624,0.14883434120888123,0.11920932676359505,0.31333174259195795,0.1991065994923042,0.07073705154583079,0.025615425846233997,0.030971235272302174,0.23578185064167784,0.2589216884150241,0.44390729722968775,0.06972864706966987,0.09565411560890784,0.11952150968930804,0.251255760259949,0.02875925592670402,0.5926635590951499,0.12005479833974789,0.6220440838795054,0.3913876428337024,0.2683697981290438,0.09552052755648534,0.15867555757283197,0.1572064395635288,0.08436271909604362,0.10711629038927711,0.024873441483616147,0.2553245051139274,0.4209976412915613,0.46384014371647214,0.14216724141446452,0.030971235272302174,0.11056451528334402,0.16899134124752976,0.03140530794064235,0.3877641617422952,0.09504690856653596,0.08875248450434578,0.5684415915848395,0.15010442654917977,0.5542911094354552,0.22347600498741643,0.4311221245315789,0.08811563561934799,0.02140453680517667,0.14348364494669244,0.7510543178970922,0.6467061071207489,0.7460431079936597,0.5804744064238276,0.6080709483808782
ig_lora,PLEK,0.5034723868641412,0.5015414225117739,0.20096312379055076,0.23573695982796455,0.4397586322823777,0.45140865101494687,0.7065069575243884,0.02358691322002696,0.44153664699340833,0.25253759311840185,0.026106518641876228,0.016177443790440935,0.27784594258232403,0.2583969221006279,0.4745243343074414,0.1879995066092782,0.543452364826113,0.311859365388238,0.29424989911885163,0.43063765724836706,0.2000004457784535,0.20349678841206736,0.025645738365350966,0.0742214510445683,0.5030315577281578,0.3668591498333618,0.0,0.323049022327903,0.6500619136755207,0.4733066176760541,0.39879733991792715,0.3536331250173362,0.19226592219452213,0.5365431597859687,0.4797831963549813,0.29544925131414734,0.28656516101635426,0.290361447751921,0.4692094578031954,0.33390218966517204,0.4221429412578102,0.37988829581068867,0.026527898799495037,0.1674322693747842,0.22938376515160352,0.1903397300533507,0.3327119804389483,0.5020170701323458,0.0,0.2799473765497458,0.84384737394076,0.9049816129741419,0.49983406126981306,0.6711059398350259,0.3795047099540248,0.24958189153760724,0.4569152153453865,0.5442847900764177,0.5520966710089641,0.2941666949858801,0.09075527262474897,0.1577670561435973,0.4679284406860674,0.4323694588746893,0.42558898862797817,0.3660466756023411,0.37750176948939257,0.40305592795918854,0.5886320598808664,0.712421002280196,0.33855301280046757,0.3386573129471419,0.7110168476927815,0.1562330789829937,0.23043647620955118,0.323049022327903,0.3706461263001032,0.3692119769121863,0.5096026822616467,0.4471882022278169,0.09110145847045806,0.014893038899034608,0.452562857525663,0.2908859202551867,0.3168976942276932,0.35225133213304605,0.23430664988476985,0.0998889873773551,0.28040407562237013,0.3904618913571967,0.12586859019346325,0.5549468182676269,0.02148445340510088,0.22804184894670834,0.33840324371425146,0.1392940131771255,0.17196013412602118,0.3524512397203595,0.2461894895451363,0.3788726075564567,0.1900419770090435,0.5996440136156973,0.48278963655304463,0.5980124345641586,0.17292065026409315,0.5844374766574886,0.0,0.4615017858148553,0.2875413884040844,0.4175794399833957,0.453934739815508,0.201821010629574,0.3189099414680706,0.3247082846122051,0.19716882871364308,0.4671317823638197,0.44000588943268065,0.3366592212146001,0.027024805196004517,0.026230157796247402,0.43285541665286414,0.323049022327903,0.4244003901418048,0.30950657284629507,0.2862872223714072,0.21839725130530252,0.015550958003697225,0.02468612099264236,0.4424602697569699,0.022298879518086713,0.43836697300221505,0.45159288600796205,0.4482167616635016,0.10839087185353544,0.2858015493102905,0.6109381257782138,0.27907218272858725,0.41218962346257554,0.5461802050401805,0.5583400502529061,0.45153078038478545,0.018396684866095473,0.4211873793598066,0.34652792383619657,0.3164710627103127,0.2399285376320955,0.229961371333791,0.2263039687561859,0.4773606369603359,0.31189537302179077,0.3364017360676957,0.34749618254681164,0.5644099699144192,0.4451228529292576,0.38580373038190163,0.27241768499296093,0.16753236974465238,0.2975672324675211,0.19805500699479966,0.5158508356900215,0.30505941689845406,0.16599597312414338,0.2958699512096416,0.330830550272107,0.45153078038478545,0.3049659274325987,0.21023306634208438,0.35225133213304605,0.23215984712171156,0.4642209237210968,0.4629034934494616,0.026106518641876228,0.5862966015775145,0.5315541863617644,0.3251359552604101,0.4717148160197311,0.40826142774394786,0.4748417819271617,0.26969062364379587,0.2021304939860435,0.027150468047519413,0.2659187315392693,0.025645738365350966,0.026258776384012184
ig_lora,ADM,0.7637323255012733,0.11230253568990889,0.7151513294994332,0.16842319537477796,0.047449921903887145,0.34663192489317757,0.19852409885068456,0.02145335441440034,0.15393287074763579,0.15288072035733488,0.02234630984854942,0.131494831705852,0.021241247903586596,0.13585683395867493,0.8616196298917069,0.01863431360209218,0.44461395405030757,0.12377211383518595,0.0198894992458226,0.09448984507752307,0.09777912181502917,0.1170683119667572,0.021769657065807937,0.05076736329999998,0.024003976612708137,0.023414269752352633,0.0,0.8160536751673808,0.16971650676562183,0.022778080427049343,0.4493839701196191,0.5719608527389141,0.020336566680241242,0.023946933372665874,0.09303620319569882,0.4252586172796232,0.020874116693508672,0.020917900733871106,0.1662823434551804,0.07462829034151147,0.09963741892550607,0.034839492911573844,0.02267248129245823,0.4079408495156724,0.020403238554230912,0.09203934400619877,0.0227112799427926,0.024257483273829414,0.0,0.17556181342774388,0.8540385015794065,0.9230828623264522,0.10844636792405504,0.036589203016864,0.082973626097122,0.07241405377798164,0.11563448427144295,0.024082951556962426,0.02348233586289763,0.020620273618589795,0.020404743668767693,0.09886572435192222,0.05859260511559287,0.019203309166914536,0.019169648164686793,0.017673707011209572,0.01797015506568087,0.0187307310725503,0.20532944852408497,0.08111663254392384,0.022879935107563386,0.021426121075592917,0.5932556652577533,0.01834116520654921,0.06461335298231637,0.8160536751673808,0.019144128986823824,0.8206876571849397,0.6949147007362673,0.15555011799554597,0.05696013240891083,0.03304632225253121,0.11425121707695172,0.02082406797590744,0.021905003100407792,0.024078143884446308,0.08293209517923641,0.014903970978955806,0.021775496037740854,0.2766042277862231,0.21619017576537164,0.5857012010192351,0.019727134626107548,0.06172363056823848,0.7322946507915192,0.01695402916667356,0.32482569901494945,0.20437599779428905,0.1165952271086048,0.0218954546606449,0.020727542596538154,0.11197271303684227,0.09889019637218648,0.07944975249261642,0.1159659475198448,0.023150534184264923,0.0,0.02438305610283007,0.02233664764376555,0.14876801986673238,0.09851583198443188,0.11597865584915446,0.02281996864089761,0.07676438355592331,0.020554836065998505,0.022941395871619055,0.7934079240531666,0.16429865648995198,0.023221290086896575,0.02299448490948782,0.06743528208541685,0.8160536751673808,0.0955823716445219,0.021677345354426773,0.07121776157137952,0.12344935131760836,0.014128314347805426,0.021914633474992878,0.0755308802329099,0.05750964022638308,0.050070994705843315,0.03904320861828613,0.02455910207046754,0.07965098827452971,0.0212908384246767,0.07261602510077761,0.11703542290344898,0.07676982422155605,0.022168970086383074,0.0227788031204792,0.024651121741612436,0.017476477500764018,0.3024604651618387,0.1349133605891265,0.0204033152459527,0.019595152176499146,0.018626286700149555,0.055428234055186106,0.023955945487322522,0.13961129403077094,0.021523969335960052,0.15050788621940128,0.13734668418611096,0.07553617336617559,0.020595986553339836,0.02147709633357787,0.04017156164428279,0.022147564835965004,0.01874346581326088,0.02255273815351161,0.06618898276971333,0.10133619600225259,0.12854968400794475,0.1931177700264658,0.024651121741612436,0.019766469772848384,0.01992890247310852,0.024078143884446308,0.023229569024344487,0.04997430706505318,0.022283921490279097,0.02234630984854942,0.07263812525435251,0.18235230783535278,0.06305207521227439,0.25359759537796533,0.5629155591628203,0.8340799465712055,0.020002401820929324,0.09893666201624418,0.02289864210197608,0.15661873358468167,0.021769657065807937,0.022193026454370993
ig_lora,SERPINE1,0.7314734723782124,0.018156141574658054,0.7018447079833486,0.2020267337085154,0.19269033823860443,0.5335677453689955,0.119934219059191,0.07514599464345834,0.09411517768061409,0.07607774335608518,0.06272205841469707,0.16097014916146174,0.1350436957069919,0.0246998079701465,0.6306829557095891,0.10227005458972206,0.626256516112687,0.017550465838806102,0.15098253519259136,0.15227776083734915,0.06465913627728839,0.13702506032620104,0.04298799148911387,0.0665399378788051,0.3104515029815061,0.15856998928310942,0.0,0.5535890673363557,0.1335838901994801,0.19761342292307316,0.6670947903212521,0.7109595375971579,0.1762302587308174,0.35571667666505374,0.3259475842614789,0.7365885416149425,0.16924447978960483,0.19574974427443642,0.06811156561986721,0.14889657592058905,0.19871387526633738,0.18233870370613361,0.07191081438681092,0.34136632453165516,0.01634059384947852,0.08125699461401623,0.1759262459582344,0.20530442544890548,0.0,0.05598684053952035,0.8079696416428733,0.877214347751665,0.09160414225092905,0.1342607523359417,0.16431378670667748,0.1678707888989908,0.10652892827318966,0.3747463398953801,0.36626144393521787,0.09056448596479894,0.1378481058157095,0.07595151748857343,0.15104991915511046,0.3777765997404403,0.3700184321322203,0.3815843895545173,0.37046201479036167,0.3777491853081545,0.01935459461362738,0.21062070154011048,0.13479708399961782,0.11759435387910422,0.602955839689014,0.055690168701496616,0.20917191173234037,0.5535890673363557,0.2383518517522132,0.6622222097728248,0.7733658123979793,0.09719282946961681,0.07709666593282702,0.10784936452146049,0.13746340041369787,0.26914655912337543,0.16812526212147863,0.09809543020839197,0.19240716256280516,0.08543533700679586,0.12911782110859457,0.2742188881075792,0.19953684438812633,0.5862363589818501,0.06760487776401088,0.17213531322622308,0.7635889548193575,0.13265127470364835,0.32781156373876447,0.038602624968533124,0.06608187272447798,0.14076449011314254,0.143335416398066,0.07443352411051031,0.1657169346751884,0.07433656534389041,0.0789839678953372,0.07435154339951074,0.0,0.1693482133062757,0.14213570669615935,0.1176922931537853,0.01828454242050049,0.05811190966852949,0.15748466867185934,0.22641963201048548,0.163120767988775,0.23054421560223592,0.6475294209182019,0.059850397276583686,0.08718435786694356,0.09611688459858989,0.13323880534585428,0.5535890673363557,0.018870167180833106,0.27718640769145136,0.2011880791018412,0.07497632415410914,0.016498963205907397,0.08407179846249836,0.23531758364204103,0.07234512144027118,0.3949093642933673,0.21930943052808247,0.2512624891416816,0.056928563710951584,0.15428511025110417,0.15732137245278482,0.017448828755289886,0.21056931888871278,0.29371401694299903,0.282703843822381,0.1597544891821904,0.07433010896728356,0.27731672369934923,0.05493874940471546,0.2650547749579055,0.1252641802141562,0.12451324733630922,0.14029007539471028,0.19892810644828304,0.0896408963623807,0.21856667925786175,0.061618729242643264,0.08464130762573109,0.2167723508980767,0.3061792990459806,0.21286686381542114,0.21242601431276897,0.16216423648691058,0.20842564655334894,0.30169978948788173,0.1657375331753391,0.05831178191111093,0.07030720836723686,0.4159563930367319,0.1597544891821904,0.2256975697772169,0.1950900031714089,0.09809543020839197,0.056157395447380826,0.040132681528671166,0.35356592821634986,0.06272205841469707,0.15238070087414118,0.05694409022658719,0.1910168720064066,0.052006489742952036,0.7082206138512263,0.5987847865429855,0.2564592934958203,0.0735730188336273,0.07416961226766755,0.07496242778123494,0.04298799148911387,0.054326762681315206
ig_lora,GADD45G,0.09801208148248969,0.28258114233432574,0.020048801306768282,0.13730544686230567,0.1342455178312284,0.2650577776186343,0.3567171194023864,0.3294477634785093,0.46282816744399957,0.47024396118342027,0.5684415915848395,0.1938379390098332,0.15804892852180755,0.3194672768250491,0.020870700930655548,0.12095554676258402,0.09179856121552585,0.3558098402583242,0.02145875895460877,0.3317737237718822,0.44618122893275663,0.6105198975245959,0.5804744064238277,0.2675846588330012,0.08947716444698173,0.14277828584889124,0.0,0.021373936297752014,0.32235047223049296,0.025992534079742183,0.02035125723845962,0.01540585549263206,0.2991727058726878,0.0928783145820682,0.2301195002021625,0.12260432468167144,0.11856434082524235,0.14000441703817834,0.5056978151343989,0.27127472117584245,0.3149412077214769,0.05320607781964916,0.5896056961753297,0.19358626051499797,0.02608930126969688,0.3669186399053714,0.1499984703482286,0.029716758506977883,0.0,0.620480812994475,0.10676375764608603,0.03620479170988212,0.25785441195513403,0.0851630920040439,0.30731683331113413,0.16870159019718128,0.3364023695184652,0.10566183944301866,0.08079052147493758,0.02565862918028572,0.3194415033681758,0.5278939053212203,0.14341320160504598,0.05387265480314091,0.05429766123582521,0.05919537060366622,0.051636217030547764,0.05943191782399289,0.380461968714328,0.14824518818969964,0.02696590529377213,0.032939053502925336,0.16194368147525756,0.22078501239913548,0.23547760646792043,0.021373936297752014,0.06809803489426806,0.13339503385243381,0.23873609310636118,0.5189571036507254,0.3104751408675842,0.22100068025178082,0.36506516437978603,0.13026003084026752,0.12673406406879548,0.03140530794064235,0.1478563269680842,0.2354081595933689,0.15841404064744788,0.1959646812304972,0.10103865189981699,0.02843021246628918,0.4864567587047026,0.13244040755959205,0.06505227123997749,0.14071772195862997,0.01833190524356555,0.676115307842125,0.4086953930080798,0.23483376379983809,0.21005787541911536,0.19654444643756935,0.20261206494554992,0.1748243584477268,0.5299553159335026,0.12597394183385138,0.0,0.030488717122493913,0.1707864310522267,0.49196154295228295,0.21703365116409315,0.5120385536704033,0.32430988814895584,0.24893790175154246,0.16370763651428116,0.1280261568444334,0.13438397964132337,0.5921987525204476,0.583788689882409,0.5050371386358687,0.3808342738654247,0.021373936297752014,0.20317822913964922,0.17899316957400932,0.2068940546006141,0.6951833885174806,0.06011222785532511,0.44113043247027395,0.31913144714525865,0.25599283724982286,0.062027253459398385,0.06123726455679422,0.1395072644189526,0.24524683500552624,0.14883434120888123,0.11920932676359505,0.313331742591958,0.1991065994923042,0.07073705154583079,0.025615425846233997,0.030971235272302174,0.23578185064167784,0.2589216884150241,0.44390729722968775,0.06972864706966987,0.09565411560890784,0.11952150968930804,0.251255760259949,0.02875925592670402,0.5926635590951499,0.12005479833974789,0.6220440838795054,0.3913876428337024,0.2683697981290438,0.09552052755648534,0.15867555757283197,0.1572064395635288,0.08436271909604362,0.10711629038927711,0.024873441483616147,0.2553245051139274,0.4209976412915613,0.46384014371647214,0.14216724141446452,0.030971235272302174,0.11056451528334402,0.16899134124752976,0.03140530794064235,0.3877641617422952,0.09504690856653596,0.08875248450434578,0.5684415915848395,0.15010442654917977,0.5542911094354552,0.22347600498741643,0.4311221245315789,0.08811563561934799,0.021404536805176667,0.14348364494669244,0.7510543178970922,0.646706107120749,0.7460431079936597,0.5804744064238277,0.6080709483808783
ig_lora,SRGN,0.5737321850679215,0.016776711295373163,0.4001080905219554,0.22905597793895327,0.17089687230570824,0.3340933749188538,0.018542056869476,0.2829525604968092,0.11699565549231392,0.12035301570997345,0.18166340779158274,0.23242569975413077,0.3704489903231418,0.042512362762967805,0.45880418709362353,0.27364968208886165,0.2293615576200767,0.01634957289759601,0.01470249075670742,0.09800294163981459,0.15606392615499778,0.3088749404680669,0.17479079987694046,0.09611639244784079,0.09714450289186137,0.10614253806851494,0.0,0.2990879753879383,0.018054460229589734,0.017078975363639382,0.3052802515418523,0.5913513098833125,0.13841084242040277,0.12082697581313255,0.07993489260054505,0.6597850118223579,0.09339469559755541,0.10494112372711714,0.11931037053486118,0.11655909111734428,0.11610904678828839,0.021572553008915807,0.18875670109854337,0.19039279618685412,0.015396727133281751,0.1161064062544796,0.10988460189979225,0.017891489751257674,0.0,0.1394972816771202,0.7847626392030612,0.8644604466548145,0.017514225905992654,0.0491347814841603,0.36211084504069485,0.4357008998334205,0.11866697895674297,0.132618395361178,0.10017115903129903,0.01558384607589939,0.1666824341837966,0.15279418529321712,0.11987472338486611,0.1462831131478858,0.14783295704296512,0.1161894142305123,0.09781121036076253,0.1550393866048397,0.01760203598928442,0.018392639955334,0.01706097219709959,0.025639433803042858,0.1999183419751126,0.1002027272001001,0.23789441352836252,0.2990879753879383,0.06234770763082235,0.5149692588490289,0.5321375971391136,0.13875471267097816,0.1125320939911848,0.12245575631759763,0.09912724547347922,0.264031596214285,0.14213723781978055,0.01760679143846731,0.2471527056294182,0.10185876130560809,0.32005938200734113,0.1313828996592569,0.2528746024193451,0.1908739612452272,0.16323877659877453,0.1380968734433408,0.6219757476033091,0.10463921281341387,0.28106510025424447,0.1301941161474104,0.21893173825563922,0.10575161863353441,0.14069723702105547,0.017918777846540897,0.1138925731357825,0.17730429433796113,0.1496518812296296,0.0661075894293137,0.0,0.017905124189866155,0.3495932447913248,0.13761866510057866,0.0167004144964115,0.13113878155040928,0.2910515634105464,0.08087909946537372,0.34388791409355773,0.09773100778282151,0.49586863333801895,0.13816955097972128,0.19469471802091326,0.3737826438350381,0.12236873751129543,0.2990879753879383,0.01718901474852009,0.35593642747418414,0.3383841937325855,0.17254882248109624,0.0377593769445404,0.16258738801984102,0.2000692411963821,0.14773805953733923,0.1629431949992225,0.014999630017185841,0.13293928366000946,0.07781398162739381,0.10940549801275341,0.07449228582516994,0.01616600819855995,0.15950348106714068,0.160534430827509,0.016994713733547693,0.018052108431241262,0.10320322441048276,0.1963073879965032,0.11617427443968326,0.1996779885588616,0.0815751589998023,0.09491818671074764,0.15727953648523893,0.01770645533756654,0.15909566787380666,0.09360640331470525,0.28790416125165597,0.09847799087135518,0.08787919432843361,0.16403312470344106,0.24714860246494422,0.3309329858268057,0.1309377943939081,0.2668064681774395,0.016677873398919327,0.43719584185712623,0.13043391910609323,0.2706334157544527,0.31414367177447855,0.018052108431241262,0.23562208639575472,0.3999425177496215,0.01760679143846731,0.14654172502855473,0.032268121836507346,0.2059741489281987,0.18166340779158274,0.15604733084067468,0.12851388207972908,0.26230083755830363,0.01589690148632108,0.4441779433763532,0.39874040991483295,0.2962608644038119,0.18554855376588844,0.19839833000142287,0.17252723726627467,0.17479079987694046,0.18364362367362136
ig_lora,CH25H,0.14350501004112384,0.3333170711751094,0.018036471460808383,0.33712022097454525,0.37412513333752995,0.2423277857503397,0.41916250296799795,0.1250932054476199,0.3324304877371128,0.1534063615868888,0.15860127083440098,0.12019668796127517,0.37374783342619455,0.042527522386651924,0.02013236859912459,0.2826881520105593,0.43343857727365726,0.024332877898173278,0.2944573649336488,0.42517524397196793,0.14920452784912835,0.15181694693095335,0.1251060301615265,0.07864343531987959,0.4848410127288731,0.8064126997754544,0.0,0.019259882364708294,0.3395584204439599,0.38548816803019753,0.2584070265099844,0.015583636463868539,0.37039814400410703,0.4705771887881027,0.3394579688066087,0.17541162890368614,0.8056399390193795,0.7656596859368983,0.34077023204555645,0.7560468568942197,0.3583793798305399,0.3017287805376543,0.175595924724422,0.06947511842700027,0.29654863043251556,0.1761625757776653,0.8446562346684933,0.4748068893638263,0.0,0.10582962105835414,0.05706326612621871,0.022990491483240387,0.34352595714169315,0.649866320827162,0.3926236963408742,0.3591578761031439,0.42410347315025626,0.5246712674346572,0.528599538179018,0.28701106813986677,0.18624366887604704,0.13423151590036092,0.40433320248993104,0.48929705726321876,0.4893255791226048,0.429937506209216,0.4347750406847462,0.4757261706045079,0.30086826466518435,0.5683462962813826,0.32595927058293517,0.2806615395972921,0.37864180446210277,0.2087476772199777,0.2410508927602285,0.019259882364708294,0.34600682602204347,0.056057793666800144,0.1655345009335266,0.4807013885695799,0.08603257763268805,0.09080192353660206,0.3255090295200056,0.4010026606339598,0.4763763095684617,0.43505327659110915,0.2855922104907574,0.16053352205902136,0.4570074409942835,0.2367309743513625,0.17429321774969112,0.40906698086805654,0.11990933230041893,0.3713615763280692,0.03497977857452876,0.2933392780683305,0.15569403337630566,0.07584661633278077,0.15158835744561597,0.40549510877594275,0.35974233514448645,0.48389869785065837,0.3859524484011586,0.5557503423335346,0.13361510658474424,0.6411944922261997,0.0,0.4734313837744018,0.45476322594281393,0.3589696106593152,0.3229339965349763,0.08794773221023784,0.3964808178598491,0.24254394996356557,0.3418555944287982,0.5307213265556839,0.05724309408382715,0.20006559176690375,0.19087750094761358,0.18839009093249953,0.4724521328959921,0.019259882364708294,0.29939398385570026,0.3323456765908704,0.3138804637242109,0.1557694034776512,0.03366748628369071,0.14166514983569825,0.38212397814193927,0.07658698109160154,0.5035724495067437,0.3592476355423002,0.491844253955441,0.05348949513517206,0.45295062897084737,0.5701933911563684,0.023253141262917228,0.33634542695961117,0.5067986367804053,0.44895632732650437,0.48682786369076614,0.08022256892996929,0.27789227555509677,0.25272990133368134,0.33430908943544346,0.5219660214919613,0.587164731498503,0.34390969757181655,0.4956009176703603,0.2350094470706744,0.5890413641845749,0.23083458753609343,0.4174495366380586,0.35288101243590675,0.4291480882122303,0.3553181169310415,0.19797827933099452,0.3200544680035894,0.26565355544146857,0.45451232029623045,0.34421265278783736,0.09653353829033655,0.23566536147060738,0.5092910993408148,0.48682786369076614,0.42403995999767174,0.3830784388434244,0.43505327659110915,0.34677123474259675,0.4057152927620318,0.4696131858868867,0.15860127083440098,0.510651915304832,0.45303325219875623,0.5047645982427322,0.15139505239948572,0.305552161692442,0.020363168419038458,0.47633298004340674,0.1716513975812088,0.19291995668588813,0.15575699977758814,0.1251060301615265,0.15416914152911004
ig_lora,ATP6V0D2,0.27157651968791957,0.014814933911443125,0.011711250269338117,0.26081435150275034,0.36354155390944304,0.43599224111088575,0.2362163029318919,0.08700937980977955,0.215143845901849,0.08933830306703604,0.0816473453377128,0.13613901677922924,0.29877309256550794,0.025692417374377458,0.013195122340681516,0.46083232621442577,0.4721600821451231,0.013838479266801535,0.39017958677420134,0.425995561795906,0.07691554163657437,0.20890583477757627,0.0687824664733804,0.11633623642205095,0.48664636428363783,0.39355266315313403,0.0,0.01178844527402188,0.32892587211093804,0.32404965434233673,0.32434665065538887,0.030986472493857574,0.36592316952786696,0.488558037472805,0.3573167790867458,0.32917100644571223,0.37584153485376115,0.39224234901771826,0.13258987578726544,0.3481897264469141,0.368567643939644,0.3298211389533898,0.08824397528252205,0.13846253701830344,0.01301089452255995,0.09361026360286905,0.39238296541782386,0.28773238627726355,0.0,0.07339626309172614,0.09024569691593608,0.021522098924629914,0.2435839058551422,0.1589390414044073,0.31359260448370063,0.2791765394048833,0.28297587640057753,0.5855856766544115,0.5942179012307008,0.21091666267358694,0.1728825407877195,0.0882357416516171,0.3571081924548199,0.6523342213603899,0.6540545107530122,0.654908992117388,0.6411410603510449,0.668955403922514,0.01670223300951963,0.264683182307356,0.24378543768625627,0.2854247700483524,0.27677990364810034,0.19741916072567545,0.5413208797882257,0.01178844527402188,0.38576485930812454,0.13757070208783434,0.29098551741386847,0.23086104636168775,0.1623488049269936,0.19437231409949277,0.26941553347153957,0.6761473366490899,0.6024994161807248,0.25878415184041154,0.29500314431179425,0.12934235094427918,0.42826019638281587,0.17794626187824356,0.11597828619276421,0.27553444816620143,0.09119841987494129,0.4097113366899219,0.09825242835552553,0.3046215377993613,0.1759704791205301,0.06136848723365922,0.14296755479575873,0.2310599384435794,0.4040551941789011,0.19904915695101488,0.3218822607630069,0.3005480313218645,0.0900742592170157,0.1809944736582247,0.0,0.28129838455496087,0.4246304216939548,0.2212677717030696,0.015446385097763459,0.08005493835165554,0.2378294587248202,0.24015743870441975,0.6368990760695383,0.3429988646101638,0.13796580222684335,0.07567527251820709,0.09921996052228925,0.10610006286235239,0.32496735634974666,0.01178844527402188,0.016181898606172297,0.4458888888603738,0.3828979115631355,0.08927521094405977,0.01916510248050183,0.14187811403155953,0.28280759173347936,0.06311383791593148,0.6808176663434075,0.43762954885772737,0.41126536531244595,0.13236411448848223,0.3986761001359515,0.3268801543565649,0.013939728997304272,0.3979560664722743,0.635496211407261,0.37648099122233525,0.28518768517584075,0.23576794851321828,0.23876900552220345,0.06959563801904475,0.5161559554429963,0.45059119113191576,0.41082338334588087,0.3050520329280842,0.4330053795110391,0.10873839230750239,0.379311623331384,0.07848208703327955,0.27509663247963745,0.34915797387554076,0.5340500267634439,0.5079468692959382,0.4590633540256547,0.3312874895472638,0.44249192422947903,0.3384197235548085,0.5708505657196615,0.07380630016417034,0.08298741190251632,0.6788484643145536,0.28518768517584075,0.6712332762331376,0.6818561197099261,0.25878415184041154,0.07428042226492458,0.11079898023702846,0.6053086093225014,0.0816473453377128,0.3039294303676907,0.07315353696557442,0.5730427017582588,0.3774966015998091,0.44871093845319865,0.012833669393251907,0.4808444459252693,0.0894561685354561,0.0904557281280477,0.08927038728292414,0.0687824664733804,0.07650512292504347
ig_lora,SVEP1,0.5400686171443158,0.2307000271079893,0.3238419349454757,0.1967826248267111,0.2686069440369834,0.5208494788943514,0.46399628592673253,0.24854978612595863,0.44681499785887085,0.4019213770648075,0.3162602431385283,0.1432754564437786,0.18853532993841637,0.26031959839424107,0.4995441298200425,0.20140246712103801,0.5142255344275092,0.26180998528822985,0.2074982594703126,0.42019334110724976,0.3313736607297251,0.45042655391982483,0.26446082838344326,0.23914630675734813,0.375865354159523,0.33468805940872737,0.0,0.41110278480198253,0.4624161206808301,0.26404455175071007,0.3455483852877995,0.37612962837546005,0.3783769284984998,0.38911516098141924,0.43755254878958644,0.38060366663275824,0.3010500378178415,0.3318392689193534,0.4097315996919366,0.39734532220364377,0.41770507565855813,0.23852890458994364,0.3447888607233344,0.3214581788257827,0.02477355771463387,0.32767455756204483,0.34031382623584727,0.2880100075282593,0.0,0.46480381190206776,0.878337452473919,0.8995873619951738,0.3926190119246743,0.1640394028951433,0.32552043505846906,0.2828005957975032,0.33423791568506933,0.4159463210763957,0.40405515849265894,0.1488815572637067,0.2321760171619095,0.41993847716569294,0.22508004555958655,0.36429440806450913,0.36277722248914934,0.3255297361505183,0.33050671365835144,0.3502683541798562,0.30870949043332985,0.37272521606318476,0.2074251783752462,0.19239504238024357,0.6387884694342594,0.15407393332352332,0.3108442881753525,0.41110278480198253,0.26659679517182894,0.48509760745526287,0.5813120278791631,0.486611044943496,0.26282310871615466,0.18636513158123508,0.3927322724461509,0.3056506136108885,0.29046306560420726,0.22810529789142212,0.21536503524203499,0.1757633185126014,0.2840771719320412,0.354004412491621,0.07931902612742782,0.5049114629291825,0.2649523444415621,0.25650405940342985,0.41841064510976306,0.20364398288977406,0.12953411672930581,0.47006133829817326,0.32916004454867814,0.266188844710787,0.27924461520126953,0.3022598985799713,0.30756769739057566,0.21860538521059014,0.432125966460595,0.1547175040209601,0.0,0.27556148051948504,0.30406595986388096,0.47497093277241165,0.19587683875015222,0.3788294372367194,0.3355382282562826,0.38520184122626766,0.2501458635225309,0.30707588491125337,0.5362265442756199,0.4558867791190012,0.3774763330873173,0.3529493190661485,0.4295844149015052,0.41110278480198253,0.18769668115191598,0.2895021448686077,0.28788833962066607,0.5034066066025152,0.036639573000423815,0.2991014136581125,0.46129996669157997,0.17635281145117931,0.37159560730923624,0.30436987818844885,0.34519896420806856,0.2181006054863189,0.30418227798855685,0.22778003584195428,0.24430746644274068,0.3897911107887067,0.3721670601705237,0.31875662919853104,0.28309700047244,0.18765831865514176,0.4063019032900194,0.36547604993235394,0.28171356991191565,0.24082862774510613,0.2334489034494957,0.3135309833515831,0.2948834969919263,0.45042943396625396,0.31423481485824517,0.4589875299387568,0.4078013650384223,0.4332088346076674,0.3310953576769385,0.27463904427802543,0.23510628125823008,0.24483121225944096,0.2202196969419167,0.33783981999886625,0.327956081071178,0.3293279031678286,0.38651634975615934,0.409805624914973,0.28309700047244,0.2898827864669984,0.2772226659400555,0.22810529789142212,0.24777101839450677,0.11614670263162276,0.3765010342340822,0.3162602431385283,0.2886894083873814,0.4367962461593493,0.3375540882147233,0.39556104586777724,0.4441735432206505,0.5027117158472099,0.29760154445296244,0.5084894203836894,0.3651081872015911,0.5396134486855375,0.26446082838344326,0.3028026793617853
ig_lora,AHCYL1,0.24088209141349803,0.379545835370325,0.018079077723309862,0.35449357611389665,0.5304238690948246,0.5117621754727294,0.5730496094282322,0.1711598292716394,0.5225755424217131,0.3725595635800719,0.1818198123865685,0.1432987709606697,0.43057439983474866,0.19041062215988683,0.019422847535876944,0.2339990578412232,0.4571208150847443,0.16662294579874362,0.23780464203909843,0.5343772780642084,0.26264775584140054,0.36466147579291247,0.14482363548280153,0.1631692315258746,0.5090411144081526,0.5292396255451316,0.0,0.018586238930140626,0.5177891426933755,0.37799388074859497,0.30132816615836944,0.016467174584944,0.3735090898677603,0.5231379592174223,0.5379117388120946,0.3019291962946806,0.6092161465154591,0.6198916542060607,0.5173224045198737,0.6487805568629156,0.5206174455835069,0.38627516362599534,0.20065290156149565,0.15008578866012706,0.2276899652912739,0.3266452599489138,0.5954161199762822,0.34829160461848685,0.0,0.3206432033185775,0.10796821694692792,0.03755628959722194,0.3389589541857652,0.6885413124366221,0.5611239926706983,0.29467287663708586,0.5439250612450357,0.5367783275803171,0.5278433189302292,0.2055564362152415,0.31690533778722335,0.2806123459896344,0.5502244696292947,0.5354644732079281,0.5305570836315374,0.5154907630456671,0.5039019635853023,0.5372735015112186,0.4571481659036473,0.6011301567275849,0.254507263759868,0.29134070754642105,0.42387386880846056,0.25128749585635485,0.39102686233409745,0.018586238930140626,0.406035115449029,0.1406842026163675,0.35042584815235467,0.6387610138645395,0.1855041027314877,0.13716808172745013,0.49531864513214763,0.43353319699170634,0.3700070543191647,0.24187583764582363,0.4066294650389119,0.22272063893693592,0.3343779914356331,0.3768201099022452,0.21033133669085802,0.3135421214300748,0.15135051387420714,0.3124695281901741,0.06488123599668554,0.2611035569821229,0.16099003075722043,0.32037206776586147,0.336467111342032,0.4415701983798523,0.32027397541298097,0.5176901487507513,0.5266675340431767,0.5909408659819612,0.29727679866053913,0.6089592186885863,0.0,0.31674457340763135,0.34311371101962523,0.5520481387307167,0.3675662258239837,0.24917117007487213,0.4579091838017777,0.3816162985324742,0.33615554523780855,0.5381191073493437,0.14134532453094112,0.43126324477623657,0.22714626437716562,0.23130258728970454,0.5421875232394693,0.018586238930140626,0.3528155898803604,0.4429647365022774,0.46566178736908925,0.32162782248819416,0.03354706307128793,0.18491229737316756,0.5258954041771203,0.11460010661480023,0.5356887685421111,0.36843340458673646,0.4427672235600057,0.15983468269366957,0.35813651659475815,0.6415040830007214,0.15784044938515318,0.4648889844535909,0.5735808861977115,0.44414384025183773,0.3109718860533804,0.12378171159839776,0.4407194584184805,0.4244787659428641,0.3735358616531154,0.40982776773319834,0.4244427335694369,0.4347494411510845,0.35142735696013444,0.43899343357165327,0.5075370913776612,0.44214101652786963,0.6223374821569867,0.501757991621716,0.46037723529076063,0.37681031387541153,0.33843840398182473,0.29860049866753147,0.3292656689595739,0.4060170620783462,0.4665240790017135,0.2339238927493624,0.4131903060777961,0.5933693690102189,0.3109718860533804,0.410972551308851,0.3755298441213605,0.24187583764582363,0.3554634185549545,0.4459632151721744,0.5000115428342984,0.1818198123865685,0.5890369848594502,0.6229232142724387,0.5966260034322031,0.35928697771056267,0.349157628532973,0.019393851958599856,0.49558803049395567,0.30734678083547684,0.21013805028316626,0.3532312108200954,0.14482363548280153,0.1691564566829374
ig_lora,SLC2A3,0.45406489948475043,0.023726836219801883,0.01785932824019487,0.34343258177043223,0.4187519342204493,0.4646633693680889,0.49152301634927476,0.07730253971130745,0.3458654860174592,0.070123869801951,0.06777398584037359,0.06549042940204723,0.3551356977855899,0.029620789759971025,0.018642944559656947,0.41943450162644563,0.7289331084304085,0.023374357500051995,0.48112333040272304,0.5484046540194535,0.06703902478186605,0.14059892850368313,0.052913260100181256,0.060136657651640585,0.6360825320433537,0.49133307209516724,0.0,0.018158854422576507,0.5144933474491157,0.54260462599572,0.44198742563070487,0.01633157810157733,0.3952741890364353,0.6822917518549366,0.4803156395411487,0.4051709768965511,0.4948207910517479,0.45170619521642236,0.060630153488780474,0.4215710029489792,0.44011994402221444,0.5501886529885796,0.07502130751383068,0.20017986130652848,0.021475761101190243,0.14000599071744926,0.4766885349908142,0.5916902080988935,0.0,0.06184802368278166,0.16152286447631378,0.023003396868515897,0.4257273909691957,0.24624860394811832,0.3695603851920603,0.42031289526854704,0.2161562697091024,0.6979896657809749,0.697320141690942,0.524057202657698,0.13362218430580278,0.0781315842106535,0.39399664280902313,0.592540355449287,0.5888019886895454,0.5744612247937803,0.5621353393656543,0.6005538672758075,0.024591095616806915,0.5797176218674712,0.5224806492463634,0.5588816686990086,0.5435971672101939,0.045348965947433005,0.5293856999150909,0.018158854422576507,0.5018563174432465,0.10484902118817019,0.4884701946372378,0.3450304372445048,0.05982448236092694,0.06742029430962262,0.39573042128052854,0.6280010492182413,0.5587576163282786,0.4544807518192285,0.413648581266381,0.0508375568762607,0.4934891861707845,0.40243530608133565,0.042664165214133555,0.5537236954201838,0.05736996601408125,0.4165172130570909,0.0492249210569784,0.2617513338016375,0.35297911534768417,0.048299359971089494,0.10283409176769027,0.4214359835405074,0.41562639948224833,0.4140668892197822,0.41555633304403455,0.3400137902971404,0.08081978151318718,0.22092798620041793,0.0,0.579823708448032,0.4890471616796333,0.290825854267036,0.023542529414286098,0.05412625797514431,0.4306401552631819,0.3767673557540661,0.5045620616226215,0.5044492377449542,0.10525646820652323,0.064960655801734,0.0873635331430358,0.09503984800142797,0.3625697445974381,0.018158854422576507,0.024054993504267243,0.6802060124754064,0.40875494940125395,0.07771610639061226,0.01945895857817545,0.07522072694125206,0.5123453113913135,0.05206425997503333,0.6548948966254788,0.5143791024920216,0.65322237503064,0.044596920859507186,0.4745594208888437,0.3683472484616963,0.023138656212599456,0.5512067332947704,0.5992158238275134,0.5802264035563689,0.576167673123673,0.05868474426074482,0.3560964808488861,0.060236630998230754,0.5041585391438862,0.4250012866117475,0.42163843493754605,0.2933700879535233,0.6302132544811869,0.07537287763588726,0.5867076745791195,0.06670487838071167,0.31370518384662444,0.4801186748676208,0.6402185146872704,0.6139967391365668,0.5479976442598743,0.521965675887267,0.6245006660343162,0.5787764789742,0.4466787298969829,0.19840585875869282,0.07347474863206106,0.573609993518565,0.576167673123673,0.6326619047002033,0.5201340916271167,0.4544807518192285,0.06217848775083988,0.12036221197048146,0.7901562690825888,0.06777398584037359,0.4006616502896956,0.0626953801982538,0.4875380256116258,0.22649157610821335,0.4989919704624634,0.01862130424095383,0.5226078606254572,0.07647649440837193,0.07686602986191747,0.07771114491058703,0.052913260100181256,0.06146782072937277
ig_lora,HBB,0.5782215712997716,0.151227806615445,0.3151632766663364,0.24488083176005226,0.19652670314808365,0.3542189765518905,0.11648537463705848,0.06342696223668211,0.1932478359717651,0.14546020976677843,0.05037067231887804,0.16431072382928594,0.23253535232871805,0.019668579933410972,0.45553120815096604,0.05810081322306196,0.3066759915030876,0.01340246568626502,0.05097152053638523,0.13802022776529685,0.05050833266285436,0.11346264480221581,0.0370991408404942,0.06931836941364548,0.0742013044259081,0.030369117918185296,0.0,0.34990731713672313,0.01582691966808798,0.015350921864987058,0.31520780737404624,0.4387553929006829,0.08415691655510427,0.06463886655054896,0.12573989640610947,0.4124821169846674,0.035693163323976485,0.04611196844858076,0.23742135638953926,0.047062360765304435,0.16239304051082867,0.10716239921856158,0.056740942987263975,0.2777090174159601,0.13375825537411937,0.1674360003339153,0.038437482331881705,0.015396859637992541,0.0,0.04755494589277987,0.7082246645242593,0.8163720764072909,0.015005976218799514,0.508710531180828,0.2660567786412791,0.09098720882126918,0.27355663434693595,0.07004176142037666,0.05241504747633456,0.012793939904412363,0.22130332866488284,0.06309573518033389,0.26467429603874765,0.053988509595478115,0.05431637562420062,0.0966254311639438,0.08098883177587776,0.07652086135191129,0.15929957843736003,0.15988547653099766,0.014963613966930005,0.01642211893887579,0.284463564591729,0.17917774587231555,0.13008081667371196,0.34990731713672313,0.049837713144291675,0.4781027994305539,0.4816390955798689,0.15702892791466616,0.08048207371912172,0.11744120464997414,0.17389621099423,0.10789599660114434,0.060169123613437056,0.014728657656449366,0.2231811659653905,0.18392460691184517,0.03407915049745539,0.27408438441571015,0.29962521305232087,0.28787209254965485,0.07481354863190762,0.1030751747170639,0.444862364032547,0.08213683642428969,0.21832235417427234,0.03498084689341339,0.15219910471579848,0.19479309941838174,0.0807214738230689,0.18092315029445125,0.20576066436130366,0.29558009926710366,0.06609119638420477,0.42323588091729175,0.0,0.015257688961565808,0.03879414889816587,0.23379427044365958,0.16220536143486947,0.06696265056677253,0.17363041136019877,0.047773328818734126,0.0846206398480108,0.16372350403099176,0.45713750854100765,0.14014652335470162,0.06827814287650072,0.07629377523400852,0.21414792788648102,0.34990731713672313,0.15898462926569396,0.13447118809404943,0.2024007261888831,0.0602841666466236,0.012986828651866456,0.0862312842071186,0.1319509750531075,0.07989554094117064,0.10079926780202211,0.04859284165728637,0.0864897810228378,0.06321863867335425,0.03786137787489297,0.35821318282434866,0.013452004693909692,0.03507975597932472,0.02558698318505324,0.057614846563742,0.015364974424682615,0.07691761489521944,0.32154453553337,0.17249305283064284,0.05430989914575403,0.02705344711678933,0.05750725898455457,0.1684007861271341,0.015432052739192011,0.19197198093750215,0.03896859500045051,0.14699756232681574,0.19574871615071626,0.12435884507667937,0.07705976666024052,0.09573646877127426,0.13321103682350713,0.04807039375558213,0.09829295477330302,0.04800852739984833,0.19335419939814397,0.04979662232680797,0.16495615958698764,0.21478083387012062,0.015364974424682615,0.07110574635455844,0.09555445173878081,0.014728657656449366,0.184554614990978,0.2850021280718208,0.05803517553767547,0.05037067231887804,0.23217189066407753,0.2205621841525712,0.17770609518130862,0.04259358812596587,0.4382423300402664,0.3957214811042138,0.08766085400773603,0.05825189748460277,0.057802531398092785,0.06027416942671952,0.0370991408404942,0.044394621322695595
ig_lora,TYK2,0.08428241423235593,0.7312263381875866,0.01877675205867382,0.662447809939802,0.6556792174643572,0.619941150144612,0.7585943668214843,0.08138004673658288,0.7249794195662937,0.6685250093939562,0.06308868446038865,0.053401221723876006,0.6845162585172387,0.05393846334873814,0.019023303650544183,0.08982043834041006,0.16348637269719485,0.04287421449361402,0.11400007265797832,0.7124249943212088,0.06471431370541443,0.1119329395688664,0.04603026698597765,0.09625052038958688,0.15444888495093007,0.09214964531133876,0.0,0.01888621272838164,0.11428649046097496,0.10061517655804061,0.12353371471438404,0.027285133221273537,0.1699050535640833,0.17343284763102843,0.6975836635891971,0.1250776388357352,0.10468480816317406,0.12184338008998624,0.7361780918615357,0.11369065283330962,0.6959121250118032,0.6634143167499528,0.0714768442060687,0.06471568660890156,0.7198229791475643,0.6236310154588202,0.10384694630509739,0.09781625891540037,0.0,0.10228496802528121,0.07085622180974967,0.03003362035773949,0.0815061368093405,0.7265185158338993,0.7140700605388112,0.08661879077075256,0.7154417344976454,0.17922557470108033,0.17684160518909317,0.0584995176016351,0.6822551049426839,0.10790481496230585,0.6698201402434975,0.29403171502250425,0.289731363163279,0.3163828056542645,0.3155292943428142,0.29476774031433534,0.7345655521927427,0.7571135735780539,0.07848106864464227,0.07525787687415184,0.12659110841867452,0.6579303479853941,0.13004466948270088,0.01888621272838164,0.18053581034061672,0.04267895268024186,0.10371103699148304,0.7321496417906777,0.08969179845427118,0.10363073139936313,0.7209810019858525,0.14726704333187424,0.09183226321204406,0.06498398297866413,0.5192328876860719,0.6478470517980707,0.08166195994680578,0.5842082270026434,0.6126335099835618,0.11238798232137547,0.05955377018618583,0.10259483921575326,0.03184171998988243,0.08531796866023589,0.07396626262498823,0.08728294164771297,0.6771459489931209,0.716201355138004,0.10466067635518343,0.7326049462906257,0.7062762659923162,0.7274534730496378,0.12078631647948354,0.7273479853651376,0.0,0.08804765042448841,0.08827944314045448,0.7332030915464127,0.7165303649058014,0.08225027915528388,0.7158700753171773,0.21127710859072762,0.09579602458628143,0.7135927102964534,0.04282545048459352,0.7159174433937392,0.08767119032509568,0.09367721384657815,0.7304293165615094,0.01888621272838164,0.7090184035666665,0.135837346037726,0.6359736843422849,0.10321563107914886,0.017296389251752708,0.08223238203526452,0.7105244165737952,0.052959975173665325,0.22570096282854232,0.14269438878520257,0.11809504923252936,0.08985617024105826,0.09497025465517109,0.7139962770515392,0.04256716163429363,0.1565182687942884,0.15332881877696403,0.1328166360232834,0.08678694858850257,0.084666515550783,0.5991067677943256,0.6940534251501179,0.2095231310950877,0.13642832141700462,0.08150630663613793,0.5958041072353814,0.09875633958934214,0.7251806739381842,0.12801147533067203,0.7250390402846945,0.7307434098490879,0.700668766046736,0.16250866560200095,0.11089472483247655,0.15844556512073626,0.09434977353055887,0.12553234939819477,0.18351580070386556,0.712621551950971,0.07718376085559195,0.6867940036450979,0.21060714428903546,0.08678694858850257,0.12424719934611134,0.11121884698864211,0.06498398297866413,0.7141598316306701,0.6498321862758722,0.193332499182798,0.06308868446038865,0.7112364454922361,0.7472109922666448,0.690223968653312,0.10066700069608774,0.10509651235760828,0.019024324881248476,0.15600848798478534,0.09075403244421669,0.07207221440302089,0.11148023633723003,0.04603026698597765,0.05491516669296887
ig_lora,IL1B,0.677080433950733,0.2181427477422947,0.6258895926783908,0.16475296491303323,0.2835026944731436,0.5318364057661424,0.2329158933032238,0.0876288934634037,0.2906604678940775,0.24556645490367443,0.07963256645844678,0.0739792037343307,0.27825267258572683,0.09428862086391718,0.6834839478799364,0.13152496382078593,0.531678927872083,0.0712965635700876,0.021403591134156862,0.18987559733465575,0.11777873736164289,0.24146385204469648,0.06507548620791474,0.09084399305528856,0.07722787580265386,0.050960455905752516,0.0,0.6735513362367072,0.10656330555525922,0.02314593623817095,0.41223441356586815,0.5127763362613534,0.08997448077971794,0.086601605542326,0.17674390873935575,0.6353240009806767,0.05370550019536105,0.06484196410043876,0.33673747786069547,0.10148859707593404,0.24557032070359636,0.10766961323158812,0.08695114456564397,0.48737753185354243,0.1534175233007319,0.22137313911563336,0.05882954894515033,0.023991081304836882,0.0,0.1652675681501682,0.8264082492513952,0.8890003009549842,0.06855383194410362,0.5343467655672817,0.3491671189947433,0.20525702762532402,0.34091295479429606,0.09397487643676784,0.07232140324187109,0.02071829401564181,0.20722731569130423,0.13890627587009904,0.3218479116520034,0.07544827570938777,0.07598818584431272,0.10918181072913981,0.08904565486393877,0.09017346711241025,0.28173365645162474,0.21259071516987346,0.02323317682271666,0.025499501596054314,0.570139763866403,0.17716096735452425,0.19536381151378324,0.6735513362367072,0.038917422439992126,0.7183606937374728,0.6741523127726945,0.27272770735815227,0.09758412733235604,0.07701852990710924,0.23641367468475,0.1810807104910313,0.0859458830569095,0.023876436425552282,0.2823738661904147,0.1555067589311544,0.05511801933939952,0.4450076257306947,0.15836498862342713,0.5633530786076385,0.06920949625457959,0.05513995562713914,0.6637178300053359,0.06085876124975165,0.019680752951842604,0.1617824106020137,0.21575216384385787,0.20081548445686992,0.07851761368842668,0.25440955984556124,0.2875494831093236,0.3641949891159267,0.15410005702433147,0.4331022343532101,0.0,0.02404972568580804,0.060301297032303594,0.3247536273534237,0.22451509748313805,0.12189506785798203,0.20477032847504026,0.10779660768898419,0.200290932586346,0.1883665806112373,0.7439329512939534,0.2596542131928145,0.09945332772240074,0.10663650499145214,0.2533200102318746,0.6735513362367072,0.21944477497944032,0.15449604424658467,0.3120340332286143,0.14775244232332194,0.021432942330201495,0.08659393575440005,0.1938445184757884,0.06171454782024897,0.1108209597975414,0.03332470456186645,0.09084225363222884,0.09815227244106013,0.05816668655818818,0.4211319708871393,0.06956807905000342,0.09190894903218552,0.08876913281334796,0.023128432718988103,0.024191642788692822,0.06800281758978051,0.5050128798009831,0.27750244214642805,0.1010983599498376,0.044147760560350316,0.04672414866197122,0.19583155224694976,0.023830960367027292,0.2564948548507092,0.05672891119391807,0.2562994804674973,0.30148467307770677,0.16546778580285873,0.11960844696843452,0.15377406951573808,0.23745064031602348,0.0842299318918634,0.1402882394109594,0.022960734812837665,0.2801519287322097,0.12452643549581245,0.33571062757394504,0.4106627600682732,0.024191642788692822,0.1445919609131483,0.2459836054174539,0.023876436425552282,0.22050022217300175,0.3102991939822077,0.14255003552225892,0.07963256645844678,0.2915671851308709,0.3566341731839836,0.284761790242972,0.158624524534311,0.5459490217013719,0.6955515126214126,0.11206246525912471,0.13043381673523038,0.08896142567871772,0.1673138728910831,0.06507548620791474,0.07353508977049081
ig_lora,OLR1,0.5518696023691719,0.023091101346396678,0.11849379555433226,0.39002250706453256,0.3000218855945397,0.42143059043547587,0.4403903046796841,0.2196779960118467,0.33384100958602875,0.23739386878789182,0.022907471882989843,0.028919498937915986,0.22785251547268706,0.022341895571258926,0.2526787716892143,0.3558554174305949,0.6319367374291937,0.022659565539194383,0.45592438213042785,0.5234891894277783,0.02238733368312838,0.02266300831866911,0.0223761365834354,0.411913416088806,0.5239201939980259,0.4168040998749841,0.0,0.1575824016543304,0.46319315031275365,0.4961172455674167,0.47629661138522444,0.29150547033318663,0.29780241968534604,0.536870885651575,0.4121014584826124,0.39664426143073706,0.3628440252815337,0.3595819471058206,0.14151465965894017,0.33098152410069775,0.3386458900513245,0.3844120393529304,0.023192148043345434,0.10047143920096371,0.020783678512608934,0.14178011809501273,0.39466011895251063,0.5421759877565603,0.0,0.023688999618180707,0.7870954527947766,0.8123017300214876,0.37903670288951835,0.1969807787896126,0.2162930666065772,0.34514288721737396,0.28775998570191264,0.5843634810839078,0.6022016971679756,0.46861899852829375,0.2278351681457702,0.15367060848764058,0.25836041458922226,0.5287811502413088,0.524276805645788,0.4737184928945331,0.47932595741718237,0.5103749890913193,0.024093149720422063,0.47468900903562566,0.4700029323252726,0.4338192341056594,0.6035123603819498,0.20835046018979259,0.27994032370021554,0.1575824016543304,0.5183617241081406,0.19964856473066286,0.49560824764033334,0.2617968549875538,0.16953299733422092,0.17708300901665736,0.48602491721731417,0.45560515070483487,0.4355846641108611,0.4064102693372708,0.22990135611287751,0.20036340910492828,0.4033749368695826,0.2939403762246684,0.03323238177351563,0.5927560263638065,0.037861044839415485,0.34874254258743154,0.2123794355848622,0.21763445406250842,0.3131179783595574,0.023367082736320474,0.1451342843865795,0.514278250990712,0.3268701355335525,0.3006901033468524,0.4430329909338903,0.27569381959878003,0.14543259580290593,0.2551226300494444,0.0,0.5276935159755539,0.39775595313738654,0.32858856950180504,0.022958080907853694,0.032024816305616856,0.48334988911993415,0.3966350729375082,0.47637640890846533,0.4256003190877625,0.2303259268228771,0.023787368391753584,0.15941155843099095,0.1924290483408861,0.2874007163379144,0.1575824016543304,0.21944899726252687,0.41074956801114615,0.3545658516930057,0.18219812330568863,0.013818926728191785,0.20720668252942046,0.5025001753010497,0.22186982158545285,0.5466249957758429,0.49208843677990505,0.5175238901659207,0.3156867028360792,0.3893803127556344,0.2649552294196347,0.02243322538197079,0.40181207044743183,0.5374531430462687,0.5598820778749459,0.5237763352708835,0.23437191024185264,0.27501439545209944,0.023678137385847686,0.519520428379257,0.35319412316351956,0.36611881995990336,0.5183754735170735,0.5608364484924812,0.04389628414789348,0.4879512501388437,0.1516278923020745,0.3742855061627361,0.47114160903605173,0.5138113483574367,0.44906950665611434,0.24479886357203534,0.4340453457441164,0.3755015648456339,0.6492209298985498,0.31879487574369064,0.02097400830096355,0.17449190232055206,0.4537084675607603,0.5237763352708835,0.49760023090257005,0.3599991479581176,0.4064102693372708,0.2078567255536977,0.0863408115948269,0.5802779431433257,0.022907471882989843,0.34220674046546273,0.025085883656731502,0.3290135244233271,0.19825320083763157,0.5295095609126533,0.23751043535128977,0.39175715469722183,0.023310354573084027,0.02331759486377824,0.02440240148222914,0.0223761365834354,0.022714095966122567
ig_lora,OPALIN,0.2724376573240494,0.02471445852888771,0.017965550917002405,0.25467142168794626,0.35683545338088446,0.2900179533114249,0.4360122621772007,0.3489980999420961,0.22321589581493903,0.09056588176077113,0.11323761101170299,0.10023319902055282,0.37612352985204456,0.036929002797062765,0.019555203906691056,0.32241144776980674,0.565367978680743,0.023960290447380177,0.5073450014381421,0.3626911451325665,0.11281998587913357,0.12131548872350432,0.08195373448332423,0.07189596285002706,0.5774115920745219,0.4800459696269308,0.0,0.018737637806410894,0.4799191479348678,0.6555968833829485,0.4364174712489933,0.015782754096359375,0.32866931632618296,0.6653055833401758,0.55991003016095,0.25230472426410405,0.38327884845128696,0.39679172861211354,0.07874466107532367,0.35844760181376084,0.38529604659574973,0.46487086854561793,0.12775178026971243,0.06196187359557832,0.021965447033289353,0.0937314466834719,0.4489894077903548,0.6459158823001978,0.0,0.08681017142610563,0.09334180061117793,0.023000637601461378,0.4087878970797938,0.17336109617248593,0.44778219883015463,0.4011845439956876,0.140494982833336,0.6439584623604092,0.6381444493537577,0.6651436134146316,0.0950192355458493,0.11284540947427864,0.24627722053872436,0.503166081322741,0.4974671182932282,0.41161827486405594,0.4174476049559378,0.4775811542207147,0.026250087957939136,0.494691456435485,0.73813422512181,0.5467771504093317,0.5406760543957123,0.052495380029779194,0.27358068574070166,0.018737637806410894,0.48934687832644386,0.04502639716369742,0.308640176261269,0.2742822869528943,0.0762042302666674,0.08306619868754728,0.3084489076803196,0.4210347273380697,0.4339408475376792,0.4788983621727132,0.23031672416889182,0.061389261964765705,0.552810299874885,0.19331637353936115,0.0513822640897716,0.5608317406251961,0.08738256349669825,0.3434734436039591,0.031135229887100165,0.21995848479548566,0.25301156571276595,0.16248671975768947,0.11946069196438258,0.4001459331525834,0.3573026558178831,0.3336626943686345,0.2932322064424287,0.3065536319520514,0.11413947041003214,0.13811511508691712,0.0,0.6227028580444638,0.5984112439337503,0.22511750457832178,0.16478917744762028,0.18484619119280257,0.4708580819958093,0.594451235339744,0.33620468569795475,0.44837787628416453,0.04589561746951722,0.27629929687944743,0.1463596803397832,0.285950957113386,0.3383312880658112,0.018737637806410894,0.025144377350826058,0.5198164876525715,0.3323299796553524,0.12235765789472884,0.026161626420400128,0.1141913157543212,0.5064860390094108,0.06590813434123367,0.532212050392988,0.489145949923905,0.6154897910861663,0.049603736757909384,0.40700033339690805,0.257169142782562,0.15800553496617878,0.4313014404537874,0.5646403099709217,0.6084401416361359,0.6142658534497892,0.07214742632654196,0.21073820733469897,0.2651587114160309,0.4110520830963915,0.3297046394190362,0.34578274209469356,0.22059061845089353,0.6149537194065993,0.11307894720629053,0.46005527526247864,0.16979346242562704,0.23080720923770048,0.4230101131482575,0.5472803634074496,0.5304193949597091,0.3159498822185786,0.5457629339548855,0.4150632051344216,0.6022384808741336,0.41638159781779965,0.0818224842723362,0.0995361376618624,0.36937366324581594,0.6142658534497892,0.4925753738871651,0.35362880815285713,0.4788983621727132,0.08972869106779596,0.06665642313604984,0.5449049794571273,0.11323761101170299,0.41430755289746096,0.0844967145663849,0.29979830166396926,0.1354730005358451,0.3195583950344518,0.01963760882199617,0.5658755608758805,0.12802091719292172,0.1360650220542113,0.12234801057245757,0.08195373448332423,0.10327030231427975
ig_lora,CCL3,0.573642264568771,0.3872787793042445,0.5985400610953437,0.1160341308188626,0.19869454707638387,0.32466779180896804,0.3679029247098229,0.021909731707607755,0.32326017240070803,0.222753534266626,0.023857667916441255,0.015368114442556645,0.1914826724488231,0.18572016014146878,0.747899345681302,0.01785984483438211,0.3127862719289965,0.19328080781498375,0.01961947777799046,0.1779240727218129,0.13132342850768913,0.1495880583338465,0.02340036596783607,0.05484453161754486,0.024865997385766163,0.02450015219356607,0.0,0.748322687323651,0.22932328401214294,0.02351167458389533,0.23833529909689305,0.44938232515707294,0.020270567231318006,0.024696326385745912,0.1282418614976699,0.2960823940481036,0.02091775495455608,0.020964687251989408,0.42163829461277846,0.08869665382643123,0.20383557885746778,0.08566165697367827,0.02421812171385476,0.29644753253357686,0.2048935773719244,0.16966056964354234,0.023346558772310563,0.025899600023603433,0.0,0.2248416262368769,0.8492511148792317,0.9228905592293466,0.15231977006142305,0.5559546327946043,0.274330489575135,0.02254036921921161,0.36715864078019433,0.02489496465479684,0.02412451406603115,0.021881893613970638,0.08649036161631717,0.11870488722353045,0.2934402823672,0.019088212668268035,0.019050433971079084,0.017488450482345725,0.017801325668754798,0.018583068629292643,0.4990334123707386,0.29414493343520104,0.023814380018239538,0.021698580110445623,0.4875525737091129,0.14974426839813088,0.07437197283409354,0.748322687323651,0.01886132268455197,0.6695660913991749,0.5517127402677114,0.29793605841086956,0.06398220607330238,0.01398969283629786,0.25718047889239637,0.020849827491753316,0.022387178880843298,0.026105292025522676,0.1411566699590418,0.09629714142851992,0.02220586899310958,0.31531150958197696,0.12171010971925349,0.44878883269554987,0.01992890508277845,0.018774167704870056,0.5736916551967446,0.01662922707334996,0.01749273793865795,0.278322767765809,0.20570864820191714,0.19393973038777715,0.020735936280703887,0.3860422181674118,0.2819947347122016,0.4771613081619015,0.13740080855414605,0.5169734097260195,0.0,0.02622480232958559,0.02295055414168299,0.32511453998910506,0.3674213861602809,0.1481351835103762,0.1502026763484219,0.08210389021369516,0.02051141779100235,0.16042615916105218,0.7353233251158393,0.28401561380523255,0.024682926227195638,0.024095752268504446,0.2536554791176611,0.748322687323651,0.34538750473935037,0.021956711555886126,0.1529622262543713,0.1601341554771798,0.01482818537143699,0.02273285655780145,0.14907722767966317,0.02080682188720819,0.02059133947430505,0.044284250037991,0.026213189965245475,0.08785215855758068,0.021477556774789644,0.45257865867402786,0.17555123292622482,0.08597528818238308,0.022495504850175083,0.023435405058740307,0.026626900787759134,0.01718482757255322,0.3625918569939708,0.30654629741152345,0.020369132737871973,0.019293949047548265,0.01789454189456033,0.12188152525186913,0.02535153770360973,0.2579078904740612,0.021707170599658054,0.2855807463303784,0.37646865568403914,0.12883708311858535,0.020575939373472896,0.02173627389499748,0.0420868401355907,0.02263023189818033,0.018398272077485914,0.023058149381927764,0.1398832334335744,0.12365268413046077,0.2600457130280435,0.13012939701486734,0.026626900787759134,0.01954252724249543,0.01972786042714056,0.026105292025522676,0.2181947456535394,0.3831000586664848,0.022540844383407754,0.023857667916441255,0.3477380673162491,0.47520772159094343,0.12847376734730037,0.3362170739117804,0.3756717933119468,0.7902990042624095,0.019892323637499366,0.1329770573665677,0.02468616629658125,0.20501037854439663,0.02340036596783607,0.023914686099334143
ig_lora,SELENOP,0.8044824045447008,0.019979555329067845,0.5135564594518395,0.20705779484420056,0.08957165419832495,0.3409171880775241,0.02128929143062406,0.10954235334820601,0.0818444926283622,0.08996333258175856,0.13277453301206096,0.21148763921067565,0.1664055949805761,0.03474363090645271,0.7508779912047513,0.05658989856824345,0.3925417216191564,0.019979401118038073,0.015864621662360613,0.05581616448877547,0.12099683932718944,0.2553491114391202,0.11035612220699252,0.07012473659083569,0.13984433607673988,0.06010015825851987,0.0,0.6553249425630447,0.02078980510552649,0.0191482261838364,0.28759170920172805,0.4829331499927268,0.10748348709447077,0.11318480015027868,0.08314845082057432,0.4519734040921064,0.05951237352825828,0.07570317500615013,0.08144624622019828,0.08458297399843269,0.09654688599197714,0.01959800145144578,0.14505656568171343,0.26478417380490465,0.01863094750048279,0.09109157061031496,0.07229321811822853,0.020972439771954517,0.0,0.09461342788451628,0.8369100504704537,0.9075585928763085,0.02066328983911506,0.04187399965371893,0.20595566230563533,0.14039289862547288,0.10004304738956435,0.1260467192517792,0.0892533771464754,0.01856039629970995,0.2106407535785759,0.11676110412183292,0.1092740312004862,0.04860308878642668,0.04900512799331138,0.09890479352955513,0.07913055925104497,0.07843576989656256,0.020280918158225022,0.020443080502644335,0.019565918264536054,0.02283407480703558,0.35501195144724135,0.058145304880225485,0.23907369806357734,0.6553249425630447,0.03345665672851684,0.9425185878957005,0.7107781010654481,0.09925777558289306,0.07846105409526066,0.09769439907151943,0.05967613004797905,0.18952600681471085,0.1399995140681455,0.02144120747769899,0.1354332577535119,0.06554244799972807,0.07069075120184953,0.14410405484234784,0.22999612905920994,0.3837081142846361,0.10713717146503966,0.10647423868656038,0.6574572929523044,0.0732247420871349,0.294829247952899,0.07371547016160598,0.07289453767510451,0.06332902657535694,0.1093354516989365,0.019929581788578815,0.1041931478500288,0.041884447782161695,0.11620543397508501,0.042877608682132244,0.0,0.02124963726492531,0.0802514348643312,0.10957104164401554,0.019184236180473744,0.08225585606266378,0.10711530882699696,0.060101401125531216,0.17518595072456228,0.06928825079904882,0.8667754399246024,0.09667849624105102,0.1579844863365105,0.15772975166505193,0.08715731527312488,0.6553249425630447,0.019702688421154958,0.27969425564638667,0.16739319695921143,0.13201755522167757,0.028088976461542875,0.1224340897933212,0.07925744918482815,0.10860895545366811,0.11787802431720068,0.0160806391535967,0.2184296299358019,0.04958158319750474,0.07136794439344413,0.06612214074521848,0.019322714777536172,0.04882893766920566,0.036453925023440165,0.018819539742116066,0.021470113626987974,0.07304632499381547,0.16861718390114497,0.07982892632338474,0.07288110604871792,0.043482433019702234,0.05033102169330473,0.09680289392104359,0.020488037036631695,0.11920242318437921,0.06268299693678091,0.10614050504862006,0.05923978681444999,0.05651394200837951,0.12814432585340693,0.2114932861869157,0.18207510688636935,0.09713811163796826,0.16086678879568078,0.018167448496875186,0.1582218932486104,0.0933872157516591,0.09969579536031097,0.2083964260101024,0.021470113626987974,0.12946132122688303,0.18613825473710727,0.02144120747769899,0.09963604303252949,0.027346791245140147,0.08716100326647873,0.13277453301206096,0.03793228661361527,0.08815398517323078,0.1783899027868262,0.017658808869634543,0.5298352648538861,0.7187622775234814,0.13652626452235575,0.14256819847348862,0.15587733108463023,0.13198835169574252,0.11035612220699252,0.1285646057580476
ig_lora,LIPG,0.5781449676942418,0.01952123619932976,0.4209358266239697,0.08166054244632387,0.11263778187499635,0.3233072724350806,0.0209487178977808,0.23161692712583132,0.08995010636491205,0.09904835009031562,0.1604114643548875,0.11993436095395149,0.3299899293564803,0.03991481052259233,0.6481305575738353,0.06561676915361339,0.26245355396576503,0.019390089605223457,0.014888536100089828,0.05964765741112566,0.14772883153448188,0.27963333758729425,0.13657647163635614,0.0757312344581642,0.21640133110361756,0.06815172138595019,0.0,0.5865688514094924,0.020346189558603348,0.01854488218694433,0.14974268541151817,0.4036164042530493,0.12038154141991439,0.13189373374109295,0.06195484675855843,0.33574879259189544,0.06630999756841825,0.08535187241484397,0.0896689069161276,0.09700917718959631,0.10723851157873981,0.01914811906710563,0.17459551128842818,0.2096896447083562,0.018134173376755738,0.10008408362203051,0.08259377212196146,0.020481373155850448,0.0,0.10715023239997112,0.8779634174989853,0.9072665511014254,0.020061286574832696,0.04496446849203317,0.3374446059380748,0.10465108132700202,0.09703557460526692,0.13269450552073145,0.09673922217348396,0.018022019030705338,0.15236742477555065,0.1326339758030917,0.11156270226190962,0.07981298395219859,0.08064187614014384,0.09475714197083285,0.08279079561757932,0.09120422954459666,0.020009983811353608,0.020103056749183012,0.01888135361520425,0.02242180238983506,0.4009219739459765,0.06262860202189083,0.3605182441061677,0.5865688514094924,0.1598955249882244,0.6520152764953479,0.4690980572478809,0.11227102843238117,0.08701138268455087,0.08984573540850399,0.06421284037985271,0.2805305806340358,0.1616266336444183,0.020883182806992015,0.16085587465434387,0.07146745393936706,0.24917312139059627,0.1222018269263568,0.05824144599070716,0.29951615273771004,0.1272471282078328,0.07252967225939592,0.5344354432789626,0.08334372540253725,0.014043530647518263,0.08216910368977862,0.13862980608156675,0.06848735737756448,0.12829325770063352,0.019513612413917917,0.13638928810112455,0.11282788464662186,0.1309053595779712,0.04464845065678819,0.0,0.020764903485804998,0.30064678152376667,0.12146878654132914,0.01870794364173783,0.09259079163008292,0.2381376282298994,0.06417152119233482,0.1928476200973239,0.07748095558019767,0.7288149879456819,0.1086684097538936,0.18696122141146268,0.3400000993383941,0.09593623096175702,0.5865688514094924,0.019342795653195837,0.3298161383490373,0.2596508288379244,0.1535163217291145,0.03426587154801345,0.1411092943409654,0.14456475798172683,0.07972650621844643,0.05830727535308114,0.015281411047604049,0.12381109492944524,0.05297192833907605,0.08154634861075273,0.08981235717629196,0.018642895618697905,0.08985045475778194,0.03904398909223546,0.018248508398773615,0.021029475120280187,0.07986431048226743,0.14326522017696264,0.08784797076233594,0.11084101505925192,0.04705417652865017,0.056006491528382316,0.12017202668300256,0.01995715884931583,0.13725607075502652,0.06983961551855247,0.2069563452494352,0.06334314513505436,0.0603602938784081,0.1278698706619557,0.22125095620637258,0.23082528234139155,0.09455601849400903,0.1909735267522003,0.017616862730510014,0.322850336431496,0.09931358219210573,0.11163494509723713,0.22617347976370628,0.021029475120280187,0.13733440503217864,0.23009900672783976,0.020883182806992015,0.11364219859714297,0.029637318248223868,0.08136526540356409,0.1604114643548875,0.09726791512091114,0.09814402329445941,0.165905867210294,0.017074384530533917,0.3530504790013679,0.6802919084955229,0.28473070420648894,0.17042441534910605,0.19053432433259979,0.15348322439972142,0.13657647163635614,0.159058910259791
ig_lora,PLAC8,0.6753274151769871,0.01898158285563465,0.3794004927969817,0.22277633660783258,0.015489841249903253,0.1569983667397673,0.020744198439991604,0.01691674546550711,0.017758757398194817,0.01750313520238489,0.01869323792398023,0.18604434491204158,0.016159145668347825,0.016621790938887347,0.8534941898429536,0.01062913601756883,0.13187887710350132,0.018315805240256527,0.012698042619368508,0.014983732219079388,0.016867888289393687,0.016968680498217113,0.018142859274259793,0.016475330071504916,0.018805536500947764,0.018360944356019607,0.0,0.7002827089112802,0.0198511553436476,0.017484833330468165,0.21764947245989527,0.47172899424132436,0.015241518279179979,0.01874384569657581,0.01743992634044497,0.2607266398652797,0.015661599857803236,0.015907317820595818,0.018220769562397775,0.01692621743669333,0.018117393695329866,0.015141958018080532,0.01906016599729662,0.09293926552860218,0.01715096184014197,0.016655502722433695,0.017475613616046305,0.01992214836361997,0.0,0.01855740795652433,0.8358125427159634,0.9184331004417908,0.0191287999298853,0.018537982241971524,0.017365364197269112,0.1759637042835431,0.017704623578486272,0.01887070884136387,0.018255070327603026,0.016897440274749036,0.015362892802469741,0.01794790077572088,0.015447860534204728,0.014743331365593788,0.014702447724879546,0.013601263957804161,0.013788997830977588,0.014417007475052413,0.019927397559089143,0.01974120080436414,0.01759202215167948,0.015529561119372468,0.2294546281762309,0.012825098772901855,0.01305292186393213,0.7002827089112802,0.013622807309904962,0.7522571629721078,0.43668270169324674,0.01897240620682149,0.011511221193984485,0.03102255816881214,0.016659848786179907,0.015644896719676976,0.016056256862875894,0.020306349071730245,0.035073492623702233,0.008914968671276838,0.016012163496207366,0.07318321112872841,0.2714077245818769,0.22147831145143973,0.012615052043329055,0.08145915064435026,0.5948422057024728,0.012184078324616886,0.4129589243763704,0.01845363464310391,0.01232671377153953,0.01721893847155918,0.01497434257936528,0.018957496948679098,0.0174288238394265,0.017457489343513155,0.01882289295698101,0.01776760352548754,0.0,0.020301494781505804,0.016873014820978156,0.019095655019760516,0.01796401402313242,0.015330303070044788,0.018331561315344885,0.01654098683751465,0.014824817639705497,0.01784056474014671,0.7010417195546764,0.01847076070565808,0.019391148794570854,0.018771382549015732,0.017185583508834458,0.7002827089112802,0.018963681330639033,0.01622763580058724,0.015750381004759877,0.019993836819179173,0.01265200736658642,0.017262998532186668,0.018240209111847074,0.072696824521469,0.07184216433155502,0.01363378291569745,0.02016115123154014,0.01373122305547007,0.015672127512998683,0.017883644721657755,0.01708998835844716,0.016843854914201928,0.01695211686102684,0.01726035204693356,0.02074244750563112,0.012503496663179656,0.09314152254440798,0.018009532645757508,0.01564434274009522,0.013772478234989217,0.010852135828414433,0.01800367401921688,0.01920573000284685,0.01744727196059272,0.016237409703489764,0.019123357551722397,0.018237979166767317,0.017008959776594893,0.015410311759346769,0.01575322595736259,0.01336026932170968,0.01659142745155454,0.013740488961894096,0.01665607427757407,0.012673074460530953,0.014569394105677718,0.017785284935974432,0.04233801929945746,0.02074244750563112,0.01436963273676961,0.01449311773140465,0.020306349071730245,0.019334342086559184,0.015453759846356357,0.01716508426373926,0.01869323792398023,0.017677637293609858,0.02002745444149398,0.014362489980472215,0.015939323312928563,0.3859049439950662,0.7988272882599905,0.01514424231269778,0.01840934507448841,0.019702296855727375,0.01994870409727951,0.018142859274259793,0.018922578064993582
ig_lora,CD69,0.22210548846904674,0.023523773351692614,0.01688452357963283,0.18886535743706284,0.2454346637057814,0.21919390500451746,0.410173655362459,0.02253105870318598,0.16381059354789865,0.038878522333122764,0.02343289098409317,0.039294829385928515,0.14949646845402428,0.02182561697526259,0.01886842739193261,0.38037356592294536,0.6165992503275493,0.02242121211064089,0.4521842063141956,0.32860399804348345,0.021922984357839986,0.022546891852814346,0.0221320992968097,0.04072057700089244,0.6745572314794154,0.44096450000896503,0.0,0.01762571642424521,0.4552850930496544,0.5201269317514239,0.38684475588131095,0.04558210662029545,0.23958698987092897,0.5776486897467539,0.3958221211401783,0.24057701980706409,0.3362265877434816,0.33279280327747424,0.051568657915513454,0.2844667638464409,0.2649081020958287,0.3435041340372589,0.024027520949416924,0.054426572010714866,0.020513036161484595,0.04403233499029816,0.3930134237036042,0.6302609523838233,0.0,0.024442987218538593,0.1143047565522901,0.02290864158980565,0.3912551724835249,0.1448874192650391,0.13930750115153454,0.32186762747465447,0.13299485368883002,0.6092809000494231,0.6142924736394483,0.48477227186067984,0.05128802167900897,0.023960039235343778,0.1731869101738812,0.5154421237108137,0.5098285772963472,0.46015872355051973,0.48572102600611156,0.4844181953108538,0.025479294123266164,0.47779914620798114,0.4693126218434022,0.39703151421440963,0.6259444285808847,0.05500217868208335,0.1921568806400995,0.01762571642424521,0.535170094726969,0.018143324770820694,0.2525964705105306,0.18661355362653845,0.06214936188379884,0.06995364141004623,0.2803816456092093,0.42216711492697984,0.394333808110341,0.4648701391664825,0.13957784457681116,0.13682547736673512,0.3602730974120395,0.16682133511503527,0.04275855509479233,0.6614626201069657,0.06040849168186583,0.3066772383024736,0.030003201789409635,0.21950734789298695,0.23437349054088152,0.02397875568945621,0.05478742487690145,0.2971244514505884,0.27144876574381194,0.24534390546912355,0.25163164578598596,0.16916928772481885,0.025252526728429,0.12189695241006027,0.0,0.6038089319470801,0.3619725142830423,0.1611466396587498,0.02314601412510852,0.03889122423509604,0.2647620843158901,0.2815555106681295,0.26123235740133144,0.3871245239982503,0.01907463224134191,0.024544495286228152,0.02496219154303421,0.024619799243859007,0.22556088951759132,0.01762571642424521,0.02429986947567888,0.365143940593422,0.17476944702517694,0.02592674536649136,0.013788069522268367,0.0423275645539795,0.34307326509024055,0.02106949287592988,0.47102396482107045,0.5149237710896765,0.5711432457876481,0.054938273713925186,0.3485719626343494,0.19400808411208675,0.021856563044714894,0.3587211180678621,0.5402266615253828,0.663043204346068,0.5946688436361827,0.05733094934716101,0.1540427688369743,0.024183564839043097,0.4405275587841243,0.5052345459949266,0.3439044544958477,0.15532305498071897,0.5982054157061371,0.0873613710371403,0.4042826917467274,0.02501124530882986,0.18431430751921382,0.3537194400640278,0.44333224035027746,0.37779378801566044,0.15480352507479403,0.40154613840830056,0.2560294932420571,0.6245521979991109,0.22794702407658526,0.019650640270569248,0.02405230528654895,0.2853799510035297,0.5946688436361827,0.37953479191135686,0.2653724722605768,0.4648701391664825,0.0249542463457239,0.059618799993256456,0.5090192784751938,0.02343289098409317,0.2687093129404802,0.026680488396888573,0.2296477496525487,0.1526113706634865,0.2933003962989194,0.01885151322152913,0.31967738458478945,0.023900886264887813,0.02438984460593276,0.025916530554674716,0.0221320992968097,0.023035197420458925
