method,gene,A1BG,ACMSD,ADAMTS20,ALAS1,ANK2,ANXA1,ARHGAP27,ASH1L,BAG3,BAP1,BARX1,BCKDK,BICD1,BIN3,BMP4,BORCS7,BST1,CA8,CACNA1B,CAMK2D,CARS2,CCDC62,CCDC82,CCNT2,CD38,CERS6,CFAP20DC,CLEC19A,CNKSR3,CNNM2,COL13A1,COL5A2,COQ7,CRHR1,CTNND1,CTSB,CYP17A1,CYP1B1,DCUN1D1,DDRGK1,DGKQ,DLG2,DMRT2,DNAH1,DPH6,DYRK1A,ELOVL7,FAM171A1,FAM200B,FAM47E,FGF10,FGF20,FNDC3B,FYN,GAK,GALC,GCH1,GPNMB,GPR65,GPRIN3,H2BC13,HASPIN,HIP1R,HLA-DQA1,HLA-DQB1,HLA-DRA,HLA-DRB1,HLA-DRB5,HSD17B1,HYCC1,IGSF11,IGSF9B,IL1R2,INO80C,INPP5F,ISM1,ITGA8,ITIH3,ITIH4,ITPKB,KANSL1,KAT8,KLHL7,LAMP3,LDLRAD4,LRRC37A3,LRRK2,LSM7,MANEA,MAPT,MCCC1,MDGA2,MED12L,MICU3,MMRN1,MRPS30,MUC12,MYLK2,NAA11,NCKIPSD,NDUFAF2,NGEF,NISCH,NSF,NUCKS1,NUP42,OGFOD2,OR9Q1,PAQR3,PARP9,PDE10A,PDLIM2,PHF7,PKP2,PLEKHM1,PLEKHN1,PM20D1,PRAG1,PRDM15,PRDM2,PRICKLE1,PRSS53,PTPDC1,RAB25,RAB29,RAI1,REDIC1,RERE,RIT2,SATB1,SCARB2,SCN3A,SEMA5A,SETD1A,SFXN2,SH3GL2,SIPA1L2,SLC2A13,SLC39A8,SLC41A1,SLC45A3,SMARCA2,SNCA,SORBS3,SPPL2B,SPPL2C,SPTSSB,SREBF1,STAB1,STAP1,STBD1,STH,STK39,STX1B,SV2C,SYT10,SYT11,SYT17,SYT4,TAS1R2,TBC1D5,TEKT4,TIAL1,TLR9,TMC3,TMEM163,TMEM175,TMEM229B,TOX3,TPM1,TRPM2,TSHZ2,UNC13B,USP25,VPS13C,WDR41,WNT3,WNT9A,ZDHHC2,ZFP64,ZNF184,ZNF396,ZNF608,ZNF646
attention_zero_shot,CCL4,0.0,0.27312317841231754,0.03525596858484196,0.41650547895934315,0.3645818903002948,0.37987044167980094,0.23385412809794281,0.03127456444031823,0.45195105381608663,0.310713445022389,0.034914518371369975,0.25695645721765836,0.3621408588302443,0.3897650552219817,0.5484296825527557,0.37346422556635606,0.0,0.3974666162465661,0.27897205764461713,0.3990498207911897,0.035935652178063236,0.3373153918949538,0.0,0.39987865688095164,0.15896256941252931,0.3227681227385565,0.0,0.3630093709422191,0.4022943098079162,0.030966779430600312,0.3336453819102719,0.06855992906414628,0.32066621107775356,0.29134929048539854,0.4560286690403743,0.28774700560097904,0.02552470939269142,0.1803691083739829,0.4196749585711911,0.3554777186161963,0.29895749982535064,0.43094112497959886,0.32766610625044296,0.07182354785962085,0.0306613396965868,0.3188378837622993,0.3463167409639414,0.37744413618556133,0.0,0.4738560335031937,0.5374799141873553,0.3812156660403716,0.44751937963080346,0.4105446166394958,0.3040482603279496,0.0,0.288087574335843,0.507538400868627,0.0,0.0,0.3352907228533039,0.26821065655827964,0.302686174680888,0.3299296850663032,0.3468491560953444,0.3222362471939091,0.3081828004857837,0.34770873710328254,0.2484080799997878,0.39420165458221507,0.44461314237049265,0.0,0.32604268167821665,0.3880572311701087,0.30857285760772285,0.0,0.04349124238860347,0.4339713836289674,0.4339713836289674,0.31635687640881044,0.4432498721404177,0.21132146006950922,0.4220713046807062,0.0,0.3619894503159149,0.0,0.4501342122572446,0.4259445980016122,0.0,0.42485077392111026,0.28782746363349826,0.0,0.3611028422343033,0.19418985739629022,0.342449743069481,0.04997998891969646,0.0,0.29301445893444567,0.3394521293919572,0.42856777833859044,0.4010817125928455,0.4799708362869539,0.4807266731254165,0.33215816768333606,0.3156961794132643,0.3297625399051484,0.3317382020484699,0.01769230397661479,0.3319682005034276,0.32265109154497124,0.029746745156840955,0.34805019463344455,0.35708353047505065,0.4336981231681251,0.4084149919632832,0.41661024698926147,0.034171690448188435,0.4111707881014351,0.040240784727026024,0.24969710560113478,0.391065198583805,0.32299608697630794,0.34925150805309785,0.37404634781240637,0.3066447657625033,0.35884490303004757,0.3741620206974485,0.33690383148609254,0.32249699693364137,0.3059194516337325,0.31237179984928504,0.0,0.23015845607711957,0.33963860169798576,0.3676331663716819,0.4733425480216604,0.47453287814956085,0.30519610605636494,0.0,0.3763179652517679,0.0,0.32227224812211963,0.4842450283079295,0.47371396562736634,0.3951289580545077,0.33811220655283175,0.34145300623209696,0.25377349413439276,0.29873770231419483,0.442608486811441,0.3618015287255226,0.417243242377614,0.27736439322333295,0.4607613778677691,0.36214712782192104,0.2349879634392556,0.4197584198296182,0.46228288332860085,0.38892645647601864,0.0,0.4675790148933592,0.476404075906341,0.3764779593328096,0.24420382438483332,0.0,0.37502056910099485,0.276115737278134,0.4472288703305305,0.35488867176213296,0.42797469399130617,0.029207010163016797,0.3757776956790862,0.2941659540880883,0.339220866639268,0.0,0.4628153490304316,0.6004090448645028,0.5993059153761053,0.11353942827177668,0.4071947776695683,0.043631636855566085,0.35814466188992394,0.044871232744344305,0.3492063746138235
attention_zero_shot,ITGA4,0.0,0.30863273799553004,0.09259269957369953,0.3922622467187902,0.29569823279082136,0.3803736109101468,0.11239047175176342,0.07829348098376372,0.4652740733101589,0.2918479373337166,0.03325930941254306,0.2735344297123491,0.3034605448609419,0.3680288100688924,0.31287909626427346,0.33930746235567166,0.0,0.4237336070195494,0.31734953600224597,0.35052800728115535,0.12705771235749172,0.30290961987667964,0.0,0.3329133087277565,0.11013117446550684,0.29449559148952326,0.0,0.3285883782389187,0.37956271432324257,0.060364612648294416,0.3017692463524576,0.10480349326660128,0.33037097917688485,0.45470092658280836,0.4999992260835055,0.2810468023740911,0.0639315125380019,0.1848337835605064,0.4092486553565989,0.33312260127489624,0.26035724097246526,0.3785933563978616,0.30305881991942213,0.11796651150242503,0.06942477141025903,0.30635067025691126,0.3241296720408409,0.3450141455847909,0.0,0.34421914918622487,0.2884674127793126,0.17368328504656638,0.43894575945364284,0.3855802042345193,0.31679293545124465,0.0,0.32374973755294506,0.41982333896330665,0.2616981000203735,0.0,0.30267062341944007,0.297549054182167,0.3088373058700373,0.4665506208025283,0.4649147218579126,0.505432102180751,0.48577578395624216,0.4342423583844812,0.23038378447731944,0.36851225299881135,0.36502647412751943,0.0,0.418411757354821,0.35999418906122893,0.24769692703449273,0.0,0.1817969380222975,0.2968940295612127,0.2968940295612127,0.32031309797611807,0.4337111850474189,0.21973145859236493,0.3443663981282301,0.0,0.3349005727239979,0.0,0.4119762380518364,0.4155769885549714,0.0,0.3860082385555733,0.32783376943344367,0.0,0.33236470214209257,0.1497597605995272,0.3421587351173631,0.04741898386236818,0.0,0.30315033751201975,0.31958962476292524,0.4291701524116196,0.4110388893752744,0.3542876702038522,0.47730067846802504,0.35837102663572973,0.28176870642722057,0.38292302417349716,0.3659695367578137,0.15862756771642236,0.2968940295612127,0.25658342141052654,0.09455506160872393,0.3640150722845175,0.39327818247158175,0.4590507962719176,0.43771997183746647,0.4294609554437096,0.0738247115797608,0.32688629630000077,0.09810223320453454,0.2823352462770596,0.4493031654769131,0.2878972407866305,0.31999483472109236,0.3501203670094311,0.3589769287664128,0.39876953716237157,0.346916358143883,0.3649501576306346,0.2976421627345012,0.2792549197722182,0.33830915287112356,0.0,0.11508225971473704,0.3217420137410571,0.33881806029292133,0.41259451514572615,0.32913754428455216,0.27592320491495714,0.0,0.3624212827347457,0.0,0.31809734128906353,0.4189817005557737,0.4702643357537321,0.32117904552896415,0.2647321189418399,0.30647125632125183,0.27440882402514,0.3326914255733185,0.343933437854265,0.34174072558027263,0.39948703095365656,0.22085553007074404,0.40717042788207936,0.3276072050330623,0.21253794870440218,0.34830556040173904,0.43233380883361894,0.3727550917947192,0.1972389272437428,0.43359266246010764,0.4726219233470409,0.3617227337885385,0.204232895015527,0.0,0.4188045615089702,0.2540750423293397,0.4376443661154223,0.29050931776982897,0.4088441724423765,0.08680196415808683,0.39995167398831205,0.33139536163588923,0.3248345139339059,0.0,0.32275516845028823,0.34783569370472506,0.35210705985004276,0.07671573212081075,0.434195969304665,0.12833582252291043,0.34712042694546835,0.12132836495864076,0.3807618889411168
attention_zero_shot,MARCO,0.0,0.03505523890120647,0.007666943359057069,0.10230469901525921,0.07562736990691023,0.11807555152722289,0.026228924723293443,0.006895027981301883,0.11629134238711741,0.06587801648840212,0.01037277712011314,0.037933967848348626,0.1328506557413923,0.08977259359531631,0.12051755927807678,0.05795354573077358,0.0,0.09782066475816956,0.14843833333273462,0.09070252471597176,0.009790881411857244,0.05037506376806698,0.0,0.08489025663817985,0.02035124704926364,0.05512962279969481,0.0,0.054177964784940275,0.09365763316228669,0.009589494742089233,0.05160218773186856,0.01659372842144539,0.05682999878737547,0.3838019553356097,0.15341159743252966,0.055047289934869785,0.005045354500266523,0.014414860241966657,0.11239110687343941,0.0786050919745808,0.0740283191520156,0.14609275152326515,0.043497028083659066,0.028012928860818034,0.008260544364171256,0.07590136424559496,0.07264938514473392,0.06480584533884176,0.0,0.06996585582616473,0.13254885730268473,0.2385986182555439,0.11871196788930392,0.13979515682013544,0.056715310936478115,0.0,0.047443890219849925,0.18241641255852334,0.5330727802536378,0.0,0.05350293752672927,0.037281710086935066,0.06225556768004024,0.34365836833191354,0.32225094367324514,0.4750330316330924,0.4421063970823502,0.27032057356175415,0.02312384815908218,0.08621928161405479,0.21716540329190817,0.0,0.24693470880788826,0.07948934449898783,0.03163720870437969,0.0,0.23052352193690878,0.041395389807695415,0.041395389807695415,0.0635621556848721,0.11773632027844835,0.035511762930770636,0.07938500926689035,0.0,0.07840411858990938,0.0,0.10924382625985321,0.11115158788339159,0.0,0.10927460951672338,0.04628520258468694,0.0,0.06955453701426738,0.023240868413346844,0.04599331653649362,0.012703455401303486,0.0,0.05922371925859791,0.07331883567621923,0.11326402542263889,0.09561897361403233,0.14138656126146984,0.21335719613275003,0.10161222460384342,0.044697875771157865,0.05213793039671617,0.05955920993632095,0.3440198356711119,0.041395389807695415,0.049697983715125474,0.007010808332236324,0.06343875501931505,0.063987757561532,0.10971745976808003,0.10184082528054476,0.1089195236109766,0.006618896765738079,0.06913712561148098,0.013071788157052663,0.02619222606509168,0.09296948945851836,0.038635697153849055,0.061825045721434976,0.06579745653096017,0.059442159104654856,0.0582420337034973,0.0760392696715916,0.06357826557107066,0.08840346343797215,0.05447775910578332,0.34408415157911054,0.0,0.19593193855093646,0.07816178010019714,0.06955317643661435,0.11312560308837155,0.06546181311681351,0.05544748270462308,0.0,0.09158801399786881,0.0,0.07186187012745422,0.11162386393389793,0.1265911090541653,0.078005708755838,0.04202648331884452,0.044579650562133526,0.08141103129722645,0.3126922998666212,0.159780959970827,0.17808130896651717,0.1043383430776966,0.03480103474419141,0.16368985251475415,0.05268504157343053,0.039738397529499425,0.07727051645612851,0.11685645586121503,0.06900836546399852,0.40368613636212775,0.10685185941126492,0.12734667509501923,0.09239358285202029,0.40195061087163,0.0,0.08138328496490775,0.034320342088395024,0.11854937167663127,0.04921480481175272,0.10781639397337284,0.0059768468098164015,0.08951307121277136,0.05098095072855246,0.0824931955001299,0.0,0.05483571528671226,0.28645798192265715,0.29932102004008554,0.014839855591118905,0.10225296479837387,0.01474657574581966,0.06992418030133753,0.013939897016467397,0.06657590050626468
attention_zero_shot,FGL1,0.0,0.1589131224834185,0.0199315287495871,0.411059547425756,0.2840422856702586,0.22860915347337252,0.06809203891955941,0.01645540654303494,0.4502561837480516,0.2799216036849895,0.02898430486283134,0.16258165335460878,0.20006541811304573,0.44751631593331187,0.2751162335470201,0.5048012760001301,0.0,0.43875679351487556,0.17799908145063656,0.33833428322806863,0.025073929006764778,0.27646299926193274,0.0,0.34931703671188136,0.05680101287211086,0.270171494653657,0.0,0.40953182539407107,0.50480127600013,0.027885316710661162,0.28004725276161174,0.03480857012048303,0.27050851613323923,0.20265579145881282,0.40647454508165826,0.23418317824968013,0.0103054151716357,0.055207183254717476,0.45605993308860066,0.3564652643948609,0.11112178196393659,0.41317011479855226,0.1910039061688989,0.06091399979179758,0.02059255703673003,0.28534231501687546,0.33653418400008667,0.5048012760001301,0.0,0.4417011165001139,0.19008455293968046,0.08496921259433096,0.4965550874711737,0.3522419207225547,0.2449524759554378,0.0,0.17973719613676942,0.2612583905878945,0.0,0.0,0.28093973543026757,0.162917103058669,0.18796686136353027,0.2765743825842737,0.32686063396323256,0.14919338542809343,0.14161053814352295,0.32323305269941227,0.08939152904782266,0.5048012760001301,0.3872416543247163,0.0,0.2591714294171494,0.5048012760001301,0.1452517541591287,0.0,0.046700344150954295,0.25240063800006507,0.25240063800006507,0.2780119630275183,0.49600192120017994,0.13557336134919573,0.4096488742214997,0.0,0.37768594990997223,0.0,0.40374321337333463,0.46750290279165946,0.0,0.3864007459124053,0.20641524048632773,0.0,0.3773964302740868,0.05396953357671554,0.29344155618699463,0.05420262717235903,0.0,0.23903804443574592,0.325678242580729,0.4766665615794662,0.4774721736797159,0.369786148931764,0.36453059894993767,0.2429859993827382,0.21640917118131212,0.2715709568402553,0.29155192350061254,0.01215485855766173,0.25240063800006507,0.19430864600101264,0.014994728609737114,0.3273563430349528,0.3637524043929051,0.43706423443812187,0.4685737783972453,0.44173251947587655,0.016678694339626533,0.3599651389583402,0.0348859771761393,0.1096908600158443,0.4395497436420748,0.2243561226667245,0.3365341840000868,0.2990531876135468,0.25057823773030424,0.3754173559898274,0.4236971539161471,0.30758954722066423,0.14787445807318053,0.24383283943471598,0.2230001122972149,0.0,0.0778771330852918,0.3282394323309783,0.4038410208001041,0.4676141633625248,0.36712820072736735,0.22818726469277292,0.0,0.39007371327282775,0.0,0.2995715689545315,0.40404864092072007,0.4980376220028656,0.3292823759124232,0.18954325311823136,0.2884578720000744,0.19097366572639551,0.18680952736237919,0.3060200196074335,0.36944740142520566,0.50480127600013,0.12934033104730355,0.4396432258450906,0.4038410208001041,0.10449095242233868,0.31464094857160735,0.4813949540886795,0.3310284704117897,0.0,0.45155340299613217,0.50480127600013,0.39172127801270445,0.0611054146202794,0.0,0.4129489571479936,0.16030471252365386,0.50480127600013,0.23959129622158998,0.4282992086950326,0.013210635433655438,0.39544854117547085,0.19445987175535895,0.3308849849426647,0.0,0.3605723400000929,0.26061681340496484,0.2882302301173981,0.03359393860766527,0.45787766251870754,0.04562929224423683,0.288660263886573,0.055808280498843885,0.3382155442612652
attention_zero_shot,CCL3,0.0,0.20297084128311305,0.1622827872775381,0.4287119392356461,0.29918744654821733,0.34081590740063916,0.3062182115052197,0.19328955219889588,0.4294773523717514,0.34245553576113436,0.018457594452614544,0.4208210750252235,0.2763072310268423,0.251082318949344,0.5688545842551649,0.1616783912368706,0.12190077651969833,0.3091465725013937,0.13773055299119727,0.47033284801675596,0.07945994934509144,0.14653790207511921,0.0,0.33734777556876977,0.22545645180500126,0.28455592593983287,0.0,0.15674415537512854,0.2499099901759944,0.01570043579708637,0.15954402571320742,0.03801197664978236,0.23373609292347058,0.14851306898415167,0.4292190000933112,0.3402753260220684,0.11378576889090843,0.20940572121775214,0.3470476350359465,0.22787883829193306,0.5050410599626346,0.3846056468614573,0.1755287270803877,0.08056308573757011,0.06690459563116682,0.496443509336459,0.3248360955268058,0.17438664622810243,0.0,0.40360130988179693,0.5823983840511893,0.4890681964386177,0.3800247027217376,0.55443784882399,0.35666090353580077,0.09265992378557146,0.2475674956468511,0.534179610247583,0.0,0.0,0.1560572007018997,0.3784423797387741,0.2085417302701034,0.1651400011929621,0.17514848611374767,0.20808479996528093,0.2046060609939901,0.15900991632511377,0.21711080103277416,0.22601393212998172,0.3117824985384062,0.0,0.15572030062246786,0.20742810920530516,0.23274473331646764,0.0,0.020856379447398016,0.3256121274799149,0.3256121274799149,0.3687881236477729,0.36951483137053,0.3208744513237837,0.268695151213632,0.0,0.2026957261996501,0.0,0.5216189392327307,0.35177960574511097,0.08242207407697894,0.3980563800941098,0.20555708330335207,0.0,0.1919937515506991,0.218312234030497,0.14615599867127854,0.02331819398819368,0.0,0.362374598989561,0.34803876654057486,0.34893992640115634,0.2641400005311099,0.4297876826144833,0.37655524874206453,0.3018894803556572,0.1383313318531075,0.16009660441885817,0.22010484265185232,0.0097673283282802,0.14012127240528785,0.36191908181616433,0.11468856047158543,0.16550452114428033,0.2492826278853844,0.3924459378566045,0.29571867081040953,0.3589448012306989,0.12710452399314864,0.3684818401852526,0.09698142639048493,0.19360530446171592,0.26546459731724853,0.24470872313012396,0.26109083799496685,0.3268453840467084,0.21074139804068057,0.16594326069265194,0.20742732609805248,0.19008859925408736,0.31207518236585513,0.1715626258118606,0.2055902317243932,0.0,0.34527474215878456,0.328963275832094,0.1944638523799736,0.39899161229689084,0.40435237455412915,0.15729509581570067,0.0,0.2931466129115536,0.0,0.2739749507399018,0.48062929863041665,0.4428653288210736,0.36250761764626227,0.28599448041116493,0.20826231198734774,0.16086937352008823,0.16204196464536524,0.4144688287120951,0.24562636469194712,0.2923918711466837,0.5581259243521287,0.40645941143626474,0.15569030267254205,0.23001571285028322,0.33360932715440816,0.4196993746367473,0.2865737521298178,0.0,0.4329072531553231,0.44197595907164583,0.2879561965913918,0.2814158628845791,0.0,0.2264504709561627,0.1275664050270131,0.37164911176364124,0.17932976503113415,0.35603901507440444,0.01405816901592838,0.27015171737350463,0.1407756637948517,0.3638077655421307,0.0,0.38053045960408605,0.6184699338336845,0.6219624155060562,0.2672163451797112,0.3031938290431497,0.024559795211479475,0.23644142113720187,0.02254303432663683,0.19220696355043965
attention_zero_shot,F5,0.0,0.32043890892063454,0.17948984518155447,0.41256095976943935,0.28279567463607086,0.34085929077529986,0.06912889882048581,0.12745364441232807,0.44498966374378407,0.2792479245867197,0.03162503207287737,0.25302968708548723,0.2112109128039652,0.41418199548963763,0.27478009161889133,0.3886562048020762,0.0,0.5020780155856978,0.3306953868589602,0.36145477999874626,0.22384912534377624,0.2751457107092959,0.0,0.34053921921384034,0.06993883751970613,0.27061714016801225,0.0,0.34863374015404935,0.4501447719069282,0.14668029045956799,0.27803762098625456,0.15250753082683194,0.3562003328686515,0.2142983484830144,0.395310927458522,0.23811425059371522,0.08809946756284741,0.131031237378391,0.44246372571937265,0.34354924427319344,0.22212538809158935,0.39376887601309984,0.305450417407491,0.18548645919436724,0.1355907787084661,0.3061432039732867,0.3273880339435061,0.40156121271297107,0.0,0.38530445553475,0.2038223163837374,0.09007846632864142,0.48083270474365436,0.3650734197892345,0.32352556431165425,0.0,0.33839193988671523,0.2639060948269834,0.0,0.0,0.27853156347991176,0.2902763128010526,0.2579048459767537,0.2756183240006851,0.31236743386744314,0.17063995032825496,0.16031062320930856,0.3063257463342823,0.18031663428409064,0.4384326638869564,0.34552146497173664,0.0,0.2625063554638676,0.42737122853476084,0.1720432024633168,0.0,0.2659550976199261,0.2591041365347175,0.2591041365347175,0.3284042498070223,0.4784732319769519,0.19350904655971946,0.37536443906713035,0.0,0.35293893430857226,0.0,0.4148723726826703,0.452503535931072,0.0,0.389883296583205,0.3479571375831403,0.0,0.3494270178287362,0.22212423122564395,0.4111178257681846,0.052260547299440255,0.0,0.3008076055483244,0.3196020015548197,0.45929163153900293,0.43843197557006,0.35209978250853824,0.38935690498769093,0.32961743601012977,0.23136969449403477,0.4934951382836129,0.4314298156635729,0.014933975754105351,0.2591041365347175,0.2202639660345038,0.14556740887503097,0.4614733028278471,0.5344393961661205,0.42738464027141015,0.5365162745630264,0.4619194980136914,0.13297754880996304,0.33664407086385545,0.19112108284665064,0.27263117699038353,0.5230068847552082,0.23917304910896997,0.32052842140107063,0.38432285657963905,0.3664064093047706,0.5884135449386751,0.3833808818329138,0.43207856214990126,0.2680207380622324,0.24824488469153233,0.2897177798881639,0.0,0.07054039075713914,0.32280252513810453,0.36631819588693787,0.4513555775493163,0.34189698282780867,0.23624614994936372,0.0,0.3802768316337606,0.0,0.3229159173723012,0.4369357450154978,0.49163970743835933,0.3221859706238731,0.2070101753257663,0.2826590580378736,0.19762978555314054,0.29608822408488983,0.3019583364555049,0.3565225657157145,0.4660862522674454,0.184808977997441,0.42333765587035216,0.34547218204628993,0.3001737334299383,0.38641623077804765,0.4681324892960029,0.44484296115808525,0.0,0.4372300214447634,0.49730804560025554,0.3808839921573697,0.06798587992051136,0.0,0.549687960060092,0.2034017184229388,0.48583881539636614,0.24899696404514202,0.41675935128088365,0.13409825421916405,0.4620024628723753,0.36656681758873183,0.3267154241327616,0.0,0.32855008312879447,0.2629956774447763,0.28299053127960616,0.043464104440465265,0.5188812034981561,0.29112232823188233,0.3847312084169424,0.35897969036310895,0.4766469512252416
attention_zero_shot,HES1,0.0,0.07869786189935828,0.018460729997925713,0.32425437119138245,0.21210991144479743,0.1342247995973487,0.0849281189349801,0.2501019920185569,0.4181055080272958,0.30349538829962586,0.5362491679885691,0.09184587365366081,0.16988295088055047,0.17018038164241722,0.13933705571584454,0.08133229465519728,0.0,0.21897411277505346,0.08744368733382443,0.3055572047031382,0.020353929990922708,0.26584042486741477,0.0,0.33667438889847484,0.09626571534557148,0.32704158057510396,0.0,0.0799764415350598,0.16242209959358866,0.017419479155641033,0.09226537496166012,0.030593082555959564,0.15288190853351866,0.09489885040876357,0.2559170290961244,0.15216102911573562,0.014194650346947838,0.0441712635593282,0.29432199954355204,0.1844710286810791,0.1536678795248839,0.24090882354946316,0.6275476312820608,0.035991151094694744,0.017329002597868962,0.2758940544102697,0.15772831911894925,0.09219047366404173,0.0,0.10964359583090208,0.09024283614241825,0.04503622106659313,0.36875368900127437,0.34552007514198435,0.11983243992806006,0.0,0.19507543035743627,0.13424170202542837,0.0,0.0,0.4358364176730158,0.08453535900432217,0.26224690065593853,0.12274070676075839,0.12819584928345876,0.113661552813362,0.11358691192101655,0.11331453966084248,0.1188545739066478,0.13907806483859722,0.09224667495536562,0.0,0.09090172273701673,0.12166267383090518,0.14256879574576348,0.0,0.02155321431182016,0.07358636183089279,0.07358636183089279,0.14283479125270143,0.31131686945134995,0.22639870711888202,0.23043674568779515,0.0,0.12726254131333226,0.0,0.4250615780914509,0.35512513559510106,0.0,0.5056712731503662,0.10208723901899147,0.0,0.22776235961855648,0.10882081016535229,0.07623202405380339,0.14602895283910655,0.0,0.13213090174001282,0.17180688635230118,0.3046514152874606,0.2160021937516334,0.14860716872439864,0.21253494686005192,0.21871139541814832,0.5664484448709532,0.1961522345482983,0.11472505737813556,0.011761299933955614,0.07358636183089279,0.24777695859619245,0.016643082248299027,0.11783792026765481,0.10702150310968248,0.4204909514511716,0.21670790767505269,0.3063200576381792,0.01751198662835388,0.18637937233858567,0.4859516011118566,0.5205974157894221,0.22053871900475827,0.07187505109063946,0.11108331088908734,0.133664346050572,0.15927637536441946,0.09022789231282362,0.3801690974244952,0.49247695465455427,0.11402770022493143,0.6239261066308165,0.25109900188986806,0.0,0.03388199402396898,0.31756777369890105,0.11613255229313676,0.3388727497030762,0.11355182890884484,0.14429782350473438,0.0,0.2337777625243769,0.0,0.4740520981389496,0.4912711151759066,0.4052782240192372,0.2657628031740263,0.17279607496512348,0.07538115114384139,0.7385820357998898,0.1099152423346551,0.20747551586718593,0.2059766590398929,0.20680458542406624,0.10519206036491258,0.2711713267222289,0.07924685120249993,0.16735928279231027,0.21971484614538134,0.31692176757128027,0.12735755238971222,0.0,0.30854557286729467,0.4003089299539777,0.4103494486476541,0.2832310959356336,0.0,0.1482787030636098,0.0776832383178566,0.3011073356063649,0.5673135547764888,0.3533693679957538,0.015933256686447336,0.507011582620323,0.10627381103605553,0.22857709382716776,0.0,0.087693377387747,0.12380140320005388,0.08041104604371814,0.10621893963528527,0.40261360973429605,0.486112963539636,0.6204898237229389,0.022720898458985495,0.5188802051114484
attention_zero_shot,SLC16A10,0.0,0.07945656124170924,0.008207100073359395,0.32542214171205686,0.1768565174928025,0.14839541541254006,0.021132012078483954,0.008619498665399253,0.3906196031191706,0.18661440245665964,0.009661434954277114,0.09622179484252358,0.10479617139254777,0.20561560461800815,0.15804549586743705,0.0841335460000217,0.0,0.2596723879985998,0.49180875559287335,0.26710601307479104,0.011877124266362263,0.07898942836055221,0.0,0.21232996349153574,0.024343291230904656,0.12413284889492347,0.0,0.08190636507881421,0.19886110872732396,0.3571167087256707,0.09937160581863642,0.014332940637845954,0.1317862001674755,0.10132789572940641,0.27945124974364005,0.14902565888616007,0.006341793951775815,0.03649288384633867,0.32575709506328615,0.18671990039730813,0.07071386124977783,0.22953895266586236,0.08489062496395507,0.023996424160405108,0.007307036367871946,0.23528225975075695,0.18356410036368365,0.10096025520002602,0.0,0.12620031900003253,0.09504227646984023,0.033472720112918256,0.36051259775304395,0.3242862127287012,0.13361044143023879,0.0,0.11554534037363749,0.10291997204977663,0.0,0.0,0.09364657847675587,0.08714170628719504,0.12633838222794658,0.10895354465441084,0.11598280559985671,0.07268395700343014,0.07724211171464888,0.09235230077126065,0.050525646853117154,0.16826709200004336,0.10039598445455608,0.0,0.09718928603143101,0.1442289360000372,0.06225075178248373,0.0,0.009340068830190859,0.0721144680000186,0.0721144680000186,0.16217364509938567,0.3479416462150516,0.0984299746781832,0.1536183278330624,0.0,0.14878537420695875,0.0,0.3830384332003431,0.33000204902940666,0.0,0.34615066821319646,0.11040815188803577,0.0,0.13391486235532113,0.023129800104306663,0.07607744049292453,0.010840525434471806,0.0,0.1471003350373821,0.19796128470593333,0.3253438436177309,0.2193791068258154,0.17516186002030926,0.1293495673693327,0.15620528531747455,0.07679035106433656,0.10183910881509572,0.12957863266693892,0.0034728167307604943,0.0721144680000186,0.11162411578781577,0.008330404783187285,0.10159334783843363,0.12125080146430171,0.3330013214766643,0.26031876577624735,0.34246678476219644,0.006867697669257984,0.1277295654368304,0.014364814131351477,0.05618312342274952,0.22513523454837975,0.0696277622069145,0.12620031900003253,0.15317358389962155,0.13667903876198412,0.09733042562699229,0.15034415138960058,0.14132492710138628,0.08494915676544414,0.12772196351342266,0.13884912652468098,0.5136211114654555,0.025959044361763935,0.2130677016885298,0.5758670318719845,0.3214847373117358,0.13027129703229165,0.4971414136841719,0.5230172600196058,0.5549601234051329,0.5395356680875045,0.19971437930302102,0.37637407647409543,0.4345933389451757,0.19208138594891355,0.0812328227649563,0.0747853742222415,0.1322125378105815,0.07692157009039144,0.18111388915541984,0.20881809645772492,0.252400638000065,0.08892147759502118,0.2853824448468132,0.5740096722544012,0.04478183675243086,0.1611575590244818,0.35952281381306445,0.14712376462746207,0.0,0.3147190384518497,0.4326868080001114,0.2611475186751363,0.024071830001928248,0.35494556782655784,0.17697812449199726,0.5063924674997073,0.34947780646162846,0.07986376540719667,0.3059280062107375,0.498774245938498,0.23726912470528252,0.08934642756327302,0.23897248912525784,0.0,0.09348171777780187,0.11582969484665104,0.0823514943192566,0.01636627778322154,0.2709888206743371,0.015209764081412275,0.1574510530290398,0.011161656099768777,0.1392652241075798
attention_zero_shot,RBMS3,0.0,0.0273577242785444,0.017010550168233225,0.06160407037758342,0.04165036357178915,0.040541890867487135,0.013322785122559563,0.11304664199690735,0.06959351028041613,0.07570331809378132,0.23705144271454984,0.027806713583240897,0.03128875458012157,0.05678343055833441,0.0394830290573782,0.040921469083013744,0.0,0.061668811424189895,0.03104209602478635,0.05266021184574771,0.02033280100675979,0.03258706570405003,0.0,0.10269790400349545,0.012391796801759114,0.1516637921276525,0.0,0.039681843478261904,0.05853258607221865,0.01982419150345884,0.03655305969952744,0.016140017888361294,0.03882982423876462,0.02905186279559466,0.05904766656205386,0.03455735717580941,0.010430838704534526,0.012369494899302341,0.06615688838778941,0.04771398533934525,0.021584300654159658,0.05606320834319169,0.23678469367200528,0.021186857115467465,0.01729968576436347,0.04484107555878334,0.04551043791251979,0.04418278704397761,0.0,0.046020534250459454,0.028270159250735998,0.01614577532369977,0.1513328304249768,0.0560217524215881,0.037538666616228664,0.0,0.03338508102657422,0.036044072134216606,0.0,0.0,0.25214974345913765,0.02925834830845325,0.03359796437225755,0.037413908984373176,0.04157100998263687,0.02924360507651824,0.026998019544210463,0.039210907363886875,0.01845624041943834,0.054734109858860736,0.040554763318968845,0.0,0.03298598861996954,0.05135768655809813,0.02185995730218337,0.0,0.02646265013383428,0.03000907732754341,0.03000907732754341,0.04092178182340318,0.07094313421284688,0.02292491341041755,0.04847181333219356,0.0,0.046215411617598415,0.0,0.06442273535964188,0.18853470728584154,0.0,0.10088922517685346,0.034287267750288536,0.0,0.04404502789292501,0.019708094676871676,0.03439072537772713,0.4297635732820146,0.0,0.037286397685264934,0.0455540187828009,0.06810085239510272,0.06026601680363392,0.047580492302572164,0.04443126094540441,0.04056328024105389,0.35515478415961593,0.2913232173791595,0.041678522903820944,0.011865328691040336,0.03000907732754341,0.029370792224403218,0.013979488695883153,0.04068342078182352,0.04582624048284663,0.10404901362588617,0.06437383256380237,0.06726525250697818,0.015121514362191018,0.042768108496576474,0.2099949538936461,0.14962979147443894,0.0605441802488527,0.028133509994571947,0.040545542019551156,0.043931852953383525,0.0408516662162819,0.0442093942128023,0.33931049430765997,0.1498490942684787,0.028790940960629657,0.21643724769791242,0.03584035283044403,0.0,0.013833919272794162,0.2083103220364391,0.045315605786557175,0.06751398122574358,0.04279807213174844,0.03216744526300255,0.0,0.05591871957550114,0.0,0.1225604046174316,0.07411037501124508,0.07607260943803733,0.04611464179549216,0.02689814754534079,0.03215258285093937,0.16037407927362876,0.029272187476882244,0.04419298678265315,0.0527674659392992,0.06411306347209016,0.022453091085581627,0.062066611093626094,0.03751134665942926,0.026599109209599982,0.04530540526382727,0.0705400138215969,0.046683613824118085,0.0,0.06566780041715639,0.07666756830869652,0.32812631834575606,0.13801294961612537,0.0,0.054981986027747815,0.024090176075491108,0.07177855440597966,0.210195598037384,0.06260442631925009,0.012690678266877774,0.15647664029869546,0.03503743133109411,0.048823836851379455,0.0,0.03787096032340938,0.03542321463720177,0.03370110263385722,0.008679087706784204,0.14137897011008402,0.2401503139979205,0.1707083359789186,0.029768462794408146,0.1953263075769069
attention_zero_shot,BICC1,0.0,0.03104270555871687,0.01801784680392083,0.06527761172145168,0.046448611884821224,0.04466003840478394,0.014175214264875025,0.10193027216445769,0.0720995657568923,0.06827700518704939,0.28144710618359653,0.030475998340300934,0.035678788871125265,0.07089114414513231,0.04484504461297195,0.07267488422510135,0.0,0.07111051574943973,0.03556440681392607,0.05567599516531142,0.022177167036574182,0.04467158297478956,0.0,0.09301848010194812,0.01180796211752792,0.1503319251631041,0.0,0.06490339715858308,0.07742071304690919,0.025085789296462442,0.04759944465032079,0.016799101612100124,0.04614068457101178,0.03322088365206721,0.06499265013060228,0.037906868405454194,0.009692389636447307,0.012055875664506582,0.07223884116306571,0.05638886243710295,0.022771635796862817,0.06566388185363423,0.2654171527251961,0.024275558424100136,0.018959584948882918,0.04675986202788919,0.05296247346001877,0.07390528429001449,0.0,0.06706069721880527,0.03221583623724893,0.017239318590464004,0.14216597326299016,0.05709200467799104,0.04307747705261777,0.0,0.03645396609067695,0.04529426456404912,0.0,0.0,0.3047808436979595,0.032957862936081384,0.036331917882874244,0.04725117434998708,0.05512637007498492,0.03367859966009149,0.030007074683315205,0.05571131907451764,0.01934422944643781,0.076701648073908,0.06012561845973993,0.0,0.04153631115321362,0.07595595106486974,0.02463483261627436,0.0,0.038432991688654335,0.040374935680611866,0.040374935680611866,0.04639657327694714,0.07800348976471015,0.0238654271451372,0.06416943957877178,0.0,0.05982474954030884,0.0,0.06523075334716266,0.1829877883964111,0.0,0.09627840484022908,0.03924401223837549,0.0,0.058837396940417154,0.02166401446356822,0.04933855206256693,0.6256926016811727,0.0,0.04143659911932388,0.051384092967462186,0.07541547456744298,0.07553459247219833,0.058039503619824205,0.059416746519136254,0.04479619761020738,0.4158149037979957,0.3178564508389917,0.05128495811766103,0.012151570778295366,0.040374935680611866,0.0325658998872166,0.013861145645929829,0.056417299372153194,0.06293494085643166,0.09928497860477126,0.07589234243284736,0.07179139216775282,0.015373196675461736,0.056922017845894346,0.2317291782425855,0.147985354688932,0.07311251400819233,0.036337442112550675,0.05258488919875597,0.05196955199577702,0.04718559655668378,0.06652122252394849,0.3920484690200617,0.14915887936065625,0.031861794781205856,0.23229234022224668,0.03961330513029756,0.0,0.01576657593853622,0.20428018158700476,0.06214577814398434,0.07458780674945062,0.05696696329865231,0.03775917856775892,0.0,0.061446510212509194,0.0,0.11771665021686586,0.0724265422511565,0.07875140594412848,0.052663818070847634,0.03156234420061581,0.04542180264068835,0.1609890383500198,0.03519694654845885,0.050139526179595634,0.06128017174848997,0.07829957023613285,0.023518797923933743,0.06958339866662903,0.060562403520917796,0.031139159446069646,0.05371770948179633,0.07614798622396252,0.058056551715710086,0.0,0.07220492943237541,0.0797522267472464,0.27054348530037636,0.1295177990214222,0.0,0.07017762211392548,0.02697914195875622,0.07925484978963691,0.23994261895524926,0.06826844238058061,0.012258286991965028,0.15663481719109504,0.0418964785088119,0.05271404972535365,0.0,0.05542896321751087,0.04282189399223507,0.04652831119113489,0.00739434697763555,0.1385228855278413,0.2862362708942602,0.1743200822887476,0.04504461700980208,0.21119307339915055
attention_zero_shot,NRP1,0.0,0.29721500208621837,0.17294689510265102,0.4041212950553738,0.3049436413909093,0.31310887675647525,0.1770952268769335,0.18143393285000112,0.4194565609846763,0.3350449696377092,0.024697358092854872,0.4192568182917669,0.24081172417308253,0.28626895266343955,0.36202389645039335,0.2371353768149904,0.08938240266269078,0.36780421313111983,0.26229092528855935,0.41325749182337435,0.16261403459548796,0.21913436212058515,0.0,0.3507063315844301,0.17464953508870015,0.3122686440783183,0.0,0.23178457287024282,0.2883905489993788,0.0604271631146319,0.288399929499238,0.08142999438154543,0.3017459524962684,0.40021018449521084,0.3433332798684381,0.33607200844515656,0.12306219774445742,0.23979207865874078,0.36278677741923315,0.289127841460049,0.45110616129981823,0.41136422786051097,0.23265776339575428,0.13862702124227594,0.10934548814132121,0.44952601950300336,0.3390738683579304,0.24399860499922474,0.0,0.2923728118353029,0.34410492292734807,0.17848108015126415,0.3828661936889807,0.490006231679921,0.39673842694217853,0.06412557043288447,0.35451478654783736,0.32986385351283515,0.23101680571233932,0.0,0.22275764930163158,0.41851162815989795,0.23100165948926513,0.33320336598984646,0.3312879804757652,0.27402766058498723,0.27959212454284693,0.22804294372772413,0.25057367320897256,0.2736352721584185,0.23664953159127144,0.0,0.45943869342310334,0.2626273672135751,0.24603538178316928,0.0,0.22437342905903307,0.2832291206818798,0.2832291206818798,0.3969814894100107,0.38231942482176395,0.33151317259180557,0.25886360229624156,0.0,0.25323099071912236,0.0,0.4677660706007184,0.358927787182546,0.0586638797096705,0.4054692040870784,0.32475955078233926,0.0,0.2476288877329793,0.18388025713445807,0.24676722345485572,0.0336320158809419,0.0,0.39481821964202957,0.3474752573641364,0.3569948228946255,0.29625423857890754,0.3438564583744333,0.25689685549667274,0.348658688479423,0.20827644662141218,0.28903835311427667,0.31769022211851655,0.1917487799046085,0.2145510552135627,0.3611083441784582,0.15980939285369752,0.28866448874989764,0.35642656231142333,0.37734506685395885,0.3552341354753676,0.38301363329394,0.1408511518212436,0.35125244836406977,0.14172073062202037,0.2933767289450947,0.33590934817452955,0.29346160002453014,0.3055410461314779,0.34298563684867983,0.3382420006281637,0.2895705128059597,0.2589468424010385,0.2837939575660166,0.30262540297527113,0.22064753004522974,0.3725568120031391,0.0,0.10294776470753199,0.3364797653373011,0.25068975961295803,0.35342259490923345,0.33319181929340125,0.26121838662806235,0.0,0.3096818281919684,0.0,0.31230494569054457,0.4252527497832383,0.4399011311658579,0.32531602750689703,0.28193951487481955,0.2769851006828205,0.2755865060151747,0.2682216865106716,0.3401062537405182,0.30542469775962466,0.31644379138836504,0.4628665376957027,0.3621895645404591,0.23105498253768295,0.18141113416431845,0.30647172786291993,0.38899312569598954,0.3040571645665084,0.2056135479386397,0.38419821983394836,0.43875384633106956,0.3062268964253688,0.19461515728766043,0.0,0.323345168813483,0.19690117345608368,0.3760505903161388,0.21336027675420485,0.3381773767823898,0.07759588764898971,0.3298113401309325,0.27411562728842903,0.3704646265717232,0.0,0.3010750245251744,0.2921760425103715,0.27001830337418986,0.1861148282165858,0.35750669438346144,0.09795394026461728,0.278833032179195,0.08884815358114839,0.2912393156827764
attention_zero_shot,ACSBG1,0.0,0.24446294822092116,0.29466445102634126,0.10397999197690493,0.022411926155417383,0.09713799609704407,0.004877374919243763,0.2446997838590324,0.03965523914767445,0.1391997075602957,0.008721578574265268,0.3292065552259238,0.015704116326916952,0.027784778086415173,0.05207278337281843,0.01219755011227373,0.21083762204562498,0.12953142223432929,0.17286416684600708,0.1416315007727568,0.8204562148291531,0.01113472794837947,0.0,0.027603347881577846,0.20551085927404153,0.1572159546257024,0.0,0.012933241608153614,0.027486294699779895,0.21241041777588712,0.10673354599835849,0.07403812729502735,0.1926107918804161,0.012270308846116088,0.03265100615602296,0.18384930398224902,0.207857066147553,0.22443341661453284,0.03651157578735673,0.02360941855063978,0.2560816617100612,0.07388826016022745,0.07945622742888366,0.34102045190519076,0.8101665694380081,0.15930760127710952,0.13689562372236633,0.015028799109960056,0.0,0.018179377699235996,0.05300812952768156,0.05088303019076925,0.03978754495927894,0.10330973388054553,0.2898665964126203,0.1938113634661945,0.2864824111964203,0.11846707369674643,0.0,0.0,0.01729352263047866,0.38180862028689305,0.11786281499867583,0.016096568980587624,0.01788507664509736,0.014462293675363343,0.013537061867550175,0.015305753562848882,0.25191937921266594,0.02418872233776876,0.015171344164508977,0.0,0.012675660654409532,0.021257546904869973,0.18702974415254678,0.0,0.12807651928071148,0.008944870082334069,0.008944870082334069,0.23964663800420563,0.038688048605182684,0.18222799188435462,0.02200962358310392,0.0,0.02141111757112509,0.0,0.08925755666485448,0.03838012754738498,0.19536881239238468,0.046817524469084784,0.6356988114028367,0.0,0.018748795443644512,0.10580309825862128,0.08277219069479172,0.008965021547073094,0.0,0.24657164835882073,0.1348573677594513,0.037106211095419665,0.029794251046505474,0.022632252240280176,0.08672427115543517,0.2709417186314304,0.016281521613199217,0.1410021011590083,0.23953469879231817,0.003684508200457923,0.008944870082334069,0.15911765546490392,0.35049987332019383,0.10548154613448492,0.2633677060178469,0.03654421216530874,0.09085180616912789,0.08513982996919467,0.2796225222404733,0.14475787395084125,0.22283494583607458,0.20298507593755546,0.09654334370916248,0.21375211069511957,0.173494851085128,0.29447576186536206,0.3044948536255548,0.14829657942077995,0.024031637522746004,0.0982891957341598,0.31769936921701936,0.021152086650084195,0.08244506796805208,0.0,0.10449801760819981,0.11195206845772536,0.018756659033708798,0.03708884605456046,0.01771462242072498,0.014675650598402588,0.0,0.02979116066216276,0.0,0.15983835232449922,0.06067536062131243,0.043037118479443616,0.12361896253921432,0.17021830329828258,0.13729075429403553,0.021001623461359423,0.15719187158429604,0.023224293900157955,0.027771189412678796,0.032330876318043156,0.2544159806319864,0.03350114887236772,0.011181087602917585,0.1554549475791604,0.07401623639001935,0.03895037117206745,0.09942476657582075,0.0,0.035806031687765145,0.043229822590851466,0.03470731485874793,0.0071542656044685515,0.0,0.11975721021056937,0.043614888768909586,0.038985521398075144,0.014678268696477878,0.03476374708443499,0.08531125282441411,0.0810666363208626,0.10870209192238918,0.11709541292671984,0.0,0.01288182780853719,0.0162113674968203,0.011847296637323836,0.19904629511879846,0.08545864797645082,0.14798331411146737,0.08397619431008146,0.165317252976825,0.11035633037947193
attention_zero_shot,SYT1,0.0,0.27032850436187905,0.09409221526132212,0.3682398621649121,0.2860433006799266,0.5895971150725804,0.10993748788551745,0.08452421268077887,0.40722277383800753,0.24788840976496118,0.029289127204378887,0.25070987353857244,0.2523602054827731,0.4270141003693626,0.302875059492119,0.24301001953687548,0.0,0.3540308960628646,0.29923830896374115,0.416447638308338,0.12232222401139028,0.22908964117879402,0.0,0.28831605767030566,0.11919175892926291,0.2340035587850642,0.0,0.23896179318655397,0.2816349590150606,0.07364255486798227,0.2321667066490633,0.10978850753644386,0.2837082079016493,0.21574164325137146,0.33048632969553704,0.22667141145368444,0.07369199330661871,0.18904627803582025,0.3410235976157861,0.3024997376443305,0.257762391186543,0.29574854748207735,0.2867882294339934,0.1162004000836787,0.0786859325373993,0.30341287115372173,0.25964078233220955,0.2479494772059935,0.0,0.2753070769794789,0.28842955777649093,0.16746699192331,0.3656904509692001,0.37846785958324425,0.3026345473012397,0.0,0.3259343365016477,0.27341904461707,0.0,0.0,0.2608968995197487,0.2649101690390337,0.5373472819371087,0.2329964407461076,0.24089462517817906,0.20974308481467183,0.20717583494516692,0.2357710773841483,0.3338804629979689,0.2700918736537639,0.25984663215980763,0.0,0.22878955108204663,0.26170939499853657,0.23194496891445024,0.0,0.09661384532891132,0.26546658056757305,0.26546658056757305,0.3048501710851714,0.35715164429816276,0.21506752610313423,0.323674063989467,0.0,0.2545448075532237,0.0,0.4705504806527133,0.34434849214496516,0.0,0.4110097787607453,0.2914794095218455,0.0,0.25031655330393154,0.318393097616886,0.2994750120965165,0.03887466597918377,0.0,0.315539876635865,0.2621941953407545,0.3419118468113632,0.28822065945341807,0.3066926483254301,0.3208250552892238,0.42442725351470123,0.22030197957477013,0.30979544491750594,0.30686739616728564,0.016110898405747594,0.2776662242151982,0.24477796662965975,0.10127958673264394,0.2949999159683076,0.3133440694627282,0.3623219556163169,0.3595996773265796,0.48568529621257533,0.08258925487794032,0.28341231413135765,0.09746902619635005,0.25373310010539324,0.3444489362520689,0.2216933511564478,0.2442621019986341,0.3130183727244452,0.29716397998475,0.3120791541243268,0.25894889161007834,0.30408391211785346,0.3510571687024278,0.22830911970686796,0.40228290203643174,0.0,0.09619106928266306,0.26779029303721413,0.25268493310203527,0.47007793747997556,0.2815427809954677,0.22310131327858965,0.0,0.3019626010426242,0.0,0.2853891950134343,0.5437307881573892,0.4262079466287005,0.30940534304014683,0.2679040365016251,0.22975492756213683,0.22086407012320583,0.2826008927722466,0.4485822732477619,0.2732830857969237,0.30460796223411185,0.2417428435575062,0.43229775056565695,0.23842492482863256,0.626584956005459,0.6167952495889006,0.5480814390946344,0.6393445515781624,0.0,0.3505639448594758,0.4237706489995989,0.3105306392354464,0.12224430560378069,0.0,0.3324859053310714,0.28652547355886737,0.3584233691604608,0.25568396019722994,0.3651791862606997,0.11287613421126586,0.3384601053868373,0.6122721871917677,0.27823335128935567,0.0,0.2673051094806402,0.29831794282652907,0.28117277206256086,0.09939369870583012,0.36123226231106104,0.1151484953134542,0.35854704840228613,0.11007013860758438,0.3108298323317241
attention_zero_shot,CENPF,0.0,0.22740302804871854,0.03176390878746056,0.41712460315845407,0.3434338561147333,0.25359607901201847,0.18110113742913608,0.0760572804173432,0.45641369072272203,0.3518866999508268,0.033544416535793875,0.2163155985960407,0.4424520620933167,0.37774785173530934,0.2878133612250854,0.3454692710540351,0.0,0.39042601304490454,0.236148165752568,0.39534599326290076,0.03305629977253784,0.3742110184968602,0.0,0.41912581188378534,0.16019560080471099,0.2890754410954819,0.0,0.33105948705020777,0.3932688725378635,0.03041221994390431,0.2970060488754266,0.05855733750390097,0.3407491290976036,0.2510477139813641,0.3790250749463472,0.291589571978456,0.021130878681824502,0.1319416024119321,0.41848725735170517,0.3353303949954143,0.2076286784056121,0.37059291566900054,0.3047193350821824,0.06622955623133965,0.028754966602846516,0.3573949105718809,0.3246943903447877,0.35271163491522123,0.0,0.3507703408054051,0.24425244991696826,0.10936437801433124,0.4507581317729489,0.39070682992688255,0.27108558563572493,0.0,0.27752581455685565,0.3580760563471691,0.0,0.0,0.36775858400496814,0.22456857396209004,0.41817579865342874,0.34769217762457055,0.37252733316918274,0.2884379066870324,0.26701812763521804,0.37684651106947425,0.23279353338288147,0.38087638326427836,0.33109754868363456,0.0,0.28778299107379335,0.37096239184541024,0.30827245289398264,0.0,0.04268824957599225,0.29019418768538946,0.29019418768538946,0.2893329900645495,0.44605843569597925,0.23390123566612583,0.4535901931464706,0.0,0.33818556456546184,0.0,0.4468200830510836,0.42578136803282873,0.0,0.4863364771726922,0.24958000298299385,0.0,0.3352503686124703,0.1600368223316836,0.30373918672679906,0.04871098962526421,0.0,0.2793186564507482,0.3194098980861837,0.4764834555021552,0.4586194170081492,0.33976572196874194,0.4685637561463278,0.3163838805400675,0.3992709658641589,0.2929138300074924,0.3000145564892126,0.01728028092745389,0.29019418768538946,0.2640548290296732,0.02572638059905919,0.37818570617071035,0.32863606044678767,0.4099723529898027,0.4035712868586988,0.41529294688336865,0.030294886795865467,0.41113139349716127,0.11017782581590492,0.19839888548597226,0.43964678532119666,0.2790328727744129,0.31979516538397434,0.32561080509923973,0.3927824288455613,0.3276487950026253,0.35343993861470835,0.36342144540392574,0.2527253911126831,0.2717941552743069,0.31723420166781413,0.0,0.07003760654458412,0.3515929189852842,0.34348369615315766,0.4792108120994776,0.3312164212905449,0.26694343864583225,0.0,0.3671949667563711,0.0,0.3518596179927619,0.485391677547619,0.4824527628601072,0.43013647328565924,0.35455797419862767,0.30228561217228067,0.36251951662940457,0.31567040698714294,0.3067441338423867,0.3451460936090596,0.4143695975172113,0.17912498613468147,0.3981934989704179,0.3297661223697607,0.24158660412580024,0.40653272461807255,0.4426046299916619,0.31915470044614697,0.0,0.4601769449766654,0.4803781219572979,0.36674562646741043,0.17458737939892371,0.0,0.35718387329231627,0.23003997572454551,0.4508339840022591,0.4726316547287319,0.5274461794482961,0.024943780983531432,0.3638107621999647,0.2512196296463329,0.3252415768862722,0.0,0.32331899867228614,0.2850157152307168,0.3016596571629361,0.14115377292915887,0.4024804739386247,0.043034544161460235,0.4077536245662205,0.04475823510960352,0.3216344260578041
attention_zero_shot,CD69,0.0,0.25614420494351836,0.03343069923240922,0.42670960033215727,0.31344937120720684,0.2732891076251221,0.08548391167248869,0.02870074917069833,0.4410988730015985,0.3069462680814279,0.034760213032660046,0.23943350175055358,0.27437211106996967,0.4090250148267091,0.3119820781593489,0.39610848748773,0.0,0.41354391619941744,0.26413299588697836,0.38853234282871424,0.03453259988092092,0.34043108509349085,0.0,0.3568312764856278,0.15848684322356887,0.3203526041868817,0.0,0.4668433640102052,0.42871632404145005,0.03115957487251444,0.33498546120069783,0.06065983909331327,0.3177426372159265,0.5292866943339807,0.42784511237182626,0.27875931484578104,0.022185378759240995,0.15093130857456769,0.4343592505622663,0.3625976653827884,0.1959295288842229,0.39591252388584797,0.3268100513375281,0.06785326254269126,0.029669761523252684,0.31770851205513023,0.3506315499815583,0.4010490687837482,0.0,0.3933072826097089,0.2729936268117681,0.11754691618026207,0.4659498967030574,0.36497345729021274,0.2970227452724955,0.0,0.279340146728545,0.32318107369614796,0.34859017238731727,0.0,0.3373507587979439,0.2511541625897799,0.29746153572586564,0.4174215832163448,0.40969301930818414,0.354382883830044,0.3633811425361987,0.3553975021934843,0.22747579858389483,0.4202624404904856,0.3754068630631176,0.0,0.45194409754365017,0.4134993336497141,0.30112674675784434,0.0,0.16891902737911332,0.3327311294896932,0.3327311294896932,0.31296462440027384,0.46267442858828545,0.19263516121070262,0.4569060415981787,0.0,0.3736330160690483,0.0,0.4426373133195554,0.44214173026525333,0.0,0.4303575545150317,0.27616559161068366,0.0,0.37322978093774156,0.0802380454362347,0.34804850110628216,0.05205069641376943,0.0,0.2846589909221567,0.3415645552759252,0.44659558801931426,0.4240029436999112,0.37014925182895886,0.4192323494244771,0.28389753039661103,0.30998478629415155,0.32958360742499565,0.40001187065797167,0.2192659422966155,0.3327311294896932,0.2623956039833898,0.02695663068937843,0.3555877007906302,0.36802211767299486,0.4231010387318717,0.42889089507554623,0.4276583369427592,0.03196167724081412,0.4429672769669609,0.040184321102465045,0.22638371562038265,0.40867415130856266,0.3199337783554742,0.3564649428014776,0.3310313177138498,0.3003158741163198,0.37195810938210844,0.39141935093997954,0.33906163047038534,0.23390189775494738,0.29906142566168104,0.36545582528154413,0.0,0.07214144175005155,0.3415542986942224,0.38286975337936485,0.4991489586340736,0.36919583361581615,0.29732696850604917,0.0,0.3846281396269874,0.0,0.3207357173933872,0.4779558722222963,0.48396251524437917,0.4109921037815859,0.3408202469028344,0.34659492655176377,0.26808383878329906,0.28756150052629414,0.32986203699689964,0.48013786936821373,0.4431107744120111,0.1965581590052978,0.41788652758352146,0.37810355623828773,0.199845849027184,0.39607703017202417,0.4565970450588671,0.3513796563584983,0.2666452979226942,0.42969094715974426,0.48814033761501757,0.3854021798903507,0.2514478625778585,0.0,0.39041585907692855,0.2595795186442009,0.4679859766652848,0.3649330572622218,0.44402162911105697,0.026204037173614556,0.3864367950745944,0.2824967927377327,0.3406535123226141,0.0,0.3676283130517692,0.3172406711430681,0.34419659896723975,0.10951348862921262,0.4255983770931376,0.044948266524179055,0.36563281554621907,0.047106894372940265,0.35593841138385557
attention_zero_shot,KCNJ3,0.0,0.14712852281226838,0.0484738131316228,0.3545696194142606,0.20454023375861688,0.319307402462332,0.03302966329465014,0.04085348904161197,0.4029645407084946,0.2112934593443191,0.01527363361148545,0.1788765204716733,0.13648989232644837,0.3100651822304508,0.1885843288964549,0.1398800726623386,0.0,0.3167855174738718,0.6085299095163439,0.30748025205112417,0.10430146037020246,0.12576386494870734,0.0,0.24259152311508675,0.03985338641226399,0.1614591972480885,0.0,0.13503546180614281,0.24582493814750384,0.40944734269766475,0.14271297499822957,0.05029727834121493,0.19072932454094285,0.1345071664143996,0.3055328464219983,0.17461448553414594,0.03443048538405502,0.07485353388202372,0.35089931101472005,0.22250980778144674,0.13489479161089465,0.26482347359383107,0.14627605000546245,0.10303243958573673,0.07096953565471094,0.2682390161628187,0.2174994502517383,0.15574621193789476,0.0,0.17660636256045537,0.1278907250885405,0.04901398853091656,0.3855714947963822,0.3408174976106028,0.21665361003761702,0.0,0.20817042861890162,0.14369405071656635,0.0,0.0,0.1381269231740573,0.19295507808463308,0.3146329543195275,0.15011688606988666,0.1604697747643616,0.10521164372174875,0.10611450976227334,0.14015465062177795,0.14387343527263138,0.21807747337757963,0.1507539229937577,0.0,0.13894045491922402,0.19602179625276805,0.09808887293811694,0.0,0.05469448828761903,0.11836006148351727,0.11836006148351727,0.2289824097213987,0.3749268737073752,0.13169521775842197,0.19913143284096418,0.0,0.19251851107743767,0.0,0.4001634766378487,0.3560347852813725,0.0,0.3722201999664089,0.20783112193095402,0.0,0.1796385250891684,0.0739864856065012,0.15244251939360404,0.019536437821529667,0.0,0.21739619241186553,0.22763636764435774,0.35335768266373735,0.2621480984893171,0.21428631042618557,0.21269901356400944,0.226513792088825,0.11857439232984007,0.18958267959307376,0.21910131898365512,0.006662445499566109,0.11836006148351727,0.15833851818661193,0.07647609956970643,0.18013075143695986,0.20723201261677274,0.35402765242208206,0.3227748085877143,0.4303923288181994,0.03931166345672618,0.17302665596940245,0.05501638431823939,0.12092639685975791,0.2921927416877988,0.11397635550264626,0.169885556752399,0.24705502424159456,0.2497299506289341,0.191715752050775,0.19720086853960506,0.21125698891691075,0.189356927104826,0.16056197405336703,0.20590029601820994,0.4996215024335475,0.03511770378978745,0.24005482710576592,0.5164719828281419,0.38418592250242856,0.17574367939903343,0.42206710826816063,0.4594482945977229,0.5183630262577558,0.3814248100378653,0.24985052084517662,0.41132869674309075,0.44702781102557104,0.2234361526112778,0.11822137246498181,0.12309446394285796,0.15320589606759882,0.1518968690895478,0.26350484308773253,0.2423588393551426,0.2935311056466718,0.14373494781823815,0.31499919728798687,0.48397380802560025,0.20280541879691727,0.25482656628851125,0.40869379039106113,0.28013047676052,0.0,0.34108770363114077,0.44662543198975746,0.28839668301860527,0.03697419753401187,0.3746287518963929,0.2585806609692509,0.6644363106562475,0.37736847483455205,0.12335962345667244,0.3304870136665082,0.5583659751370922,0.29225892801259806,0.2590703952715269,0.2609167958798499,0.0,0.14328651498286318,0.1537654561485402,0.12938455136577362,0.026759853163145293,0.3285835004762362,0.07057366600061865,0.21649568196710325,0.06744182696573607,0.2156246852811968
attention_zero_shot,CALY,0.0,0.11442112908206688,0.013775633673344332,0.39565073851185056,0.25288166729922257,0.20218736683078467,0.05220838861157691,0.012591828110987574,0.4409707676670439,0.2541815953281613,0.021173008824793782,0.13131497361128966,0.1576530634583496,0.3795754795511853,0.237597127386592,0.24875727301111103,0.0,0.3982842757662143,0.13466190779629103,0.3236796381994761,0.019943359196195345,0.15958725057227738,0.0,0.31416904372260496,0.038703372949736616,0.21208314834262237,0.0,0.2120400646708984,0.41335698921833747,0.017708904474294365,0.19209175345273033,0.02811309720545108,0.218212153379329,0.15608081382053765,0.38021024988106666,0.20613868054982887,0.007798981457523878,0.034441535199725405,0.43191329246049154,0.3072529164235641,0.08649565638313374,0.3674551588853401,0.1341555152798481,0.0529740829795199,0.014644633994018266,0.2741764091856982,0.2920560670822846,0.2914312735092809,0.0,0.3064655770062161,0.1441082057070783,0.06510528346923464,0.4730000166116156,0.3474021754020932,0.32736311638612703,0.0,0.1539221708642901,0.18721002419269026,0.0,0.0,0.18490714685070098,0.12381977630851755,0.3464147578238293,0.20143201676075664,0.2350040195542161,0.10296277920944048,0.10492936705998343,0.20116063140559257,0.05736151912216384,0.38841763827784864,0.24190910516600608,0.0,0.17958757031237133,0.36255460767289727,0.08770984834012283,0.0,0.02684913722678617,0.1381984850061728,0.1381984850061728,0.24168676640777748,0.46951399078048944,0.11870313726967421,0.3184898270548485,0.0,0.2953213292774767,0.0,0.40886848365190426,0.4421371550011161,0.0,0.3796850263467557,0.16550549134335715,0.0,0.28132849950583244,0.04388225094882582,0.1598340192954996,0.030243520029781232,0.0,0.20829692978784556,0.2912689619080511,0.4482100774766382,0.4078671229783447,0.3095122074645677,0.2695348207920291,0.215461546995503,0.13375684533745566,0.19103328793369986,0.22878894335675504,0.009038856068871575,0.1381984850061728,0.15967552511008481,0.011633127609591284,0.21707883483696094,0.26019139136218966,0.41841065023222823,0.42072791234562185,0.42434464435557884,0.010739654890714467,0.2653498157997314,0.02773311887145972,0.06945860551762567,0.3843239035244821,0.12437863650555551,0.25099934377354427,0.2502135545881599,0.20953835866329343,0.23156284412297828,0.32377082951105435,0.24742242021146257,0.11489970103681821,0.19951755341820812,0.19363485196656252,0.0,0.06683017503374997,0.29919579624476933,0.2966355880960068,0.43999120997791397,0.2719159557546729,0.17536589608026035,0.0,0.3641738810013212,0.0,0.2733522931521048,0.3997282475878787,0.48880967735831604,0.2911892340207891,0.1292331286142816,0.1554732956319444,0.16996513519006157,0.12266097627522288,0.2699720609890202,0.32704495178186604,0.4438384181456017,0.10923457393636422,0.40766791098219435,0.2072977275092592,0.08341269127807519,0.26509278095721767,0.46044805920478543,0.2659433404496276,0.0,0.4254476127420663,0.4942209452981044,0.3632544483308101,0.04647891979204448,0.0,0.33867597614218364,0.1135185399502229,0.47697040611001923,0.14731765666099403,0.40469689599620906,0.009785934120547044,0.35767862891352137,0.140577726716452,0.31001132977497353,0.0,0.21857345513196066,0.19967354561967485,0.1700470113326911,0.02473096602853153,0.41676778246991847,0.03489872954984671,0.24609710377331143,0.03443908418336083,0.2639732587141832
attention_zero_shot,KCNQ5,0.0,0.07478137578165894,0.007056110526818858,0.35565791826302584,0.19913792559805413,0.16193339405466353,0.02015186194614383,0.007911873663528482,0.41409969656424644,0.2079032978652922,0.010022905179279873,0.09750698408640514,0.10941408537054018,0.2537759545717708,0.17829265982692447,0.07766173476925078,0.0,0.3082722226297666,0.6611298075848067,0.2900651034536296,0.012391846731273344,0.07071184953501185,0.0,0.24548063965170158,0.017750316522534646,0.13781972527353492,0.0,0.07414689821214968,0.252400638000065,0.515021156019864,0.10354586141887345,0.011862943736422943,0.14750211623326018,0.104948733695724,0.31840146097344724,0.16333656106223965,0.005195668905242847,0.023822449894452525,0.36937956105813174,0.22040752466731225,0.0654468140167618,0.2741073622930455,0.0818583978680849,0.027306727912638464,0.006708652561750551,0.2506075248503498,0.21415811709096425,0.10817170200002789,0.0,0.14847096352945002,0.09627891402735687,0.03296090869082989,0.4081905981285798,0.3348984359154873,0.14755323851303775,0.0,0.12135414464274308,0.10848893298374404,0.0,0.0,0.09472604222644293,0.0855465880734102,0.1339407752780896,0.11753929189069537,0.1292932210797649,0.06518113468333982,0.0723954655589179,0.09272128644676694,0.037559348664089394,0.21254790568426526,0.10631806426704711,0.0,0.10002164766693011,0.17816515623534002,0.048715573349444596,0.0,0.008339347169813266,0.059388385411780015,0.059388385411780015,0.18310087602081762,0.39825870972157495,0.09960944515334053,0.1860087589837017,0.0,0.1772870362195172,0.0,0.39149178468636825,0.3759743295087613,0.0,0.3616095345023948,0.1168108743495399,0.0,0.15708790905073472,0.022374358571361264,0.06528052133179386,0.009679040566492684,0.0,0.16194182609618557,0.2271605742000585,0.37475114607532284,0.2733624769444196,0.2091314121767219,0.15001170182245271,0.1719531872395181,0.06854491654970865,0.10710709190870492,0.14620912896038163,0.002859966719449819,0.059388385411780015,0.11768696916741889,0.007591686907824767,0.10758914085079527,0.1383116574699364,0.3693494308498567,0.31484535023326093,0.37781976015173363,0.005076124364234162,0.1475006988270741,0.016158818264720196,0.04313018361108233,0.27403140214944366,0.056089030666681125,0.14422893600003717,0.1756838129294741,0.15164470162203153,0.10114493374553321,0.18255330705386785,0.16228537502888582,0.08286132822154485,0.1404748359859191,0.1511762179478055,0.7847344970126415,0.031482466195584105,0.24207079226621603,0.6783410865672549,0.36915887992360064,0.15144038280003902,0.5101820351099202,0.6525420581334401,0.5904381495568367,0.6160799102095077,0.2239440858404286,0.3875146896029737,0.4604215867287146,0.22190010739317811,0.07639776019888377,0.06310015950001627,0.14044837788310252,0.06981438395969775,0.20697310570040295,0.24560085385871677,0.31332492993111516,0.0883277738505867,0.3316781913971324,0.6685946518759543,0.04755652874142702,0.18659524560011645,0.40283381969458576,0.17147411898353496,0.0,0.3593064361058513,0.4617562059536073,0.2991683381328146,0.021601271513218733,0.5903908222946642,0.21602632521748513,0.79265140642406,0.40197138644454794,0.07296370580082312,0.34585352343646386,0.6759668864074776,0.27830394059650937,0.08831597184003236,0.26551502729538207,0.0,0.0946502392500244,0.1264106584991671,0.07624936993758381,0.011397943456172146,0.32286446476426994,0.017870634845525396,0.17934072064477247,0.011592181579773837,0.1619745681590197
attention_zero_shot,STMN2,0.0,0.2789514292427611,0.036551394762029434,0.4171845749882552,0.3634378031140733,0.341872492793658,0.15046942145849287,0.030733794299704815,0.4502734221764157,0.32412870911083497,0.03864373409184614,0.25630125795044567,0.3472117432805424,0.44883430695005844,0.3349810841550012,0.46251618047700166,0.0,0.4425589106166721,0.2869733387156822,0.36559065752810743,0.03736651165513659,0.3871722790309533,0.0,0.3807758729478629,0.1239038047901859,0.3515806952805703,0.0,0.4396708037660982,0.47661121231804443,0.0353700246733055,0.3754642369985296,0.06798054210911798,0.3468408470035471,0.30468241099299315,0.41708562289962886,0.29596933435355743,0.02335154209423798,0.1596069111607451,0.45482941873461785,0.3930089433686792,0.20806833700659774,0.42654715421921324,0.3120716214429297,0.07626224369967784,0.03281883448566224,0.35773830753652475,0.37849754106809447,0.4647417118203242,0.0,0.4472588671175645,0.2972875648052682,0.13174241446602564,0.4869179967247421,0.3784985426921332,0.32065646230305306,0.0,0.2555325041101842,0.3593498230454866,0.0,0.0,0.3798118124536744,0.2717075544576999,0.3422729346872437,0.36672418956226177,0.3960621247272427,0.27699274144603897,0.25538787000079105,0.4041795711900367,0.2157566474957225,0.4730874543577837,0.42937036785040594,0.0,0.3621593575996655,0.470204379663025,0.2925814640335324,0.0,0.051468387978809274,0.3784223294811832,0.3784223294811832,0.3354862168894291,0.48554387608186833,0.2013652880013863,0.4316104859709041,0.0,0.4154075367931536,0.0,0.41360221228352617,0.4636487980416962,0.0,0.4508230786487929,0.29874693718300127,0.0,0.41829787510401856,0.08942727762125292,0.3981036684711653,0.059494194965544346,0.0,0.3211841419381962,0.3644913703241803,0.4944844508545252,0.46526171281098966,0.40506990079241445,0.41263690932139296,0.3010716424472817,0.34746348110319775,0.36788221641032975,0.3656972306865104,0.018982604655170595,0.3784223294811832,0.2817663313808012,0.028699124771436733,0.476744474644,0.4143170911881067,0.4394640660080168,0.4620623231927344,0.44320036130627705,0.034924977557049146,0.41062810692509005,0.044028618975305536,0.24598840585480686,0.44390373603054517,0.36196918472113176,0.3978652443302519,0.38469816553596875,0.3495708457814657,0.4254289350721096,0.43867019350652514,0.37210027249473554,0.25118771981857035,0.32417801700414617,0.290746592561566,0.0,0.08243790527886367,0.36178323805552365,0.4310206813577729,0.46346740228511385,0.41377985410346196,0.32542052840798197,0.0,0.40464361256189535,0.0,0.33868423894012534,0.42427977871608613,0.49925375567039537,0.36966649214603237,0.3154908600468614,0.39644244040885857,0.25254069664870016,0.3186221259878149,0.35303876077211815,0.3977929645410214,0.48241504895847387,0.2068458743218425,0.442605598055958,0.43817322360979105,0.1485710149023727,0.40681764522438096,0.47545737583311776,0.38675138903913814,0.0,0.4512923780401265,0.4991211885417993,0.4069432826869201,0.10632068814111546,0.0,0.43104553454501426,0.28339017219802826,0.49190073838290443,0.3625832961167254,0.49231572539604596,0.02793297108553514,0.41294414499658266,0.31006141820731004,0.3562440206303647,0.0,0.42048059640886476,0.3491985053021649,0.3914512720693043,0.08225978858460986,0.4554543804099541,0.05002877388687388,0.34826138099640164,0.053865213333517056,0.394325134437258
attention_zero_shot,VAV3,0.0,0.2588660689711171,0.10815717239984718,0.35846218189403745,0.34401049521852717,0.4370427657290604,0.5198287879982227,0.09151292053290615,0.47940613703645996,0.23744686913966784,0.022008088610757134,0.2158231926312771,0.1956309762007033,0.2820228504177412,0.4868434841506357,0.21573749829928793,0.0,0.376144019423784,0.25443807580112693,0.3722507724945847,0.13036180345838744,0.19542079820528155,0.0,0.41892834138773516,0.06734840293334961,0.21024042275692853,0.0,0.2094947157883062,0.28419997196527685,0.06133829620967259,0.20326950352934886,0.09634776554349374,0.26430396525810945,0.18422884835233522,0.4479385949630643,0.20722655975696058,0.06987466225095913,0.14377356480536296,0.3605357200147848,0.2570088970928887,0.34261572247724426,0.3044774813193826,0.23282378447628427,0.1042116324080523,0.06966497721281481,0.279886611072689,0.25130617883022266,0.22537295755598266,0.0,0.5534187525926992,0.5002909276870909,0.40107156559862606,0.39172566644424406,0.39917880740755113,0.2523099699794735,0.0,0.29031727278889136,0.4630091030789285,0.0,0.0,0.2013308485994716,0.2321236077895064,0.2245154045645734,0.20612235053353653,0.21757359222984413,0.17465408009539626,0.17461695612204092,0.2067589929780039,0.17242813183748296,0.26529128876228947,0.24796216919525998,0.0,0.19857404053201683,0.2507755319599961,0.160398966476644,0.0,0.10248242232423056,0.5068605916082535,0.5068605916082535,0.2606303532470302,0.38262878670954564,0.18940023318538876,0.24737753614423852,0.0,0.2407131498818018,0.0,0.43752012545300123,0.3654427627490203,0.0,0.36465475710656625,0.26732519854422127,0.0,0.23301508554704956,0.3544514588775155,0.24473614096903884,0.03039565057642333,0.0,0.24795695663171172,0.2559501404764541,0.3637330072734688,0.2941478404579524,0.6804637686825051,0.2822912681271352,0.28326070664113967,0.18382453415759065,0.3145709391106519,0.2974575915498506,0.010394477429602677,0.18958749850543485,0.37818726976386025,0.09804663297046957,0.27752705153352486,0.32072440231091426,0.4308246982315769,0.38604348993768156,0.3927814835642937,0.07883263255710042,0.2276888576450159,0.11352543593758387,0.23422214596444846,0.36561684029209823,0.18401139560821617,0.2236646636399965,0.42150968872598343,0.2768133099755401,0.31924223527755435,0.2471625288821235,0.3051631509453391,0.36028772747830684,0.2042873364732464,0.2402217537660348,0.0,0.26003281321805155,0.2642264732729843,0.23644550156228203,0.3595971816613033,0.645645401200275,0.1940593746778777,0.0,0.31015109754613407,0.0,0.26923106507599465,0.4525813673838618,0.4473354108708112,0.2539073372118242,0.1770082785863075,0.1955121078337297,0.1832999614909518,0.22150893489967252,0.4189492779745676,0.2714277408575329,0.31851573037069847,0.3053838283393334,0.34512541738414104,0.20854624835597832,0.3296655558535297,0.4111724168115134,0.45781241936204187,0.44269230797658854,0.0,0.5490909881932776,0.44698852045996157,0.30624666872595396,0.09260606381315135,0.0,0.3654436821448878,0.1785500026031058,0.38504628238120975,0.1895170088255637,0.34202857041907275,0.0905230185568199,0.3536597504039468,0.2724072786647543,0.27848313719087525,0.0,0.7071389266221806,0.5038567735521178,0.5066854868452709,0.04620605652817482,0.38641263425917527,0.15080748173203254,0.2962382932700143,0.14060432411980134,0.31597045273360674
attention_zero_shot,NRG3,0.0,0.035191210941961835,0.005132532003836209,0.1393691346712409,0.2642832937163254,0.2318860629377886,0.5080897773760567,0.005448441878791841,0.19402569032123304,0.08432758504347594,0.007541658261789365,0.04273329969724224,0.1406704932510415,0.10818411053805506,0.5321819650199064,0.04420927728493127,0.0,0.12578403516895362,0.04209144478021466,0.15870979666084736,0.008457939855860859,0.042167193017411314,0.0,0.31700781441412407,0.015150663934881714,0.06096446713251186,0.0,0.04217560897124439,0.1096935513255223,0.005237921534240946,0.05015462084588836,0.011866651437261535,0.06451913909359236,0.046563682252903894,0.25705117506613184,0.06793734268875032,0.0038767145193802787,0.012425121864362587,0.1599321784042092,0.13394986402671533,0.27770975091168887,0.2485912691882013,0.04296635309115802,0.02467618290128703,0.005408474886671321,0.10177256108548775,0.08913098984846818,0.05633599469985554,0.0,0.4882397334395571,0.6564488137417127,0.782889065708666,0.1604425305428476,0.19279811171921962,0.06582862555361178,0.0,0.09001641047233763,0.5878086472102161,0.0,0.0,0.050277305093686823,0.03948045635919694,0.07253553112088669,0.05512353594879087,0.0612483732764343,0.07823705528696329,0.08792003538031973,0.04820072976318482,0.020699986530035637,0.09556949221872817,0.18399274104931956,0.0,0.0489407842224146,0.08301477301268893,0.026861055474268977,0.0,0.006748158642791141,0.4100893464749061,0.4100893464749061,0.07754459791918421,0.16870360948180427,0.058470365512142866,0.08762297267087533,0.0,0.08583446381351699,0.0,0.17442074274322747,0.14897335124130365,0.0,0.19024585525854504,0.05188823597918872,0.0,0.07375404669565587,0.3043425500930877,0.036358787533964154,0.007230236834075164,0.0,0.07151579435069419,0.09268369027259482,0.1504713858525905,0.116163528151632,0.377403544951442,0.19539472808339406,0.14543293446077185,0.0395203899238182,0.05196647394031467,0.0657975676104103,0.003242902444669509,0.032420136675616266,0.24126064339830827,0.005676732810734727,0.10652759177172594,0.06547572431352502,0.21227306878838026,0.1296489216735714,0.1480902008456559,0.0038560906530235094,0.07255440927286191,0.01151008615347313,0.02322805846188823,0.11517785902038666,0.03039387813339025,0.0655379786942281,0.2116619386146407,0.09269724405514697,0.052401967200134326,0.08313124738576738,0.07210430131477462,0.19181589749044062,0.062449960664333615,0.11676312093198674,0.0,0.5793894161568226,0.10009266906448056,0.07324832912884317,0.15001786743569165,0.46379059550396423,0.14224521727673436,0.0,0.12114114976578279,0.0,0.09212713415787685,0.19113950034641167,0.17643127870083955,0.09632443579329227,0.040241558045346064,0.03473586072387457,0.08722460872869771,0.0353593074083942,0.4024395463148604,0.1466330590274396,0.13044371223550383,0.1913323209069528,0.21769823667783325,0.040525170844520335,0.1914170125245639,0.2372506044533451,0.20968726886194908,0.22528710668915713,0.0,0.2633847447616704,0.17712573902961276,0.12103788392583824,0.08437467032403713,0.0,0.09475258842489201,0.03381664717969905,0.15894668051844565,0.04350324638284461,0.14253962006004323,0.004445021151787699,0.11441493737113698,0.08169302024112392,0.12660238637503646,0.0,0.49330511777389446,0.6864692792890045,0.7970934825908088,0.010867964151622564,0.13183752450200784,0.012533007591806217,0.08269520799223558,0.008981931006713366,0.07356282989128221
attention_zero_shot,RGS1,0.0,0.17587273631374203,0.30193844294911265,0.13433272421973041,0.14523772097564983,0.1508264980628795,0.5853823358616524,0.151376285955598,0.14594169292679704,0.24066777434337772,0.006493583435827057,0.18739813986285586,0.046151196268779913,0.07849172865344806,0.3015153109759087,0.037952478973811474,0.28019157374754367,0.11150567285298427,0.03104817396643212,0.23036249654216676,0.10317836306701046,0.03562557736103518,0.0,0.17322277915296216,0.28412007773208403,0.14389117565908444,0.0,0.03573376310780265,0.08113389529593605,0.004885138883298417,0.03875442496974081,0.010906566129794557,0.13276876839855026,0.03396876633613212,0.1483542530019304,0.2805928351081033,0.1400028341910171,0.18397109694710237,0.10331934099437025,0.06879921926582017,0.22230941570070722,0.10551754948083474,0.033220602406938346,0.08463109604299246,0.10263186236476672,0.15297626251105487,0.14491732318867023,0.046588762238236395,0.0,0.39229177853078634,0.34350996196535133,0.3338357456085442,0.1091713545687763,0.14997031914995215,0.14346757538343263,0.28526784140807415,0.2038154852831537,0.2700743993032633,0.0,0.0,0.040165739906385146,0.15787890494118573,0.055948890902459324,0.0418654845711733,0.04709867014256996,0.027694414857057963,0.02861254478478692,0.03884216146499985,0.1543998281433257,0.07249761203151113,0.0487586149277718,0.0,0.03791982292424946,0.06452565824896506,0.2771572352787114,0.0,0.006125323974826027,0.3844100360209716,0.3844100360209716,0.19807565102652402,0.10810683301041926,0.15978056336805838,0.0668945981248309,0.0,0.06660249646267744,0.0,0.15348425652772138,0.10186291821296221,0.27311918814093844,0.1018305809894072,0.11433255473783042,0.0,0.05661708331078923,0.2448000855722543,0.029927607587874477,0.0064411615589504145,0.0,0.23694846751383072,0.15130329064225503,0.10376040179046651,0.08418945735614543,0.3605256915848253,0.060027171979288536,0.21183307351450387,0.03210072689814694,0.03984551141249294,0.11378988498422253,0.0031531694454368067,0.026274793135715638,0.22887336873979772,0.24398167078619196,0.04964747282333537,0.12090315854617462,0.1309959182860488,0.09151614126445383,0.10029841405546347,0.3030113399667047,0.12936009118899247,0.07908349958554747,0.09159069764993706,0.0824122958268262,0.30019175211321675,0.240346800940907,0.3323321440009851,0.22117171458988188,0.0423173857340437,0.06293994703136893,0.053004239177372584,0.5237672600856207,0.045407230893199944,0.05232329510148509,0.0,0.2030587811186874,0.13089830631032826,0.05592223714910305,0.10371852054867248,0.4859111147746327,0.045774344613796,0.0,0.08308227876134938,0.0,0.15895887498861844,0.13096957357159084,0.11747946736430474,0.1977765368630842,0.24570088106987656,0.10812613006532312,0.0442336377009571,0.06121903806709216,0.16424485612911202,0.07513600273847691,0.09322469186613093,0.26282007714136457,0.09558198187236036,0.03415723107643033,0.13014394235562246,0.14294796764382825,0.13814566550475718,0.1512315062464929,0.0,0.21427674479580516,0.11809718766767452,0.08369884467145702,0.01844713604834643,0.0,0.06979012259516693,0.025069769844756392,0.10877000174209568,0.036054082465854634,0.09903366126669423,0.003665084350585536,0.08021317712005856,0.1646317583914559,0.2132888710070735,0.0,0.522206655572452,0.315190433044791,0.35691100585240726,0.17707990719745234,0.0923261517610963,0.010642815045782409,0.06094594308750174,0.008115578914644383,0.05495192880429838
attention_zero_shot,THSD7B,0.0,0.33607534745539264,0.04299786961305057,0.4313541484573215,0.36989300413187526,0.32860974956064676,0.10796080401177388,0.036927976230449286,0.4577920188618256,0.35733919579348045,0.043020176643847385,0.3063138948657277,0.3488899068485985,0.4791737938649745,0.37560343962025566,0.50480127600013,0.0,0.4664954761586824,0.34140017872538325,0.37474893789695707,0.04300550656626453,0.44181140655511003,0.0,0.41210874873213565,0.14791930435445533,0.39983532118723414,0.0,0.4864802278066571,0.50480127600013,0.03872960654258496,0.42754208051188936,0.07826511077290368,0.3935122150633569,0.35741323476046305,0.4382416427630107,0.3356649649060988,0.02935202489537534,0.21256511571561185,0.47047638662581354,0.42890843285324814,0.2587515922275091,0.4550017318688378,0.36910511607311114,0.08231731826630155,0.0373794195993354,0.32541742963120884,0.4150588269334402,0.50480127600013,0.0,0.48739433544840144,0.35128092328771554,0.1496743345667875,0.49889522205371534,0.3649049502119977,0.36621524930962746,0.0,0.2994976466127443,0.41168193746015763,0.0,0.0,0.43258787581630337,0.32608909468982084,0.295281743740443,0.41753805204700845,0.4436341802999465,0.3358875279784126,0.3110995491432729,0.454713490262001,0.27500013938821527,0.50480127600013,0.4754113705812765,0.0,0.41548133178813706,0.50480127600013,0.3549889752330461,0.0,0.05613022133528162,0.4351735137932155,0.4351735137932155,0.3752073828729233,0.49871936900604685,0.24035425604743382,0.4702004026260826,0.0,0.45619835720095203,0.0,0.4091708842561037,0.47885458159423744,0.0,0.39928370514474837,0.348826757436097,0.0,0.4610058602818026,0.10198350505556651,0.4519613460468461,0.06514738842831617,0.0,0.34434045694238863,0.3980163906924102,0.48589826474874653,0.49257509864626053,0.4424866019685764,0.4565832307641264,0.3394442591891457,0.40566648996866134,0.41999025085108466,0.41258533978412243,0.02095665268562368,0.4351735137932155,0.33014917162562646,0.0347989619392604,0.4515677961105768,0.4593016399977994,0.4537992682357945,0.48511241860725784,0.45644856266486905,0.041696735849066344,0.45501385389201476,0.04897964898367146,0.30724606800798715,0.47217550982110235,0.4206677300001083,0.44361324254556883,0.4019272318068384,0.36921565558955627,0.47245529599755437,0.4769217340337608,0.41657497628300055,0.30402994091622093,0.371282541013174,0.3325894537372374,0.0,0.08629413867062995,0.39216699641808495,0.4722334517420571,0.4796284612915973,0.45747615637511785,0.3771332707813498,0.0,0.4271395412308792,0.0,0.370224418921049,0.411269819544159,0.498936588673388,0.40450476166429755,0.3734437664660055,0.4507154250001161,0.29082790535894737,0.37760457654502966,0.38950814729236605,0.4299246645331506,0.50480127600013,0.2506430978782167,0.4632349336598462,0.4853858423078173,0.1677901125003836,0.40972111228586866,0.4875391135904352,0.4296562789889558,0.0,0.4682430348332061,0.5048012760001299,0.4306504576477198,0.12192252253465419,0.0,0.4665294764784065,0.3411654083488038,0.50480127600013,0.4192496696199558,0.4509265807148501,0.034287539652672915,0.44047613786797757,0.3659643319958903,0.38091569880851084,0.0,0.4687440420001207,0.3992079948778964,0.4450575392048936,0.09973200524150627,0.47758558018090497,0.05426377278725545,0.38952606953956626,0.05788174755602961,0.4381669833045841
attention_zero_shot,GABRB2,0.0,0.0,0.0,0.0,0.0,0.0,0.0,0.0,0.0,0.0,0.0,0.0,0.0,0.0,0.0,0.0,0.0,0.0,0.4174716225183783,0.0,0.0,0.0,0.0,0.0,0.0,0.0,0.0,0.0,0.0,0.30990304049873757,0.0,0.0,0.0,0.417433771215806,0.0,0.0,0.0,0.0,0.0,0.0,0.0,0.0,0.0,0.0,0.0,0.0,0.0,0.0,0.0,0.0,0.0,0.0,0.0,0.0,0.0,0.0,0.0,0.0,0.5830840081098173,0.0,0.0,0.0,0.0,0.21618611355188422,0.18805562588109231,0.15542817491048752,0.1782774194601832,0.0,0.0,0.0,0.0,0.0,0.27370786247526313,0.0,0.0,0.0,0.3963446310301222,0.0,0.0,0.0,0.0,0.0,0.0,0.0,0.0,0.0,0.0,0.0,0.0,0.0,0.0,0.0,0.0,0.0,0.0,0.0,0.0,0.0,0.0,0.0,0.0,0.0,0.0,0.0,0.0,0.0,0.0,0.45239466604750334,0.0,0.0,0.0,0.0,0.0,0.0,0.0,0.0,0.0,0.0,0.0,0.0,0.0,0.0,0.0,0.0,0.0,0.0,0.0,0.0,0.0,0.0,0.14908446895233302,0.5774752303796925,0.0,0.0,0.3620630403328455,0.0,0.0,0.29611701292810416,0.4951407442134653,0.22580000534221997,0.44998425115939805,0.0,0.0,0.0,0.0,0.0,0.0,0.08000446959435976,0.0,0.0,0.0,0.0,0.0,0.0,0.3913105758549953,0.0,0.0,0.0,0.0,0.48065291502903845,0.0,0.0,0.0,0.2579407411719823,0.3716768433429086,0.0,0.4783082422668424,0.0,0.0,0.0,0.567834450526539,0.0,0.0,0.0,0.0,0.0,0.0,0.0,0.0,0.0,0.0,0.0,0.0,0.0
attention_zero_shot,NRG1,0.0,0.22002044250916167,0.07785301079387923,0.33406942551613533,0.3682191187325269,0.4397524465016123,0.35517181828995487,0.06838201877811635,0.45121760334722755,0.21900250232506374,0.09832352257524417,0.18913727310403033,0.2737904970752656,0.24684809418935583,0.595813287637232,0.18583406746104417,0.0,0.32443637942481196,0.2115581161505962,0.34320988458758617,0.08975527747572601,0.23676247722974914,0.0,0.4464790063837984,0.0683498485250114,0.1888699795402379,0.0,0.18189956634876397,0.24564041906212278,0.04141243533169042,0.18062702842082462,0.0731533410520321,0.22183306731034755,0.16875344283920832,0.5161030257129732,0.20469544321561847,0.05195288050444977,0.12941527781243087,0.33982649973591467,0.2539894998636203,0.46373209769120183,0.36869726281542287,0.2468691191458211,0.08161156180908812,0.048178697224410164,0.2763530637217347,0.22551091428783532,0.19380824767452132,0.0,0.46581411238648074,0.5853279789097435,0.5614245125899083,0.3584743541244592,0.41867407431724263,0.21828905703241178,0.0,0.2790732872832042,0.5786381266811453,0.0,0.0,0.17861601958406395,0.19873678432958916,0.2335957972994028,0.20088604077998848,0.20962021646607493,0.22703907901163342,0.22476909168982465,0.20076575361486482,0.1509908171942627,0.22836302859958899,0.2862400141557016,0.0,0.17741235489331905,0.21550543569723823,0.14814199678734266,0.0,0.0642150101032821,0.3800906511144485,0.3800906511144485,0.22848900503745717,0.3582721651509078,0.2189823961380932,0.21583212803485527,0.0,0.2112133515793717,0.0,0.42671170045913687,0.333354974228673,0.0,0.38961032629217107,0.2234914266085556,0.0,0.26648218673222596,0.2812598419844909,0.20181326055984994,0.026786459301552802,0.0,0.21864794573023366,0.2321871067724667,0.33976051149487735,0.2807598874886186,0.4705505065174254,0.345581756698891,0.3344858606525347,0.20513037122848554,0.2543327844025663,0.24573868063488283,0.01038559129649374,0.16854717746466796,0.3856439631678924,0.07044290716565454,0.24654257986760386,0.2595001181152361,0.43619770841328276,0.32923876218646175,0.3622772810009204,0.05242041641084253,0.19973782729395534,0.10649938848986693,0.2823159906874285,0.3307980278145167,0.16471655979501643,0.19716454755279242,0.35471156139543014,0.2691186233537261,0.2539976848377468,0.21497809174038737,0.3242761296786721,0.35406258047399497,0.2551821314548493,0.24550772412587793,0.0,0.38258782519350654,0.24129420171147778,0.20592741633291653,0.32662464196115565,0.45586730090991595,0.2187358528845811,0.0,0.2834375558352484,0.0,0.2910846959687536,0.4514565038379424,0.4270899868684464,0.22933698496076277,0.16142944647507346,0.17256020549954101,0.31830287911284466,0.21411439578574484,0.5431332430542337,0.27055390309653726,0.27862452812696004,0.3060211693614465,0.4011635821874223,0.18118821577451807,0.2609089108061836,0.36275030208642434,0.4195267700871097,0.36118002029163376,0.0,0.4827106797404095,0.4245450106257793,0.2786289952998451,0.13749656720358375,0.0,0.30690337498106796,0.16256524828321625,0.3493047618373256,0.21003131457181778,0.3294280993618562,0.06411420348103074,0.33848032525326366,0.24770592519294526,0.2736694849444306,0.0,0.44244577624788034,0.634019500123328,0.6396416248692631,0.04928088084998391,0.3331005231921733,0.13941004642714386,0.2892476481267079,0.09536993822250206,0.2892555370246649
attention_zero_shot,STAB1,0.0,0.2532125900208145,0.2559360177055984,0.40459843410556656,0.25260008710558024,0.30836760334617325,0.10627154386370571,0.22890319706027087,0.44021458500186733,0.3398733860640084,0.017348822737661782,0.32414274253532027,0.197425485698448,0.2877721239175532,0.20041897236691628,0.1338109025894207,0.10013425041488837,0.3945526454844807,0.23650447970041436,0.37127137341227645,0.20911233661769288,0.11238935757299934,0.0,0.2670603555164321,0.134177406673046,0.2263449289428098,0.0,0.12570652723406794,0.2928067769082961,0.09589604634944192,0.14037081618159247,0.08109790731801055,0.3877537462503832,0.12998719843745657,0.33598857135895177,0.3579874837126236,0.35116526933342684,0.4495323938658524,0.3860262479569407,0.2476253847919823,0.23049381261347832,0.31026519187752877,0.165002655810815,0.1604075847608404,0.14965429228822846,0.3806978567887903,0.2906668217025984,0.1623486236210137,0.0,0.19500841619208992,0.12100774235236203,0.04673254269715675,0.4246548420171268,0.41986588722376317,0.3177492610987141,0.09890405972085849,0.2940416407502411,0.21680802081532974,0.0,0.0,0.13310683785417798,0.3237553077912155,0.2612372555905858,0.2065760548755727,0.22832090275721195,0.1578470464759769,0.1508077764738172,0.20803091252417294,0.361489645569691,0.2574743603929905,0.1531478204897028,0.0,0.13482914400391602,0.22655849594209804,0.16348191949240065,0.0,0.12147664675000505,0.10035817694206552,0.10035817694206552,0.3031560125539394,0.4163384731541997,0.29516243124365804,0.2251156108865262,0.0,0.21411633694772222,0.0,0.4408407746283054,0.3933333046620032,0.0891705705119179,0.3892034115276818,0.29923000450149884,0.0,0.1967308663203938,0.18903390527659938,0.2481469107239121,0.021818916404723623,0.0,0.3175797213266553,0.33078350902640064,0.4155596740157442,0.3717091534288343,0.2401029387632415,0.3174817617746976,0.3332392297254367,0.10352771631931373,0.25778390733680306,0.4240950958986173,0.00779458217593915,0.10035817694206552,0.21726612547037508,0.19889647918488396,0.22648284282775016,0.3075946780880154,0.38275884348767125,0.3965819066163257,0.4232596294485352,0.18961787610187722,0.2498296635537397,0.1380877650876605,0.20120288714695123,0.42043376658566717,0.22063336807382844,0.26384453151352416,0.3130465343770776,0.3330595994662272,0.26671866335576067,0.223536548428955,0.26407523044635645,0.24114366336346893,0.16502827315454263,0.48140650323703443,0.0,0.040773484946940095,0.31883140838784435,0.20138532972630938,0.38772209451968503,0.1907861018459773,0.14207294198240156,0.0,0.32211094444378746,0.0,0.30027354020994024,0.4218710365238424,0.46770813752734564,0.31427944155160475,0.21586594117571956,0.150111753394485,0.18433050643119783,0.9070934599074959,0.22867854853211084,0.4044616846626069,0.34580540168125457,0.29222475564419936,0.3522961129631306,0.12351775623638833,0.24911135428056436,0.2590159020952046,0.41774370176574055,0.31381672574866676,0.0,0.41970825952621554,0.47002092849287597,0.3178203509912647,0.03316000002034719,0.0,0.34317336410777377,0.14809618707612704,0.42080345560525245,0.11013548273824597,0.38964236907726274,0.13027820091288325,0.34832407088609846,0.24039283715483634,0.36767667564313555,0.0,0.14070214047154522,0.15651644756466523,0.11827297300073206,0.17395265138118232,0.3959813694986523,0.15220566915214134,0.2593970247401678,0.16104563901076574,0.2776307308211514
attention_zero_shot,GAP43,0.0,0.18697344898353588,0.08618725088977998,0.3948010987352183,0.23790256193603082,0.46855621570877226,0.0491765096789227,0.06596990203425697,0.4270803574334784,0.24119736999288144,0.024282191369881974,0.2236167267650621,0.15940162702485786,0.5137323655943797,0.2513629234109997,0.1999845596882709,0.0,0.3933818659390257,0.2370150899586623,0.42712207098179356,0.16356212623173855,0.16201960039713698,0.0,0.28742148077761676,0.04958879118077508,0.19894100085483593,0.0,0.186789903017622,0.3306202952504962,0.17230068552212424,0.251253638997484,0.0892962716429201,0.24981599038096397,0.15834733719410665,0.3512594153048403,0.21845111693143615,0.05164377260093481,0.08387203773891251,0.39971734942566833,0.27409484763152236,0.1637693325813583,0.32454128734007687,0.19422635135236932,0.17975699408984128,0.1417810414560496,0.2935922043237357,0.26429468838315034,0.22343199940456776,0.0,0.24463865901622756,0.1846876811574663,0.10332460285295939,0.4376726106267367,0.3545077339976006,0.28134645788641427,0.0,0.24882056323140544,0.2520245729739745,0.0,0.0,0.17722260925341146,0.24970219441812652,0.38800983605594036,0.18933698027877566,0.20926718872917308,0.11908459019972241,0.11810195399072754,0.1854046271158768,0.23001638148375714,0.30159013179222394,0.20608674616878292,0.0,0.17453333826322615,0.2761887387662357,0.11127764889763743,0.0,0.12498213413674118,0.14998841976620317,0.14998841976620317,0.363354889252701,0.430776361975767,0.14781262589049068,0.2648198051458363,0.0,0.25192985528992234,0.0,0.41002463553735485,0.4075133740403283,0.0,0.3825814243844484,0.27048626232942846,0.0,0.23852475501440445,0.11838762012079021,0.2303729589310765,0.033444152267888765,0.0,0.37795851347116827,0.26863167005798283,0.40935826980736817,0.339905462592556,0.27064462665501854,0.3171543186537481,0.27520969385386407,0.1453216050133244,0.2663768416126159,0.29989803080088584,0.012684451459067509,0.14998841976620317,0.19655893256285556,0.11105480804948967,0.26773982476876806,0.30381700398564493,0.3937877863374796,0.41047049962859666,0.5593460746108401,0.07385307926261979,0.2284329547789722,0.09570371807031322,0.15036214421390912,0.38143884980331483,0.1411655715446618,0.22095099101298854,0.3262427471742782,0.32019736360321116,0.2972735679827566,0.26533043712296567,0.282408173222554,0.4101342863497199,0.19149773599408274,0.39425088683621173,0.0,0.1200594341706745,0.2783437468556651,0.24550110112554283,0.49635682609508247,0.23257999053998793,0.17261462987417855,0.0,0.337381788389676,0.0,0.30111316809942507,0.4347941572211925,0.47318457811483666,0.26668100382796056,0.14016340908835656,0.15998764775061672,0.1693287654706892,0.21145223664041046,0.3974364519486239,0.293713001450414,0.3741655404379047,0.1695231114522328,0.369942421522824,0.18460113201994235,0.4344409048290074,0.40388710962041113,0.4965681377293069,0.47171404553681406,0.0,0.3917049287052002,0.4762247088458932,0.3343637652659773,0.04988386276021278,0.0,0.3547200646822982,0.22146181095676964,0.43578617042008644,0.15425125413747942,0.3757856904656958,0.07421832024450725,0.3603852174493864,0.5951424741015,0.2931104804879549,0.0,0.1936410661506254,0.18960327611409034,0.16790321582486972,0.03301761338690653,0.40836849299608313,0.12773239631007693,0.27371963628407214,0.14585534765962765,0.29846362033955776
attention_zero_shot,ELAVL2,0.0,0.14608640561058328,0.027689082977687553,0.3827700299022074,0.2508671301108901,0.20823767968761656,0.052198878521153264,0.11660652597706934,0.43090443869368866,0.280474988916184,0.23314490297237653,0.15208175283004371,0.1771198701971656,0.34079737113177055,0.2382941489485001,0.24428016761904017,0.0,0.3685433491718744,0.16034957303073552,0.3167135921630495,0.03005573635141049,0.19524130634521397,0.0,0.34253488633815504,0.05618071024340389,0.3270207236115567,0.0,0.22767815649217826,0.35593207121093584,0.03012451147137174,0.2101408783055627,0.03937723238124971,0.22414143385035212,0.17733116916443636,0.36148147867347935,0.21182716618992484,0.01649729271268123,0.06521780966727539,0.40888195796306886,0.29181309080383006,0.1116609133992033,0.34064878113308394,0.3527171251867887,0.053166667241811974,0.02640745729818747,0.2719052403824927,0.2809055413571888,0.26432025287912403,0.0,0.27786036496430455,0.16835171307934185,0.07154381571506835,0.5257572851745436,0.34430117714608605,0.21221926032370214,0.0,0.16778854473526503,0.2051674278605043,0.0,0.0,0.40181982256610416,0.15029839605733383,0.17589384129250416,0.21464875623921523,0.2372433621591326,0.13877152705784213,0.13471280696476604,0.21862633306395376,0.09518637243151032,0.3311205370794035,0.24152323251339838,0.0,0.2011107030216877,0.30941044471431267,0.13438840086151704,0.0,0.04335539567459063,0.18321012571428014,0.18321012571428014,0.24156921867217987,0.44044085825157125,0.13274664031041533,0.2913971699042979,0.0,0.27724163125036194,0.0,0.3976114969723857,0.5350478846390255,0.0,0.41300328811919657,0.18257120769720966,0.0,0.266500928444364,0.052937617193303414,0.1977498533824616,0.42982614642323547,0.0,0.21403435823429576,0.28226108788283494,0.41978076579107865,0.36116735439932524,0.2910887533922967,0.2590522892566987,0.21953756557287585,0.4799190742549219,0.4506313120879004,0.23237448680990677,0.016217427096589188,0.18321012571428014,0.17595686712729436,0.021363231462373775,0.22696258792603158,0.2527600528531674,0.43825991229467426,0.3826212535563362,0.40768442534108373,0.02561909744407628,0.2564091282089318,0.21043497003539552,0.22836373278865513,0.34974832841074255,0.17243305949579307,0.24752835577145013,0.24800944301077396,0.21643858165485197,0.23600522662378356,0.5702537809530415,0.3412277207540164,0.14013620786868103,0.37456704179500877,0.20173562471307444,0.0,0.05460524462326802,0.4453545537103609,0.2750315064127224,0.4132150018342126,0.2605561639699475,0.19305875661145672,0.0,0.347603851758315,0.0,0.34066723483441264,0.4040267306197062,0.47685042152979684,0.28144620647155033,0.1632741610522362,0.19542413409523215,0.2980492820512055,0.16034046775005775,0.2645064182714469,0.3093467454259797,0.39314937240823433,0.12698329756748689,0.38175458363769577,0.22548938549449862,0.08922222075790041,0.259297131980404,0.4375292417710456,0.2586921847506915,0.0,0.40154839713426005,0.4803774220894028,0.5948492064737426,0.15707332913080696,0.0,0.3089735332455594,0.1465906090880513,0.44581536466856253,0.3447163682444446,0.3849502990030964,0.020224177294457416,0.42860041281977174,0.16871898909076255,0.3019696020741087,0.0,0.22907755249524084,0.211751080079475,0.2011249217729467,0.03628710267176913,0.4557041863302505,0.23916789182889214,0.3623041009034697,0.04685844811608663,0.39330075344622456
attention_zero_shot,LRRC3B,0.0,0.19552776156953167,0.02523153850334989,0.4094366179044731,0.29426484473294384,0.24324250015890664,0.07599773870340025,0.02065943209664797,0.4481330659184826,0.28889245398636293,0.03135391599723623,0.1887658113722438,0.22753242409566907,0.4343895808984139,0.28846910108935264,0.4417011165001138,0.0,0.4314651769676298,0.21009538153855034,0.34037310215323463,0.02847531875853839,0.3105089851746543,0.0,0.35266377045910613,0.07847508357331107,0.2908247255767885,0.0,0.3957847727745273,0.47510708329424,0.029279582546194217,0.3063282405585413,0.044946021961684145,0.2893072015013885,0.5610296274010994,0.40415174607486154,0.2489952581215178,0.01402498822384503,0.08529032499847376,0.4503222311561189,0.35987075556489734,0.13855554350610694,0.40840195510221367,0.22852331633513864,0.06344605718331482,0.02433571611050395,0.2891487901998641,0.34254372300008823,0.448712245333449,0.0,0.42066773000010843,0.22150395361641664,0.09845820132461,0.4882776046310982,0.3526886840492927,0.2640451161046749,0.0,0.19962357222310223,0.2888684062142952,0.5376351703574836,0.0,0.3088429415930762,0.1948702666055473,0.20491211430900289,0.41709330652524484,0.4066819004175037,0.2536789003536554,0.2815760663373129,0.34168902079964064,0.12795278610812597,0.46874404200012076,0.38409958257030946,0.0,0.47513812637865527,0.46273450300011926,0.19437790212564843,0.0,0.25421431281457063,0.29446741100007584,0.29446741100007584,0.2905855872740907,0.48679400243938914,0.15262792946504847,0.40188689491614915,0.0,0.37790124569588407,0.0,0.403474312235653,0.4606642915769239,0.0,0.3862234779825801,0.23192423552540473,0.0,0.377717637401023,0.06412529476620143,0.3244086110281229,0.0526969986397935,0.0,0.2545450347206739,0.33172655280008545,0.4683205526790944,0.45863956097883624,0.3713888413078246,0.36828269442998024,0.25654749514447417,0.25966031406632156,0.2983284568802158,0.30896173020050954,0.3465366121655405,0.29446741100007584,0.2180882990331526,0.018965327786534703,0.34312391656268965,0.3679948479949601,0.43362521811823806,0.45616373406660427,0.4382732557785736,0.02270155618449167,0.36493469043614213,0.03686277616844605,0.15271647553332482,0.4297979377793584,0.2718160716923777,0.34705087725008943,0.3117808307153949,0.268867197625989,0.37657502908447105,0.4116715014052005,0.32111553003579435,0.1776456192250408,0.2645663959832362,0.28892825060518873,0.0,0.07497700289701058,0.33315275181089243,0.3966295740001022,0.4601963961656559,0.3701876024000954,0.2555352087486501,0.0,0.3891176502501002,0.0,0.30675605877685574,0.4036798339073777,0.4946493478183899,0.3354471985483825,0.22934487498809797,0.3212371756364464,0.23031006645925603,0.22942984505964992,0.3148177089883625,0.3706678755018579,0.48376788950012467,0.15011204987670304,0.43368788254314,0.3926232146667678,0.1161250358498067,0.3248745499201658,0.4748683510989282,0.34054296772945125,0.3973416766671698,0.44571720731644937,0.5007302979678708,0.39052852155701295,0.247370550133031,0.0,0.40571779922212076,0.19826927678042666,0.4944992091429845,0.2793083421583064,0.42461785671762997,0.017577912177636042,0.3934664724489564,0.22953436418292816,0.33429326866105274,0.0,0.36712820072736735,0.2842136421239914,0.3183538057449646,0.04856515037847262,0.4482683648800882,0.0451013723577462,0.3015089343313622,0.05046307700669978,0.34719008042545013
attention_zero_shot,SAMD5,0.0,0.0,0.0,0.0,0.0,0.0,0.0,0.0,0.0,0.0,0.0,0.0,0.0,0.0,0.0,0.0,0.0,0.0,0.0,0.0,0.0,0.0,0.0,0.0,0.0,0.0,0.0,0.0,0.0,0.0,0.0,0.0,0.0,0.0,0.0,0.0,0.0,0.0,0.0,0.0,0.0,0.0,0.0,0.0,0.0,0.0,0.0,0.0,0.0,0.0,0.0,0.0,0.0,0.0,0.0,0.0,0.0,0.0,0.0,0.0,0.0,0.0,0.0,0.0,0.0,0.0,0.0,0.0,0.0,0.0,0.0,0.0,0.0,0.0,0.0,0.0,0.0,0.0,0.0,0.0,0.0,0.0,0.0,0.0,0.0,0.0,0.0,0.0,0.0,0.0,0.0,0.0,0.0,0.0,0.0,0.0,0.0,0.0,0.0,0.0,0.0,0.0,0.0,0.0,0.0,0.0,0.0,0.0,0.0,0.0,0.0,0.0,0.0,0.0,0.0,0.0,0.0,0.0,0.0,0.0,0.0,0.0,0.0,0.0,0.0,0.0,0.0,0.0,0.0,0.0,0.0,0.0,0.0,0.0,0.0,0.0,0.0,0.0,0.0,0.0,0.0,0.0,0.0,0.0,0.0,0.0,0.0,0.0,0.0,0.0,0.0,0.0,0.0,0.0,0.0,0.0,0.0,0.0,0.0,0.0,0.0,0.0,0.0,0.0,0.0,0.0,0.0,0.0,0.0,0.0,0.0,0.0,0.0,0.0,0.0,0.0,0.0,0.0,0.0,0.0,0.0,0.0,0.0,0.0
ig_lora,CD163,0.0,0.12629279819577668,0.014986008517630992,0.39539365019225864,0.2563878439359214,0.20663378946547434,0.05019313313488323,0.013448069905610212,0.44047924196716903,0.2570724585247214,0.02151806743016187,0.13919506638459267,0.16673409621357183,0.3793661306055273,0.24235577297959515,0.26989736910653966,0.0,0.39755245556677776,0.1451373835261776,0.32435390068498526,0.020603272795482123,0.18118831047341794,0.0,0.3160305226880922,0.04239499950676688,0.22068918525004663,0.0,0.2354054625155819,0.41083971324269386,0.017800366486129263,0.20620760700126514,0.02746007989534734,0.22570671034144107,0.16605886090068064,0.38010998030938437,0.2107186580912844,0.008544353508241731,0.04276242091640729,0.430830303174399,0.3101006219719024,0.09430922917233778,0.36775674002231573,0.14756897829672777,0.05012296102409544,0.015225693377081153,0.2752328825231772,0.2952692125631076,0.30345507009133826,0.0,0.31337880426396286,0.15463046224692392,0.06619345568511821,0.4712290681201986,0.3551523786221224,0.21073225129112402,0.0,0.1597557413569057,0.19976921255208974,0.0,0.0,0.20079803874511612,0.13389089923952419,0.16992605643124323,0.21304307228228503,0.24581892955648274,0.11594540160821395,0.11533969331089494,0.21860435322340158,0.06872710235293238,0.3873493225533349,0.25676341010130355,0.0,0.19358830454603643,0.3638589318639759,0.10464443664856754,0.0,0.027748064934663984,0.16193842146392382,0.16193842146392382,0.24615046918030767,0.4675973348376974,0.12337395022083801,0.32256897152119385,0.0,0.30067309729789043,0.0,0.40049776359885086,0.4408063688927674,0.0,0.3796615368251289,0.1739091856729702,0.0,0.28857998797335943,0.04355628644037816,0.18380777821640884,0.031896717392673406,0.0,0.21321754507595844,0.29382438274670664,0.4465964724123503,0.4061687401680994,0.3128164895705235,0.27769351531446396,0.21967566022150772,0.15235999951024237,0.20421647090869863,0.23694499370269545,0.008602956046454047,0.16193842146392382,0.16712112250572614,0.01242973885301127,0.23148965435939026,0.26980859621398073,0.417761971434523,0.4190564285396241,0.42365806978132675,0.012139778408915494,0.2738304337831123,0.028071150890864167,0.08276900743354121,0.3839445098748821,0.1472167467853853,0.25989923704569706,0.25566504567492176,0.2159252621602315,0.24756673361861214,0.327757523362795,0.25416849544157943,0.12388929236602042,0.2068542324251029,0.4515243199182062,0.0,0.061848251287072685,0.3011548232534594,0.3032157765533132,0.4385913543171698,0.2798914860492122,0.1853774937554315,0.0,0.36442222814441605,0.0,0.27578671116238046,0.399640180441878,0.48799520377720357,0.2940028545395522,0.14372517102424637,0.17993157940435978,0.17434029932609604,0.49245644783124787,0.27337934449207385,0.4278910910074245,0.44073657412005995,0.11502507992869725,0.40684560171556583,0.23134060209131974,0.08447435793343848,0.2698973491583683,0.4590570721618165,0.2720352576237418,0.0,0.42440907600959993,0.49324862484142884,0.36354833883683085,0.04714687376984017,0.0,0.34084785105050713,0.12599850707562577,0.4748135432052035,0.1663410060712181,0.4041372989498143,0.010684230161369499,0.3582386045594639,0.1529472068673589,0.3112258949566163,0.0,0.2360206100710409,0.2094471180621197,0.19060209515779028,0.02624369285855288,0.4154397201187496,0.034752304685853726,0.251077901689095,0.034253733754585125,0.2709497956435269
ig_lora,ID2,0.0,0.345019091195429,0.043001891229499274,0.417260364317289,0.4440293358499406,0.3888868377848304,0.15628276726889442,0.039105807820791136,0.4575491101039722,0.358174619122754,0.09686275169960869,0.32382224899078604,0.35297638323166447,0.43315735240162606,0.43127460050434474,0.4340241547354089,0.0,0.4320530471617014,0.34827210891663457,0.4294192709485628,0.04300636352647625,0.5024210697916625,0.0,0.44186872634974605,0.15237754007665003,0.384530546566882,0.0,0.4259127521000974,0.44500681148338284,0.035274253054735506,0.3987231831859329,0.08020720983647683,0.3810568794463447,0.3584783739570888,0.4438539874443616,0.3430548714596665,0.033608356695306235,0.25477450744010116,0.44264184349962676,0.40433155663763365,0.33612453464528935,0.422531876399976,0.4049097895172642,0.07904614670626614,0.03612778445909315,0.34333999112126223,0.3960115781744434,0.4354396971607033,0.0,0.4636761855559345,0.42509951174362165,0.20129760824445705,0.4649530419796605,0.37563605154256313,0.36415707102847855,0.0,0.33581053839411357,0.42697134388161284,0.0,0.0,0.4252109724398278,0.33816282129976327,0.3560392637388703,0.39385250778672537,0.40791866877910843,0.34504145001825454,0.328212049180856,0.4119592999930153,0.3247083704822942,0.4417452952370148,0.422282116505914,0.0,0.392246239141058,0.4393658242648218,0.3818148476897738,0.0,0.049831438016020184,0.48568071140173763,0.48568071140173763,0.37030566360006884,0.46260944320046704,0.3292084014397635,0.4499280884150438,0.0,0.41651544529076123,0.0,0.4227549823089665,0.4482593313121953,0.0,0.3949719206219734,0.3528754266061772,0.0,0.4641530902127532,0.19671601450749737,0.4096551802181438,0.057644463648759574,0.0,0.34931423246725174,0.38610531576364626,0.4516436434767223,0.44137105533209164,0.4566480677559521,0.41531812618721126,0.3456231414297912,0.4588494301887745,0.39485666596697505,0.3920132664597429,0.019967680366619108,0.40126761475537803,0.4457466959336329,0.037613405646995224,0.41100343639535347,0.41610004585388305,0.46225694060654154,0.4423188991137949,0.43620633615675436,0.04223003221696626,0.4144213394031474,0.06478062332757639,0.3884372574365045,0.43149277415936493,0.3938367330006488,0.408533134842729,0.4092160163450283,0.36611385773277993,0.4206903840377559,0.4269401280555738,0.45617518391056605,0.3433437570397675,0.41989352446704997,0.36972129823037825,0.0,0.10436265346715543,0.41393546516026325,0.42338888520064644,0.4474494569211866,0.4601282496694295,0.37071982924610203,0.0,0.4091148523824599,0.0,0.4063417245727655,0.4227024200291708,0.48065457523311594,0.4410609602196314,0.4053734392155814,0.4089842996545199,0.43230455784814836,0.37056460781538686,0.399050654428404,0.4063888861280262,0.4514462153544172,0.36406853803750966,0.433107046759791,0.4253436716407007,0.22383625758327821,0.41218791917458014,0.4711465868918329,0.4244819388870028,0.0,0.4624918984842529,0.48378261574575826,0.4107862305710905,0.14842088478111065,0.0,0.4240368805875736,0.348340125249749,0.46626706553378183,0.45054782159000073,0.4508358924849043,0.037320658412376355,0.439587992522766,0.36377090803025186,0.3758144092273513,0.0,0.4583671112495692,0.4340100825512904,0.44769416497798503,0.1320675900122879,0.4395463606902302,0.07186920460171779,0.4584556263764861,0.05074223165080914,0.4274820211575949
ig_lora,HES1,0.0,0.07869786189935828,0.018460729997925713,0.32425437119138245,0.21210991144479743,0.1342247995973487,0.0849281189349801,0.2501019920185569,0.4181055080272958,0.30349538829962586,0.5362491679885691,0.09184587365366081,0.16988295088055047,0.17018038164241722,0.13933705571584454,0.08133229465519728,0.0,0.21897411277505346,0.08744368733382443,0.3055572047031382,0.020353929990922708,0.26584042486741477,0.0,0.33667438889847484,0.09626571534557148,0.32704158057510396,0.0,0.0799764415350598,0.16242209959358866,0.017419479155641033,0.09226537496166012,0.030593082555959564,0.15288190853351866,0.09489885040876357,0.2559170290961244,0.15216102911573562,0.014194650346947838,0.0441712635593282,0.29432199954355204,0.1844710286810791,0.1536678795248839,0.24090882354946316,0.6275476312820608,0.035991151094694744,0.017329002597868962,0.2758940544102697,0.15772831911894925,0.09219047366404173,0.0,0.10964359583090208,0.09024283614241825,0.04503622106659313,0.36875368900127437,0.34552007514198435,0.11983243992806006,0.0,0.19507543035743627,0.13424170202542837,0.0,0.0,0.4358364176730158,0.08453535900432217,0.26224690065593853,0.12274070676075839,0.12819584928345876,0.113661552813362,0.11358691192101655,0.11331453966084248,0.1188545739066478,0.13907806483859722,0.09224667495536562,0.0,0.09090172273701673,0.12166267383090518,0.14256879574576348,0.0,0.02155321431182016,0.07358636183089279,0.07358636183089279,0.14283479125270143,0.31131686945134995,0.22639870711888202,0.23043674568779515,0.0,0.12726254131333226,0.0,0.4250615780914509,0.35512513559510106,0.0,0.5056712731503662,0.10208723901899147,0.0,0.22776235961855648,0.10882081016535229,0.07623202405380339,0.14602895283910655,0.0,0.13213090174001282,0.17180688635230118,0.3046514152874606,0.2160021937516334,0.14860716872439864,0.21253494686005192,0.21871139541814832,0.5664484448709532,0.1961522345482983,0.11472505737813556,0.011761299933955614,0.07358636183089279,0.24777695859619245,0.016643082248299027,0.11783792026765481,0.10702150310968248,0.4204909514511716,0.21670790767505269,0.3063200576381792,0.01751198662835388,0.18637937233858567,0.4859516011118566,0.5205974157894221,0.22053871900475827,0.07187505109063946,0.11108331088908734,0.133664346050572,0.15927637536441946,0.09022789231282362,0.3801690974244952,0.49247695465455427,0.11402770022493143,0.6239261066308165,0.25109900188986806,0.0,0.03388199402396898,0.31756777369890105,0.11613255229313676,0.3388727497030762,0.11355182890884484,0.14429782350473438,0.0,0.2337777625243769,0.0,0.4740520981389496,0.4912711151759066,0.4052782240192372,0.2657628031740263,0.17279607496512348,0.07538115114384139,0.7385820357998898,0.1099152423346551,0.20747551586718593,0.2059766590398929,0.20680458542406624,0.10519206036491258,0.2711713267222289,0.07924685120249993,0.16735928279231027,0.21971484614538134,0.31692176757128027,0.12735755238971222,0.0,0.30854557286729467,0.4003089299539777,0.4103494486476541,0.2832310959356336,0.0,0.1482787030636098,0.0776832383178566,0.3011073356063649,0.5673135547764888,0.3533693679957538,0.015933256686447336,0.507011582620323,0.10627381103605553,0.22857709382716776,0.0,0.087693377387747,0.12380140320005388,0.08041104604371814,0.10621893963528527,0.40261360973429605,0.486112963539636,0.6204898237229389,0.022720898458985495,0.5188802051114484
ig_lora,MS4A4A,0.0,0.2886211800521853,0.03767486787532821,0.42384251041317067,0.34291134975822424,0.2962480406227825,0.10063796960708143,0.03125070900620832,0.4548333942866876,0.33181691268079117,0.04028591590728582,0.2627434941289077,0.3076192503084872,0.4712204373402711,0.3457885543018231,0.50480127600013,0.0,0.4580868859495842,0.2968362431049978,0.3612952477483529,0.038394529479536005,0.413465965304851,0.0,0.39270798721092753,0.12622447304913523,0.3672596800384044,0.0,0.47678084935128906,0.50480127600013,0.03718042228088156,0.39731022140779515,0.06823667831465274,0.36120248769461627,0.31596034816180674,0.42754455884990217,0.3032771606540503,0.023415419267196744,0.16099402860657924,0.4654937413940579,0.4088191508437794,0.21163569533487955,0.44288832924230714,0.3254884932394265,0.0775474358634121,0.03393863410513678,0.310186725694225,0.39262321466676775,0.50480127600013,0.0,0.4795612122001235,0.30810332408734903,0.13525433595578287,0.4980774607380579,0.3597448398345666,0.3315687426370018,0.0,0.2610032161026095,0.3781589755857675,0.0,0.0,0.40304603028655617,0.2801345337814556,0.25970295524351505,0.3861232914238847,0.41969922980857033,0.2868480527463011,0.2626741174290586,0.43217398667984286,0.22057355440118284,0.50480127600013,0.46148983643550384,0.0,0.3819863527086396,0.50480127600013,0.30505154164401815,0.0,0.05494158135406386,0.40384102080010403,0.40384102080010403,0.34604875691930176,0.4977916204815257,0.20373851482321434,0.45722507511081484,0.0,0.4387013064332479,0.0,0.4069178121993072,0.4749625774333535,0.0,0.39412251961377864,0.30871902409105995,0.0,0.44386852369637014,0.09055160708441151,0.4269319055426591,0.06376779667336356,0.0,0.31151892577148704,0.3756660658605619,0.48280504472579283,0.48878076774333556,0.42379219975911037,0.4377153000196032,0.3084398185370862,0.36687461717373876,0.3881861164201926,0.38294450314326284,0.019447773692258773,0.40384102080010403,0.28984483984689485,0.029064145338047083,0.42875344758648265,0.4406881525423005,0.44775955679001794,0.48032323707926194,0.45107603896095116,0.035923341654580214,0.4355318191540566,0.04572726318193324,0.2533673749192209,0.46327757359045846,0.38461049600009906,0.4206677300001083,0.37387067429957704,0.3353192504869128,0.4571335159963342,0.4660123480469207,0.389194400508719,0.25769809435839575,0.33593934645780327,0.29814708928465894,0.0,0.08465446225790173,0.3714790675152604,0.4589102509092091,0.47558283035629734,0.43895763130446086,0.3388328692157157,0.0,0.41465819100010676,0.0,0.34693227058043885,0.4083057945156247,0.4985823458147258,0.38193804593873526,0.3296579299546308,0.42509581136853053,0.2570426363103396,0.3335749498105719,0.36419989952724713,0.4121907302383397,0.50480127600013,0.20979624782290918,0.4556002993524471,0.47510708329424,0.15271888391037292,0.3837901585456156,0.4853509521582204,0.40550252994964975,0.0,0.4625702043073041,0.50480127600013,0.4178166621636488,0.1083689956280221,0.0,0.45377220997116535,0.29365822096616073,0.50480127600013,0.38425128519170265,0.443106060431503,0.02826556701866791,0.42669217969680207,0.3228770045462987,0.36349428951593943,0.0,0.4516642995790637,0.36526729737432134,0.41817285764703727,0.08235933336072776,0.4716114030498556,0.052581731123031016,0.3607072679244253,0.05762038616226668,0.4151012666022797
ig_lora,PPP1R3C,0.0,0.3176804117419758,0.1675938659252474,0.4239264969029312,0.389204929122676,0.26566680139717364,0.083334677993962,0.15425908146443856,0.4455775280209398,0.4132837855422068,0.03348333323937979,0.3821255682281642,0.3564683099944873,0.41498340624107927,0.3010204457716627,0.36686988277075927,0.11909626911707585,0.41025028279355863,0.25391957275475774,0.38585570428177723,0.08225770525673809,0.319648377548978,0.0,0.3981569261224855,0.23461822697514345,0.35165463676550607,0.0,0.4401026230997391,0.40566308711651977,0.029950886285656078,0.3166440660034891,0.06016316740626403,0.34634206493152214,0.2685107186898256,0.43783516959505975,0.4142493450127752,0.10785095059561284,0.26332416826295324,0.4402451908201097,0.4470361057952642,0.316915361539698,0.45205092293065957,0.27071041995512357,0.09183239413915775,0.06913223933202753,0.3990569456152798,0.37945424305244946,0.3726170241553164,0.0,0.3686078196936242,0.2620639297056552,0.11401634951611975,0.4546697477180438,0.42803441325807245,0.3609098487799583,0.13527600722247515,0.34050598807382376,0.30672378991779914,0.0,0.0,0.31821377772515924,0.3507700500092355,0.2573900801816692,0.3129459116663282,0.3338089724440834,0.3154710251819461,0.2919041290517378,0.333506171160083,0.2722254091561272,0.3954074124044222,0.3511343761538445,0.0,0.3073825597655721,0.38730416324918454,0.47514819177259743,0.0,0.04263978184958264,0.3125187890269431,0.3125187890269431,0.35141422176764053,0.4676191042956508,0.35889517419269795,0.4011896798588003,0.0,0.35402248589239316,0.0,0.4467742253866837,0.43073047065263576,0.11675418944156774,0.4295561115662399,0.30742328280133424,0.0,0.35233876442472994,0.07885007761081092,0.32588050357830406,0.04906044318011102,0.0,0.35442836395637994,0.4011854700880731,0.4341203927039353,0.4037730320078365,0.3533771048783431,0.34762129293920857,0.3736657894981876,0.29331010275737923,0.3121823768325809,0.40989256904722454,0.016710705202170575,0.41098850516895785,0.36074313458873136,0.26150864229011134,0.38663744296805597,0.36778663563903136,0.4507559816049544,0.4121169695376835,0.4192993868586639,0.16753494721831522,0.3913379408149689,0.06429420353392593,0.2650228881108975,0.39123367040526286,0.4029252353955211,0.47344042961443866,0.3767516853713947,0.36386490528420706,0.3479509112175283,0.3693156964268187,0.3235506806243954,0.306626761496983,0.28739328456806573,0.31598803197125885,0.0,0.07054815184261631,0.3832321980215601,0.36059353130096494,0.42847341885203233,0.3485737469242661,0.35788893528721494,0.0,0.3743181838687518,0.0,0.35661513875650896,0.4165021051936426,0.47852536162897136,0.4014168001876566,0.4217355476684299,0.35165312566697116,0.25965712033324234,0.294564809052728,0.4459076233034939,0.5466158416578979,0.4234571210187063,0.36250192392373287,0.46606595578632515,0.351583637655311,0.12956859030380558,0.36217753089486865,0.4464244165507568,0.33472164932330223,0.0,0.4183116728853696,0.48197809582548595,0.38964047462816176,0.09240466983369632,0.0,0.37097166343961313,0.24906820362306228,0.4552321815583249,0.30395569523940835,0.4033878642678054,0.02574205334983587,0.3731073149998178,0.31041955908285135,0.4485197390235215,0.0,0.343954176143369,0.3025334632630394,0.3231349644691158,0.19436884419333963,0.4103594669326971,0.042970550554399314,0.3103871751861557,0.04453726858872631,0.3379945399813532
ig_lora,NR4A3,0.0,0.3279557055538706,0.09093784121883376,0.37930732055522837,0.342999443891912,0.327686498534266,0.07893202666986004,0.1677309537919801,0.40084246769884374,0.33567387126848575,0.3160827481270143,0.2914913061276879,0.32273951963038905,0.3315773288883526,0.2935837163450886,0.31305461886926284,0.0,0.3887131799708837,0.32228112325792846,0.36937560075197323,0.1006780786307923,0.4237986823411085,0.0,0.40788587250898095,0.13388274309925077,0.3830906544641086,0.0,0.30898889607069957,0.33517923315359366,0.054111823679633284,0.2981853076099519,0.10300256045117212,0.3290642807700812,0.3619288597935284,0.3617574339481014,0.2777797483671742,0.06941833738092548,0.24243781981608878,0.38211007376527406,0.3447102716062705,0.3583842086993431,0.3994661677829284,0.622771164404907,0.09853240270976325,0.060585150042517785,0.35726408894205636,0.31076835970764827,0.3157938568282752,0.0,0.3166461990408154,0.27509711360908495,0.11360300495688047,0.4154288419448925,0.37575231993812824,0.31583054947087535,0.0,0.3876325145197168,0.2945887522515544,0.09704395635008438,0.0,0.4347357305587112,0.30554163122511374,0.32899211064541267,0.33066420439667543,0.3294523127188978,0.29350356195627,0.2960497310235295,0.30366339752840976,0.28890781719627173,0.32839435143973217,0.30961465525349485,0.0,0.33870803118749704,0.3235612850134199,0.29242335381362183,0.0,0.12450162020035305,0.29590094112300186,0.29590094112300186,0.31784020533340107,0.4071848120245463,0.3638938722549825,0.3465359144640253,0.0,0.31399334547190066,0.0,0.43642146279986466,0.40760436747951084,0.0,0.4951002037052383,0.32776857549377986,0.0,0.4062892339083069,0.15814098291594075,0.3283999302772148,0.09236086962120518,0.0,0.3080337824940337,0.3091415533123043,0.3710946828323673,0.3377876896406559,0.31611703950301645,0.3394872562752443,0.3672620510038603,0.5094356887350654,0.4024416458573941,0.3482442761342454,0.07554922418030476,0.29590094112300186,0.40336806710954975,0.085033940290762,0.3720968847863441,0.36603487932347645,0.444893378332214,0.3947715151695868,0.391728752241802,0.07373665376420276,0.33226017773041805,0.3380096110807848,0.5872160858966026,0.38425158746296806,0.2919022797564748,0.30675290657116433,0.33323575019386703,0.35256306214749844,0.367264074961951,0.41897266369511693,0.5359305901950566,0.2973787606751173,0.578111801461381,0.3956042628073694,0.0,0.06153967169222751,0.37304167567794566,0.31493298407972875,0.394238110345499,0.3107891290260481,0.3282265060759143,0.0,0.33710832093562415,0.0,0.47757830404768,0.4890060278084784,0.43471642481371886,0.3536052807563114,0.31093756233547987,0.30001067641637685,0.6716396605592007,0.3095200877219931,0.3692170458018502,0.3577447992148122,0.3491481072703672,0.28956059625037217,0.39517981114239037,0.30858241002827336,0.22219936590902992,0.3826397173008147,0.3869666603968605,0.349946310516908,0.08169590147996429,0.3635407219441504,0.4332849552324012,0.429525450063362,0.22475059412546608,0.0,0.3855626144271781,0.27828304947013016,0.38452382743622243,0.49884758345052715,0.38109662874783407,0.08074551558347501,0.5700013559649577,0.3626450919598855,0.3357427885472579,0.0,0.307021805249712,0.29322756311676607,0.2998274717659972,0.10621847945959836,0.471622327418514,0.35835238729891,0.6163833715240558,0.10262984937554095,0.5828311821582841
ig_lora,ETNPPL,0.0,0.5770217345210858,0.22821140356445907,0.4619623079923177,0.22795472622889995,0.22522546657934514,0.033416274967714946,0.2597337783860249,0.4270102114365207,0.33987397610569475,0.016103502250195953,0.3891236658659939,0.13993850336769895,0.3097659246380377,0.21045385459327595,0.15360439998090852,0.35623482338616586,0.5178338332504754,0.18886188704570273,0.3974505437859117,0.25367216623138533,0.12346734927885904,0.0,0.2796126225372132,0.3875678145708157,0.33780175698845794,0.0,0.14222709297990185,0.3199608149373819,0.08550838956858225,0.15278580448154672,0.045300962059210706,0.3099132867418755,0.13730595096095466,0.3480343775880306,0.3221176408234963,0.262757880808599,0.31622294755921576,0.3985684919685464,0.2628240968748395,0.3080923884535817,0.3585793709934192,0.13987257363973735,0.21954097103172296,0.21697803617807723,0.40144134348310545,0.3843701092311148,0.1855313887099287,0.0,0.2178891305578197,0.12763576748469901,0.049006043684555106,0.4378687886742504,0.41874886312751397,0.3849818795448846,0.17371183249929079,0.3143029383267979,0.15332620912901018,0.0,0.0,0.14538976563195255,0.3961509344509935,0.22170793411140083,0.1638055720739012,0.18307681584730134,0.0940605287576936,0.09718306037510385,0.15019309410027595,0.24425048171787778,0.2853032284881166,0.17134849816012146,0.0,0.14593866937857541,0.253946364557829,0.23968582186065723,0.0,0.06373288072164071,0.1097174285577918,0.1097174285577918,0.3939900648077842,0.43073451306069854,0.31826389594323823,0.24625696591480897,0.0,0.2329871707704318,0.0,0.44447342722358335,0.40661070795941145,0.1716505447957003,0.3765383851377668,0.31878790829387155,0.0,0.21577644875432467,0.07671672994498727,0.15354057949294886,0.020235613474051083,0.0,0.3708552787584994,0.39428593355158437,0.40843879681072676,0.3319072107984233,0.2572078990241799,0.24781208264911628,0.3170692202083935,0.1116082222825293,0.2075801545413756,0.33696063244125135,0.006123752368131887,0.1097174285577918,0.2937658091259623,0.25005186232445414,0.19782274724576093,0.3671546443724308,0.39269928428354806,0.3857469605161674,0.43287114594660747,0.3838023869419788,0.33059161773959195,0.1767122088054922,0.22234284579991226,0.35090207157606035,0.2799353974510888,0.3280019893038113,0.38125523582229054,0.35200828327318395,0.22090252369221927,0.24573574052271663,0.23794928777484134,0.2987554521273898,0.1743271915490113,0.21801911375765196,0.0,0.043734485796392164,0.3679382176115643,0.22220306898810036,0.40183724167519314,0.20913230022409446,0.15100873584493654,0.0,0.3336016455962597,0.0,0.3354801198389067,0.4069991055643092,0.47376218958182625,0.3414731682117674,0.2501937795465465,0.25927565907073485,0.15903242849992869,0.20451983348731434,0.23975484184068963,0.28507722915199724,0.3697255544542756,0.3442190732946039,0.3670613546994631,0.13964036361900775,0.14454799803603044,0.2455034830139109,0.42952524903139466,0.2510688959707275,0.0,0.3901595275698201,0.4769285080620966,0.33012369600688574,0.034205463770428,0.0,0.31550864484533825,0.12490156526500218,0.43593914344734147,0.11954699112652903,0.37378213090286055,0.04815313615621435,0.3363129875370607,0.16328500866550832,0.37026988509075737,0.0,0.15698809813917042,0.1675776322858183,0.13019148119626786,0.2708846524583912,0.3863503865460736,0.08557545493888032,0.23905525497826036,0.0881162331250651,0.24894144678638863
ig_lora,ID3,0.0,0.336730947982646,0.05038215381657776,0.41792147060660095,0.3732308800255677,0.4310505454360266,0.18574464989654935,0.04486353848761099,0.45527419707339817,0.34572563146243845,0.1069156353831392,0.3279085236171876,0.3358572938315991,0.44585125773096773,0.420217466883731,0.4274372236936566,0.0,0.4348125158240138,0.3515457031115017,0.409485560475613,0.07784241395965058,0.483502383364397,0.0,0.42188902222102387,0.14400146387625792,0.3711547028841115,0.0,0.4177059261150268,0.4416469475866823,0.04901072138596212,0.38635752391752065,0.08273246156117807,0.37343134913510445,0.3416321370164643,0.43425967053786546,0.327812606795557,0.039347327432363674,0.23574229859970344,0.4404800057927416,0.39518137345573595,0.31587842545072525,0.41651699530671393,0.40097271304649623,0.10205791088361121,0.0551374221495446,0.344526281900627,0.3859184043291304,0.42932415179869254,0.0,0.45356433168337457,0.4118973547268959,0.19740408134298282,0.4651202638170556,0.3742876086657344,0.3698499297031848,0.0,0.35159530959775825,0.41129070921871724,0.0,0.0,0.4177588880413426,0.34971744384332,0.40018211256430736,0.3810969554559449,0.3973138471774745,0.3256901484887185,0.3079489459865049,0.4014579151213873,0.3329323103074986,0.4375281870379792,0.4136971028841572,0.0,0.378923770765657,0.43447031935788144,0.36743522013916974,0.0,0.05692107044778382,0.4755294276069552,0.4755294276069552,0.3720222124290333,0.4625346281946289,0.30350560868343446,0.447420966778515,0.0,0.4079224733178649,0.0,0.421528424423922,0.4466478949731595,0.0,0.40538968149237686,0.3734846248756567,0.0,0.46431656207713623,0.21320973759134468,0.4052876505752429,0.05673509471283876,0.0,0.35237284972359484,0.37573596065296033,0.4671184136460536,0.4376473735151116,0.4479609426733724,0.4169782950842882,0.3677829573248259,0.43283421382261456,0.3944960528169373,0.41489187177025294,0.019484587187552967,0.38857929426696053,0.4247872625904797,0.06712832639252878,0.4076726551825284,0.4168780556643164,0.44109781128567704,0.4467739504354203,0.46155725422283356,0.046675277767182735,0.40506171004866987,0.07608105769230879,0.3871500201777998,0.4345510725107557,0.37994419883880587,0.3982644594113913,0.419794019410469,0.38846757532645315,0.42248344205949523,0.41997771354943325,0.4636556498311337,0.3558543252454085,0.41315812939661345,0.37503701020511,0.0,0.10040474878473118,0.38931658111284617,0.41558030547275615,0.457467030960326,0.45072386804164255,0.3552899001521418,0.0,0.403019090346877,0.0,0.4075197030996332,0.43951923122384257,0.4815574454227649,0.43793367908975506,0.39515121016953164,0.3976160220406108,0.4177979438519888,0.3777232555275086,0.398681962262882,0.3981276819484047,0.44954123863836326,0.3171355590756826,0.4293847013700561,0.41701192555478694,0.25479435044237037,0.4145594952070307,0.4767014848581965,0.43940410607007835,0.0,0.45736100705531896,0.48496433951129064,0.4045675653191306,0.14797737813185552,0.0,0.4286959296978477,0.35405262884606337,0.4665968057253283,0.4480529468078537,0.4495315715322923,0.048386653289267376,0.44333314360306725,0.3924995870402755,0.36686708023595804,0.0,0.447719293056901,0.4521036714776958,0.4344703988731093,0.12899647221714416,0.44334336507187727,0.08857840178506986,0.4654054376428755,0.06144165099582655,0.4302465457378618
ig_lora,ANGPTL4,0.0,0.12233531796977243,0.015155622770854693,0.4158801651986786,0.3279531437533431,0.3786663612945054,0.38488995711115886,0.013788928459630109,0.4584213568330787,0.2434634774988107,0.0197371663855812,0.1347806789951248,0.18793011785266112,0.33087970384400067,0.4133230157016208,0.2021660921546234,0.0,0.3636115094136316,0.13853468622255855,0.40851567878792017,0.019808407293526686,0.15815427226008394,0.0,0.41255283703264106,0.1559992448753288,0.1997987489851253,0.0,0.18637408586509716,0.34551960029196865,0.01617076597425564,0.1813515057602025,0.029854807088676973,0.20568470496309033,0.15598352487392192,0.4445232562892225,0.19997236722645167,0.009311693116189918,0.047900799210659886,0.41599971596215995,0.3098379487542406,0.1864545556321472,0.37805586400226787,0.2364960186154295,0.047167673783725134,0.01487898792290971,0.29683825553520476,0.26930920778492645,0.22967838159512396,0.0,0.49630704564475003,0.3799861800680837,0.29326423335948115,0.44609958395793087,0.37312255489468105,0.19604384134920733,0.0,0.23683677724690438,0.3435503806800762,0.0,0.0,0.1757408232405243,0.12929479958258966,0.24831808058513258,0.18936435742848795,0.21164251712595714,0.11348520562717955,0.11337029109967547,0.1848800170815008,0.12616340480564114,0.3156542860966884,0.20870364598605595,0.0,0.17291738725286143,0.2886332875390539,0.18532502432971706,0.0,0.023415706697967806,0.6278903595472113,0.6278903595472113,0.2290232583034184,0.4490270117315257,0.13259181495265712,0.4260253289860114,0.0,0.2585459561250185,0.0,0.45517645167561266,0.4156036139175068,0.0,0.4463664517384585,0.16379332237004313,0.0,0.2443421500329805,0.26601902106401837,0.15819590083497503,0.026553496183448464,0.0,0.20135982209183112,0.27293192804184635,0.4183493462339338,0.35302099000438625,0.4849691614901703,0.36215802936978714,0.22884134237346623,0.14017392356118508,0.18118373886826536,0.21214939061615973,0.008664498664938432,0.1444043515390167,0.33511734593277825,0.012869008650525877,0.23454120390372596,0.2274987413421728,0.43627785143880565,0.3779612992734466,0.4064266621517493,0.012878638683882292,0.4012508512044663,0.025623736669441233,0.08540606955105347,0.3419629790381216,0.13477739476974893,0.22449255697481968,0.3133100836669466,0.219447176790493,0.20233671611342346,0.2743014418013724,0.22745557044769588,0.1870262329423924,0.19167065303962375,0.27739818416448603,0.0,0.17951755642428122,0.28249569334399793,0.25255412659667215,0.4973253438415902,0.4960791143260759,0.23575668553369244,0.0,0.34331398403100266,0.0,0.26055040382015165,0.5008195326707808,0.47715811211145664,0.3750121848483648,0.2458103578839877,0.15551237858047953,0.18031769210940224,0.1308894600309511,0.3713755573544986,0.3279985371901938,0.38840312836724283,0.23385577573079278,0.3983869711203571,0.18378735650420308,0.31184129557181445,0.44407694321308067,0.46701957784457604,0.32956480887518125,0.0,0.47143469565791524,0.480782610615566,0.3406805856098672,0.14903496892996798,0.0,0.29508048451264846,0.12192981421980546,0.44546104387356006,0.25681013504706424,0.43156481903288996,0.011370876777686834,0.3296086681336067,0.16849371382733,0.3108093843151697,0.0,0.4814404963105521,0.3875418622563687,0.39431546900989967,0.107023154126056,0.3794545151596638,0.030022748460327667,0.3082238350689341,0.027555677765190353,0.2368736718601713
ig_lora,DUSP1,0.0,0.41172441745158855,0.38259110344914343,0.42120306831470156,0.2583438375729441,0.19207074973453647,0.04652980144840954,0.2512244745209417,0.3975794264271539,0.4948751782065586,0.018645122702458904,0.5436255654031904,0.20900840876918422,0.2600401517127694,0.20855791870861284,0.18881272285471198,0.35120863404385594,0.3587773876707604,0.15774937531164415,0.4031551893681204,0.1495914497334901,0.17273409424545752,0.0,0.30097829906441353,0.40710115631438143,0.3490315797452444,0.0,0.1838015134833096,0.25991014731243106,0.015423260458815891,0.18196076539140213,0.03440346438160426,0.32846450900705615,0.16781074752493208,0.3189498378246577,0.5101577529156051,0.1776907181307187,0.2900467267830277,0.35625227312156005,0.26405374747799254,0.3422176682511905,0.39560620344576003,0.16023376286506824,0.14822437306193104,0.14808559822707634,0.4159244173516641,0.3738078377624884,0.19868736514050633,0.0,0.21050280675704178,0.1624612843253013,0.0664533374944098,0.376892611755847,0.4326101460122119,0.39850767742962967,0.34950173109119237,0.4516759653285359,0.1807587095534545,0.0,0.0,0.17955099077833048,0.3919107687812873,0.16971515618235725,0.18573640695227772,0.19551200731818708,0.1449709484267245,0.14181651411647261,0.18342439217402426,0.30631483112072183,0.24005410985126627,0.19249061425789898,0.0,0.2140692692041219,0.2249257003570455,0.6639000820285738,0.0,0.021784592878146533,0.16723412595703063,0.16723412595703063,0.35484852237439823,0.3773946078240555,0.36441843854587624,0.22435322551675765,0.0,0.21859766633312977,0.0,0.4528094865184019,0.3503217151799361,0.34396407806689566,0.3843940749428521,0.285993215720807,0.0,0.2101407904608028,0.046629892405437634,0.1731788293471916,0.025087059563585732,0.0,0.3879104849676333,0.39873651384345715,0.3475807350344657,0.27161400584206186,0.23311422189482897,0.20641647086697015,0.4502107943802337,0.16353921546026276,0.18186771247637473,0.32136541877173347,0.008728991461818804,0.16723412595703063,0.34474829148864616,0.4587460931872406,0.2150854006938005,0.3530964022262207,0.3645457899007948,0.299006418546667,0.35743263696178157,0.38253608757827884,0.4217237588601439,0.1678147839115987,0.29570180906321525,0.2721777900203984,0.5146345939821876,0.702276917855884,0.4600461149433432,0.39353727950618905,0.1900561998948336,0.22354363151508339,0.20597753652833733,0.40213380889898753,0.18772064840937355,0.21568536830553706,0.0,0.042368419826536774,0.39085003471506885,0.21276755439179978,0.34378890834431897,0.20716840822359453,0.22152219530954526,0.0,0.29573567166901366,0.0,0.4201584813605753,0.4018249946563457,0.43942160682248865,0.47412206933900697,0.4704966708652745,0.2787788563326285,0.196405184612507,0.3007937540572605,0.2903411394644948,0.28085994128234654,0.29638329413825854,0.40239487916360606,0.34908078574144796,0.18291232526550225,0.07843071555914653,0.23759015120137494,0.37484059995032143,0.2123359263042834,0.0,0.3370609019495566,0.43816423418034794,0.2910871705224437,0.05302500020406749,0.0,0.23876723004084416,0.14956040961836903,0.36875064895140836,0.16837573693814734,0.3279084381720413,0.015307068661836239,0.2753937813992926,0.18402789938589664,0.5068094282140543,0.0,0.18699987307341773,0.18613623997616255,0.17542374701242106,0.273702315251857,0.3055793128131798,0.024862112805088807,0.21101638505437847,0.023207707932504283,0.20900016888178694
ig_lora,PLEK,0.0,0.20540019295309422,0.05647820421706261,0.42505839904284576,0.3518073805325063,0.31773685897865994,0.28125694903313775,0.04330505806406434,0.45443742913843566,0.271423443567537,0.027988817212851673,0.22341388923240876,0.2569801817533177,0.3867996359814532,0.4055527876248546,0.33078193607076434,0.0,0.41946543364065086,0.23884657320240935,0.4049561835672892,0.11917205005640158,0.2500227322001846,0.0,0.4297919631325369,0.12809832332842475,0.2557186811225779,0.0,0.30329758033431625,0.4132121497215165,0.09414040569202055,0.2570078845344031,0.06582752772983264,0.27568822281608957,0.2054511571493607,0.4295540881285168,0.23134208525477873,0.03414642219890573,0.09058832852044622,0.4400784750667399,0.36131143338168575,0.24697195556198986,0.46613275395168885,0.27121875969069803,0.1337744665752673,0.08221967516121742,0.3123846339047301,0.3121811557569734,0.34660187606434306,0.0,0.4432982255164473,0.3803240986772271,0.2462705936781083,0.4678988795369378,0.3753232700858408,0.2861517273608603,0.0,0.3362315499841903,0.3287680854245613,0.0,0.0,0.3351290936216932,0.2500219766950133,0.4472725900871893,0.25705690685803584,0.2872988959001577,0.1649315431936359,0.15624223907172247,0.2767484770216015,0.19131572131015512,0.39603918854427644,0.3076389105369336,0.0,0.24437063387293975,0.3805017474791545,0.24290090303896456,0.0,0.07992954554373743,0.40424602048963937,0.40424602048963937,0.29679710543266086,0.47442473241171534,0.168198011465908,0.46612867069213654,0.0,0.3262385055545664,0.0,0.4538206355829002,0.43942136279086624,0.0,0.46350813542737623,0.2733756483138344,0.0,0.31999852880718105,0.3242080990555901,0.28773763585362455,0.04293376483561733,0.0,0.27249762683787293,0.30769296693810066,0.4445974776453912,0.40894092214183886,0.43357266797739874,0.41807658511808976,0.31958199818553257,0.21583030233538564,0.30160492545310486,0.3270209849564799,0.01336193373233525,0.2362728114791174,0.28760539394930934,0.08689314095462332,0.35761620856861026,0.34967920058877744,0.45350369870158075,0.4410221814652426,0.4549045221833068,0.043961250049055586,0.40934259801413414,0.06694631811564915,0.16539446768314112,0.4143662141472207,0.2205212907138429,0.29594580359489797,0.3672213463660733,0.35250263961350814,0.3527126659553984,0.34995782057557295,0.3124506725322904,0.2621593318840062,0.2376048830096741,0.36133900600416313,0.0,0.12242880126326278,0.3124063547198447,0.3329390290442602,0.49358009372775796,0.46391866134492815,0.30101144943797137,0.0,0.36903715281423083,0.0,0.3063331000364582,0.4798414213152586,0.48615222707062733,0.42918652261957285,0.31343122121747125,0.2544476431313572,0.24617965538785486,0.23370723943426858,0.4112354947643114,0.37531586019736,0.4378707606426817,0.2387304212780431,0.44911570117470984,0.30071085097342215,0.3942053031043412,0.4219625161362301,0.4668894637139642,0.35896881906400396,0.0,0.4611493341951137,0.4909902172755771,0.3686405516785935,0.1574010941509653,0.0,0.39655961704577386,0.19483795128651962,0.4706798367982936,0.3323784758529515,0.45594933865588255,0.05280156028988393,0.3839110944654309,0.2659329266213773,0.3354501003676798,0.0,0.42958560342933233,0.3726611475368414,0.37302679783095705,0.11338140929401394,0.435308439386683,0.09447593786938085,0.4207609329070038,0.10268764403102293,0.33461803925745504
ig_lora,ADM,0.0,0.04049639906807912,0.006291495459646431,0.14486736324892405,0.17995416404634268,0.21812287766115876,0.4365552803625731,0.006287252333770722,0.18753039571140268,0.09057153134646133,0.009560306807515153,0.04727726276671666,0.12396424728309627,0.12467473976734526,0.4599106291974445,0.06350661654189665,0.0,0.1378780650994927,0.04801245344187759,0.1480407100819515,0.00985964739043622,0.054521564788508246,0.0,0.19753945801922665,0.018946131691671312,0.07070943301815304,0.0,0.05865090998398465,0.13033070051243387,0.007387873624043638,0.06163560382846132,0.01537112362943244,0.07388036950584045,0.05329042929288893,0.23559834364714463,0.07372100705457545,0.004351544790247396,0.013797825301432752,0.15818770549934613,0.10700586355389424,0.1605987927743548,0.18248695601872925,0.050498850164878185,0.030628635060542312,0.006870509677518255,0.1051099954268897,0.09945755598226581,0.07753142428879951,0.0,0.38545881306486013,0.5770031499509701,0.6930778638836118,0.16926846868020673,0.1843008149292437,0.0736585097986748,0.0,0.06069284168858602,0.5125638802137829,0.0,0.0,0.0626046477709718,0.04467276196210509,0.0778545861334109,0.06613068242216158,0.07494810674511646,0.09786256652352575,0.10507845319178423,0.06206348572072514,0.02349501458973684,0.11760230356566488,0.25423632005145486,0.0,0.059476611401675414,0.10558103978260529,0.03224705803341298,0.0,0.009604627767396564,0.361842789994742,0.361842789994742,0.08549411904288676,0.16758587677074946,0.04576798502330614,0.10541171018422255,0.0,0.1022611857924276,0.0,0.16527082830836237,0.1579862538552429,0.0,0.15150756765795512,0.05845918376209597,0.0,0.08995491484818234,0.2710764877961928,0.048252173425129774,0.010227383642366639,0.0,0.07807963505216674,0.10124946035884379,0.16053872712405223,0.13379407418286177,0.35309908935011075,0.24949746334835676,0.12130916827478795,0.048874526721977125,0.06306961794168175,0.0767547468620183,0.0045463570427548726,0.04233774436126444,0.14636490499404264,0.006452386073675402,0.07585482276817437,0.08105987110934677,0.18465600314043612,0.14381090950880046,0.15447405680096957,0.004802313883698282,0.08851534994082959,0.013731975300889506,0.026885460765351987,0.12986923739087022,0.03908099479501333,0.07918577983695396,0.17378610004636655,0.07715022150136577,0.06867076572752816,0.10120755567631615,0.0834406720835962,0.16573521529309884,0.07049229774871554,0.07749987756739038,0.0,0.45943529050955184,0.10794703222044082,0.09049803409937596,0.15984712752960842,0.392538398170011,0.06789574355370126,0.0,0.12916561500533022,0.0,0.09890286790048047,0.1763522610046375,0.18033939727036755,0.10603456671769247,0.047740271536765404,0.04618663021228848,0.06628517426181872,0.04246090765428931,0.27263269267808715,0.11625509573541434,0.14765546302331387,0.13660651490810927,0.2041788537375263,0.05645032581501925,0.1468430431815276,0.17907479206666305,0.19703638534006082,0.18777679926929025,0.0,0.22998473451694676,0.18158644950775604,0.12978480515262106,0.11210129228160284,0.0,0.11085830671308176,0.03917320473361324,0.1691220054930633,0.0543790050506634,0.15086128195598875,0.005116407210660502,0.1251501048509705,0.05939162486265047,0.11446576005795539,0.0,0.40419244566484824,0.6477864918501266,0.7602782210181299,0.01348239890315974,0.14448187164464277,0.015608919660984363,0.09233222607000831,0.012582990919292863,0.08703168388432532
ig_lora,SERPINE1,0.0,0.20215202670988291,0.025497224579519827,0.35716822725558334,0.394193233068639,0.41405531362199244,0.30120617578427145,0.02325647911315669,0.45294602601421824,0.2573681539811823,0.025291546510652234,0.19751657191031471,0.28291237566724375,0.30492694510432333,0.4444687997714361,0.25980133453461285,0.0,0.32881295001929406,0.20889855942847,0.37758564255696075,0.026903233005709168,0.23863367333352511,0.0,0.4587054829265878,0.08911289333049041,0.2433991499664839,0.0,0.2535487044923216,0.3088013228277163,0.021784852654085963,0.2421898306889133,0.049440946348056736,0.24457460285837426,0.2189761301619577,0.5093345330304458,0.23179185340275144,0.019118815838375547,0.13361581811520457,0.3888582594280882,0.32986296595871994,0.32424560996279894,0.389986731269329,0.2164521966239151,0.053326170323452396,0.02206900593088772,0.27107794087961773,0.2751868456294218,0.26642295457422144,0.0,0.4879099391257348,0.4289351615135166,0.3322989834424432,0.3958948538260912,0.40416184802178196,0.23593754218171517,0.0,0.23289893418431018,0.4365337238911215,0.0,0.0,0.24150095937019567,0.201467932901726,0.20603129116644223,0.2428691091742467,0.25416534681025815,0.21486472233392848,0.21356012468038935,0.24798768402102103,0.1665141843877402,0.29480132617254384,0.29266412302556727,0.0,0.23735682027843943,0.28430132868116453,0.20239189897090368,0.0,0.0304684499707693,0.6571415682566993,0.6571415682566993,0.2519662984002676,0.40958992609386846,0.20489262980464656,0.2783961234068986,0.0,0.2720791175127818,0.0,0.4197448651753258,0.37217227841556494,0.0,0.39869709210353904,0.21965806309874691,0.0,0.26709310865722086,0.2318798342000351,0.24071112391165395,0.034989007450985904,0.0,0.23410719314358455,0.27666140411504986,0.3710707344955012,0.3153197937102186,0.48889452968911273,0.30261311340155744,0.2918322772114241,0.2259103214474413,0.24073850957565013,0.249968202401153,0.012510149288265677,0.23382120108115156,0.4756504229114242,0.02225787970889685,0.305755500693931,0.261218261504157,0.4427297742917986,0.33417521752941537,0.37438798795129724,0.02450723149822748,0.26263394111133215,0.030048578448470493,0.18183303772789194,0.3125318406741342,0.22811824495722105,0.2584557533465132,0.363288057787363,0.2783263249851052,0.2554247290044701,0.2789374798214688,0.25638092330605783,0.302059079859919,0.23514750753350544,0.28304159663194856,0.0,0.2245730650946791,0.28229712949988034,0.27076317017253765,0.36721929114732416,0.47585834073519667,0.3937281493976274,0.0,0.32232745162171,0.0,0.2682848013531501,0.44549971469813315,0.4471289772404623,0.27589249107988983,0.21652748374508538,0.2398166164934888,0.23932713979334588,0.21628209396345327,0.45962135233119145,0.34896939940747285,0.3351859319086181,0.34577995079148205,0.4059067093928549,0.25277967684448815,0.21284875643756157,0.4018389591305525,0.4487492494863359,0.3693819778877731,0.0,0.46928882707890796,0.44677497407408645,0.31947908416324616,0.09484394529317727,0.0,0.2878271765205414,0.20351828386656795,0.39025584882144665,0.23165609289193909,0.35059272407313624,0.021622967474489697,0.3096306318469301,0.2628207002750957,0.32295948085679305,0.0,0.47051678072667086,0.47654928165642624,0.4745220021734773,0.06285137765954288,0.3379031992178371,0.03214580596681097,0.2546694512950588,0.03169925217994357,0.26236218606311423
ig_lora,GADD45G,0.0,0.3834370116083014,0.047822202342663864,0.4417537417377192,0.4007291805589049,0.3667052147367512,0.11390397396340828,0.042744234930989944,0.46226909097023555,0.3879806670052518,0.04529549527096244,0.354432047868007,0.3911709561100308,0.4867671219050206,0.4079028987152242,0.50480127600013,0.0,0.4757817306657,0.38647634349083065,0.3933278433402675,0.04747675707460734,0.46420780458000604,0.0,0.43391875514813427,0.1679453024824431,0.43093634483549964,0.0,0.49345967473750396,0.50480127600013,0.03988248785362006,0.4532951456746362,0.08735406045184133,0.42530908961672065,0.39878531651194854,0.45138922463700953,0.37325081181588354,0.036082089890927246,0.27408851788077354,0.47678900995902124,0.44948954285918225,0.31342929973253597,0.46785322712852606,0.4100699945416451,0.08655721373553663,0.04031045909439351,0.3473269070503137,0.43859782996732605,0.50480127600013,0.0,0.4935834698667938,0.3943743556280424,0.1624921111099028,0.4999451871997446,0.3732259212625929,0.40256568253992325,0.0,0.34449570236888366,0.44148012579294876,0.0,0.0,0.45717116098526567,0.37374567637256995,0.3382601093321737,0.44546228371200736,0.46402321220000764,0.38414859884176045,0.36190655946638295,0.472522480746669,0.3333623328134635,0.50480127600013,0.48609860891540513,0.0,0.4446470278573592,0.50480127600013,0.4010850677767642,0.0,0.056985538993724036,0.4599300514667851,0.4599300514667851,0.40710741810423573,0.49987782748111037,0.2873670595945798,0.4814986469931185,0.0,0.47175129121668896,0.0,0.41293030997577057,0.4837386652471114,0.0,0.4073616053059259,0.3904199623865058,0.0,0.47560433218791176,0.11253602625970958,0.4711758660298585,0.0661401105377,0.0,0.38154876281085043,0.4231422460589325,0.4896788669990232,0.4961976697140737,0.46061450714139207,0.47265591250946093,0.37568689301073127,0.4387114186458176,0.4476836468181199,0.44042411298140777,0.022148853371739163,0.4599300514667851,0.37381219771925234,0.040883211810081706,0.47008378911563875,0.47479087778582685,0.46187879421826344,0.49019341406348294,0.4637470854324556,0.04692926740659626,0.4716096612613865,0.05192734504799192,0.3617440564196127,0.4811757211808341,0.4499315720870724,0.46359300857154795,0.4303062784808499,0.4047790970087231,0.4842174705439455,0.48621491468921724,0.44271610212511303,0.3542227746871982,0.40749101151811123,0.3719521559687557,0.0,0.08765859752944873,0.41652035416555416,0.4833203706384223,0.48460086913525807,0.47325119625012185,0.41427305411772225,0.0,0.44248013081492876,0.0,0.39818844117124763,0.4161128723056332,0.49947587026665163,0.42919313442388707,0.4138614617072746,0.4703830071819393,0.33257880694747083,0.4175094234329043,0.41745799667606637,0.44894094681047864,0.50480127600013,0.30084718244550823,0.4722222509226102,0.4927821980001269,0.1817020158142396,0.4359501229656649,0.49041614065871775,0.4523415611055367,0.0,0.47529040662442035,0.5048012760001299,0.44605841990276607,0.13397010200721607,0.0,0.47830541479278293,0.38791851339203987,0.50480127600013,0.4483736207281002,0.4608345706523728,0.040605674875235545,0.455837364884611,0.40710120429344276,0.40318726324745363,0.0,0.4818557634546696,0.4310852118204575,0.4662997567320888,0.1168289204257645,0.4841833246219292,0.055663485945191625,0.41976218926692727,0.05806981713037755,0.4590718594443632
ig_lora,SRGN,0.0,0.27420917365565567,0.035949821015881164,0.4219597484227762,0.33538158574697285,0.2873734348620443,0.09806855402648758,0.029555413932303036,0.4541246300070643,0.3248975381480176,0.03934411498691462,0.25033027454576806,0.29529537370275954,0.46873296780991114,0.3371932720478606,0.50480127600013,0.0,0.4556912762034024,0.28341914420853764,0.35791863531889934,0.036967322286024805,0.40331759744982004,0.0,0.38724002190413714,0.1192821270314328,0.3570714136708692,0.0,0.473044792464777,0.50480127600013,0.03659947818274278,0.38707297811328706,0.06498672335133068,0.3512991229838912,0.3033709529725852,0.4246831989554493,0.29432053330533564,0.021750656842363596,0.14696107973337308,0.4641834902405222,0.4028202680215075,0.19860611397197955,0.4393504465704316,0.3116952022578339,0.07598051797260784,0.032773500392815555,0.3064441381883422,0.38602450517657,0.50480127600013,0.0,0.47675676066678946,0.29499012729316365,0.13051733158115336,0.49786400628529376,0.3585460263125372,0.32137859361564136,0.0,0.25040330045489123,0.3671466016366925,0.0,0.0,0.39287050571519877,0.2665183675863844,0.2500912563903145,0.3758034666781242,0.4115942730284218,0.271816795970175,0.24843134339546616,0.42410428786647764,0.20478312542346358,0.50480127600013,0.45639437295731256,0.0,0.37082135968214053,0.50480127600013,0.2890715628955292,0.0,0.05448373484278,0.39262321466676775,0.39262321466676775,0.33769336117820553,0.4975456676563115,0.19418096684934402,0.4528999659390589,0.0,0.43295348299264946,0.0,0.4064026360740398,0.4739336567931199,0.0,0.392906269543599,0.296835251248086,0.0,0.4380654044293454,0.08689339973364191,0.41777080313589776,0.0632363983677522,0.0,0.30231500433202785,0.3693667873171683,0.4819749982626103,0.4875940634280174,0.41800583717046613,0.4313261594500292,0.2999023638647799,0.3537387449045587,0.3775847382765619,0.3735709052311961,0.018907557756362693,0.39262321466676775,0.2782255730278011,0.027389214775153038,0.42074841301662497,0.4342768401965175,0.4462178887032581,0.4789244919980695,0.44971590637768083,0.0340523342767375,0.42893472802585914,0.044673249264703285,0.23714583291400096,0.460598625047899,0.3719588349474642,0.4130192258182882,0.365423538705993,0.3253497195743706,0.4515255442311818,0.46231816443232937,0.380630928250096,0.2443411656210047,0.32538547586140787,0.28853526664673,0.0,0.08408968482685089,0.3658057820478191,0.454321148400117,0.47450066570282207,0.43268680800011144,0.326977983016829,0.0,0.41131955822232813,0.0,0.34061751036365123,0.4076214293987134,0.4984977345196863,0.3754715601460303,0.3156464622709908,0.41571869788245996,0.24803323123071086,0.31930608929477533,0.3569895725286377,0.4070456999182402,0.50480127600013,0.1988701356681973,0.45350664077169467,0.4711478576001213,0.1478960907615695,0.3759829896775824,0.4847871746555564,0.3978641648688436,0.0,0.46106195174684605,0.50480127600013,0.41433727761018957,0.10391662930120577,0.0,0.4496898846888482,0.279096630963818,0.50480127600013,0.37219628611086,0.44104955324588213,0.02649439859690174,0.42278672488163566,0.3094011325867556,0.35893599962935263,0.0,0.44541289058835004,0.3545339144031053,0.40854747783002693,0.07703437646240484,0.46990935828317487,0.05200236121646484,0.35223114980232506,0.05751971362540986,0.4076262658191255
ig_lora,CH25H,0.0,0.34991491425264604,0.32235835005426067,0.4185481654519818,0.19461693119078816,0.2502262571083443,0.023851744765121478,0.27704370372443243,0.4066843297128645,0.33692373069245635,0.012858723141399452,0.3454363540643156,0.11372636017556365,0.23955869261746746,0.17517804283568159,0.09401108892107307,0.21365672624517656,0.41541937976641596,0.20010195897364483,0.3767251112517041,0.2876863450334243,0.08527082865491349,0.0,0.23654117149377374,0.23295259984329686,0.292018429956194,0.0,0.09036902970155986,0.23620769214074663,0.07212621180347996,0.11081263283481046,0.09162640381073085,0.7051345376658688,0.11006361323739328,0.3063835682675559,0.32334500306462255,0.7699410771770715,0.8547931062803037,0.35526952479504376,0.21203483498127607,0.30304143996242966,0.314659381552934,0.1601755269579221,0.22134504887812856,0.2231194334991028,0.3709106680203016,0.3362845206079644,0.11683276598102069,0.0,0.14821868284088727,0.10244468080155548,0.03707464449486958,0.392369743085302,0.404692100849081,0.34696159667145454,0.19900205022153172,0.36896888317004517,0.11443624943462886,0.0,0.0,0.10384264182436512,0.3476583710366924,0.1871929025415096,0.12209424543281845,0.13226876588555334,0.07542680408723428,0.0804766573811425,0.10308799186919143,0.5743212269760607,0.2011737464199575,0.11448374939653679,0.0,0.10756162242654056,0.17225683884089346,0.24986580701948505,0.0,0.12605307498019813,0.07610421484086867,0.07610421484086867,0.3517121946552892,0.3815178950677697,0.30061211158128054,0.17979079593262873,0.0,0.17265002909566773,0.0,0.43558697043232303,0.36096922527307174,0.19831214765145383,0.36282711849673394,0.332583190596545,0.0,0.15543100586136152,0.13792887707180185,0.15206206355582802,0.014983252908740178,0.0,0.3347081117807827,0.34703570209117934,0.3584936706352638,0.25653367867376303,0.20113335769127336,0.18095617278567802,0.33943985013014355,0.08164517877717312,0.25766095086917246,0.6755697072522637,0.0051124880994040415,0.07610421484086867,0.26248576462838336,0.2917490634709684,0.20614703956326966,0.40991265417040934,0.3578064209311367,0.3711729874084019,0.3929388306707909,0.2964015101966202,0.2824098584241768,0.2595340955068443,0.2847461945250256,0.3417874611197562,0.278641449457139,0.3111957728627276,0.3628928082858558,0.32691112665359273,0.2509075276758465,0.17665217086397247,0.25397504547798105,0.2979132636744004,0.14123731072061352,0.20050165923589286,0.0,0.031195202796006117,0.33448007049289635,0.15727798328951142,0.3535790630808564,0.15072473398578176,0.11891465071379465,0.0,0.2937232770467042,0.0,0.33371909321803583,0.4407654565208223,0.45206758414700204,0.3301892065266038,0.2566633644092947,0.20257542111815238,0.14091031664388826,0.39829379169088963,0.20127533276841175,0.23550297037725818,0.2931820887169794,0.30426847269012386,0.3169156552785214,0.08878825064768012,0.18267054649956752,0.24107316773767973,0.3886289680401363,0.2563083157514353,0.0,0.34492271094033566,0.45229425960656633,0.2876949910974698,0.026099397373705882,0.0,0.32105974286904476,0.09921827022315732,0.38439725564937194,0.08586505955972266,0.33323720384776745,0.0981110970054277,0.3314810534151689,0.20811682428516237,0.3643663936775785,0.0,0.10514948938291861,0.12927077317714342,0.08975358326651937,0.22131780102291668,0.3730638398721585,0.1721996387770508,0.251839875536916,0.1730942394385442,0.2638980252313278
ig_lora,ATP6V0D2,0.0,0.2927280089620054,0.03780335948744549,0.42096421393801403,0.3425127768983407,0.29857224120224235,0.09847884154142317,0.031872296394282934,0.4524025885958671,0.3320742183891163,0.03942792000729135,0.26777467752921535,0.30996370439158993,0.45859360108962877,0.3451275278516991,0.4782327877895969,0.0,0.4497992017257548,0.45137096038766494,0.3604698789567441,0.038442022568589876,0.40343138513466437,0.0,0.3890444783058727,0.1278022789622494,0.36437916478481214,0.0,0.4557438495486088,0.4867726590001254,0.10582172033000709,0.39029760170690575,0.06857330730793125,0.359025872662746,0.31772381980508785,0.42291691267109804,0.3052725820548125,0.024404878896468987,0.1707462594617741,0.4595417618220285,0.40295820758618267,0.21912960465479203,0.4349117683491407,0.32655743105497426,0.1559492438974884,0.03357437156104481,0.31091188509713863,0.3883086738462539,0.4795612122001235,0.0,0.460905512869684,0.31054025493701226,0.1343149346936649,0.4909505514702063,0.3594629290349575,0.3319506996649314,0.0,0.2654462142142259,0.3736991764873018,0.0,0.0,0.3950646087321798,0.2845871377460844,0.2638189139269029,0.38081017277133494,0.41010326298451455,0.2912321231510469,0.2683556610114454,0.4196992298085704,0.22905847851817585,0.4846092249601249,0.44445042928521966,0.0,0.3769361117410227,0.48285339443490705,0.30819980587962503,0.0,0.05253788716982357,0.3950618681740148,0.3950618681740148,0.3453849495063333,0.4899888412969399,0.2095971472868999,0.44381497609851167,0.0,0.42775482902969497,0.0,0.40636936834320947,0.46837074917462657,0.0,0.3931986425718478,0.31091495776808836,0.0,0.43148379219295285,0.09058172630723912,0.41460494351412647,0.06097795556890392,0.0,0.31311564438182315,0.37311398660879175,0.4752393105503253,0.47450765051740595,0.4158596528719264,0.4260405558635052,0.3293049545304079,0.36337379796139435,0.3824470128179587,0.37845318193585875,0.019024996003296626,0.3950618681740148,0.2931797930006943,0.029803105947128195,0.4172260396381831,0.42818967631723487,0.44353580845622304,0.4695390580983238,0.4469852584266346,0.03623302563436109,0.42410901509782933,0.04502274838302242,0.2602979423426264,0.45271562445792746,0.3786009570000975,0.4113195582223282,0.3707593001079529,0.3354127069110031,0.44068815254230054,0.45107255988767064,0.38425750521103474,0.26332924361851656,0.33598757652879924,0.30054628270437317,0.18191414796689773,0.08172010571242634,0.3694630165432311,0.5186923473962876,0.4685125602025918,0.42713954123087927,0.4486169345754512,0.24479131644198063,0.5093257148929705,0.17436255877578863,0.4116314648382888,0.4075555686217341,0.49538402683154215,0.37877033464069004,0.33034555535917637,0.4130192258182882,0.26101721369482694,0.33388107748534923,0.36231360074130436,0.40665488539163824,0.4903783824001263,0.2162405496624267,0.44873110038981096,0.513007421548407,0.15164724873736332,0.3798521606668215,0.47931783993559335,0.3988281738900147,0.0,0.45637171150530986,0.501062007289018,0.4133830724456363,0.10815597526690617,0.048670784070635825,0.4420484073740575,0.5252805712228468,0.4963879214001279,0.3785252330487088,0.43818735844236073,0.2794490834207003,0.42068164665035435,0.3241573651200913,0.36228712061224455,0.0,0.43596473836374866,0.3624866734993954,0.407524334997435,0.08447887502809943,0.4624015926600986,0.05094195780336273,0.3588477999302454,0.05481487125679596,0.40697363736757014
ig_lora,SVEP1,0.0,0.22446240069005752,0.09245831762922686,0.3900377098765431,0.25538877336828975,0.4280568314743478,0.1801184505485549,0.1338545250569366,0.4729441966578055,0.33165492895925536,0.026621667323041165,0.2012981271814787,0.29757574751913995,0.34821286607390606,0.30851757691119264,0.25972911541515575,0.0,0.4151830963225457,0.2720274102658005,0.3347626587518453,0.12930180071129752,0.20682801719230065,0.0,0.37856046918773384,0.06603764544216234,0.22761838760374067,0.0,0.24193872368859265,0.36476004138014473,0.07166314986822044,0.21989810849258304,0.09187764505874703,0.34075145902710635,0.18395214679134303,0.5286346641585793,0.27180632590235304,0.05398224197016656,0.09912322123542992,0.4120782919898514,0.29799266992227635,0.21990187815806414,0.4090825900197317,0.21770970137728088,0.12066792523442256,0.07412265009265415,0.28659222594004224,0.2866988967807321,0.2785808200755384,0.0,0.28944707581139123,0.27225730517430574,0.29058389786348715,0.4494256379828452,0.3895209297487353,0.2590340267883914,0.0,0.26024899846795607,0.49024686240770954,0.0,0.0,0.2170523130713347,0.21945772428753166,0.2883001659320465,0.3263941296663561,0.360751406473341,0.25599565175540323,0.24462916698515347,0.3652921356870762,0.1356262806775123,0.3414198356101472,0.41763144700726873,0.0,0.21038007169935707,0.32099715556139935,0.14244872145079474,0.0,0.11689892988100785,0.19479683656136682,0.19479683656136682,0.2742119743037637,0.44381153777072374,0.18518046111138872,0.30066653858196724,0.0,0.28606960141957083,0.0,0.4123424141068036,0.4203157788389465,0.0,0.39152573184288375,0.26026411451992715,0.0,0.27625815863138437,0.20358475312166985,0.3353491781358752,0.03814436685285154,0.0,0.2514861714060472,0.2870146102816397,0.46351522693165786,0.5021267523826737,0.3781894860009384,0.598378512779361,0.3699716466773484,0.2826159166749342,0.32103236201656216,0.31541726799103637,0.013700151822103115,0.19479683656136682,0.19047532252794835,0.09065992638635248,0.3008927895098196,0.3486306442184362,0.4744918787615343,0.4349143033919373,0.4314048896769149,0.0690766403842319,0.26616635839595215,0.20295065526021663,0.1865583734477921,0.5243782670522998,0.18333819911658053,0.25679772444911947,0.30525212002018937,0.3589066192364879,0.35104993626210607,0.3030638407399456,0.3903402843040824,0.3212853858007318,0.21539555828483667,0.24750389514606042,0.0,0.2332067016542707,0.2942756283828344,0.2853308049434661,0.41678014363331617,0.27031339415696787,0.20018904020966388,0.0,0.35116899355741865,0.0,0.34522295317621216,0.42502080173544743,0.47812895514050985,0.28659585573692214,0.17133448164151388,0.20778329233212461,0.2993857112070079,0.3775656149809177,0.3598303745672867,0.3147993152363734,0.39977035003514105,0.1557923846226803,0.4557655764523062,0.239749952690913,0.26293764096569755,0.30263552601227983,0.44029621749572295,0.3665237713151326,0.0,0.4824455688405209,0.4818257609452886,0.34929990419769846,0.16562663596312835,0.0,0.3990374522275662,0.16648627871823524,0.4493132396412679,0.3429253765798109,0.42729923362286154,0.12599170486183472,0.3816127312438664,0.29099160089864357,0.30505939163333184,0.0,0.2414367107321333,0.399395107822331,0.43371754717176936,0.04436826503959841,0.4301697233796032,0.14889954030231004,0.29892730891501723,0.15646792214176855,0.33512932598456874
ig_lora,AHCYL1,0.0,0.3891409021120688,0.048518292952975016,0.45991272196324484,0.417381117789903,0.40917668120951367,0.1725275191548484,0.054624307004985904,0.4724382191614121,0.39581538929917237,0.06826571618349617,0.36516940672922327,0.3950728347066621,0.46909715393398504,0.474147359383631,0.478039096640582,0.0,0.4628411026395615,0.39144600155373,0.43918698758206187,0.04821147813347708,0.44984799014111665,0.0,0.4578406814359991,0.2043540120058412,0.43659227362989056,0.0,0.4702876298531553,0.48168848473506576,0.03907728827721441,0.4423366122639122,0.08883837928624548,0.4217872945978361,0.40112519498203986,0.4573694065721914,0.37983448458240293,0.03884067659820528,0.2976315603418112,0.466330291834395,0.44095012294932784,0.3435774690150793,0.4558753368522622,0.4759000936500427,0.08580658587271571,0.04037575143985093,0.37354008939107086,0.43254342624045106,0.4785005135260914,0.0,0.49922903994502726,0.470792288357437,0.21334410592435493,0.49983981806229594,0.39167877441828575,0.40399847827848256,0.0,0.38707613571888594,0.46121774794935777,0.0,0.0,0.4688176317238859,0.38126469440607946,0.39252678057944856,0.4367347026986092,0.45038266215794076,0.38977357955064484,0.37178800415528834,0.4559817676411139,0.3704278043132589,0.48058787562720556,0.46566191641309446,0.0,0.43598585473105295,0.4797939936477654,0.42821166320427934,0.0,0.055261826657066866,0.5032720483800154,0.5032720483800154,0.40757232554670575,0.48541113700921107,0.3057963354341512,0.5060772847494637,0.0,0.45665061747488317,0.0,0.4578018409927001,0.5037079986014025,0.0,0.46386823960933715,0.39442860441708144,0.0,0.45906850214886885,0.16994828167758103,0.4547185716303602,0.08910680421928832,0.0,0.38680283325242965,0.42053629672041964,0.476309224504476,0.4763721479581118,0.5010713864593263,0.4903633450977081,0.3817586447448453,0.4679705782164847,0.4603761932417574,0.43324426348583267,0.022082408520699905,0.44669227063136346,0.40094569375224703,0.042904518469211984,0.45443920148108435,0.458199165848281,0.46928725369515456,0.4736329213390229,0.4566276003962962,0.0478385962105952,0.5007473758975448,0.07683724739493902,0.39113797819378104,0.4656698381215706,0.43948755658892213,0.45026820942328755,0.4397229615784637,0.40575196246805134,0.4642824149406907,0.4953914784589026,0.44459664062535725,0.3781499073112214,0.4455332869625374,0.40586558152982904,0.0,0.09992697175448366,0.4530774176707723,0.4645624382938681,0.5164209771035717,0.504134593263691,0.41318865026736007,0.0,0.43703367823213474,0.0,0.41574838788391744,0.4948315396946072,0.4918956716784486,0.4688516280470536,0.446890957390157,0.45413714180855286,0.38651479944049855,0.4155874147400889,0.43045018845004956,0.4409450106527595,0.48390477978788016,0.34951066057210384,0.46106469734201116,0.4697970432502271,0.2372412770183318,0.4811237419745914,0.4869536352942824,0.45555015055530695,0.0,0.48735722433946094,0.49598367933253323,0.5036189899353554,0.1775617373794347,0.0,0.4621067317901847,0.3927057353119732,0.4892355186175357,0.48077863706775864,0.47955531507581334,0.04271090228263425,0.46493457445260555,0.40764058891933935,0.40414326306220205,0.0,0.49982998055600203,0.47319946824557657,0.48290355613852526,0.14753678798203185,0.47862190192710596,0.0768764880114854,0.47017019314896263,0.05604699358360907,0.46286354182826583
ig_lora,SLC2A3,0.0,0.11149401275939769,0.03298031598079756,0.35684652874105494,0.20196703150850875,0.19171014031268271,0.02498598814220292,0.027499558817348127,0.41194869035387754,0.21000035503245942,0.012150504302915153,0.1286123300211207,0.11862403508311693,0.25431897607579124,0.1826655859217209,0.1021572708837582,0.0,0.3205746915786418,0.5020638429880834,0.29800223617540594,0.05882896261950355,0.09078199754480601,0.0,0.24623766898390892,0.025140038298568926,0.14664533458457218,0.0,0.18726864712891483,0.2531487728023976,0.363385983449496,0.11789426089243554,0.03219657905471923,0.16865637210290502,0.11504096091716481,0.31632788986997845,0.16759924343466648,0.02305742464841454,0.04453450706600776,0.3658385346505883,0.22289059927099375,0.09443865050869027,0.2734001897005461,0.11022562426881438,0.060593222944399915,0.03462562498718172,0.25785998743396243,0.21685641072165524,0.12732252120353144,0.0,0.16035594164509281,0.10693048445320844,0.038706091593804164,0.40360271242543844,0.3381585763465737,0.1751994426260076,0.0,0.16503680116978062,0.12122970987077004,0.0,0.0,0.11059768159802516,0.1280359649556463,0.16640183156924548,0.1295258722021421,0.14130095149324592,0.11831231608536416,0.11752423071061997,0.11047465162374477,0.06818356417866937,0.2171984152027216,0.12354697441827038,0.0,0.11405265705485412,0.186924429855626,0.06507424121703012,0.0,0.0374973076951134,0.08065047701349332,0.08065047701349332,0.20156286792740663,0.39353869406317776,0.11381920004252588,0.19256262825712386,0.0,0.18429463783689548,0.0,0.3957234185537065,0.3720897168348391,0.0,0.3630562745139761,0.1566323546167961,0.0,0.16656884964867305,0.055281969282545015,0.10685623170700037,0.013724787513836649,0.0,0.18377531374240996,0.22878998760139174,0.37055215013283144,0.272506461136108,0.21273464275957257,0.17411536622611123,0.19574264728432522,0.08607522010228572,0.15396172758612464,0.2534299613888711,0.004439275309783801,0.08065047701349332,0.13160698695942202,0.0444810121923405,0.14331182219350908,0.1779316521496826,0.3664701995106087,0.3281495864207059,0.3888318615057721,0.023998276924872573,0.15785320399079977,0.041354807099666796,0.08067375019392779,0.2915495396155579,0.07661795316281865,0.15441583335899536,0.20836084736546792,0.19594843079610547,0.15149789684128187,0.1897192114697032,0.19028796264162764,0.1276879705275287,0.14780231596423044,0.1790442250630475,0.5173806999150888,0.0332695809844962,0.2428752699062927,0.5657545754117693,0.36523958449467175,0.16143473487531335,0.46039393335400275,0.5001947466873196,0.5453202215452312,0.7224553956406432,0.23280191816490095,0.3933381495922389,0.45773181198411106,0.22392462781547956,0.09062702907805088,0.08513105906979851,0.14476730208827945,0.1048746945644476,0.2096933631967856,0.3459933623988565,0.30997353158898233,0.1080744660920203,0.3287490274067542,0.5596923083654781,0.09286429941738748,0.20398403989248,0.39879223214982773,0.19948530611846693,0.0,0.35587035959785845,0.4586970006051256,0.2976863741130202,0.027000467308085477,0.3380161759404977,0.24811607467668959,0.5164899586628061,0.3969502032011018,0.09090794864151201,0.3430838425247128,0.5206690565345082,0.2917682167433758,0.12765988761106253,0.26538370121070504,0.0,0.11317557440313905,0.13640825828649222,0.09573662106289672,0.016397521962535314,0.33443732160642,0.05622717686317926,0.20076819955691527,0.051531743719996186,0.19336233083487983
ig_lora,HBB,0.0,0.36331885964151833,0.14199857874603952,0.4111415126839801,0.29954654924716767,0.33698791644879955,0.07918725750610082,0.13753833324440193,0.44194827420432903,0.341298495537441,0.03334279183846182,0.3507926014621633,0.2701264757925592,0.3577605248568302,0.29715981012029696,0.33371730835101,0.043973365386890444,0.4257315185233962,0.3313443523928621,0.37748484951854083,0.15524433490827552,0.30715055618103093,0.0,0.3306757281781393,0.16168741406048312,0.32908010324748826,0.0,0.32608572621648063,0.36579555228522004,0.06847105425239043,0.306006297871013,0.11003002114315302,0.4265318594420571,0.27361610456118407,0.3655778469023017,0.32984414816443347,0.3536584567494369,0.5141764821999895,0.39763254795434,0.33049132874343523,0.32190289077435436,0.36093182414262726,0.32150798844462924,0.13304114399303313,0.1004324873773217,0.36307010835375303,0.3518424708004505,0.337994407542238,0.0,0.3378925314811577,0.2690447450996814,0.11214517678150988,0.42401351770069406,0.3951671070877175,0.3619458333908332,0.046769333340723626,0.36749970503639745,0.29983602081940625,0.0,0.0,0.30678149502203433,0.3594400799781026,0.28739538607092596,0.30398410198509224,0.3172008020714006,0.256119337867086,0.24397326842599018,0.31585196147172484,0.40880477813213145,0.35652850403755937,0.3263443214752829,0.0,0.3001239803126524,0.3496320960393003,0.3045485904450095,0.0,0.10024050509444549,0.30267383780673,0.30267383780673,0.36515504615776795,0.41838853924508934,0.30959993906714584,0.33854375345418863,0.0,0.33136848480246894,0.0,0.42807027828139577,0.40284228018901835,0.03904458426664972,0.3809860382457859,0.367588774255114,0.0,0.32928544901530055,0.14867729547564856,0.3509776236876239,0.047050919957873055,0.0,0.35171798613202615,0.3544592002057215,0.40374912909751176,0.36755378604315464,0.3330551057068042,0.3494708462283699,0.35438939971907946,0.29078849575398485,0.46257306310426,0.42360558489744293,0.01686615371397046,0.30267383780673,0.30561597740074314,0.14984501821254234,0.37016027271109747,0.4043040099377261,0.39361495884574416,0.4287138872322511,0.4224784869561621,0.12991420777602694,0.3405178998362652,0.116227364573934,0.3260368286655408,0.4149827391158483,0.328009632213648,0.3443682560219013,0.3776742105637812,0.364492531828465,0.3961050063317316,0.3403573611905758,0.36995213609144667,0.3308755023056878,0.2870191647237302,0.30719776564981055,0.0,0.06405924120262209,0.346724703367894,0.3340928917708869,0.39963029252708815,0.3268300028193459,0.2849649186067695,0.0,0.3564432064011809,0.0,0.3508187400901443,0.4199188997075428,0.46062165195396193,0.3466836020197755,0.3096177858118694,0.3256368652261739,0.24486981099220834,0.34010502701822787,0.3104742264110069,0.337727907520397,0.3834871898489358,0.3121270173831579,0.3786467955271836,0.32537437564223476,0.20801771409745995,0.35621972914245476,0.41912842779703147,0.3761717310919211,0.0,0.39218798098161667,0.4617543422045449,0.3555282805626273,0.0920701695206887,0.0,0.4108535460898446,0.27497339579489644,0.421397841771184,0.2975929529756615,0.38130271007577055,0.09103009225991657,0.39802992321950864,0.34349547001866665,0.36153577217344884,0.0,0.32189943575451235,0.2973654693366335,0.3093398084332106,0.13580793807678931,0.42635845292260083,0.12372664732279695,0.35485313741155405,0.11807009368868729,0.3825205386461561
ig_lora,TYK2,0.0,0.3828832485104655,0.2960605194457076,0.5004515211895729,0.2441752976547925,0.2784315817769806,0.05773837311173864,0.341268206807736,0.3860591952995802,0.44158660402033106,0.024185698470992553,0.67837642128246,0.2231321502634276,0.27613330819545595,0.27379721796429785,0.23911776633758827,0.26602060954243717,0.3892988768545378,0.28034328103077527,0.5570705358362765,0.24970948008636315,0.2259458322814605,0.0,0.2681726224234268,0.3477903811731123,0.4790176278629075,0.0,0.23528751645817458,0.2770725534322371,0.0846380540394822,0.2648140582230808,0.07526055914691884,0.37663090493427626,0.21351814439150718,0.31907758333850167,0.46118202921466755,0.19199656557542813,0.34078097270835445,0.3369615093265928,0.2602137513182804,0.608062254700287,0.46127786618875233,0.2393184002076149,0.22674666231336232,0.205791378821746,0.6411411323810751,0.48619184880422983,0.24394837560417992,0.0,0.24873729672810613,0.2536970082664514,0.1370551839335575,0.3612677079048685,0.6010713770269476,0.6436663907640381,0.15967200831003286,0.4261532848737436,0.288005957335326,0.0,0.0,0.2283758605421987,0.6858180910192977,0.2606787456763299,0.22997811510833024,0.23751838117745583,0.2112304936492773,0.20832846177287762,0.23239687413490595,0.38266635252467707,0.26568611730384245,0.25971954327997065,0.0,0.22585824889088774,0.25744076700397045,0.3551828961944936,0.0,0.06301156528057086,0.22262688590051322,0.22262688590051322,0.6159853804534905,0.352631387367399,0.4724752424594271,0.2549829156272136,0.0,0.25084240677871245,0.0,0.5184109027243371,0.34013564910437655,0.15619790388044996,0.3584436574407386,0.4013001817037643,0.0,0.2466313936269541,0.0990516602645936,0.25017421622552416,0.03327958365057121,0.0,0.6194285329186375,0.49050670422870496,0.33752490780802463,0.28373404822066295,0.27143474392372996,0.2936264658027661,0.42028573286585363,0.2176009042823554,0.2719466861820799,0.391882036477559,0.011804325588882246,0.22262688590051322,0.4788847847878587,0.2782998251321312,0.2658501525816064,0.5164212005694471,0.34092337966902675,0.33139527330060325,0.3813474172555034,0.2750750286026527,0.581583512964467,0.29582018207121585,0.4501383724855972,0.3150823331563054,0.4423139247741238,0.4244224698103206,0.4431774607617619,0.41832449192221705,0.27663548297443696,0.25498070444765353,0.27416900508008074,0.42855192225260613,0.22579828813601388,0.25520839671366685,0.0,0.10433950364216933,0.4661038917218453,0.2488594081038381,0.33476784538489723,0.24477974567590632,0.22059595651028174,0.0,0.29847231555567727,0.0,0.4020582471300424,0.40990581346963134,0.42312464434557123,0.4315418848150111,0.42043570690734067,0.3811416618624597,0.20512599195702153,0.36981940722406637,0.2787072702371857,0.26972087783269205,0.29984542568902633,0.6560759113191976,0.326151864442466,0.23477017058599575,0.15083314985755525,0.27248467373245006,0.3605087758666178,0.27840091012882073,0.0,0.32983969600053464,0.42040769057791083,0.2951333933193047,0.09385619479857113,0.0,0.29956303766684217,0.2199654329368117,0.3537811757708958,0.2214844540074191,0.32308114712980873,0.06180225265702293,0.31254696591097797,0.2505249475278888,0.4454149587721288,0.0,0.23538878347771747,0.26017807421591765,0.25365652360368435,0.36106389400160216,0.33441459810957763,0.07485209228911373,0.27119118068772796,0.07113681626881381,0.2793018540198723
ig_lora,IL1B,0.0,0.10073954138092195,0.011971409797747351,0.34444442004785086,0.34176157214973746,0.3374034637985852,0.5510171701508181,0.011634732510130783,0.46841837298287115,0.20795044977579286,0.014047697447024384,0.1147384219406328,0.19590149180736038,0.24412540639124614,0.6587677391154263,0.12337830720226708,0.0,0.2927179567105825,0.11314437163535644,0.33526791665767497,0.01563034157529315,0.11083604308917844,0.0,0.38366132421332694,0.03844835779603598,0.15276595300475723,0.0,0.11885810319119888,0.241750952691259,0.01079592477377737,0.13069928964527963,0.024314469708494758,0.1596577956164676,0.12504102414502993,0.5062238852846561,0.18722977525799828,0.008539045352719656,0.047298930672341866,0.35229329840113416,0.2181736014929411,0.2789266801887072,0.296298684414369,0.1095132355858501,0.03510797554126443,0.011100375206050337,0.24791398774210102,0.21312953640117255,0.14154130571645102,0.0,0.5535880928922973,0.6748343584070233,0.659936308496223,0.38790986486981205,0.39566164432125667,0.1581805115743832,0.0,0.13305577117247153,0.6777219437861173,0.0,0.0,0.12529839978259602,0.10757575411267198,0.20600433044198888,0.16767474036220914,0.18009509150015057,0.15716331476959158,0.16042416907661822,0.16054020493765855,0.0660128760782907,0.21139899230946624,0.21360836067160935,0.0,0.1270863640375219,0.1869488020019109,0.08474636620747586,0.0,0.014933457723474883,0.42186330052478044,0.42186330052478044,0.18710672738216666,0.37715002121354413,0.11063404625437963,0.19157669752510062,0.0,0.18476822030601586,0.0,0.4154076277806504,0.35763281834444494,0.0,0.37104325354633466,0.13322850182641943,0.0,0.17036006566888057,0.29721010267888587,0.1088022579719036,0.016919356081494853,0.0,0.16869955129143102,0.22434865021377492,0.39065705247526256,0.29756217159008436,0.48413388308147787,0.2895877842222482,0.25794113808058056,0.10477266381626865,0.132400447218853,0.15978724425170693,0.006283928753650012,0.10281525600188923,0.2911630218335427,0.01109680748003973,0.13578272509437583,0.1571494263066874,0.4522935624046324,0.2966513536579501,0.3638577045162389,0.010453420406432417,0.163258428466169,0.01895015239680504,0.07437484055074463,0.29548836017300495,0.09870264576181366,0.16024183028735223,0.3349938624457376,0.18216016912232327,0.13375141443363533,0.1892233234489792,0.17204191947867006,0.26621429715034206,0.1529653554633835,0.15933397440516145,0.0,0.457921795110553,0.23760792521303808,0.17256812492484086,0.35038973713326527,0.5305029592433024,0.13399211189749216,0.0,0.29352674040082066,0.0,0.22198613925403718,0.4309932130511362,0.4488857206172379,0.2197333537634698,0.10617773667155779,0.1072854845237105,0.16879245356730183,0.14305852853959966,0.4275915664314384,0.23938079707381352,0.2928996266679839,0.24613382266208292,0.3533766120893289,0.11750314971644484,0.22550653351820546,0.32808852200493005,0.4524549024721433,0.33838346627397786,0.0,0.5234395018820354,0.44870966294162073,0.287807360009875,0.14668233812729306,0.0,0.21427727087950724,0.09983287365697839,0.3797445649188635,0.10939515393310463,0.35183978725488474,0.00992890354614829,0.26764820163715103,0.11376299575411886,0.2596232390744615,0.0,0.5189742026140872,0.7900051123220603,0.79274131108446,0.02677055084863455,0.305040294513052,0.020630531303098817,0.1844051843330643,0.01710201399678193,0.17277928865675113
ig_lora,OLR1,0.0,0.16550101380716664,0.022515217526483753,0.4328269212871201,0.2719120611218244,0.2242333708101328,0.06717316665049126,0.018917284239101502,0.4407560512243056,0.27013615650911943,0.02815262132306646,0.16688620125866033,0.1985445219999186,0.38941092119895904,0.26210628754001053,0.3309408888345907,0.0,0.4024473502188879,0.18066321561439092,0.3889995416700977,0.026090367505684255,0.24392052996971214,0.0,0.32744697315497556,0.18281695157735825,0.25237174111922567,0.0,0.49307437704935014,0.4178710824173604,0.02580989547761717,0.25248641724303283,0.04125899728488076,0.25412186258509756,0.2004951489874821,0.3845743444715053,0.22889185335624002,0.012933000432467956,0.07073506914647222,0.4320410827261969,0.3259814337851014,0.12121313160621441,0.37628385884915344,0.2933199755954539,0.05890261667939267,0.021999643368222868,0.30950133971197535,0.3115890797073405,0.3483269275511447,0.0,0.34560552519320825,0.19043815817217621,0.08692347586090093,0.47028762985315525,0.363938306576494,0.23579732132556216,0.0,0.2482930626824144,0.24197899850852364,0.0,0.0,0.25124401665423146,0.1680841523521494,0.27451645359709376,0.2530405482836864,0.2846706168191472,0.22147865285117463,0.20274021588755053,0.27270210131585343,0.16109793650792262,0.40048504370080645,0.30582953964865084,0.0,0.23937176755979936,0.38443639257783363,0.24243162944445712,0.0,0.03822494512637433,0.22911292303933203,0.22911292303933203,0.26495751091761544,0.4667567921522933,0.1404250180520374,0.5073684117478405,0.0,0.32606556913002416,0.0,0.44446834146142417,0.44149815527378206,0.0,0.4334043254051248,0.2038147652391548,0.0,0.31941397678285943,0.058401620270426904,0.25111281573497984,0.043629901571597816,0.0,0.23266163020147745,0.30709134487537215,0.44699843840474673,0.41255862945754396,0.33110493809924124,0.44459334857821653,0.236750216421692,0.20873523615657685,0.24812437515258,0.37431340447533573,0.013357128530727312,0.22911292303933203,0.19392488554806678,0.017453864858413323,0.2789621416303837,0.30645246262932324,0.4192952739065304,0.422453578514731,0.42484873972089565,0.020118392171775964,0.4861294717775631,0.0335342847881538,0.12549119060936642,0.39191567353824486,0.21274771425080832,0.29398077079481394,0.2784376859767415,0.2404531241737275,0.2989320322866323,0.35124572428677586,0.2812856908300949,0.1547460394839585,0.23420686529905732,0.45997946364561654,0.0,0.06846818350073118,0.31200290218469034,0.33317820690078914,0.5270015157151958,0.3123545689694898,0.22028841999916124,0.0,0.3698470669288819,0.0,0.28760279230426794,0.4750528380063649,0.48725645852044636,0.41537034432756026,0.3059412296764412,0.24820566662594304,0.19106155706397188,0.4336952530263635,0.28923069012136376,0.5513070406125521,0.44221153662053586,0.1357191318692276,0.4101443393280749,0.29784679995113167,0.24899136086314239,0.40099672845780854,0.4587744560428576,0.29789135343330625,0.0,0.4260925379084878,0.49228332812421116,0.3695136448004217,0.17270436575326042,0.0,0.35767486263653503,0.16687718472750915,0.4735064063103329,0.33771794924787407,0.4568079444328531,0.01606217175574836,0.36636340373642634,0.1938673052432681,0.31868915986893614,0.0,0.2902724396259539,0.2442443766662016,0.2511619028038447,0.12302470946002901,0.41875632672215635,0.04033604353008934,0.35184559069079674,0.04277891330031913,0.2996989744825531
ig_lora,OPALIN,0.0,0.0,0.0,0.0,0.0,0.0,0.0,0.0,0.0,0.0,0.0,0.0,0.0,0.0,0.0,0.0,0.0,0.0,0.0,0.0,0.0,0.0,0.0,0.0,0.0,0.0,0.0,0.0,0.0,0.0,0.0,0.0,0.0,0.0,0.0,0.0,0.0,0.0,0.0,0.0,0.0,0.0,0.0,0.0,0.0,0.0,0.0,0.0,0.0,0.0,0.0,0.0,0.0,0.0,0.0,0.0,0.0,0.0,0.0,0.0,0.0,0.0,0.0,0.0,0.0,0.0,0.0,0.0,0.0,0.0,0.0,0.0,0.0,0.0,0.0,0.0,0.0,0.0,0.0,0.0,0.0,0.0,0.0,0.0,0.0,0.0,0.0,0.0,0.0,0.0,0.0,0.0,0.0,0.0,0.0,0.0,0.0,0.0,0.0,0.0,0.0,0.0,0.0,0.0,0.0,0.0,0.0,0.0,0.0,0.0,0.0,0.0,0.0,0.0,0.0,0.0,0.0,0.0,0.0,0.0,0.0,0.0,0.0,0.0,0.0,0.0,0.0,0.0,0.0,0.0,0.0,0.0,0.0,0.0,0.0,0.0,0.0,0.0,0.0,0.0,0.0,0.0,0.0,0.0,0.0,0.0,0.0,0.0,0.0,0.0,0.0,0.0,0.0,0.0,0.0,0.0,0.0,0.0,0.0,0.0,0.0,0.0,0.0,0.0,0.0,0.0,0.0,0.0,0.0,0.0,0.0,0.0,0.0,0.0,0.0,0.0,0.0,0.0,0.0,0.0,0.0,0.0,0.0,0.0
ig_lora,CCL3,0.0,0.20297084128311305,0.1622827872775381,0.4287119392356461,0.29918744654821733,0.34081590740063916,0.3062182115052197,0.19328955219889588,0.4294773523717514,0.34245553576113436,0.018457594452614544,0.4208210750252235,0.2763072310268423,0.251082318949344,0.5688545842551649,0.1616783912368706,0.12190077651969833,0.3091465725013937,0.13773055299119727,0.47033284801675596,0.07945994934509144,0.14653790207511921,0.0,0.33734777556876977,0.22545645180500126,0.28455592593983287,0.0,0.15674415537512854,0.2499099901759944,0.01570043579708637,0.15954402571320742,0.03801197664978236,0.23373609292347058,0.14851306898415167,0.4292190000933112,0.3402753260220684,0.11378576889090843,0.20940572121775214,0.3470476350359465,0.22787883829193306,0.5050410599626346,0.3846056468614573,0.1755287270803877,0.08056308573757011,0.06690459563116682,0.496443509336459,0.3248360955268058,0.17438664622810243,0.0,0.40360130988179693,0.5823983840511893,0.4890681964386177,0.3800247027217376,0.55443784882399,0.35666090353580077,0.09265992378557146,0.2475674956468511,0.534179610247583,0.0,0.0,0.1560572007018997,0.3784423797387741,0.2085417302701034,0.1651400011929621,0.17514848611374767,0.20808479996528093,0.2046060609939901,0.15900991632511377,0.21711080103277416,0.22601393212998172,0.3117824985384062,0.0,0.15572030062246786,0.20742810920530516,0.23274473331646764,0.0,0.020856379447398016,0.3256121274799149,0.3256121274799149,0.3687881236477729,0.36951483137053,0.3208744513237837,0.268695151213632,0.0,0.2026957261996501,0.0,0.5216189392327307,0.35177960574511097,0.08242207407697894,0.3980563800941098,0.20555708330335207,0.0,0.1919937515506991,0.218312234030497,0.14615599867127854,0.02331819398819368,0.0,0.362374598989561,0.34803876654057486,0.34893992640115634,0.2641400005311099,0.4297876826144833,0.37655524874206453,0.3018894803556572,0.1383313318531075,0.16009660441885817,0.22010484265185232,0.0097673283282802,0.14012127240528785,0.36191908181616433,0.11468856047158543,0.16550452114428033,0.2492826278853844,0.3924459378566045,0.29571867081040953,0.3589448012306989,0.12710452399314864,0.3684818401852526,0.09698142639048493,0.19360530446171592,0.26546459731724853,0.24470872313012396,0.26109083799496685,0.3268453840467084,0.21074139804068057,0.16594326069265194,0.20742732609805248,0.19008859925408736,0.31207518236585513,0.1715626258118606,0.2055902317243932,0.0,0.34527474215878456,0.328963275832094,0.1944638523799736,0.39899161229689084,0.40435237455412915,0.15729509581570067,0.0,0.2931466129115536,0.0,0.2739749507399018,0.48062929863041665,0.4428653288210736,0.36250761764626227,0.28599448041116493,0.20826231198734774,0.16086937352008823,0.16204196464536524,0.4144688287120951,0.24562636469194712,0.2923918711466837,0.5581259243521287,0.40645941143626474,0.15569030267254205,0.23001571285028322,0.33360932715440816,0.4196993746367473,0.2865737521298178,0.0,0.4329072531553231,0.44197595907164583,0.2879561965913918,0.2814158628845791,0.0,0.2264504709561627,0.1275664050270131,0.37164911176364124,0.17932976503113415,0.35603901507440444,0.01405816901592838,0.27015171737350463,0.1407756637948517,0.3638077655421307,0.0,0.38053045960408605,0.6184699338336845,0.6219624155060562,0.2672163451797112,0.3031938290431497,0.024559795211479475,0.23644142113720187,0.02254303432663683,0.19220696355043965
ig_lora,SELENOP,0.0,0.07853133358081661,0.0920431783588772,0.023820336931438785,0.012189235675966225,0.06443680495784554,0.0069095037094143745,0.06120926661252851,0.016024162030602928,0.010544345436919176,0.009150523585778616,0.060851400555219426,0.010899823329644254,0.01601921342734696,0.010992839372943042,0.01720819058836429,0.0,0.058640928944239085,0.08502112339664597,0.03185287986293334,0.11750636096009404,0.011843037675265974,0.0,0.014471731664391835,0.004415565390228977,0.010365384972828521,0.0,0.016323943980796844,0.01720819058836429,0.15077055224482874,0.01194187858933874,0.07830582582770027,0.06484448422652686,0.00778238754085546,0.015394987252784497,0.0087112571531835,0.04602283195784975,0.03444030352787366,0.016400369960751983,0.01301356015454796,0.05333536533789588,0.01560315711908719,0.07621521519502462,0.11084173344546813,0.10834461057007304,0.025757176309955134,0.011701569600087716,0.01720819058836429,0.0,0.01529616941187937,0.008435965882919672,0.007634143208094059,0.017180557114965314,0.020397871040205538,0.06678458673020797,0.0,0.08010354410771499,0.012512611290456086,0.0,0.0,0.014433403247939479,0.08342518369260893,0.05862372318171872,0.012033414612553445,0.014038983714645686,0.011296240013136786,0.009683653118967867,0.014894602599891072,0.057787943435349605,0.01720819058836429,0.015435222894888342,0.0,0.009989663854282673,0.01720819058836429,0.006177750334417743,0.0,0.19396031955571,0.009560105882424605,0.009560105882424605,0.05235199935465138,0.017058006072872615,0.029667911014225362,0.015308828272402927,0.0,0.015155623738107376,0.0,0.021859066744468518,0.01699782613662417,0.0,0.021143085081567193,0.08523191125950354,0.0,0.013830284710862098,0.09900515408560251,0.12598043176251625,0.013096652520682423,0.0,0.05286386346639241,0.011292875073614065,0.016806071688951783,0.017005561104245278,0.013213284029678278,0.07970214786758732,0.05743377634627326,0.013833199830450676,0.1292877395107632,0.10253740508427815,0.006172436739617246,0.009560105882424605,0.02982024451336813,0.08226496955080422,0.12321024922999006,0.13177094888514682,0.015917664857307418,0.06633890335194015,0.039008130165706256,0.077584127822284,0.01382709526703165,0.09710448374529576,0.07531232548735894,0.0751059724583111,0.008604095294182145,0.011913362715021431,0.08244714152150985,0.09348241844150625,0.17688300706998583,0.016857742711311022,0.08487357433187219,0.08287031476415266,0.012508105844686597,0.054553487953943984,0.0,0.008851459236614357,0.013148219551746847,0.014079428663207145,0.016841370062398216,0.012906142941273216,0.010184496053455694,0.0,0.013384148235394454,0.0,0.03607740300878252,0.02545519161576755,0.017027750265615416,0.012446884145724375,0.008053453021744412,0.01075511911772768,0.011039939119351774,0.07982068986255828,0.01266158547724439,0.014980537494154266,0.01720819058836429,0.03729791882746669,0.015811452101180744,0.014340158823636907,0.12280572785670665,0.0633966177884834,0.016707375627104292,0.08908620198527353,0.0,0.016063688433128227,0.01720819058836431,0.0162566231453473,0.007953463793493085,0.0,0.1045671263523478,0.03822132434283332,0.017208190588364303,0.01346626408913839,0.015796104491010824,0.06746098754718713,0.0570418244526534,0.09495432916338355,0.012061732678043577,0.0,0.012906142941273218,0.011464175084014802,0.012217998431857398,0.0032007631022156076,0.05969770275142691,0.1490273250472076,0.06563262629255034,0.230107945897193,0.1007810043737538
ig_lora,LIPG,0.0,0.34074048475791757,0.49756217553114,0.10514740900007145,0.010795111788176956,0.011494901642931226,0.001836672413842518,0.24106548279693918,0.021076613887319327,0.32934779434872324,0.0031674571958273316,0.4164140707892745,0.00732436899054909,0.011048455705435157,0.055241479646406036,0.002721690756681507,0.4859422925420948,0.09199892419641827,0.037030960627831754,0.12821425903445746,0.24277581698638842,0.0033645469658293093,0.0,0.012966356280052013,0.46605905587763524,0.21290576214448026,0.0,0.0033598605713630178,0.010157738716900622,0.0551274182740449,0.1177182386634504,0.0019538447271602107,0.1807724902498265,0.004725703425214584,0.015967447129165764,0.40336875676538114,0.20329789877268173,0.2414442176348123,0.017903574084120116,0.009929636009776982,0.22322691918300833,0.08942001391051549,0.00750772968942746,0.21265049005249423,0.2316535761631397,0.1620494801157712,0.18453081060898419,0.003878409328271148,0.0,0.0056208830844509386,0.060756879430916455,0.028838635906146142,0.019344573307666965,0.09903189701579278,0.2441130763750124,0.47007926255854193,0.328847263609091,0.12257676263594235,0.0,0.0,0.0061526463390797525,0.3049903540013877,0.011143657696011455,0.005991619410288735,0.006452513211080176,0.0067851465698541705,0.006537334735060056,0.005045792135266782,0.2395978670203106,0.00827393990031178,0.0046705761040461745,0.0,0.004256961521260282,0.006745059701341125,0.5612060496032174,0.0,0.002147566100599017,0.0022483532337803755,0.0022483532337803755,0.2112122394569883,0.01854964894599752,0.19900670066037737,0.008056160176294989,0.0,0.008242564375668619,0.0,0.08971906812997563,0.018546748325065816,0.4754779339087078,0.02073510557386346,0.21684163862008654,0.0,0.006510505307144769,0.0036262951518316647,0.003132917269659724,0.002262787549763799,0.0,0.2141283293781625,0.1796480533860875,0.017694612763165838,0.011887476172860867,0.009001276220897811,0.007387981622199511,0.2980634532400458,0.00616167060043262,0.006980053931617335,0.17182628314780887,0.0012322083121515104,0.0022483532337803755,0.1951732183954656,0.5291575878431032,0.005945566304669907,0.21778377014026165,0.018452255367324304,0.01459777442135258,0.019246593174750543,0.49838376246713467,0.19326393239589396,0.1990812792964201,0.18072142621067616,0.013140139800128861,0.5061945112569088,0.5069997424484943,0.37836895068387727,0.3194030310644247,0.005386448066434799,0.008607720431365717,0.008866551296883211,0.4019579865901761,0.009251273387515623,0.009523689178063366,0.0,0.05833442893585279,0.14959882617266315,0.006205454925233836,0.017830743660279553,0.005966783581955611,0.006078949648044603,0.0,0.014023626949680993,0.0,0.24617256635677673,0.03723960070919084,0.022700862650885414,0.30004981033159706,0.4206228103671936,0.16201273531919078,0.010812347025367002,0.12131133030647441,0.0107605638078083,0.012531020302045094,0.013297403411215358,0.25808193478209723,0.015698659272431904,0.0025856062188474318,0.0066151021472186655,0.01043389313990269,0.019236916210789927,0.009229084194271256,0.0,0.01720716313225439,0.0226001136165924,0.01658048175695216,0.0032892605974705206,0.0,0.010564488385173348,0.0033749028017023004,0.018530177901739935,0.005356987695483531,0.017153384778189108,0.016957825589775766,0.014321160845550102,0.00803791413922625,0.26941842458150733,0.0,0.0035258266620646797,0.006558216876395759,0.0036136277148732616,0.26298633457931286,0.015492263268592654,0.005566558072017415,0.011314189438730615,0.00312046659510664,0.00896846359602355
ig_lora,PLAC8,0.0,0.011456159264210933,0.006340972571686504,0.02736333013524869,0.02079107269088643,0.021018439802524363,0.007211559040140904,0.10161858829950962,0.03054230315481919,0.1153088569445021,0.01193879607947733,0.0119831939941295,0.016310102283505396,0.03020388096487123,0.0187350803665524,0.03327361634155131,0.0,0.030186266664405804,0.014444606490516768,0.024542657364131013,0.010430517889449825,0.01590241142052083,0.0,0.12462312896954393,0.0036017445636920085,0.0171564380511137,0.0,0.028139424100924206,0.0332736163415513,0.011180809037333416,0.018523874186777384,0.005688279155065542,0.13043973215875823,0.011716737763845369,0.028430425270660913,0.015022495140118344,0.003892040910801949,0.003850009887784599,0.030940708443090024,0.023434799323364786,0.009618302090693065,0.02870279147057084,0.02044780566952295,0.013502386611895496,0.0077170840586600585,0.020173201281307077,0.021174119490078098,0.03327361634155131,0.0,0.02772801361795942,0.012293505516803487,0.00885881657166209,0.03317241634732688,0.024671402397537682,0.01804447651801969,0.0,0.01660795339403008,0.01930857601081964,0.0,0.0,0.023910186399164757,0.013302886820621938,0.01907477436832496,0.019058332956047305,0.023293518057391147,0.015994218800178192,0.013781019585554628,0.02384907163890296,0.007043734336096931,0.0332736163415513,0.025614513314762322,0.0,0.01458770969266981,0.0332736163415513,0.006655993072190261,0.0,0.017570431184641,0.011091205447183769,0.011091205447183769,0.019061756138601293,0.03284306493546738,0.038662143643299014,0.027630733131022794,0.0,0.026245721136824128,0.0,0.027992862536903397,0.032576970798526464,0.0,0.02876063291431409,0.016172343928484316,0.0,0.023971186512170235,0.009959065998120272,0.01735172837055956,0.018741611090737752,0.0,0.017717429863615193,0.020652589453376672,0.032065327980910364,0.032514687634928964,0.023761088460375872,0.026585762238453332,0.02054411851998897,0.23343820399902437,0.023729855286254993,0.021645563172741248,0.005380869893962625,0.011091205447183769,0.013362644282487856,0.006279172973403913,0.025175284067412824,0.027013013223879133,0.030000450041383298,0.03254269422851539,0.03077443148879814,0.00439260779616025,0.023687862337305847,0.2025767020713948,0.011012122122690282,0.03178966164685861,0.009506747526157516,0.019964169804930782,0.022368470446119327,0.0215515066949807,0.029911374621586096,0.03171766526697912,0.1509183102919667,0.09155025302250101,0.0214413286982078,0.018150005120652814,0.0,0.011586085215328295,0.02421518763789432,0.024955212256163477,0.03203024679348315,0.022182410894367535,0.015481179561692232,0.0,0.025351326736420054,0.0,0.09772273043697999,0.0292031789082921,0.03287683353154801,0.02227026746710587,0.010752477195030422,0.013309446536620523,0.08527493817470204,0.013382396491321799,0.021966267165321997,0.026985944253628585,0.03327361634155131,0.009622241394892437,0.029791713735710334,0.022182410894367538,0.01790951977446967,0.02454111058370781,0.03206537290894001,0.025619986544605376,0.0,0.030565697033422514,0.03327361634155137,0.030583611144347943,0.009492983518263371,0.0,0.0309905611795737,0.008567163541975635,0.0332736163415513,0.35798585701205016,0.029564819036120533,0.004720186778876783,0.02934913344226404,0.020507472662697382,0.022194712738648228,0.0,0.019964169804930786,0.01797172485234774,0.01717926545729118,0.002350667912396563,0.032323484172457576,0.02101240397717386,0.02500271724449342,0.025363890286746016,0.027363307645889855
ig_lora,CD69,0.0,0.25614420494351836,0.03343069923240922,0.42670960033215727,0.31344937120720684,0.2732891076251221,0.08548391167248869,0.02870074917069833,0.4410988730015985,0.3069462680814279,0.034760213032660046,0.23943350175055358,0.27437211106996967,0.4090250148267091,0.3119820781593489,0.39610848748773,0.0,0.41354391619941744,0.26413299588697836,0.38853234282871424,0.03453259988092092,0.34043108509349085,0.0,0.3568312764856278,0.15848684322356887,0.3203526041868817,0.0,0.4668433640102052,0.42871632404145005,0.03115957487251444,0.33498546120069783,0.06065983909331327,0.3177426372159265,0.5292866943339807,0.42784511237182626,0.27875931484578104,0.022185378759240995,0.15093130857456769,0.4343592505622663,0.3625976653827884,0.1959295288842229,0.39591252388584797,0.3268100513375281,0.06785326254269126,0.029669761523252684,0.31770851205513023,0.3506315499815583,0.4010490687837482,0.0,0.3933072826097089,0.2729936268117681,0.11754691618026207,0.4659498967030574,0.36497345729021274,0.2970227452724955,0.0,0.279340146728545,0.32318107369614796,0.34859017238731727,0.0,0.3373507587979439,0.2511541625897799,0.29746153572586564,0.4174215832163448,0.40969301930818414,0.354382883830044,0.3633811425361987,0.3553975021934843,0.22747579858389483,0.4202624404904856,0.3754068630631176,0.0,0.45194409754365017,0.4134993336497141,0.30112674675784434,0.0,0.16891902737911332,0.3327311294896932,0.3327311294896932,0.31296462440027384,0.46267442858828545,0.19263516121070262,0.4569060415981787,0.0,0.3736330160690483,0.0,0.4426373133195554,0.44214173026525333,0.0,0.4303575545150317,0.27616559161068366,0.0,0.37322978093774156,0.0802380454362347,0.34804850110628216,0.05205069641376943,0.0,0.2846589909221567,0.3415645552759252,0.44659558801931426,0.4240029436999112,0.37014925182895886,0.4192323494244771,0.28389753039661103,0.30998478629415155,0.32958360742499565,0.40001187065797167,0.2192659422966155,0.3327311294896932,0.2623956039833898,0.02695663068937843,0.3555877007906302,0.36802211767299486,0.4231010387318717,0.42889089507554623,0.4276583369427592,0.03196167724081412,0.4429672769669609,0.040184321102465045,0.22638371562038265,0.40867415130856266,0.3199337783554742,0.3564649428014776,0.3310313177138498,0.3003158741163198,0.37195810938210844,0.39141935093997954,0.33906163047038534,0.23390189775494738,0.29906142566168104,0.36545582528154413,0.0,0.07214144175005155,0.3415542986942224,0.38286975337936485,0.4991489586340736,0.36919583361581615,0.29732696850604917,0.0,0.3846281396269874,0.0,0.3207357173933872,0.4779558722222963,0.48396251524437917,0.4109921037815859,0.3408202469028344,0.34659492655176377,0.26808383878329906,0.28756150052629414,0.32986203699689964,0.48013786936821373,0.4431107744120111,0.1965581590052978,0.41788652758352146,0.37810355623828773,0.199845849027184,0.39607703017202417,0.4565970450588671,0.3513796563584983,0.2666452979226942,0.42969094715974426,0.48814033761501757,0.3854021798903507,0.2514478625778585,0.0,0.39041585907692855,0.2595795186442009,0.4679859766652848,0.3649330572622218,0.44402162911105697,0.026204037173614556,0.3864367950745944,0.2824967927377327,0.3406535123226141,0.0,0.3676283130517692,0.3172406711430681,0.34419659896723975,0.10951348862921262,0.4255983770931376,0.044948266524179055,0.36563281554621907,0.047106894372940265,0.35593841138385557
