cell_index,leiden
0,2
1,0
2,0
3,1
4,2
5,5
6,5
7,1
8,0
9,2
10,4
11,4
12,4
13,5
14,1
15,1
16,1
17,0
18,0
19,0
20,5
21,3
22,1
23,3
24,2
25,0
26,4
27,2
28,4
29,0
30,0
31,1
32,0
33,1
34,0
35,3
36,1
37,1
38,0
39,0
40,0
41,2
42,4
43,2
44,1
45,1
46,2
47,1
48,0
49,4
50,0
51,0
52,1
53,1
54,6
55,2
56,2
57,1
58,2
59,1
60,4
61,1
62,3
63,1
64,2
65,4
66,2
67,0
68,6
69,1
70,3
71,1
72,1
73,0
74,2
75,1
76,1
77,4
78,0
79,2
80,1
81,2
82,1
83,3
84,4
85,1
86,1
87,1
88,0
89,5
90,2
91,2
92,1
93,0
94,2
95,0
96,0
97,0
98,1
99,1
100,2
101,2
102,2
103,1
104,0
105,1
106,0
107,0
108,3
109,3
110,0
111,1
112,2
113,0
114,1
115,4
116,5
117,5
118,1
119,2
120,1
121,1
122,1
123,0
124,1
125,1
126,0
127,5
128,0
129,1
130,1
131,3
132,0
133,2
134,0
135,5
136,0
137,3
138,5
139,5
140,2
141,3
142,1
143,1
144,1
145,2
146,3
147,1
148,2
149,0
150,0
151,0
152,2
153,1
154,5
155,4
156,5
157,1
158,0
159,5
160,4
161,2
162,2
163,2
164,0
165,1
166,0
167,1
168,0
169,2
170,1
171,1
172,3
173,0
174,1
175,0
176,0
177,4
178,2
179,3
180,1
181,0
182,1
183,3
184,1
185,1
186,1
187,1
188,1
189,4
190,2
191,0
192,0
193,4
194,0
195,0
196,0
197,0
198,3
199,0
200,2
201,4
202,2
203,2
204,2
205,0
206,2
207,0
208,0
209,0
210,2
211,0
212,3
213,3
214,0
215,5
216,0
217,2
218,0
219,4
220,5
221,2
222,1
223,4
224,3
225,1
226,3
227,2
228,0
229,0
230,0
231,2
232,0
233,2
234,0
235,2
236,1
237,1
238,1
239,0
240,2
241,4
242,1
243,0
244,0
245,2
246,2
247,0
248,0
249,3
250,2
251,4
252,2
253,1
254,1
255,0
256,2
257,4
258,2
259,1
260,0
261,0
262,0
263,2
264,1
265,2
266,1
267,0
268,1
269,4
270,3
271,2
272,0
273,0
274,0
275,2
276,1
277,2
278,0
279,2
280,1
281,1
282,0
283,5
284,1
285,2
286,1
287,4
288,4
289,4
290,2
291,0
292,1
293,3
294,4
295,3
296,1
297,1
298,0
299,2
300,4
301,1
302,0
303,3
304,1
305,2
306,1
307,2
308,0
309,2
310,2
311,5
312,1
313,1
314,2
315,1
316,1
317,0
318,0
319,1
320,0
321,0
322,4
323,2
324,3
325,1
326,2
327,2
328,1
329,4
330,4
331,1
332,3
333,1
334,2
335,4
336,2
337,4
338,3
339,3
340,3
341,2
342,0
343,4
344,4
345,5
346,4
347,2
348,2
349,4
350,2
351,5
352,2
353,4
354,1
355,0
356,0
357,0
358,2
359,1
360,2
361,2
362,3
363,3
364,0
365,2
366,2
367,1
368,1
369,3
370,4
371,2
372,0
373,2
374,1
375,2
376,3
377,2
378,3
379,2
380,1
381,2
382,2
383,2
384,4
385,2
386,2
387,4
388,2
389,2
390,2
391,4
392,2
393,3
394,1
395,2
396,1
397,3
398,2
399,1
400,0
401,2
402,1
403,4
404,4
405,1
406,1
407,2
408,1
409,3
410,1
411,2
412,2
413,2
414,2
415,4
416,1
417,2
418,2
419,2
420,2
421,1
422,1
423,2
424,2
425,0
426,2
427,2
428,1
429,1
430,2
431,1
432,4
433,2
434,0
435,3
436,2
437,2
438,1
439,1
440,1
441,1
442,1
443,2
444,1
445,2
446,4
447,2
448,2
449,4
450,1
451,2
452,1
453,2
454,2
455,2
456,1
457,4
458,1
459,1
460,4
461,2
462,1
463,1
464,2
465,0
466,2
467,0
468,2
469,2
470,4
471,3
472,4
473,3
474,1
475,3
476,1
477,2
478,1
479,2
480,1
481,2
482,1
483,2
484,4
485,2
486,3
487,2
488,3
489,1
490,4
491,3
492,3
493,2
494,4
495,3
496,2
497,4
498,2
499,2
500,1
501,2
502,2
503,3
504,2
505,3
506,1
507,0
508,2
509,2
510,3
511,1
512,2
513,1
514,0
515,2
516,2
517,3
518,1
519,4
520,2
521,1
522,2
523,4
524,2
525,2
526,0
527,1
528,3
529,1
530,0
531,2
532,4
533,1
534,4
535,2
536,2
537,1
538,0
539,3
540,2
541,0
542,1
543,4
544,2
545,0
546,1
547,0
548,0
549,1
550,2
551,2
552,4
553,1
554,2
555,3
556,2
557,4
558,2
559,2
560,1
561,1
562,1
563,2
564,2
565,2
566,1
567,1
568,2
569,2
570,2
571,1
572,2
573,2
574,2
575,2
576,5
577,2
578,2
579,2
580,2
581,1
582,4
583,2
584,2
585,3
586,2
587,4
588,4
589,2
590,0
591,1
592,1
593,0
594,3
595,1
596,2
597,1
598,2
599,3
600,2
601,2
602,2
603,2
604,2
605,4
606,1
607,4
608,3
609,3
610,2
611,2
612,2
613,2
614,2
615,2
616,2
617,4
618,3
619,1
620,2
621,2
622,2
623,2
624,4
625,4
626,2
627,2
628,4
629,1
630,5
631,2
632,4
633,2
634,2
635,1
636,3
637,3
638,1
639,1
640,3
641,1
642,2
643,3
644,3
645,1
646,4
647,4
648,1
649,1
650,1
651,2
652,2
653,2
654,2
655,2
656,2
657,1
658,1
659,0
660,3
661,2
662,2
663,1
664,2
665,4
666,4
667,1
668,2
669,2
670,3
671,2
672,2
673,3
674,4
675,2
676,1
677,1
678,1
679,4
680,0
681,2
682,4
683,0
684,3
685,3
686,1
687,2
688,2
689,1
690,1
691,2
692,1
693,2
694,2
695,2
696,0
697,2
698,3
699,0
700,1
701,2
702,2
703,2
704,1
705,2
706,3
707,4
708,4
709,1
710,2
711,4
712,2
713,2
714,3
715,1
716,1
717,2
718,2
719,2
720,4
721,0
722,4
723,0
724,0
725,2
726,2
727,2
728,1
729,1
730,2
731,2
732,2
733,2
734,1
735,1
736,4
737,1
738,1
739,2
740,4
741,5
742,1
743,2
744,4
745,4
746,2
747,3
748,4
749,2
750,1
751,3
752,2
753,2
754,2
755,3
756,2
757,1
758,2
759,1
760,0
761,0
762,1
763,0
764,4
765,4
766,2
767,2
768,1
769,2
770,2
771,1
772,3
773,1
774,3
775,2
776,1
777,2
778,3
779,1
780,4
781,2
782,1
783,2
784,1
785,4
786,1
787,1
788,1
789,2
790,1
791,4
792,3
793,1
794,1
795,2
796,1
797,2
798,3
799,2
800,1
801,4
802,4
803,1
804,1
805,2
806,2
807,0
808,2
809,1
810,1
811,3
812,4
813,3
814,4
815,1
816,2
817,2
818,0
819,1
820,2
821,2
822,2
823,4
824,2
825,2
826,1
827,1
828,2
829,1
830,4
831,5
832,2
833,1
834,2
835,1
836,4
837,2
838,2
839,0
840,1
841,4
842,2
843,1
844,4
845,4
846,2
847,1
848,1
849,0
850,0
851,1
852,4
853,3
854,0
855,1
856,0
857,1
858,0
859,3
860,3
861,3
862,3
863,0
864,0
865,0
866,0
867,0
868,0
869,3
870,0
871,1
872,0
873,3
874,1
875,0
876,0
877,0
878,3
879,0
880,0
881,0
882,0
883,0
884,0
885,1
886,0
887,0
888,0
889,0
890,1
891,1
892,0
893,1
894,2
895,1
896,0
897,0
898,0
899,1
900,0
901,1
902,4
903,1
904,1
905,2
906,0
907,0
908,3
909,2
910,0
911,1
912,1
913,2
914,2
915,0
916,0
917,3
918,0
919,0
920,1
921,1
922,0
923,0
924,0
925,0
926,1
927,1
928,0
929,3
930,3
931,0
932,1
933,0
934,1
935,0
936,0
937,0
938,2
939,0
940,0
941,5
942,0
943,1
944,4
945,2
946,4
947,0
948,1
949,0
950,0
951,0
952,2
953,1
954,3
955,0
956,0
957,0
958,0
959,1
960,0
961,1
962,4
963,2
964,0
965,0
966,0
967,0
968,1
969,1
970,2
971,0
972,4
973,3
974,1
975,3
976,1
977,0
978,0
979,1
980,1
981,1
982,1
983,0
984,2
985,0
986,0
987,1
988,3
989,0
990,1
991,1
992,1
993,0
994,1
995,1
996,0
997,0
998,3
999,1
1000,0
1001,3
1002,1
1003,0
1004,3
1005,0
1006,0
1007,1
1008,1
1009,3
1010,3
1011,0
1012,0
1013,0
1014,0
1015,0
1016,0
1017,2
1018,0
1019,1
1020,0
1021,1
1022,1
1023,0
1024,0
1025,1
1026,0
1027,0
1028,0
1029,2
1030,3
1031,0
1032,0
1033,1
1034,0
1035,0
1036,1
1037,1
1038,0
1039,0
1040,3
1041,1
1042,0
1043,0
1044,3
1045,0
1046,0
1047,1
1048,1
1049,0
1050,4
1051,2
1052,1
1053,1
1054,5
1055,0
1056,1
1057,0
1058,2
1059,2
1060,1
1061,5
1062,3
1063,0
1064,4
1065,0
1066,5
1067,0
1068,0
1069,0
1070,0
1071,4
1072,2
1073,0
1074,0
1075,0
1076,0
1077,5
1078,4
1079,5
1080,4
1081,2
1082,0
1083,0
1084,4
1085,1
1086,4
1087,1
1088,4
1089,3
1090,0
1091,4
1092,0
1093,0
1094,0
1095,0
1096,0
1097,0
1098,0
1099,2
1100,1
1101,4
1102,3
1103,0
1104,4
1105,0
1106,1
1107,0
1108,2
1109,2
1110,4
1111,1
1112,4
1113,4
1114,1
1115,0
1116,1
1117,5
1118,3
1119,3
1120,4
1121,0
1122,5
1123,1
1124,1
1125,2
1126,1
1127,1
1128,5
1129,0
1130,0
1131,4
1132,1
1133,0
1134,4
1135,4
1136,2
1137,0
1138,0
1139,1
1140,0
1141,2
1142,5
1143,1
1144,2
1145,0
1146,2
1147,2
1148,0
1149,2
1150,2
1151,4
1152,0
1153,6
1154,4
1155,1
1156,0
1157,0
1158,2
1159,0
1160,5
1161,4
1162,2
1163,5
1164,1
1165,3
1166,0
1167,0
1168,4
1169,1
1170,0
1171,5
1172,0
1173,5
1174,2
1175,5
1176,5
1177,2
1178,4
1179,4
1180,4
1181,0
1182,0
1183,1
1184,0
1185,1
1186,2
1187,0
1188,4
1189,0
1190,3
1191,5
1192,4
1193,2
1194,0
1195,5
1196,2
1197,0
1198,5
1199,4
1200,0
1201,0
1202,5
1203,2
1204,1
1205,1
1206,5
1207,1
1208,0
1209,2
1210,2
1211,1
1212,5
1213,0
1214,0
1215,4
1216,4
1217,0
1218,0
1219,5
1220,0
1221,0
1222,1
1223,0
1224,1
1225,0
1226,0
1227,0
1228,0
1229,0
1230,0
1231,4
1232,0
1233,2
1234,0
1235,4
1236,5
1237,4
1238,5
1239,0
1240,0
1241,5
1242,5
1243,0
1244,4
1245,0
1246,5
1247,0
1248,0
1249,1
1250,1
1251,4
1252,1
1253,2
1254,2
1255,2
1256,4
1257,0
1258,0
1259,1
1260,2
1261,0
1262,1
1263,1
1264,0
1265,2
1266,2
1267,0
1268,4
1269,5
1270,2
1271,1
1272,4
1273,4
1274,2
1275,0
1276,4
1277,0
1278,1
1279,4
1280,4
1281,4
1282,3
1283,1
1284,0
1285,4
1286,1
1287,5
1288,4
1289,2
1290,5
1291,1
1292,1
1293,3
1294,1
1295,4
1296,1
1297,0
1298,3
1299,1
1300,3
1301,0
1302,2
1303,2
1304,0
1305,1
1306,1
1307,1
1308,0
1309,1
1310,3
1311,3
1312,0
1313,1
1314,1
1315,1
1316,0
1317,0
1318,1
1319,2
1320,0
1321,1
1322,0
1323,1
1324,1
1325,0
1326,1
1327,1
1328,1
1329,4
1330,0
1331,1
1332,0
1333,1
1334,0
1335,1
1336,0
1337,0
1338,0
1339,3
1340,1
1341,0
1342,1
1343,1
1344,1
1345,1
1346,0
1347,0
1348,1
1349,2
1350,3
1351,3
1352,3
1353,3
1354,0
1355,3
1356,2
1357,3
1358,3
1359,0
1360,0
1361,2
1362,4
1363,0
1364,2
1365,0
1366,1
1367,0
1368,2
1369,1
1370,1
1371,0
1372,1
1373,2
1374,3
1375,2
1376,0
1377,3
1378,0
1379,3
1380,0
1381,3
1382,1
1383,0
1384,1
1385,2
1386,3
1387,3
1388,0
1389,0
1390,0
1391,1
1392,0
1393,1
1394,0
1395,3
1396,0
1397,2
1398,3
1399,1
1400,1
1401,2
1402,4
1403,2
1404,2
1405,0
1406,3
1407,2
1408,3
1409,3
1410,2
1411,3
1412,1
1413,0
1414,2
1415,2
1416,0
1417,0
1418,0
1419,0
1420,3
1421,0
1422,0
1423,0
1424,0
1425,1
1426,2
1427,0
1428,1
1429,1
1430,1
1431,0
1432,3
1433,0
1434,1
1435,4
1436,3
1437,0
1438,0
1439,0
1440,4
1441,0
1442,3
1443,3
1444,1
1445,2
1446,0
1447,3
1448,0
1449,2
1450,1
1451,0
1452,2
1453,1
1454,0
1455,3
1456,3
1457,3
1458,1
1459,3
1460,1
1461,2
1462,0
1463,4
1464,0
1465,2
1466,1
1467,3
1468,1
1469,0
1470,2
1471,0
1472,2
1473,3
1474,2
1475,1
1476,1
1477,1
1478,2
1479,1
1480,2
1481,3
1482,1
1483,1
1484,3
1485,0
1486,1
1487,0
1488,0
1489,0
1490,0
1491,0
1492,0
1493,0
1494,1
1495,2
1496,0
1497,3
1498,0
1499,0
1500,0
1501,0
1502,0
1503,0
1504,1
1505,0
1506,3
1507,0
1508,0
1509,0
1510,0
1511,2
1512,0
1513,0
1514,0
1515,0
1516,0
1517,2
1518,0
1519,1
1520,0
1521,0
1522,0
1523,5
1524,0
1525,0
1526,2
1527,0
1528,0
1529,1
1530,2
1531,0
1532,0
1533,0
1534,0
1535,0
1536,2
1537,1
1538,0
1539,0
1540,0
1541,0
1542,0
1543,0
1544,0
1545,0
1546,1
1547,2
1548,0
1549,0
1550,0
1551,1
1552,1
1553,1
1554,0
1555,0
1556,2
1557,0
1558,0
1559,4
1560,0
1561,1
1562,0
1563,0
1564,2
1565,0
1566,0
1567,0
1568,0
1569,1
1570,0
1571,0
1572,2
1573,0
1574,0
1575,0
1576,2
1577,0
1578,2
1579,1
1580,0
1581,0
1582,0
1583,2
1584,2
1585,1
1586,0
1587,2
1588,0
1589,2
1590,1
1591,0
1592,0
1593,1
1594,0
1595,2
1596,0
1597,0
1598,0
1599,1
1600,2
1601,0
1602,0
1603,0
1604,2
1605,0
1606,0
1607,0
1608,2
1609,0
1610,0
1611,2
1612,1
1613,1
1614,0
1615,0
1616,0
1617,2
1618,0
1619,0
1620,0
1621,1
1622,0
1623,0
1624,0
1625,0
1626,0
1627,0
1628,0
1629,0
1630,0
1631,0
1632,0
1633,2
1634,0
1635,0
1636,0
1637,2
1638,0
1639,1
1640,1
1641,0
1642,0
1643,1
1644,0
1645,2
1646,1
1647,0
1648,0
1649,2
1650,1
1651,2
1652,0
1653,1
1654,0
1655,0
1656,0
1657,0
1658,2
1659,0
1660,0
1661,1
1662,1
1663,0
1664,4
1665,0
1666,1
1667,1
1668,2
1669,0
1670,5
1671,1
1672,1
1673,0
1674,0
1675,2
1676,2
1677,0
1678,4
1679,1
1680,0
1681,0
1682,4
1683,0
1684,0
1685,0
1686,1
1687,0
1688,0
1689,0
1690,3
1691,0
1692,4
1693,1
1694,0
1695,1
1696,2
1697,0
1698,2
1699,0
1700,1
1701,0
1702,0
1703,0
1704,2
1705,3
1706,2
1707,1
1708,0
1709,0
1710,0
1711,1
1712,2
1713,0
1714,0
1715,0
1716,2
1717,2
1718,0
1719,2
1720,0
1721,0
1722,0
1723,2
1724,2
1725,1
1726,0
1727,5
1728,1
1729,1
1730,3
1731,2
1732,4
1733,0
1734,3
1735,1
1736,2
1737,2
1738,0
1739,0
1740,2
1741,0
1742,0
1743,0
1744,0
1745,4
1746,4
1747,1
1748,2
1749,2
1750,2
1751,0
1752,2
1753,2
1754,2
1755,1
1756,0
1757,2
1758,4
1759,0
1760,1
1761,0
1762,4
1763,1
1764,3
1765,1
1766,3
1767,6
1768,2
1769,2
1770,3
1771,1
1772,2
1773,2
1774,2
1775,4
1776,2
1777,1
1778,1
1779,4
1780,3
1781,2
1782,1
1783,1
1784,3
1785,2
1786,1
1787,3
1788,4
1789,3
1790,1
1791,1
1792,4
1793,3
1794,4
1795,1
1796,1
1797,6
1798,1
1799,4
1800,3
1801,0
1802,4
1803,6
1804,2
1805,0
1806,1
1807,1
1808,1
1809,1
1810,4
1811,2
1812,0
1813,6
1814,1
1815,3
1816,2
1817,1
1818,1
1819,1
1820,4
1821,3
1822,1
1823,3
1824,1
1825,0
1826,2
1827,4
1828,1
1829,4
1830,2
1831,6
1832,3
1833,1
1834,2
1835,3
1836,1
1837,2
1838,2
1839,3
1840,3
1841,1
1842,2
1843,3
1844,2
1845,2
1846,3
1847,1
1848,2
1849,3
1850,6
1851,2
1852,0
1853,2
1854,2
1855,2
1856,2
1857,2
1858,2
1859,6
1860,1
1861,0
1862,4
1863,4
1864,4
1865,3
1866,2
1867,3
1868,1
1869,2
1870,1
1871,3
1872,3
1873,4
1874,3
1875,1
1876,1
1877,2
1878,3
1879,3
1880,6
1881,1
1882,0
1883,6
1884,3
1885,3
1886,1
1887,3
1888,1
1889,3
1890,1
1891,1
1892,1
1893,3
1894,1
1895,1
1896,1
1897,3
1898,3
1899,4
1900,6
1901,2
1902,0
1903,1
1904,4
1905,3
1906,2
1907,2
1908,2
1909,2
1910,6
1911,0
1912,2
1913,2
1914,4
1915,3
1916,1
1917,3
1918,4
1919,0
1920,3
1921,1
1922,1
1923,1
1924,6
1925,2
1926,3
1927,3
1928,5
1929,2
1930,2
1931,2
1932,6
1933,2
1934,1
1935,2
1936,2
1937,0
1938,4
1939,3
1940,4
1941,1
1942,0
1943,1
1944,2
1945,2
1946,1
1947,2
1948,1
1949,6
1950,2
1951,3
1952,2
1953,3
1954,4
1955,0
1956,1
1957,3
1958,1
1959,1
1960,1
1961,4
1962,2
1963,3
1964,1
1965,2
1966,1
1967,1
1968,1
1969,3
1970,2
1971,2
1972,2
1973,1
1974,4
1975,3
1976,2
1977,2
1978,2
1979,3
1980,1
1981,2
1982,2
1983,3
1984,0
1985,0
1986,4
1987,0
1988,3
1989,1
1990,3
1991,2
1992,3
1993,5
1994,3
1995,2
1996,1
1997,3
1998,0
1999,0
2000,0
2001,1
2002,0
2003,0
2004,3
2005,0
2006,0
2007,0
2008,3
2009,0
2010,3
2011,3
2012,4
2013,3
2014,0
2015,4
2016,0
2017,0
2018,1
2019,3
2020,0
2021,4
2022,0
2023,4
2024,4
2025,3
2026,3
2027,0
2028,0
2029,1
2030,3
2031,0
2032,3
2033,1
2034,1
2035,0
2036,3
2037,3
2038,2
2039,0
2040,3
2041,3
2042,0
2043,1
2044,1
2045,0
2046,4
2047,4
2048,4
2049,0
2050,1
2051,0
2052,3
2053,0
2054,1
2055,0
2056,1
2057,3
2058,2
2059,0
2060,1
2061,1
2062,0
2063,3
2064,4
2065,3
2066,3
2067,1
2068,0
2069,2
2070,3
2071,2
2072,2
2073,1
2074,1
2075,3
2076,1
2077,3
2078,0
2079,1
2080,1
2081,1
2082,1
2083,1
2084,1
2085,3
2086,0
2087,2
2088,3
2089,0
2090,2
2091,0
2092,1
2093,3
2094,3
2095,3
2096,3
2097,1
2098,0
2099,3
2100,3
2101,0
2102,0
2103,3
2104,1
2105,3
2106,4
2107,0
2108,4
2109,2
2110,2
2111,3
2112,3
2113,1
2114,3
2115,3
2116,0
2117,3
2118,3
2119,4
2120,3
2121,3
2122,1
2123,0
2124,0
2125,0
2126,0
2127,1
2128,1
2129,0
2130,1
2131,3
2132,4
2133,4
2134,4
2135,3
2136,3
2137,3
2138,3
2139,0
2140,3
2141,3
2142,0
2143,3
2144,0
2145,3
2146,3
2147,1
2148,1
2149,1
2150,1
2151,3
2152,3
2153,3
2154,1
2155,3
2156,3
2157,3
2158,1
2159,3
2160,0
2161,3
2162,3
2163,3
2164,3
2165,0
2166,3
2167,3
2168,3
2169,1
2170,3
2171,0
2172,3
2173,2
2174,4
2175,4
2176,3
2177,3
2178,3
2179,4
2180,3
2181,2
2182,1
2183,3
2184,2
2185,1
2186,3
2187,1
2188,0
2189,3
2190,3
2191,0
2192,1
2193,3
2194,1
2195,3
2196,4
2197,3
2198,3
2199,3
2200,3
2201,1
2202,3
2203,0
2204,2
2205,3
2206,1
2207,1
2208,0
2209,0
2210,0
2211,1
2212,3
2213,3
2214,3
2215,1
2216,3
2217,0
2218,1
2219,3
2220,1
2221,0
2222,3
2223,1
2224,1
2225,1
2226,0
2227,2
2228,3
2229,1
2230,3
2231,1
2232,3
2233,3
2234,4
2235,1
2236,3
2237,3
2238,3
2239,0
2240,0
2241,0
2242,3
2243,3
2244,1
2245,3
2246,3
2247,0
2248,2
2249,2
2250,4
2251,0
2252,2
2253,1
2254,4
2255,0
2256,1
2257,0
2258,2
2259,3
2260,3
2261,3
2262,3
2263,3
2264,4
2265,3
2266,2
2267,1
2268,3
2269,0
2270,0
2271,2
2272,1
2273,0
2274,4
2275,3
2276,1
2277,2
2278,3
2279,3
2280,3
2281,4
2282,1
2283,0
2284,2
2285,0
2286,0
2287,1
2288,1
2289,4
2290,0
2291,1
2292,0
2293,1
2294,1
2295,3
2296,0
2297,0
2298,1
2299,3
2300,2
2301,3
2302,3
2303,1
2304,4
2305,1
2306,1
2307,0
2308,1
2309,4
2310,1
2311,3
2312,0
2313,3
2314,3
2315,4
2316,3
2317,1
2318,3
2319,3
2320,0
2321,2
2322,2
2323,3
2324,2
2325,3
2326,3
2327,3
2328,3
2329,3
2330,1
2331,1
2332,3
2333,4
2334,1
2335,3
2336,1
2337,1
2338,1
2339,1
2340,5
2341,0
2342,0
2343,0
2344,2
2345,0
2346,1
2347,0
2348,0
2349,4
2350,5
2351,0
2352,2
2353,2
2354,0
2355,2
2356,4
2357,5
2358,3
2359,1
2360,4
2361,1
2362,4
2363,4
2364,0
2365,5
2366,1
2367,2
2368,3
2369,4
2370,2
2371,0
2372,4
2373,1
2374,4
2375,2
2376,1
2377,5
2378,1
2379,1
2380,1
2381,1
2382,0
2383,0
2384,0
2385,2
2386,1
2387,2
2388,4
2389,1
2390,0
2391,2
2392,1
2393,1
2394,1
2395,0
2396,0
2397,1
2398,0
2399,0
2400,0
2401,4
2402,1
2403,0
2404,0
2405,0
2406,0
2407,0
2408,1
2409,0
2410,2
2411,0
2412,0
2413,0
2414,1
2415,1
2416,1
2417,1
2418,4
2419,1
2420,1
2421,4
2422,0
2423,0
2424,0
2425,0
2426,0
2427,1
2428,2
2429,0
2430,1
2431,0
2432,1
2433,3
2434,3
2435,3
2436,1
2437,0
2438,0
2439,0
2440,1
2441,2
2442,0
2443,0
2444,2
2445,1
2446,4
2447,0
2448,0
2449,2
2450,0
2451,1
2452,0
2453,1
2454,0
2455,0
2456,1
2457,1
2458,5
2459,2
2460,1
2461,3
2462,0
2463,0
2464,0
2465,0
2466,0
2467,0
2468,3
2469,3
2470,0
2471,1
2472,3
2473,4
2474,0
2475,0
2476,3
2477,0
2478,4
2479,3
2480,3
2481,4
2482,0
2483,3
2484,3
2485,3
2486,3
2487,3
2488,1
2489,1
2490,1
2491,3
2492,3
2493,3
2494,3
2495,3
2496,4
2497,2
2498,1
2499,1
2500,3
2501,1
2502,0
2503,3
2504,2
2505,2
2506,1
2507,0
2508,3
2509,3
2510,1
2511,1
2512,3
2513,1
2514,0
2515,3
2516,3
2517,3
2518,3
2519,2
2520,3
2521,1
2522,2
2523,4
2524,1
2525,0
2526,0
2527,0
2528,1
2529,2
2530,1
2531,1
2532,2
2533,2
2534,0
2535,0
2536,1
2537,0
2538,1
2539,0
2540,1
2541,0
2542,1
2543,1
2544,1
2545,0
2546,1
2547,1
2548,2
2549,1
2550,2
2551,0
2552,1
2553,0
2554,0
2555,0
2556,3
2557,4
2558,1
2559,0
2560,0
2561,1
2562,0
2563,1
2564,0
2565,3
2566,1
2567,2
2568,1
2569,0
2570,1
2571,2
2572,3
2573,0
2574,2
2575,1
2576,0
2577,2
2578,2
2579,0
2580,1
2581,1
2582,0
2583,3
2584,1
2585,1
2586,0
2587,0
2588,3
2589,4
2590,0
2591,1
2592,1
2593,1
2594,2
2595,1
2596,0
2597,1
2598,0
2599,0
2600,0
2601,2
2602,2
2603,1
2604,0
2605,3
2606,1
2607,0
2608,1
2609,0
2610,1
2611,0
2612,1
2613,1
2614,2
2615,1
2616,0
2617,0
2618,1
2619,1
2620,1
2621,2
2622,0
2623,2
2624,1
2625,3
2626,0
2627,1
2628,1
2629,0
2630,4
2631,1
2632,1
2633,1
2634,1
2635,2
2636,2
2637,2
2638,1
2639,1
2640,2
2641,0
2642,1
2643,3
2644,0
2645,2
2646,2
2647,3
2648,2
2649,3
2650,1
2651,1
2652,0
2653,1
2654,1
2655,1
2656,1
2657,1
2658,1
2659,1
2660,3
2661,0
2662,0
2663,1
2664,1
2665,1
2666,0
2667,1
2668,2
2669,1
2670,0
2671,1
2672,3
2673,1
2674,0
2675,1
2676,1
2677,1
2678,2
2679,1
2680,1
2681,1
2682,2
2683,0
2684,0
2685,1
2686,1
2687,2
2688,0
2689,1
2690,0
2691,0
2692,2
2693,0
2694,1
2695,2
2696,1
2697,2
2698,3
2699,0
2700,1
2701,1
2702,0
2703,0
2704,1
2705,0
2706,1
2707,1
2708,3
2709,1
2710,0
2711,1
2712,3
2713,1
2714,0
2715,1
2716,1
2717,2
2718,1
2719,0
2720,0
2721,1
2722,1
2723,1
2724,0
2725,1
2726,1
2727,0
2728,2
2729,1
2730,0
2731,2
2732,1
2733,2
2734,1
2735,3
2736,3
2737,0
2738,3
2739,0
2740,2
2741,1
2742,4
2743,1
2744,0
2745,2
2746,0
2747,3
2748,0
2749,0
2750,2
2751,0
2752,0
2753,0
2754,3
2755,0
2756,3
2757,0
2758,2
2759,1
2760,3
2761,2
2762,0
2763,1
2764,0
2765,0
2766,3
2767,0
2768,3
2769,0
2770,0
2771,3
2772,0
2773,0
2774,3
2775,2
2776,1
2777,1
2778,1
2779,0
2780,0
2781,0
2782,0
2783,3
2784,0
2785,2
2786,0
2787,2
2788,2
2789,1
2790,4
2791,0
2792,0
2793,0
2794,1
2795,0
2796,1
2797,0
2798,0
2799,0
2800,1
2801,0
2802,4
2803,0
2804,0
2805,2
2806,0
2807,0
2808,0
2809,2
2810,2
2811,0
2812,3
2813,1
2814,2
2815,1
2816,2
2817,0
2818,0
2819,0
2820,0
2821,0
2822,2
2823,0
2824,2
2825,0
2826,0
2827,1
2828,1
2829,2
2830,0
2831,1
2832,0
2833,1
2834,0
2835,2
2836,0
2837,0
2838,0
2839,2
2840,0
2841,0
2842,0
2843,1
2844,0
2845,3
2846,0
2847,1
2848,2
2849,1
2850,1
2851,4
2852,3
2853,0
2854,5
2855,0
2856,1
2857,1
2858,1
2859,0
2860,0
2861,1
2862,1
2863,0
2864,0
2865,0
2866,0
2867,0
2868,0
2869,0
2870,0
2871,0
2872,5
2873,0
2874,0
2875,1
2876,0
2877,1
2878,2
2879,0
2880,1
2881,3
2882,1
2883,0
2884,0
2885,1
2886,0
2887,1
2888,0
2889,0
2890,0
2891,1
2892,3
2893,1
2894,0
2895,1
2896,3
2897,0
2898,1
2899,3
2900,1
2901,1
2902,5
2903,1
2904,0
2905,0
2906,2
2907,1
2908,1
2909,0
2910,1
2911,0
2912,0
2913,0
2914,1
2915,0
2916,0
2917,0
2918,3
2919,0
2920,5
2921,1
2922,0
2923,2
2924,2
2925,1
2926,1
2927,0
2928,1
2929,0
2930,1
2931,1
2932,1
2933,0
2934,2
2935,0
2936,0
2937,5
2938,2
2939,0
2940,0
2941,2
2942,1
2943,2
2944,0
2945,0
2946,0
2947,2
2948,4
2949,1
2950,1
2951,0
2952,1
2953,1
2954,1
2955,0
2956,1
2957,0
2958,0
2959,0
2960,0
2961,0
2962,1
2963,1
2964,1
2965,0
2966,0
2967,0
2968,3
2969,0
2970,3
2971,1
2972,0
2973,1
2974,0
2975,0
2976,1
2977,2
2978,1
2979,2
2980,1
2981,2
2982,1
2983,1
2984,2
2985,1
2986,0
2987,0
2988,3
2989,0
2990,1
2991,2
2992,1
2993,0
2994,0
2995,1
2996,2
2997,1
2998,4
2999,0
3000,0
3001,0
3002,0
3003,0
3004,1
3005,4
3006,0
3007,1
3008,2
3009,1
3010,0
3011,0
3012,1
3013,2
3014,0
3015,1
3016,0
3017,0
3018,0
3019,4
3020,0
3021,4
3022,0
3023,2
3024,0
3025,0
3026,0
3027,0
3028,0
3029,4
3030,4
3031,0
3032,2
3033,0
3034,1
3035,0
3036,0
3037,4
3038,3
3039,4
3040,0
3041,0
3042,0
3043,1
3044,1
3045,6
3046,0
3047,2
3048,0
3049,0
3050,3
3051,4
3052,0
3053,1
3054,4
3055,0
3056,0
3057,0
3058,3
3059,4
3060,4
3061,1
3062,4
3063,3
3064,1
3065,0
3066,0
3067,0
3068,0
3069,0
3070,4
3071,3
3072,0
3073,0
3074,1
3075,0
3076,0
3077,1
3078,4
3079,0
3080,0
3081,0
3082,0
3083,4
3084,0
3085,4
3086,0
3087,0
3088,4
3089,1
3090,0
3091,0
3092,0
3093,0
3094,0
3095,4
3096,0
3097,1
3098,2
3099,0
3100,1
3101,3
3102,2
3103,3
3104,1
3105,0
3106,0
3107,1
3108,0
3109,0
3110,0
3111,1
3112,4
3113,3
3114,3
3115,4
3116,0
3117,0
3118,3
3119,0
3120,0
3121,2
3122,0
3123,0
3124,2
3125,4
3126,0
3127,0
3128,1
3129,0
3130,3
3131,1
3132,0
3133,4
3134,4
3135,0
3136,0
3137,1
3138,4
3139,4
3140,0
3141,4
3142,4
3143,0
3144,0
3145,4
3146,0
3147,0
3148,0
3149,0
3150,4
3151,0
3152,2
3153,0
3154,4
3155,0
3156,4
3157,0
3158,3
3159,4
3160,1
3161,2
3162,0
3163,4
3164,4
3165,0
3166,2
3167,0
3168,0
3169,0
3170,0
3171,4
3172,0
3173,0
3174,4
3175,0
3176,0
3177,0
3178,4
3179,0
3180,0
3181,0
3182,4
3183,2
3184,4
3185,0
3186,2
3187,0
3188,0
3189,4
3190,0
3191,2
3192,0
3193,1
3194,0
3195,4
3196,2
3197,0
3198,0
3199,1
3200,4
3201,0
3202,0
3203,0
3204,1
3205,1
3206,0
3207,6
3208,0
3209,4
3210,0
3211,4
3212,4
3213,4
3214,0
3215,4
3216,1
3217,0
3218,0
3219,1
3220,6
3221,0
3222,1
3223,1
3224,0
3225,0
3226,0
3227,4
3228,3
3229,0
3230,0
3231,3
3232,1
3233,2
3234,4
3235,1
3236,0
3237,2
3238,4
3239,4
3240,4
3241,4
3242,1
3243,2
3244,4
3245,4
3246,1
3247,4
3248,0
3249,4
3250,0
3251,2
3252,2
3253,3
3254,0
3255,4
3256,1
3257,4
3258,4
3259,4
3260,4
3261,1
3262,3
3263,1
3264,2
3265,2
3266,2
3267,4
3268,1
3269,2
3270,4
3271,0
3272,1
3273,2
3274,1
3275,0
3276,1
3277,1
3278,1
3279,2
3280,4
3281,1
3282,1
3283,1
3284,2
3285,1
3286,1
3287,0
3288,0
3289,2
3290,3
3291,4
3292,4
3293,2
3294,0
3295,5
3296,0
3297,1
3298,4
3299,1
3300,0
3301,0
3302,1
3303,4
3304,3
3305,0
3306,2
3307,1
3308,3
3309,1
3310,2
3311,1
3312,1
3313,0
3314,4
3315,1
3316,1
3317,3
3318,0
3319,4
3320,4
3321,2
3322,3
3323,1
3324,4
3325,1
3326,4
3327,1
3328,0
3329,1
3330,1
3331,0
3332,2
3333,0
3334,1
3335,2
3336,2
3337,1
3338,4
3339,4
3340,4
3341,0
3342,1
3343,0
3344,0
3345,4
3346,0
3347,2
3348,0
3349,2
3350,3
3351,0
3352,0
3353,1
3354,4
3355,1
3356,2
3357,1
3358,4
3359,4
3360,0
3361,5
3362,4
3363,0
3364,2
3365,5
3366,0
3367,2
3368,1
3369,4
3370,4
3371,2
3372,1
3373,0
3374,1
3375,0
3376,4
3377,2
3378,2
3379,0
3380,4
3381,1
3382,2
3383,3
3384,4
3385,1
3386,1
3387,1
3388,0
3389,4
3390,3
3391,4
3392,4
3393,1
3394,0
3395,2
3396,4
3397,0
3398,4
3399,0
3400,4
3401,0
3402,3
3403,1
3404,0
3405,0
3406,2
3407,0
3408,4
3409,0
3410,1
3411,4
3412,0
3413,2
3414,0
3415,0
3416,4
3417,1
3418,4
3419,2
3420,2
3421,6
3422,1
3423,2
3424,0
3425,0
3426,1
3427,4
3428,2
3429,2
3430,4
3431,0
3432,0
3433,2
3434,3
3435,3
3436,4
3437,3
3438,3
3439,3
3440,3
3441,0
3442,4
3443,0
3444,3
3445,3
3446,3
3447,3
3448,4
3449,3
3450,4
3451,3
3452,3
3453,3
3454,3
3455,3
3456,3
3457,4
3458,0
3459,0
3460,4
3461,4
3462,4
3463,2
3464,3
3465,3
3466,3
3467,4
3468,3
3469,2
3470,3
3471,3
3472,3
3473,3
3474,3
3475,3
3476,3
3477,0
3478,3
3479,3
3480,3
3481,3
3482,3
3483,3
3484,2
3485,3
3486,3
3487,3
3488,3
3489,3
3490,3
3491,3
3492,3
3493,3
3494,3
3495,3
3496,3
3497,4
3498,3
3499,3
3500,3
3501,4
3502,3
3503,3
3504,3
3505,3
3506,3
3507,3
3508,3
3509,3
3510,3
3511,3
3512,3
3513,4
3514,3
3515,1
3516,3
3517,3
3518,3
3519,3
3520,3
3521,3
3522,3
3523,3
3524,3
3525,3
3526,0
3527,3
3528,0
3529,0
3530,4
3531,0
3532,1
3533,4
3534,1
3535,2
3536,0
3537,2
3538,2
3539,0
3540,2
3541,0
3542,0
3543,1
3544,4
3545,1
3546,0
3547,0
3548,2
3549,5
3550,0
3551,4
3552,0
3553,4
3554,1
3555,0
3556,4
3557,0
3558,2
3559,2
3560,0
3561,1
3562,1
3563,1
3564,0
3565,2
3566,0
3567,1
3568,1
3569,4
3570,0
3571,4
3572,4
3573,0
3574,1
3575,0
3576,4
3577,1
3578,2
3579,3
3580,4
3581,1
3582,2
3583,1
3584,0
3585,1
3586,5
3587,0
3588,4
3589,2
3590,4
3591,2
3592,4
3593,0
3594,2
3595,0
3596,1
3597,3
3598,4
3599,0
3600,1
3601,3
3602,4
3603,4
3604,3
3605,4
3606,1
3607,4
3608,1
3609,1
3610,1
3611,4
3612,4
3613,4
3614,4
3615,1
3616,1
3617,1
3618,4
3619,0
3620,4
3621,2
3622,4
3623,2
3624,0
3625,0
3626,4
3627,0
3628,2
3629,0
3630,4
3631,0
3632,1
3633,4
3634,1
3635,0
3636,1
3637,4
3638,0
3639,4
3640,0
3641,4
3642,0
3643,1
3644,2
3645,2
3646,2
3647,1
3648,0
3649,2
3650,0
3651,2
3652,1
3653,1
3654,4
3655,1
3656,2
3657,1
3658,1
3659,4
3660,1
3661,0
3662,4
3663,1
3664,2
3665,5
3666,2
3667,0
3668,0
3669,2
3670,2
3671,4
3672,1
3673,1
3674,1
3675,5
3676,4
3677,0
3678,1
3679,2
3680,4
3681,4
3682,0
3683,2
3684,2
3685,4
3686,4
3687,4
3688,1
3689,2
3690,2
3691,2
3692,1
3693,4
3694,2
3695,2
3696,1
3697,3
3698,4
3699,2
3700,0
3701,2
3702,1
3703,0
3704,1
3705,0
3706,2
3707,1
3708,2
3709,4
3710,0
3711,0
3712,1
3713,2
3714,4
3715,4
3716,0
3717,1
3718,0
3719,1
3720,1
3721,1
3722,2
3723,4
3724,0
3725,1
3726,2
3727,2
3728,0
3729,0
3730,4
3731,4
3732,2
3733,4
3734,2
3735,2
3736,1
3737,2
3738,1
3739,4
3740,1
3741,2
3742,2
3743,1
3744,0
3745,4
3746,0
3747,3
3748,2
3749,0
3750,0
3751,1
3752,1
3753,4
3754,5
3755,4
3756,3
3757,4
3758,1
3759,1
3760,1
3761,4
3762,2
3763,1
3764,2
3765,1
3766,0
3767,0
3768,2
3769,0
3770,2
3771,2
3772,0
3773,2
3774,1
3775,3
3776,0
3777,2
3778,2
3779,0
3780,2
3781,2
3782,2
3783,2
3784,1
3785,2
3786,3
3787,1
3788,1
3789,2
3790,0
3791,1
3792,1
3793,3
3794,0
3795,2
3796,3
3797,2
3798,0
3799,1
3800,0
3801,2
3802,1
3803,2
3804,4
3805,2
3806,1
3807,3
3808,2
3809,2
3810,0
3811,0
3812,2
3813,2
3814,0
3815,1
3816,0
3817,2
3818,0
3819,1
3820,2
3821,2
3822,1
3823,1
3824,2
3825,0
3826,1
3827,2
3828,2
3829,2
3830,1
3831,1
3832,1
3833,3
3834,1
3835,2
3836,2
3837,3
3838,5
3839,0
3840,4
3841,1
3842,2
3843,1
3844,3
3845,5
3846,0
3847,2
3848,2
3849,1
3850,1
3851,2
3852,2
3853,2
3854,2
3855,2
3856,2
3857,1
3858,5
3859,1
3860,2
3861,2
3862,2
3863,1
3864,2
3865,1
3866,4
3867,2
3868,0
3869,1
3870,1
3871,2
3872,3
3873,2
3874,2
3875,2
3876,1
3877,0
3878,0
3879,2
3880,5
3881,0
3882,2
3883,3
3884,2
3885,2
3886,4
3887,1
3888,2
3889,1
3890,2
3891,2
3892,2
3893,1
3894,2
3895,3
3896,2
3897,2
3898,2
3899,1
3900,1
3901,2
3902,1
3903,0
3904,2
3905,2
3906,2
3907,4
3908,1
3909,3
3910,2
3911,2
3912,2
3913,0
3914,1
3915,4
3916,1
3917,2
3918,3
3919,4
3920,4
3921,2
3922,1
3923,1
3924,2
3925,1
3926,2
3927,1
3928,1
3929,1
3930,1
3931,1
3932,2
3933,0
3934,2
3935,0
3936,0
3937,2
3938,2
3939,0
3940,1
3941,1
3942,3
3943,2
3944,2
3945,3
3946,1
3947,3
3948,2
3949,2
3950,1
3951,4
3952,0
3953,5
3954,1
3955,4
3956,5
3957,4
3958,5
3959,4
3960,1
3961,5
3962,2
3963,4
3964,2
3965,1
3966,4
3967,4
3968,1
3969,1
3970,2
3971,2
3972,2
3973,2
3974,2
3975,0
3976,0
3977,1
3978,3
3979,4
3980,2
3981,4
3982,0
3983,2
3984,4
3985,2
3986,4
3987,4
3988,2
3989,4
3990,1
3991,1
3992,1
3993,4
3994,2
3995,5
3996,2
3997,2
3998,6
3999,1
4000,0
4001,1
4002,0
4003,1
4004,2
4005,4
4006,5
4007,5
4008,0
4009,6
4010,5
4011,1
4012,1
4013,5
4014,5
4015,2
4016,4
4017,4
4018,1
4019,0
4020,0
4021,2
4022,5
4023,5
4024,4
4025,4
4026,4
4027,4
4028,4
4029,1
4030,6
4031,4
4032,4
4033,3
4034,2
4035,1
4036,1
4037,2
4038,2
4039,2
4040,4
4041,2
4042,4
4043,1
4044,4
4045,5
4046,1
4047,2
4048,1
4049,1
4050,5
4051,1
4052,4
4053,2
4054,1
4055,1
4056,2
4057,5
4058,6
4059,0
4060,4
4061,2
4062,4
4063,4
4064,6
4065,6
4066,2
4067,4
4068,2
4069,4
4070,0
4071,5
4072,6
4073,5
4074,3
4075,4
4076,2
4077,5
4078,5
4079,0
4080,2
4081,0
4082,4
4083,0
4084,6
4085,0
4086,0
4087,1
4088,4
4089,1
4090,6
4091,1
4092,1
4093,1
4094,2
4095,1
4096,4
4097,2
4098,0
4099,1
4100,6
4101,2
4102,0
4103,6
4104,4
4105,2
4106,1
4107,6
4108,4
4109,5
4110,1
4111,2
4112,1
4113,2
4114,2
4115,2
4116,4
4117,4
4118,4
4119,3
4120,6
4121,4
4122,5
4123,2
4124,4
4125,5
4126,2
4127,1
4128,5
4129,2
4130,1
4131,4
4132,5
4133,2
4134,5
4135,0
4136,1
4137,2
4138,4
4139,0
4140,0
4141,2
4142,5
4143,6
4144,0
4145,1
4146,2
4147,2
4148,2
4149,6
4150,4
4151,2
4152,6
4153,5
4154,4
4155,5
4156,4
4157,2
4158,4
4159,4
4160,4
4161,2
4162,0
4163,5
4164,0
4165,4
4166,1
4167,4
4168,0
4169,0
4170,1
4171,5
4172,6
4173,0
4174,1
4175,4
4176,0
4177,1
4178,1
4179,0
4180,0
4181,1
4182,0
4183,0
4184,4
4185,0
4186,0
4187,1
4188,2
4189,2
4190,1
4191,0
4192,1
4193,2
4194,1
4195,1
4196,0
4197,1
4198,1
4199,0
4200,1
4201,1
4202,2
4203,0
4204,0
4205,0
4206,0
4207,1
4208,1
4209,4
4210,0
4211,1
4212,1
4213,1
4214,1
4215,1
4216,2
4217,0
4218,0
4219,0
4220,0
4221,2
4222,2
4223,0
4224,1
4225,2
4226,0
4227,0
4228,3
4229,2
4230,1
4231,1
4232,1
4233,5
4234,1
4235,0
4236,1
4237,0
4238,0
4239,1
4240,1
4241,1
4242,0
4243,2
4244,0
4245,0
4246,0
4247,1
4248,0
4249,0
4250,2
4251,0
4252,1
4253,0
4254,1
4255,1
4256,0
4257,1
4258,0
4259,1
4260,0
4261,1
4262,0
4263,0
4264,0
4265,3
4266,0
4267,0
4268,1
4269,2
4270,3
4271,1
4272,0
4273,1
4274,0
4275,1
4276,0
4277,0
4278,1
4279,4
4280,1
4281,1
4282,1
4283,1
4284,2
4285,4
4286,2
4287,1
4288,2
4289,1
4290,3
4291,1
4292,4
4293,2
4294,2
4295,0
4296,2
4297,3
4298,2
4299,1
4300,3
4301,2
4302,2
4303,4
4304,1
4305,4
4306,4
4307,0
4308,0
4309,1
4310,1
4311,2
4312,3
4313,4
4314,1
4315,2
4316,0
4317,0
4318,1
4319,0
4320,4
4321,3
4322,3
4323,2
4324,2
4325,3
4326,1
4327,3
4328,0
4329,4
4330,0
4331,1
4332,0
4333,0
4334,1
4335,1
4336,1
4337,2
4338,0
4339,2
4340,1
4341,1
4342,3
4343,2
4344,3
4345,1
4346,0
4347,3
4348,1
4349,0
4350,3
4351,0
4352,4
4353,2
4354,0
4355,3
4356,2
4357,4
4358,2
4359,1
4360,1
4361,3
4362,2
4363,1
4364,3
4365,2
4366,1
4367,4
4368,3
4369,4
4370,1
4371,2
4372,4
4373,3
4374,3
4375,0
4376,0
4377,2
4378,4
4379,2
4380,1
4381,2
4382,2
4383,0
4384,2
4385,1
4386,3
4387,1
4388,2
4389,2
4390,2
4391,2
4392,0
4393,4
4394,2
4395,0
4396,3
4397,1
4398,2
4399,1
4400,2
4401,2
4402,2
4403,4
4404,0
4405,3
4406,2
4407,4
4408,1
4409,3
4410,1
4411,1
4412,1
4413,0
4414,1
4415,0
4416,2
4417,2
4418,1
4419,0
4420,2
4421,1
4422,3
4423,2
4424,2
4425,0
4426,2
4427,2
4428,0
4429,2
4430,3
4431,1
4432,1
4433,0
4434,4
4435,3
4436,2
4437,4
4438,3
4439,0
4440,2
4441,3
4442,1
4443,0
4444,3
4445,0
4446,2
4447,1
4448,2
4449,2
4450,0
4451,1
4452,0
4453,4
4454,2
4455,2
4456,4
4457,1
4458,0
4459,3
4460,6
4461,1
4462,4
4463,2
4464,3
4465,1
4466,6
4467,2
4468,1
4469,4
4470,1
4471,4
4472,1
4473,1
4474,1
4475,0
4476,6
4477,1
4478,6
4479,0
4480,1
4481,1
4482,1
4483,4
4484,0
4485,6
4486,5
4487,2
4488,2
4489,1
4490,2
4491,1
4492,4
4493,2
4494,2
4495,4
4496,0
4497,4
4498,1
4499,4
4500,1
4501,4
4502,1
4503,1
4504,0
4505,2
4506,1
4507,2
4508,2
4509,1
4510,2
4511,0
4512,2
4513,1
4514,6
4515,2
4516,2
4517,4
4518,2
4519,1
4520,0
4521,6
4522,4
4523,6
4524,2
4525,0
4526,4
4527,1
4528,2
4529,2
4530,2
4531,6
4532,0
4533,4
4534,0
4535,6
4536,6
4537,1
4538,6
4539,4
4540,2
4541,4
4542,0
4543,1
4544,6
4545,1
4546,6
4547,0
4548,1
4549,2
4550,6
4551,0
4552,1
4553,4
4554,2
4555,3
4556,2
4557,3
4558,2
4559,1
4560,2
4561,6
4562,4
4563,4
4564,3
4565,3
4566,1
4567,6
4568,6
4569,0
4570,3
4571,2
4572,6
4573,0
4574,2
4575,2
4576,2
4577,3
4578,0
4579,2
4580,2
4581,3
4582,1
4583,4
4584,4
4585,1
4586,1
4587,0
4588,4
4589,1
4590,6
4591,4
4592,1
4593,0
4594,4
4595,3
4596,3
4597,2
4598,0
4599,0
4600,0
4601,2
4602,2
4603,2
4604,6
4605,2
4606,1
4607,2
4608,2
4609,0
4610,1
4611,0
4612,1
4613,4
4614,5
4615,1
4616,2
4617,6
4618,0
4619,6
4620,1
4621,4
4622,6
4623,2
4624,4
4625,2
4626,0
4627,2
4628,4
4629,2
4630,0
4631,0
4632,1
4633,1
4634,6
4635,4
4636,2
4637,1
4638,0
4639,0
4640,4
4641,3
4642,2
4643,3
4644,0
4645,2
4646,0
4647,1
4648,1
4649,4
4650,0
4651,2
4652,4
4653,2
4654,4
4655,4
4656,4
4657,6
4658,4
4659,6
4660,1
4661,4
4662,6
4663,0
4664,3
4665,3
4666,0
4667,2
4668,6
4669,6
4670,2
4671,0
4672,1
4673,0
4674,4
4675,4
4676,0
4677,2
4678,1
4679,2
4680,2
4681,1
4682,1
4683,1
4684,0
4685,4
4686,3
4687,1
4688,6
4689,5
4690,3
4691,2
4692,1
4693,0
4694,6
4695,1
4696,3
4697,6
4698,1
4699,6
4700,6
4701,1
4702,1
4703,0
4704,2
4705,2
4706,6
4707,2
4708,6
4709,0
4710,1
4711,1
4712,2
4713,2
4714,2
4715,4
4716,4
4717,0
4718,4
4719,2
4720,0
4721,2
4722,1
4723,3
4724,1
4725,5
4726,1
4727,4
4728,0
4729,0
4730,0
4731,0
4732,0
4733,0
4734,2
4735,4
4736,1
4737,0
4738,0
4739,0
4740,4
4741,0
4742,4
4743,0
4744,4
4745,0
4746,0
4747,0
4748,0
4749,3
4750,0
4751,0
4752,4
4753,1
4754,0
4755,1
4756,0
4757,2
4758,0
4759,1
4760,5
4761,0
4762,3
4763,3
4764,0
4765,4
4766,1
4767,4
4768,0
4769,1
4770,1
4771,2
4772,4
4773,0
4774,4
4775,2
4776,0
4777,2
4778,0
4779,0
4780,0
4781,0
4782,0
4783,2
4784,0
4785,0
4786,0
4787,3
4788,0
4789,1
4790,0
4791,0
4792,0
4793,4
4794,1
4795,6
4796,4
4797,1
4798,1
4799,1
4800,4
4801,3
4802,1
4803,0
4804,0
4805,1
4806,1
4807,0
4808,5
4809,5
4810,0
4811,5
4812,0
4813,1
4814,2
4815,0
4816,0
4817,4
4818,1
4819,1
4820,1
4821,0
4822,0
4823,6
4824,0
4825,3
4826,0
4827,1
4828,1
4829,4
4830,0
4831,4
4832,5
4833,3
4834,0
4835,1
4836,2
4837,1
4838,4
4839,0
4840,2
4841,2
4842,2
4843,1
4844,1
4845,0
4846,1
4847,0
4848,3
4849,4
4850,0
4851,1
4852,1
4853,1
4854,0
4855,6
4856,1
4857,0
4858,1
4859,1
4860,1
4861,1
4862,0
4863,3
4864,4
4865,1
4866,1
4867,0
4868,2
4869,4
4870,0
4871,1
4872,0
4873,4
4874,0
4875,0
4876,1
4877,4
4878,5
4879,2
4880,1
4881,1
4882,2
4883,0
4884,0
4885,1
4886,0
4887,1
4888,5
4889,0
4890,1
4891,0
4892,1
4893,1
4894,4
4895,4
4896,1
4897,1
4898,0
4899,6
4900,0
4901,4
4902,1
4903,5
4904,4
4905,2
4906,0
4907,2
4908,2
4909,0
4910,1
4911,4
4912,1
4913,1
4914,0
4915,0
4916,0
4917,1
4918,4
4919,1
4920,1
4921,0
4922,1
4923,2
4924,3
4925,6
4926,1
4927,5
4928,2
4929,2
4930,1
4931,4
4932,1
4933,1
4934,4
4935,0
4936,0
4937,1
4938,0
4939,6
4940,0
4941,2
4942,0
4943,2
4944,0
4945,5
4946,0
4947,0
4948,1
4949,3
4950,1
4951,0
4952,0
4953,5
4954,5
4955,0
4956,6
4957,0
4958,1
4959,2
4960,3
4961,0
4962,2
4963,4
4964,6
4965,4
4966,2
4967,6
4968,0
4969,1
4970,0
4971,1
4972,0
4973,1
4974,1
4975,1
4976,4
4977,1
4978,1
4979,1
4980,0
4981,1
4982,1
4983,6
4984,0
4985,2
4986,6
4987,1
4988,5
4989,4
4990,2
4991,0
4992,0
4993,0
4994,0
4995,0
4996,1
4997,3
4998,4
4999,0
5000,2
5001,1
5002,0
5003,1
5004,1
5005,1
5006,1
5007,4
5008,0
5009,4
5010,6
5011,2
5012,2
5013,1
5014,0
5015,1
5016,2
5017,4
5018,2
5019,0
5020,1
5021,0
5022,1
5023,2
5024,4
5025,1
5026,1
5027,0
5028,1
5029,4
5030,1
5031,1
5032,4
5033,5
5034,1
5035,3
5036,1
5037,3
5038,3
5039,1
5040,6
5041,3
5042,3
5043,3
5044,0
5045,3
5046,0
5047,3
5048,1
5049,0
5050,3
5051,3
5052,4
5053,1
5054,1
5055,3
5056,3
5057,3
5058,0
5059,3
5060,2
5061,3
5062,4
5063,3
5064,3
5065,1
5066,3
5067,3
5068,2
5069,1
5070,3
5071,1
5072,1
5073,3
5074,3
5075,3
5076,3
5077,0
5078,1
5079,0
5080,3
5081,1
5082,1
5083,3
5084,3
5085,3
5086,3
5087,3
5088,1
5089,1
5090,3
5091,4
5092,1
5093,2
5094,3
5095,3
5096,3
5097,1
5098,3
5099,3
5100,3
5101,1
5102,0
5103,3
5104,1
5105,3
5106,4
5107,2
5108,1
5109,0
5110,1
5111,3
5112,0
5113,0
5114,4
5115,3
5116,3
5117,3
5118,3
5119,3
5120,1
5121,3
5122,3
5123,3
5124,1
5125,4
5126,3
5127,3
5128,2
5129,3
5130,3
5131,1
5132,2
5133,3
5134,1
5135,3
5136,3
5137,3
5138,3
5139,3
5140,1
5141,3
5142,3
5143,1
5144,3
5145,0
5146,4
5147,3
5148,1
5149,3
5150,1
5151,1
5152,3
5153,0
5154,3
5155,3
5156,3
5157,1
5158,3
5159,3
5160,3
5161,4
5162,1
5163,3
5164,0
5165,3
5166,1
5167,3
5168,1
5169,1
5170,0
5171,4
5172,1
5173,1
5174,3
5175,1
5176,1
5177,1
5178,3
5179,0
5180,3
5181,3
5182,1
5183,4
5184,0
5185,3
5186,0
5187,3
5188,3
5189,1
5190,3
5191,0
5192,1
5193,3
5194,2
5195,4
5196,1
5197,3
5198,1
5199,3
5200,3
5201,2
5202,1
5203,1
5204,3
5205,3
5206,0
5207,3
5208,1
5209,1
5210,3
5211,0
5212,0
5213,1
5214,0
5215,2
5216,1
5217,4
5218,1
5219,1
5220,3
5221,1
5222,0
5223,0
5224,2
5225,3
5226,3
5227,1
5228,3
5229,3
5230,1
5231,0
5232,3
5233,3
5234,3
5235,3
5236,3
5237,3
5238,3
5239,0
5240,3
5241,3
5242,1
5243,3
5244,0
5245,3
5246,3
5247,1
5248,1
5249,3
5250,0
5251,3
5252,3
5253,3
5254,0
5255,1
5256,3
5257,2
5258,1
5259,3
5260,1
5261,2
5262,1
5263,2
5264,0
5265,0
5266,0
5267,2
5268,4
5269,1
5270,4
5271,4
5272,0
5273,0
5274,1
5275,3
5276,1
5277,0
5278,0
5279,1
5280,1
5281,0
5282,0
5283,4
5284,0
5285,1
5286,0
5287,1
5288,1
5289,4
5290,0
5291,1
5292,0
5293,1
5294,6
5295,3
5296,4
5297,2
5298,2
5299,1
5300,4
5301,3
5302,1
5303,5
5304,2
5305,4
5306,2
5307,4
5308,1
5309,0
5310,0
5311,5
5312,6
5313,0
5314,1
5315,0
5316,6
5317,4
5318,0
5319,2
5320,5
5321,0
5322,1
5323,2
5324,3
5325,1
5326,4
5327,1
5328,3
5329,0
5330,4
5331,3
5332,1
5333,4
5334,1
5335,0
5336,1
5337,1
5338,3
5339,2
5340,1
5341,0
5342,0
5343,1
5344,5
5345,0
5346,0
5347,3
5348,0
5349,2
5350,1
5351,0
5352,1
5353,5
5354,0
5355,1
5356,1
5357,4
5358,0
5359,1
5360,4
5361,3
5362,0
5363,0
5364,2
5365,4
5366,0
5367,3
5368,0
5369,2
5370,2
5371,1
5372,2
5373,1
5374,1
5375,4
5376,0
5377,4
5378,2
5379,0
5380,3
5381,1
5382,2
5383,0
5384,0
5385,3
5386,1
5387,2
5388,1
5389,3
5390,1
5391,4
5392,1
5393,1
5394,0
5395,2
5396,3
5397,0
5398,0
5399,1
5400,0
5401,1
5402,4
5403,0
5404,2
5405,2
5406,1
5407,5
5408,0
5409,0
5410,3
5411,2
5412,1
5413,6
5414,5
5415,0
5416,0
5417,3
5418,0
5419,1
5420,3
5421,3
5422,0
5423,1
5424,3
5425,0
5426,3
5427,2
5428,1
5429,0
5430,2
5431,1
5432,4
5433,3
5434,0
5435,3
5436,1
5437,0
5438,0
5439,1
5440,0
5441,2
5442,5
5443,1
5444,4
5445,1
5446,5
5447,3
5448,3
5449,1
5450,0
5451,0
5452,3
5453,3
5454,0
5455,3
5456,4
5457,3
5458,5
5459,3
5460,0
5461,1
5462,0
5463,4
5464,5
5465,1
5466,1
5467,0
5468,1
5469,1
5470,3
5471,2
5472,0
5473,0
5474,2
5475,1
5476,0
5477,0
5478,3
5479,3
5480,1
5481,3
5482,2
5483,1
5484,0
5485,1
5486,3
5487,1
5488,0
5489,1
5490,4
5491,0
5492,1
5493,3
5494,3
5495,6
5496,0
5497,4
5498,2
5499,2
5500,0
5501,1
5502,2
5503,1
5504,2
5505,2
5506,0
5507,2
5508,2
5509,2
5510,0
5511,1
5512,2
5513,0
5514,0
5515,1
5516,2
5517,0
5518,2
5519,3
5520,0
5521,2
5522,3
5523,0
5524,0
5525,0
5526,3
5527,2
5528,0
5529,2
5530,4
5531,6
5532,0
5533,1
5534,1
5535,0
5536,1
5537,1
5538,1
5539,1
5540,1
5541,4
5542,3
5543,1
5544,1
5545,4
5546,1
5547,2
5548,3
5549,1
5550,2
5551,0
5552,1
5553,2
5554,2
5555,0
5556,4
5557,2
5558,1
5559,4
5560,1
5561,1
5562,1
5563,1
5564,3
5565,0
5566,6
5567,0
5568,1
5569,2
5570,2
5571,1
5572,1
5573,1
5574,4
5575,3
5576,3
5577,0
5578,4
5579,5
5580,3
5581,0
5582,3
5583,4
5584,1
5585,0
5586,1
5587,2
5588,1
5589,0
5590,2
5591,3
5592,0
5593,2
5594,3
5595,3
5596,4
5597,0
5598,2
5599,0
5600,0
5601,1
5602,0
5603,0
5604,1
5605,1
5606,3
5607,0
5608,3
5609,3
5610,4
5611,3
5612,2
5613,2
5614,2
5615,0
5616,0
5617,3
5618,2
5619,2
5620,1
5621,3
5622,1
5623,0
5624,2
5625,3
5626,0
5627,1
5628,1
5629,1
5630,4
5631,1
5632,4
5633,2
5634,4
5635,2
5636,2
5637,0
5638,4
5639,1
5640,2
5641,0
5642,1
5643,3
5644,3
5645,0
5646,0
5647,1
5648,1
5649,1
5650,2
5651,3
5652,1
5653,0
5654,4
5655,3
5656,3
5657,3
5658,0
5659,2
5660,4
5661,3
5662,0
5663,1
5664,0
5665,2
5666,3
5667,4
5668,0
5669,2
5670,4
5671,2
5672,3
5673,4
5674,1
5675,6
5676,0
5677,2
5678,0
5679,1
5680,0
5681,0
5682,0
5683,1
5684,0
5685,2
5686,4
5687,0
5688,3
5689,2
5690,1
5691,2
5692,4
5693,0
5694,4
5695,1
5696,0
5697,1
5698,2
5699,0
5700,0
5701,0
5702,2
5703,0
5704,1
5705,2
5706,2
5707,2
5708,2
5709,1
5710,1
5711,3
5712,2
5713,6
5714,4
5715,4
5716,1
5717,1
5718,4
5719,1
5720,1
5721,4
5722,1
5723,0
5724,2
5725,0
5726,1
5727,2
5728,2
5729,2
5730,1
5731,0
5732,2
5733,2
5734,0
5735,0
5736,1
5737,1
5738,5
5739,1
5740,0
5741,0
5742,1
5743,0
5744,3
5745,1
5746,0
5747,5
5748,0
5749,2
5750,0
5751,2
5752,6
5753,2
5754,0
5755,4
5756,1
5757,0
5758,2
5759,0
5760,1
5761,0
5762,4
5763,2
5764,3
5765,2
5766,4
5767,4
5768,2
5769,2
5770,1
5771,1
5772,6
5773,1
5774,0
5775,3
5776,0
5777,6
5778,4
5779,4
5780,1
5781,3
5782,1
5783,0
5784,0
5785,0
5786,0
5787,2
5788,1
5789,0
5790,0
5791,1
5792,2
5793,4
5794,3
5795,1
5796,3
5797,1
5798,0
5799,1
5800,1
5801,2
5802,1
5803,4
5804,4
5805,4
5806,2
5807,2
5808,2
5809,2
5810,2
5811,0
5812,1
5813,1
5814,1
5815,3
5816,0
5817,1
5818,1
5819,5
5820,1
5821,3
5822,6
5823,1
5824,1
5825,3
5826,0
5827,3
5828,2
5829,0
5830,2
5831,1
5832,2
5833,1
5834,2
5835,4
5836,2
5837,4
5838,1
5839,0
5840,1
5841,4
5842,6
5843,3
5844,2
5845,2
5846,1
5847,3
5848,2
5849,0
5850,3
5851,1
5852,1
5853,0
5854,1
5855,2
5856,4
5857,2
5858,1
5859,5
5860,3
5861,1
5862,1
5863,3
5864,0
5865,1
5866,2
5867,0
5868,1
5869,1
5870,2
5871,4
5872,0
5873,3
5874,3
5875,3
5876,4
5877,2
5878,1
5879,4
5880,3
5881,2
5882,0
5883,2
5884,4
5885,1
5886,1
5887,0
5888,0
5889,1
5890,2
5891,0
5892,4
5893,1
5894,0
5895,2
5896,2
5897,1
5898,3
5899,4
5900,0
5901,0
5902,2
5903,4
5904,2
5905,0
5906,0
5907,0
5908,2
5909,5
5910,0
5911,2
5912,4
5913,4
5914,1
5915,2
5916,0
5917,1
5918,4
5919,4
5920,2
5921,6
5922,2
5923,0
5924,2
5925,2
5926,0
5927,0
5928,3
5929,1
5930,4
5931,2
5932,1
5933,3
5934,1
5935,0
5936,1
5937,0
5938,1
5939,0
5940,2
5941,1
5942,3
5943,1
5944,1
5945,1
5946,1
5947,3
5948,0
5949,1
5950,2
5951,0
5952,1
5953,1
5954,1
5955,2
5956,1
5957,2
5958,3
5959,4
5960,3
5961,1
5962,0
5963,1
5964,0
5965,1
5966,2
5967,0
5968,1
5969,1
5970,1
5971,3
5972,0
5973,2
5974,2
5975,2
5976,3
5977,1
5978,3
5979,4
5980,2
5981,3
5982,1
5983,0
5984,1
5985,1
5986,2
5987,2
5988,0
5989,4
5990,2
5991,0
5992,0
5993,4
5994,1
5995,4
5996,0
5997,4
5998,0
5999,0
6000,1
6001,1
6002,3
6003,2
6004,4
6005,2
6006,0
6007,3
6008,4
6009,1
6010,4
6011,2
6012,0
6013,3
6014,2
6015,5
6016,3
6017,0
6018,1
6019,0
6020,2
6021,3
6022,0
6023,1
6024,0
6025,0
6026,0
6027,0
6028,2
6029,2
6030,1
6031,2
6032,0
6033,0
6034,1
6035,3
6036,3
6037,0
6038,5
6039,5
6040,3
6041,5
6042,2
6043,1
6044,1
6045,0
6046,3
6047,1
6048,3
6049,4
6050,0
6051,2
6052,1
6053,2
6054,4
6055,2
6056,1
6057,5
6058,3
6059,4
6060,1
6061,5
6062,4
6063,2
6064,4
6065,0
6066,1
6067,5
6068,1
6069,1
6070,2
6071,1
6072,1
6073,3
6074,0
6075,1
6076,2
6077,0
6078,0
6079,4
6080,0
6081,1
6082,2
6083,2
6084,0
6085,1
6086,4
6087,0
6088,4
6089,0
6090,4
6091,4
6092,3
6093,4
6094,2
6095,0
6096,1
6097,0
6098,5
6099,0
6100,3
6101,1
6102,0
6103,2
6104,2
6105,1
6106,3
6107,1
6108,0
6109,0
6110,4
6111,0
6112,0
6113,3
6114,0
6115,1
6116,3
6117,1
6118,5
6119,2
6120,3
6121,0
6122,2
6123,2
6124,1
6125,1
6126,2
6127,0
6128,1
6129,1
6130,0
6131,4
6132,1
6133,4
6134,1
6135,4
6136,0
6137,4
6138,0
6139,2
6140,3
6141,1
6142,1
6143,3
6144,1
6145,3
6146,4
6147,3
6148,4
6149,0
6150,0
6151,4
6152,3
6153,2
6154,0
6155,1
6156,3
6157,1
6158,0
6159,0
6160,6
6161,2
6162,1
6163,0
6164,3
6165,2
6166,3
6167,0
6168,3
6169,0
6170,1
6171,0
6172,1
6173,1
6174,3
6175,1
6176,3
6177,2
6178,0
6179,1
6180,0
6181,4
6182,2
6183,2
6184,1
6185,0
6186,0
6187,1
6188,0
6189,0
6190,2
6191,1
6192,2
6193,1
6194,1
6195,4
6196,0
6197,0
6198,0
6199,0
6200,0
6201,1
6202,1
6203,3
6204,4
6205,5
6206,6
6207,1
6208,0
6209,0
6210,2
6211,2
6212,0
6213,0
6214,0
6215,5
6216,2
6217,0
6218,1
6219,3
6220,4
6221,1
6222,4
6223,2
6224,0
6225,1
6226,0
6227,0
6228,3
6229,0
6230,2
6231,1
6232,2
6233,1
6234,2
6235,2
6236,3
6237,0
6238,1
6239,3
6240,2
6241,1
6242,2
6243,0
6244,0
6245,3
6246,2
6247,2
6248,4
6249,3
6250,3
6251,0
6252,2
6253,6
6254,0
6255,2
6256,4
6257,1
6258,0
6259,2
6260,4
6261,2
6262,1
6263,3
6264,4
6265,1
6266,3
6267,2
6268,0
6269,3
6270,1
6271,4
6272,2
6273,3
6274,4
6275,1
6276,1
6277,3
6278,0
6279,0
6280,3
6281,5
6282,3
6283,2
6284,5
6285,0
6286,5
6287,2
6288,4
6289,1
6290,0
6291,4
6292,1
6293,3
6294,2
6295,0
6296,5
6297,0
6298,1
6299,1
6300,2
6301,1
6302,0
6303,0
6304,1
6305,2
6306,5
6307,0
6308,0
6309,1
6310,3
6311,1
6312,1
6313,2
6314,5
6315,5
6316,2
6317,0
6318,0
6319,1
6320,0
6321,0
6322,1
6323,4
6324,0
6325,0
6326,4
6327,3
6328,5
6329,1
6330,0
6331,1
6332,4
6333,0
6334,0
6335,1
6336,1
6337,1
6338,3
6339,4
6340,1
6341,4
6342,0
6343,0
6344,0
6345,0
6346,2
6347,0
6348,0
6349,1
6350,2
6351,0
6352,0
6353,0
6354,3
6355,0
6356,1
6357,3
6358,0
6359,1
6360,1
6361,0
6362,4
6363,3
6364,1
6365,0
6366,0
6367,1
6368,1
6369,4
6370,0
6371,2
6372,3
6373,0
6374,4
6375,1
6376,1
6377,1
6378,0
6379,2
6380,2
6381,0
6382,1
6383,0
6384,2
6385,2
6386,4
6387,0
6388,0
6389,0
6390,1
6391,1
6392,4
6393,2
6394,0
6395,4
6396,1
6397,3
6398,0
6399,1
6400,1
6401,2
6402,3
6403,1
6404,1
6405,0
6406,0
6407,4
6408,0
6409,1
6410,1
6411,1
6412,4
6413,1
6414,0
6415,2
6416,1
6417,2
6418,0
6419,4
6420,2
6421,2
6422,3
6423,3
6424,1
6425,2
6426,2
6427,5
6428,0
6429,2
6430,2
6431,0
6432,0
6433,3
6434,0
6435,4
6436,2
6437,1
6438,1
6439,1
6440,2
6441,0
6442,1
6443,2
6444,2
6445,2
6446,0
6447,1
6448,1
6449,4
6450,0
6451,4
6452,1
6453,1
6454,2
6455,1
6456,4
6457,0
6458,0
6459,1
6460,0
6461,2
6462,0
6463,3
6464,3
6465,1
6466,1
6467,3
6468,0
6469,6
6470,0
6471,3
6472,0
6473,2
6474,1
6475,4
6476,3
6477,0
6478,0
6479,1
6480,1
6481,2
6482,2
6483,4
6484,1
6485,0
6486,2
6487,1
6488,2
6489,1
6490,0
6491,2
6492,3
6493,2
6494,0
6495,1
6496,3
6497,2
6498,2
6499,0
6500,0
6501,1
6502,0
6503,0
6504,3
6505,2
6506,4
6507,4
6508,4
6509,0
6510,1
6511,3
6512,0
6513,0
6514,2
6515,1
6516,1
6517,0
6518,4
6519,0
6520,1
6521,2
6522,1
6523,1
6524,2
6525,1
6526,6
6527,4
6528,4
6529,3
6530,0
6531,1
6532,0
6533,0
6534,4
6535,0
6536,0
6537,0
6538,1
6539,5
6540,1
6541,0
6542,3
6543,1
6544,2
6545,1
6546,2
6547,3
6548,1
6549,1
6550,2
6551,3
6552,1
6553,1
6554,1
6555,3
6556,2
6557,3
6558,0
6559,1
6560,1
6561,3
6562,4
6563,1
6564,0
6565,0
6566,1
6567,4
6568,0
6569,4
6570,1
6571,0
6572,2
6573,0
6574,0
6575,4
6576,4
6577,4
6578,0
6579,0
6580,0
6581,1
6582,3
6583,2
6584,1
6585,1
6586,1
6587,2
6588,0
6589,3
6590,2
6591,4
6592,2
6593,1
6594,1
6595,1
6596,1
6597,0
6598,2
6599,1
6600,0
6601,4
6602,1
6603,1
6604,1
6605,4
6606,1
6607,1
6608,4
6609,3
6610,1
6611,4
6612,0
6613,0
6614,0
6615,2
6616,4
6617,6
6618,0
6619,0
6620,1
6621,2
6622,2
6623,1
6624,4
6625,2
6626,0
6627,0
6628,1
6629,4
6630,1
6631,1
6632,1
6633,1
6634,1
6635,5
6636,3
6637,0
6638,2
6639,2
6640,1
6641,0
6642,1
6643,2
6644,4
6645,1
6646,3
6647,0
6648,2
6649,0
6650,4
6651,4
6652,2
6653,3
6654,1
6655,1
6656,2
6657,2
6658,3
6659,0
6660,0
6661,2
6662,3
6663,1
6664,2
6665,6
6666,1
6667,2
6668,0
6669,3
6670,3
6671,1
6672,0
6673,0
6674,0
6675,1
6676,4
6677,4
6678,3
6679,1
6680,4
6681,2
6682,0
6683,2
6684,0
6685,0
6686,1
6687,1
6688,4
6689,1
6690,3
6691,0
6692,1
6693,1
6694,0
6695,4
6696,4
6697,3
6698,4
6699,3
6700,1
6701,6
6702,4
6703,1
6704,0
6705,0
6706,4
6707,2
6708,3
6709,2
6710,1
6711,0
6712,1
6713,2
6714,1
6715,2
6716,2
6717,2
6718,1
6719,1
6720,0
6721,3
6722,4
6723,4
6724,3
6725,0
6726,2
6727,1
6728,5
6729,3
6730,1
6731,2
6732,0
6733,3
6734,1
6735,3
6736,0
6737,1
6738,4
6739,0
6740,0
6741,2
6742,2
6743,6
6744,3
6745,4
6746,2
6747,0
6748,1
6749,0
6750,0
6751,1
6752,1
6753,0
6754,1
6755,3
6756,4
6757,6
6758,3
6759,2
6760,2
6761,1
6762,2
6763,2
6764,2
6765,2
6766,3
6767,1
6768,0
6769,6
6770,3
6771,1
6772,0
6773,0
6774,1
6775,0
6776,0
6777,0
6778,0
6779,0
6780,0
6781,1
6782,3
6783,1
6784,1
6785,0
6786,0
6787,0
6788,4
6789,1
6790,0
6791,2
6792,0
6793,1
6794,2
6795,2
6796,1
6797,2
6798,3
6799,3
6800,2
6801,2
6802,0
6803,1
6804,0
6805,2
6806,4
6807,0
6808,0
6809,2
6810,6
6811,0
6812,5
6813,0
6814,1
6815,1
6816,2
6817,1
6818,1
6819,2
6820,0
6821,3
6822,0
6823,0
6824,1
6825,0
6826,0
6827,2
6828,1
6829,4
6830,0
6831,0
6832,1
6833,0
6834,3
6835,2
6836,2
6837,1
6838,1
6839,4
6840,3
6841,1
6842,1
6843,2
6844,3
6845,3
6846,0
6847,2
6848,4
6849,2
6850,2
6851,3
6852,4
6853,2
6854,3
6855,3
6856,4
6857,0
6858,0
6859,2
6860,1
6861,0
6862,3
6863,0
6864,4
6865,2
6866,0
6867,4
6868,0
6869,1
6870,4
6871,3
6872,3
6873,0
6874,0
6875,1
6876,3
6877,0
6878,6
6879,3
6880,2
6881,0
6882,1
6883,1
6884,1
6885,0
6886,3
6887,0
6888,2
6889,2
6890,4
6891,6
6892,1
6893,4
6894,0
6895,1
6896,1
6897,3
6898,4
6899,0
6900,1
6901,1
6902,4
6903,1
6904,0
6905,0
6906,0
6907,1
6908,1
6909,2
6910,0
6911,4
6912,0
6913,1
6914,0
6915,0
6916,0
6917,3
6918,0
6919,1
6920,1
6921,0
6922,1
6923,0
6924,4
6925,0
6926,4
6927,6
6928,1
6929,3
6930,2
6931,0
6932,2
6933,1
6934,0
6935,2
6936,3
6937,0
6938,3
6939,3
6940,0
6941,2
6942,1
6943,6
6944,5
6945,4
6946,1
6947,4
6948,0
6949,1
6950,0
6951,2
6952,3
6953,0
6954,1
6955,0
6956,0
6957,4
6958,5
6959,3
6960,3
6961,3
6962,0
6963,5
6964,0
6965,1
6966,3
6967,3
6968,1
6969,1
6970,6
6971,1
6972,0
6973,3
6974,4
6975,4
6976,1
6977,0
6978,1
6979,2
6980,3
6981,3
6982,1
6983,0
6984,2
6985,1
6986,0
6987,3
6988,3
6989,0
6990,2
6991,0
6992,1
6993,4
6994,6
6995,0
6996,1
6997,0
6998,3
6999,2
7000,2
7001,4
7002,1
7003,1
7004,1
7005,0
7006,3
7007,0
7008,0
7009,3
7010,1
7011,4
7012,1
7013,3
7014,3
7015,0
7016,0
7017,1
7018,1
7019,2
7020,2
7021,4
7022,2
7023,6
7024,3
7025,0
7026,0
7027,2
7028,1
7029,2
7030,0
7031,2
7032,0
7033,4
7034,1
7035,1
7036,1
7037,5
7038,0
7039,3
7040,3
7041,0
7042,5
7043,1
7044,3
7045,1
7046,1
7047,3
7048,1
7049,2
7050,2
7051,0
7052,0
7053,2
7054,1
7055,1
7056,0
7057,1
7058,0
7059,4
7060,0
7061,1
7062,6
7063,3
7064,3
7065,4
7066,0
7067,0
7068,5
7069,2
7070,0
7071,4
7072,2
7073,4
7074,4
7075,1
7076,2
7077,0
7078,3
7079,2
7080,1
7081,2
7082,1
7083,0
7084,3
7085,1
7086,3
7087,1
7088,1
7089,1
7090,0
7091,1
7092,2
7093,4
7094,0
7095,2
7096,0
7097,0
7098,2
7099,0
7100,3
7101,1
7102,1
7103,2
7104,0
7105,1
7106,2
7107,4
7108,4
7109,4
7110,1
7111,1
7112,0
7113,4
7114,1
7115,4
7116,3
7117,0
7118,0
7119,1
7120,2
7121,2
7122,0
7123,4
7124,1
7125,1
7126,2
7127,3
7128,0
7129,2
7130,2
7131,4
7132,5
7133,0
7134,3
7135,0
7136,3
7137,0
7138,3
7139,4
7140,4
7141,0
7142,2
7143,0
7144,4
7145,2
7146,0
7147,1
7148,0
7149,3
7150,1
7151,2
7152,4
7153,4
7154,0
7155,3
7156,2
7157,2
7158,4
7159,4
7160,5
7161,0
7162,0
7163,2
7164,5
7165,2
7166,0
7167,0
7168,2
7169,3
7170,2
7171,1
7172,3
7173,0
7174,2
7175,2
7176,4
7177,2
7178,0
7179,3
7180,2
7181,3
7182,0
7183,0
7184,0
7185,0
7186,6
7187,1
7188,0
7189,4
7190,2
7191,4
7192,0
7193,4
7194,4
7195,0
7196,2
7197,2
7198,5
7199,2
7200,0
7201,0
7202,2
7203,0
7204,2
7205,0
7206,1
7207,3
7208,0
7209,0
7210,4
7211,0
7212,1
7213,1
7214,1
7215,2
7216,1
7217,2
7218,2
7219,0
7220,4
7221,2
7222,3
7223,0
7224,2
7225,1
7226,1
7227,1
7228,0
7229,0
7230,3
7231,1
7232,3
7233,4
7234,2
7235,2
7236,3
7237,3
7238,0
7239,0
7240,0
7241,1
7242,0
7243,3
7244,3
7245,1
7246,4
7247,0
7248,2
7249,1
7250,3
7251,3
7252,0
7253,2
7254,1
7255,0
7256,2
7257,1
7258,0
7259,0
7260,2
7261,3
7262,2
7263,0
7264,0
7265,1
7266,0
7267,0
7268,3
7269,2
7270,2
7271,0
7272,3
7273,1
7274,2
7275,2
7276,0
7277,2
7278,3
7279,0
7280,0
7281,1
7282,2
7283,3
7284,1
7285,3
7286,0
7287,3
7288,4
7289,1
7290,0
7291,3
7292,1
7293,0
7294,4
7295,1
7296,0
7297,0
7298,0
7299,0
7300,1
7301,0
7302,1
7303,0
7304,4
7305,1
7306,0
7307,3
7308,2
7309,1
7310,1
7311,0
7312,1
7313,0
7314,2
7315,0
7316,1
7317,2
7318,3
7319,3
7320,4
7321,1
7322,1
7323,0
7324,2
7325,3
7326,2
7327,0
7328,2
7329,0
7330,3
7331,1
7332,2
7333,4
7334,6
7335,3
7336,1
7337,0
7338,3
7339,0
7340,1
7341,2
7342,0
7343,1
7344,2
7345,5
7346,2
7347,1
7348,1
7349,1
7350,2
7351,1
7352,0
7353,0
7354,3
7355,1
7356,0
7357,1
7358,3
7359,4
7360,0
7361,1
7362,0
7363,3
7364,3
7365,0
7366,1
7367,1
7368,1
7369,1
7370,3
7371,0
7372,0
7373,4
7374,2
7375,0
7376,4
7377,1
7378,4
7379,1
7380,1
7381,4
7382,0
7383,0
7384,2
7385,2
7386,0
7387,2
7388,0
7389,3
7390,5
7391,0
7392,1
7393,0
7394,0
7395,3
7396,1
7397,3
7398,6
7399,0
7400,0
7401,0
7402,2
7403,4
7404,1
7405,0
7406,3
7407,3
7408,1
7409,2
7410,1
7411,0
7412,1
7413,1
7414,1
7415,0
7416,2
7417,0
7418,3
7419,1
7420,6
7421,0
7422,1
7423,3
7424,4
7425,0
7426,1
7427,0
7428,0
7429,1
7430,5
7431,1
7432,4
7433,3
7434,1
7435,2
7436,0
7437,3
7438,0
7439,1
7440,0
7441,5
7442,0
7443,1
7444,1
7445,2
7446,0
7447,5
7448,4
7449,4
7450,0
7451,1
7452,6
7453,1
7454,2
7455,4
7456,4
7457,0
7458,2
7459,1
7460,0
7461,0
7462,0
7463,1
7464,0
7465,3
7466,4
7467,1
7468,1
7469,1
7470,0
7471,1
7472,0
7473,0
7474,6
7475,4
7476,1
7477,0
7478,4
7479,0
7480,0
7481,2
7482,3
7483,3
7484,4
7485,3
7486,0
7487,2
7488,0
7489,3
7490,0
7491,2
7492,3
7493,0
7494,4
7495,0
7496,1
7497,6
7498,1
7499,0
7500,1
7501,2
7502,2
7503,1
7504,4
7505,0
7506,5
7507,1
7508,0
7509,6
7510,3
7511,0
7512,3
7513,1
7514,1
7515,4
7516,3
7517,2
7518,4
7519,1
7520,0
7521,3
7522,3
7523,2
7524,2
7525,1
7526,3
7527,2
7528,3
7529,2
7530,0
7531,4
7532,2
7533,4
7534,0
7535,1
7536,1
7537,3
7538,0
7539,3
7540,2
7541,3
7542,2
7543,1
7544,3
7545,0
7546,3
7547,0
7548,2
7549,2
7550,4
7551,1
7552,1
7553,2
7554,1
7555,2
7556,0
7557,1
7558,2
7559,1
7560,0
7561,1
7562,1
7563,2
7564,2
7565,1
7566,4
7567,4
7568,2
7569,2
7570,0
7571,0
7572,0
7573,0
7574,0
7575,4
7576,2
7577,1
7578,4
7579,3
7580,3
7581,4
7582,1
7583,2
7584,5
7585,2
7586,0
7587,1
7588,4
7589,4
7590,1
7591,2
7592,2
7593,0
7594,2
7595,1
7596,0
7597,2
7598,4
7599,1
7600,3
7601,1
7602,2
7603,5
7604,2
7605,0
7606,5
7607,3
7608,0
7609,0
7610,0
7611,0
7612,6
7613,0
7614,1
7615,3
7616,0
7617,1
7618,1
7619,2
7620,1
7621,2
7622,2
7623,2
7624,1
7625,1
7626,3
7627,2
7628,1
7629,0
7630,3
7631,4
7632,1
7633,4
7634,3
7635,2
7636,0
7637,0
7638,4
7639,0
7640,0
7641,0
7642,0
7643,1
7644,0
7645,4
7646,2
7647,1
7648,2
7649,2
7650,0
7651,0
7652,1
7653,1
7654,2
7655,1
7656,3
7657,1
7658,4
7659,2
7660,1
7661,2
7662,3
7663,2
7664,1
7665,1
7666,0
7667,4
7668,2
7669,3
7670,3
7671,0
7672,2
7673,3
7674,3
7675,2
7676,0
7677,3
7678,0
7679,1
7680,0
7681,0
7682,1
7683,0
7684,0
7685,0
7686,6
7687,3
7688,4
7689,3
7690,0
7691,2
7692,0
7693,1
7694,2
7695,1
7696,1
7697,1
7698,1
7699,3
7700,2
7701,2
7702,1
7703,2
7704,1
7705,0
7706,1
7707,2
7708,2
7709,3
7710,6
7711,1
7712,1
7713,2
7714,0
7715,1
7716,0
7717,2
7718,0
7719,0
7720,5
7721,1
7722,0
7723,4
7724,0
7725,1
7726,4
7727,2
7728,3
7729,2
7730,2
7731,5
7732,1
7733,1
7734,3
7735,3
7736,0
7737,0
7738,2
7739,2
7740,1
7741,0
7742,0
7743,3
7744,3
7745,1
7746,0
7747,1
7748,1
7749,2
7750,4
7751,2
7752,3
7753,4
7754,4
7755,0
7756,1
7757,1
7758,2
7759,2
7760,4
7761,1
7762,5
7763,4
7764,3
7765,1
7766,0
7767,2
7768,3
7769,4
7770,4
7771,1
7772,1
7773,1
7774,4
7775,0
7776,0
7777,0
7778,2
7779,2
7780,0
7781,1
7782,0
7783,3
7784,4
7785,3
7786,0
7787,3
7788,0
7789,2
7790,4
7791,3
7792,4
7793,2
7794,4
7795,1
7796,2
7797,2
7798,2
7799,1
7800,0
7801,0
7802,6
7803,6
7804,0
7805,1
7806,0
7807,2
7808,1
7809,1
7810,1
7811,0
7812,1
7813,1
7814,0
7815,1
7816,0
7817,2
7818,2
7819,1
7820,1
7821,1
7822,1
7823,4
7824,0
7825,1
7826,1
7827,0
7828,1
7829,0
7830,3
7831,1
7832,0
7833,4
7834,2
7835,0
7836,2
7837,0
7838,0
7839,2
7840,0
7841,4
7842,1
7843,1
7844,1
7845,1
7846,0
7847,2
7848,1
7849,1
7850,5
7851,2
7852,3
7853,1
7854,2
7855,2
7856,0
7857,0
7858,0
7859,4
7860,1
7861,1
7862,0
7863,0
7864,1
7865,3
7866,2
7867,1
7868,4
7869,3
7870,3
7871,0
7872,1
7873,4
7874,2
7875,1
7876,1
7877,0
7878,1
7879,2
7880,2
7881,1
7882,1
7883,2
7884,4
7885,1
7886,0
7887,0
7888,0
7889,4
7890,0
7891,0
7892,2
7893,3
7894,2
7895,0
7896,0
7897,2
7898,2
7899,4
7900,2
7901,1
7902,1
7903,1
7904,2
7905,2
7906,2
7907,0
7908,1
7909,2
7910,2
7911,3
7912,1
7913,0
7914,4
7915,4
7916,2
7917,1
7918,3
7919,1
7920,0
7921,4
7922,0
7923,5
7924,0
7925,5
7926,4
7927,0
7928,0
7929,4
7930,5
7931,0
7932,1
7933,3
7934,2
7935,3
7936,2
7937,0
7938,4
7939,0
7940,6
7941,1
7942,4
7943,0
7944,0
7945,2
7946,0
7947,0
7948,6
7949,2
7950,2
7951,0
7952,1
7953,2
7954,2
7955,1
7956,4
7957,4
7958,6
7959,2
7960,2
7961,2
7962,4
7963,0
7964,0
7965,1
7966,4
7967,1
7968,1
7969,4
7970,1
7971,0
7972,2
7973,1
7974,0
7975,0
7976,1
7977,2
7978,2
7979,2
7980,0
7981,3
7982,3
7983,0
7984,2
7985,1
7986,0
7987,4
7988,0
7989,6
7990,0
7991,2
7992,4
7993,0
7994,3
7995,1
7996,4
7997,4
7998,0
7999,2
8000,1
8001,2
8002,2
8003,1
8004,3
8005,0
8006,1
8007,1
8008,1
8009,1
8010,0
8011,1
8012,3
8013,1
8014,3
8015,2
8016,0
8017,0
8018,1
8019,2
8020,3
8021,0
8022,0
8023,3
8024,5
8025,4
8026,0
8027,4
8028,2
8029,0
8030,0
8031,1
8032,1
8033,0
8034,6
8035,0
8036,0
8037,3
8038,0
8039,1
8040,1
8041,1
8042,6
8043,3
8044,4
8045,3
8046,2
8047,2
8048,0
8049,0
8050,4
8051,6
8052,2
8053,3
8054,0
8055,4
8056,2
8057,2
8058,1
8059,0
8060,4
8061,0
8062,2
8063,4
8064,2
8065,2
8066,2
8067,1
8068,1
8069,0
8070,2
8071,0
8072,2
8073,2
8074,1
8075,0
8076,0
8077,4
8078,2
8079,2
8080,0
8081,2
8082,0
8083,4
8084,2
8085,1
8086,0
8087,0
8088,1
8089,2
8090,2
8091,2
8092,1
8093,0
8094,2
8095,1
8096,1
8097,4
8098,0
8099,4
8100,0
8101,1
8102,0
8103,0
8104,0
8105,3
8106,0
8107,4
8108,2
8109,3
8110,1
8111,4
8112,4
8113,3
8114,2
8115,0
8116,3
8117,1
8118,0
8119,0
8120,1
8121,1
8122,3
8123,0
8124,1
8125,1
8126,0
8127,2
8128,0
8129,0
8130,2
8131,1
8132,2
8133,3
8134,1
8135,0
8136,3
8137,1
8138,4
8139,0
8140,0
8141,5
8142,2
8143,0
8144,4
8145,1
8146,2
8147,2
8148,3
8149,1
8150,1
8151,0
8152,1
8153,2
8154,4
8155,2
8156,4
8157,6
8158,1
8159,0
8160,4
8161,5
8162,1
8163,0
8164,1
8165,6
8166,1
8167,2
8168,2
8169,4
8170,1
8171,4
8172,2
8173,0
8174,2
8175,4
8176,1
8177,6
8178,2
8179,2
8180,1
8181,2
8182,5
8183,1
8184,0
8185,1
8186,5
8187,1
8188,3
8189,0
8190,2
8191,0
8192,2
8193,0
8194,0
8195,3
8196,2
8197,0
8198,4
8199,4
8200,3
8201,0
8202,0
8203,0
8204,1
8205,0
8206,2
8207,1
8208,4
8209,0
8210,1
8211,5
8212,0
8213,2
8214,1
8215,4
8216,4
8217,4
8218,1
8219,0
8220,0
8221,1
8222,1
8223,1
8224,1
8225,3
8226,3
8227,3
8228,2
8229,6
8230,1
8231,3
8232,0
8233,3
8234,4
8235,1
8236,4
8237,3
8238,0
8239,2
8240,3
8241,4
8242,2
8243,1
8244,2
8245,3
8246,1
8247,4
8248,3
8249,2
8250,1
8251,2
8252,3
8253,3
8254,0
8255,1
8256,4
8257,4
8258,1
8259,4
8260,4
8261,4
8262,4
8263,3
8264,2
8265,1
8266,2
8267,1
8268,2
8269,3
8270,0
8271,3
8272,1
8273,0
8274,2
8275,1
8276,2
8277,4
8278,4
8279,3
8280,0
8281,1
8282,3
8283,0
8284,1
8285,1
8286,0
8287,3
8288,1
8289,2
8290,4
8291,0
8292,1
8293,0
8294,1
8295,0
8296,0
8297,2
8298,0
8299,0
8300,3
8301,4
8302,2
8303,1
8304,1
8305,1
8306,6
8307,2
8308,5
8309,4
8310,2
8311,3
8312,1
8313,1
8314,1
8315,0
8316,0
8317,1
8318,1
8319,3
8320,4
8321,2
8322,1
8323,0
8324,0
8325,1
8326,6
8327,1
8328,3
8329,3
8330,0
8331,0
8332,0
8333,2
8334,2
8335,0
8336,0
8337,0
8338,2
8339,1
8340,0
8341,2
8342,1
8343,0
8344,2
8345,6
8346,0
8347,0
8348,0
8349,3
8350,0
8351,1
8352,0
8353,0
8354,1
8355,4
8356,3
8357,3
8358,4
8359,2
8360,4
8361,3
8362,0
8363,4
8364,1
8365,0
8366,1
8367,2
8368,4
8369,1
8370,3
8371,0
8372,4
8373,1
8374,6
8375,2
8376,2
8377,1
8378,1
8379,1
8380,2
8381,2
8382,0
8383,1
8384,1
8385,3
8386,2
8387,0
8388,1
8389,2
8390,4
8391,2
8392,0
8393,1
8394,2
8395,3
8396,1
8397,3
8398,0
8399,0
8400,1
8401,1
8402,1
8403,3
8404,2
8405,1
8406,1
8407,2
8408,3
8409,4
8410,1
8411,0
8412,2
8413,2
8414,3
8415,1
8416,0
8417,2
8418,2
8419,0
8420,4
8421,2
8422,0
8423,2
8424,0
8425,1
8426,1
8427,3
8428,1
8429,1
8430,4
8431,0
8432,2
8433,1
8434,0
8435,4
8436,3
8437,0
8438,1
8439,1
8440,4
8441,3
8442,1
8443,4
8444,0
8445,0
8446,3
8447,3
8448,3
8449,1
8450,0
8451,1
8452,1
8453,6
8454,3
8455,0
8456,1
8457,1
8458,4
8459,2
8460,2
8461,0
8462,1
8463,4
8464,4
8465,5
8466,2
8467,4
8468,1
8469,2
8470,3
8471,3
8472,0
8473,3
8474,1
8475,0
8476,3
8477,1
8478,2
8479,1
8480,1
8481,3
8482,3
8483,2
8484,5
8485,0
8486,0
8487,2
8488,1
8489,0
8490,1
8491,4
8492,4
8493,3
8494,4
8495,3
8496,0
8497,2
8498,2
8499,2
8500,1
8501,3
8502,0
8503,4
8504,1
8505,1
8506,0
8507,3
8508,3
8509,1
8510,6
8511,1
8512,0
8513,0
8514,0
8515,4
8516,3
8517,0
8518,0
8519,1
8520,2
8521,2
8522,2
8523,0
8524,1
8525,4
8526,2
8527,1
8528,0
8529,1
8530,0
8531,2
8532,6
8533,3
8534,3
8535,2
8536,1
8537,1
8538,3
8539,1
8540,1
8541,1
8542,0
8543,1
8544,3
8545,3
8546,0
8547,1
8548,1
8549,2
8550,4
8551,1
8552,4
8553,1
8554,3
8555,0
8556,0
8557,3
8558,2
8559,3
8560,2
8561,4
8562,0
8563,2
8564,1
8565,1
8566,0
8567,1
8568,1
8569,3
8570,4
8571,4
8572,1
8573,0
8574,2
8575,3
8576,1
8577,4
8578,1
8579,3
8580,4
8581,4
8582,0
8583,3
8584,1
8585,0
8586,1
8587,0
8588,0
8589,0
8590,2
8591,3
8592,4
8593,0
8594,1
8595,1
8596,4
8597,2
8598,0
8599,0
8600,2
8601,3
8602,0
8603,0
8604,1
8605,0
8606,1
8607,0
8608,0
8609,4
8610,0
8611,3
8612,0
8613,2
8614,0
8615,0
8616,1
8617,4
8618,0
8619,1
8620,0
8621,4
8622,2
8623,0
8624,0
8625,3
8626,0
8627,1
8628,1
8629,2
8630,1
8631,0
8632,0
8633,1
8634,1
8635,1
8636,3
8637,3
8638,2
8639,2
8640,1
8641,4
8642,1
8643,2
8644,1
8645,0
8646,0
8647,1
8648,0
8649,0
8650,0
8651,2
8652,3
8653,2
8654,3
8655,1
8656,3
8657,0
8658,1
8659,2
8660,2
8661,0
8662,5
8663,5
8664,2
8665,2
8666,0
8667,1
8668,1
8669,0
8670,2
8671,0
8672,2
8673,1
8674,1
8675,0
8676,0
8677,4
8678,1
8679,3
8680,6
8681,0
8682,0
8683,0
8684,3
8685,1
8686,1
8687,4
8688,1
8689,4
8690,1
8691,2
8692,3
8693,1
8694,2
8695,0
8696,3
8697,4
8698,2
8699,1
8700,0
8701,2
8702,3
8703,2
8704,4
8705,3
8706,0
8707,0
8708,3
8709,2
8710,0
8711,2
8712,3
8713,1
8714,1
8715,1
8716,2
8717,4
8718,1
8719,1
8720,6
8721,0
8722,0
8723,1
8724,3
8725,2
8726,2
8727,0
8728,0
8729,0
8730,0
8731,0
8732,1
8733,4
8734,1
8735,2
8736,2
8737,1
8738,2
8739,3
8740,1
8741,6
8742,0
8743,3
8744,3
8745,0
8746,0
8747,0
8748,4
8749,1
8750,3
8751,0
8752,1
8753,1
8754,0
8755,1
8756,0
8757,0
8758,1
8759,0
8760,3
8761,1
8762,3
8763,0
8764,2
8765,0
8766,4
8767,0
8768,1
8769,2
8770,3
8771,0
8772,4
8773,0
8774,1
8775,1
8776,1
8777,0
8778,3
8779,3
8780,0
8781,1
8782,0
8783,0
8784,0
8785,2
8786,4
8787,3
8788,5
8789,2
8790,6
8791,0
8792,1
8793,0
8794,2
8795,2
8796,1
8797,1
8798,4
8799,4
8800,0
8801,2
8802,4
8803,0
8804,2
8805,2
8806,6
8807,1
8808,0
8809,1
8810,0
8811,0
8812,0
8813,3
8814,4
8815,2
8816,2
8817,0
8818,1
8819,0
8820,0
8821,1
8822,1
8823,4
8824,4
8825,0
8826,4
8827,4
8828,1
8829,1
8830,3
8831,0
8832,1
8833,2
8834,3
8835,2
8836,0
8837,0
8838,1
8839,0
8840,0
8841,4
8842,1
8843,0
8844,2
8845,2
8846,1
8847,0
8848,0
8849,2
8850,4
8851,0
8852,3
8853,3
8854,1
8855,0
8856,3
8857,2
8858,1
8859,2
8860,3
8861,0
8862,4
8863,0
8864,2
8865,2
8866,2
8867,5
8868,0
8869,4
8870,1
8871,3
8872,0
8873,1
8874,1
8875,0
8876,2
8877,3
8878,0
8879,0
8880,1
8881,1
8882,2
8883,0
8884,4
8885,1
8886,0
8887,0
8888,1
8889,1
8890,1
8891,0
8892,0
8893,0
8894,0
8895,0
8896,0
8897,0
8898,2
8899,2
8900,0
8901,3
8902,3
8903,0
8904,1
8905,1
8906,0
8907,6
8908,2
8909,0
8910,3
8911,0
8912,0
8913,2
8914,0
8915,2
8916,3
8917,3
8918,4
8919,3
8920,0
8921,2
8922,4
8923,1
8924,0
8925,1
8926,1
8927,5
8928,1
8929,1
8930,1
8931,1
8932,1
8933,4
8934,0
8935,0
8936,2
8937,0
8938,1
8939,4
8940,4
8941,1
8942,4
8943,1
8944,1
8945,0
8946,0
8947,2
8948,1
8949,0
8950,0
8951,0
8952,0
8953,0
8954,0
8955,3
8956,0
8957,3
8958,1
8959,3
8960,4
8961,3
8962,0
8963,0
8964,0
8965,1
8966,5
8967,1
8968,2
8969,0
8970,4
8971,1
8972,3
8973,0
8974,1
8975,0
8976,1
8977,1
8978,3
8979,1
8980,0
8981,2
8982,2
8983,0
8984,0
8985,0
8986,0
8987,2
8988,2
8989,2
8990,2
8991,3
8992,2
8993,0
8994,1
8995,3
8996,1
8997,2
8998,2
8999,4
9000,0
9001,1
9002,1
9003,6
9004,1
9005,4
9006,4
9007,1
9008,4
9009,2
9010,5
9011,0
9012,1
9013,1
9014,3
9015,1
9016,2
9017,2
9018,0
9019,0
9020,4
9021,3
9022,4
9023,1
9024,2
9025,4
9026,4
9027,1
9028,2
9029,0
9030,0
9031,1
9032,3
9033,2
9034,2
9035,0
9036,0
9037,5
9038,3
9039,1
9040,1
9041,1
9042,0
9043,1
9044,1
9045,0
9046,0
9047,2
9048,1
9049,2
9050,1
9051,1
9052,3
9053,1
9054,1
9055,1
9056,0
9057,3
9058,1
9059,0
9060,0
9061,2
9062,1
9063,4
9064,1
9065,2
9066,0
9067,0
9068,1
9069,0
9070,4
9071,0
9072,2
9073,4
9074,1
9075,0
9076,3
9077,4
9078,2
9079,5
9080,1
9081,1
9082,3
9083,0
9084,0
9085,0
9086,4
9087,0
9088,1
9089,1
9090,2
9091,0
9092,0
9093,2
9094,1
9095,0
9096,2
9097,5
9098,0
9099,4
9100,4
9101,1
9102,3
9103,0
9104,0
9105,0
9106,0
9107,2
9108,0
9109,0
9110,1
9111,2
9112,2
9113,0
9114,4
9115,0
9116,4
9117,2
9118,5
9119,0
9120,1
9121,3
9122,3
9123,2
9124,1
9125,1
9126,1
9127,1
9128,3
9129,2
9130,1
9131,2
9132,1
9133,1
9134,2
9135,1
9136,0
9137,4
9138,2
9139,0
9140,1
9141,0
9142,4
9143,0
9144,1
9145,1
9146,1
9147,1
9148,3
9149,3
9150,1
9151,0
9152,1
9153,1
9154,1
9155,1
9156,4
9157,4
9158,1
9159,2
9160,4
9161,4
9162,1
9163,4
9164,2
9165,3
9166,2
9167,0
9168,3
9169,2
9170,0
9171,2
9172,1
9173,0
9174,0
9175,1
9176,4
9177,2
9178,1
9179,2
9180,1
9181,1
9182,1
9183,1
9184,1
9185,1
9186,2
9187,1
9188,1
9189,4
9190,2
9191,0
9192,1
9193,1
9194,2
9195,3
9196,2
9197,1
9198,1
9199,3
9200,0
9201,2
9202,4
9203,2
9204,0
9205,2
9206,2
9207,1
9208,2
9209,6
9210,3
9211,1
9212,4
9213,0
9214,1
9215,1
9216,0
9217,0
9218,0
9219,0
9220,1
9221,0
9222,0
9223,1
9224,2
9225,1
9226,0
9227,3
9228,1
9229,2
9230,1
9231,3
9232,0
9233,0
9234,0
9235,5
9236,0
9237,1
9238,1
9239,0
9240,1
9241,1
9242,0
9243,2
9244,0
9245,3
9246,4
9247,0
9248,0
9249,6
9250,0
9251,3
9252,4
9253,0
9254,0
9255,0
9256,1
9257,1
9258,1
9259,1
9260,0
9261,3
9262,1
9263,3
9264,0
9265,3
9266,4
9267,1
9268,2
9269,2
9270,3
9271,0
9272,0
9273,1
9274,2
9275,1
9276,2
9277,6
9278,0
9279,2
9280,2
9281,2
9282,3
9283,2
9284,0
9285,1
9286,0
9287,2
9288,0
9289,1
9290,3
9291,2
9292,0
9293,4
9294,2
9295,1
9296,2
9297,4
9298,2
9299,4
9300,4
9301,3
9302,2
9303,4
9304,0
9305,1
9306,3
9307,1
9308,1
9309,0
9310,1
9311,1
9312,0
9313,3
9314,0
9315,3
9316,1
9317,1
9318,1
9319,1
9320,1
9321,0
9322,2
9323,4
9324,1
9325,2
9326,1
9327,4
9328,6
9329,4
9330,1
9331,2
9332,2
9333,2
9334,2
9335,3
9336,6
9337,1
9338,3
9339,4
9340,2
9341,1
9342,2
9343,4
9344,1
9345,1
9346,4
9347,1
9348,1
9349,4
9350,0
9351,0
9352,0
9353,2
9354,3
9355,0
9356,2
9357,4
9358,0
9359,1
9360,0
9361,1
9362,3
9363,0
9364,1
9365,3
9366,2
9367,5
9368,4
9369,1
9370,3
9371,1
9372,3
9373,1
9374,1
9375,1
9376,0
9377,2
9378,2
9379,3
9380,2
9381,5
9382,5
9383,0
9384,4
9385,3
9386,4
9387,3
9388,2
9389,5
9390,1
9391,3
9392,1
9393,0
9394,2
9395,1
9396,2
9397,6
9398,2
9399,1
9400,1
9401,1
9402,2
9403,0
9404,1
9405,0
9406,0
9407,0
9408,0
9409,0
9410,0
9411,0
9412,0
9413,1
9414,2
9415,1
9416,1
9417,3
9418,1
9419,2
9420,1
9421,1
9422,0
9423,1
9424,6
9425,2
9426,0
9427,1
9428,1
9429,0
9430,4
9431,3
9432,2
9433,5
9434,2
9435,3
9436,1
9437,2
9438,1
9439,0
9440,1
9441,1
9442,2
9443,2
9444,1
9445,1
9446,2
9447,3
9448,2
9449,3
9450,6
9451,2
9452,1
9453,2
9454,1
9455,3
9456,1
9457,2
9458,0
9459,2
9460,2
9461,2
9462,5
9463,4
9464,0
9465,1
9466,5
9467,2
9468,6
9469,1
9470,2
9471,0
9472,3
9473,0
9474,3
9475,4
9476,2
9477,3
9478,3
9479,2
9480,1
9481,2
9482,1
9483,2
9484,5
9485,4
9486,0
9487,2
9488,3
9489,2
9490,2
9491,4
9492,3
9493,1
9494,3
9495,2
9496,2
9497,4
9498,2
9499,1
9500,0
9501,3
9502,0
9503,1
9504,0
9505,4
9506,1
9507,0
9508,0
9509,3
9510,0
9511,2
9512,6
9513,3
9514,3
9515,4
9516,4
9517,3
9518,0
9519,3
9520,2
9521,0
9522,0
9523,0
9524,2
9525,1
9526,1
9527,1
9528,0
9529,0
9530,1
9531,4
9532,3
9533,1
9534,5
9535,2
9536,1
9537,3
9538,3
9539,1
9540,4
9541,6
9542,0
9543,4
9544,2
9545,2
9546,0
9547,2
9548,6
9549,5
9550,0
9551,0
9552,1
9553,0
9554,0
9555,2
9556,1
9557,0
9558,0
9559,1
9560,1
9561,4
9562,0
9563,0
9564,0
9565,1
9566,0
9567,1
9568,1
9569,3
9570,3
9571,0
9572,1
9573,1
9574,4
9575,0
9576,2
9577,0
9578,2
9579,0
9580,4
9581,0
9582,1
9583,2
9584,1
9585,1
9586,1
9587,4
9588,0
9589,1
9590,1
9591,4
9592,2
9593,1
9594,0
9595,1
9596,1
9597,1
9598,2
9599,1
9600,3
9601,1
9602,3
9603,4
9604,1
9605,4
9606,6
9607,2
9608,2
9609,4
9610,1
9611,4
9612,1
9613,0
9614,1
9615,3
9616,2
9617,0
9618,0
9619,0
9620,3
9621,4
9622,4
9623,2
9624,2
9625,1
9626,0
9627,4
9628,1
9629,3
9630,1
9631,0
9632,3
9633,2
9634,1
9635,4
9636,2
9637,2
9638,2
9639,2
9640,0
9641,3
9642,3
9643,0
9644,1
9645,2
9646,2
9647,3
9648,3
9649,0
9650,1
9651,0
9652,1
9653,3
9654,4
9655,3
9656,6
9657,0
9658,0
9659,5
9660,2
9661,3
9662,4
9663,1
9664,0
9665,2
9666,3
9667,1
9668,0
9669,3
9670,0
9671,1
9672,3
9673,0
9674,4
9675,5
9676,2
9677,0
9678,0
9679,0
9680,1
9681,1
9682,0
9683,6
9684,2
9685,2
9686,0
9687,0
9688,4
9689,1
9690,3
9691,3
9692,2
9693,0
9694,0
9695,0
9696,3
9697,0
9698,6
9699,0
9700,2
9701,0
9702,2
9703,2
9704,1
9705,0
9706,2
9707,1
9708,3
9709,2
9710,1
9711,0
9712,1
9713,1
9714,2
9715,0
9716,1
9717,2
9718,4
9719,2
9720,1
9721,2
9722,2
9723,0
9724,4
9725,3
9726,0
9727,0
9728,4
9729,1
9730,0
9731,0
9732,1
9733,0
9734,4
9735,1
9736,5
9737,2
9738,2
9739,3
9740,0
9741,0
9742,0
9743,0
9744,0
9745,5
9746,6
9747,1
9748,0
9749,4
9750,3
9751,4
9752,1
9753,0
9754,2
9755,4
9756,4
9757,1
9758,4
9759,0
9760,2
9761,4
9762,0
9763,2
9764,1
9765,1
9766,0
9767,4
9768,2
9769,0
9770,5
9771,1
9772,0
9773,1
9774,1
9775,2
9776,4
9777,0
9778,1
9779,0
9780,6
9781,4
9782,1
9783,1
9784,4
9785,4
9786,0
9787,0
9788,1
9789,4
9790,1
9791,0
9792,4
9793,3
9794,1
9795,0
9796,0
9797,2
9798,3
9799,0
9800,4
9801,0
9802,1
9803,2
9804,0
9805,2
9806,1
9807,2
9808,0
9809,0
9810,4
9811,4
9812,2
9813,3
9814,0
9815,4
9816,1
9817,1
9818,2
9819,5
9820,2
9821,0
9822,0
9823,1
9824,0
9825,1
9826,4
9827,1
9828,6
9829,2
9830,0
9831,6
9832,3
9833,0
9834,1
9835,3
9836,2
9837,3
9838,1
9839,2
9840,0
9841,4
9842,0
9843,0
9844,3
9845,0
9846,4
9847,2
9848,1
9849,0
9850,2
9851,1
9852,0
9853,2
9854,3
9855,4
9856,0
9857,1
9858,1
9859,0
9860,1
9861,2
9862,2
9863,1
9864,0
9865,2
9866,1
9867,4
9868,1
9869,0
9870,2
9871,0
9872,1
9873,4
9874,0
9875,0
9876,3
9877,0
9878,1
9879,2
9880,2
9881,1
9882,2
9883,6
9884,2
9885,4
9886,3
9887,1
9888,4
9889,5
9890,2
9891,1
9892,0
9893,0
9894,0
9895,4
9896,0
9897,4
9898,0
9899,3
9900,4
9901,0
9902,1
9903,1
9904,0
9905,4
9906,3
9907,3
9908,1
9909,1
9910,4
9911,0
9912,1
9913,2
9914,4
9915,4
9916,1
9917,4
9918,4
9919,0
9920,3
9921,2
9922,0
9923,3
9924,1
9925,5
9926,2
9927,0
9928,1
9929,3
9930,2
9931,3
9932,2
9933,2
9934,3
9935,1
9936,1
9937,6
9938,5
9939,0
9940,3
9941,1
9942,1
9943,3
9944,1
9945,1
9946,1
9947,0
9948,1
9949,2
9950,1
9951,2
9952,0
9953,2
9954,0
9955,2
9956,1
9957,2
9958,6
9959,0
9960,2
9961,2
9962,3
9963,1
9964,0
9965,1
9966,0
9967,3
9968,1
9969,0
9970,6
9971,1
9972,4
9973,4
9974,2
9975,0
9976,2
9977,0
9978,2
9979,1
9980,1
9981,2
9982,3
9983,0
9984,2
9985,1
9986,0
9987,1
9988,5
9989,1
9990,2
9991,1
9992,0
9993,1
9994,4
9995,3
9996,2
9997,2
9998,1
9999,4
10000,3
10001,0
10002,1
10003,1
10004,1
10005,0
10006,1
10007,6
10008,1
10009,1
10010,1
10011,4
10012,0
10013,3
10014,1
10015,1
10016,1
10017,3
10018,1
10019,1
10020,2
10021,2
10022,1
10023,0
10024,4
10025,0
10026,0
10027,0
10028,0
10029,4
10030,0
10031,2
10032,4
10033,1
10034,3
10035,4
10036,1
10037,3
10038,1
10039,4
10040,3
10041,0
10042,0
10043,0
10044,2
10045,0
10046,1
10047,2
10048,1
10049,0
10050,4
10051,0
10052,4
10053,4
10054,3
10055,3
10056,3
10057,4
10058,4
10059,1
10060,1
10061,3
10062,0
10063,4
10064,2
10065,2
10066,2
10067,1
10068,0
10069,3
10070,1
10071,2
10072,0
10073,1
10074,2
10075,0
10076,0
10077,2
10078,3
10079,0
10080,4
10081,3
10082,3
10083,6
10084,2
10085,0
10086,0
10087,1
10088,2
10089,2
10090,2
10091,1
10092,1
10093,0
10094,2
10095,0
10096,1
10097,4
10098,0
10099,4
10100,0
10101,2
10102,4
10103,3
10104,2
10105,2
10106,1
10107,4
10108,1
10109,1
10110,3
10111,0
10112,2
10113,1
10114,3
10115,4
10116,4
10117,3
10118,0
10119,4
10120,3
10121,0
10122,1
10123,1
10124,1
10125,1
10126,2
10127,3
10128,3
10129,3
10130,4
10131,3
10132,0
10133,2
10134,1
10135,4
10136,2
10137,0
10138,0
10139,0
10140,2
10141,1
10142,3
10143,2
10144,0
10145,2
10146,1
10147,3
10148,0
10149,0
10150,2
10151,1
10152,0
10153,2
10154,1
10155,2
10156,1
10157,0
10158,0
10159,0
10160,4
10161,2
10162,3
10163,2
10164,3
10165,0
10166,0
10167,2
10168,0
10169,0
10170,1
10171,1
10172,0
10173,1
10174,0
10175,1
10176,1
10177,3
10178,0
10179,0
10180,3
10181,1
10182,1
10183,1
10184,1
10185,1
10186,2
10187,1
10188,4
10189,5
10190,2
10191,5
10192,0
10193,2
10194,1
10195,3
10196,3
10197,0
10198,1
10199,3
10200,3
10201,1
10202,2
10203,0
10204,0
10205,1
10206,0
10207,1
10208,4
10209,4
10210,1
10211,4
10212,3
10213,1
10214,3
10215,4
10216,0
10217,0
10218,1
10219,2
10220,2
10221,0
10222,1
10223,0
10224,2
10225,4
10226,5
10227,0
10228,1
10229,1
10230,2
10231,0
10232,0
10233,1
10234,0
10235,4
10236,2
10237,4
10238,2
10239,1
10240,1
10241,0
10242,3
10243,1
10244,0
10245,3
10246,3
10247,0
10248,3
10249,2
10250,3
10251,1
10252,0
10253,2
10254,1
10255,2
10256,1
10257,1
10258,2
10259,1
10260,1
10261,4
10262,1
10263,2
10264,2
10265,3
10266,1
10267,0
10268,0
10269,2
10270,2
10271,1
10272,1
10273,0
10274,2
10275,0
10276,3
10277,1
10278,0
10279,3
10280,1
10281,4
10282,4
10283,3
10284,0
10285,3
10286,4
10287,0
10288,4
10289,0
10290,5
10291,0
10292,2
10293,1
10294,1
10295,2
10296,1
10297,4
10298,2
10299,3
10300,1
10301,2
10302,1
10303,0
10304,0
10305,4
10306,2
10307,3
10308,0
10309,0
10310,2
10311,3
10312,4
10313,2
10314,4
10315,0
10316,1
10317,1
10318,1
10319,1
10320,0
10321,2
10322,1
10323,4
10324,0
10325,3
10326,1
10327,1
10328,2
10329,1
10330,1
10331,0
10332,0
10333,1
10334,1
10335,3
10336,1
10337,1
10338,1
10339,0
10340,4
10341,4
10342,0
10343,3
10344,3
10345,4
10346,3
10347,2
10348,0
10349,0
10350,2
10351,1
10352,2
10353,4
10354,2
10355,2
10356,1
10357,1
10358,0
10359,0
10360,1
10361,1
10362,4
10363,1
10364,1
10365,3
10366,0
10367,2
10368,1
10369,2
10370,2
10371,1
10372,2
10373,1
10374,3
10375,0
10376,1
10377,0
10378,0
10379,0
10380,3
10381,0
10382,3
10383,1
10384,2
10385,5
10386,3
10387,1
10388,3
10389,3
10390,2
10391,2
10392,1
10393,1
10394,3
10395,1
10396,2
10397,3
10398,3
10399,0
10400,3
10401,3
10402,3
10403,0
10404,2
10405,5
10406,1
10407,1
10408,4
10409,3
10410,0
10411,6
10412,1
10413,3
10414,3
10415,0
10416,0
10417,4
10418,1
10419,0
10420,0
10421,1
10422,1
10423,4
10424,3
10425,0
10426,0
10427,0
10428,1
10429,0
10430,0
10431,0
10432,2
10433,0
10434,2
10435,0
10436,3
10437,0
10438,1
10439,0
10440,2
10441,3
10442,1
10443,5
10444,3
10445,1
10446,4
10447,2
10448,0
10449,2
10450,0
10451,2
10452,2
10453,5
10454,2
10455,5
10456,1
10457,2
10458,1
10459,0
10460,1
10461,4
10462,2
10463,3
10464,5
10465,1
10466,5
10467,2
10468,1
10469,0
10470,2
10471,2
10472,0
10473,0
10474,4
10475,2
10476,0
10477,2
10478,0
10479,1
10480,0
10481,5
10482,0
10483,6
10484,1
10485,4
10486,1
10487,1
10488,1
10489,0
10490,1
10491,0
10492,1
10493,1
10494,4
10495,1
10496,1
10497,1
10498,1
10499,3
10500,1
10501,2
10502,1
10503,3
10504,0
10505,0
10506,0
10507,0
10508,0
10509,2
10510,4
10511,4
10512,4
10513,1
10514,2
10515,0
10516,2
10517,5
10518,0
10519,3
10520,0
10521,3
10522,4
10523,0
10524,4
10525,2
10526,3
10527,0
10528,4
10529,0
10530,0
10531,1
10532,0
10533,1
10534,5
10535,1
10536,0
10537,0
10538,1
10539,2
10540,0
10541,1
10542,2
10543,1
10544,2
10545,3
10546,2
10547,0
10548,2
10549,2
10550,2
10551,0
10552,3
10553,2
10554,1
10555,1
10556,0
10557,1
10558,1
10559,2
10560,2
10561,0
10562,3
10563,5
10564,1
10565,4
10566,0
10567,2
10568,2
10569,1
10570,3
10571,2
10572,2
10573,2
10574,0
10575,1
10576,3
10577,3
10578,6
10579,2
10580,4
10581,0
10582,0
10583,0
10584,1
10585,1
10586,3
10587,2
10588,2
10589,3
10590,0
10591,2
10592,2
10593,2
10594,0
10595,5
10596,2
10597,1
10598,0
10599,2
10600,2
10601,1
10602,3
10603,1
10604,0
10605,0
10606,2
10607,0
10608,4
10609,6
10610,0
10611,1
10612,0
10613,1
10614,2
10615,3
10616,0
10617,3
10618,2
10619,2
10620,4
10621,2
10622,3
10623,2
10624,0
10625,0
10626,0
10627,3
10628,0
10629,3
10630,3
10631,0
10632,0
10633,1
10634,3
10635,2
10636,1
10637,4
10638,0
10639,1
10640,4
10641,1
10642,1
10643,2
10644,3
10645,0
10646,0
10647,3
10648,4
10649,1
10650,1
10651,0
10652,3
10653,0
10654,0
10655,0
10656,3
10657,2
10658,1
10659,2
10660,3
10661,6
10662,4
10663,1
10664,0
10665,0
10666,0
10667,2
10668,2
10669,0
10670,3
10671,3
10672,0
10673,0
10674,0
10675,1
10676,4
10677,1
10678,3
10679,1
10680,1
10681,0
10682,2
10683,1
10684,4
10685,5
10686,1
10687,5
10688,3
10689,1
10690,1
10691,1
10692,0
10693,3
10694,1
10695,1
10696,0
10697,2
10698,4
10699,3
10700,6
10701,0
10702,2
10703,3
10704,2
10705,0
10706,4
10707,0
10708,1
10709,0
10710,3
10711,1
10712,1
10713,4
10714,3
10715,5
10716,3
10717,1
10718,0
10719,3
10720,0
10721,0
10722,3
10723,1
10724,1
10725,0
10726,3
10727,3
10728,1
10729,1
10730,3
10731,1
10732,2
10733,1
10734,1
10735,0
10736,2
10737,0
10738,0
10739,1
10740,3
10741,2
10742,3
10743,3
10744,0
10745,1
10746,0
10747,2
10748,3
10749,3
10750,1
10751,0
10752,0
10753,2
10754,3
10755,4
10756,4
10757,2
10758,4
10759,3
10760,0
10761,1
10762,2
10763,2
10764,2
10765,1
10766,3
10767,3
10768,5
10769,0
10770,4
10771,4
10772,2
10773,2
10774,3
10775,2
10776,2
10777,0
10778,0
10779,0
10780,0
10781,1
10782,3
10783,3
10784,0
10785,1
10786,0
10787,0
10788,2
10789,4
10790,1
10791,2
10792,1
10793,1
10794,1
10795,2
10796,2
10797,3
10798,2
10799,3
10800,1
10801,1
10802,3
10803,1
10804,1
10805,1
10806,3
10807,1
10808,4
10809,1
10810,0
10811,2
10812,3
10813,2
10814,0
10815,4
10816,6
10817,0
10818,1
10819,4
10820,0
10821,2
10822,2
10823,3
10824,4
10825,2
10826,1
10827,1
10828,2
10829,2
10830,2
10831,2
10832,1
10833,2
10834,1
10835,1
10836,2
10837,2
10838,1
10839,2
10840,0
10841,3
10842,4
10843,0
10844,1
10845,4
10846,1
10847,1
10848,1
10849,6
10850,3
10851,0
10852,0
10853,3
10854,3
10855,0
10856,2
10857,4
10858,0
10859,3
10860,1
10861,0
10862,1
10863,2
10864,2
10865,5
10866,3
10867,3
10868,1
10869,3
10870,1
10871,1
10872,2
10873,4
10874,4
10875,2
10876,0
10877,0
10878,0
10879,1
10880,1
10881,0
10882,0
10883,3
10884,2
10885,1
10886,1
10887,0
10888,0
10889,1
10890,0
10891,0
10892,0
10893,1
10894,3
10895,1
10896,2
10897,0
10898,4
10899,2
10900,3
10901,1
10902,1
10903,0
10904,4
10905,3
10906,2
10907,3
10908,4
10909,2
10910,0
10911,4
10912,1
10913,2
10914,0
10915,1
10916,2
10917,1
10918,2
10919,1
10920,0
10921,1
10922,1
10923,4
10924,3
10925,1
10926,0
10927,5
10928,0
10929,0
10930,1
10931,1
10932,2
10933,0
10934,2
10935,0
10936,4
10937,1
10938,0
10939,1
10940,1
10941,1
10942,1
10943,0
10944,0
10945,2
10946,2
10947,4
10948,4
10949,3
10950,0
10951,1
10952,3
10953,4
10954,4
10955,0
10956,4
10957,2
10958,0
10959,0
10960,1
10961,6
10962,3
10963,3
10964,3
10965,1
10966,1
10967,1
10968,3
10969,1
10970,1
10971,1
10972,1
10973,2
10974,0
10975,0
10976,2
10977,1
10978,3
10979,0
10980,4
10981,0
10982,2
10983,4
10984,0
10985,4
10986,1
10987,4
10988,6
10989,2
10990,4
10991,1
10992,3
10993,1
10994,2
10995,3
10996,2
10997,1
10998,4
10999,0
11000,0
11001,1
11002,4
11003,3
11004,6
11005,6
11006,0
11007,3
11008,3
11009,0
11010,2
11011,0
11012,0
11013,1
11014,1
11015,1
11016,6
11017,2
11018,0
11019,1
11020,3
11021,0
11022,6
11023,2
11024,1
11025,0
11026,3
11027,0
11028,0
11029,1
11030,1
11031,3
11032,2
11033,2
11034,1
11035,2
11036,2
11037,2
11038,2
11039,2
11040,1
11041,2
11042,1
11043,1
11044,0
11045,1
11046,0
11047,0
11048,4
11049,0
11050,0
11051,3
11052,0
11053,2
11054,2
11055,1
11056,3
11057,2
11058,3
11059,2
11060,0
11061,1
11062,0
11063,1
11064,0
11065,2
11066,3
11067,0
11068,1
11069,1
11070,2
11071,3
11072,4
11073,0
11074,4
11075,1
11076,2
11077,4
11078,0
11079,0
11080,2
11081,1
11082,1
11083,4
11084,0
11085,1
11086,2
11087,3
11088,1
11089,0
11090,2
11091,0
11092,4
11093,0
11094,3
11095,1
11096,1
11097,4
11098,1
11099,0
11100,1
11101,0
11102,0
11103,2
11104,4
11105,1
11106,3
11107,0
11108,0
11109,3
11110,3
11111,2
11112,1
11113,0
11114,3
11115,0
11116,0
11117,3
11118,0
11119,0
11120,4
11121,1
11122,2
11123,1
11124,3
11125,1
11126,1
11127,3
11128,0
11129,1
11130,0
11131,1
11132,2
11133,3
11134,1
11135,2
11136,2
11137,0
11138,0
11139,1
11140,1
11141,2
11142,1
11143,2
11144,0
11145,5
11146,0
11147,5
11148,6
11149,4
11150,0
11151,3
11152,5
11153,2
11154,1
11155,0
11156,3
11157,4
11158,2
11159,1
11160,4
11161,2
11162,1
11163,2
11164,1
11165,1
11166,1
11167,1
11168,4
11169,2
11170,2
11171,2
11172,3
11173,4
11174,3
11175,0
11176,0
11177,0
11178,1
11179,6
11180,4
11181,0
11182,2
11183,3
11184,1
11185,2
11186,3
11187,1
11188,4
11189,3
11190,5
11191,2
11192,2
11193,0
11194,4
11195,2
11196,0
11197,3
11198,1
11199,0
11200,2
11201,4
11202,2
11203,4
11204,1
11205,3
11206,1
11207,3
11208,3
11209,0
11210,3
11211,6
11212,1
11213,1
11214,1
11215,3
11216,0
11217,0
11218,6
11219,2
11220,2
11221,1
11222,0
11223,0
11224,3
11225,3
11226,4
11227,1
11228,2
11229,0
11230,2
11231,1
11232,3
11233,4
11234,2
11235,0
11236,1
11237,3
11238,1
11239,0
11240,2
11241,3
11242,1
11243,1
11244,5
11245,0
11246,1
11247,1
11248,2
11249,1
11250,0
11251,2
11252,3
11253,0
11254,0
11255,1
11256,0
11257,2
11258,3
11259,3
11260,1
11261,0
11262,0
11263,1
11264,1
11265,3
11266,2
11267,3
11268,1
11269,0
11270,4
11271,2
11272,2
11273,5
11274,4
11275,2
11276,1
11277,1
11278,1
11279,1
11280,2
11281,1
11282,4
11283,2
11284,3
11285,1
11286,0
11287,3
11288,2
11289,1
11290,5
11291,2
11292,0
11293,0
11294,2
11295,2
11296,4
11297,1
11298,1
11299,0
11300,0
11301,1
11302,0
11303,2
11304,1
11305,1
11306,2
11307,4
11308,3
11309,4
11310,0
11311,2
11312,2
11313,5
11314,0
11315,1
11316,2
11317,2
11318,1
11319,1
11320,1
11321,5
11322,3
11323,1
11324,3
11325,2
11326,0
11327,0
11328,2
11329,0
11330,4
11331,4
11332,1
11333,2
11334,3
11335,4
11336,1
11337,0
11338,3
11339,3
11340,4
11341,0
11342,2
11343,0
11344,0
11345,0
11346,1
11347,4
11348,3
11349,2
11350,4
11351,1
11352,3
11353,0
11354,3
11355,5
11356,2
11357,2
11358,0
11359,0
11360,0
11361,0
11362,0
11363,4
11364,1
11365,1
11366,4
11367,0
11368,2
11369,2
11370,2
11371,0
11372,0
11373,3
11374,1
11375,0
11376,4
11377,0
11378,4
11379,5
11380,0
11381,1
11382,0
11383,4
11384,2
11385,1
11386,1
11387,1
11388,0
11389,2
11390,2
11391,2
11392,1
11393,4
11394,1
11395,6
11396,1
11397,1
11398,2
11399,3
11400,0
11401,0
11402,1
11403,4
11404,2
11405,1
11406,4
11407,0
11408,2
11409,0
11410,6
11411,3
11412,2
11413,5
11414,0
11415,4
11416,0
11417,1
11418,0
11419,1
11420,2
11421,0
11422,0
11423,2
11424,2
11425,5
11426,0
11427,0
11428,1
11429,0
11430,4
11431,2
11432,4
11433,0
11434,0
11435,1
11436,4
11437,6
11438,0
11439,0
11440,4
11441,0
11442,1
11443,1
11444,4
11445,0
11446,0
11447,0
11448,1
11449,0
11450,5
11451,4
11452,4
11453,1
11454,1
11455,4
11456,4
11457,2
11458,2
11459,3
11460,2
11461,2
11462,2
11463,0
11464,0
11465,2
11466,2
11467,2
11468,0
11469,0
11470,0
11471,1
11472,2
11473,1
11474,1
11475,0
11476,3
11477,2
11478,4
11479,1
11480,3
11481,2
11482,1
11483,0
11484,2
11485,0
11486,0
11487,0
11488,2
11489,0
11490,0
11491,0
11492,4
11493,0
11494,4
11495,4
11496,1
11497,2
11498,2
11499,2
11500,5
11501,2
11502,2
11503,0
11504,0
11505,0
11506,5
11507,4
11508,3
11509,2
11510,2
11511,6
11512,1
11513,1
11514,0
11515,2
11516,1
11517,0
11518,5
11519,4
11520,3
11521,4
11522,1
11523,0
11524,2
11525,2
11526,0
11527,0
11528,1
11529,1
11530,4
11531,2
11532,2
11533,3
11534,2
11535,5
11536,0
11537,4
11538,0
11539,4
11540,0
11541,1
11542,2
11543,0
11544,6
11545,1
11546,3
11547,1
11548,5
11549,0
11550,2
11551,0
11552,1
11553,2
11554,1
11555,3
11556,1
11557,4
11558,3
11559,0
11560,1
11561,0
11562,0
11563,4
11564,0
11565,2
11566,4
11567,2
11568,4
11569,0
11570,4
11571,0
11572,2
11573,4
11574,1
11575,4
11576,1
11577,2
11578,4
11579,0
11580,0
11581,4
11582,6
11583,0
11584,0
11585,1
11586,2
11587,0
11588,2
11589,2
11590,2
11591,2
11592,0
11593,0
11594,1
11595,4
11596,4
11597,4
11598,1
11599,0
11600,4
11601,1
11602,1
11603,1
11604,0
11605,0
11606,1
11607,3
11608,3
11609,1
11610,1
11611,2
11612,4
11613,1
11614,2
11615,0
11616,1
11617,3
11618,2
11619,0
11620,2
11621,3
11622,0
11623,3
11624,2
11625,1
11626,1
11627,0
11628,0
11629,0
11630,2
11631,0
11632,1
11633,0
11634,0
11635,1
11636,1
11637,1
11638,1
11639,3
11640,0
11641,1
11642,2
11643,0
11644,2
11645,2
11646,3
11647,1
11648,1
11649,4
11650,1
11651,3
11652,0
11653,0
11654,3
11655,0
11656,2
11657,4
11658,0
11659,0
11660,0
11661,0
11662,2
11663,0
11664,1
11665,0
11666,1
11667,2
11668,2
11669,2
11670,1
11671,1
11672,4
11673,0
11674,4
11675,1
11676,4
11677,4
11678,4
11679,1
11680,0
11681,3
11682,4
11683,0
11684,6
11685,2
11686,0
11687,2
11688,1
11689,1
11690,0
11691,0
11692,3
11693,2
11694,1
11695,2
11696,0
11697,1
11698,0
11699,2
11700,3
11701,4
11702,2
11703,1
11704,2
11705,3
11706,1
11707,0
11708,0
11709,0
11710,0
11711,1
11712,1
11713,0
11714,0
11715,1
11716,1
11717,6
11718,0
11719,2
11720,1
11721,3
11722,4
11723,1
11724,0
11725,0
11726,1
11727,4
11728,2
11729,2
11730,0
11731,4
11732,2
11733,1
11734,2
11735,1
11736,0
11737,4
11738,1
11739,1
11740,0
11741,2
11742,1
11743,0
11744,0
11745,1
11746,0
11747,2
11748,0
11749,0
11750,1
11751,1
11752,0
11753,0
11754,4
11755,0
11756,2
11757,0
11758,0
11759,4
11760,4
11761,0
11762,0
11763,1
11764,3
11765,1
11766,2
11767,2
11768,4
11769,4
11770,1
11771,0
11772,3
11773,1
11774,1
11775,2
11776,3
11777,0
11778,0
11779,4
11780,1
11781,1
11782,3
11783,2
11784,2
11785,3
11786,0
11787,0
11788,1
11789,2
11790,0
11791,2
11792,0
11793,3
11794,2
11795,0
11796,2
11797,0
11798,1
11799,0
11800,0
11801,1
11802,0
11803,0
11804,3
11805,0
11806,4
11807,2
11808,6
11809,3
11810,0
11811,0
11812,3
11813,1
11814,1
11815,0
11816,4
11817,0
11818,3
11819,0
11820,2
11821,2
11822,0
11823,3
11824,2
11825,4
11826,2
11827,4
11828,2
11829,2
11830,1
11831,0
11832,0
11833,2
11834,1
11835,4
11836,3
11837,2
11838,2
11839,3
11840,3
11841,0
11842,4
11843,3
11844,4
11845,0
11846,3
11847,2
11848,0
11849,2
11850,2
11851,3
11852,1
11853,3
11854,1
11855,2
11856,2
11857,1
11858,3
11859,5
11860,1
11861,0
11862,2
11863,4
11864,1
11865,4
11866,1
11867,2
11868,5
11869,3
11870,0
11871,2
11872,2
11873,1
11874,2
11875,1
11876,0
11877,3
11878,2
11879,0
11880,1
11881,1
11882,1
11883,3
11884,6
11885,2
11886,0
11887,0
11888,0
11889,0
11890,0
11891,0
11892,4
11893,0
11894,1
11895,4
11896,1
11897,1
11898,1
11899,0
11900,0
11901,1
11902,1
11903,0
11904,2
11905,3
11906,4
11907,0
11908,1
11909,1
11910,1
11911,2
11912,2
11913,4
11914,4
11915,4
11916,4
11917,1
11918,0
11919,0
11920,2
11921,1
11922,1
11923,3
11924,1
11925,2
11926,2
11927,0
11928,2
11929,0
11930,0
11931,1
11932,1
11933,3
11934,2
11935,2
11936,0
11937,1
11938,0
11939,0
11940,0
11941,0
11942,3
11943,0
11944,4
11945,0
11946,1
11947,0
11948,0
11949,0
11950,2
11951,3
11952,4
11953,0
11954,1
11955,2
11956,1
11957,0
11958,2
11959,1
11960,4
11961,4
11962,0
11963,1
11964,1
11965,2
11966,1
11967,0
11968,2
11969,2
11970,3
11971,0
11972,4
11973,2
11974,1
11975,1
11976,3
11977,0
11978,5
11979,2
11980,0
11981,1
11982,1
11983,0
11984,3
11985,2
11986,1
11987,1
11988,4
11989,3
11990,4
11991,5
11992,4
11993,0
11994,1
11995,5
11996,0
11997,2
11998,0
11999,0
12000,1
12001,5
12002,2
12003,2
12004,6
12005,2
12006,1
12007,0
12008,1
12009,1
12010,4
12011,1
12012,0
12013,3
12014,4
12015,2
12016,0
12017,3
12018,1
12019,0
12020,0
12021,1
12022,6
12023,1
12024,1
12025,1
12026,2
12027,0
12028,0
12029,0
12030,0
12031,1
12032,0
12033,4
12034,0
12035,4
12036,1
12037,0
12038,4
12039,0
12040,1
12041,2
12042,2
12043,1
12044,1
12045,1
12046,0
12047,0
12048,2
12049,2
12050,0
12051,2
12052,2
12053,0
12054,2
12055,2
12056,0
12057,1
12058,1
12059,0
12060,2
12061,0
12062,3
12063,0
12064,0
12065,1
12066,2
12067,0
12068,0
12069,0
12070,2
12071,5
12072,3
12073,1
12074,0
12075,3
12076,2
12077,0
12078,0
12079,5
12080,1
12081,0
12082,1
12083,0
12084,0
12085,0
12086,2
12087,0
12088,0
12089,1
12090,4
12091,0
12092,4
12093,4
12094,1
12095,1
12096,2
12097,2
12098,1
12099,0
12100,4
12101,4
12102,0
12103,1
12104,3
12105,2
12106,0
12107,4
12108,1
12109,3
12110,1
12111,3
12112,3
12113,4
12114,0
12115,0
12116,3
12117,0
12118,1
12119,0
12120,1
12121,2
12122,4
12123,2
12124,3
12125,3
12126,0
12127,3
12128,0
12129,0
12130,1
12131,2
12132,0
12133,2
12134,0
12135,0
12136,3
12137,1
12138,1
12139,3
12140,0
12141,0
12142,5
12143,2
12144,0
12145,4
12146,4
12147,1
12148,1
12149,5
12150,0
12151,0
12152,0
12153,0
12154,3
12155,1
12156,1
12157,4
12158,3
12159,2
12160,1
12161,1
12162,2
12163,3
12164,1
12165,2
12166,0
12167,0
12168,2
12169,0
12170,4
12171,0
12172,4
12173,4
12174,4
12175,0
12176,2
12177,3
12178,2
12179,6
12180,3
12181,1
12182,1
12183,0
12184,2
12185,0
12186,4
12187,6
12188,3
12189,1
12190,2
12191,3
12192,3
12193,1
12194,3
12195,2
12196,0
12197,1
12198,3
12199,4
12200,0
12201,3
12202,6
12203,1
12204,3
12205,4
12206,5
12207,1
12208,1
12209,4
12210,1
12211,0
12212,1
12213,0
12214,3
12215,0
12216,5
12217,3
12218,2
12219,0
12220,1
12221,1
12222,2
12223,3
12224,0
12225,1
12226,4
12227,0
12228,2
12229,2
12230,1
12231,3
12232,3
12233,3
12234,0
12235,3
12236,0
12237,1
12238,0
12239,3
12240,4
12241,0
12242,1
12243,2
12244,0
12245,5
12246,0
12247,5
12248,3
12249,4
12250,0
12251,2
12252,3
12253,0
12254,4
12255,1
12256,4
12257,1
12258,0
12259,0
12260,2
12261,0
12262,1
12263,2
12264,3
12265,2
12266,2
12267,0
12268,1
12269,0
12270,0
12271,4
12272,2
12273,4
12274,2
12275,1
12276,0
12277,3
12278,3
12279,1
12280,1
12281,4
12282,2
12283,0
12284,0
12285,1
12286,6
12287,2
12288,0
12289,2
12290,1
12291,0
12292,1
12293,3
12294,0
12295,2
12296,2
12297,4
12298,1
12299,0
12300,1
12301,0
12302,3
12303,2
12304,1
12305,2
12306,6
12307,3
12308,3
12309,4
12310,0
12311,0
12312,2
12313,1
12314,4
12315,3
12316,3
12317,1
12318,0
12319,1
12320,3
12321,1
12322,2
12323,1
12324,2
12325,3
12326,3
12327,3
12328,2
12329,5
12330,1
12331,4
12332,0
12333,1
12334,4
12335,2
12336,1
12337,2
12338,0
12339,6
12340,1
12341,0
12342,3
12343,1
12344,0
12345,0
12346,1
12347,3
12348,4
12349,1
12350,2
12351,2
12352,4
12353,1
12354,1
12355,2
12356,0
12357,2
12358,0
12359,3
12360,3
12361,0
12362,0
12363,0
12364,0
12365,0
12366,0
12367,4
12368,1
12369,1
12370,2
12371,0
12372,4
12373,0
12374,5
12375,2
12376,2
12377,0
12378,1
12379,0
12380,0
12381,3
12382,0
12383,2
12384,1
12385,2
12386,0
12387,4
12388,2
12389,2
12390,4
12391,1
12392,4
12393,2
12394,1
12395,1
12396,1
12397,2
12398,4
12399,0
12400,3
12401,0
12402,0
12403,1
12404,0
12405,0
12406,2
12407,1
12408,0
12409,3
12410,1
12411,3
12412,1
12413,2
12414,0
12415,1
12416,0
12417,0
12418,0
12419,0
12420,1
12421,3
12422,4
12423,4
12424,2
12425,2
12426,0
12427,3
12428,2
12429,2
12430,3
12431,0
12432,6
12433,0
12434,1
12435,3
12436,3
12437,4
12438,4
12439,3
12440,0
12441,2
12442,1
12443,3
12444,1
12445,2
12446,4
12447,4
12448,2
12449,2
12450,3
12451,0
12452,0
12453,2
12454,2
12455,0
12456,0
12457,0
12458,1
12459,0
12460,1
12461,0
12462,2
12463,1
12464,0
12465,2
12466,0
12467,5
12468,0
12469,3
12470,2
12471,0
12472,0
12473,2
12474,4
12475,3
12476,2
12477,5
12478,3
12479,6
12480,1
12481,3
12482,1
12483,1
12484,1
12485,4
12486,0
12487,3
12488,0
12489,0
12490,1
12491,0
12492,4
12493,2
12494,5
12495,0
12496,2
12497,0
12498,1
12499,0
12500,2
12501,1
12502,0
12503,2
12504,2
12505,0
12506,0
12507,0
12508,0
12509,0
12510,2
12511,4
12512,0
12513,0
12514,2
12515,0
12516,1
12517,3
12518,2
12519,0
12520,0
12521,4
12522,1
12523,4
12524,0
12525,0
12526,0
12527,4
12528,3
12529,0
12530,3
12531,3
12532,1
12533,2
12534,3
12535,1
12536,1
12537,0
12538,3
12539,1
12540,3
12541,0
12542,3
12543,3
12544,0
12545,1
12546,1
12547,0
12548,2
12549,2
12550,1
12551,0
12552,2
12553,0
12554,4
12555,2
12556,1
12557,2
12558,0
12559,0
12560,0
12561,1
12562,1
12563,6
12564,2
12565,1
12566,0
12567,0
12568,2
12569,0
12570,2
12571,0
12572,1
12573,2
12574,1
12575,4
12576,1
12577,1
12578,2
12579,3
12580,4
12581,0
12582,3
12583,2
12584,0
12585,0
12586,4
12587,3
12588,1
12589,1
12590,0
12591,1
12592,1
12593,5
12594,1
12595,0
12596,0
12597,1
12598,4
12599,0
12600,3
12601,0
12602,1
12603,1
12604,4
12605,5
12606,1
12607,4
12608,3
12609,1
12610,2
12611,5
12612,4
12613,0
12614,1
12615,3
12616,0
12617,0
12618,0
12619,2
12620,0
12621,1
12622,0
12623,4
12624,4
12625,1
12626,3
12627,3
12628,4
12629,0
12630,1
12631,0
12632,4
12633,2
12634,0
12635,4
12636,0
12637,5
12638,1
12639,1
12640,3
12641,1
12642,2
12643,1
12644,0
12645,1
12646,4
12647,1
12648,2
12649,3
12650,4
12651,0
12652,0
12653,2
12654,6
12655,0
12656,1
12657,2
12658,1
12659,1
12660,4
12661,3
12662,5
12663,2
12664,0
12665,0
12666,3
12667,3
12668,0
12669,2
12670,1
12671,0
12672,2
12673,1
12674,0
12675,0
12676,0
12677,1
12678,2
12679,0
12680,2
12681,3
12682,4
12683,1
12684,1
12685,2
12686,0
12687,0
12688,0
12689,3
12690,3
12691,0
12692,1
12693,4
12694,0
12695,2
12696,3
12697,1
12698,2
12699,1
12700,0
12701,0
12702,0
12703,3
12704,4
12705,2
12706,1
12707,0
12708,1
12709,1
12710,1
12711,1
12712,1
12713,0
12714,0
12715,1
12716,4
12717,1
12718,0
12719,2
12720,2
12721,2
12722,1
12723,4
12724,1
12725,0
12726,2
12727,4
12728,0
12729,1
12730,1
12731,1
12732,2
12733,3
12734,3
12735,1
12736,0
12737,1
12738,2
12739,2
12740,1
12741,0
12742,1
12743,1
12744,0
12745,0
12746,1
12747,1
12748,1
12749,2
12750,0
12751,3
12752,0
12753,3
12754,1
12755,4
12756,2
12757,4
12758,1
12759,1
12760,1
12761,1
12762,0
12763,2
12764,0
12765,2
12766,6
12767,2
12768,0
12769,4
12770,5
12771,1
12772,1
12773,1
12774,0
12775,1
12776,2
12777,2
12778,1
12779,3
12780,3
12781,1
12782,0
12783,0
12784,1
12785,0
12786,3
12787,0
12788,3
12789,1
12790,1
12791,3
12792,0
12793,1
12794,4
12795,3
12796,1
12797,2
12798,3
12799,3
12800,2
12801,4
12802,1
12803,1
12804,4
12805,2
12806,6
12807,2
12808,3
12809,1
12810,1
12811,1
12812,1
12813,4
12814,2
12815,2
12816,1
12817,1
12818,4
12819,0
12820,1
12821,0
12822,4
12823,2
12824,2
12825,3
12826,0
12827,2
12828,0
12829,1
12830,1
12831,3
12832,0
12833,1
12834,4
12835,1
12836,2
12837,1
12838,3
12839,1
12840,1
12841,0
12842,4
12843,6
12844,2
12845,0
12846,2
12847,1
12848,3
12849,5
12850,4
12851,3
12852,0
12853,2
12854,5
12855,2
12856,5
12857,4
12858,0
12859,2
12860,3
12861,2
12862,0
12863,1
12864,2
12865,3
12866,0
12867,2
12868,1
12869,3
12870,3
12871,3
12872,1
12873,2
12874,3
12875,0
12876,0
12877,4
12878,0
12879,1
12880,2
12881,2
12882,0
12883,4
12884,2
12885,3
12886,1
12887,4
12888,0
12889,4
12890,4
12891,2
12892,4
12893,0
12894,0
12895,2
12896,0
12897,2
12898,5
12899,0
12900,1
12901,0
12902,4
12903,1
12904,0
12905,3
12906,2
12907,0
12908,3
12909,1
12910,4
12911,2
12912,4
12913,2
12914,0
12915,1
12916,1
12917,1
12918,6
12919,4
12920,2
12921,2
12922,2
12923,2
12924,1
12925,2
12926,0
12927,6
12928,0
12929,1
12930,0
12931,1
12932,4
12933,1
12934,4
12935,1
12936,2
12937,1
12938,1
12939,0
12940,1
12941,0
12942,5
12943,4
12944,1
12945,2
12946,5
12947,1
12948,1
12949,0
12950,1
12951,1
12952,6
12953,1
12954,1
12955,0
12956,1
12957,4
12958,1
12959,2
12960,0
12961,6
12962,2
12963,2
12964,0
12965,0
12966,4
12967,1
12968,0
12969,2
12970,1
12971,4
12972,4
12973,3
12974,3
12975,0
12976,0
12977,1
12978,0
12979,1
12980,3
12981,2
12982,3
12983,0
12984,0
12985,2
12986,0
12987,2
12988,2
12989,0
12990,0
12991,1
12992,0
12993,1
12994,2
12995,1
12996,4
12997,2
12998,3
12999,1
13000,4
13001,4
13002,0
13003,0
13004,0
13005,3
13006,0
13007,0
13008,6
13009,2
13010,3
13011,0
13012,1
13013,4
13014,1
13015,0
13016,2
13017,0
13018,0
13019,3
13020,0
13021,1
13022,2
13023,1
13024,1
13025,2
13026,4
13027,0
13028,0
13029,4
13030,5
13031,2
13032,4
13033,4
13034,3
13035,0
13036,1
13037,5
13038,2
13039,2
13040,0
13041,0
13042,2
13043,0
13044,4
13045,0
13046,2
13047,4
13048,2
13049,6
13050,2
13051,4
13052,1
13053,0
13054,2
13055,2
13056,0
13057,1
13058,2
13059,0
13060,0
13061,4
13062,2
13063,2
13064,3
13065,4
13066,0
13067,4
13068,1
13069,0
13070,0
13071,1
13072,2
13073,1
13074,0
13075,0
13076,1
13077,0
13078,2
13079,3
13080,2
13081,4
13082,0
13083,4
13084,2
13085,2
13086,1
13087,3
13088,4
13089,0
13090,1
13091,4
13092,4
13093,5
13094,3
13095,1
13096,0
13097,5
13098,0
13099,1
13100,0
13101,4
13102,2
13103,3
13104,1
13105,2
13106,0
13107,1
13108,3
13109,2
13110,1
13111,2
13112,2
13113,4
13114,2
13115,3
13116,1
13117,0
13118,2
13119,4
13120,1
13121,0
13122,4
13123,0
13124,1
13125,2
13126,3
13127,0
13128,3
13129,0
13130,0
13131,0
13132,0
13133,0
13134,0
13135,2
13136,4
13137,6
13138,0
13139,0
13140,0
13141,3
13142,2
13143,2
13144,1
13145,1
13146,2
13147,0
13148,4
13149,0
13150,4
13151,1
13152,4
13153,1
13154,3
13155,4
13156,1
13157,5
13158,2
13159,3
13160,1
13161,1
13162,0
13163,1
13164,3
13165,4
13166,0
13167,1
13168,4
13169,2
13170,1
13171,0
13172,0
13173,0
13174,2
13175,0
13176,1
13177,0
13178,4
13179,1
13180,2
13181,1
13182,1
13183,0
13184,4
13185,0
13186,1
13187,0
13188,0
13189,2
13190,4
13191,3
13192,2
13193,2
13194,6
13195,1
13196,5
13197,2
13198,5
13199,1
13200,1
13201,0
13202,5
13203,1
13204,3
13205,2
13206,1
13207,0
13208,1
13209,1
13210,2
13211,1
13212,4
13213,0
13214,2
13215,2
13216,2
13217,0
13218,0
13219,0
13220,1
13221,1
13222,3
13223,1
13224,0
13225,3
13226,1
13227,0
13228,0
13229,4
13230,1
13231,3
13232,1
13233,2
13234,0
13235,5
13236,0
13237,1
13238,4
13239,0
13240,2
13241,0
13242,4
13243,3
13244,2
13245,1
13246,1
13247,0
13248,4
13249,1
13250,1
13251,1
13252,0
13253,1
13254,1
13255,0
13256,1
13257,1
13258,1
13259,4
13260,0
13261,1
13262,1
13263,0
13264,1
13265,1
13266,0
13267,1
13268,5
13269,0
13270,3
13271,3
13272,3
13273,4
13274,2
13275,4
13276,1
13277,2
13278,1
13279,0
13280,0
13281,1
13282,2
13283,1
13284,3
13285,4
13286,3
13287,3
13288,1
13289,1
13290,2
13291,2
13292,0
13293,0
13294,0
13295,4
13296,1
13297,1
13298,1
13299,1
13300,2
13301,1
13302,5
13303,1
13304,2
13305,1
13306,2
13307,2
13308,3
13309,1
13310,2
13311,0
13312,1
13313,3
13314,2
13315,0
13316,0
13317,0
13318,4
13319,2
13320,1
13321,4
13322,1
13323,2
13324,1
13325,1
13326,1
13327,1
13328,3
13329,3
13330,1
13331,4
13332,2
13333,2
13334,0
13335,2
13336,4
13337,4
13338,1
13339,6
13340,1
13341,4
13342,0
13343,0
13344,0
13345,1
13346,3
13347,4
13348,2
13349,2
13350,0
13351,2
13352,0
13353,4
13354,4
13355,0
13356,4
13357,2
13358,3
13359,3
13360,6
13361,3
13362,3
13363,0
13364,4
13365,3
13366,0
13367,0
13368,2
13369,4
13370,1
13371,1
13372,0
13373,2
13374,1
13375,2
13376,2
13377,1
13378,5
13379,0
13380,0
13381,2
13382,0
13383,0
13384,0
13385,1
13386,2
13387,2
13388,1
13389,2
13390,1
13391,1
13392,1
13393,1
13394,2
13395,2
13396,0
13397,0
13398,0
13399,1
13400,2
13401,2
13402,3
13403,0
13404,1
13405,1
13406,1
13407,4
13408,1
13409,1
13410,1
13411,2
13412,2
13413,2
13414,4
13415,3
13416,1
13417,2
13418,1
13419,0
13420,0
13421,0
13422,3
13423,1
13424,2
13425,2
13426,1
13427,2
13428,2
13429,0
13430,0
13431,2
13432,3
13433,0
13434,0
13435,1
13436,2
13437,0
13438,1
13439,0
13440,0
13441,0
13442,4
13443,2
13444,4
13445,4
13446,0
13447,1
13448,3
13449,1
13450,0
13451,1
13452,3
13453,3
13454,2
13455,2
13456,0
13457,0
13458,0
13459,0
13460,3
13461,0
13462,4
13463,0
13464,4
13465,2
13466,0
13467,3
13468,0
13469,6
13470,2
13471,1
13472,2
13473,1
13474,3
13475,0
13476,3
13477,0
13478,1
13479,0
13480,3
13481,2
13482,0
13483,4
13484,2
13485,3
13486,2
13487,2
13488,1
13489,0
13490,0
13491,0
13492,1
13493,3
13494,1
13495,0
13496,1
13497,6
13498,0
13499,2
13500,0
13501,0
13502,2
13503,4
13504,0
13505,0
13506,1
13507,2
13508,0
13509,3
13510,1
13511,0
13512,1
13513,0
13514,0
13515,0
13516,1
13517,0
13518,1
13519,1
13520,0
13521,0
13522,1
13523,2
13524,3
13525,1
13526,3
13527,0
13528,1
13529,4
13530,3
13531,0
13532,1
13533,0
13534,2
13535,0
13536,2
13537,4
13538,2
13539,2
13540,1
13541,2
13542,1
13543,0
13544,2
13545,0
13546,0
13547,1
13548,1
13549,2
13550,5
13551,0
13552,0
13553,1
13554,1
13555,4
13556,2
13557,1
13558,1
13559,3
13560,0
13561,2
13562,1
13563,2
13564,4
13565,3
13566,0
13567,2
13568,2
13569,1
13570,3
13571,4
13572,4
13573,0
13574,2
13575,2
13576,3
13577,1
13578,0
13579,1
13580,0
13581,0
13582,2
13583,2
13584,1
13585,2
13586,0
13587,1
13588,3
13589,2
13590,2
13591,0
13592,3
13593,1
13594,1
13595,5
13596,0
13597,1
13598,3
13599,1
13600,0
13601,2
13602,4
13603,3
13604,6
13605,1
13606,3
13607,0
13608,1
13609,3
13610,2
13611,3
13612,1
13613,1
13614,1
13615,1
13616,3
13617,1
13618,0
13619,2
13620,0
13621,3
13622,2
13623,4
13624,4
13625,1
13626,1
13627,2
13628,0
13629,4
13630,2
13631,1
13632,2
13633,4
13634,3
13635,0
13636,0
13637,0
13638,4
13639,0
13640,2
13641,1
13642,2
13643,0
13644,1
13645,0
13646,1
13647,3
13648,2
13649,4
13650,1
13651,4
13652,1
13653,2
13654,1
13655,2
13656,1
13657,0
13658,3
13659,0
13660,1
13661,2
13662,0
13663,4
13664,0
13665,0
13666,0
13667,4
13668,0
13669,2
13670,6
13671,0
13672,4
13673,5
13674,0
13675,3
13676,3
13677,2
13678,2
13679,1
13680,1
13681,2
13682,3
13683,0
13684,0
13685,0
13686,0
13687,0
13688,3
13689,4
13690,1
13691,0
13692,2
13693,4
13694,1
13695,0
13696,2
13697,4
13698,0
13699,0
13700,2
13701,6
13702,1
13703,0
13704,1
13705,0
13706,4
13707,3
13708,4
13709,0
13710,2
13711,1
13712,2
13713,6
13714,5
13715,4
13716,0
13717,1
13718,3
13719,1
13720,0
13721,0
13722,2
13723,0
13724,1
13725,1
13726,1
13727,1
13728,3
13729,4
13730,2
13731,3
13732,1
13733,1
13734,5
13735,0
13736,1
13737,0
13738,4
13739,1
13740,2
13741,1
13742,2
13743,5
13744,0
13745,3
13746,0
13747,0
13748,2
13749,0
13750,2
13751,2
13752,1
13753,2
13754,4
13755,0
13756,0
13757,0
13758,1
13759,4
13760,0
13761,3
13762,0
13763,1
13764,2
13765,1
13766,2
13767,2
13768,0
13769,1
13770,0
13771,3
13772,1
13773,0
13774,1
13775,3
13776,1
13777,4
13778,0
13779,4
13780,2
13781,0
13782,2
13783,1
13784,4
13785,0
13786,3
13787,1
13788,2
13789,0
13790,2
13791,2
13792,2
13793,4
13794,3
13795,1
13796,0
13797,4
13798,0
13799,1
13800,1
13801,1
13802,2
13803,0
13804,4
13805,3
13806,4
13807,3
13808,2
13809,0
13810,4
13811,1
13812,0
13813,4
13814,1
13815,5
13816,4
13817,0
13818,3
13819,1
13820,0
13821,0
13822,5
13823,3
13824,0
13825,2
13826,2
13827,1
13828,0
13829,2
13830,0
13831,0
13832,1
13833,0
13834,4
13835,0
13836,2
13837,0
13838,0
13839,1
13840,3
13841,1
13842,4
13843,3
13844,0
13845,2
13846,0
13847,0
13848,2
13849,0
13850,1
13851,0
13852,4
13853,3
13854,2
13855,3
13856,0
13857,4
13858,1
13859,2
13860,1
13861,3
13862,2
13863,4
13864,1
13865,2
13866,0
13867,3
13868,5
13869,0
13870,1
13871,2
13872,3
13873,0
13874,4
13875,1
13876,1
13877,0
13878,1
13879,0
13880,4
13881,2
13882,1
13883,3
13884,2
13885,1
13886,1
13887,4
13888,0
13889,3
13890,0
13891,0
13892,4
13893,4
13894,1
13895,1
13896,6
13897,0
13898,0
13899,0
13900,2
13901,5
13902,1
13903,5
13904,5
13905,0
13906,1
13907,2
13908,1
13909,4
13910,6
13911,0
13912,3
13913,6
13914,3
13915,1
13916,3
13917,1
13918,4
13919,2
13920,2
13921,1
13922,1
13923,1
13924,1
13925,4
13926,4
13927,1
13928,4
13929,4
13930,0
13931,3
13932,0
13933,2
13934,4
13935,1
13936,1
13937,4
13938,1
13939,0
13940,2
13941,1
13942,6
13943,2
13944,1
13945,1
13946,0
13947,3
13948,1
13949,2
13950,1
13951,1
13952,2
13953,2
13954,0
13955,5
13956,5
13957,2
13958,1
13959,2
13960,3
13961,1
13962,0
13963,0
13964,5
13965,3
13966,1
13967,3
13968,3
13969,4
13970,1
13971,0
13972,0
13973,0
13974,1
13975,2
13976,0
13977,3
13978,0
13979,0
13980,1
13981,0
13982,2
13983,5
13984,0
13985,1
13986,1
13987,2
13988,2
13989,0
13990,2
13991,2
13992,5
13993,2
13994,1
13995,1
13996,0
13997,1
13998,0
13999,3
14000,1
14001,4
14002,3
14003,1
14004,1
14005,3
14006,1
14007,1
14008,2
14009,0
14010,3
14011,1
14012,3
14013,0
14014,0
14015,0
14016,3
14017,3
14018,0
14019,4
14020,1
14021,3
14022,0
14023,1
14024,1
14025,4
14026,1
14027,2
14028,0
14029,3
14030,1
14031,1
14032,4
14033,2
14034,1
14035,3
14036,0
14037,2
14038,2
14039,1
14040,0
14041,1
14042,0
14043,0
14044,1
14045,3
14046,1
14047,1
14048,1
14049,4
14050,2
14051,3
14052,3
14053,3
14054,3
14055,2
14056,1
14057,2
14058,5
14059,0
14060,2
14061,3
14062,1
14063,0
14064,4
14065,4
14066,1
14067,2
14068,4
14069,3
14070,0
14071,3
14072,0
14073,3
14074,1
14075,4
14076,3
14077,3
14078,4
14079,1
14080,2
14081,0
14082,5
14083,1
14084,4
14085,5
14086,0
14087,0
14088,0
14089,0
14090,2
14091,0
14092,4
14093,3
14094,3
14095,0
14096,1
14097,3
14098,2
14099,0
14100,5
14101,0
14102,0
14103,0
14104,1
14105,2
14106,2
14107,3
14108,0
14109,3
14110,3
14111,3
14112,0
14113,3
14114,0
14115,4
14116,1
14117,0
14118,3
14119,0
14120,1
14121,2
14122,0
14123,4
14124,4
14125,0
14126,1
14127,0
14128,0
14129,1
14130,4
14131,2
14132,0
14133,2
14134,3
14135,1
14136,2
14137,2
14138,4
14139,4
14140,1
14141,4
14142,4
14143,2
14144,1
14145,2
14146,0
14147,2
14148,2
14149,1
14150,2
14151,1
14152,0
14153,0
14154,0
14155,4
14156,3
14157,1
14158,2
14159,3
14160,4
14161,4
14162,2
14163,1
14164,1
14165,1
14166,4
14167,4
14168,0
14169,2
14170,1
14171,3
14172,0
14173,0
14174,1
14175,1
14176,3
14177,1
14178,3
14179,1
14180,4
14181,1
14182,4
14183,2
14184,2
14185,3
14186,3
14187,1
14188,2
14189,4
14190,1
14191,0
14192,0
14193,0
14194,3
14195,1
14196,4
14197,2
14198,3
14199,1
14200,0
14201,2
14202,0
14203,3
14204,0
14205,2
14206,1
14207,2
14208,2
14209,1
14210,2
14211,0
14212,3
14213,2
14214,2
14215,0
14216,3
14217,4
14218,1
14219,0
14220,2
14221,4
14222,1
14223,3
14224,1
14225,1
14226,1
14227,1
14228,2
14229,0
14230,1
14231,1
14232,1
14233,2
14234,4
14235,0
14236,0
14237,0
14238,1
14239,2
14240,6
14241,2
14242,4
14243,4
14244,0
14245,2
14246,1
14247,1
14248,3
14249,3
14250,3
14251,0
14252,0
14253,2
14254,1
14255,1
14256,3
14257,1
14258,1
14259,1
14260,6
14261,2
14262,4
14263,4
14264,0
14265,0
14266,4
14267,1
14268,1
14269,0
14270,2
14271,1
14272,2
14273,0
14274,5
14275,2
14276,0
14277,1
14278,2
14279,0
14280,4
14281,0
14282,1
14283,1
14284,2
14285,3
14286,4
14287,1
14288,2
14289,4
14290,5
14291,0
14292,2
14293,4
14294,0
14295,0
14296,2
14297,3
14298,0
14299,0
14300,0
14301,1
14302,1
14303,5
14304,1
14305,0
14306,1
14307,1
14308,3
14309,1
14310,0
14311,0
14312,3
14313,1
14314,1
14315,3
14316,4
14317,2
14318,3
14319,1
14320,1
14321,2
14322,2
14323,0
14324,1
14325,1
14326,0
14327,4
14328,0
14329,0
14330,0
14331,1
14332,4
14333,4
14334,2
14335,2
14336,2
14337,3
14338,0
14339,2
14340,0
14341,3
14342,0
14343,2
14344,2
14345,4
14346,1
14347,4
14348,0
14349,1
14350,1
14351,4
14352,1
14353,2
14354,2
14355,0
14356,4
14357,0
14358,4
14359,0
14360,1
14361,5
14362,3
14363,0
14364,4
14365,2
14366,1
14367,1
14368,0
14369,3
14370,0
14371,4
14372,0
14373,4
14374,4
14375,1
14376,1
14377,1
14378,3
14379,2
14380,2
14381,3
14382,1
14383,1
14384,0
14385,0
14386,0
14387,0
14388,4
14389,0
14390,2
14391,4
14392,1
14393,4
14394,0
14395,4
14396,3
14397,4
14398,0
14399,1
14400,0
14401,2
14402,1
14403,4
14404,6
14405,1
14406,3
14407,0
14408,1
14409,0
14410,4
14411,3
14412,1
14413,0
14414,3
14415,0
14416,1
14417,1
14418,1
14419,0
14420,0
14421,0
14422,0
14423,0
14424,3
14425,4
14426,0
14427,0
14428,2
14429,0
14430,2
14431,4
14432,0
14433,1
14434,3
14435,1
14436,4
14437,0
14438,1
14439,0
14440,0
14441,0
14442,2
14443,1
14444,3
14445,4
14446,0
14447,0
14448,1
14449,2
14450,4
14451,1
14452,2
14453,0
14454,0
14455,0
14456,5
14457,0
14458,0
14459,0
14460,2
14461,2
14462,1
14463,0
14464,3
14465,3
14466,2
14467,1
14468,3
14469,4
14470,5
14471,3
14472,3
14473,3
14474,1
14475,0
14476,1
14477,2
14478,5
14479,1
14480,3
14481,0
14482,4
14483,0
14484,2
14485,5
14486,3
14487,3
14488,1
14489,0
14490,3
14491,3
14492,1
14493,2
14494,3
14495,0
14496,1
14497,0
14498,1
14499,2
14500,1
14501,5
14502,0
14503,3
14504,0
14505,1
14506,1
14507,0
14508,3
14509,1
14510,3
14511,2
14512,1
14513,3
14514,4
14515,3
14516,0
14517,3
14518,1
14519,1
14520,1
14521,0
14522,2
14523,1
14524,1
14525,0
14526,4
14527,0
14528,1
14529,2
14530,1
14531,1
14532,1
14533,1
14534,1
14535,0
14536,1
14537,0
14538,3
14539,0
14540,2
14541,4
14542,4
14543,3
14544,1
14545,0
14546,1
14547,2
14548,1
14549,3
14550,6
14551,1
14552,0
