method,gene,A1BG,ACMSD,ADAMTS20,ALAS1,ANK2,ANXA1,ARHGAP27,ASH1L,BAG3,BAP1,BARX1,BCKDK,BICD1,BIN3,BMP4,BORCS7,BST1,CA8,CACNA1B,CAMK2D,CARS2,CCDC62,CCDC82,CCNT2,CD38,CERS6,CFAP20DC,CLEC19A,CNKSR3,CNNM2,COL13A1,COL5A2,COQ7,CRHR1,CTNND1,CTSB,CYP17A1,CYP1B1,DCUN1D1,DDRGK1,DGKQ,DLG2,DMRT2,DNAH1,DPH6,DYRK1A,ELOVL7,FAM171A1,FAM200B,FAM47E,FGF10,FGF20,FNDC3B,FYN,GAK,GALC,GCH1,GPNMB,GPR65,GPRIN3,H2BC13,HASPIN,HIP1R,HLA-DQA1,HLA-DQB1,HLA-DRA,HLA-DRB1,HLA-DRB5,HSD17B1,HYCC1,IGSF11,IGSF9B,IL1R2,INO80C,INPP5F,ISM1,ITGA8,ITIH3,ITIH4,ITPKB,KANSL1,KAT8,KLHL7,LAMP3,LDLRAD4,LRRC37A3,LRRK2,LSM7,MANEA,MAPT,MCCC1,MDGA2,MED12L,MICU3,MMRN1,MRPS30,MUC12,MYLK2,NAA11,NCKIPSD,NDUFAF2,NGEF,NISCH,NSF,NUCKS1,NUP42,OGFOD2,OR9Q1,PAQR3,PARP9,PDE10A,PDLIM2,PHF7,PKP2,PLEKHM1,PLEKHN1,PM20D1,PRAG1,PRDM15,PRDM2,PRICKLE1,PRSS53,PTPDC1,RAB25,RAB29,RAI1,REDIC1,RERE,RIT2,SATB1,SCARB2,SCN3A,SEMA5A,SETD1A,SFXN2,SH3GL2,SIPA1L2,SLC2A13,SLC39A8,SLC41A1,SLC45A3,SMARCA2,SNCA,SORBS3,SPPL2B,SPPL2C,SPTSSB,SREBF1,STAB1,STAP1,STBD1,STH,STK39,STX1B,SV2C,SYT10,SYT11,SYT17,SYT4,TAS1R2,TBC1D5,TEKT4,TIAL1,TLR9,TMC3,TMEM163,TMEM175,TMEM229B,TOX3,TPM1,TRPM2,TSHZ2,UNC13B,USP25,VPS13C,WDR41,WNT3,WNT9A,ZDHHC2,ZFP64,ZNF184,ZNF396,ZNF608,ZNF646
attention_zero_shot,CYP4F12,0.016050909985897695,0.35874157870696,0.1011528524900539,0.06324883365888183,0.11150000770070498,0.09084884472173117,0.022524645442281457,0.07450928841041896,0.1402746453174348,0.1662896311051954,0.04534803619942534,0.4634599237937899,0.08658863222205783,0.011931704657270566,0.050826230637409486,0.08895847485947175,0.028572425876400784,0.006920771540190525,0.016915018492267446,0.16317332530005235,0.1252874110478559,0.04266225443731479,0.0,0.0766311292518901,0.12525538224140167,0.4771437218280952,0.0,0.0,0.01393367308059975,0.12476242677144599,0.06763353763997428,0.009209213266612256,0.4173748022857629,0.0896701517865178,0.07476681306861373,0.16479780188469703,0.6053264489147593,0.4056410898007962,0.07448912173103957,0.09223961908181676,0.35367297157761235,0.1287118735018554,0.014259252744263795,0.00978461100837156,0.08420451151680168,0.08275683940699338,0.7146368956333466,0.07032570167235142,0.0,0.016151990112059783,0.04722877386628591,0.03105302615255116,0.0,0.09634358889675305,0.014597051319689235,0.5117410826619689,0.2446773943321611,0.029603031222806275,0.026959042620044824,0.05978729065679283,0.0074810008766080715,0.07878708854348115,0.0684025901801735,0.011259348456070782,0.012635986132294996,0.04221337665429251,0.03237834446459836,0.012125452183460842,0.5176473998765747,0.3053646129679327,0.07076854218806657,0.008863492832069317,0.08575405105683984,0.08504292532202999,0.2704732219465383,0.007353269149513596,0.038326331655305024,0.07958732789036026,0.06821770962030879,0.31915955032571103,0.018692325069835453,0.03089366520788793,0.16234376664018627,0.011907135642150481,0.020744541475006543,0.0,0.08184291339964955,0.16820516091725315,0.0,0.08481145659877126,0.44097992120078294,0.006382167553160051,0.011762965288989652,0.08282994739833292,0.09542190705350259,0.12422895264087937,0.007965824026875817,0.14218522293762365,0.07990221772983655,0.017018071603777496,0.0455685013673067,0.023502397007464527,0.017277831400030762,0.015857733093137184,0.15076798384898646,0.007578912788971899,0.0,0.09125732140497887,0.09577312189825601,0.09861288119948651,0.13080979468139478,0.14234914460722237,0.0072143147590394766,0.05760634549991588,0.1066050257353329,0.06504462750230208,0.6233036786970558,0.0668292072011595,0.08243220560932595,0.10652748520889982,0.06768796257019968,0.1175833536614918,0.00990164692825772,0.015998536315973356,0.036163811764690176,0.01739687075201378,0.007738701901835589,0.03888492382748036,0.03404755574478726,0.02353938187010448,0.048073040497581904,0.07193161810549462,0.03758374621644013,0.07179581276208473,0.009177890513258869,0.03834714257358849,0.013784065407867533,0.06659352996816406,0.22015215717299577,0.052217782335780664,0.019049385466156844,0.03607133762957172,0.16335850671578628,0.02076810151950072,0.11720744938449476,0.1999501084397692,0.5085222905264536,0.2280281389177291,0.015553745112696731,0.02710408644555855,0.1589778565459061,0.006588641608422216,0.19807304877319104,0.04488948166690986,0.01707621901591449,0.08113371506486786,0.11909571551008952,0.06440810006378189,0.05575470225053878,0.10521176042860507,0.14978463175773293,0.010094692925092253,0.021525461934996618,0.05192460211557603,0.009425961227364655,0.007789540880935044,0.11804988246445049,0.04815127146551265,0.022397346385458507,0.07324422616463888,0.05113391630632921,0.01598927889489867,0.08287793770404163,0.13865486946351752,0.01162565266126419,0.13789382086195365,0.06405149482079296,0.019704634672880167,0.09806604067644133,0.015451685508785238,0.012209459011638044,0.015967921045887016,0.013808628509289439,0.012209459011638044
attention_zero_shot,CCL4,0.12701851435821063,0.020542963776740687,0.16161778666215587,0.20358247221296602,0.23690437472823592,0.521899247785189,0.1953887811573998,0.2593592436354512,0.19394217539720449,0.09352154263539994,0.17013799555227455,0.025370431189325228,0.1011425770481765,0.04375853032381395,0.1615942609654005,0.08192132657461987,0.46681851998982554,0.1330653062729101,0.23302130870869503,0.2809823760466057,0.007008469241508188,0.2204774416586841,0.0,0.19773510981385486,0.3463674031643923,0.22501269749115535,0.0,0.0,0.16696271458270623,0.0028828311959372462,0.13345105691645517,0.09438640089754172,0.07832580121757887,0.39840468716664335,0.28928216844154986,0.1575801607748974,0.021210420268248764,0.22213682720155115,0.07349594468057451,0.22387877129894695,0.25002666867557255,0.2852577817382362,0.08852406278456519,0.11525314257235532,0.004182370163677008,0.18370641235760485,0.00869453049341713,0.02943010639570331,0.0,0.06734828512289749,0.23000275765118763,0.3218081456615341,0.0,0.36128116701270885,0.024721217907557613,0.007465279675685148,0.17770608335776844,0.4252320089206266,0.4379229521010136,0.19257291325275253,0.004120594824057847,0.12289116333422422,0.1964761402436428,0.42930351698990893,0.47107604778845497,0.3741235486245828,0.46493137629804876,0.3943403268483819,0.08940772876048297,0.006224246902499322,0.2473863462525948,0.08839572689399748,0.39323461374993135,0.22070971578145715,0.2570974477677549,0.02780147368918967,0.2620989906490948,0.0037190600098101086,0.25526827365809085,0.33396198123668763,0.08893931157012495,0.12173612872391046,0.006767743846596248,0.30879825215096945,0.2010595525278822,0.0,0.24759631686401593,0.027299182127383005,0.0,0.18506812679304235,0.0048330529273299455,0.0034548639941559284,0.09323089481882423,0.16618310338919665,0.22680119198998389,0.007199054660707214,0.0332584950169229,0.18566570752068776,0.0033800031271549024,0.06680221184522615,0.06316957843646796,0.13318235068493137,0.14679271256518686,0.08337027966899785,0.3091000647767988,0.0046112765023400126,0.0,0.31507127926053696,0.14911394742291725,0.4246864757183033,0.1927239329958954,0.005557845596091451,0.022120172950175952,0.251434393735005,0.059127772176433724,0.24794049187822895,0.008313714190179391,0.25731382762888144,0.15547377119847622,0.0906597565983797,0.18657111575812182,0.005883803859544869,0.00656077026728692,0.14737141432794348,0.2477642875984791,0.08920422523786756,0.0043036796601644825,0.10612222211187115,0.369776698235821,0.05403085919825952,0.10820996407197249,0.10813866846931885,0.3630749829427461,0.15703261084664621,0.0063682717891409245,0.22022677257115608,0.10649058350906705,0.04356795217253883,0.06403251145370716,0.08269508760913596,0.074502533787535,0.1474877086787568,0.27170211609990835,0.3118144444185297,0.06503671782164977,0.022744443964466083,0.0085026904330569,0.26760630826108994,0.4604803268365053,0.4064826267706923,0.007643524708952062,0.05994269704255257,0.43984267473431005,0.1294585431459642,0.1397315707493959,0.2207414140244319,0.20797596110080666,0.11070854947062238,0.20474489958617978,0.26181348518406666,0.1940002171224847,0.046159788502909575,0.28852409800668566,0.4708827001468968,0.005603798292484589,0.004939592245492164,0.018848740794783908,0.2442047394858667,0.09353688821401399,0.2150051812611095,0.17746988515555562,0.06826562680784966,0.26629223201679175,0.2069462697730966,0.12160005835973461,0.09677478157937054,0.21437426269407914,0.2015821113783751,0.11642037849466988,0.08551687546193264,0.050673599725634275,0.05482596344707567,0.05074035600268078,0.050673599725634275
attention_zero_shot,IL1B,0.16290031872680266,0.06812752169975934,0.3447713756397085,0.11300784646018468,0.36896111182593955,0.5780215366756191,0.21848182151801,0.41851648652945833,0.33328776024916007,0.30656940371760827,0.2796064298493225,0.1083662499192138,0.19283975068008416,0.06234044510311782,0.4843004309423191,0.08539933111999976,0.389142909397852,0.20331544728437995,0.239519884475368,0.3783015800062634,0.014032334565539746,0.2906680259296091,0.0,0.25179160020909247,0.5068956623617047,0.18896278797780067,0.0,0.0,0.2534580869461754,0.010475083071698428,0.03301702121924183,0.11829538016738157,0.2333758013019949,0.35290720596458297,0.3548173102338411,0.14037946891886074,0.09229913759978899,0.4207033650981574,0.15274283930662222,0.4653555798390298,0.4512972547893758,0.1256062291834443,0.23577443922016394,0.041050119770958585,0.007183131925497705,0.3355294389674021,0.032614481491403356,0.08351262655336211,0.0,0.18309834707106173,0.47015293182925194,0.42012335885536867,0.0,0.5130327519750876,0.06669608992526982,0.024671038439203506,0.29263547922220845,0.4457343874778862,0.3881075267996714,0.132843266511636,0.0020412819178219624,0.13669970989458544,0.3252636891443985,0.3285565023674996,0.3745944600279907,0.3625930154445734,0.5775120364514165,0.3210240340934597,0.13539086579893714,0.008290246382309359,0.20815913031079938,0.012534513860439588,0.3750081958474906,0.34239718350328935,0.2972950198943244,0.13315707032091686,0.31077145643564946,0.01448557083661646,0.10569868897478117,0.3975371353716033,0.2007466677445171,0.3593219096094671,0.009825358537553508,0.34428292831288515,0.25219283552965877,0.0,0.500460878674075,0.08595223954168818,0.0,0.3548352966795048,0.0054083720284246505,0.0071554149211855355,0.20647344665070644,0.23132226154672209,0.22525840022342516,0.02757400298089756,0.06353622801217809,0.35172533466138156,0.004496695752180815,0.15053345701119894,0.13341031488605176,0.23511593561295252,0.11955208014271469,0.22663050260195694,0.3301499635300848,0.002296243260709987,0.0,0.1846888879343325,0.3167235644686884,0.4355370831053498,0.21899929634465473,0.010936119492230138,0.06502475329553074,0.22229293730105645,0.16134563877644587,0.24297972684411034,0.040746093035805925,0.2651312508144504,0.314725360126637,0.23133820815788447,0.35797864186267503,0.007438329358003837,0.002797972546081333,0.22040720774690098,0.2904592393119825,0.22927124941282306,0.011196723059703347,0.23264039330388003,0.40590184153370223,0.1413851305842362,0.18177129895884175,0.09171170129483833,0.41071269159871543,0.13017862769590272,0.0028822051317841393,0.3167280615835442,0.16804129827571498,0.15173264208390347,0.241873195108267,0.04605661899656337,0.20459432217983642,0.36701258586340696,0.42701538912081455,0.33348977663490026,0.15357962649890325,0.08492670571733617,0.017480733936360508,0.48035453954818874,0.24940265916165671,0.4804376156533255,0.010056612740534656,0.18033856989873356,0.46753149930782484,0.24113935424062186,0.1420611953479497,0.18707561536406603,0.3493537586032576,0.16867579652046422,0.27026657797358483,0.24132368737527546,0.19118249899683876,0.01722765873005298,0.3325601905918749,0.706944035150385,0.002599303090344599,0.0022178298175966446,0.04818120738796542,0.06859470153504847,0.23581484519691406,0.3075426387428669,0.18757418610182605,0.14255293519116602,0.3014621492972354,0.2757765160852705,0.11453883375903927,0.20467010385182077,0.45990087246021805,0.25659477617563203,0.2353305218857384,0.2000652097247297,0.12821097490632882,0.13985297869665625,0.1362646112668084,0.12821097490632882
attention_zero_shot,GPR183,0.14541617128664394,0.02105088042543008,0.23115854938250308,0.13683587579730283,0.20170119006029869,0.5527978271430388,0.21309242571448228,0.3072850758997262,0.19223235311620762,0.3163259687380711,0.22163809912335874,0.0675464631347234,0.10211960481242116,0.1393026764035042,0.33296817028087744,0.10639718634908266,0.5344021558096762,0.07479280871773412,0.105947029310227,0.2285837468639788,0.009060675117140825,0.24522460161923773,0.0,0.11085915577256127,0.4476894087280049,0.1314917380387441,0.0,0.0,0.1259622437156196,0.04710927212522184,0.1303006246621092,0.13401557532901903,0.11039010425836573,0.5226009436163656,0.22534880754693432,0.1353470309044141,0.046459113729158154,0.22436962899706112,0.0579431654463185,0.2329452361732077,0.31838863745370116,0.09944299972616714,0.12311242260970899,0.16698926701116754,0.005492834358606217,0.15878845688111462,0.009505788704272771,0.028950811243211326,0.0,0.052652091376983776,0.3581718832586795,0.3799293072107305,0.0,0.4397432134109409,0.02677682020721668,0.008875981733269457,0.14387493043077837,0.42151835836144624,0.5962352702339228,0.18379543192909678,0.00618717910622619,0.1403828441445744,0.16790611096862218,0.5191524682294428,0.5773978294189914,0.48961481048678007,0.5932710329043811,0.49983696152351514,0.0910635517238657,0.007518325393364634,0.07595759812613569,0.058183305944853714,0.48355257434648724,0.16347485669604578,0.19711919834771838,0.049920616617624404,0.22450984949877983,0.005650447346755551,0.08218421859110434,0.4880690881779931,0.07009075639328123,0.21440965129843229,0.008377789876719792,0.3994006624299376,0.15792133331533284,0.0,0.27204525366776133,0.028729085927454986,0.0,0.18654697239213394,0.006064716820008594,0.07485193764639964,0.07033140404125132,0.1311346118430843,0.17232629961678644,0.009335820442465814,0.031367711503723215,0.27016323984691737,0.005187293271830321,0.053719625173181296,0.041010275965738315,0.21539195703820999,0.10656043126913331,0.05228390385112633,0.18978594245546782,0.006707847373448016,0.0,0.3997577299436012,0.1495970250170545,0.44894601801497697,0.21069935018264807,0.05892653276524308,0.0776211561461249,0.09719237282752281,0.06456950781130438,0.13721748497297506,0.10501834701951261,0.2551966112678078,0.14475635329633385,0.1206603148952935,0.26106841216066135,0.007985189267801346,0.008577801013385657,0.14335807461745131,0.24537831243312094,0.11701213634211853,0.006427787946754902,0.20261189519311867,0.3078903950485196,0.0508246483322798,0.08856962486524561,0.09686759626042139,0.3934216116663521,0.12108080778247646,0.00843445086693768,0.2661059643227925,0.11147308202546846,0.09261708599063292,0.11274832950932313,0.06542367648520456,0.058427822106484804,0.1884184262908454,0.19512867505913128,0.16509600081088,0.08958952709708336,0.10134914982575903,0.009538238093177028,0.23845802506378747,0.12331028406542832,0.29049622333419517,0.009052504416845367,0.04430160105813818,0.3696650950133429,0.09829390575557279,0.05272194156321782,0.11492542478048255,0.1887335729679946,0.13089875236637327,0.15367067308247037,0.3674376737682205,0.09245086168918105,0.1175876375684348,0.18744692766137047,0.4855196533788097,0.00806606531624306,0.006571819477038325,0.06486171927132196,0.21521512431308001,0.07484946539318182,0.2044649260360838,0.31315719125500846,0.05976419685511836,0.13038437757102628,0.1415108743076577,0.06929707953267925,0.08732366174205558,0.30124507550080604,0.2822943762327769,0.07913481256467973,0.1353148103261849,0.04582777021369687,0.04810598678935285,0.045419459729783625,0.04582777021369687
attention_zero_shot,P2RY12,0.17374904978403752,0.02936268841199572,0.2527636468274471,0.11670463567652319,0.3777696412603864,0.47472092666926824,0.29488834786585233,0.2928696104706239,0.241762335251106,0.1643967074651656,0.2173903512240173,0.04548950711763399,0.1868510643018319,0.15740737703786611,0.2532860408663827,0.20163912342833612,0.3854468173409768,0.11269657936047028,0.2573586628628,0.31547003088289133,0.0074942402375357195,0.24162780648597304,0.0,0.11412762611371417,0.3710917510794755,0.0871001006113344,0.0,0.0,0.1603840376846215,0.07161127890713412,0.10497327064015548,0.12196665554234415,0.1209565628986824,0.4213299999102165,0.31592979695807233,0.11067713849916974,0.08524487815930393,0.2956977549834859,0.07859422438132671,0.2723781452350026,0.3844486759378831,0.17537468621775276,0.124534981770626,0.10047067765640637,0.004596308132536091,0.19422928766579606,0.008217333209417822,0.0953116835215827,0.0,0.11395354009093277,0.312061121720424,0.337634945895395,0.0,0.4659466824638656,0.17642706478025272,0.007466293316494236,0.16616487267045502,0.3478574876503303,0.42922378787534765,0.24290671113127266,0.02085174877923838,0.2186221316103983,0.35464155407608083,0.21078891845425649,0.2729940005701134,0.2349207548387689,0.3403816285569249,0.20774924972344772,0.12598537287429584,0.03598407856207907,0.17206406682058975,0.05103820048741536,0.22978792312385787,0.20164749301932808,0.3176461673858309,0.04018850118196045,0.36125632715049294,0.004692822991334838,0.05315822789080451,0.33826225690984196,0.12157132354583192,0.16219028449671577,0.006885596345593591,0.15487368961519934,0.2060919219305947,0.0,0.4060814012604261,0.040725709899926577,0.0,0.3191741869271354,0.0050888639631386165,0.025969967697414827,0.10688886461479129,0.2215742427179993,0.3082838020010962,0.007610227988475319,0.07198689232403392,0.2535767515036217,0.004323405734732564,0.16244888539225483,0.18442197603914434,0.21929339577773804,0.2345890485096478,0.19065877986837293,0.1785159813748329,0.07399825419559838,0.0,0.332452769904735,0.22864792943756926,0.28994907815393683,0.2258517499665025,0.034988657263877114,0.03147866608928245,0.2613019993449391,0.19725063513337526,0.16212173707479877,0.049610923611585485,0.30640336443735305,0.1562694504270356,0.14603740972244336,0.3567419024217314,0.00653823240505516,0.11468911528457672,0.26303743138809066,0.2773192517662612,0.11896093060143634,0.005307250797480833,0.19273023703699046,0.4282912629346366,0.08815382034559979,0.21215122543541076,0.23349376470490202,0.41358101406625575,0.12502143787500833,0.10722223447989433,0.37218083100005095,0.13577312238898753,0.16320096099221612,0.31135436029009067,0.19944651964697208,0.12743919153229324,0.19955997938387962,0.3262475165178705,0.31504112423783837,0.1281362239118497,0.08869851534992503,0.02222630151572228,0.29176133897952006,0.15212910629462562,0.4278913911106586,0.07755237134328231,0.07337796750484815,0.49971515483341994,0.292411927133297,0.11298867016887276,0.1786658778905616,0.2767305592484011,0.17085567181500272,0.265605706409768,0.33558668216495935,0.17207645107294264,0.11388239703749951,0.14444502679375573,0.3863205516224124,0.055478425929794045,0.056095964001921274,0.22606323262410663,0.07708139240164469,0.10771711470054335,0.3386140696194489,0.46329362628457815,0.07589297917962595,0.23502809387416598,0.18678025517302768,0.1342376108166903,0.1379748763840387,0.33654425619449296,0.20998001566456756,0.22369179693901164,0.10953150117568146,0.06249487578590344,0.0629123688947789,0.06118221171751401,0.06249487578590344
attention_zero_shot,CH25H,0.0201570190915907,0.2028209360818375,0.109580004279623,0.22109715673749766,0.03784213671252468,0.16665111238085767,0.027236867908011324,0.1371386055808591,0.0789509658671749,0.13995904408835583,0.056827240914218764,0.4107924585639265,0.13378494094697335,0.07438272748233032,0.06874043187249713,0.034773091833842334,0.10949686435266828,0.01060790529178702,0.043158376372219226,0.11039401525403278,0.15864776319306192,0.08535461209371967,0.0,0.1464071571128295,0.1982959814079759,0.5486188644953434,0.0,0.0,0.03813995463329667,0.004997777927684888,0.009620573319663442,0.040983825499410556,0.2655712199919724,0.09718592185461429,0.10034182616420766,0.12919793414086492,0.6452179880313708,0.4087507701262472,0.12287858564705027,0.12954507503343454,0.4438962219810094,0.07650252804898428,0.05677008676066228,0.14252364871440482,0.07671283881565542,0.1828549345277098,0.6169030466056318,0.017263767395766065,0.0,0.027301109887355606,0.06551839504354923,0.044145241946451134,0.0,0.17715566164370938,0.06696137730000161,0.5134331540407627,0.30861578464837564,0.11574351523957087,0.11739560784768192,0.04546371179971849,0.007361439756987911,0.12209742156867884,0.11655224889572605,0.1710136577167642,0.1706925249255091,0.15171264342856267,0.19185046536340639,0.1503644820251834,0.6435249412730868,0.35580198335312924,0.054390457416663554,0.008846457822032354,0.16937470367974242,0.17156762139661533,0.28679441141019324,0.02888152599304095,0.026428687156423464,0.06927249634908982,0.14647786994712067,0.40201894300515595,0.05401355192798561,0.10615094351984815,0.11520350504450119,0.22916932493075173,0.06976310055648263,0.0,0.11403456265731497,0.13464825687668852,0.0,0.12460699673262249,0.1514518955781271,0.006217788440671448,0.05414459689243415,0.046706892410237594,0.04560573651432179,0.1628010204718034,0.060195465465155425,0.07167422742229199,0.07067292047201953,0.07031777743276726,0.028592098906044736,0.09810530875938614,0.03793540325736202,0.03349363579617067,0.12623817336414947,0.007482533193392239,0.0,0.047191669435407355,0.25472567194423873,0.19846455445207672,0.08794019272027857,0.0924305890798625,0.027900570574592585,0.024965982110761665,0.09461354149447358,0.07039017204341523,0.4460869206914982,0.1553163194722283,0.12521296630114123,0.13616961319225426,0.09729527809973601,0.10880426453659892,0.009944725646060283,0.019545715240220442,0.06676028026503274,0.0713224249367929,0.007633183287821295,0.10493334646413659,0.12532744477188112,0.08031867567465156,0.0927041470510154,0.02910791606927527,0.14733633218107695,0.11100817837617663,0.00918945546361046,0.07672013335378061,0.017721462324181387,0.025449752545576108,0.06739847095754949,0.04182097795011121,0.10052473880074173,0.14157023664587484,0.2079031939332194,0.07277566330761803,0.1134740587444051,0.07886224814136486,0.5438301670924373,0.457603168121215,0.06740706126384775,0.1265910257539022,0.0824958230355055,0.028958356254147555,0.11172335257448784,0.07794329842917434,0.02016767223911279,0.02415749679129858,0.14380504822077128,0.07437805322513696,0.0780143771455221,0.03666210146321617,0.12866156894880224,0.07659500180153968,0.07918960000557945,0.13366089359771122,0.009443042220775986,0.007703032258882194,0.014451946179517597,0.032962603988123736,0.06955683700413598,0.07841289052443473,0.11062630067953662,0.054196794914095896,0.06250146805023672,0.14750672172560292,0.056875071432632464,0.11055127347409925,0.09590002604842533,0.06016986253706744,0.08166641851829215,0.04318470277154723,0.056287870275686346,0.07625793937246952,0.06751264610889549,0.056287870275686346
attention_zero_shot,CD69,0.24124767668762664,0.03532188119689799,0.11184547715444076,0.18553525271180138,0.09641478497635604,0.3291527033527714,0.15147649651249018,0.13849057892124741,0.10207178249645535,0.06770737050483472,0.07111457580986796,0.02120663210328381,0.03660774470768862,0.07568065792437405,0.1289277571645345,0.04828889617336412,0.3752901611187881,0.10350877400986949,0.06258427445530224,0.1330263115422258,0.007108038499987612,0.14803568766716366,0.0,0.07762729479643761,0.2936185906536944,0.046661085577400487,0.0,0.0,0.13260521982431817,0.002933040911842021,0.006302686085420714,0.1124770710539199,0.046301945131053394,0.28509467291789176,0.182703804880451,0.0675524948575821,0.02099078098295935,0.1634301873586803,0.03626343156850731,0.12939548930724548,0.1388066215791586,0.05868524002326469,0.08919238621775744,0.2341759197786415,0.005315524144073982,0.08927711386846612,0.007567427869275032,0.135520352904092,0.0,0.02965629052741831,0.09675294282871949,0.21287458384432215,0.0,0.2711647578106329,0.031047148959720328,0.007227124121329781,0.12180438889677231,0.29439359299989987,0.4560827737739913,0.09751180952955252,0.005340580543577067,0.09338094787489554,0.0943044118848059,0.44669638537893697,0.4493308808189738,0.43505657724006574,0.3669023754418738,0.4389331723469727,0.054381964671217885,0.006908499930366215,0.035322455203631246,0.005826953474458906,0.23950438380006672,0.1798912086747703,0.11971933533677423,0.19367751842917638,0.0533411342913702,0.004949987797121621,0.12595929660956065,0.3142291640642845,0.03950789582919511,0.12030057779638904,0.007432575382750496,0.23142521731658336,0.2344083032901933,0.0,0.13441198877459448,0.049188325808255655,0.0,0.08782573318872022,0.005756870277504544,0.004303814664616038,0.04264027401061466,0.0829639527635721,0.26402403815037284,0.007680480614403876,0.03419949222794036,0.07860135549880495,0.004601716480308365,0.032089251394572645,0.042578111454314824,0.12398990732523875,0.19372407730043475,0.023735058922123055,0.15603164693120475,0.00499862222924619,0.0,0.24533863797213074,0.08427177251459156,0.3078571683754833,0.14357855402507816,0.00567972811701637,0.06083818939065258,0.10471759917195292,0.06799486325506193,0.11224492831521339,0.006861614114135741,0.3617370196730213,0.10537105579233705,0.06283581694501701,0.1032330585608838,0.006839681028748356,0.0072844022629087275,0.11275452235035772,0.08759122247615317,0.10518643657343218,0.005511165898668763,0.1282596398179574,0.1760989337341405,0.07410337311568908,0.022915690033108112,0.04025099203725793,0.24560944899563275,0.13064947632440713,0.006212571773640931,0.09961422815382044,0.13827991950872998,0.01623327344576806,0.033092510601079594,0.07399016609821915,0.10827735619401326,0.17055066816428474,0.12667441890351896,0.10291235908450462,0.14178716197689425,0.017661613062614354,0.007929165355112353,0.1767415094763391,0.17118068713233622,0.3490929742720807,0.007268035837163537,0.028327269401809695,0.2101619560109432,0.05794294799694408,0.031099197071100725,0.03285631624862236,0.1201557597987882,0.09171201287054268,0.09859612917406495,0.18361152345552348,0.05292961272639961,0.14166069031323203,0.1238642336692967,0.3258557132252847,0.006599485056480936,0.005932570788339919,0.015391711663032374,0.0632047558299365,0.06913878710938914,0.24494174769388471,0.13824089342088344,0.05108633063527605,0.09577167416500573,0.14760461372434885,0.08784939024372228,0.2457436715028608,0.15941940754400008,0.20289101139883628,0.07760295312008823,0.03710899807392214,0.0440466767238625,0.09708308647905416,0.08894340060222927,0.0440466767238625
attention_zero_shot,F13A1,0.0319808250669828,0.06797500565776715,0.15142216925612717,0.06587196470230995,0.12453900620267173,0.12824896147683162,0.037662911918174675,0.08665253375482906,0.1261346966276287,0.18601375465361555,0.0863559177609939,0.08391321208317251,0.057899056393381415,0.01494791705715487,0.05143840726908782,0.1420885905510134,0.04450146310144531,0.022504271876334806,0.024239269362402293,0.20194005303206217,0.18357497602266265,0.08120535903463773,0.0,0.0850725532287594,0.13696888873665067,0.08523909510147504,0.0,0.0,0.03592520167651548,0.0031223843264642647,0.12260231959503459,0.011656216465440667,0.11360369795840103,0.13483815590075832,0.13628050639627226,0.2269596640915645,0.20986356903696768,0.11709030410170695,0.13423415324163832,0.14899805611279165,0.11401403680218365,0.11246859897039768,0.032519700982807036,0.006874871126766685,0.2092834449127008,0.1490343114333279,0.08845295461359416,0.17600553379230693,0.0,0.02569520368668059,0.06318667459060469,0.04489836282466567,0.0,0.1111675872332183,0.017750322978531904,0.08014641965445056,0.14398442998589142,0.04387416994317815,0.03857893400442799,0.13373155987659127,0.0050492926093343585,0.13063037933011595,0.10425271775915675,0.019769857426316925,0.02059769554757593,0.0565668475543887,0.05064534553289607,0.02185089505013976,0.19778073799859597,0.05154547446306815,0.16602265517994028,0.005588625760402211,0.27023767034511886,0.09742319530507167,0.10913970416539155,0.024194992318891564,0.046416655443454344,0.10776575993491355,0.08467309709171779,0.10570968693491282,0.03470600846419337,0.04064286192063547,0.2684560043676632,0.027579678879624894,0.03978913762900009,0.0,0.10254893421299759,0.15270396069478245,0.0,0.10800946907021215,0.06635079350466785,0.0042248504442711455,0.03537007406697595,0.01586711972937609,0.2808085488549991,0.1889215253474439,0.026658216496864763,0.21137943588381627,0.3511369510267573,0.027825438929195378,0.10703425690028812,0.03508347297595154,0.029328599043521857,0.02213884253358345,0.09034973786052877,0.004851648772057615,0.0,0.13430619690820975,0.1850257579329247,0.0804979348364024,0.07411721202329229,0.14643596636570558,0.019592025806792965,0.09140124469546451,0.0486365733225463,0.14257668991508743,0.21626101507310772,0.13491374136395648,0.07381593956230623,0.12260809706399982,0.07710448771987276,0.18951529798427527,0.006589795466845809,0.027350172905825018,0.05799183920986721,0.03636559574737066,0.00519850650964217,0.07087905483674381,0.04847121986507069,0.0380000930302368,0.0643443068903549,0.14006702741476254,0.06333653479681735,0.050956580876915236,0.005833787940203845,0.07134553773879969,0.029588301033123335,0.08862927776218026,0.085285260309447,0.003891169358705639,0.027593252929350533,0.04926761626887383,0.0887051215487087,0.030937515348773075,0.19687201822652917,0.20815847414266903,0.0793999487945602,0.10117826061806187,0.02378943297955544,0.038504078434695076,0.0961481897212617,0.021232224876839786,0.19188515058559188,0.07597428775714402,0.028766959494250937,0.11212393095799855,0.08862366890658312,0.1418453477422911,0.07772581059910318,0.13166729350268738,0.06400406730972012,0.006809761530693603,0.03631355655016985,0.05416549541296058,0.0061341038287663205,0.005458122903425836,0.08384756404546133,0.10893449989375788,0.04078835550560623,0.11607419281916394,0.03820897718270683,0.044854395483619365,0.0796117963978919,0.3039544391157548,0.015626776423585058,0.07567928190031328,0.07941117030591928,0.02956401149200984,0.17630736493002436,0.03195579437610194,0.03682963643788364,0.039909053535994575,0.037458208067460516,0.03682963643788364
attention_zero_shot,ARHGAP28,0.2950281757933859,0.045039374755253506,0.22577433203082298,0.0056498705562545316,0.20733201417416972,0.19677328799743912,0.460829741082288,0.16981859093958568,0.1475702524382529,0.1108291647143684,0.18190711977176496,0.03742648863302984,0.2656107625355979,0.12698170441405301,0.10409283001129312,0.14665358247422514,0.4522208496142583,0.24244418859938355,0.11710241598704807,0.2328750691184356,0.00911383461689749,0.1168404859594119,0.0,0.06732735399866492,0.2707271432883964,0.02735666448217225,0.0,0.0,0.30316437105730465,0.0026231955894539167,0.008700706872209054,0.06174400597255409,0.08170588358815788,0.259561594563426,0.25100603185099446,0.07778054168654099,0.13735051108584329,0.1239494177015673,0.06569958895107639,0.15827744293286522,0.19699761990710127,0.06781426733769053,0.08300000279903477,0.035370694288534545,0.0061212473328098645,0.26068987529959575,0.01067604304910876,0.17782077454381887,0.0,0.08207783847114798,0.10478340549933073,0.27212674282612964,0.0,0.20122996604098517,0.18935996127551127,0.009760873902101468,0.09834657519138798,0.24723153358416142,0.41395351582478496,0.13468390251128512,0.040571000406168005,0.31353725060853005,0.380272772642664,0.10794632945867004,0.136033329252864,0.10792666024167821,0.17743686802815076,0.12233917338649271,0.1265887266905063,0.009177833167855561,0.27131750183685027,0.006417813991899859,0.28282037002836297,0.2637493469384839,0.18213064438512014,0.1000793423578525,0.10523976562134363,0.004744435944614461,0.003321105161230123,0.22401530379283408,0.11301561096899672,0.10425323064355284,0.010250127746487897,0.08116147487563934,0.34528194462952505,0.0,0.23049853731914988,0.06597275296400665,0.0,0.24770326464420653,0.006934551106843685,0.004023007013725254,0.10780267865157524,0.07901186202797207,0.2091896576418315,0.010323850859891324,0.2953442069973125,0.22153935381876586,0.004282225731788561,0.24461111312731224,0.1751123593008752,0.5441719544072157,0.1664102748726615,0.09766980637666907,0.10965885324870005,0.005485013121933219,0.0,0.3092656553620513,0.2366066285119631,0.17851252323242847,0.35377830015041817,0.034632781281310775,0.08105973358470789,0.1469972409041489,0.12089691058079038,0.0933586154790992,0.010666060534110806,0.45377210738916623,0.25346557966380134,0.13555752502913782,0.10786607786650046,0.008443029621342753,0.0739665995772162,0.06895186100274502,0.16739258537252982,0.09924476310900529,0.005555145573041921,0.10625005210658178,0.5076878457735342,0.15986567649363115,0.13665219791589045,0.10512952856687664,0.2370082604195467,0.1609996784203888,0.00807447245051921,0.26965501832561456,0.46033457700846336,0.02818977687428248,0.07023223206178354,0.004868525095191866,0.05385583720860041,0.2087462077007689,0.15886708027320467,0.42925404329990163,0.12623384733859686,0.08776937498123519,0.03603353232779649,0.12488683075680716,0.06204306683086401,0.29877632002146265,0.010211341197679299,0.060797173807327895,0.2514764992776694,0.23573690236591993,0.1451221475524342,0.06102132256218114,0.1991656241336312,0.2068220820781641,0.19729750445496705,0.2412646285307859,0.12154046864310149,0.05097582998669918,0.17541063502324655,0.15816917171862688,0.00741935119302347,0.006942551002365935,0.07365249640952844,0.004502770425112473,0.11987037302559415,0.22706800510143985,0.11607330221551329,0.14656613232452997,0.17076040364830553,0.1725373582008425,0.0685530748124499,0.17014360068240522,0.19237102743235412,0.18257063593280431,0.1440550072679487,0.08237586944876188,0.1148198524100541,0.14844881615272382,0.14225756956718363,0.1148198524100541
attention_zero_shot,PAX3,0.04295846899719485,0.09252155438447354,0.22758849043796095,0.0634999670622765,0.14339084662373724,0.1536195291421385,0.06044500485416463,0.33694615805868505,0.17881495937254088,0.2783345028923634,0.5247872262250262,0.20665090823489018,0.20959381332163046,0.14250985432338206,0.34625655243415204,0.09748950544640128,0.11767259806141091,0.08508418274727082,0.051188200066746736,0.1903996426777494,0.004505260199425498,0.44198393652190954,0.0,0.4194085228642382,0.23966901369991628,0.13021462059768119,0.0,0.0,0.12381705053419421,0.0011468912107968745,0.2768858438399962,0.3620787535420452,0.2566226983621455,0.17071078967694384,0.15865680270463028,0.14707090027425734,0.08924641489995694,0.15825047145078436,0.2058004130625232,0.24790091369802955,0.18382465115243046,0.1887778765150882,0.5381412043135451,0.0812868993016382,0.003033126848798634,0.3583862095390162,0.007231502445434896,0.03353010090417053,0.0,0.12774422895907728,0.3169696927585762,0.25274868722228117,0.0,0.17007702750662976,0.023730290656538956,0.005701545639529639,0.07073333647016977,0.12994073392060845,0.15582444001049947,0.20418335719020508,0.0018833803698127705,0.04444525950660149,0.15500719340596417,0.07566722894015533,0.08160064450079331,0.1152508800567131,0.20542588578856008,0.08323395183417086,0.12633671427565876,0.00477588054081419,0.07460467992295221,0.32528204899571417,0.08418132434741339,0.26023346216739923,0.11967494878903237,0.03327101158770058,0.391498394195638,0.0017056271657209987,0.0013645017325767989,0.14877983284920165,0.3371856837225667,0.4418809263962853,0.004692301598570207,0.12102326613253113,0.06491379947000693,0.0,0.17813160963504576,0.06283944700788846,0.0,0.1394368509199792,0.0037457335735268556,0.3469929339740752,0.4237254194219902,0.048927814644845476,0.10856645163826881,0.14127777413163295,0.0409613262585194,0.32474624625699433,0.0015538433266576344,0.08258861579527775,0.022839292475577255,0.2732336737601616,0.16779269287923484,0.12272547654108897,0.19141127992318363,0.0023820823499316277,0.0,0.18525463136182008,0.19053533961395946,0.2281584610485544,0.05990595367416608,0.28505267781450344,0.02644439653339825,0.16847260762776997,0.07100479782385953,0.23328194987866277,0.07565936427126961,0.09530853020403399,0.35371218445644736,0.4392795955325056,0.33177823056951494,0.00331102385317039,0.004017261698444027,0.2651639556428833,0.17312866968957136,0.516962702315612,0.0019636426276905448,0.503846219057969,0.2379007747160145,0.37426241236447705,0.16772712606656748,0.04962492435681945,0.2789817882913977,0.15937096586695676,0.0038407294971031514,0.2520743368958235,0.04059313788163041,0.15414317488719068,0.09785441142121941,0.002990077707847601,0.15320624639557712,0.531651845046759,0.13801771502414348,0.2124873638416909,0.03254794120375219,0.15546166340969622,0.006843332019826526,0.32880808708409726,0.0319221583583506,0.13083041684927477,0.0057167313766446825,0.20192138180623653,0.12198475259142993,0.11484716198075622,0.03661335010272678,0.1748870174935587,0.14262772170368015,0.23752777026277497,0.1882595253567822,0.2249115068182795,0.052956360564534254,0.0049703634462483675,0.41021455148338365,0.3005360527634642,0.0025173267320361737,0.0033320892199065933,0.017975260291510413,0.05134281480350657,0.4797980951417981,0.21255672491112426,0.07315478817856558,0.36951117009433154,0.09247349370738654,0.06576352506965923,0.03358295277064688,0.09418712315390047,0.32467009133247265,0.2424476356835347,0.14455091213901808,0.4842390850609377,0.3987109999190578,0.428908251171925,0.4092116142297297,0.3987109999190578
attention_zero_shot,GLI3,0.05518373868021027,0.0604890903538705,0.31244637872231845,0.13555933675000995,0.2963726108248801,0.36197848329753946,0.08600887137418052,0.3772291112738435,0.2759363424446359,0.43707642065043495,0.42113283382135724,0.20049764851771074,0.2785018084158958,0.21310125449600037,0.642035948634725,0.0852925785135729,0.16234038904945464,0.04920452319227667,0.07969187368075686,0.22745784748444073,0.020321858097517468,0.3016098075858819,0.0,0.31962437716911474,0.30691049236448803,0.17698264490819546,0.0,0.0,0.08681247541446847,0.012483509267429698,0.23448112509685615,0.2969027081709408,0.21210750831557923,0.274395311532478,0.2054713206001559,0.23460761901074986,0.14413598329173022,0.3165023982707478,0.08699778286220367,0.379532756977835,0.2337667577612842,0.19605014495414447,0.2991716753295708,0.11558944397034668,0.012133979068471058,0.31888100667741315,0.04646014300160305,0.06274781517960547,0.0,0.06890153918198415,0.5881255527010417,0.3560563443885757,0.0,0.43746899988316823,0.073393326798238,0.01240611511570005,0.10863021952669479,0.18268300494255604,0.1772759598410244,0.20820860785659412,0.004186102823261209,0.08847074049121671,0.251209142832133,0.1320455909729463,0.15514086431459306,0.19895440302013967,0.40526555441751205,0.12615247819452433,0.19440115474618005,0.021364308952626497,0.05435509633247632,0.1637060742144625,0.15140431002702348,0.18989340439444433,0.15489223771690983,0.07640036142349958,0.4328460098724797,0.006590830701907896,0.006444367797421054,0.35642639515872415,0.13651221441106307,0.39610932887467065,0.01763944674983254,0.11722353423530675,0.1268063793700098,0.0,0.44018068684230444,0.06648528147374848,0.0,0.31296321046940795,0.007660215303472028,0.18425338776203795,0.1475719388526921,0.08387078750605019,0.12450619388658542,0.04034813046538137,0.028616006405494804,0.294250134621972,0.01371545856755061,0.053091497733620756,0.06620636760093097,0.2716729516617417,0.08323360996927402,0.12124028173129492,0.15601911026523066,0.029554366524923447,0.0,0.10886492864276426,0.16082580422584566,0.2421431324427986,0.08859604302700212,0.17915757306749758,0.04695647500799125,0.2817351163514342,0.07928299534082582,0.10893402758929452,0.06548970811437443,0.10952232347438896,0.18907714580030893,0.2180432359532893,0.5444739355576284,0.023522241859342707,0.024995877629258357,0.25179098801139543,0.3069667637409552,0.31037863367072743,0.002274850413734778,0.3811663355631609,0.19003519474150093,0.17289319381911575,0.1359682384913421,0.08010633434347081,0.390868571451386,0.21852501667936028,0.02513278560170329,0.3203475631696612,0.049680735914110846,0.11323722379163072,0.20519398595221502,0.03338064368517831,0.11707559267964932,0.4467329542142936,0.26743711521525937,0.1647317758862222,0.10606078648658097,0.186728545657269,0.028130753027574104,0.3765239611062289,0.08522989221525137,0.15317186332199142,0.03377777987069072,0.07736318612496945,0.19019975832613545,0.15128151216675836,0.04978334075514213,0.10284300948376233,0.19420937135203603,0.24010104533877408,0.3141326886549247,0.1169645304956023,0.06499306232005661,0.026564090991804262,0.20357844977599376,0.386508822452207,0.009040222237661984,0.013473905706748954,0.05157267079752033,0.050812706375501275,0.19915745778116006,0.2817844017097839,0.2337229868152078,0.1418738370281212,0.10311691912639964,0.12018691797045712,0.05471313452839594,0.0913686311256599,0.5495347170178211,0.3305614042637027,0.23470287909875986,0.26406809761949657,0.13528952373010011,0.16408741558685627,0.1576764097800319,0.13528952373010011
attention_zero_shot,PLAC8,0.05429957597731224,0.12720276609475506,0.2847436489423718,0.22828781790379318,0.14291976760774133,0.310916272903859,0.06529464582765661,0.2930083444410478,0.30034599119521843,0.2748164157031507,0.26527565921460644,0.14864531678057816,0.1327051011991677,0.05521320782335742,0.3309630010715035,0.04988173047369603,0.26956015750697454,0.13721235467826587,0.09930914195731005,0.27249140470273997,0.1928469333511258,0.35387130970324615,0.0,0.5092375395987733,0.43632683608112915,0.2498300537569591,0.0,0.0,0.15191959433026017,0.0014884086104756547,0.07363543500989886,0.16737017671997706,0.32687558121215,0.15407962155681623,0.16957861094107138,0.3000955187156806,0.14259784084381988,0.23496545479396644,0.2024935700094009,0.34673166262623245,0.24050809964672026,0.120243108981419,0.37969080559383583,0.006309375069281676,0.0362040629532368,0.31164346394086456,0.21443529162536046,0.09977045338646866,0.0,0.17354232347311496,0.27820056049705805,0.3863925614741079,0.0,0.23790386313973272,0.03809743932141781,0.06092531118373722,0.24798254930180003,0.3030149024106694,0.24619037973827287,0.09526700415767371,0.0023950935568456708,0.07744483410193147,0.19250284650547822,0.25142501648382337,0.23948644805513286,0.2115309324756826,0.30357695961250825,0.23976054940568728,0.2006366261307961,0.059562139385221674,0.10573343169940186,0.045811011628557045,0.238303344863261,0.3885078073449742,0.19845444027696216,0.17883793576303963,0.21534947594357182,0.03616924049595444,0.1778116652723778,0.27436496001291166,0.3022935449537707,0.4364141258090694,0.06991535425592625,0.21325837352242835,0.19088822968090688,0.0,0.2005110431987645,0.2784253527010017,0.0,0.1952313934126548,0.043370310476958614,0.07574559300507284,0.36871489756436,0.10871254752908738,0.1463378093687969,0.11012586893637143,0.1457453627357099,0.18708288330670214,0.033226927729404436,0.12690012224082098,0.04452682815869165,0.1619045979497538,0.0725124116305335,0.12369783536056013,0.38147791838710454,0.0027434212807432687,0.0,0.11652831203935914,0.22491942352919778,0.36479193763888684,0.137668703696051,0.09290967546718028,0.1337504927579716,0.13319059638243796,0.15143407545568024,0.43387080741453576,0.08051710473107161,0.16575347174161584,0.34809167856675755,0.372145334065664,0.17465101086682577,0.06729204279482115,0.004273148506780282,0.25015524033817355,0.20007979528129236,0.4254742113888321,0.0024817873708582387,0.3028123926699224,0.22839079753046207,0.2964397797968098,0.14086729456525282,0.07189659617958392,0.29088253307629414,0.15705288478710472,0.004013512705983712,0.14716971451177782,0.050442848580528984,0.08951762758935122,0.10837928488845046,0.04105371056738027,0.19030372913741975,0.5208849504740651,0.20958195725244377,0.19878675079419098,0.13494533022894736,0.0871501200582243,0.07696647895491254,0.4453442820192216,0.3203112100408088,0.2889636989637644,0.04210290753418146,0.1943566763175534,0.1762933760304519,0.12040078591872277,0.04514200730612284,0.09760722268194771,0.21038637831459275,0.2149415352181291,0.17468030471287038,0.12321002178450283,0.17423486708590089,0.005046233905389633,0.4280592952644738,0.42249103151222306,0.003053326582647427,0.0035939938534676054,0.020908450298217782,0.16811358702658533,0.459289494890996,0.2588056367458837,0.12240376562113733,0.26065307141119726,0.2154936515218019,0.19685699648766988,0.08397851294501353,0.12387676883734233,0.25289033712717596,0.27500892010142747,0.11094000683553794,0.36678492880898805,0.27316810907263983,0.3285556026393685,0.3135026187775471,0.27316810907263983
attention_zero_shot,CD163,0.007207121950397249,0.005600969084650603,0.010095766235555794,0.17029523188281484,0.1379481252369121,0.1928208927142551,0.24815164699152858,0.09429917141733665,0.07018035013926341,0.007658567815439747,0.003827064263115442,0.00704044414031649,0.1109645070478779,0.17560618491532598,0.007483185286785148,0.2653419530862768,0.0579643233135463,0.0,0.3455467278127534,0.026198884828888103,0.00883496951033341,0.08687624013230633,0.0,0.0027567435136133145,0.11875853332447964,0.20239346429629881,0.0,0.0,0.0,0.20961350824775923,0.007859333489366323,0.0483069286683984,0.00552431549044491,0.10991044369818101,0.04184304672699754,0.052598703317356395,0.009711215594078997,0.03220139160099959,0.0018416385854104387,0.059483837982378246,0.02783938362239772,0.15611592139422792,0.0,0.06143839157761995,0.006680665472928159,0.0661121684750379,0.009765466868203058,0.004341005237038891,0.0,0.103219547751095,0.030109735201234774,0.006132302466785166,0.0,0.08264060926381553,0.24350931540498325,0.009269593121147635,0.08905085103278802,0.004378427875056474,0.10565700211679759,0.078830698370592,0.005846987470036835,0.05338598732281244,0.13330882689285184,0.161048978597247,0.1369474608681495,0.0846000068356912,0.10258227482844716,0.12159932177288695,0.04229700041815179,0.14046373643005486,0.006390899018460936,0.0062631894000684165,0.0969134413857522,0.08761750157909338,0.12418218536227099,0.0,0.04195810013105796,0.00527779550446802,0.5868610690167725,0.062360158393969196,0.005476450200518145,0.0047857552345844465,0.010495094632370989,0.19751798718660582,0.0,0.0,0.07753009800534881,0.01038775498214317,0.0,0.07978966065180304,0.007273160533920782,0.004100264214285443,0.0,0.25989227981317764,0.0034892948341065104,0.010465766739100893,0.0,0.005564974930054168,0.004794706114993304,0.24201024975549165,0.008636914389436062,0.004944364061747007,0.007858903378893143,0.36877101622445874,0.14730437143062247,0.3503370437953874,0.0,0.101592654412168,0.07099219380839328,0.16429124933462888,0.005965550632205396,0.006440307668371327,0.0,0.056986178554941994,0.19790132021517745,0.16412112947803806,0.009383452821727272,0.0020710074540535796,0.0020005526093230916,0.0050879558497483645,0.09057226018922501,0.0089930754748828,0.009786969092502951,0.19207960889638317,0.2287919002790132,0.0,0.006105227548837524,0.004684626086049937,0.03055014488650877,0.006776886441298625,0.2748247761188813,0.3898014214660842,0.004680613215460211,0.12292287434318962,0.38589017738374043,0.1639086926243236,0.0031482083164079883,0.3236229944218931,0.21756880168990855,0.363424755345465,0.1699812841016293,0.0027326426810629968,0.10237151972523978,0.008346317353279077,0.007953894579285728,0.006710792123378517,0.010644486347769402,0.12076915237228082,0.5471372114018184,0.061543827799011304,0.25692330222047044,0.0,0.1364682745388882,0.2375237628258992,0.23430345634360636,0.19536866827826738,0.11882075195873543,0.2164966951867158,0.10421777827204828,0.048096333603009085,0.3658446332136482,0.010354950571372045,0.21172290457927795,0.13856476983643526,0.2843579906873249,0.20112488413387927,0.30077192462183866,0.19098317795342828,0.0038747990858795604,0.07681307351001784,0.3307058264953014,0.0,0.2095587302983997,0.06556325514429527,0.2912562284064668,0.002999978416020415,0.019786258347854233,0.05212767755838586,0.10919032650398947,0.00477732619272686,0.0,0.0,0.0,0.0
attention_zero_shot,RHOJ,0.1254556740235155,0.025144460496595834,0.21697512973123337,0.024721046819467383,0.33332801811633916,0.38115726609103023,0.42431354444421326,0.2045240350723672,0.19765052597589874,0.1413542867108205,0.17872730220231145,0.06579366264568316,0.2518389487022346,0.2622009653887755,0.3034064718353444,0.17191580571054726,0.23704242241950776,0.04872690581714367,0.20278301847853275,0.26782924007391046,0.009508132533216489,0.17750015531024402,0.0,0.1476842687501966,0.20336416079416597,0.05806838442599217,0.0,0.0,0.06668386954810956,0.07936576975162414,0.08423526557740009,0.20235737598073625,0.06517288086563411,0.24353298374302357,0.20670446991575722,0.09985032261682157,0.122027394737396,0.2595487467029674,0.06754720867177068,0.21360896535727952,0.17730465165235848,0.21476009033759025,0.20073471965003006,0.14783328251181052,0.005952887779735079,0.1167350211001273,0.0103091305008684,0.45741332464929635,0.0,0.13157909850768051,0.30116990443411185,0.3432472196886156,0.0,0.24263800433017485,0.2738523829810878,0.009569840646127356,0.08218905838753267,0.33685623924939406,0.2773292336621351,0.19255139781680217,0.04642835696913795,0.2945985322415157,0.35385691009598047,0.09952333578731677,0.13398029535983938,0.13432628788677564,0.25180647039791687,0.10748520265030212,0.17745067948223872,0.00843687230845924,0.09658186797265932,0.062042364069639006,0.20254985079364055,0.2138637116823941,0.2638857896835088,0.19465244621337532,0.23911637103014674,0.0057381543412686675,0.004877431190078367,0.22974011931061059,0.1172910243109547,0.27303897844467057,0.00940192153007642,0.09411579789821545,0.1780547865181097,0.0,0.2942117400579729,0.033471455008796495,0.0,0.3118785256128334,0.006632893426727657,0.07339173672245126,0.07376729781653951,0.13936463783206746,0.20904752748095062,0.01014355568773762,0.03990896513589015,0.21324967513999535,0.00524189672476859,0.32648153964976384,0.17555598947130854,0.24256463327891348,0.45271154793940943,0.24153487741196678,0.08062464655775295,0.11327700086539909,0.0,0.21587606296011075,0.1545189120560059,0.12150499564311656,0.14853454886330178,0.2711289443961288,0.02712902077313245,0.22160987964208276,0.22789819979406678,0.11747185580622817,0.010222005401879728,0.32470600625810014,0.09342460938998541,0.1204272305767061,0.3636616654279231,0.00857234258249099,0.1575446601229043,0.2952312741976616,0.25908130412469976,0.15133431452901022,0.006580067481537586,0.17248069560732604,0.2937060422473215,0.12034547986691578,0.2180079492882249,0.22281287064155358,0.2934353712171309,0.17259077304346188,0.14447111775260543,0.3469875529601129,0.07706165338718682,0.17650036980980446,0.24014414943804516,0.16611308645826262,0.19901653242644826,0.23063509396442347,0.20038752086054165,0.28033183814906704,0.03687570097979697,0.19581273519190678,0.10209813836074057,0.1712681462024788,0.2576461174350257,0.21375530490555605,0.11784933507660411,0.04593429876820563,0.2522465451840727,0.24979397709252468,0.10979723330774163,0.14454734458507484,0.21301354308165044,0.30489543740756103,0.25963077780115845,0.1957725142922167,0.13685556197026358,0.12049226334983605,0.07168983416023264,0.2445603440574155,0.0647766708936231,0.06887094806769292,0.26062044259901673,0.00581742634845439,0.07885012017397378,0.45054848498254824,0.2919436723368325,0.07828322870560692,0.19203009104786742,0.08881296828343113,0.20769746979600132,0.05147921822959232,0.3449623484312983,0.26541589890944434,0.16257796827640913,0.11067924507033775,0.059229440720728874,0.06397554457065681,0.0592963341737149,0.059229440720728874
attention_zero_shot,CPED1,0.0,0.0,0.0,0.0,0.0,0.0,0.0,0.0,0.0,0.0,0.0,0.0,0.0,0.0,0.0,0.0,0.0,0.0,0.0,0.0,0.0,0.0,0.0,0.0,0.0,0.0,0.0,0.0,0.0,0.0,0.0,0.0,0.0,0.0,0.0,0.0,0.0,0.0,0.0,0.0,0.0,0.0,0.0,0.0,0.0,0.0,0.0,0.0,0.0,0.0,0.0,0.0,0.0,0.0,0.0,0.0,0.0,0.0,0.0,0.0,0.0,0.0,0.0,0.0,0.0,0.0,0.0,0.0,0.0,0.0,0.0,0.0,0.0,0.0,0.0,0.0,0.0,0.0,0.0,0.0,0.0,0.0,0.0,0.0,0.0,0.0,0.0,0.0,0.0,0.0,0.0,0.0,0.0,0.0,0.0,0.0,0.0,0.0,0.0,0.0,0.0,0.0,0.0,0.0,0.0,0.0,0.0,0.0,0.0,0.0,0.0,0.0,0.0,0.0,0.0,0.0,0.0,0.0,0.0,0.0,0.0,0.0,0.0,0.0,0.0,0.0,0.0,0.0,0.0,0.0,0.0,0.0,0.0,0.0,0.0,0.0,0.0,0.0,0.0,0.0,0.0,0.0,0.0,0.0,0.0,0.0,0.0,0.0,0.0,0.0,0.0,0.0,0.0,0.0,0.0,0.0,0.0,0.0,0.0,0.0,0.0,0.0,0.0,0.0,0.0,0.0,0.0,0.0,0.0,0.0,0.0,0.0,0.0,0.0,0.0,0.0,0.0,0.0,0.0,0.0,0.0,0.0,0.0,0.0
attention_zero_shot,THSD7B,0.012392583183083755,0.00605659418198254,0.04776000269919599,0.004971057008497262,0.035237413536630215,0.03765992235051241,0.0412893128009553,0.06884356437218661,0.03292811259430331,0.021451617924205215,0.0038693192371697972,0.007282103261781778,0.11640743181193762,0.034019983263786836,0.002137419131329428,0.0462614235636588,0.002395775255775186,0.0,0.006948562013662055,0.047559340316792,0.009933700012658194,0.006899250353531479,0.0,0.002649531901447826,0.0024242893726190364,0.008976691701124275,0.0,0.0,0.0,0.002575918162056113,0.008318129109347394,0.054690050705531124,0.005586187381147978,0.0062194089070061855,0.005574686091491933,0.008923256960276564,0.009477149746338571,0.012176225763513899,0.0020193958082082865,0.05436543104393185,0.006790197860681827,0.007562815535520809,0.0,0.11896430842094698,0.00845766427081922,0.018801278309662172,0.009415052787297118,0.45430567014418355,0.0,0.1357846178165401,0.018999166697066017,0.005738002076550991,0.0,0.012600743493829383,0.12071664892801937,0.009564933605992514,0.0040434042078729545,0.004047730712830607,0.009174794112071475,0.046150375210175384,0.14797223982677687,0.15973116677885668,0.03957206371742949,0.021140338821327754,0.018880363231367377,0.025368406585593303,0.0445284153632071,0.025368406585593306,0.04595099133639232,0.010573503319102482,0.007059248136558968,0.008867272751726137,0.006572909662292718,0.09145020038419836,0.0047947996044028695,0.0,0.023824838318350677,0.009429147197354706,0.0037716588789418826,0.00751187736667283,0.09924880327991296,0.05234013675918212,0.01259811851632282,0.0,0.0,0.0,0.041427946063678715,0.011597039793450491,0.0,0.11493431154237604,0.008453315048129567,0.0061233821533941656,0.0,0.006977997641877869,0.0036030965452533113,0.013286861505473374,0.0,0.005399573794681453,0.008650572612484543,0.3412829363184569,0.23187184344098963,0.004950184332181619,0.40042775846245793,0.030108588971414184,0.027528203948979667,0.006494943299459062,0.0,0.009350743174384743,0.002379706897752412,0.0030614338013377363,0.006260952225918954,0.39861055481904134,0.0,0.06376016391523578,0.06072346764709631,0.0,0.00896775175579471,0.0020323537809171957,0.0020609765077210167,0.059418483253503365,0.07248104217277207,0.012814663296647271,0.42952436515774034,0.026064092422609864,0.13099110620965543,0.0,0.010727929126916091,0.0495073387929543,0.004911032811796518,0.09840591275078565,0.004754761929268804,0.004052701506791526,0.021572031923506447,0.10895842150854872,0.0083662004665763,0.10613070979559944,0.004817860738587057,0.003825501661917277,0.014276091381811176,0.004374656256759056,0.0034117848980977665,0.031348048550242195,0.027778806482013144,0.1472992710236188,0.008216287895131949,0.10844629755471215,0.1317043919132325,0.003827527105400834,0.007581510057965736,0.0029530404194086216,0.00988328022122665,0.0,0.0183345743722471,0.04294067584461505,0.007970972141560612,0.0061734905220917164,0.03035956573597283,0.006258990536649259,0.036189882000430225,0.0062338287829231615,0.007450555970124904,0.20717533695216883,0.004395387228796977,0.0021158332682772577,0.013414506572350606,0.00921383041003928,0.04664859846268752,0.006721960599919404,0.004395387228796977,0.17621621900546314,0.012877651170758004,0.0,0.03609743606859953,0.007639486669063222,0.171175224843538,0.003345905630797488,0.010754607018888225,0.007436986120904443,0.04511547235990638,0.007014114333755646,0.0,0.0,0.0,0.0
attention_zero_shot,SLCO1C1,0.018819848671395925,0.021178548184877147,0.039618200012830715,0.0045569335756028935,0.2606904330150901,0.1967198979726084,0.3059801193069756,0.058952387396605944,0.1473710438593458,0.06595877470867516,0.0736167112212842,0.021162241638310847,0.22564018155745894,0.261413072644655,0.0822487252092071,0.38568664150047693,0.05162546158167009,0.033230882459158145,0.5564044140436308,0.1384003250972706,0.006541633503628701,0.097681200545547,0.0,0.08087626442487754,0.19090866735653722,0.02208815498975289,0.0,0.0,0.03837705530483334,0.4256982066569959,0.0913200004833145,0.009207577232907707,0.08102774167641652,0.22857685333054262,0.2431696315345503,0.09421747579561962,0.1919936967101729,0.1221293584778895,0.0724877943644863,0.15127436025702945,0.13844293330692486,0.2214856875509017,0.05677667794663789,0.17526623644332784,0.004152728988314044,0.061709664133605305,0.008330451422847385,0.10652437525936594,0.0,0.26736622753481004,0.10003147189470056,0.06636412545414279,0.0,0.14300428600931941,0.28145134598150573,0.007191569242265342,0.10296238188373343,0.05610082777289973,0.04609963200279467,0.12344471549412801,0.003665264669463402,0.15737716548754183,0.22954559562742236,0.031375102833143764,0.03596207519466001,0.08247353411902146,0.087536699545475,0.03436320786487174,0.17384079900150945,0.2540682098879246,0.09364000090945152,0.004586156700526255,0.03471324550389606,0.07407504531297884,0.18823765419480548,0.013654508328222976,0.17398241515786733,0.003302461924545496,0.002683250313693216,0.07083688354706061,0.05882208124872485,0.0999230361763418,0.006585157923666925,0.2814536609690766,0.028740880497498778,0.0,0.14422979112578843,0.021685634014609795,0.0,0.14187918158009055,0.004848391224384891,0.002976539304930051,0.06024325695840622,0.38026790804465144,0.11876542184364858,0.0067341700292974,0.015248725875063603,0.1412810902765531,0.0029955711900145642,0.3438054425226801,0.11604064705018098,0.026477031200892273,0.019724021984997696,0.41131553203464727,0.045585294383361265,0.4364083141554719,0.0,0.13603037745954202,0.22049910278488494,0.06915349527845044,0.0259299211466645,0.004894930567743344,0.01282443371556318,0.17625836484413546,0.34487663549472297,0.11465701909880088,0.08220857906508325,0.09979698613415992,0.07891776276196535,0.10421757574799702,0.13714437772014512,0.005481681774841117,0.006202018035984081,0.33911460327883325,0.2800986215004401,0.06176641868556944,0.0038303016664107217,0.08406753595693102,0.17894981362594187,0.04453562346833836,0.36424798851536894,0.6312055392691399,0.06980236907670212,0.016572430336321112,0.6369527448234243,0.24912401079259947,0.017962257612850852,0.6955779794228237,0.42633878056713415,0.5229101954361494,0.44244383002333304,0.10676087599817354,0.14103031240197345,0.05033941999763862,0.017208777173619513,0.06537791321248795,0.008276386039405169,0.17522786803964532,0.2719271619010879,0.07854220462638686,0.32659620408489,0.04224866423783244,0.2128818152648561,0.3056050114237374,0.48731979752944965,0.35555554812608464,0.21525998959669415,0.3726138112711065,0.24010683956484813,0.1555494897025242,0.3448852051119572,0.006918266080412967,0.041523177584261564,0.1468035557218443,0.5622417696029273,0.3910673218021278,0.567698527172725,0.0689382100035799,0.05944586630857482,0.12920618878216822,0.4895915448136782,0.04436751580717006,0.2526004890701555,0.062300582348202224,0.383184309870143,0.03640572066131528,0.07394848901788356,0.022310746586459547,0.2320635338018428,0.05440132247524113,0.034912492392922274,0.04409160730603143,0.03887786164041991,0.034912492392922274
attention_zero_shot,CA12,0.0,0.0,0.0,0.0,0.021032397485904276,0.01969193683209479,0.0,0.07019177920264591,0.05802508333874554,0.05768127825544444,0.0,0.09233937498692732,0.0,0.0,0.008026970058367718,0.0,0.0,0.0,0.0,0.03732443198462102,0.0,0.1454500945516242,0.0,0.0,0.026888335800021465,0.0,0.0,0.0,0.0,0.27633022283517306,0.0,0.0,0.0,0.04251994474702632,0.0,0.056789029445485896,0.0403189112355802,0.0,0.0,0.0,0.0,0.0,0.0806378224711604,0.22249058569955896,0.0,0.08632409108269852,0.0,0.0,0.0,0.0,0.01131608869968577,0.0,0.0,0.0,0.0,0.0,0.0,0.0,0.0,0.0,0.0,0.0,0.0,0.0,0.0,0.0,0.0,0.0,0.0,0.0,0.0,0.0,0.0,0.0,0.0,0.0,0.0,0.0,0.0,0.03697842246012472,0.0,0.033474201572259214,0.0,0.0,0.0,0.0,0.007949747515430828,0.0,0.0,0.0,0.0,0.0,0.0,0.1028517277110051,0.0,0.0,0.0,0.0,0.0,0.0,0.0,0.0,0.0,0.0,0.08347547133814646,0.0,0.0,0.0,0.0,0.0,0.0,0.0,0.0,0.0,0.0,0.0,0.1428986494934525,0.0,0.0,0.0,0.01398100702505476,0.0,0.0,0.0,0.0,0.32352072952566985,0.29830793498914365,0.0,0.0,0.0,0.0,0.0,0.0,0.0,0.0,0.0,0.0,0.0,0.10241514079970834,0.05848942229765974,0.0,0.028069316492418703,0.0,0.0,0.0,0.39758004263174634,0.0,0.0199824284913654,0.0,0.0,0.0,0.0,0.1006291266253528,0.0,0.0,0.0,0.0,0.0,0.0,0.0,0.0,0.1290093406475616,0.0,0.028276167346846424,0.0,0.0,0.14584389738145215,0.0,0.0,0.0,0.028052307282154684,0.0,0.06101694326501601,0.0,0.0,0.0,0.023718804394064402,0.0,0.0,0.0,0.0,0.0,0.0,0.0
attention_zero_shot,PRDM6,0.05939765569835543,0.12942094896991563,0.2076407226427515,0.05579981021101758,0.09504606770808695,0.14126223057395187,0.11117251422324392,0.5585889535330922,0.12332639994005712,0.3483221564859754,0.3252766553732253,0.16895117229338735,0.12323629287354584,0.0945817114480522,0.2833983199188985,0.05859988707328693,0.09605893864814384,0.04105173591265222,0.04448790666085076,0.15130060841126444,0.052153485983707504,0.2675373692644736,0.0,0.3516721098386828,0.18470243938292752,0.10212643783073808,0.0,0.0,0.1173117695949146,0.003567903564984224,0.09309464723406564,0.21466918111245717,0.29778881079600555,0.08769884561960173,0.22156630002505007,0.137467117323798,0.10328023782736638,0.1476751863825405,0.1971205531342748,0.2102442032338474,0.20779026597906056,0.07097715677381027,0.3746972170432681,0.04666322223589478,0.036257180398774284,0.3625858867262567,0.07786746311271807,0.15428540793311757,0.0,0.4247142173328414,0.19042837913995178,0.24380397262934803,0.0,0.13664284300550125,0.09940056241652737,0.05853889565886593,0.06712896149723448,0.16904207231561244,0.1031247395453614,0.10694673612451465,0.2573910863227577,0.3679952022479958,0.13019491693768753,0.0608266411294658,0.06002739696439199,0.09870033725468425,0.16926766767164653,0.06722944545888325,0.12452642650752951,0.026741804683902054,0.0567347229372711,0.060313681594002334,0.1463640422584382,0.4527793612698472,0.09210064035473219,0.16170919311447285,0.23553306859602707,0.022707223123776713,0.01784138959725313,0.15475997656238852,0.5559825293323128,0.5653204749859152,0.05334380409951972,0.12861099950684482,0.2017135859027445,0.0,0.15533496109113834,0.14733735184204982,0.0,0.17204968815696062,0.0437017155780401,0.09390427419390218,0.34433980037542183,0.025631696503775333,0.09716318816879192,0.039892534347330214,0.052301999815292884,0.17145292129730275,0.020865809141688233,0.10904285689228373,0.15128951039993116,0.1526812215088892,0.15152255695580757,0.1245197441023747,0.30675605917484194,0.006072341701080194,0.0,0.08573249019563693,0.1672995144113703,0.24000859356812368,0.11420414250645419,0.13994594134500019,0.07448895889645232,0.12146061122685689,0.06534519255656818,0.11878857502700023,0.06665458299471255,0.14458891747671093,0.3846873522250644,0.7437475425515442,0.2077698717099607,0.03982000288816627,0.10215093654089341,0.1186176414214444,0.13580438374769108,0.3657804744243694,0.006249972690392188,0.540279524118678,0.1686773577788405,0.7694886654560907,0.08867057067078597,0.031352931268150135,0.1836276160485819,0.5723389460691249,0.007950605899925575,0.21043191094021244,0.053412779204935555,0.07346626954055474,0.10388057607422294,0.005003918975139502,0.18177639865982728,0.6122881382890568,0.13722524453994056,0.27162059481453626,0.08867534377015003,0.10873929947317225,0.09974586760399444,0.27000667920010696,0.10833498620111662,0.12636176480830616,0.04326917744468039,0.1577742011898517,0.09393988176576523,0.13846016661800273,0.04961071302542269,0.05544221419645977,0.14862511936834083,0.15352912551824843,0.15886725506438806,0.07362103554817111,0.05522250661717992,0.07821151500975225,0.2411672512933342,0.15723703868594507,0.007973847204162955,0.006765923989203059,0.04080620813003792,0.0053599787640556005,0.3110852865962258,0.15813025189857782,0.05472674466842158,0.39310510802781273,0.08163773248278278,0.11841814742696874,0.10961327642485262,0.1546763082291917,0.23689113790597746,0.22149857051343924,0.11958203182420633,0.3273667687886462,0.3585862348445111,0.5056273315425835,0.4694045828751265,0.3585862348445111
attention_zero_shot,KYNU,0.00853095365189029,0.6139411102042389,0.08627131248598587,0.25786064160552896,0.02090639734562754,0.0737145541003193,0.010482127945365427,0.14110911559554903,0.05101699441165366,0.08883768529687791,0.006386622361188794,0.47514249131849057,0.07186111087066181,0.007830334260474853,0.025271257293367613,0.04288705181905191,0.031070712470812945,0.0,0.052981271288501594,0.131933513869349,0.44789849715768254,0.06415877150596701,0.0,0.17275304243811498,0.29115573508261205,0.16789232499343426,0.0,0.0,0.0,0.005147253514438557,0.009064920816014095,0.040969393424418965,0.3849708402428056,0.0633851135019067,0.007059037717307452,0.1890603289429019,0.23203350496209652,0.2079219403459706,0.05997664525609119,0.1048653798789942,0.19971708002816524,0.30781733058855515,0.0,0.009320300735123657,0.0833518360645227,0.2026520433847388,0.5537199423068115,0.0061263385499237665,0.0,0.008969400289173098,0.017747870024224587,0.00773687659242942,0.0,0.12649533068955823,0.00856424302359339,0.11177807708178476,0.34978514358059654,0.0069537709028709566,0.06043140768702616,0.0548172364333201,0.007359722348736975,0.1740293688461914,0.005955815939135255,0.06862278550329212,0.06323779927729177,0.04753947009130051,0.05667083899655107,0.049213942254955456,0.23742816926935775,0.2582693021007284,0.008109622073812989,0.00854988740208041,0.10337584246356614,0.1687444574742969,0.2436584912987134,0.0,0.00817387218691892,0.07878261466690836,0.18344338933558274,0.3215160942097586,0.008387619065673554,0.005685500132453073,0.11784300928517373,0.07195813314413245,0.0,0.0,0.10554454677380253,0.27073056892626407,0.0,0.08836651339944059,0.5091193718050858,0.006328396837208689,0.0,0.05367801119578876,0.006627030901730087,0.20392852175002818,0.0,0.16422010179815796,0.07993726615996627,0.008394951928332409,0.009020897114802733,0.007486456326351117,0.008739156476577636,0.007847742014067792,0.1889861274064137,0.007375391748280454,0.0,0.04181211012230091,0.054380405867717134,0.2952848206433613,0.29855914422545843,0.09799553160509164,0.0,0.007088714842306212,0.12963095503470484,0.04038660163272359,0.355090958929057,0.0055714014265156155,0.06108324701155925,0.06454472334493712,0.058760908171707725,0.11361450028360019,0.009478079637585913,0.0059961936959280655,0.02780861960290783,0.0,0.007592565876609159,0.007112216988450853,0.007042043386945799,0.008133075527381687,0.006033612792414299,0.027354563348971017,0.006131617921285333,0.09392550793205687,0.00876055430149522,0.030557034158201754,0.005166119179669025,0.0068293353209320905,0.15837586376060594,0.053604238252192994,0.006641030107810548,0.004388928743845808,0.1609356414571765,0.008612218256363723,0.10574195905000623,0.07724353879190073,0.24181800108245372,0.22432771878508814,0.05936219930427204,0.054373183648064705,0.1623631804122173,0.0,0.16811450573209982,0.006634326962164684,0.00866083548746912,0.0077069139218013056,0.08633599917188221,0.00841645906015006,0.005402323479020546,0.026896147243141582,0.2388788780429561,0.009630597375080348,0.041472115863168194,0.07024895427815005,0.00908581593494338,0.0076042614212250715,0.00794599838110941,0.04732585667888257,0.007333481867343705,0.04640691381067368,0.05909215914631532,0.0,0.04532411599424502,0.12961602490958402,0.05822317155869827,0.1626387759978666,0.0683902154518705,0.04560065155918836,0.04308336326221037,0.0070794806208137676,0.0,0.0,0.0,0.0
attention_zero_shot,CENPF,0.045450737863161776,0.07162474910116631,0.1693031593055352,0.23552701363043943,0.27815957069005914,0.27360792639081905,0.18186457145450763,0.24253910924596508,0.1863872595160162,0.3287816886148442,0.2520197222943319,0.12499876432036693,0.30541400264010876,0.33504456757741286,0.34093654463592654,0.19429030926276503,0.09969832840450252,0.019501405263950788,0.21536631075055013,0.11765262264918133,0.09764784664251534,0.22907797573862096,0.0,0.30403597283070444,0.24568630090151117,0.11893155519089096,0.0,0.0,0.04976157563149996,0.11120717593129342,0.11641611093611326,0.2571961138370988,0.17132473687423178,0.20219467923959114,0.1494724972978425,0.16748989085716265,0.10563531083972653,0.17568763854158648,0.09455468191461308,0.2901354080576142,0.18095636990933425,0.2459106973719459,0.2252393635375652,0.10401484937911322,0.020832514022416967,0.270189291512099,0.0859734687947196,0.10533870058896347,0.0,0.12495447778962158,0.3054632392645571,0.21255508936643402,0.0,0.2652461174198888,0.24154650575719103,0.03899991158251162,0.15133741332617193,0.19297139428345417,0.1756494496600101,0.12067263542207261,0.02002064615818476,0.44910558342953455,0.2681899509826701,0.0836880403887382,0.0902025059930378,0.10840662668400029,0.20067443226289133,0.06622950683577009,0.1675259311733069,0.12592638292869637,0.049547131679200544,0.10521625175340654,0.12740074736189172,0.37359455490366306,0.1770243015692544,0.07086061787589805,0.3340997913077806,0.0193469749287824,0.07527185345174957,0.20252250661508464,0.09511218757230733,0.3784010467181746,0.029930433729462653,0.18214560727266976,0.11269113873118813,0.0,0.2904301328258246,0.13213938015199855,0.0,0.294945183140056,0.025784057227705427,0.12446060367989933,0.09999043438844996,0.1670057219369964,0.051241542881682985,0.05698583627716809,0.052184439496658325,0.1419665703845814,0.017871384623914327,0.16906985697451002,0.09114043162786135,0.24118088403938376,0.09068435651584397,0.2540377326486352,0.20659678288111843,0.19468442898138466,0.0,0.09911325946857322,0.22520975701371593,0.2613161262010496,0.09576218454602387,0.19646101727592633,0.03043545792846872,0.20928417032765181,0.27349833175204197,0.08365371842519956,0.052476525414908916,0.12864947328062978,0.12776182767025326,0.18520654263036493,0.3622984606447311,0.03488526843153606,0.07705499160568507,0.2196281724805211,0.3346622606681432,0.2158069231395128,0.11256127906302123,0.20436968481462597,0.22964629977060116,0.19976174606012198,0.25089832490192915,0.20558371470386771,0.19907173207212958,0.1878404903423808,0.16771645955643213,0.2476311867304953,0.03637224323892119,0.19553355471110948,0.25538521551158555,0.21963306632975618,0.2047391355485326,0.44522701012411003,0.22821227905388017,0.1545981950661848,0.08209638876572121,0.13668646254026037,0.07781353802146167,0.3890894930799466,0.18101881189768487,0.15337368612250882,0.1409751214627538,0.043859703034550494,0.19200059343003925,0.3111760966416658,0.1338215207659017,0.11608981918621428,0.24142799664819073,0.2692429413631341,0.2681659911268303,0.14797132752101994,0.21253654810866457,0.05201255606919238,0.11002592326456219,0.2172365832279287,0.10393833429409767,0.08911901054076689,0.21115731180608513,0.028868658269774472,0.10772799178302571,0.17898965331547037,0.3303159916688528,0.10468304074030974,0.1881935597273277,0.1288010335476047,0.21282185145311378,0.06702537445577714,0.2945938442870464,0.24254453992998182,0.22514467176362224,0.14813509212070344,0.10668382373333925,0.18915348103016533,0.15345173930493677,0.10668382373333925
attention_zero_shot,BMPER,0.15412942976593794,0.02869858484599317,0.23210458386055374,0.05488385956480517,0.2403042094596387,0.3093809197770873,0.2231779311231914,0.2677624609190018,0.17888460603279666,0.23755952292701318,0.3593074230191233,0.10262263639486369,0.2119653360315588,0.10647210529243918,0.45931765905409655,0.056038115530120676,0.27201569501128975,0.15996773467168357,0.11880615292624269,0.2918282705762217,0.003967405274720776,0.2528053767693371,0.0,0.2021801026199171,0.2556489937169644,0.11172796155450478,0.0,0.0,0.26364166188745164,0.0016173121106387584,0.1555642294269489,0.2701074303047147,0.0942248403193173,0.28889821739803356,0.2339821214812179,0.13280296372149514,0.07271188722197872,0.20652996349019342,0.07750521467737799,0.2580386046231347,0.2040920911499395,0.13771360311477981,0.2748301516213034,0.059457258426202364,0.0027675033949800996,0.2077705894548993,0.0057345199285541385,0.15154077701672955,0.0,0.07167780446193572,0.38054250122596367,0.47460726221391897,0.0,0.3316017058119803,0.030597780961429337,0.004648134187595937,0.08127660260608328,0.3792745224304718,0.19719464613672985,0.1480781594974766,0.00231007604851601,0.11620982023848977,0.26660870706179907,0.14453011511069297,0.16872484523522788,0.1687750864319643,0.2833785297681161,0.15564781627305396,0.11812197871051557,0.003900359008455488,0.13724066526874798,0.18533759453723636,0.23420904676705556,0.18625834239957692,0.2532801629183701,0.17303777839376724,0.35465944846611813,0.0021445855732691197,0.0018382162056592456,0.2962916082577819,0.09204452681301088,0.27274393616954523,0.0038670798974464117,0.08442897517827913,0.4811271350616585,0.0,0.2931891447922941,0.039599479901936296,0.0,0.1879916216995581,0.003245570726774655,0.19964783553381743,0.09758644053360009,0.10501841444910381,0.24684048237260223,0.0037747354042103145,0.042235846532196426,0.25057680318366293,0.001996663881060622,0.06990148121678025,0.120839344414994,0.4091479383250421,0.1566241217899053,0.11802495855002088,0.10696337309345494,0.0025635984300908907,0.0,0.1619774058253501,0.1939005701634668,0.20793998541340067,0.20586231804644375,0.14631374726931315,0.03978674122300557,0.17683516517972278,0.0913180130361284,0.11273821846042424,0.05050430327369306,0.3462710903738781,0.23155512456021346,0.1127502831730772,0.27337123633623756,0.0031755050689627868,0.0035860811063948054,0.250463063999991,0.21693110023132553,0.23122669652304215,0.0023822233739654633,0.23578026790709158,0.3465275047188439,0.06870444521945679,0.06543095966417972,0.042571769141758184,0.42657243630335884,0.155622776885468,0.0034650977377980547,0.3045569821402555,0.17076782922953795,0.0738138152006523,0.06385092853211499,0.0027604088389601477,0.12253537305762012,0.2752539094803726,0.19741517444710863,0.2130856908342997,0.10560941945709827,0.12110693133360417,0.005319866133607696,0.20067458484532757,0.12776489249079034,0.31332902673130947,0.004580073748519857,0.06673842297100442,0.27680741395730146,0.1550234778624242,0.1317959671186418,0.16440093099561906,0.2650890224330279,0.29789016128402496,0.3575920263127716,0.17861827270417224,0.07880462047311793,0.004107807043839452,0.1357559135108214,0.35193454578304384,0.00284085452230976,0.0030756743398378506,0.019623932296176243,0.057794606308897586,0.10072318277770309,0.2578528663547288,0.09082444949504724,0.06878581969022214,0.14947379410099063,0.13433394587280467,0.02730382503008284,0.15718462342533837,0.40568689366492977,0.29933910828663696,0.2092722489179156,0.18277302359180098,0.05686311123900303,0.07840259605888758,0.0714845138867601,0.05686311123900303
attention_zero_shot,RGS1,0.303153117974956,0.040026834439897706,0.2550831628469077,0.13140081185755645,0.13503122283792238,0.35149694447693525,0.3713782426672785,0.18890092630255467,0.17392933698873742,0.09619547462872463,0.21881095728974814,0.03896627526680325,0.08761077334970795,0.02971766872966094,0.11992229852860316,0.04910495774628131,0.40538465000437957,0.11937697505763652,0.134213997798536,0.2287919610468489,0.010417274048541637,0.20495819416346758,0.0,0.18452569182890757,0.32908693157650715,0.0794948599529872,0.0,0.0,0.2194596762604295,0.00409346264339546,0.010122041975612886,0.0641486469419193,0.08696332979775975,0.5174950982488539,0.20386878861769203,0.12646810172005282,0.028087397459762995,0.10553290859078565,0.06109596216719487,0.17005714016160417,0.2723435505558348,0.06856672282587434,0.08189993718889062,0.01091896833567503,0.0064504372337794305,0.1519291971564604,0.010913694092724914,0.052475315523349025,0.0,0.050186794998060516,0.13106783359484186,0.2934949874326133,0.0,0.32535243358496335,0.042669482174033435,0.010336145775646273,0.2037498470627368,0.28725388511829364,0.6101045097850084,0.16748201676485894,0.006783720768809936,0.23506334507967705,0.1699525883949024,0.42115497641395677,0.48765213141774044,0.3510979112544454,0.4697096921669147,0.367895337144071,0.05455132755185864,0.00930843985199071,0.12835401711538233,0.008519040421183456,0.4479476683045844,0.18811395276632153,0.17038809330550012,0.0784037457279468,0.11498397789995185,0.006104111252998482,0.11913519177327411,0.3439723522353912,0.07906288679988682,0.10438065385053508,0.01055682976579731,0.24597033942823698,0.36898983531309315,0.0,0.21250004905370307,0.06039958178012726,0.0,0.11782759101833469,0.007183060558178342,0.005467805562823817,0.09510740452230627,0.11119229810145326,0.1632633618198156,0.011474450082961418,0.06929921257119186,0.2048673822334014,0.005533528758393728,0.05641518393279193,0.0898982189048713,0.3417348774811895,0.18400866307810385,0.06976336927992953,0.22247628651642362,0.007010801521447824,0.0,0.5541546927632136,0.22194851473831304,0.4075291314265955,0.40083049336706394,0.008511575412802912,0.06335844764479953,0.045359081959170794,0.03552086269811931,0.16192827574969634,0.010967173425145584,0.17385079197711792,0.21540628293456981,0.10422310331934366,0.10160239189513166,0.009566746968130806,0.010430470926760388,0.06048979345823639,0.18155102341581117,0.09246537053566335,0.007094979697856981,0.0857405514398392,0.3813881133938967,0.11566700937317989,0.0834724821273522,0.06975760089552037,0.15712983349672083,0.0944699665296054,0.009426260398182193,0.29547993697874364,0.21794137675643865,0.030388159054593217,0.05661350565649949,0.049258879728689066,0.050707261030083446,0.14071913187907692,0.15962727490422488,0.2072058936322657,0.10645992871357156,0.03533971002376316,0.011566572173592827,0.20353054212838737,0.2430767414315967,0.3500483929839738,0.010733106529328304,0.0518267613822398,0.2684486124618755,0.12808895078016283,0.10107334509154339,0.05851358098140481,0.12124912378950371,0.05301934638916327,0.10000366291795487,0.4368911270297776,0.08948429584968098,0.010918643161785037,0.1896155856393682,0.3708505619632654,0.009329222616084364,0.007611618148108483,0.025989689951558814,0.24057932744577185,0.10635745193411836,0.10997867568606624,0.1338021945897072,0.13064733405371362,0.11169598656800767,0.20747624724855532,0.0893216283981286,0.14608857020580915,0.18449120688668436,0.2518225943099477,0.08952663118338883,0.07540985843805731,0.10097366051406675,0.14245253729619964,0.12872546956298017,0.10097366051406675
attention_zero_shot,KCNE4,0.02993065039846902,0.018334157714640087,0.030890019926630582,0.004377707559020449,0.4530080688190336,0.15770556438050137,0.23273945075668234,0.025667147088342935,0.14392565820169795,0.0366072321429918,0.03077305390070043,0.020132599121075505,0.1750656166609854,0.2006007048726735,0.060258001028743985,0.3101288637415354,0.06458259257689343,0.022971477890135095,0.518080086237124,0.2976006142897471,0.00599543745165183,0.02911406763997375,0.0,0.03147666298183329,0.14792986609484876,0.016395628174671554,0.0,0.0,0.03506380976882084,0.42300166979282333,0.005607525145095089,0.012300993490193935,0.030262939227084888,0.16444746043726574,0.2505035454203037,0.08838152443742198,0.14733818927534673,0.09604857866192745,0.031025436940835115,0.0964463451718217,0.06290238207561925,0.22393698886384428,0.0555802056135325,0.11481293012319513,0.004062536022997969,0.03151329702689035,0.007995509439310126,0.17032703602046997,0.0,0.1675827111731133,0.0695820517173388,0.060825258143946584,0.0,0.10742888792407572,0.224042109824834,0.006810829832724467,0.11482511772250707,0.12976775946787342,0.060215630904011115,0.20746816742805474,0.0033906809328648527,0.11863297869716816,0.2207066608957906,0.04830655496984175,0.046646878103342664,0.06748502371598641,0.09530449713433983,0.05313721046682592,0.1292235023003982,0.11941410915302064,0.16162922815874117,0.004041881854006375,0.07545036700127072,0.06267379978597092,0.10594149360651424,0.07569214824405242,0.10386406770815496,0.0030950653299800213,0.002476052263984017,0.053608007283821923,0.032987204158452126,0.08018342730523237,0.006185372578825993,0.18350990596182185,0.06523915230806362,0.0,0.14215033043979008,0.02270672486495163,0.0,0.12174050856062298,0.004733128131509342,0.0027829727431110435,0.03430047339452087,0.36534281333087,0.14764913412136801,0.0060878722540382985,0.026699161040166893,0.06093679080375978,0.0028395153621746214,0.23450421705637,0.10915604386598196,0.033989386443751025,0.028533301864990576,0.41638520463443734,0.023792310617089796,0.322541883820166,0.0,0.03581006436052631,0.1318877936133106,0.036191551773128806,0.036222993136577966,0.004401215790345473,0.020212408032536093,0.27416451780992096,0.2826161397892065,0.1401883969066736,0.007275841804200806,0.13267729086219884,0.04060439741860288,0.03711315128152276,0.11727466330809062,0.005016185762693427,0.00569354112891026,0.2901445504600631,0.2015378813430256,0.05955760888751142,0.003522941893512082,0.02881968532635202,0.08565441480748946,0.03709072114086538,0.2348386205391604,0.7657228769266734,0.08642003137096044,0.0211910512963484,0.5529029174381296,0.19806574637774346,0.02832462681668431,0.3967562455157331,0.44156560365479697,0.5189488303911124,0.30875826914738475,0.06655086007601754,0.12804899982938076,0.031078730039528667,0.02399586797471227,0.10707286585038617,0.007890751384286838,0.113613879147135,0.23168187931427378,0.059132973770268785,0.2382565276198505,0.021801455719349442,0.21526325377332842,0.357391897443249,0.37038002100834483,0.23451830910893978,0.20087956038741653,0.3477091865946804,0.20065256064249562,0.03149890815923151,0.24692892768248065,0.006459236926591746,0.03501018880978301,0.1391002881099749,0.4987427425554914,0.36714714155313133,0.6576479240413964,0.0030555479555115714,0.038547574092389444,0.17321524442583738,0.4709718147204785,0.04230144169795624,0.31557844968286336,0.0935735638376711,0.22926208106623247,0.03398784958681187,0.04618245397197619,0.049871626316090364,0.22420988397094596,0.030304795334929944,0.03551063953793489,0.03845999106554728,0.03623452697120971,0.03551063953793489
attention_zero_shot,COL27A1,0.008011352756729633,0.005506729703184894,0.2685455752203485,0.05054553935875893,0.060354690420448484,0.03186951192332086,0.03318272818048176,0.18075636707051038,0.04849328960579606,0.10281613458726106,0.20998385265423197,0.07085217025986013,0.07722249392463014,0.12615239001981698,0.14051372571449408,0.03934105975802316,0.0026136060309155922,0.0,0.006437982032318561,0.0020931286793668185,0.008514357814774158,0.15397758337699377,0.0,0.052174268761128205,0.002495732481552635,0.09245519742989099,0.0,0.0,0.0,0.0026755821901697043,0.15185091611633164,0.5838330678681969,0.0052121432744352166,0.036082713190891035,0.005296026800618478,0.09417019108679954,0.042002383279893016,0.08502838521363018,0.002204872816287806,0.05494250592160548,0.006532037303446867,0.10498712916490144,0.23524169337356382,0.06697206935847953,0.006794879254647948,0.08494629999542097,0.008811950355846393,0.05547914629152684,0.0,0.09532775297667365,0.1256274241786983,0.07854763817269747,0.0,0.03153634303370563,0.05201146394929428,0.008603895962169377,0.003919860851042884,0.003993877261003423,0.008558224375424387,0.10534576425490463,0.07388173812750262,0.07444555171942112,0.0654965432914129,0.018179295764584012,0.016609264205246704,0.023212104296479068,0.04266447767525491,0.02120917839201468,0.08692547642007115,0.008837906557362643,0.006254874937122137,0.35951482576244276,0.006049269177996454,0.04545738940167302,0.004600577974572199,0.0,0.24033999073634635,0.006269700896951742,0.0035826862268295667,0.04357874522178349,0.06536526409963306,0.12911648409482435,0.009880073287650695,0.0,0.0,0.0,0.044304358387107466,0.009651625309121855,0.0,0.07340701796087165,0.0071633451024123935,0.4091289289768277,0.0,0.006450658144260745,0.00361083327038701,0.010058196909324477,0.0,0.09940522586472278,0.005798097489437068,0.05595087577704689,0.10543624159673957,0.1624134883874681,0.05152037334466543,0.026127320155085707,0.024974109820782273,0.005607694458228186,0.0,0.008169939703577152,0.002451099514917857,0.003054331301406242,0.005802612732076222,0.2646747893593951,0.0,0.08939640241361077,0.018234765407933326,0.0,0.00822212357479662,0.002260940008574373,0.0022766523022558867,0.04859018000983317,0.18431489701215278,0.009085233582650159,0.117825989497708,0.10956248240413893,0.08931544507175583,0.18950444422978122,0.007042916993621719,0.1592781914636729,0.004762026641372046,0.07997564311820975,0.004547890045127242,0.003976205211290758,0.13985985604268766,0.17419605838819807,0.007274057778461436,0.14406987630343598,0.0039348467164334764,0.003792828300319115,0.056596135958215055,0.0042180907858611425,0.0034626111157060302,0.09026591536916378,0.021010859092553756,0.03221325306869575,0.007452597926471253,0.11511099200008691,0.041584843445981026,0.021889944093725452,0.006820469481277171,0.0029514009770313164,0.008790919888384801,0.0,0.0174464266267229,0.015706354161447417,0.006745610374816893,0.00574136827288712,0.014348907731877865,0.13308168970553,0.05180817323927994,0.005835671216840824,0.0066302986195925125,0.07221977247229923,0.0042382764690568975,0.01740798740649312,0.008594361761045055,0.007448941818974466,0.017408414371278685,0.005328773022869488,0.0042324056138615335,0.07029727474658169,0.03421789555567025,0.0,0.031812096861253,0.007148717699644575,0.0467399670715471,0.0033855793669173126,0.14576420545978022,0.19863906981853097,0.03785299200589482,0.1760512827749427,0.0,0.0,0.0,0.0
attention_zero_shot,HCK,0.22674488457726,0.04949257948837105,0.3063378443005666,0.17691780127451323,0.3258058295449124,0.6638712954280425,0.29907931283515027,0.34516761412210706,0.34511533981887377,0.35323167886955037,0.2367526392112908,0.08171849415036869,0.28674356245069227,0.20655591325769437,0.41338831409525323,0.17674735970700003,0.46289026615986634,0.1102745518855429,0.2052027155454421,0.3156097852185906,0.05783286189220623,0.24444010481929954,0.0,0.17979568121287945,0.4896554079548436,0.191298509895562,0.0,0.0,0.15843970893526432,0.061651240953813635,0.13330547213881833,0.16171830426393718,0.10806930843077023,0.3991332952141531,0.3606608424606749,0.24969739712304811,0.11383265043610633,0.3398263031053678,0.11057205170764269,0.3789372518346162,0.366627710388104,0.22793818264476437,0.1388919609984206,0.14101325880434512,0.09496204152600832,0.36201403824191114,0.0812429054303954,0.10761854409714176,0.0,0.09523859729472957,0.37907122493511053,0.4073923061785984,0.0,0.567675432616333,0.20998731998039805,0.03802365672768653,0.2189449334266288,0.32628738326249407,0.4103127951280106,0.1696999256694776,0.011386182028812777,0.3126184739116664,0.4651616279999648,0.3815328815285498,0.4356637841524217,0.3865876887978351,0.5067617576159679,0.36219469790425185,0.17817343695246723,0.06320156161576401,0.17155622360010384,0.08112165475762972,0.39888590442150973,0.3207892260116335,0.38557608235508634,0.06832804452786405,0.4261122962444882,0.025198554544964627,0.1298687768114197,0.442278954012736,0.1001550628995154,0.2355614246144707,0.10196294325059903,0.2991953979746158,0.18155085719817615,0.0,0.4709155553664308,0.082227658800044,0.0,0.34865796683345956,0.02519592577024815,0.04719120817839746,0.08451876931150595,0.1864758072236347,0.22232976184970496,0.052730183826136756,0.08708747256187337,0.3089197609369257,0.04789745650103876,0.20194112847503784,0.10612202068723764,0.3317998530685035,0.12668892328723738,0.23507076273470517,0.24679644740589535,0.08228200654253762,0.0,0.22655639149176443,0.26934592984685946,0.45548006489501397,0.24513896642215185,0.0805840204890567,0.06632633445735882,0.2472853874574752,0.18087857655238404,0.22341723346088777,0.05883595744491512,0.25466157444914145,0.17422603015512803,0.1103580679897107,0.3852114391684909,0.04947792822278894,0.019980878044122626,0.267160712059913,0.35700135855198717,0.12974631298495518,0.006295639308470335,0.16272130295779294,0.35033078152464553,0.08378492831331863,0.26354701504980743,0.19400392313484274,0.3964595959750383,0.1869185268448077,0.09526208921487496,0.35221646793168904,0.12345838027145865,0.14443938659766623,0.2793280149458006,0.15661068215703494,0.15170949783588109,0.30538794891836574,0.409992680310477,0.356200147177492,0.21309505728291067,0.11599608994649703,0.04850369900136077,0.36861172099200024,0.3368902279340135,0.44857898560376724,0.1230017546166516,0.05484515586515606,0.5273060041427386,0.29863067070394717,0.11991046456784286,0.20850263799229182,0.35468299147503446,0.2777393693983196,0.3386148450901227,0.20569575385257682,0.24636838237233596,0.05334463817213501,0.2534046126853219,0.5138518334730373,0.05553328482539291,0.06859659170095762,0.15150618062891816,0.1125814506159335,0.13812384313863113,0.25285897276732205,0.3904538562573587,0.0653002899546329,0.2973097458205943,0.3646141843203242,0.14642857085263042,0.19238372956497152,0.3775859384490939,0.3285174399364865,0.21423407441125072,0.11338717165996336,0.05378700331995644,0.07247974633810603,0.06699244620770428,0.05378700331995644
attention_zero_shot,ARMC3,0.01057574633760586,0.1677211214794049,0.12619120899596123,0.10629380941798744,0.048435386185505636,0.08703953051844325,0.013053560598353412,0.211831397316882,0.12433576581516163,0.21258468180485887,0.2154834307031465,0.45242069636907056,0.2011121253720107,0.16443764813253292,0.1850350749067177,0.09442905290019908,0.005398685010767452,0.0,0.009037254934997652,0.01244544690760822,0.0781723997648665,0.2866765953278524,0.0,0.08170795796553186,0.07244157591277046,0.18040138191638252,0.0,0.0,0.0,0.004445515965471144,0.25599508724813796,0.22460182484295754,0.053318040602294225,0.10822818855212452,0.07488652475413161,0.31596128008279833,0.1980381902469884,0.1478831293335558,0.022009914049100434,0.09820826674960592,0.047962742837764076,0.19270307305140968,0.23254716197453426,0.6410496173043986,0.05781495329732115,0.09366611924492556,0.09361781044312928,0.00646057713068036,0.0,0.010711771597483113,0.16778182518493798,0.15604895437196037,0.0,0.09285893764572659,0.00984345638053358,0.25719315577235613,0.04272941560266708,0.006686111807820659,0.011629928984118972,0.0939105151017562,0.008754103888072368,0.030157443997121686,0.030433015991387802,0.003080362223173515,0.0038785088943389195,0.0027952994075501475,0.039468742887137816,0.0034910771862633173,0.15136753458410576,0.042047262736919576,0.009030230631407508,0.22525222571236764,0.029089532518578914,0.031746692782698975,0.06870462172929243,0.0,0.22476551007986675,0.04554569589973767,0.031881987129816367,0.10754028236109676,0.009254672250601163,0.1856981016687363,0.2020034763997555,0.0,0.0,0.0,0.08585260514171814,0.169408644764702,0.0,0.1514101006638489,0.2137223419536222,0.28751765184942585,0.0,0.008064418338185048,0.006072041137004172,0.06855476966378528,0.0,0.1696362428957104,0.042060976535293386,0.009591395452028136,0.01090005283611315,0.1996471871391409,0.010508910730017149,0.008520393420000542,0.03827835275052423,0.008001604757385764,0.0,0.012086353628830392,0.06231065997271411,0.06683915439586056,0.11924324591393208,0.3643068123480342,0.0,0.08372673902085537,0.14909282277745411,0.0,0.08500280396894078,0.08479568203362126,0.023600008498928696,0.028036049902329104,0.1901776449711287,0.0710026880016812,0.012293240639932078,0.11256325707074348,0.10630032629254284,0.10150432733162294,0.33856952480815694,0.19421377278720608,0.007144460501831292,0.009155403716408618,0.00617560163585523,0.006444194023334547,0.18061326674601097,0.1263255111608632,0.010181287835515918,0.08807173092910082,0.005334449605839337,0.006441726792904015,0.01916871659326391,0.005822033761905491,0.0059870670627836945,0.09102636298813126,0.016006224746280138,0.010250686754705422,0.07383214479280188,0.4295691713900927,0.08086606598190192,0.05466319899082748,0.009518875154953177,0.004526728129438375,0.341796477567351,0.0,0.018531252893119562,0.00692505612064287,0.009932481127836465,0.008308040502823874,0.08112951771977826,0.24219597208572466,0.09221178469256028,0.009242505716164418,0.3333615036329186,0.42534254170662467,0.006873919898321459,0.040963086192822774,0.011497874054340761,0.009155547908712102,0.008976582861976832,0.007474109816906315,0.007184847102592969,0.053599736808289195,0.08087124041621403,0.0,0.008738607462791073,0.06385075605700434,0.008192586290853525,0.22187307867690628,0.2229717180685518,0.22004524457883368,0.036757325158488285,0.2378350037126481,0.0,0.0,0.0,0.0
attention_zero_shot,SNCAIP,0.043473540729799656,0.06163240621364241,0.20440569233187073,0.03645737946886442,0.09301491215985667,0.09341428655076665,0.09946218975364567,0.052937240356329296,0.13292546680857265,0.09647632522029888,0.07386745758757485,0.07037718151231546,0.17805837382987738,0.060831301442409794,0.05406430907912713,0.015314676602070596,0.15587229467960578,0.1410844429961189,0.1563091846022296,0.2436465633111731,0.06652712163774434,0.03483637906652133,0.0,0.050640413856653355,0.12204660214718951,0.0709477579787578,0.0,0.0,0.2316952291671115,0.002710110257532282,0.00789394926405278,0.011406406052197749,0.07407163942818129,0.11799241975808554,0.1038129317437658,0.158734144952223,0.08228590700969235,0.07187356455204147,0.054022975354084464,0.10404011220887324,0.10149449436834561,0.03320520236744461,0.0395782459915548,0.010093121537733951,0.05251463552611795,0.18766606876207245,0.08017321556648452,0.031644560744577735,0.0,0.03205624231840388,0.05123424836460787,0.12445706475731115,0.0,0.09397008408856596,0.07987560983063581,0.06754322040482871,0.09799747478955537,0.0933978161989738,0.1551948527426703,0.02410179700607712,0.006224971602282954,0.07938000920740731,0.23520794669286146,0.0185167089612115,0.019998849427392912,0.020101423972034977,0.06634413955818587,0.0213654334167825,0.06936097908897448,0.03416605431483901,0.3169203974259386,0.006734053105183136,0.09478939344939158,0.1086329978612992,0.15450327445673157,0.03254072980361965,0.03406298659694028,0.03805889291518098,0.02378680807198811,0.07023384042180977,0.04431079900761602,0.04725558176120531,0.07281033761847328,0.03281818541355628,0.24364024071824103,0.0,0.15998597031766174,0.08694648467053578,0.0,0.14955468053057225,0.05848659745830938,0.004603117066254312,0.05084247809251027,0.14909844580129814,0.07554481495790233,0.3268495784117117,0.17660530160440227,0.07573298741392082,0.03538038721160406,0.18245703553089754,0.1263514604931438,0.1798115730742995,0.2746870696826311,0.12231457623317069,0.08785639518077007,0.005641035504346929,0.0,0.045450062937429724,0.1269726564263707,0.11932805119118985,0.17567913274653577,0.033207473348833574,0.029098168755890937,0.0477901062528929,0.10867993286896327,0.04023734830388712,0.06934036592946365,0.19384676111540736,0.16899351932139975,0.0617908415228737,0.07776679223834913,0.059995812441524944,0.009579216971737496,0.1147456207321762,0.10779165970670919,0.046350166699269564,0.0064723937450793245,0.03276872424861868,0.24137954067558295,0.04746958595776341,0.07646634685517646,0.019506309877471928,0.10112523209327295,0.07658144105349063,0.007641863812733006,0.10931332799046353,0.1431126740698517,0.014821073783535421,0.032729027442412316,0.0045052801182828995,0.03406973935426567,0.09037558410755285,0.24515767598914187,0.15879507083358918,0.1154217772284177,0.03636371584829197,0.06811526949057993,0.07779624783779296,0.024787095964734815,0.16050817054577815,0.050456831945528725,0.030791996877859253,0.1363437135052276,0.24914971130318472,0.25740068848017233,0.22574649475649994,0.2061328288603822,0.28599020326605257,0.39770189129222483,0.03697603752790576,0.13961496823317635,0.010051714035838608,0.3209429314970989,0.06884349915494639,0.008152751887470647,0.007335634991147067,0.01637943072811674,0.005062108020135484,0.26497178434969404,0.06919652855202116,0.03901803786602868,0.06391980420003454,0.14702616742729435,0.09102447998154138,0.016946111475295636,0.18024465620034819,0.059244006694933814,0.034837450945353406,0.1751775482376835,0.04062020870744221,0.0531265300927686,0.05699822859838289,0.053633833538409316,0.0531265300927686
attention_zero_shot,THEMIS,0.33623296129940006,0.016755563536276337,0.12820302731333091,0.11591880971898295,0.07519168554602744,0.3304276067590451,0.16765246434304576,0.09620886122369607,0.11634960736946919,0.10154395415269196,0.12575438439822806,0.01775236516703177,0.07448545223601634,0.0132179488720681,0.11242535392110876,0.026383542285460998,0.37532311445236705,0.16414715079737469,0.06691085783167328,0.1020364447121074,0.005914696604540291,0.15077494399168215,0.0,0.09532429155884638,0.3434009274467505,0.07221322153742345,0.0,0.0,0.18090343308360401,0.0022090055468133277,0.005312271580087095,0.03381706750646068,0.06234703584620551,0.3005188411780286,0.11286069540436586,0.043375306494544276,0.006952861513829072,0.07447883013653471,0.08162283419985317,0.1556862136122669,0.1470137197233693,0.03808818836640634,0.08797147591430321,0.006968022981891338,0.004205532534107515,0.11314593202385645,0.007204905797892676,0.023251022088312003,0.0,0.08060640590598803,0.117137498041364,0.2039049680889507,0.0,0.3162975914104917,0.016778293305632054,0.006429437661882906,0.10151276231572712,0.1779550142171744,0.3999185176951484,0.09687098260809887,0.00375121056709206,0.10895738325029417,0.11850950339676201,0.6887970022522383,0.7144498642376308,0.5553963217764644,0.4952085353289232,0.6681459398415817,0.02623152040227892,0.005805539136573055,0.06541820243846055,0.004278913190796368,0.4620062869940001,0.1816995829195226,0.10318824557318733,0.023181309277080047,0.08965813691845503,0.0034526021584819835,0.09806876547897389,0.46280260059436323,0.10237589645375202,0.1014035951400619,0.006041861739673298,0.4868764362429431,0.2074906917401438,0.0,0.13275293668121413,0.019509468653998066,0.0,0.11401914422286648,0.004765761427055961,0.003064192726464414,0.10985327470243368,0.07844726817591686,0.12784740340880626,0.006066119994130869,0.027413175557141352,0.09321285247625913,0.003189797750533575,0.07589721881949013,0.07215551415844458,0.15571546993635826,0.08469346923761342,0.059835001894416075,0.1601161644802949,0.003852607697816723,0.0,0.21834355802627142,0.13797983581630707,0.3765777428065444,0.17745889352573116,0.004442706695309832,0.020702829365427357,0.03660448008745722,0.06366194302213354,0.18218872988825074,0.00638440655422003,0.14331073686270024,0.1873305377895442,0.08282420900828746,0.07015790939412354,0.005174926334270869,0.005726847887529242,0.08155465186077264,0.21339978869960693,0.08636423690284538,0.003882923969998452,0.0719440120522403,0.23312328304228574,0.03850929798835851,0.04593834100242044,0.03997894380657467,0.13976688087504266,0.056618174019967694,0.005129823473359865,0.12655722173207765,0.1446593871122609,0.04185010631961959,0.03428606688964024,0.03917072441996381,0.08144443314034504,0.1571892713751617,0.13278451936122998,0.142026244942583,0.16599490867102115,0.014415995907580489,0.007235772318895656,0.17910137515937508,0.0964601496320092,0.2962150967515183,0.006432286285075477,0.0798854714579911,0.20648905748542762,0.08418673120400672,0.024364471227613517,0.06337176885000079,0.07961166312214421,0.06399156609178848,0.06482964176947581,0.1716086642816062,0.08679691748785162,0.00628253933633315,0.16069269060561306,0.37615478314713346,0.004742332505293586,0.004700277966424273,0.01329467243537976,0.31227064963073387,0.09719723569904512,0.09466937127331666,0.12695336623310194,0.04873198339744039,0.103133272422953,0.13832629905377677,0.049190146451779826,0.18432524501528894,0.17685331723402672,0.19426154287891012,0.05761106672555731,0.10307210737423066,0.039208729495044795,0.04382920740629867,0.040498087334582496,0.039208729495044795
attention_zero_shot,TBXAS1,0.01481421761032217,0.36962627423545164,0.11258400356078313,0.2952338264831992,0.2160564968390871,0.19554757403453396,0.0227073836744508,0.11197093348431136,0.1600554260558729,0.15340579120364103,0.04112858473965858,0.4690429439449626,0.09538133107076409,0.011028913309399814,0.11230382839500695,0.18360557469522618,0.09287655932383954,0.02512333829968198,0.08002766456087726,0.2724415148431653,0.17420046982689594,0.14607786357918773,0.0,0.14117986847293745,0.3329738303979891,0.5208524440478044,0.0,0.0,0.02858338066649198,0.11073258794622687,0.06494736008545607,0.0499965082404244,0.3993081828113266,0.16918293820632352,0.08387524084634192,0.1622443312332165,0.5217144520034158,0.40496122862076656,0.09506427790590592,0.16093900963551333,0.4034993360904692,0.18804765755148617,0.048500412063997314,0.00960298245154299,0.0805014538041411,0.11798382434552353,0.7560561805463092,0.06553062606522418,0.0,0.03841019675479654,0.10088755435846829,0.07724289781636896,0.0,0.21541112056142553,0.014114375800952482,0.483848402768094,0.4007647762044463,0.1232943590978237,0.117696650996915,0.12454226517424884,0.0069589838477835935,0.07144115424638506,0.11956095096018762,0.12641015732858127,0.12288213385419458,0.13887999797152242,0.15860197452556687,0.10912785122339316,0.5300585680280931,0.3185045456355415,0.0588164686923107,0.008260849735734778,0.15403837326312517,0.15382657609161993,0.2631949735288691,0.04625701483664473,0.040076665500504156,0.0737399077388155,0.16640984631395614,0.40217135377956575,0.03984357459704064,0.10541854727727869,0.11938917756847012,0.09189104292950455,0.04593551172566232,0.0,0.1373691852112164,0.12163993932528214,0.0,0.1287595209547508,0.4353848333371356,0.005845216872275685,0.03431594465964092,0.13714241734322635,0.05963452724579841,0.1815869408973424,0.0074297837227390445,0.15893394209997272,0.07422258207359157,0.03301673163467857,0.0384976703185758,0.02475830055731806,0.016633131350519113,0.03213761676152681,0.19358087521664596,0.007018498231990946,0.0,0.12653923858580138,0.1059590064860274,0.18081503765884738,0.1334300150807766,0.0933638670019796,0.0072565289741334995,0.09224882059362458,0.1094654810927714,0.11282480581243853,0.5927993162344353,0.07472306817534993,0.11183393021867026,0.10404662423217385,0.08636791487903912,0.11249627106893398,0.009487461281827706,0.03785741384166773,0.06524702953783554,0.047901769744001246,0.007211219966502647,0.04298334949677198,0.07908851753203287,0.024570712287666666,0.046357860966196596,0.08536591357868509,0.07768036713187398,0.10054887832567809,0.008676442312412954,0.08025454058859603,0.01318290988060326,0.10546515232362769,0.20658167282181403,0.09408504969979796,0.04756590306987971,0.09746837600082581,0.23448666933300422,0.045807397797093946,0.11274823650700899,0.17921315947250802,0.5173714774408762,0.4197852550469271,0.10125284467963445,0.15827715704282472,0.08504516253394219,0.023837054737920894,0.2697408481905588,0.06859225574210975,0.016343025821417095,0.08702299387140128,0.16277119627632938,0.066690920748819,0.06750727050775325,0.13329410221658805,0.12795340414026898,0.009754586714628748,0.08128194372858026,0.2812890243599045,0.008881561982372855,0.007395067210649241,0.11372837006213049,0.09339283370183338,0.04179059922006349,0.19611146983238686,0.09478679864945999,0.01747313903220346,0.1297565748993707,0.167987651746774,0.08463599841053317,0.08361873856811311,0.13187915694742167,0.09753208882104317,0.09634126805520155,0.03680071534623433,0.012682940148812182,0.017742152242018756,0.014885160143365318,0.012682940148812182
ig_lora,ETNPPL,0.004636960438733541,0.0366998301046459,0.032767786829146446,0.2685800613985094,0.10469688153593162,0.1641224651128087,0.07477364164712737,0.03575219046889441,0.1239125848673401,0.08937012871345397,0.0028824145877711423,0.09010289273970415,0.06396770951258064,0.07810610590591568,0.012944007653011534,0.1416991328149661,0.042798778736161135,0.0,0.2076408711377959,0.09705960253307032,0.05264704958524782,0.1613615122217694,0.0,0.013424621437819069,0.186331234013721,0.4018135290082878,0.0,0.0,0.0,0.29254152064664213,0.005187359951883593,0.07078235431720784,0.03512693421038578,0.1402641988808639,0.025355838193372015,0.16196135265600822,0.24700299780754875,0.17200685180349817,0.012617832921126252,0.07009649928416829,0.1979745188048863,0.17806486148246675,0.0,0.035656342716811014,0.04214187438786699,0.1185449960683606,0.33428873409728527,0.003293980656669639,0.0,0.05293241068221595,0.02788822271857574,0.004307590625763719,0.0,0.12059314144706469,0.09831508045648268,0.45421293907031246,0.1434783676586059,0.003037668692371921,0.10128866033672648,0.09256033927576875,0.004023997051308394,0.0787304783554382,0.04567996593490589,0.11064398592612967,0.0963139556209087,0.06183907699636353,0.06236047434152379,0.0836641122924946,0.29552706206179946,0.21775858250688593,0.004400102078079688,0.004193353991822998,0.07815454173982479,0.07776528843212546,0.15567305501814785,0.0,0.022620399901897896,0.025353411987863006,0.21250877324646222,0.2529295759555211,0.003782678794747474,0.0035426037841499547,0.0544945604647685,0.1414021256879354,0.0,0.0,0.08015997439523621,0.0590074669106825,0.0,0.08394635867888998,0.04670313579711691,0.0031404250698873364,0.0,0.29248582320552635,0.0026757049497938847,0.039783278913206245,0.0,0.06109296021738867,0.026432298819258782,0.06658381317933676,0.0058327584043300264,0.0035771345584699214,0.005218306639189018,0.1330510912441496,0.21996789667749284,0.15604839286920852,0.0,0.06928331043508958,0.052027252906599784,0.11761070270168626,0.13761173691853992,0.024340516317951293,0.0,0.03429729815561395,0.14287503740165117,0.07734722637060419,0.32376478709547196,0.0017178172414184835,0.011435006647138308,0.013928257636284028,0.07528845910539808,0.043066349903483805,0.006136901604137086,0.06950501846988313,0.10830494194842881,0.0,0.004146655393753757,0.0034914175281539122,0.018672736165259104,0.004528610707394852,0.17305400083623707,0.1909065965912576,0.0034278783691939854,0.09369682869094322,0.17823959579342247,0.12272164444172863,0.0025771098586149176,0.16807633186481116,0.22858401787700042,0.3023567186870662,0.08707812630664294,0.0019976115835568715,0.11654521459115061,0.005624644231626525,0.05191036159160588,0.14669803845930524,0.38747731251025275,0.25390114331970454,0.15611201055582694,0.10132749029408052,0.1654910504324991,0.0,0.24562508686216838,0.1057145040301362,0.10108348241546822,0.058317798125308046,0.07360387450248534,0.058810117074454264,0.043290346371254576,0.03604858785768525,0.3176890936873185,0.006703632810396823,0.06946312775455563,0.10070218375463903,0.10411007124108117,0.1031941806056193,0.29273370764238604,0.11369841284850705,0.002916269683622888,0.06875050993120692,0.2458301323537787,0.0,0.16761756232645686,0.10212323350012507,0.2859590089536624,0.06324287557286522,0.037242874203702134,0.09247533472199432,0.07423975474289041,0.003500231978802354,0.0,0.0,0.0,0.0
ig_lora,CD163,0.007207121950397249,0.005600969084650603,0.010095766235555794,0.17029523188281484,0.1379481252369121,0.1928208927142551,0.24815164699152858,0.09429917141733665,0.07018035013926341,0.007658567815439747,0.003827064263115442,0.00704044414031649,0.1109645070478779,0.17560618491532598,0.007483185286785148,0.2653419530862768,0.0579643233135463,0.0,0.3455467278127534,0.026198884828888103,0.00883496951033341,0.08687624013230633,0.0,0.0027567435136133145,0.11875853332447964,0.20239346429629881,0.0,0.0,0.0,0.20961350824775923,0.007859333489366323,0.0483069286683984,0.00552431549044491,0.10991044369818101,0.04184304672699754,0.052598703317356395,0.009711215594078997,0.03220139160099959,0.0018416385854104387,0.059483837982378246,0.02783938362239772,0.15611592139422792,0.0,0.06143839157761995,0.006680665472928159,0.0661121684750379,0.009765466868203058,0.004341005237038891,0.0,0.103219547751095,0.030109735201234774,0.006132302466785166,0.0,0.08264060926381553,0.24350931540498325,0.009269593121147635,0.08905085103278802,0.004378427875056474,0.10565700211679759,0.078830698370592,0.005846987470036835,0.05338598732281244,0.13330882689285184,0.161048978597247,0.1369474608681495,0.0846000068356912,0.10258227482844716,0.12159932177288695,0.04229700041815179,0.14046373643005486,0.006390899018460936,0.0062631894000684165,0.0969134413857522,0.08761750157909338,0.12418218536227099,0.0,0.04195810013105796,0.00527779550446802,0.5868610690167725,0.062360158393969196,0.005476450200518145,0.0047857552345844465,0.010495094632370989,0.19751798718660582,0.0,0.0,0.07753009800534881,0.01038775498214317,0.0,0.07978966065180304,0.007273160533920782,0.004100264214285443,0.0,0.25989227981317764,0.0034892948341065104,0.010465766739100893,0.0,0.005564974930054168,0.004794706114993304,0.24201024975549165,0.008636914389436062,0.004944364061747007,0.007858903378893143,0.36877101622445874,0.14730437143062247,0.3503370437953874,0.0,0.101592654412168,0.07099219380839328,0.16429124933462888,0.005965550632205396,0.006440307668371327,0.0,0.056986178554941994,0.19790132021517745,0.16412112947803806,0.009383452821727272,0.0020710074540535796,0.0020005526093230916,0.0050879558497483645,0.09057226018922501,0.0089930754748828,0.009786969092502951,0.19207960889638317,0.2287919002790132,0.0,0.006105227548837524,0.004684626086049937,0.03055014488650877,0.006776886441298625,0.2748247761188813,0.3898014214660842,0.004680613215460211,0.12292287434318962,0.38589017738374043,0.1639086926243236,0.0031482083164079883,0.3236229944218931,0.21756880168990855,0.363424755345465,0.1699812841016293,0.0027326426810629968,0.10237151972523978,0.008346317353279077,0.007953894579285728,0.006710792123378517,0.010644486347769402,0.12076915237228082,0.5471372114018184,0.061543827799011304,0.25692330222047044,0.0,0.1364682745388882,0.2375237628258992,0.23430345634360636,0.19536866827826738,0.11882075195873543,0.2164966951867158,0.10421777827204828,0.048096333603009085,0.3658446332136482,0.010354950571372045,0.21172290457927795,0.13856476983643526,0.2843579906873249,0.20112488413387927,0.30077192462183866,0.19098317795342828,0.0038747990858795604,0.07681307351001784,0.3307058264953014,0.0,0.2095587302983997,0.06556325514429527,0.2912562284064668,0.002999978416020415,0.019786258347854233,0.05212767755838586,0.10919032650398947,0.00477732619272686,0.0,0.0,0.0,0.0
ig_lora,ANGPTL4,0.04010586256211367,0.07748265137898819,0.26021243626330864,0.17703130375577653,0.23939379537406358,0.32008947994126785,0.051633795239737136,0.16799897668153518,0.38881250836014947,0.2602953966689626,0.16619172364631613,0.18180623299302384,0.1494688913535184,0.08759880790126454,0.32531724808825435,0.09778924090979074,0.18099119358397714,0.05901663786870989,0.0691692299509871,0.31314950344042053,0.03990116290980761,0.16915139680679778,0.0,0.15605056337130935,0.398700881887174,0.3547435796937999,0.0,0.0,0.0952650758492763,0.11218553145553097,0.08294864207234187,0.15190950351973712,0.14100749925047132,0.18135339133234027,0.1772797127310137,0.22811952048385592,0.32027916350560914,0.4017709411730116,0.10303792681425346,0.26650649658333575,0.38604777708907584,0.09696309409608923,0.20040161822845107,0.021949885276066533,0.02550153888265068,0.23363800748698973,0.3532525966948849,0.12206880449751865,0.0,0.06645508469029394,0.26017325496800525,0.24662760146137286,0.0,0.279104165361474,0.09806460483559738,0.22833600337336926,0.192460088857648,0.2536840616100396,0.2566326717456418,0.10935105064353602,0.0018658501701922898,0.12062923652085186,0.2717149035783289,0.164674500621803,0.16165237612612077,0.1846894606782987,0.23941569526335146,0.15091075658285474,0.3392720290312361,0.07965392044364777,0.13697017441249357,0.034914120284890986,0.1667719335739743,0.24072368265726332,0.2292147795316435,0.21185075873277381,0.16155912056947788,0.012275589575610176,0.08554093445072053,0.3028167492974309,0.09919722151855215,0.29236943325880804,0.03989427830644666,0.13734015590831597,0.15017017019655612,0.0,0.23485421914551674,0.0968141397456155,0.0,0.21562287133342295,0.03191285760087375,0.045682510640648835,0.10632792256074457,0.1444853872078966,0.15903066052740777,0.08007687961485203,0.10954119637816193,0.17165883431654325,0.012344528730487464,0.12030991996854161,0.06462560276656179,0.19140182134973105,0.12093149810847115,0.06309126199744362,0.2568672621704255,0.002258841365463908,0.0,0.12602283532662517,0.23870933451882403,0.2136966400446547,0.08127106307198337,0.058338339784420934,0.05408472211041107,0.14887393839076682,0.1352305143166486,0.3871417185603307,0.32027103451731237,0.22104660113748015,0.15205467607233175,0.16194446179763317,0.25240261573231254,0.026969804109547246,0.0033891997819547105,0.10278395434587305,0.16150272798257434,0.18231022016529827,0.001937070529218492,0.16213080733243093,0.19010534515777985,0.10979687535281259,0.14113651309939046,0.09834968017064227,0.27583997409140343,0.16970169076949307,0.003375559292399013,0.17145187020623065,0.037974872534872174,0.07546151743794051,0.1490060904845688,0.08249083578193263,0.17120852380099624,0.2862189707031687,0.26514713999135603,0.14186515181642148,0.07607214915676455,0.23214123638190753,0.249298640234659,0.39713856242998985,0.2405943544888079,0.22503427730910935,0.03388924242828527,0.06325883045202117,0.2845540763827867,0.1437695136799163,0.03587824579225434,0.09446041278740222,0.26311308835415753,0.17882809834445648,0.17957609819718903,0.13348049945997803,0.14887580360584948,0.0040800760308733405,0.2323682594360211,0.392641107228941,0.0024180345160349013,0.0028078288558122974,0.12203534372144542,0.07258860656248052,0.29883004914935596,0.2522733554059517,0.1535837582416157,0.0868963276527444,0.2635317314328136,0.1519193585876841,0.07134162066428917,0.08976905145113777,0.2768364027282369,0.18140478723375242,0.13922103499002092,0.11691727388583774,0.08193233870712824,0.11865907529995151,0.10920576842405029,0.08193233870712824
ig_lora,PLEK,0.11834179360270419,0.10298358000364878,0.21716834395582976,0.030559598574322288,0.32511607113243185,0.3624557881365957,0.24668071835314404,0.22301986935296467,0.2072782858022724,0.16858142566121956,0.17415274600018368,0.13642046979505223,0.3653635013529659,0.19819060657437082,0.27148219511628646,0.24501370805338185,0.3092956383716242,0.11858683844331633,0.1648533047931122,0.2585053669580777,0.021715447176460446,0.16977186140915962,0.0,0.13087890227172547,0.26896655520575474,0.07872952983723777,0.0,0.0,0.1467252562595594,0.06572886802440658,0.13417920189377622,0.10811416000086867,0.16853179241307242,0.2600652104782184,0.3011152127247637,0.09802068526311725,0.11982987686188591,0.26298525130945505,0.08756114928991741,0.25812852051374235,0.3491276533363842,0.21385448629340556,0.12519702929455725,0.09413710439755066,0.014362543771790824,0.2568060258057207,0.1579443106515726,0.16423480166242688,0.0,0.1473392506744855,0.2703195819592418,0.24095591581451742,0.0,0.30377452996958354,0.2580273890304131,0.026221165002567545,0.18507247970443014,0.2858110924351855,0.3520411975099892,0.17293857236547505,0.03742761300191119,0.3114803914252815,0.3708990620386237,0.13261080208546727,0.17206235455739863,0.15193847873292224,0.2695967810014441,0.13825381494016803,0.15445605854576674,0.06978334609210793,0.21876698542989015,0.09101186795290649,0.1698012736802973,0.23887417495438834,0.23451258569527014,0.060238266001807456,0.41526710620966845,0.010054732971683503,0.009336537759420397,0.28058353666084873,0.1300469781256622,0.23943237469465148,0.019938139044487158,0.1449173513206432,0.15718838991683612,0.0,0.3826987868507388,0.05615614323773798,0.0,0.36955157577610565,0.0667932454214404,0.03190759314837161,0.10076686738279997,0.1261320648012016,0.26093434887848843,0.016565308901970596,0.09762492660745796,0.23013083911653115,0.00934812901639305,0.2776229703900476,0.18801564859527128,0.256402093088009,0.20199083231569734,0.23141602356396224,0.1377955606734779,0.10175065885328861,0.0,0.19403697595509684,0.32155661185511036,0.18945001977072579,0.22437932491855886,0.13894220265210133,0.03485544025424925,0.30723493947903,0.3091465589057767,0.11160744839072212,0.04534917573917213,0.16318059818342107,0.16773452248949208,0.1442328385765383,0.3608287123287332,0.015479835251126062,0.154047221677624,0.23553946459526542,0.2759183251594543,0.12141675071480669,0.006640766080236344,0.17377652378151112,0.3735803805939835,0.11442102487845172,0.24888529643046894,0.15358354984681694,0.3440939194608551,0.12795547800223264,0.09825500037823666,0.35773855854276143,0.10156481773429231,0.14610181980859405,0.2306451789890822,0.10090162313256877,0.165724515997247,0.2456911340177374,0.29023743611929853,0.44849942105134494,0.08032242506598124,0.12169202539739732,0.11598195729136508,0.28133358621750487,0.18186590970010552,0.2567625999775409,0.10877166562013181,0.06939596568241009,0.3066247762053786,0.40323281527171717,0.11787022676822932,0.15941634190023915,0.2740122718482499,0.1956550057107001,0.28711330820062675,0.205521826432955,0.19109352538967844,0.12906764235822096,0.10428949262575651,0.26786153461623563,0.04534353485266713,0.07007439447718292,0.17312158712695713,0.006137952837419962,0.10940238994505318,0.31859507134090453,0.2637853386803021,0.06362108420435697,0.34127335953578086,0.15598294645662558,0.1668185820320808,0.08601736422941504,0.2830261475016229,0.17230471021101657,0.21870880700180692,0.1168335712168109,0.05790975681545222,0.06941461194949834,0.06562076917784267,0.05790975681545222
ig_lora,IL1B,0.16290031872680266,0.06812752169975934,0.3447713756397085,0.11300784646018468,0.36896111182593955,0.5780215366756191,0.21848182151801,0.41851648652945833,0.33328776024916007,0.30656940371760827,0.2796064298493225,0.1083662499192138,0.19283975068008416,0.06234044510311782,0.4843004309423191,0.08539933111999976,0.389142909397852,0.20331544728437995,0.239519884475368,0.3783015800062634,0.014032334565539746,0.2906680259296091,0.0,0.25179160020909247,0.5068956623617047,0.18896278797780067,0.0,0.0,0.2534580869461754,0.010475083071698428,0.03301702121924183,0.11829538016738157,0.2333758013019949,0.35290720596458297,0.3548173102338411,0.14037946891886074,0.09229913759978899,0.4207033650981574,0.15274283930662222,0.4653555798390298,0.4512972547893758,0.1256062291834443,0.23577443922016394,0.041050119770958585,0.007183131925497705,0.3355294389674021,0.032614481491403356,0.08351262655336211,0.0,0.18309834707106173,0.47015293182925194,0.42012335885536867,0.0,0.5130327519750876,0.06669608992526982,0.024671038439203506,0.29263547922220845,0.4457343874778862,0.3881075267996714,0.132843266511636,0.0020412819178219624,0.13669970989458544,0.3252636891443985,0.3285565023674996,0.3745944600279907,0.3625930154445734,0.5775120364514165,0.3210240340934597,0.13539086579893714,0.008290246382309359,0.20815913031079938,0.012534513860439588,0.3750081958474906,0.34239718350328935,0.2972950198943244,0.13315707032091686,0.31077145643564946,0.01448557083661646,0.10569868897478117,0.3975371353716033,0.2007466677445171,0.3593219096094671,0.009825358537553508,0.34428292831288515,0.25219283552965877,0.0,0.500460878674075,0.08595223954168818,0.0,0.3548352966795048,0.0054083720284246505,0.0071554149211855355,0.20647344665070644,0.23132226154672209,0.22525840022342516,0.02757400298089756,0.06353622801217809,0.35172533466138156,0.004496695752180815,0.15053345701119894,0.13341031488605176,0.23511593561295252,0.11955208014271469,0.22663050260195694,0.3301499635300848,0.002296243260709987,0.0,0.1846888879343325,0.3167235644686884,0.4355370831053498,0.21899929634465473,0.010936119492230138,0.06502475329553074,0.22229293730105645,0.16134563877644587,0.24297972684411034,0.040746093035805925,0.2651312508144504,0.314725360126637,0.23133820815788447,0.35797864186267503,0.007438329358003837,0.002797972546081333,0.22040720774690098,0.2904592393119825,0.22927124941282306,0.011196723059703347,0.23264039330388003,0.40590184153370223,0.1413851305842362,0.18177129895884175,0.09171170129483833,0.41071269159871543,0.13017862769590272,0.0028822051317841393,0.3167280615835442,0.16804129827571498,0.15173264208390347,0.241873195108267,0.04605661899656337,0.20459432217983642,0.36701258586340696,0.42701538912081455,0.33348977663490026,0.15357962649890325,0.08492670571733617,0.017480733936360508,0.48035453954818874,0.24940265916165671,0.4804376156533255,0.010056612740534656,0.18033856989873356,0.46753149930782484,0.24113935424062186,0.1420611953479497,0.18707561536406603,0.3493537586032576,0.16867579652046422,0.27026657797358483,0.24132368737527546,0.19118249899683876,0.01722765873005298,0.3325601905918749,0.706944035150385,0.002599303090344599,0.0022178298175966446,0.04818120738796542,0.06859470153504847,0.23581484519691406,0.3075426387428669,0.18757418610182605,0.14255293519116602,0.3014621492972354,0.2757765160852705,0.11453883375903927,0.20467010385182077,0.45990087246021805,0.25659477617563203,0.2353305218857384,0.2000652097247297,0.12821097490632882,0.13985297869665625,0.1362646112668084,0.12821097490632882
ig_lora,SRGN,0.047821403826286614,0.06843204401564512,0.3545992241508343,0.05717056898742545,0.1916864227362554,0.21089907331937133,0.09105001954566144,0.1789631531282987,0.19116392293712256,0.2600472172959002,0.1734489789158593,0.09002290717589226,0.180264916042448,0.11244228787580901,0.26561017194072073,0.0949308606147147,0.10703352315122895,0.017576121062015167,0.08829899634684679,0.14686932610111073,0.09294060459170299,0.10403553763302885,0.0,0.155234739306942,0.14635814397090408,0.08069467030947379,0.0,0.0,0.05598132180307114,0.06356469997048395,0.04800997710491492,0.184318097195757,0.10024916538114324,0.12821369287268783,0.10492259093692156,0.2705734418643396,0.08629013611678597,0.168842945747079,0.08398734018342051,0.2178823157239187,0.14572909785214244,0.09526833695671286,0.14458292872983453,0.08353776599691184,0.07021936062366776,0.16800060920584875,0.07353971201979337,0.17480594114058343,0.0,0.11773233756970218,0.1916024956934165,0.171075697229894,0.0,0.17020753700538208,0.1445689179587307,0.053207411907614285,0.07794263428442924,0.24761935379365652,0.20654333456900517,0.07849466633913843,0.03745707363239367,0.2330461927771773,0.11278165051700127,0.09848871280881955,0.10604587981020142,0.11858104666750016,0.20493575950874277,0.10578417301688026,0.175564787612221,0.02569029106524713,0.029522060968795196,0.048967877136717144,0.31936782802535474,0.21169366257816696,0.10750788522468027,0.15702613115801425,0.1975423841159055,0.03643362499943291,0.03146540340860115,0.1471369056197033,0.08848841267439586,0.3035409851986964,0.10205477292458885,0.10001169219344241,0.1281874826723826,0.0,0.19590293739328543,0.12299224441039708,0.0,0.18473955432562097,0.03718349733676823,0.05871597928616731,0.05618158840330698,0.01700453219280719,0.10742779117208257,0.17073976878855546,0.020893161938045725,0.15396472123623478,0.11370190379900039,0.13151015220328463,0.1435696506886874,0.15239388931716696,0.25139641943813706,0.10884428365482342,0.1096947001825703,0.07150105597859216,0.0,0.08019462330260468,0.19860649503939637,0.1255214653972412,0.08558884712690384,0.20576758637962805,0.038687613217588575,0.23892417896893434,0.2645300893465891,0.06839075199870756,0.12179610332933122,0.09642416299197443,0.09119343640243202,0.1360369454934568,0.2818966599878101,0.17350153038633187,0.13500189336449736,0.17613829291433344,0.2182551843160192,0.16137206284995662,0.006108475779053373,0.1467806238307721,0.1925648568925795,0.1425074951327746,0.06258420995812725,0.09948967923448879,0.1638767455523467,0.13636933464081194,0.07800778322721597,0.17854692464370622,0.03754425914255021,0.12274907226502256,0.0971230451891209,0.08571267056875423,0.14020946239990337,0.228261027348814,0.12480252230860736,0.15628383781795482,0.2756315493030649,0.3409550654916239,0.14028952494424168,0.13600627947901928,0.11977932043197696,0.11749852865049719,0.11003037843678576,0.030062671025263457,0.1461418283286438,0.19722459715911136,0.09101997746691161,0.07234989325176396,0.323241654894727,0.1418856323876511,0.2094434129949667,0.07128134957592892,0.08705584857188574,0.10581551988010209,0.17766271197279038,0.27995900160429843,0.007309358169526652,0.006385995859264781,0.14748602597592939,0.005517221917215022,0.15634497715872903,0.20390334541520916,0.08693556009997307,0.0778889850431767,0.08745633417789962,0.2147610089218031,0.2661846561317794,0.08287456194469577,0.23418494589874078,0.17337179922170132,0.14812472806163432,0.07299140660760658,0.05899631710413185,0.10595059006553274,0.09143911119806694,0.05899631710413185
ig_lora,GALNT15,0.010914751489626163,0.1155321422078242,0.15814774804976567,0.13301027356839557,0.0036408617519562993,0.01996500832758254,0.01064912903855351,0.059824127886887936,0.028260840850923515,0.10802455022402001,0.004571651007628722,0.0935840119853808,0.03759846997988113,0.007259921084397333,0.009136381179283217,0.0058934022914277585,0.0035474776275074456,0.0,0.006995586429559136,0.040736714040890784,0.30479716925083883,0.006861368940090658,0.0,0.1014239371475274,0.01501125731803469,0.10441402121802566,0.0,0.0,0.0,0.0036455660017331703,0.008488623488759974,0.0046679587918494235,0.18037814906465732,0.006186572700688601,0.005716046863027378,0.1997931040738078,0.17221240353316827,0.06939644955531014,0.09136515794945786,0.07795680360717007,0.08013459063514851,0.15756915328961643,0.0,0.00983176954277906,0.23762863103358975,0.09873552325749127,0.2589245233316132,0.005930290087677671,0.0,0.009481495086516783,0.0023247139261707247,0.0059352672825292874,0.0,0.037201399778132145,0.007861168874116918,0.38635897089978233,0.1212466330604582,0.00461529489572588,0.008783385682763723,0.005917324392131139,0.009276460392166072,0.09130050555353512,0.004749254932873048,0.0023048453523710427,0.002898662866666809,0.002112953091674883,0.002590813349205165,0.002688986244432883,0.20037830482124336,0.16803613636847692,0.00748274507962819,0.009292524251065715,0.10372183696269094,0.07245050418549324,0.07677560400715427,0.0,0.006947001980479844,0.19569725510055408,0.11182700291460233,0.10333592762560939,0.008024244998000158,0.004354783039891868,0.34164997897803684,0.0,0.0,0.0,0.03001379122883879,0.23027209326790465,0.0,0.04082386477821395,0.09996237086380605,0.006674184450012714,0.0,0.0067582600785101345,0.00460193393430048,0.39272299120308984,0.0,0.08543255372932977,0.24021003120496695,0.00826419915595823,0.00940294095722761,0.0056343429309692805,0.009360679462015877,0.006776716944557474,0.0815087098708031,0.007103695155633528,0.0,0.009389103848553296,0.06720268475897652,0.054881861065632684,0.25590285200874774,0.20360073990181984,0.0,0.005943141979291181,0.03305284508974767,0.0,0.14908535388625235,0.00307900214815651,0.03580404168182413,0.04082411584179942,0.027268366984774518,0.34412422192436914,0.01141215241007115,0.004302303554435404,0.0074765747157038865,0.0,0.009599302553939006,0.005503039716021108,0.005129939495906661,0.0070865888987796,0.004885578030031477,0.004736951331580038,0.004467068376707506,0.04143156886697749,0.008528052452379663,0.00617471299218425,0.0053543718100413,0.004712842344254625,0.08622640755983949,0.004657360682380664,0.004420857719674174,0.0026910009987219504,0.02570510523816962,0.00810508514014037,0.24527382380165896,0.12022457686076958,0.1402615206184399,0.04808353754444617,0.0076001547786547765,0.003287854153149211,0.12240410176034505,0.0,0.043524333489888226,0.005304347558108292,0.008491780626552361,0.0064547225668141915,0.01527445318012038,0.00711863630371332,0.0033974252822118176,0.00670650274896664,0.0671225171531324,0.011003322609265847,0.005275056109272445,0.0021957230900489224,0.011702497474374596,0.008715378022390457,0.006990375111218529,0.007262783916029472,0.005763875845478501,0.004221165244210961,0.006807183745993694,0.0,0.007166229080596663,0.1916682473236274,0.006936441683844638,0.05323888896381944,0.034508475284869826,0.007220489071503165,0.05925797860238286,0.007546431074990441,0.0,0.0,0.0,0.0
ig_lora,ID3,0.04924359429429956,0.10175942254143722,0.23041066574959296,0.15394608783146355,0.1666453286630125,0.25600640144940223,0.06778728496614729,0.3224531580246624,0.2401116097758017,0.32144080688359006,0.471430944192508,0.1979949656433605,0.1807296081057782,0.13168373508961134,0.43971028587712385,0.04119567465660252,0.11427474577742554,0.061037026063211854,0.07174297191516323,0.22146274861199627,0.0034944470711933562,0.38128476385713467,0.0,0.3714308931266186,0.3352891930725824,0.15911700805949336,0.0,0.0,0.12357571354077204,0.0013661769194099713,0.17820215583995724,0.3454534557441361,0.2844552661667117,0.17583199008260827,0.2710464526779513,0.24149640192089497,0.09264148556125265,0.21431545516816133,0.17958730070996973,0.33551258465998457,0.28494242962625527,0.1618970274419863,0.43531602453687124,0.050924093273939874,0.002256214188127925,0.45172803151193736,0.0054917274529617125,0.08396330168148103,0.0,0.1286806932133143,0.34786435326594967,0.3229025705377738,0.0,0.2675731037994816,0.06233046334872343,0.004204315130535138,0.09662964564392136,0.20012717192396187,0.1488246394050619,0.1422914788576967,0.001855195541668059,0.08699916686044629,0.2031421102742654,0.09447483080245886,0.09665151640950664,0.12133137945138246,0.27750916223916317,0.0876368342172406,0.14681434331681012,0.0033571254300925036,0.06370312046733385,0.16635149802548874,0.14737104415058014,0.34966227979459036,0.094620043444905,0.13803879234495195,0.37408173896442554,0.0017004191845544437,0.03533786784077,0.23791460974868311,0.2526643013778784,0.48911642910006764,0.003334435016370228,0.19169537423394312,0.19090219371717418,0.0,0.23782843174415522,0.11506613417963044,0.0,0.18847316572371103,0.0027181530532014954,0.22498767611411064,0.3055474423685355,0.07180675433426864,0.11268044262276276,0.003282066006068661,0.04665010950879522,0.25888805212866917,0.0015655933778702899,0.0649836758250926,0.06340301508425517,0.24400181737726281,0.10058432900075162,0.13519282813242925,0.25469867418493836,0.002177419167598248,0.0,0.08184191306083544,0.18694995784256235,0.3290502035257122,0.08795185175959488,0.23084597352735012,0.06908416617814198,0.2227165541628947,0.05816223063298919,0.2527862189238665,0.004630531839136993,0.14852897783733363,0.29715904569114787,0.3693268355258283,0.3361780808216194,0.0026769576335172723,0.003074599082320828,0.18431446541966193,0.19630395118174834,0.5883376986755525,0.0019240286221801526,0.4409024808747534,0.22924592717995992,0.37752564444657905,0.1117349216351796,0.03879933827585587,0.29858329994308724,0.20693298867490872,0.0030803693028508706,0.3150945075612418,0.04588853019877696,0.10087380987461231,0.11335148624190464,0.033047305033998074,0.19015937262884056,0.5456564673893955,0.21712574837046159,0.2968527519588678,0.04168822185689031,0.13581358385331932,0.004905981421249122,0.44175588703342106,0.1350978260985219,0.22457365777362295,0.004159947820262429,0.17455947143799888,0.13802693394141194,0.14266404671624777,0.042614904688221725,0.0652309105396114,0.15923894566605484,0.21485602532611323,0.22541623567296487,0.08536729989897936,0.058046328918194605,0.0035850726703919884,0.2746395552335189,0.3986864863028616,0.0023823666749208873,0.002555102372220708,0.0223363792319381,0.015769720569862315,0.34627889876004203,0.22151586155311415,0.10990767436469827,0.3123380190280443,0.1315260186117544,0.10146671600641372,0.09179157812621072,0.11706812500103071,0.4002390679174166,0.3574600655014672,0.14770431178711066,0.37958643691807503,0.3045693923833775,0.40956557794135906,0.3928157601700352,0.3045693923833775
ig_lora,GLDN,0.15832821512605114,0.021317340754020288,0.19369783834352639,0.04995735782571092,0.1532513566938082,0.1813421551863498,0.2353452169750928,0.1958457275191882,0.12149831850640225,0.18157493126826899,0.3044691830772441,0.09863812115581577,0.11755891872739994,0.1588948194475832,0.24674592831128578,0.07998851862766572,0.14494340305599013,0.02408116609836878,0.03242470870224752,0.08451905379868478,0.012265304114951851,0.22529056970083658,0.0,0.10105020620950989,0.11368131744944024,0.09008712851461445,0.0,0.0,0.05442708235850141,0.004596274959476273,0.4229872585957431,0.3076363895532551,0.0485842895507988,0.22511151073443517,0.2303172763991808,0.14177170338581002,0.050173438911069033,0.13035892611880384,0.04555559457292119,0.10208497871229649,0.1384854248973095,0.20984893193039011,0.21472287579122634,0.06386640034916888,0.008353428661137887,0.14451805459341732,0.011883505346876377,0.06730966951198152,0.0,0.07258996370879468,0.21027347889022058,0.3053704020078127,0.0,0.17774422591064573,0.055095124543753184,0.011820662527705054,0.023362154012974208,0.21818604810572442,0.2619289158831918,0.22577612396570193,0.051713211336857794,0.19015996222398676,0.16514498269473638,0.0373138550048587,0.07303866526999714,0.04327884250076763,0.13104362455447757,0.042289035672173195,0.09140855851170356,0.011572119264758955,0.20881900806607837,0.47724996916087126,0.18849649210175456,0.08684433688957761,0.06984337824262886,0.02505666035433604,0.5076219264686532,0.008269919010936438,0.005788943307655507,0.18138878053150134,0.08676019993101315,0.22222404141499477,0.013493396126883227,0.0394081742967196,0.06710835013307946,0.0,0.14712126663078823,0.02528556914780115,0.0,0.1220088332211965,0.008941833759945908,0.3742391057756339,0.055359391108531955,0.018361913812914018,0.16653709542812314,0.014525810190630472,0.03129030027622669,0.2294036018639641,0.007538053596088309,0.07056991440108495,0.19148353512561245,0.34560888929386996,0.12283848835040154,0.04579087628960828,0.049826347097129214,0.008465173816129618,0.0,0.27888997733656395,0.06702969241685029,0.08003758201868341,0.15974729854990194,0.22023736390790977,0.02273378346459061,0.2862625114377056,0.08021350569498537,0.04798986847440066,0.01225771538116812,0.07035294721894798,0.0712104874715779,0.09889042792087835,0.25389089545857463,0.012553792869487376,0.26876995464893283,0.18894102438072988,0.13329591527848889,0.18590101566782086,0.00952919381068029,0.21657318772360298,0.20390801017089172,0.11210139399123437,0.02895170402499354,0.022273784490771577,0.31045633526251865,0.15863205781885126,0.011063749118707694,0.2925576178310217,0.08185654516549104,0.014888582278911338,0.05019385384204602,0.0061867627358148,0.03951808060472052,0.1826972969476842,0.07221673183259666,0.3301226842079157,0.02828043141193499,0.13774338435512204,0.03811197932588525,0.10918856848443904,0.159287296168168,0.11721488669126157,0.012415545228514754,0.022121564543176497,0.13077572684836727,0.09141726101614767,0.03455465681895291,0.045627210498793654,0.09422436614173504,0.23034929662936574,0.15800431372287035,0.21803616886423674,0.01921853808597093,0.17413205888416658,0.057032459139528736,0.11907705073568563,0.012327637482926063,0.009649539069317304,0.060917066840856876,0.007785199092456258,0.06719986856757516,0.132305496727561,0.0802620138104035,0.09093153131917525,0.060835317536194096,0.06279666940394146,0.046285339368673704,0.05443398282420323,0.3307473744953853,0.3632445023403675,0.06694259495128178,0.2226802881854862,0.060697007862702095,0.07166001799672014,0.06263551531718317,0.060697007862702095
ig_lora,SPOCD1,0.050985648532373466,0.15071176537310643,0.2281494295613807,0.14929294170303195,0.09808454942582555,0.12816415096357514,0.08657698311643625,0.49995929722557303,0.136396391070255,0.336863741744687,0.38947689246542083,0.31557082693132016,0.1597983105658716,0.12215244025544568,0.2860023560492316,0.036743359987823895,0.08467075566932863,0.03759495513484284,0.03781972563365568,0.12793312157049597,0.24462655378781858,0.3831118689513526,0.0,0.4276904751343703,0.2052895645419652,0.15758294749955024,0.0,0.0,0.12804404877934275,0.0031723798818968116,0.21733560624592257,0.2498158487278649,0.3113878033853301,0.1460469422115787,0.1460358738090707,0.2880307311313219,0.2207187030312163,0.16205307977918032,0.19664339128111022,0.24407725060653834,0.22616655035753386,0.15244341904137854,0.44463807597941424,0.28616749282001186,0.04788787014705253,0.3471891221712944,0.24341000782125138,0.07799076609067962,0.0,0.2633919713865826,0.21381377142545452,0.22853124789480614,0.0,0.1440787018884427,0.06930456630530818,0.07448769156590337,0.1282633109136838,0.15587841461573534,0.07231838359958127,0.1265957071789679,0.16054851506226236,0.22801768921434756,0.11979424614409033,0.045517552400469466,0.045622463813813796,0.05202619766870899,0.1397935937220491,0.05087255856523058,0.237799014259779,0.07695803125829181,0.0500614748481719,0.17578758350717077,0.17504098992809058,0.3903684330219245,0.10996305903802019,0.09019224235002447,0.2817274094990315,0.05174631107681474,0.038809733307611054,0.1900864106575384,0.3517142548812487,0.5044177860952884,0.07186853647823091,0.1235178810734847,0.17927782640735263,0.0,0.16807222144907122,0.35938823619878885,0.0,0.16507687878303132,0.05542949004425938,0.22566064204289757,0.32967573739651446,0.022362549551439067,0.09595404167936283,0.1497172458343363,0.046909705097349694,0.21802167088970517,0.047414346809285475,0.0663342482617074,0.112383896306668,0.2448776865019852,0.09882169449078872,0.08877940162080648,0.3126429168273348,0.005720769679759467,0.0,0.07040310926715483,0.19183167408020094,0.27047443749178324,0.15852684306704934,0.24351073467135123,0.07397684917608731,0.12654417540169688,0.05001223411734658,0.1579269950371568,0.09566614262750998,0.10032550217300881,0.28765434814003626,0.47968112904369264,0.2209660447812412,0.09378140959419409,0.07927330290979763,0.14993036572948285,0.16084873729266363,0.37709673648291575,0.2124546908894226,0.41680693359059506,0.14032024299677787,0.5292959840944844,0.07734735648463673,0.02653948084887738,0.18819674878397397,0.3428718351286198,0.007748540875152417,0.22153253938854653,0.047211088314417525,0.05745388701249041,0.11707831788624795,0.0048763596531780804,0.12349391577557602,0.5315465891920522,0.11934587231288074,0.16043902427965914,0.15013026915600663,0.38768757170342943,0.11578452208109768,0.3253315966283914,0.06058956978032161,0.1169210617220261,0.052846887433529256,0.13367283697020932,0.07973165875142778,0.1050043852783041,0.04248835539652826,0.04897847298079469,0.1551365308897845,0.23992188998191347,0.16771693515425776,0.05976957979032251,0.055946878248444326,0.2012631126380898,0.20339828948100352,0.15250391540850355,0.0074843153490052805,0.006772321212664425,0.02853444130460248,0.004982780206567567,0.28646675246087216,0.13413696674636041,0.06660707252059041,0.33750222293252446,0.06919184767289756,0.17292077032360734,0.06827700626328878,0.15023012967800112,0.2826032276167143,0.2687227692465705,0.1158517506191088,0.39948685644586784,0.3381805544176383,0.4090567757958195,0.38701674445121365,0.3381805544176383
ig_lora,MS4A4A,0.0,0.0,0.0,0.0,0.0,0.0,0.0,0.0,0.0,0.0,0.0,0.0,0.0,0.0,0.0,0.0,0.0,0.0,0.0,0.0,0.0,0.0,0.0,0.0,0.0,0.0,0.0,0.0,0.0,0.0,0.0,0.0,0.0,0.0,0.0,0.0,0.0,0.0,0.0,0.0,0.0,0.0,0.0,0.0,0.0,0.0,0.0,0.0,0.0,0.0,0.0,0.0,0.0,0.0,0.0,0.0,0.0,0.0,0.0,0.0,0.0,0.0,0.0,0.0,0.0,0.0,0.0,0.0,0.0,0.0,0.0,0.0,0.0,0.0,0.0,0.0,0.0,0.0,0.0,0.0,0.0,0.0,0.0,0.0,0.0,0.0,0.0,0.0,0.0,0.0,0.0,0.0,0.0,0.0,0.0,0.0,0.0,0.0,0.0,0.0,0.0,0.0,0.0,0.0,0.0,0.0,0.0,0.0,0.0,0.0,0.0,0.0,0.0,0.0,0.0,0.0,0.0,0.0,0.0,0.0,0.0,0.0,0.0,0.0,0.0,0.0,0.0,0.0,0.0,0.0,0.0,0.0,0.0,0.0,0.0,0.0,0.0,0.0,0.0,0.0,0.0,0.0,0.0,0.0,0.0,0.0,0.0,0.0,0.0,0.0,0.0,0.0,0.0,0.0,0.0,0.0,0.0,0.0,0.0,0.0,0.0,0.0,0.0,0.0,0.0,0.0,0.0,0.0,0.0,0.0,0.0,0.0,0.0,0.0,0.0,0.0,0.0,0.0,0.0,0.0,0.0,0.0,0.0,0.0
ig_lora,GADD45G,0.18803152033161102,0.030156892738698773,0.34667924209988094,0.03245641026503076,0.1479855966549035,0.2294968142047916,0.18396923265713028,0.20665190701331196,0.25873949336099283,0.27796174967590626,0.2595148495033432,0.08055087292910441,0.15768560199515635,0.07668819130930617,0.3286947727402577,0.02537875792574227,0.2674482482929071,0.28863730904048884,0.1326934847721923,0.23568137200253803,0.006907739649860027,0.2338198006041599,0.0,0.17482028052609036,0.2236532971202287,0.14833819468137416,0.0,0.0,0.3326687034923109,0.002080295569707041,0.14481893410564056,0.1748311164118589,0.11318857584621522,0.10974111584884023,0.15731816932611362,0.19255255418902045,0.059632828330595716,0.1617251001771043,0.12626312929369132,0.2647006590199519,0.13649236366080003,0.073305237959486,0.24462776978310843,0.008729301262283681,0.0045257097748301525,0.17459931588528557,0.009017496651487164,0.047953431653968294,0.0,0.13924076936014088,0.28670840530007236,0.4007239036860286,0.0,0.17333837194085147,0.030749138851713532,0.0077854263544518635,0.07039110363605305,0.39746884122008824,0.1879162724923295,0.07463698632250744,0.0036575495018156537,0.17395877140381477,0.20998726398738224,0.1866730317594165,0.19214881726415733,0.1694307790073286,0.25377351752166505,0.207414479732685,0.07609568566867769,0.00689030469477019,0.1988632794973886,0.08845703402503258,0.1690992369629624,0.2823613366833218,0.09468675055713588,0.11609594262461968,0.2653484827403643,0.0032870665516088623,0.0025285127320068173,0.20407773587052425,0.19172618110926762,0.2995667229535004,0.007322125317167716,0.1414922463584018,0.33118919458240126,0.0,0.2039116024423872,0.042239671218785226,0.0,0.11452769958056568,0.005305401377258485,0.1341237996164118,0.20415081820309233,0.11956007330205638,0.1772745544381936,0.16687275576668345,0.0616507705176768,0.21699223463433767,0.0029752806917967335,0.13821948867124695,0.09963460257888812,0.26548420461663824,0.20408952860103882,0.10261323564806721,0.13709885699917218,0.004081091191891925,0.0,0.07564979106919245,0.22234157223317738,0.2473098708281838,0.22447086214042272,0.09812009372258935,0.04036741722936612,0.13397405122111328,0.12839171439401584,0.3458429548961077,0.008504829551217832,0.22945593391828756,0.35563350295851753,0.14905853406225728,0.20396052351638194,0.005824725321714307,0.006680932707554304,0.20012690741127218,0.16056443850000301,0.2112508758716927,0.0038267776917472436,0.19624942426109157,0.31209238665142575,0.07265103844306059,0.07777547318138404,0.03190194216196166,0.3043949439037652,0.0781618048204857,0.00606494087854717,0.20902285620974198,0.22659653078998476,0.07713255580645291,0.05430401349013554,0.004068918954299245,0.12678886085458668,0.2952151553302022,0.15408924533017185,0.258282831932497,0.12734631996512605,0.07645330890589482,0.009111715662665297,0.15136448214566947,0.0783026555426861,0.22580953378151092,0.007985565524433287,0.14484476808870816,0.14227417685895738,0.15091251917385223,0.1366207764386151,0.10370928368196615,0.14844371788785848,0.23325359184502262,0.1811394639997459,0.17787518309085343,0.0897891829637158,0.007592313040525396,0.36345572542380244,0.3354486297329771,0.005028837874771665,0.005129196633586135,0.023834935771185714,0.003232364619337173,0.43825933267620865,0.16013702187268994,0.05105648574565569,0.10359166675313665,0.19283606125245992,0.10805809677357699,0.027472752879759022,0.13883997419894376,0.2665598625932871,0.22385181229051773,0.13190111512025632,0.29863280854606483,0.08481286115106175,0.08466500998328945,0.08206183307568325,0.08481286115106175
ig_lora,OLR1,0.008474823989074348,0.0534081427307379,0.27514398293603376,0.18409737482486194,0.12637156959681595,0.3114549167876007,0.1696958376477635,0.10286116768060843,0.07237149746323893,0.1671441807651535,0.03831322351716294,0.0715907014107197,0.11412575508709427,0.1394591021530767,0.027919771620656824,0.26402607323950267,0.08418185903212419,0.0,0.2554420920433845,0.06566539691302546,0.16739168420801623,0.08362728170034224,0.0,0.045278101058758916,0.20755564705900084,0.18488662536942674,0.0,0.0,0.0,0.13723456276511595,0.3771197775826826,0.029705253096827988,0.07661567987940528,0.17180799183912468,0.24031186062238533,0.3469772474726309,0.09955349682271021,0.13437117721989347,0.052849562129028776,0.14143837495867598,0.08495883687463081,0.2446612873273404,0.0,0.048410093464285,0.13341915508367952,0.10926488224988914,0.10519666134942723,0.0054515665056837056,0.0,0.06462212197729424,0.04812322490972683,0.00732014469775806,0.0,0.22375347463731407,0.2003655188164695,0.08519163095198753,0.12876441774470287,0.14820172645872917,0.12624886897094395,0.08387756504916996,0.0070090805188737565,0.0937463197208804,0.12043348238402853,0.38574968218799927,0.3931581315243665,0.31796321030148256,0.2528782903665331,0.32823122551033473,0.11786243205837632,0.12685053142585698,0.2485604436237183,0.2685250981088998,0.24724702721260905,0.10427193497988578,0.15163652436954095,0.0,0.301029616854756,0.07421634607223579,0.2703383976506943,0.18105485971607455,0.007798848242997717,0.005354379809034325,0.20163400030274392,0.2611000252722364,0.0,0.0,0.10045714420939135,0.1525531984701513,0.0,0.13905167965821535,0.06472718902512502,0.005590120184439551,0.0,0.19545615425518878,0.2324087214588058,0.15753856690619814,0.0,0.1567878804975294,0.08944893730786534,0.14544110190809667,0.009259078954758066,0.0066645299724516,0.008786274585534508,0.2792006396968839,0.1420040249553089,0.20805275949372967,0.0,0.1532790988316851,0.10936539025737103,0.1981492860805496,0.03362735638116495,0.1045264455760387,0.0,0.2528471066787483,0.1688842596772032,0.08980748180199336,0.23903543635724125,0.004078934571185659,0.023449660127812928,0.05988397669712741,0.13822689817140718,0.32881171538920545,0.010056062765155095,0.13474686029965238,0.23977460200892967,0.0,0.007291051280813879,0.03350120033604823,0.027774218960528237,0.007897133339144088,0.25831918233953755,0.2934121674915664,0.0739874933448923,0.08858396400664267,0.25189941041034725,0.1720173347978217,0.004374932331458204,0.3111182429982337,0.282751770818131,0.2817379976212074,0.1257409357006877,0.003599930811338958,0.13494676487943993,0.3285718965673231,0.408182361587619,0.1622076403532532,0.0885622399178288,0.1392101258060373,0.5549401553633673,0.0448385291364855,0.2762654608872135,0.0,0.1824919293029545,0.20599122772704648,0.14114202864137018,0.22432831088265145,0.15685008803082628,0.14327680209232604,0.11655154545960092,0.14860235127401902,0.2705187096879204,0.010364190802512671,0.11048310899719238,0.22023143855141847,0.13207913060275076,0.12065917272978814,0.24490348575900264,0.21493126375748614,0.00626318185086143,0.09708395818472687,0.33763806948009345,0.0,0.15618249040872428,0.26054044931211806,0.18828236883918212,0.031154656861470422,0.04865414188451505,0.032402633029554685,0.13914788856609606,0.006430889005558165,0.0,0.0,0.0,0.0
ig_lora,PPP1R3C,0.024484541957623496,0.13147547034077672,0.13318511311283576,0.11222068636582913,0.028531605442665007,0.044045386165839306,0.03159901668835936,0.07546149710587018,0.046285892831072026,0.10371721945606902,0.04448259501132951,0.19381109199578442,0.05993775549023255,0.011410734527527364,0.04312408255192388,0.011789557915603903,0.0462869668059934,0.014778140652288536,0.01991451042790051,0.06334949387166902,0.22667394458926474,0.04331944644705783,0.0,0.140173847326673,0.0549418487362369,0.10005641384277422,0.0,0.0,0.05637574462744281,0.0038239976451590074,0.007694171549273369,0.008507724934944135,0.1804347021833302,0.03109133343203695,0.03727671833638772,0.15082424765593638,0.1439626913942967,0.0808882903880715,0.1622096539508079,0.10819832107636733,0.15495415134615134,0.046037969444199627,0.05442268920747361,0.008657856386269145,0.08434571847412269,0.1045263229487294,0.20645798697499299,0.020670097465147107,0.0,0.042919835174075924,0.026021483092661845,0.04365914967874292,0.0,0.06206768663892762,0.014935192940760438,0.1001188797819214,0.11236849070792133,0.051245732774926125,0.039095088019409,0.017825404830099888,0.007348484176722266,0.06143445336316675,0.03554709975326724,0.012993609966160915,0.014797120783531592,0.01605894259885881,0.038533874907936534,0.01472609129498237,0.16910037652574347,0.1154155488614484,0.028270817731671824,0.007899709768678657,0.13031961514261334,0.14948633381484241,0.08861828152024848,0.014721465659835979,0.020377914535732598,0.1559604510265631,0.10917231571859418,0.09852219192685012,0.05573806500995035,0.08036370624894189,0.1443560791501742,0.056465338116519735,0.03847588542595617,0.0,0.05850324438046032,0.20006231115430176,0.0,0.06417426897554031,0.08682442966116415,0.0058272925419083675,0.06290973532618162,0.012946236391706894,0.03029925614435226,0.2624373946027884,0.017211683594164227,0.07344319183537916,0.11019529579519402,0.02338420402638986,0.015695279375015372,0.03379562003282771,0.023976405652409015,0.04307063416986276,0.11056255241219035,0.006453838934210213,0.0,0.03185430504999256,0.15091770675157537,0.10409200992274739,0.07628270549104696,0.1458755469943876,0.01564833389577661,0.020188276346097656,0.049941374191862925,0.04530882504733873,0.12477687516288395,0.0411065164608314,0.10085202283324557,0.11202373501810219,0.04377450645058892,0.20602095041701543,0.009302934648767284,0.021674506581371107,0.020794091348065088,0.07292801107415219,0.007584157669366476,0.04784830309610909,0.054014363114850084,0.07212823078145579,0.1173075345102772,0.014837498908231852,0.027786536622285054,0.05312635933992746,0.007660358650953933,0.03326641081901007,0.023396767894683743,0.031096298628306544,0.05221124989497631,0.0045729360158279836,0.1818660862212198,0.09624940283657622,0.10345630523229155,0.03822320646082916,0.17852154338371365,0.10214184232601463,0.11693683134430242,0.11282489919869958,0.017420525283388635,0.04801791324551557,0.5956522016373262,0.03354050403914196,0.050962459300583914,0.037311528384477224,0.02258411250747679,0.028611661074334386,0.06033018332699731,0.026994841408695444,0.03282616629370434,0.027328899336914948,0.0710288552330787,0.009258421299597181,0.05044658285671567,0.06315815392514774,0.009089376071031868,0.007399061745721964,0.012809276553982262,0.00630292125109332,0.06265080672819266,0.025153998718452718,0.011457637984642654,0.08563268778013505,0.02510944939340353,0.15105256433568004,0.018428415611251987,0.10434188410095446,0.06319893453734705,0.026814534641774912,0.05954057893193771,0.04623873738961174,0.06574269043588817,0.08272296430765226,0.072823632584544,0.06574269043588817
ig_lora,ADM,0.13116529053230636,0.032427494493765446,0.21040243357915253,0.1277326113144706,0.3715431250570328,0.47066274859605434,0.2812787552973791,0.2590149065033833,0.2544924562759867,0.22122694762957598,0.22527133361862553,0.08370430196627364,0.15135518338560247,0.22443918057638368,0.4133896218128704,0.20945123873017038,0.29475789825706394,0.05776665487050741,0.18197704969287704,0.267669696335297,0.006895149001153715,0.24471270686354807,0.0,0.19228783397048455,0.3936865210424386,0.17311694311098597,0.0,0.0,0.07257976835241267,0.05626708527827892,0.11454050928682426,0.18254280984968654,0.09993941757747067,0.4724045141449097,0.21807795584685047,0.19983645114849208,0.1383087841265801,0.2646266775003109,0.07201553164784494,0.25050034230792206,0.33068681963302493,0.1779465926649225,0.1569041588462754,0.052044829688744944,0.00433871876557865,0.17165865407991715,0.007959889958297736,0.1313077697967372,0.0,0.09036588410953557,0.43549796678581654,0.3290076510050819,0.0,0.3560479858494467,0.16218081281438942,0.007051367079262714,0.251679554017485,0.2752908544153468,0.46378888702526777,0.20738699222406914,0.0046837617365128245,0.1687241694263507,0.3249422469185512,0.22154583326102303,0.29534071590550287,0.2603400952580668,0.40400752258217604,0.20415671364273674,0.181044584759108,0.005934559617018577,0.11012896467929385,0.054325160195895464,0.26546791393454866,0.18160146115313977,0.2536123026419158,0.10030394376109432,0.2803395877484698,0.004307532356918646,0.11241527307323922,0.31449580025000373,0.0845240246874763,0.24849293213645454,0.006457263419459796,0.1906001860824632,0.09482506290500026,0.0,0.30530841365931716,0.037079322421775626,0.0,0.2129752453538213,0.00482987799521499,0.062142920939598015,0.08570677209171408,0.14504175996165453,0.12943411049698766,0.006989239875369562,0.03835811471248509,0.2984045314327192,0.003978678720796148,0.14730450021190467,0.07732958027226432,0.1950907452083588,0.10210457734541287,0.1699020222178236,0.18007447545744312,0.06821285531037125,0.0,0.35983131991236145,0.21381960879139927,0.25459080425374403,0.16295547917871234,0.08213025508689716,0.05357253484287972,0.2214146408068684,0.14134921986680804,0.18412545181830797,0.04920381072822101,0.1447347804521981,0.10194144000303715,0.11304435400386698,0.35560189714274243,0.006009956839023511,0.006480628882025906,0.20900535528747086,0.27170009817466706,0.1414294393832422,0.004850772975239329,0.18036712834574906,0.3036824498006155,0.06737251451009733,0.2921349753900688,0.22101699587137477,0.3033639032681681,0.15664551298620108,0.08189337526210631,0.37740402456446703,0.08468134661654651,0.18149131553988979,0.2076495771635573,0.1309414542530191,0.17865800428813164,0.23986499528758456,0.23552424740557953,0.14521345325548282,0.03771477654866464,0.1433529373747077,0.007707726914598794,0.3429294555340134,0.350021236446332,0.2863957418256902,0.08803814594184901,0.05663358658383961,0.3847522744350617,0.2031731231464103,0.08696836932875587,0.17868011191996927,0.2463966905567457,0.23211836815980755,0.213430451064336,0.34820952284392886,0.177312686862481,0.0068148935596825735,0.21642002013467987,0.45577513986705365,0.05009944179670863,0.04705388067515904,0.16161444597892327,0.15639685834730072,0.08958176078090047,0.28278914674772754,0.3028662102133297,0.06879515426325158,0.2025634663893798,0.18058880980713626,0.12216528620605166,0.04811063939257818,0.37428416276756493,0.29348251780842893,0.13685438937302374,0.12249766161154513,0.059032857145167934,0.06654476415530401,0.06272402617940763,0.059032857145167934
ig_lora,CLEC5A,0.08298650146994407,0.03842146952298582,0.252272898946251,0.212689550588015,0.17993031723658326,0.48941261732885094,0.13922890191707887,0.2500621363118016,0.34465461356502275,0.2630224578777784,0.20317093882572893,0.07471374377497425,0.10068917841482748,0.08464999026721616,0.31972617997981284,0.07097298635594053,0.3028474219389086,0.046307264037147314,0.10571097715221375,0.21343402819583374,0.005966800654845356,0.2634157852621354,0.0,0.23438799093100288,0.38158382032188476,0.33216689092681134,0.0,0.0,0.08110271388383741,0.002102074079257738,0.11035658296933205,0.20574474825100014,0.07779341542152583,0.3788578060726886,0.10710227787502903,0.40268856149473314,0.051292838637449975,0.20505549530250203,0.09439731706640007,0.27253904990912264,0.2619987184263437,0.12296572733701129,0.1547477611214879,0.007730871818504089,0.0037607778367457823,0.23760523660574742,0.008467241530888903,0.027915309569529888,0.0,0.09657270781399592,0.2629296799970783,0.3410765210502505,0.0,0.35884903871251245,0.03554003959877083,0.006909334356156969,0.18843594691773957,0.25517380311287347,0.4387223123193088,0.16268125405414413,0.0031529608593713725,0.12075800045271001,0.20746691210663395,0.4690814250895954,0.4795154228484076,0.39900464563286087,0.48528051805546524,0.4366354139809111,0.12275612660044144,0.005801502152506985,0.05119697381084473,0.0806068474949187,0.4581855707535776,0.23471330728864143,0.1596786610086975,0.08966757705573927,0.19400023627291563,0.002854980748738196,0.2423122187273728,0.3961338207464838,0.05618037202367993,0.3058305191902458,0.006093757473652652,0.4009504914538191,0.13423524895749622,0.0,0.22312577020286625,0.04944063031811345,0.0,0.17205637792856698,0.004464126732303667,0.1045592464348819,0.06490667696634517,0.10578516098264351,0.08344146148234265,0.00604306614436052,0.031126561930717677,0.2158637239887204,0.002602622981708999,0.05019330872687998,0.03645256433955234,0.1912036878670138,0.0841890085695278,0.06142039739063366,0.2522667887867054,0.003645123257223785,0.0,0.2764516106859062,0.14976646194549234,0.3961083006746219,0.12208656107127819,0.0843088790349383,0.04321242373019463,0.11588769061599363,0.07733104423882405,0.3787238731372973,0.007977203219717215,0.09121735493191127,0.10774923611016013,0.09720535192512816,0.19473221195676374,0.004841123569022056,0.005559163377216405,0.11201781682818295,0.30575247469307343,0.15112225181316494,0.0032885829602908477,0.13627012673564343,0.2165212910444357,0.09822745634484892,0.19664888972950953,0.11282371927340752,0.2369725673233008,0.2160685821724971,0.005359556531678727,0.2179676679621006,0.05249776752419328,0.03839904198871147,0.03429188670003214,0.06613602641185705,0.08890622532376104,0.21753891500817701,0.21292429538139088,0.11747370043781127,0.029272597346801238,0.06459968951136978,0.00816395009373269,0.2549299076117752,0.3586756425736499,0.37203865128369085,0.007081401788392936,0.07559668253383021,0.2707340509964965,0.08367887436867184,0.030516958330315813,0.05571933266366772,0.24163997827883138,0.142143373730355,0.14385704072627575,0.21664997585743573,0.16895578981636947,0.006395038180048897,0.329277076546963,0.5936876580041827,0.0042494685465289655,0.004302391739726585,0.01779138605605599,0.3735890227362517,0.234933668783157,0.2336536878549027,0.16806552686249793,0.09270514833831191,0.21369483360184824,0.16282688481217564,0.1189604711390692,0.07853282534248104,0.3164683585649651,0.3252533327807169,0.060390096168069896,0.13425916384536604,0.06861686164404023,0.10815767290049824,0.09666663907019556,0.06861686164404023
ig_lora,HES1,0.0569951911284457,0.05745808582271156,0.25810215194095104,0.1580802175068716,0.2875033629127002,0.40742684708192145,0.08296019541778502,0.33998828351715543,0.21389711054371963,0.3631070530315557,0.35298399377919754,0.16682501517070253,0.23555382880235531,0.18599464720873712,0.6331015752359781,0.07214262646613462,0.17017851371698703,0.0581517602123959,0.09022113869773515,0.2360141314744506,0.003266207407844023,0.2868098618627157,0.0,0.3297309206026579,0.3232966658621561,0.1613484779625739,0.0,0.0,0.10024964394640767,0.0018517053051435488,0.2097366227979617,0.3104268960623263,0.16700136226991424,0.27554666394713145,0.23811737766287816,0.20989143762937001,0.1088683337824858,0.36454341669785945,0.0914093764969647,0.36037029521414105,0.24348862294578302,0.2082295187403187,0.2898703872976353,0.10339235608119672,0.001978707255933792,0.31146795737283006,0.003969931222134352,0.10409742506390779,0.0,0.07122727181061698,0.566560887616804,0.41197815736374854,0.0,0.4611698812735241,0.08030727766505515,0.003356649273381241,0.14525735043130705,0.24315209523363354,0.19846662628647027,0.20809384121683433,0.009817107998057887,0.09743217379031997,0.2519083257100117,0.14053709922297458,0.1580953115030882,0.22671799661035777,0.41350496023364836,0.1354571275004599,0.15964566318875842,0.0027010675849789743,0.09307071100828518,0.15359794227591697,0.13404575243049996,0.245013025477722,0.13235225448710122,0.12868847652298654,0.4022517235036847,0.0019936646267267313,0.03544959982464118,0.3423404701692301,0.12619209471574944,0.42031969738496094,0.0029294701352211823,0.1281278937365744,0.18501095799035536,0.0,0.4310275012193865,0.06030610442119267,0.0,0.37419692452041614,0.0022153440205000224,0.17048702889418657,0.13041599215002858,0.07635317676327161,0.12715795139428968,0.0032239589705231595,0.04067937302829973,0.27515734705493283,0.0018407899951664681,0.07319537325673584,0.07624227438862022,0.27636915043854793,0.06972634020773764,0.09425093491263821,0.17240226832341168,0.002439643674166834,0.0,0.10468859325165597,0.14277484991557554,0.2626005852267854,0.08566771520947715,0.1397665634526343,0.06055273167421105,0.32737076293824025,0.08357655484145778,0.11055454732583801,0.028507400364271206,0.17913399127462543,0.16212489593497562,0.19274727333547773,0.4629244185973129,0.002760648925913235,0.023173390676381925,0.23666010717265842,0.27887379367943865,0.31437212664590114,0.002246779975781081,0.3237933294782417,0.21349970626617887,0.16170307930900646,0.10769432263352058,0.051597665382557736,0.4222305766288097,0.258297031030507,0.0030684931492406713,0.29070758919533657,0.05305873823119118,0.08344089855674554,0.12889173685294497,0.023588808617658497,0.16622709531303134,0.4811527872095188,0.2717838463165541,0.20726679123454722,0.053412392570824814,0.14273261145727578,0.009639199843026991,0.3958105550836757,0.17816881997845302,0.20344030167542135,0.0033799801057930135,0.07505991671473942,0.21667795819279115,0.14607170604252825,0.05169292176265936,0.09221958585093443,0.17763349705681838,0.2400084256366506,0.3200966717846479,0.11914145800846043,0.06572452787616061,0.028506809989825327,0.18853482038458336,0.46827549890824766,0.0027677197702669506,0.002354587745635057,0.02401999645686049,0.04592186675004276,0.1431859589218294,0.31554099109205797,0.1910270611542683,0.11770951132496718,0.1315698213589204,0.10298191127916369,0.07600129642129123,0.08175329954223669,0.5207319289473005,0.37615815662732593,0.17403376423020453,0.2340171081365994,0.11306463675865043,0.1463467500936828,0.14087029972453444,0.11306463675865043
ig_lora,ID2,0.041673210920936676,0.06772991853495763,0.22584819675198903,0.15414078172471557,0.23287081399162082,0.3382177753977159,0.05784719369042325,0.3102401512091374,0.20215682419586997,0.3991928566603601,0.34920036327285453,0.1833327278115471,0.1841759420752031,0.14921175996090247,0.5295007283330334,0.09052171087431068,0.15714720985576205,0.05670886591459797,0.06538087456623952,0.22677256407902127,0.0032028449555558847,0.31734528184795047,0.0,0.35574077164009227,0.3344270365651492,0.1643472996275626,0.0,0.0,0.09088611039642062,0.0018263408477200034,0.18224065912926418,0.26809766600084994,0.22043585566508966,0.2325573198415616,0.2146488186784592,0.20028016070267518,0.1239512614049735,0.2669284326869744,0.11246577628048879,0.369163330134992,0.27138443665211753,0.16329732706377292,0.31695293848125977,0.04018651758132626,0.002034895984199248,0.37478607732771346,0.004043014024388609,0.10035696112362275,0.0,0.0864631193973593,0.4589754909277695,0.34932194194012683,0.0,0.36473095637220404,0.051216125772626776,0.0033692970864814737,0.15099749659035078,0.2210641618905177,0.1869324396964723,0.18752768860931365,0.0021601572324451202,0.08281330762078819,0.18799191595873954,0.14859245455613013,0.1533974520591357,0.21686253912647882,0.4157873130363062,0.1404431069662979,0.1852394070851755,0.0027429969205878414,0.06978497844508143,0.12111935699532221,0.12303181374677104,0.24483969659401886,0.1345404735631447,0.12235633066096022,0.3655576612521409,0.0019968884890817426,0.02156492963460315,0.328509771893668,0.16798925312013302,0.4704322277530686,0.0029085926847257078,0.1597766268822761,0.1482114166676887,0.0,0.33174775495552217,0.07674527938614763,0.0,0.2962184875793207,0.0022859719135323174,0.14347029065192193,0.18529605628530577,0.0742093479811371,0.11668207622925052,0.003131538151072694,0.038644215689822736,0.263009225467563,0.0018523231853426532,0.0630158012357825,0.05036294759825091,0.21955817122430793,0.06398950250397224,0.10775482165311913,0.18768938777836322,0.002407014971910033,0.0,0.09464267024912956,0.15447378260060937,0.2864414956167998,0.06697360650084787,0.13454461849096536,0.05842743973104187,0.24239867805949486,0.06925146536636667,0.14887945927092397,0.032014256752536,0.13434356626946828,0.1989829745017632,0.2442681766498041,0.356851056817462,0.002714928291949538,0.0029275676008844133,0.20815456877783797,0.25200991946493584,0.4172427422421398,0.002231866990696979,0.3482954345422568,0.17743724232714755,0.20831996621913246,0.1218075495701501,0.0787521567551426,0.3306825099075733,0.20817576742391067,0.002990037902141102,0.24318944331573147,0.03871346228470901,0.1056843650062561,0.1364723435301747,0.030048976924012198,0.19464513388596072,0.507695783743895,0.24748777073107467,0.18619065543781024,0.06545978481567837,0.14026680515177975,0.0036642051106965364,0.455951229984778,0.14524703227114039,0.18855850701337573,0.0033634590878796233,0.10913913159054314,0.1888519302380536,0.13619158653748745,0.037642061962299064,0.08514523868528849,0.18673516749396643,0.22527251786974128,0.28186658208159093,0.11676570102502093,0.061405686507314164,0.0031005033934327327,0.21099939229124837,0.45575825508480167,0.0026959499848490413,0.002383193075504442,0.034083592491753446,0.055175301992630085,0.19157933802930474,0.26956763947786383,0.1684987118863647,0.1798196785732871,0.10086796802757003,0.08974902447104338,0.06182571145914055,0.10163768269428898,0.42904503631123864,0.3249767148098977,0.15180853711048511,0.27894611236276007,0.16818091205562727,0.20662274575933806,0.19869247950237037,0.16818091205562727
ig_lora,TYK2,0.2284513780387664,0.06570778460697219,0.33532176138487757,0.09092963252888371,0.2744836175975818,0.5005513339555604,0.2886214111418189,0.29203718281260305,0.29740628285821386,0.32128583229722,0.35923764178947865,0.09871375337849128,0.14903983540898955,0.05935600657533328,0.4192463238591871,0.03265868269410259,0.42957049676623454,0.11967959788697197,0.11329544848627063,0.3522088172013514,0.030703403990454486,0.3082290266269292,0.0,0.23701468442857468,0.48280080996298774,0.11504442323493093,0.0,0.0,0.15091722746774164,0.00448712326313821,0.04544122607569606,0.10216538502263768,0.18658691552816856,0.4055649321722267,0.34249841758714644,0.1494133875250986,0.06205989147324244,0.2855082757037107,0.1424033389204136,0.3267966005980205,0.4232304159310213,0.09579106905897898,0.22554980965936053,0.007567795185579335,0.04561474382143078,0.27654248209814614,0.057994044350576944,0.0510440543712545,0.0,0.1203349108052044,0.4081323087505388,0.42949763512315947,0.0,0.4844404705778951,0.045501501076206055,0.02691286165697029,0.16086717965040984,0.42352070998229097,0.42245289531287866,0.16067068568123719,0.005583092281709635,0.2671452316049746,0.2572481210529725,0.3264054949016465,0.4791377264652285,0.3567743310210105,0.5648149138065699,0.3058367777143951,0.08310742235436831,0.03493035925493672,0.11481327921694373,0.024055486327108327,0.49869171849979466,0.23457737698091408,0.29112197716417915,0.11031506944807933,0.34733057034236686,0.012825771327304676,0.04186825055744121,0.5310088330031952,0.17595521525632227,0.3291223400243723,0.06208922087986214,0.20880120645446207,0.1699473662134889,0.0,0.3722742159672947,0.07962695759266626,0.0,0.19566908205877323,0.016872165117282577,0.03163620009940654,0.195595451936205,0.10744370325326032,0.17938563480455494,0.02911488080247549,0.061498659578895894,0.36845910065662396,0.022333504236041406,0.10140057812564751,0.09644014103326609,0.2912471965237934,0.16470592535500908,0.14016463048838157,0.2320464839631518,0.006072176989925204,0.0,0.28188501201933985,0.2459837809594021,0.42656167842929305,0.29904275170708244,0.04237777773139611,0.11201359735272481,0.16423748020350865,0.12223995489497806,0.16362667130991196,0.0400966405115891,0.13390217514015676,0.23064786257192196,0.22011420627843334,0.28316468312746224,0.02762055979519717,0.007495065456720068,0.19888854205940057,0.20771300358112163,0.22323906625854775,0.005787400834516826,0.22199321871950245,0.3996347637097341,0.16433733546575374,0.118979375755772,0.05443917443544072,0.3678613935017088,0.07911783850322622,0.007462788935979601,0.3069772477550586,0.1582500920758276,0.09104505608409509,0.10217119042347737,0.022579607938037795,0.11543888068691248,0.36078448031009386,0.24144514847577075,0.2820679807692702,0.18515583808404515,0.07530807982100432,0.029424429572995854,0.4250307785614678,0.1480069952490251,0.4455089043818075,0.020126680631050234,0.1216785553901631,0.3926826044540601,0.1563026872675327,0.10173453027100922,0.11651009620343442,0.25973551743998247,0.1534162655901867,0.20323160905029092,0.28946617610726966,0.10618812050525957,0.007690347196426451,0.23234007698905965,0.5605776060631711,0.007146299874179705,0.005858736309251121,0.032564741065339464,0.04885358203486922,0.19007169548032513,0.20457315221964384,0.17354781234865124,0.15179452732111567,0.18030838073112587,0.33921558621557046,0.05744408192468935,0.18219266131506398,0.4036843054683741,0.3755235505980351,0.2493879832320567,0.19174948417866305,0.1421149673743914,0.15772295900163172,0.14956715787495045,0.1421149673743914
ig_lora,MND1,0.010627834437088158,0.06819255362774887,0.1418269675747046,0.06198308053365991,0.02128835746015904,0.027541746114449917,0.0269851733078709,0.2063708587663959,0.04560844091404722,0.12827227570586722,0.005676577068197555,0.266879428206298,0.09681604030437961,0.14781626659236446,0.021470102210090727,0.030753921230313102,0.005061083903854336,0.0,0.00789021911361323,0.026929349504808662,0.31275903627250096,0.11330711401311086,0.0,0.12819893385242115,0.10441379813341373,0.09806499463866612,0.0,0.0,0.0,0.0046850597482937135,0.009470934023000357,0.03646773834344813,0.06113543252948619,0.10650295743583271,0.006556277955260702,0.2551320036960878,0.2041767884336687,0.06630168059759502,0.05114147155481092,0.08490869354157984,0.05679386778148418,0.10557790589376388,0.19308014514622496,0.24640437457003816,0.12387461095724364,0.21066904672938747,0.15613557769281491,0.10400714394435888,0.0,0.05958497869512399,0.04162824400174185,0.006947777381094792,0.0,0.03569211281860419,0.08207524238867593,0.10267002851520762,0.047247026342023594,0.005833607907058708,0.009613386666318589,0.026702927814625025,0.04098296004929135,0.3899977153396165,0.030063665789140735,0.014833381643427216,0.014180161426845736,0.019052687672455444,0.026765990366380023,0.016811165862550843,0.13627595099922993,0.062435907752323556,0.008434764896621184,0.009883419567295541,0.07862279311004845,0.29328109561445387,0.0438336795420361,0.0,0.018715543545718756,0.13977627389577502,0.09784339172704251,0.04516936001585199,0.0403729948511999,0.06917135131397717,0.20964509376371815,0.0,0.0,0.0,0.06729151947308318,0.3919439984048993,0.0,0.1106618091055949,0.08621331307269824,0.007145531660356076,0.0,0.007230373689816055,0.005884610941322006,0.18843637690207077,0.0,0.06346813997873484,0.1293510304630316,0.09799102639728759,0.11346988428656439,0.006845928862155688,0.09068413349486612,0.022158216736738234,0.30989352386428287,0.007912271413597021,0.0,0.010460785064278944,0.05474593550123714,0.14972247543928785,0.15314274470792605,0.21451827893530062,0.0,0.037072372007027,0.06961278792409539,0.0,0.1294223024406616,0.004366950971305731,0.03688144875620436,0.06890322751663855,0.07798517914959184,0.19582087461062492,0.15844353002370948,0.017884808061965414,0.09034994205265853,0.0,0.5645914583545212,0.030540200030833894,0.00609412616084445,0.054441216966428195,0.005572382115780251,0.005922007306504022,0.01731501017722081,0.09388730646030598,0.009368117118981107,0.04618641042920919,0.005753818960464281,0.006016876557702834,0.06224021686833838,0.005408966128033321,0.005749175925364922,0.047979323644483346,0.03890323669676168,0.061127640929637975,0.17145879261120806,0.36309220336061954,0.1759930358820143,0.056870787266515975,0.008449129082647019,0.00408224349250595,0.12165265538162869,0.0,0.04514304078180833,0.03307879970252619,0.009418765570672625,0.00743940593195077,0.03771423046286166,0.008420571239713305,0.027090908264036845,0.007999423872683898,0.06299850067724416,0.1938132271509284,0.006516259375151693,0.039171239206086714,0.011377953480110139,0.008861182116795263,0.0339892298100806,0.007763491403853564,0.007134712424635597,0.06320861744803995,0.011598867148131861,0.0,0.026053442835349615,0.13430094233063922,0.09199692272249091,0.05060160342963918,0.07853539833650587,0.00786183306015711,0.07585342788704563,0.0080607366315001,0.0,0.0,0.0,0.0
ig_lora,CCL3,0.08186362298073988,0.031951500618090684,0.18160081917912616,0.1398435909552292,0.44122405179853114,0.6362385733367851,0.18152200509540065,0.37075209343850923,0.2929469931784723,0.24410845766056888,0.1785382196573209,0.04325438928226475,0.18510004525001106,0.15565272776533415,0.4212182804983294,0.15604295174837027,0.3598771626829944,0.10987628267238819,0.30220537011241366,0.35730073360280673,0.004581549173222811,0.22063827189338886,0.0,0.18521332538209961,0.3719463459995407,0.1670946037514234,0.0,0.0,0.15975950574810852,0.11601233933247193,0.04273234384957566,0.1366602388724295,0.12671998397957845,0.3649404924537305,0.26629996206909945,0.1358842891377604,0.061737418122093,0.3250007486220157,0.08658396256370451,0.34292344949112674,0.30957913615851723,0.16601131801271118,0.1524872388908676,0.16422201136749393,0.002874096056148838,0.20687887387390835,0.005474757444243061,0.10695310782712955,0.0,0.12414863316325804,0.4345329941274469,0.33319703381554105,0.0,0.5036562231604984,0.13331722648415348,0.004725361462136796,0.23331063469632998,0.4489880383454508,0.3422757283857052,0.16053385123901334,0.007793607504361282,0.138974630150467,0.2963679323200764,0.3440799596173109,0.36543093858792935,0.3691852402114874,0.4910622837632234,0.3273766333297628,0.12633362607963186,0.018533379506164373,0.1291670620698377,0.013572422174530016,0.3036435700254745,0.2605770923195104,0.2787618504567276,0.08565359922830589,0.19943521347905183,0.002850832734394515,0.1414806627082125,0.35564004456745407,0.10766735820110918,0.27223494943949883,0.00417417752857366,0.3199048064741326,0.19569269611961052,0.0,0.458500706558304,0.04457437693672169,0.0,0.3363382783899817,0.00321705064572014,0.019076068542784208,0.11278093373089897,0.30838758017733675,0.16796621330774436,0.004537580758104624,0.03238025032100809,0.23040584106724601,0.0026358400782960896,0.14511628929888515,0.09562522651721429,0.14093956591679838,0.15204804194270327,0.20723314556863928,0.2903600401068767,0.05569284512429321,0.0,0.17160030500649662,0.2007886732287637,0.41184433568622053,0.11354516779641426,0.041323917566246295,0.02828833552536816,0.22190062434189226,0.15541459307187394,0.20739714643347135,0.06175911484527641,0.32229325396965436,0.16211718623793117,0.14548649581588366,0.3601610531474046,0.003919906437123188,0.03226842381178017,0.22829368203249178,0.32031568377581915,0.1460635091403606,0.003203400477487857,0.19850946815860931,0.3099225375139284,0.09516302243473386,0.1765113242258446,0.1997808997472138,0.4493330693969035,0.13573188303471803,0.08231244661956955,0.26002573939589163,0.08198361018059429,0.14071880302297032,0.3234206823847036,0.21668930645161658,0.15829520214630624,0.2485413805890699,0.40414701479165804,0.20243472081308256,0.08048614553396104,0.12894291678782285,0.029409598120750998,0.33483704352700955,0.2891147355155742,0.36998174226575775,0.05923000036189183,0.08734400816066648,0.5203205213828255,0.27466601791238593,0.14323783785193603,0.23132550839896193,0.3524667602099691,0.17857687761530108,0.26679534979458364,0.18374164312134986,0.1941754633880036,0.10926858710460537,0.2034059721503394,0.5962265806163963,0.04831646808417494,0.06102664894596295,0.2283473377086585,0.10183870270662995,0.14246564802477443,0.30694573318177376,0.5039153447862992,0.07988264153700948,0.35535010215595064,0.17278706398766164,0.15996209263630531,0.11545312339727408,0.32448409625951374,0.2039942385793415,0.16994770766051417,0.11937636477224291,0.061120566165636964,0.07962300639538154,0.07128967497389614,0.061120566165636964
ig_lora,OPALIN,0.0627706144801659,0.018108690938131757,0.08033261032792728,0.0,0.026115554959367182,0.05820216488005933,0.045586025726765955,0.020621593756968166,0.028838449417022856,0.018428204443024513,0.03696370680822241,0.016060559614828683,0.02400256718609934,0.008946085939447653,0.08234039116604433,0.012403284283513772,0.056046066746612645,0.052995388981771856,0.02298320800940646,0.04424844696817568,0.0,0.03375863917797837,0.0,0.0999208223315809,0.036702707599574294,0.009579066382996385,0.0,0.0,0.062006505557631625,0.0,0.0,0.06297317504558557,0.02989288710366369,0.03604871931296779,0.06867315451174505,0.017879224041209434,0.020030622412583625,0.04082907657183317,0.04454824106847658,0.05046627420960705,0.03403753829373675,0.015964419332149708,0.1428392673257199,0.0,0.0,0.033138189318537535,0.0,0.26020482854187366,0.0,0.034610455033364365,0.03323030177648433,0.12373809404480718,0.0,0.045937983772945085,0.012000023990496721,0.0,0.014779095420967085,0.10703277615114025,0.0876031823243567,0.02450792553335601,0.0,0.02790905098960162,0.037605356241256625,0.01859215142181979,0.019808146623887725,0.08738358698077874,0.06594814492497499,0.021972542589423386,0.017217581450416523,0.0,0.04160018535693547,0.0,0.048683952224075594,0.09324504107214335,0.0272998628426767,0.3955343145866559,0.013144107016714741,0.0,0.0,0.09092198080200002,0.05172111370929973,0.10738790330187895,0.0,0.03763664943200714,0.15223539691621385,0.0,0.04171519944339798,0.0206188161371046,0.0,0.03738785317017746,0.0,0.0,0.07296300105330597,0.011347146304450578,0.040321813074762354,0.0,0.061973184693675215,0.024861935822461344,0.0,0.03677609210421214,0.01712371599985657,0.04447203961944498,0.03878427898757075,0.019976007584124846,0.020481357074135793,0.0,0.0,0.049229499653530566,0.03713164933152013,0.03946371781473429,0.048006473773403245,0.0,0.04255282191042045,0.04845252106737358,0.019806068727003325,0.046051834924276606,0.0,0.14890477965463547,0.05654531524025941,0.04691498235956932,0.022217332694048353,0.0,0.0,0.031523211159438444,0.014461282165227338,0.12348297091072631,0.0,0.03081568945157841,0.05740943337761148,0.04534626059440185,0.02048869034214702,0.01664433259385941,0.08276808196594618,0.10404573960718881,0.0,0.02727816784795983,0.054904821665701514,0.012137631313607311,0.00824315721285284,0.0,0.3497068534158398,0.14822062663004346,0.027017722950445727,0.033126690037241016,0.01862308763294387,0.011787126441297065,0.0,0.03261185776360235,0.11330858000459515,0.04542753062351015,0.0,0.05019935405684565,0.031091684426939343,0.028480287944693483,0.036750184511648694,0.036843440898722296,0.03240141134145572,0.037449936617471716,0.06645630106747931,0.03805860297781511,0.01489189752196432,0.0,0.045428433722502916,0.05603862576067867,0.0,0.0,0.009654599751818062,0.0,0.059803574327376485,0.07580903451647394,0.007393240464465306,0.08426672576150547,0.028872899242403268,0.02235210766086865,0.012452786297895303,0.051230712573362244,0.09285883694281613,0.09880867919285977,0.023972025695074832,0.05136331412545949,0.07601322523693704,0.07193614759839514,0.07147157299132889,0.07601322523693704
ig_lora,SVEP1,0.047029927132608194,0.06082822197337317,0.19044286393526486,0.11832411827775433,0.25691878416839614,0.2597487938967833,0.07603712877409581,0.23640163693418575,0.1709525191250549,0.24518095544048,0.2742126941145462,0.13177218341843414,0.15059251885732228,0.10696890703469297,0.32192238695024544,0.15018693049984438,0.15667985626408137,0.05108712596749724,0.039325123797350585,0.2521426021381835,0.08996360355879256,0.20358265625617766,0.0,0.1900257246630589,0.2758644490587311,0.1771803868869637,0.0,0.0,0.07186069929440675,0.0022271527108926902,0.3824358461133013,0.20386297544572546,0.18379485526548622,0.22350802703906342,0.2975018618855056,0.19753666235892672,0.19086182739607147,0.26527744447445095,0.07692864806781355,0.24813135440050027,0.18962131263854945,0.19122830636795274,0.18845427552153665,0.06386054865440183,0.046892827335820654,0.17759010131469993,0.1673368914986213,0.07831772977837642,0.0,0.06918471973236102,0.26319351027199817,0.2526292764323469,0.0,0.26335373213346464,0.052563789673878834,0.04435321472008208,0.20230799502348526,0.38043749997419907,0.17475509093437402,0.18190663399421,0.01614802538672344,0.11070679735508429,0.19178361213171952,0.14928564849017723,0.16077613493869541,0.20900720324946753,0.2487948734700652,0.16076915991249854,0.2771353893254387,0.045422951130962244,0.2319083870154941,0.25632454817612144,0.19082093246220116,0.16216892328930393,0.15213121104624572,0.16571359597067156,0.497609493258689,0.02548018463576292,0.021840158259225362,0.26343512599186597,0.08151726473133256,0.26917929206532637,0.06928887378354306,0.06751480097980098,0.14234096626897208,0.0,0.20084145001876066,0.09761769920908002,0.0,0.20016177010902325,0.03068051842007432,0.127205552607313,0.06867417318649854,0.03641162916630743,0.38362254671591833,0.07880420654036249,0.024435092557066773,0.29903319593477584,0.02341798935147295,0.0670845999320883,0.06229871227372552,0.20741563111608116,0.071411533430976,0.0570493659286666,0.10409974229452856,0.003584077403687495,0.0,0.18447383442600596,0.12180442277268619,0.12862419550008805,0.07747749090764403,0.1558024288980456,0.03552425438078571,0.4012100133615938,0.11854296415510365,0.08783190051102235,0.13733164594656624,0.1052900478806327,0.10819635407796387,0.14551501475725062,0.32216158338282397,0.047661586067749104,0.03223857713535873,0.1885419348590003,0.1792560618044054,0.19291764288371016,0.00336490456555376,0.21545225035506263,0.13647797567728834,0.09650107469006065,0.09203424729890919,0.08541597690551436,0.29130475538110145,0.13369125430112402,0.004880151971354928,0.21197125984928827,0.03868372174696448,0.17682106299193556,0.1027367269360334,0.0036228780384162797,0.0608160905244583,0.2328153637276795,0.1567926549927086,0.340091277295029,0.09962888933657199,0.14819237357800288,0.11753176239583371,0.187642124596705,0.2618464840801678,0.21315790219441028,0.05416907477232538,0.048519382166278616,0.21494320152595095,0.10160253085145834,0.026047768484235873,0.1462407641089019,0.27483794245061166,0.16691722483249796,0.18348498386887166,0.20257731884361968,0.057681714177930346,0.024643182856157474,0.07431784900579234,0.2774247907375774,0.0041745667220655985,0.0041052109693846105,0.04790800084537316,0.06572540644894029,0.08369015612970747,0.2757736827514553,0.07754232822373851,0.04513442833576937,0.11618826064934872,0.153432851025955,0.04000634033758554,0.06487316017866447,0.33893907792308375,0.2472570238869048,0.1886205432249881,0.14223938319986296,0.035222335932592226,0.07706909986803472,0.06492180713451652,0.035222335932592226
ig_lora,DUSP1,0.15178957614568978,0.09577265756583064,0.2927198507443518,0.28355143849765146,0.17853708511352218,0.42893085648338397,0.23613108934878532,0.3332871212528026,0.28664297829905955,0.2616388936736592,0.22164808298122074,0.09697160158742234,0.16767928102733756,0.05391982316554813,0.3329474112884375,0.11877937397121473,0.38514653322684295,0.13730166369398017,0.2123498459071772,0.3230442134920328,0.058366260041480864,0.29274243650445064,0.0,0.14108974688319675,0.5273332077917122,0.16993085248517384,0.0,0.0,0.28307540495220257,0.0021293159660629598,0.024674410413829617,0.1809819135864294,0.12104178058027557,0.3359589725020002,0.21049431601329807,0.26526409388146766,0.06824790831408184,0.3085920715207178,0.1918831346118049,0.38759575229625753,0.38845034467879536,0.19061777299877483,0.11093695720501524,0.014797284321394114,0.08958956596899573,0.33489788193576214,0.08523167887584686,0.033941094245958967,0.0,0.05095410808855477,0.3404993624546857,0.3812493390294632,0.0,0.4449678175353436,0.07431304818331831,0.035885057278698895,0.2591543909708101,0.3658386872608114,0.35869534568154654,0.18619950143253378,0.0027867536638066744,0.2639939248336159,0.2586943999893266,0.23889187237718915,0.25374785994403903,0.22749160866822743,0.3601153374350979,0.23273481758057601,0.17678004726666913,0.078337460437778,0.12353439438931872,0.018235610013806976,0.3321701175223628,0.33987447858263203,0.3528238969463986,0.07266261656680612,0.18140447469613474,0.02969655500771508,0.19190740184250876,0.4469345508449696,0.08076982841849893,0.19140049682306187,0.11568177160568689,0.2135602053412391,0.2867824564294651,0.0,0.36902122647540864,0.10890406824356151,0.0,0.2999423065361642,0.025036052751362746,0.02259302262667008,0.08696876354035457,0.20798359859922333,0.21254813252751747,0.0588911035599231,0.058701962832299275,0.19089041303678098,0.06558018903535826,0.0660776181380571,0.11615671933664798,0.2391627286983481,0.14959046953795715,0.10010369359902448,0.2744266989810459,0.0031953259867631436,0.0,0.22277832047577484,0.3195521567287886,0.3837256351137371,0.30523473829889936,0.06638024645424374,0.09263810681857733,0.10115559267704158,0.06677104023028956,0.2870431369055855,0.058806110679539204,0.202339402369741,0.3044649957691045,0.14126254067752753,0.2515620644159473,0.05597983575781228,0.004369143742992379,0.11304853076233427,0.16642377348803775,0.1171445535185394,0.002895846201781914,0.13494561030332752,0.37039009413366464,0.11723082261801814,0.07885643753851071,0.08387878241054926,0.28164972182210857,0.1538141125867227,0.004389781893771662,0.35846095978363607,0.1666691561632092,0.048851496817662016,0.1271143339485643,0.11368461924765538,0.06292215782711831,0.3079156137073736,0.3213177119412318,0.2767138024551662,0.18242894175678315,0.1076959985136038,0.03765085475416876,0.38775777604162476,0.16497868362769796,0.38714060906989844,0.026773265574589967,0.0515891327351508,0.4286228602398819,0.137262616324588,0.09618655974261228,0.05124720945386302,0.2022873813656877,0.08096421768503478,0.15831274152209238,0.2127300922896968,0.13757863209162036,0.004880256823195724,0.2985694587237668,0.40143419698780386,0.0036478112263143253,0.003429694325786351,0.02214869444121559,0.08966404078932386,0.17731120617748375,0.2928467381292199,0.22736791239235601,0.08902462601877692,0.2490506892856168,0.3850691991589607,0.1938804325347206,0.18041152516803322,0.3490455529556169,0.32897165148229857,0.19954759495322658,0.08543466732902921,0.08265695039100708,0.12228693325404082,0.11522500794807007,0.08265695039100708
ig_lora,AHCYL1,0.06339250218337465,0.15703870806582254,0.18306318148335382,0.1929610673556449,0.2715764965441134,0.21827063543865016,0.15829488408660736,0.12679189385691178,0.20785444786695365,0.09713462521474493,0.09928660874344097,0.17375566609218893,0.2275737411916373,0.1332523761976853,0.09349872653508867,0.1978694604866301,0.1143849367049842,0.054701211239282475,0.2558769498169571,0.2828896299481685,0.0412972112237428,0.17153307215588834,0.0,0.13489903105097487,0.26493386473411473,0.09279660307775955,0.0,0.0,0.2381176442292688,0.10341138950869469,0.0063483753634659915,0.06398452264265557,0.23090852593620045,0.2911104383988825,0.15487932070750138,0.08518104080660475,0.08302282598362636,0.15202224638778877,0.10557902367200026,0.14894538625843343,0.21457325220576776,0.22473068982097907,0.12498392548384477,0.055281165120559965,0.029610861077749736,0.1906716034925259,0.2812073966282406,0.04260434507535601,0.0,0.14689861914430372,0.10244262679050065,0.15300574281760812,0.0,0.20628886643935865,0.1696341472547646,0.046570749500042204,0.18660785684208026,0.09503867157065944,0.32731315462400873,0.08833417480903945,0.018594804681903183,0.1484915441091013,0.22177158385927145,0.12447283778183686,0.12983403703719631,0.10858731247368136,0.17897663790959525,0.1056478483697573,0.14346871954259616,0.10793675258217801,0.0517122074572497,0.005169769820075194,0.1329374368858643,0.17498933472779007,0.17464440985421406,0.024999676506667207,0.1172202352274167,0.02045141714769318,0.10242965044741827,0.23740096890179535,0.1387894048683892,0.17427044656878315,0.040476824499327636,0.1962371762022467,0.03919569339326866,0.0,0.19741157210126506,0.06755372832977337,0.0,0.173870519467214,0.1888610980786935,0.0037281260773887595,0.13645625295061067,0.37284252336823415,0.05434200226497821,0.15185241597054044,0.028097350779184162,0.11446912895237987,0.01909221865900442,0.1273135392297034,0.12427683143339026,0.0650660117150381,0.1760119821760596,0.2905392375109799,0.15222070156926462,0.2609032052940521,0.0,0.18545775712570337,0.19561236177720595,0.18947017720211262,0.12376455527317565,0.03551168539320647,0.021089610327658305,0.15813741045169374,0.2621165538213683,0.2331530747647377,0.07753719799734118,0.0609168900413019,0.143420762708885,0.1751638790946173,0.1831950571990542,0.031580338090830856,0.03460254973485793,0.23876000711752152,0.2625217366634997,0.12715829798043157,0.004584831680653423,0.12490595089561582,0.21980567806045037,0.1552879496497474,0.23480796901261625,0.18914094553500915,0.08287284556658418,0.0907390155619712,0.18079915163292334,0.1898177980863051,0.04791483589060175,0.19409495053408876,0.20566846047982476,0.2529747776462824,0.17463052805399928,0.19088289735519112,0.28445508775290745,0.12522375040744646,0.06243351305413138,0.046143708889872355,0.08620711048109389,0.2883997866489589,0.13595810528341518,0.19785845955782255,0.1691032479028114,0.19046856730809278,0.32176335521465926,0.35114313743332104,0.21519743821003298,0.22080037950935438,0.23901701993818017,0.22373155137077835,0.2977438926982376,0.16344782744943923,0.29396927798250144,0.026213975983419607,0.2692521770513468,0.2249069702684336,0.08114162412878675,0.10126967306634427,0.17515471297364205,0.04255072765649759,0.2306772668258419,0.10206891860693335,0.2725215409718001,0.10786178592326932,0.26508705579280073,0.1065744026119638,0.20448689974215659,0.14031688521933486,0.1199578405103417,0.10461541007965128,0.24433509736144682,0.11184197265929849,0.11670650013020972,0.1398006550181,0.12591144134055193,0.11670650013020972
ig_lora,COL27A1,0.008011352756729633,0.005506729703184894,0.2685455752203485,0.05054553935875893,0.060354690420448484,0.03186951192332086,0.03318272818048176,0.18075636707051038,0.04849328960579606,0.10281613458726106,0.20998385265423197,0.07085217025986013,0.07722249392463014,0.12615239001981698,0.14051372571449408,0.03934105975802316,0.0026136060309155922,0.0,0.006437982032318561,0.0020931286793668185,0.008514357814774158,0.15397758337699377,0.0,0.052174268761128205,0.002495732481552635,0.09245519742989099,0.0,0.0,0.0,0.0026755821901697043,0.15185091611633164,0.5838330678681969,0.0052121432744352166,0.036082713190891035,0.005296026800618478,0.09417019108679954,0.042002383279893016,0.08502838521363018,0.002204872816287806,0.05494250592160548,0.006532037303446867,0.10498712916490144,0.23524169337356382,0.06697206935847953,0.006794879254647948,0.08494629999542097,0.008811950355846393,0.05547914629152684,0.0,0.09532775297667365,0.1256274241786983,0.07854763817269747,0.0,0.03153634303370563,0.05201146394929428,0.008603895962169377,0.003919860851042884,0.003993877261003423,0.008558224375424387,0.10534576425490463,0.07388173812750262,0.07444555171942112,0.0654965432914129,0.018179295764584012,0.016609264205246704,0.023212104296479068,0.04266447767525491,0.02120917839201468,0.08692547642007115,0.008837906557362643,0.006254874937122137,0.35951482576244276,0.006049269177996454,0.04545738940167302,0.004600577974572199,0.0,0.24033999073634635,0.006269700896951742,0.0035826862268295667,0.04357874522178349,0.06536526409963306,0.12911648409482435,0.009880073287650695,0.0,0.0,0.0,0.044304358387107466,0.009651625309121855,0.0,0.07340701796087165,0.0071633451024123935,0.4091289289768277,0.0,0.006450658144260745,0.00361083327038701,0.010058196909324477,0.0,0.09940522586472278,0.005798097489437068,0.05595087577704689,0.10543624159673957,0.1624134883874681,0.05152037334466543,0.026127320155085707,0.024974109820782273,0.005607694458228186,0.0,0.008169939703577152,0.002451099514917857,0.003054331301406242,0.005802612732076222,0.2646747893593951,0.0,0.08939640241361077,0.018234765407933326,0.0,0.00822212357479662,0.002260940008574373,0.0022766523022558867,0.04859018000983317,0.18431489701215278,0.009085233582650159,0.117825989497708,0.10956248240413893,0.08931544507175583,0.18950444422978122,0.007042916993621719,0.1592781914636729,0.004762026641372046,0.07997564311820975,0.004547890045127242,0.003976205211290758,0.13985985604268766,0.17419605838819807,0.007274057778461436,0.14406987630343598,0.0039348467164334764,0.003792828300319115,0.056596135958215055,0.0042180907858611425,0.0034626111157060302,0.09026591536916378,0.021010859092553756,0.03221325306869575,0.007452597926471253,0.11511099200008691,0.041584843445981026,0.021889944093725452,0.006820469481277171,0.0029514009770313164,0.008790919888384801,0.0,0.0174464266267229,0.015706354161447417,0.006745610374816893,0.00574136827288712,0.014348907731877865,0.13308168970553,0.05180817323927994,0.005835671216840824,0.0066302986195925125,0.07221977247229923,0.0042382764690568975,0.01740798740649312,0.008594361761045055,0.007448941818974466,0.017408414371278685,0.005328773022869488,0.0042324056138615335,0.07029727474658169,0.03421789555567025,0.0,0.031812096861253,0.007148717699644575,0.0467399670715471,0.0033855793669173126,0.14576420545978022,0.19863906981853097,0.03785299200589482,0.1760512827749427,0.0,0.0,0.0,0.0
ig_lora,CH25H,0.0201570190915907,0.2028209360818375,0.109580004279623,0.22109715673749766,0.03784213671252468,0.16665111238085767,0.027236867908011324,0.1371386055808591,0.0789509658671749,0.13995904408835583,0.056827240914218764,0.4107924585639265,0.13378494094697335,0.07438272748233032,0.06874043187249713,0.034773091833842334,0.10949686435266828,0.01060790529178702,0.043158376372219226,0.11039401525403278,0.15864776319306192,0.08535461209371967,0.0,0.1464071571128295,0.1982959814079759,0.5486188644953434,0.0,0.0,0.03813995463329667,0.004997777927684888,0.009620573319663442,0.040983825499410556,0.2655712199919724,0.09718592185461429,0.10034182616420766,0.12919793414086492,0.6452179880313708,0.4087507701262472,0.12287858564705027,0.12954507503343454,0.4438962219810094,0.07650252804898428,0.05677008676066228,0.14252364871440482,0.07671283881565542,0.1828549345277098,0.6169030466056318,0.017263767395766065,0.0,0.027301109887355606,0.06551839504354923,0.044145241946451134,0.0,0.17715566164370938,0.06696137730000161,0.5134331540407627,0.30861578464837564,0.11574351523957087,0.11739560784768192,0.04546371179971849,0.007361439756987911,0.12209742156867884,0.11655224889572605,0.1710136577167642,0.1706925249255091,0.15171264342856267,0.19185046536340639,0.1503644820251834,0.6435249412730868,0.35580198335312924,0.054390457416663554,0.008846457822032354,0.16937470367974242,0.17156762139661533,0.28679441141019324,0.02888152599304095,0.026428687156423464,0.06927249634908982,0.14647786994712067,0.40201894300515595,0.05401355192798561,0.10615094351984815,0.11520350504450119,0.22916932493075173,0.06976310055648263,0.0,0.11403456265731497,0.13464825687668852,0.0,0.12460699673262249,0.1514518955781271,0.006217788440671448,0.05414459689243415,0.046706892410237594,0.04560573651432179,0.1628010204718034,0.060195465465155425,0.07167422742229199,0.07067292047201953,0.07031777743276726,0.028592098906044736,0.09810530875938614,0.03793540325736202,0.03349363579617067,0.12623817336414947,0.007482533193392239,0.0,0.047191669435407355,0.25472567194423873,0.19846455445207672,0.08794019272027857,0.0924305890798625,0.027900570574592585,0.024965982110761665,0.09461354149447358,0.07039017204341523,0.4460869206914982,0.1553163194722283,0.12521296630114123,0.13616961319225426,0.09729527809973601,0.10880426453659892,0.009944725646060283,0.019545715240220442,0.06676028026503274,0.0713224249367929,0.007633183287821295,0.10493334646413659,0.12532744477188112,0.08031867567465156,0.0927041470510154,0.02910791606927527,0.14733633218107695,0.11100817837617663,0.00918945546361046,0.07672013335378061,0.017721462324181387,0.025449752545576108,0.06739847095754949,0.04182097795011121,0.10052473880074173,0.14157023664587484,0.2079031939332194,0.07277566330761803,0.1134740587444051,0.07886224814136486,0.5438301670924373,0.457603168121215,0.06740706126384775,0.1265910257539022,0.0824958230355055,0.028958356254147555,0.11172335257448784,0.07794329842917434,0.02016767223911279,0.02415749679129858,0.14380504822077128,0.07437805322513696,0.0780143771455221,0.03666210146321617,0.12866156894880224,0.07659500180153968,0.07918960000557945,0.13366089359771122,0.009443042220775986,0.007703032258882194,0.014451946179517597,0.032962603988123736,0.06955683700413598,0.07841289052443473,0.11062630067953662,0.054196794914095896,0.06250146805023672,0.14750672172560292,0.056875071432632464,0.11055127347409925,0.09590002604842533,0.06016986253706744,0.08166641851829215,0.04318470277154723,0.056287870275686346,0.07625793937246952,0.06751264610889549,0.056287870275686346
ig_lora,SERPINE1,0.15451869472066082,0.07937095844636327,0.2461086982594971,0.12148303927759112,0.24653541269673632,0.4529667377981889,0.14504935380554826,0.30284009870251083,0.2644405313997857,0.24789531116885,0.24159983907896398,0.08964392369587346,0.24351626877866792,0.0902151304243574,0.3777129682236228,0.0962749897924271,0.40272988278783073,0.16934104890698898,0.13357107947489277,0.2969529527613304,0.0017221296645324221,0.20641904386560328,0.0,0.2579393085445697,0.3640705893381048,0.1279226221215145,0.0,0.0,0.31680738429269545,0.0005523797665898308,0.03960634439830964,0.18402461417949306,0.15644613740584712,0.21508701787912965,0.26487788467836326,0.18785305712604597,0.11768110073518494,0.330130087348546,0.19335252956810114,0.34201729704239814,0.23700535857645352,0.11934401873782684,0.2294009749338481,0.017434978052482307,0.0011214334077390541,0.30587981749818494,0.003665687029973903,0.15721595695574403,0.0,0.11569208856392377,0.34865114403230274,0.3228157102309289,0.0,0.38212043211867064,0.09006182340918069,0.0024117644136906298,0.23441439200683128,0.37506783385851755,0.2415117770835878,0.13346532131907834,0.0007041236947468774,0.12026724874884767,0.29474655233583874,0.2626726768907722,0.259737946424547,0.2523291011094265,0.37076672467316374,0.2574546221862619,0.14504371839915542,0.0017750555025197387,0.15428031509925558,0.025062791415412677,0.38760715284634945,0.3232103097737854,0.3275967426911683,0.24200130537420955,0.20969185567414847,0.0006489354433158606,0.06715341317271156,0.2691602792405013,0.15132496254628522,0.3231941677971449,0.0016173861667484403,0.26472871928737435,0.356938360217919,0.0,0.36775843737045516,0.10200904533499483,0.0,0.2596322346688853,0.0014463551691153217,0.03116842019454145,0.15736245779760222,0.13601661259390982,0.4152073075561208,0.0014549294369290472,0.06796314784761297,0.18393537630464923,0.0006002884039382375,0.1143667341728364,0.15607389938869817,0.23143351555223587,0.16657103537681647,0.18520468430736703,0.26687860993001206,0.0009336359971691537,0.0,0.08736125214383843,0.29844107181037216,0.36653526584541474,0.19982739000975264,0.02970000942782697,0.07681938852073705,0.2113249044717457,0.15351131588446262,0.22741180963903102,0.0028074044380651106,0.32713192710087907,0.27088564159500267,0.1900109442626705,0.28477104808374426,0.0011286122948341761,0.0013808461343485401,0.2186896414703574,0.24355173708190422,0.22472993658229332,0.0007284409740621394,0.2164600476246905,0.2805270200372844,0.14204838551777257,0.15573979800078389,0.1094973959879968,0.38369674108852075,0.13405490834921996,0.001469223137744037,0.2696537726249389,0.14933125808623246,0.12572848388998464,0.1506334241361321,0.0414092321227351,0.15545793974021194,0.34940172487077237,0.3435075276348172,0.23022430654054746,0.1387738922361204,0.13654437604049544,0.002946172668115613,0.32654606508922024,0.309405225233777,0.4499974417449279,0.002330194262335787,0.11449700944044014,0.31788939334118266,0.19349121895278912,0.08725310716302614,0.12660641101309034,0.3398720883955286,0.22344903846937791,0.29517305697922264,0.1035561163112425,0.13535251123731548,0.0017812186830356755,0.23359503772622722,0.5435382795574724,0.0008868124228822669,0.0012309575672163945,0.0658757722824726,0.0866832879085481,0.2176095258436249,0.34914503967817223,0.1023388500918891,0.1089407829773004,0.2168006831115352,0.2549008009464463,0.10732038501861121,0.21943665901075596,0.33318987375721837,0.24496926795259547,0.22784274870715224,0.16519795722185773,0.10174786579708092,0.15260908088335107,0.14646007225915658,0.10174786579708092
ig_lora,PPP1R14A,0.0103484525312648,0.005317556183813729,0.007981749178150784,0.2308704311260786,0.0180528444410981,0.06720331002974261,0.009071901918254709,0.023669093307384783,0.0444635382412059,0.005961957396989642,0.003259257778654061,0.006285753551579603,0.0035379917471609046,0.00639182963389313,0.0052335423388162544,0.056142613791680486,0.03758503911789043,0.0,0.05909854689339379,0.03386840855434307,0.00847677039320636,0.14176527760908111,0.0,0.0022262953067147414,0.15576162206087935,0.05233671424838284,0.0,0.0,0.0,0.0022522577442727347,0.0068471585197761396,0.06547236835657469,0.004889593530961171,0.0910356044667849,0.004719213887559455,0.07162742554493927,0.008145724386499376,0.03129692293456238,0.0017639022912788237,0.038923336423246406,0.030469274703879435,0.059181813450945496,0.0,0.009046782557922552,0.007452934762512688,0.0506126262561856,0.008161067646396422,0.004762536186452824,0.0,0.007940862054571424,0.014726100918965257,0.004776776870755049,0.0,0.09220688747573332,0.006966849504172287,0.008244251801599933,0.10023713810908237,0.003277114555528665,0.10761607123297433,0.0951658114025066,0.008867519602186057,0.00876412045085871,0.004123692469443485,0.12522641647449198,0.10457460437849588,0.061039619739550105,0.06244052631510165,0.08942186421927571,0.05225840932198756,0.009046050599098332,0.005892508236691457,0.007316181957277223,0.0650682107107262,0.06567157268048614,0.028125587105213352,0.0,0.006069858269337024,0.008197157462672078,0.2724693350507077,0.09386386814337945,0.005673844933944328,0.0037314994025215843,0.010491348268882228,0.10842086853741416,0.0,0.0,0.03263784073120985,0.009784118872002817,0.0,0.04253921589891502,0.00744701768070654,0.005341380712977018,0.0,0.09654089276323158,0.003014570333450375,0.010934424599161078,0.0,0.004510364856549742,0.007602327541739315,0.00645633152394551,0.008154785058048755,0.004136035506010087,0.007963164944146912,0.005598995237482236,0.13065481173059348,0.005532942176619258,0.0,0.07244367947980437,0.0020204769517548856,0.10156775732569319,0.005135544652795146,0.006391426845286921,0.0,0.005195437345109681,0.0027199700373816927,0.08582687689428926,0.007450583062375599,0.0016788487263520147,0.0017455861483966879,0.004304945232569799,0.032758807972016614,0.010641129805142127,0.010466486015182366,0.002886590375157937,0.028325131795304118,0.0,0.00916136715425234,0.004102410819597247,0.004083212304608813,0.005634222194334343,0.004095080038245243,0.03426937338475375,0.003650607071928212,0.09097923995335883,0.007001725897403608,0.03675614984478642,0.004320212977408072,0.0031264849435136675,0.005303915113930695,0.09853379570262388,0.002832733281071098,0.0020318460362606485,0.07038865014590115,0.006950770916996598,0.007081549689965331,0.0059039449124671265,0.009101863895536442,0.1411257770142359,0.11184195359214458,0.0784761336212365,0.008384002958524862,0.0,0.07583194789603036,0.0045311172894057835,0.0065720691148162605,0.0051537427654951675,0.013886959532577691,0.005075703436459085,0.0025108059728278205,0.03346459846158222,0.06119871000325304,0.010004867257380841,0.069259620477066,0.07887127935790132,0.011051489255290786,0.008018208868716854,0.006041852595318298,0.1814441627138619,0.0036320134463636816,0.06411665064895027,0.06651339447067482,0.0,0.06752130163999659,0.05878409852796209,0.09588995139441482,0.002819597330942771,0.02307342199312112,0.06973282217882729,0.0049381442926567706,0.006006772878251778,0.0,0.0,0.0,0.0
ig_lora,CLEC7A,0.14021431752836533,0.04824643904060344,0.2442778222203764,0.09017730597684305,0.2819648174182227,0.5596731590572667,0.154144011523134,0.3247339749378673,0.2410215559415145,0.2936347761585665,0.1813314277401157,0.058405405466356926,0.1778347631118475,0.0510053226297564,0.3038786855212588,0.08704559463802336,0.4329856405426547,0.22946540497326287,0.18957928561129653,0.324474007249306,0.00288015431800379,0.28003366398120383,0.0,0.27688033047421806,0.4408582142751576,0.18000466392149245,0.0,0.0,0.21693707886836386,0.0015568394432925058,0.02947229499826344,0.07962939598074872,0.23771955084601162,0.31567085542219886,0.21558376139394528,0.12650319091709467,0.033863625291125264,0.30592461569291174,0.1507594335104027,0.4026186489565951,0.3887856316083975,0.07878143159342806,0.22621951592475084,0.0032131330072720076,0.00182863759901934,0.3294729340936085,0.00391818799826114,0.04875969745587667,0.0,0.2195147365769363,0.32438922770835804,0.33717013693982,0.0,0.427106181368265,0.06431981999734654,0.003134438967805054,0.29468165377398814,0.4139493268411833,0.3930377136486466,0.10465394231373563,0.0018628728702979145,0.08667818963407836,0.2949923152223687,0.4074016954788334,0.41635207732594515,0.4480205765654501,0.6036483934936393,0.3967822666499854,0.07433688719315902,0.0025163934108669217,0.17345211886284626,0.0022873827056847746,0.3925400647183027,0.3372447775394953,0.28637547846435846,0.14661855472848556,0.22464227778217905,0.0017205944774378377,0.09248727429235575,0.3579312982373366,0.2068592708535808,0.3001461480670619,0.0026266796279628577,0.4057078798901104,0.2573789933717378,0.0,0.3887663935322568,0.06709601483812348,0.0,0.3179950081602087,0.0020867844329953283,0.001660680022301211,0.22193954721319642,0.1995454876437084,0.22347888996003487,0.0027830934219745624,0.06571265591126574,0.3131007372505818,0.0015949289460760845,0.165456816520017,0.08807511842325394,0.16928672396479771,0.07546135386908995,0.20268157191209096,0.3250950860428841,0.00209739429908104,0.0,0.1967008771291444,0.24755528707011515,0.4368880859904597,0.14738526123929463,0.0023882556853325773,0.04471145257166766,0.15520778252970344,0.20019964780293129,0.23675318968822304,0.03284882011273629,0.2446415863085636,0.28704245772825343,0.23195543309544744,0.20242104854884002,0.002387019454841933,0.0026023646800098486,0.21207435425385804,0.34090966718965704,0.22307226602056646,0.0019254899765885642,0.21107846759936447,0.3854617024186746,0.10120254611234762,0.21693264385738723,0.09114388240999105,0.35187599052580626,0.12626308248367404,0.0026635444403858544,0.24849765973417984,0.13358730028946805,0.16537976775425237,0.15177830162127062,0.04571565804871522,0.1818336624589926,0.31757470329047977,0.3456979854449557,0.2590688882636397,0.162422196891813,0.08057528515102476,0.0034736374391287216,0.31129006120483715,0.2734228850638721,0.5050234176997797,0.003117254059834654,0.21093762403892197,0.36272205805422225,0.2088725879596449,0.09902927877252658,0.17409999838350582,0.4242681363744042,0.1601103306222174,0.24880112861770703,0.23663128407122752,0.20275781901793255,0.0028099155644010962,0.2901984068338411,0.7383349425345187,0.002332790536812406,0.0021293479074084077,0.026392282284104993,0.16667117688853217,0.21787458815383445,0.30606558459499356,0.14673725992746606,0.11927165650730727,0.26503064405955123,0.1776244772904522,0.09242651444013969,0.19079879906842484,0.36319806474388416,0.21880941335499884,0.16621970637946828,0.2176853704698092,0.10121887814354287,0.10202541291604529,0.09963205496214729,0.10121887814354287
