method,gene,A1BG,ACMSD,ADAMTS20,ALAS1,ANK2,ANXA1,ARHGAP27,ASH1L,BAG3,BAP1,BARX1,BCKDK,BICD1,BIN3,BMP4,BORCS7,BST1,CA8,CACNA1B,CAMK2D,CARS2,CCDC62,CCDC82,CCNT2,CD38,CERS6,CFAP20DC,CLEC19A,CNKSR3,CNNM2,COL13A1,COL5A2,COQ7,CRHR1,CTNND1,CTSB,CYP17A1,CYP1B1,DCUN1D1,DDRGK1,DGKQ,DLG2,DMRT2,DNAH1,DPH6,DYRK1A,ELOVL7,FAM171A1,FAM200B,FAM47E,FGF10,FGF20,FNDC3B,FYN,GAK,GALC,GCH1,GPNMB,GPR65,GPRIN3,H2BC13,HASPIN,HIP1R,HLA-DQA1,HLA-DQB1,HLA-DRA,HLA-DRB1,HLA-DRB5,HSD17B1,HYCC1,IGSF11,IGSF9B,IL1R2,INO80C,INPP5F,ISM1,ITGA8,ITIH3,ITIH4,ITPKB,KANSL1,KAT8,KLHL7,LAMP3,LDLRAD4,LRRC37A3,LRRK2,LSM7,MANEA,MAPT,MCCC1,MDGA2,MED12L,MICU3,MMRN1,MRPS30,MUC12,MYLK2,NAA11,NCKIPSD,NDUFAF2,NGEF,NISCH,NSF,NUCKS1,NUP42,OGFOD2,OR9Q1,PAQR3,PARP9,PDE10A,PDLIM2,PHF7,PKP2,PLEKHM1,PLEKHN1,PM20D1,PRAG1,PRDM15,PRDM2,PRICKLE1,PRSS53,PTPDC1,RAB25,RAB29,RAI1,REDIC1,RERE,RIT2,SATB1,SCARB2,SCN3A,SEMA5A,SETD1A,SFXN2,SH3GL2,SIPA1L2,SLC2A13,SLC39A8,SLC41A1,SLC45A3,SMARCA2,SNCA,SORBS3,SPPL2B,SPPL2C,SPTSSB,SREBF1,STAB1,STAP1,STBD1,STH,STK39,STX1B,SV2C,SYT10,SYT11,SYT17,SYT4,TAS1R2,TBC1D5,TEKT4,TIAL1,TLR9,TMC3,TMEM163,TMEM175,TMEM229B,TOX3,TPM1,TRPM2,TSHZ2,UNC13B,USP25,VPS13C,WDR41,WNT3,WNT9A,ZDHHC2,ZFP64,ZNF184,ZNF396,ZNF608,ZNF646
attention_zero_shot,CYP4F12,0.09064357093697245,0.2850072284254524,0.2544700511949618,0.232524908380497,0.14940226927728867,0.1725993890107804,0.1327285686832508,0.18949694328123615,0.1855554608455888,0.22426588963493993,0.13077866987243653,0.3209860712246141,0.11842418038405812,0.1677243099490199,0.09923443658642928,0.1641052757951404,0.11481052167679487,0.03107659984302818,0.13435473293119482,0.18067188730568634,0.11381178489059209,0.10668231291562337,0.0,0.12769740591451254,0.16977879770872273,0.3683757390456826,0.0,0.0,0.06456981256452216,0.21525424496607445,0.1904695495325589,0.1361654259030976,0.19841435075554256,0.16570381045932822,0.2021444879194987,0.28507323568208065,0.4139479267972169,0.43789846436983754,0.08996393884149625,0.14077131481445398,0.29631708728672107,0.18659676985336116,0.08055839284388014,0.147131180302278,0.14669486955345887,0.14103074876221297,0.5080031025930685,0.11675352071840026,0.0,0.12166052146629551,0.12122395514140204,0.13854259886632603,0.0,0.17271325878714297,0.13922798412152507,0.35429115518796056,0.2559989941085356,0.15864537427875386,0.16320498646405068,0.12445915527719813,0.06393813985031699,0.18594025895441568,0.14830780209087097,0.10913456528229684,0.10713891971497788,0.11473653153866795,0.10894503210811501,0.10480840284227474,0.3636553412111846,0.14988563506192448,0.18189457159873634,0.16282479291430046,0.14871811743118238,0.17307928986546112,0.2143472742550345,0.02895940013761676,0.19583655473219155,0.14675187114429292,0.15404770148276142,0.20319637824985606,0.12428424969877587,0.10458020070932847,0.14451754499107244,0.11271787498975964,0.05372799442466438,0.0,0.16080712408424408,0.1237325539125479,0.0,0.17295384047757278,0.3175967361367888,0.05833661233441923,0.02534477918501646,0.17462994448102925,0.17445998058041823,0.16343472682380117,0.0636592040473592,0.15392876565830327,0.10814995999952473,0.1231574045031769,0.12137775113720398,0.1421685112752787,0.14159113230179937,0.1284810942084949,0.18791711619913157,0.08665210248977989,0.0,0.1464981805654997,0.1192137793372071,0.14551846192630427,0.1145722053193971,0.21060234965109173,0.03975066966226974,0.17121682302546665,0.18279230199828642,0.06854247239371919,0.5962636791717083,0.16232072330585398,0.1961190133304226,0.2155795324052227,0.15247629593255105,0.24374908888540653,0.1288004184740311,0.11442312147795469,0.16057310119407067,0.085341529089027,0.12701735804827263,0.09168461139987569,0.1128233895873745,0.127956578404551,0.10842500078659884,0.15429514495819846,0.14059606317168286,0.23693340400414833,0.13820037056273635,0.11039467795843262,0.10583109634574313,0.13812711797700186,0.23793796885985785,0.1538236782490389,0.11465939763861828,0.09865314699006869,0.21670808457056812,0.18449432269482519,0.2591725433687444,0.26865075400745236,0.39368636970493065,0.2336974437051421,0.17361276531484987,0.08574761480240005,0.2132979284081505,0.013763298304203858,0.2013708251949177,0.11175727849728886,0.12266460467371756,0.1308141712579091,0.15273733613328355,0.16142035120269743,0.11004505045273004,0.1437621360130333,0.208346577381566,0.13404730776124515,0.1428496163085429,0.10947441236183242,0.11479349102849112,0.09127752445727622,0.15552593723037395,0.11735671494940844,0.13025726758892675,0.13363689537283469,0.15173802339935363,0.046423278541443035,0.10564524083973811,0.2348290555233023,0.11427433661358705,0.19589329817543316,0.14788110987818534,0.13792868240772269,0.13911749678666138,0.08388728233970474,0.030831514773836183,0.026644700248798385,0.02552880939005909,0.030831514773836183
attention_zero_shot,CCL4,0.22227893836927748,0.14938756156878774,0.3153146211082124,0.28797665345396894,0.2719766806464467,0.45077993680512357,0.32569194951452374,0.29275523322907987,0.22941005673733034,0.21340783495533272,0.26710659781089957,0.13177371643267066,0.17905846600265632,0.20520408181962888,0.20660168015393268,0.18644891774581168,0.4225048695929528,0.15669944334016533,0.24890426608864225,0.24107694363772741,0.03741592305043743,0.1512918911352622,0.0,0.22605435795835502,0.33985444752994814,0.29272752275303554,0.0,0.0,0.20048390889894172,0.09733123928308166,0.2548014218798506,0.16263707621087078,0.18123924508547107,0.4062839233163915,0.3220871114602203,0.20434674261335356,0.17602220571201505,0.30164965719606396,0.07471302768388868,0.23905613715424273,0.30507771316784477,0.23080012648785425,0.14974838280872846,0.1573667785226709,0.05559349605760394,0.17577513351064245,0.08991872761907858,0.12839012536939792,0.0,0.13443805409738752,0.2898877879352239,0.3986053361628448,0.0,0.32682618482688064,0.14961586090714415,0.12372830162113169,0.2531496511365241,0.4947699594987084,0.44405725838440446,0.19821414499105514,0.05316867200653314,0.2738713431090804,0.30178289622116633,0.38108256170157917,0.3765114371170536,0.3191249252988769,0.4205712519639463,0.33982139914835113,0.17879593590392476,0.08988510228195296,0.3245973417010551,0.22185622490200335,0.4024893206350882,0.2498894161590374,0.252156914668149,0.05196096440262862,0.3424089114602674,0.078627756864721,0.2721881658267109,0.30863104989699963,0.14540488563955228,0.18036087830432312,0.05200741883365776,0.31154131059723866,0.1843207992475121,0.0,0.29305275388909424,0.059797967890430244,0.0,0.24179374756463276,0.05070284913798414,0.05567628131542795,0.06082919666241338,0.19278173632603066,0.26769165910171927,0.12660596977349495,0.13917382020340271,0.23667883935028147,0.03420781297300326,0.15494769355458193,0.13512386605380663,0.23703845949635077,0.22474187522196942,0.18937728482702723,0.27544169575703226,0.08448447845407646,0.0,0.3407074512156097,0.20415331652912858,0.33576635241065766,0.3083089817138003,0.13268241539881045,0.089087224472477,0.3184572660405407,0.1642910791654505,0.21953671630023033,0.17590763357676295,0.29683810866465016,0.2652174435132738,0.17857389193897857,0.22742417894681355,0.10128378355923853,0.12717270030722191,0.2145181327955844,0.2987400829364328,0.1596296989759536,0.12441251718198774,0.11097473048120987,0.3856485935681481,0.14599271198054933,0.1582521030577945,0.18187646300919316,0.4132559748941089,0.2638776607454439,0.1550228811605427,0.23992122605558913,0.2808946394507889,0.15885594694994487,0.15239419671961738,0.1420384102012941,0.18999885641658973,0.18753625974947652,0.26698935936506485,0.40287310983531693,0.1669376115405782,0.12498959744473848,0.14377757697194954,0.26381829762454156,0.5084758078937004,0.31443643737683424,0.14175210122738488,0.03941389408331905,0.40323198582453035,0.20851506497634026,0.1964220937194119,0.20630162228617716,0.22278532383528413,0.1959202710072163,0.193869978441493,0.3170753180535093,0.2424917344316049,0.13386755904659972,0.3753846786484707,0.4037128487643022,0.11589425143267804,0.08187736593900435,0.14005617337366785,0.21985505844570744,0.18424995394008886,0.2396939290497043,0.24195209969868797,0.10462662048266878,0.1915907541711093,0.22976459617075626,0.14739352897284236,0.19127552722343577,0.2690161686467964,0.2560683962620594,0.18222520573908887,0.08590508147027748,0.0689028707036631,0.05976806044966364,0.05717581396129987,0.0689028707036631
attention_zero_shot,IL1B,0.1862470849247611,0.16275017623472687,0.3322166474669967,0.14825909202621257,0.33285934488041535,0.48501620505784554,0.28104269929906184,0.39638058357696254,0.3021285017766419,0.3042135122814667,0.33041246487033893,0.17220650664219647,0.2253072344754437,0.13799389318679778,0.4258315391116712,0.1140534346743543,0.3690112374064429,0.21845898541430764,0.22388459211500447,0.2920404775609638,0.03373119583015632,0.23123641605107836,0.0,0.27069993045649754,0.43520472607202876,0.21774246967302807,0.0,0.0,0.2184655816222699,0.05418858756426167,0.0826721190064528,0.18620431690556977,0.261717055122849,0.2979252922693879,0.32707523036126235,0.19577704090255468,0.10875406028731546,0.41774510048058944,0.12228235790567854,0.4468065038704497,0.45919439035003634,0.15007768606553962,0.24153507156349666,0.07635577471333754,0.03830445711710609,0.3214933759453637,0.06615137153162387,0.1170137634854382,0.0,0.16522991322862662,0.4527184591675072,0.40035455362381567,0.0,0.442868187647825,0.16942521671723146,0.06698354524087345,0.24416953378342357,0.4074604533937328,0.3847705806300237,0.14199416465814688,0.03460297659663562,0.21195015415413715,0.3404480066528659,0.2284361281716935,0.24942208159592802,0.2407989254609098,0.49175016117618314,0.21914017790870186,0.133569255880482,0.04966178076192635,0.2350325774504477,0.07531372918331967,0.35959671317547887,0.31565713550968477,0.30332993694942056,0.09238791400422317,0.3397482816490039,0.053817952964695916,0.137764157426991,0.3299130214036814,0.2119268825350264,0.3752412343344718,0.0371941932444449,0.3423196142434192,0.22889637188085885,0.0,0.4643347784964615,0.10906480720870564,0.0,0.3298795895752182,0.03554262271646845,0.046278361943189336,0.17577050173480022,0.184527647221043,0.22800250150244974,0.07836357521903095,0.1584103486105267,0.34650403625910825,0.028942586844522708,0.17684004073769588,0.12785364254058465,0.2728607529819166,0.20320970592402013,0.2491876006431874,0.33039122523965603,0.04755237565232462,0.0,0.22446330526892472,0.32514264593240094,0.3883472947249069,0.2990111066047736,0.06608135951450665,0.1382961290162335,0.2213573753481024,0.17350043197794496,0.22487187410553194,0.08687155865075535,0.2787111582170977,0.35307457128772907,0.21927801484787687,0.31083958057894934,0.0550503624183231,0.061060351460023685,0.2358160881285761,0.3082325042652368,0.2452918635925441,0.057928956685769036,0.21768182079357623,0.429060508035375,0.17551012125644072,0.20429667172872942,0.10720413577430626,0.40656520736922913,0.21362175988810028,0.061990475536196896,0.3162090318543418,0.26625370141273025,0.17046585462738417,0.2516344259841211,0.0901373594972212,0.2238044310347566,0.3716804532096105,0.39582443813419077,0.33352005942446095,0.1994983890397084,0.09795024759216538,0.07145528349229668,0.4087981391202741,0.23740511527108402,0.4464741737087659,0.062252611474150336,0.14582910810294702,0.39719115264338384,0.29328689472416486,0.1506982416888778,0.17186829091518074,0.286423795499958,0.1786571819303393,0.26041163922618726,0.2522235120604442,0.16823733811922895,0.0650919346336865,0.3821770322244475,0.6407903237640313,0.05109441113792432,0.04367683416546015,0.08200042020732429,0.07793533441970253,0.268877504939897,0.26411061132547925,0.2338830712804899,0.21139945453947107,0.24374408548284326,0.2897122627543376,0.11239409306980108,0.20341186967621216,0.4577444799261063,0.2713787105981653,0.2459237098855238,0.17058559387804895,0.1677877966609968,0.154818622849798,0.14942041113476406,0.1677877966609968
attention_zero_shot,GPR183,0.24771065780086396,0.1162010105323068,0.2964222949639773,0.20809647593984174,0.23460330453465067,0.49478635718158226,0.31522083368478937,0.22446127756961276,0.21906156601564578,0.27092328695765366,0.2635930652777202,0.11959271214010431,0.1471494478563789,0.15624660241023516,0.2124016576237051,0.14661466358936984,0.4928409181931441,0.11292128091333116,0.1787554204560757,0.21564304587434463,0.0377277593783871,0.17722070910623852,0.0,0.1549413504043542,0.37684852641297456,0.15047614911814977,0.0,0.0,0.14895317214838733,0.08940003487829762,0.14482670555937657,0.17978975243724393,0.16835125421166305,0.44972853716247807,0.2496644904395439,0.1960698169186583,0.12792155746188863,0.23818075835563027,0.07095664958349257,0.20767353562968066,0.32019095164374645,0.18634442576132412,0.12401973670833363,0.1317191334856258,0.05072186688435333,0.17420163212950718,0.07643171996584831,0.10546211723649153,0.0,0.10576667419509193,0.26195578919747453,0.3773779656422042,0.0,0.3771838217520996,0.1312284215014464,0.09910516456336553,0.16182129651690438,0.4089747910845825,0.4932416069827826,0.17833047112516542,0.05230380953098641,0.27445750007285846,0.2683024254707777,0.401587188879007,0.419946084780693,0.3643281420550829,0.49940905589406454,0.3749910639402963,0.16631619887271706,0.0808057869779119,0.21588355092390688,0.1315835403208132,0.4183949048660879,0.20785354684055837,0.2432697253089265,0.049088963039942764,0.2549484900439309,0.07259581161994227,0.13606489934247673,0.4208621427060926,0.11284781480897908,0.19449497901627438,0.04970897515569769,0.34405004670870903,0.1413179060656573,0.0,0.2820109940698959,0.059220635726690694,0.0,0.21057964516138017,0.0483167529253274,0.06605134029417385,0.05890126794707665,0.1772904410279441,0.16197850708187067,0.09697324151681329,0.13013868883879362,0.27065157768465115,0.035665319517665384,0.1218264109957798,0.10518143866088733,0.22430991243819745,0.19398977228751788,0.14492531101423123,0.20206879265675243,0.07045917440037139,0.0,0.3737425667419511,0.19765131034585248,0.2908793249490488,0.3051077509343944,0.10648049492822084,0.09012942195651476,0.18748568464004872,0.12483849132967208,0.147552100523961,0.15650127579360737,0.26261749806712764,0.21536218911943414,0.13793807297946034,0.21818341276178277,0.08537815598391876,0.097541917633568,0.18443899698549204,0.2358654962820845,0.1441117469246075,0.09190533789022913,0.11931853730169632,0.3578608247225871,0.11059227637496002,0.14306242068692204,0.11857054585057973,0.35815286121393863,0.20232459671326472,0.1025366102386384,0.2695842727792157,0.3074358027263329,0.11919777024036389,0.13979442180594356,0.1591980412898293,0.1516748029793389,0.18208149351883046,0.21606192961750173,0.26881260517624583,0.13489544138815504,0.10855530956956477,0.10312868206994372,0.23638743111542462,0.21296820113286039,0.2728287737239301,0.09617887834696848,0.036367097648748334,0.33460435813588824,0.16890540438548995,0.14737526083577795,0.15762471884304644,0.1802201476897019,0.14142580285897102,0.16208208773207128,0.3559934476828607,0.14484686863728558,0.10984898085228048,0.24479028337539785,0.3688154764838348,0.08562618938931832,0.07435645172939455,0.11034358819032647,0.1611083352845372,0.1619733328102683,0.20412494994304786,0.30863914594540853,0.10055346847337292,0.15481649114719231,0.20835413897275643,0.11239559314012225,0.15822507387607315,0.2840399794716533,0.281622287859114,0.16462015844373318,0.08724622692968449,0.06741358061213035,0.058571049825092314,0.05691647472063867,0.06741358061213035
attention_zero_shot,P2RY12,0.26707470504445113,0.1277692957790567,0.3608518747878972,0.17650927895962087,0.3391705552791569,0.3889589926453307,0.3872345520619433,0.3386549607331893,0.29774194926298764,0.22938364131098982,0.31670122355834185,0.14714174384140533,0.22125316546917248,0.20412882780211217,0.25983298715112035,0.20263310405600224,0.3870561208190561,0.1464413511168193,0.2802960402448885,0.25091892711727365,0.03818924888063693,0.18524854888655073,0.0,0.17459914423977255,0.3292205932108481,0.16450652183947675,0.0,0.0,0.19017902404863818,0.12379118695148267,0.13916428109513293,0.22033967611941002,0.1805600350506789,0.41617506948040556,0.3394467028912433,0.21050700407593803,0.15422022623941065,0.3015202229029434,0.08795830847548966,0.273237941975416,0.42108643487131947,0.23812093491679176,0.1608438887388669,0.13456654956145164,0.05158920407789759,0.20424187623469747,0.08248398373781737,0.15476737957138537,0.0,0.13918169532752486,0.3401914658196488,0.39787999399743645,0.0,0.39467750905340054,0.23708000806540644,0.1043613029499026,0.1831866717140692,0.37180534903245993,0.4209040000637722,0.21068994034617353,0.07218310633108692,0.3404306147115646,0.4174952854887967,0.17393152605253479,0.20910107971590902,0.17430596530817627,0.32240371133144136,0.17030140484047968,0.18614857158037623,0.09683650443215758,0.24768571114821733,0.13498486656426925,0.3110749439961972,0.2578284536437545,0.3279454909450727,0.0653207443802316,0.3605472532498352,0.07296722048556363,0.11261337338747443,0.34446519721266977,0.15040914311940673,0.23360408012323308,0.0505122157682468,0.21393208435379057,0.17205830722939372,0.0,0.3840247367489994,0.06823299763945177,0.0,0.32079585627599383,0.049389253790573885,0.07486142793158436,0.08378942347678606,0.20636021733695345,0.2705229965776349,0.09792587929960604,0.16336018285335283,0.2875452206121024,0.03556602787930256,0.2113606754786596,0.18857687969866446,0.2881284594320243,0.26488374042791574,0.2328309496914832,0.2375022819701508,0.10559627679512838,0.0,0.36728857817980504,0.2517869400584745,0.27404647709913554,0.3235679491656211,0.11971578630552694,0.11234969096236522,0.28466662863309805,0.2398954037038081,0.1859393758131396,0.1303201043647925,0.2880545042578087,0.23999076217298082,0.1660366146960433,0.32553317643386814,0.08487436735098633,0.1780387488068089,0.2737764506227679,0.29209925734132836,0.14819018230082104,0.09293651943343888,0.15585024377467377,0.44007239713817187,0.16345161267685726,0.22295706141420926,0.2263780101709415,0.3912018920275376,0.27143511328197995,0.16756431649448109,0.3401169485168686,0.3225436389919667,0.19957838779329326,0.2553987248235273,0.23129112765280482,0.21106132396051647,0.23856197950781569,0.30848848737125223,0.3398999957404422,0.1808017845179658,0.13900644875061582,0.12861980170878262,0.2836947493668251,0.2473832952624027,0.36760905690549145,0.14250926177704487,0.05494965974637742,0.39332931632372076,0.2526844816534268,0.20142596748315877,0.20501666372749483,0.25412492363444095,0.19832305617039966,0.21862099666300594,0.36226114954109884,0.1825733547402265,0.16916407457448399,0.2592746740531452,0.34697662164318954,0.10514912376466601,0.09327495469240206,0.19127537685434917,0.10144519843818864,0.19387304379301895,0.2999578074794733,0.35984372213253485,0.13022199710320262,0.24576147692395386,0.26654157351122754,0.1729642122107171,0.1898520586603587,0.3674425351801083,0.34048003385716236,0.254950148396909,0.09331249383005158,0.0915353258565247,0.07938494948037243,0.07851263994323168,0.0915353258565247
attention_zero_shot,CH25H,0.11108423409705254,0.25839813148670576,0.2977264076662248,0.23408026641831903,0.11975242929337736,0.2235003433790428,0.14634878261148257,0.2020724907180324,0.18888654857626355,0.23194422096208955,0.155531928790122,0.375163929241511,0.1629961337876948,0.17016435158237095,0.1262843824819205,0.1285590258664092,0.16980563910613405,0.049961986195532986,0.14414908064049078,0.17659055765965348,0.13157229606006335,0.11073078898203143,0.0,0.15667119378481287,0.20053476051501407,0.4665062320720689,0.0,0.0,0.09985349038662585,0.08716800160038343,0.15901866196035883,0.1523022699166395,0.2053756653204727,0.1403516398675835,0.191988175614474,0.3019239157296343,0.56160327820526,0.38080597341429334,0.12967482649210363,0.17579436318843825,0.3623921917641275,0.14993808605036504,0.09642545075243791,0.1432438223632508,0.15218832808056454,0.20841135093686794,0.37843981853427977,0.09814471620193245,0.0,0.12780613104432276,0.13009995869876395,0.16918120738579223,0.0,0.18481992580277928,0.18727345300481243,0.3763356165315886,0.31731729244968077,0.21684778957647566,0.16101625764812436,0.09752496146658939,0.06658456058318446,0.1989131250016854,0.19258097809068236,0.1300423962972577,0.1278170061547274,0.11708345034640937,0.15671378490542903,0.12209500635268786,0.523568993243039,0.18420327986956278,0.1805895513045047,0.14645495505320172,0.21190016859935099,0.23719058436326101,0.2461916832302137,0.048909626712697316,0.17287521741036277,0.14970883197415855,0.18968708891514688,0.22468861395387696,0.14817271785561129,0.1690895647144757,0.1453096140574798,0.18316742338392877,0.14336608931796985,0.0,0.1832460023736434,0.1541690859795197,0.0,0.20448139155901324,0.12984794050347556,0.04822984923765687,0.052308889029328016,0.12920349894753486,0.18008161375747547,0.1664852584277177,0.10649168536044464,0.14852771669414527,0.1249706800173733,0.15295736780025465,0.14072767093514457,0.17654988469591035,0.19237312611237115,0.14726877499426844,0.18882294066495858,0.08274182461213936,0.0,0.13993671683050798,0.22596470957755138,0.20840379300432982,0.15601979439094474,0.2033917260672554,0.09927848626935457,0.16671668536095666,0.17421642012024469,0.10902519199500156,0.4863414608737985,0.2112524067089974,0.22900086714700235,0.2259248908555624,0.13998922187862672,0.26250147613417124,0.12842093486361225,0.13735728708073572,0.19256275872386963,0.11924132801085686,0.12366307214840928,0.13017197339265824,0.17244910778172332,0.1670920096899712,0.15451867748653883,0.11975441873607555,0.19616075844100017,0.25879145980455776,0.12605222733017554,0.1260330750007011,0.1338435265556414,0.12654499700638352,0.15785793610879534,0.1117640789174714,0.17257166188631212,0.18577927582170645,0.2407397896279573,0.19902596030502426,0.2810807563060105,0.2092010177539352,0.47516893051136305,0.3418330118721484,0.19792792156985725,0.1468116322349957,0.19279227483848482,0.027872576378043797,0.16825136268064617,0.15691057697999028,0.1272732752743991,0.1242646936077458,0.21797386411162295,0.16080305598497632,0.16410031349622684,0.12879117755682232,0.20270291343599686,0.13618396666105145,0.198946086857236,0.16739366656997293,0.10779714109575854,0.09015528800794252,0.1168484696058082,0.1346331604477887,0.1790277688787701,0.15703640174628677,0.16921689259782538,0.09226035215989013,0.12274640420607491,0.2577764002483177,0.1376431456326529,0.2313000190526421,0.15432378351276424,0.16914078978359268,0.1529542253636982,0.1004701877489172,0.06551441861553148,0.08262591727081911,0.06556087170552581,0.06551441861553148
attention_zero_shot,CD69,0.2134161798459655,0.10718124087157287,0.19794511205129003,0.20672050165726044,0.14093751473562618,0.2635489961720302,0.2500812319154425,0.14782748605172386,0.16777357802927118,0.1346610406748985,0.1821672946813113,0.10213262879000583,0.12390691742563881,0.14176710656122246,0.11751344122723403,0.11337293485628121,0.24530261845813445,0.06731153681742306,0.1526660582428435,0.16368998949497623,0.034187548744258375,0.16482152007884493,0.0,0.10284177160431074,0.22391450191912804,0.11974478549154759,0.0,0.0,0.11300429383950492,0.06891906285970574,0.12517936264405655,0.14160450910587732,0.12071533897932571,0.3100976137905784,0.19339741749669934,0.1661998849320875,0.12289598703672576,0.2002672316458194,0.07526171798571454,0.13569070240342027,0.23046419327583395,0.15383841393524975,0.08589639962762104,0.12398137373101334,0.05831947311222772,0.12213032218632679,0.05675601417042229,0.09136847024570559,0.0,0.09776412156574384,0.13562369102873859,0.23680699835116834,0.0,0.24256218423221584,0.12456604526761102,0.0911337270049726,0.13433267899167067,0.22782633004224362,0.40160578994197904,0.14210089393561026,0.05320412976920007,0.21384931622696463,0.17761102437390963,0.16163338239511033,0.1700510795270768,0.17186883471223063,0.18542174469131384,0.1549015282584722,0.14337873105968033,0.08094479218218614,0.17592181534674825,0.1071136318561727,0.24669413968206316,0.16941313670375657,0.18417032689059556,0.06245032800962619,0.17768292044669928,0.07329138097019457,0.1322078058801896,0.2457652930627936,0.11253984819700598,0.12901910047770151,0.05444447910550168,0.17361649895187461,0.14616952858926816,0.0,0.1905313372164057,0.07052581590644177,0.0,0.15062401759682795,0.04957270200471819,0.03699392442384337,0.059172963642278024,0.1562020224385256,0.16905680936789388,0.09439404693318947,0.1021751976737793,0.14362237818978535,0.036301135044631776,0.127046544803065,0.1046834501614578,0.19492850602502143,0.22687429857033473,0.12579023344134588,0.15471688900356392,0.0685458813546133,0.0,0.32861710362298524,0.12203653092976283,0.17082566502508806,0.20245730961104708,0.0851223102667093,0.10245035065054088,0.14728448945822917,0.10493359845906751,0.12131238383892594,0.13857584925701963,0.19868284028058564,0.1535897513462407,0.12976063909455107,0.13551819838232748,0.08983014184637336,0.0964743229315643,0.13257797191154716,0.16070638223845765,0.10503477325447058,0.09429420128902674,0.10672638700015152,0.25546826326489785,0.13141276728239162,0.11998204791653493,0.09642667693195132,0.18465557216067205,0.18811543308840661,0.10311703401537055,0.13964546412317894,0.2349982202283214,0.09578499729467993,0.10279705476105722,0.14682504077539774,0.13228783435383204,0.14665820520218167,0.18067250394237386,0.1978892511270153,0.123062534040196,0.08568994045102617,0.1130358417436141,0.19679660778856448,0.17216000816255939,0.25002175956855865,0.09556696905016866,0.03579536178271672,0.2190258153578298,0.1283129237364022,0.13631795295842164,0.14723992391136892,0.1398281167777756,0.1357424590307859,0.13889176091221164,0.2703509902684178,0.11867981853482562,0.12236297437783622,0.16637049756133274,0.1763309848138841,0.08311183747727605,0.07569521672133056,0.09651864192715666,0.11407241576195958,0.15205192196055362,0.16293526908476613,0.17867628883781134,0.10516225998010734,0.13453105815545865,0.16774613276184613,0.1179362081481529,0.18769118959170608,0.21709116496733913,0.2678883809449132,0.12286322873059011,0.08229575026346445,0.07121851029541854,0.07627964508764012,0.07409949327676041,0.07121851029541854
attention_zero_shot,F13A1,0.10670677187382176,0.10272409862178959,0.2699499604676918,0.1871782609843827,0.13541689411676844,0.16323626202818856,0.1203808841397344,0.1416421538560945,0.22215618916995059,0.2153631792383016,0.1165101134403754,0.1549803291969391,0.1400340129623475,0.09482855632109635,0.08629320748065178,0.14969364900545276,0.12795881488660624,0.052372435638827826,0.09952932451117742,0.19605120276662233,0.21486094859198607,0.06549680222900983,0.0,0.12868498317020202,0.14168033455714693,0.20617986036026884,0.0,0.0,0.08879122745620774,0.07019785214733457,0.1344603828377188,0.11425266979301632,0.1497130234593388,0.15061708842268695,0.19630179888421373,0.2861811636686517,0.23763179596975942,0.17531533186519627,0.12561047694777,0.17008048153943736,0.24030188707014663,0.15495230570566323,0.09661974926173086,0.07902288818791148,0.26878519235616655,0.18527547348903722,0.1345521359951094,0.1716626804892131,0.0,0.0892020176987999,0.10582468330501868,0.12257301406485688,0.0,0.13400226806046997,0.18954979530314217,0.1566137966875344,0.18584453918757982,0.1321342259429597,0.11409908052487597,0.1471016798860736,0.04504182034604073,0.18927016028335178,0.14117618850586436,0.09952757046508645,0.09849715975142578,0.09838138546747088,0.09803906341272293,0.096941932680025,0.2113089124215194,0.10112944230882172,0.16216456394186063,0.11330022496984438,0.22510484588473215,0.17476423710076233,0.1562428122325277,0.049022819289214835,0.1128456029379846,0.12590927626848175,0.1643547917056962,0.11717527943288111,0.06845265057300506,0.09367399380158976,0.22406863874897923,0.11712372519723349,0.07465402257051343,0.0,0.15578617469100256,0.17834931470326165,0.0,0.16199181194217746,0.09609476934358056,0.08885375716346043,0.04183048807408709,0.07754190504375812,0.42087733476294104,0.2540864692656487,0.0972515673705142,0.17371128534673322,0.2638450104714402,0.11030199006965427,0.0735131982189721,0.129775556374017,0.10150778032870907,0.08710219463324367,0.15516474617914058,0.058691175322713444,0.0,0.12449860650918086,0.16013985076757342,0.14122806488532624,0.114582748854373,0.19740752204240006,0.06568372347293935,0.1265737561161739,0.11114118315635313,0.11190004835724615,0.2760601762600168,0.17314254105044685,0.11749902698354249,0.12671011540080254,0.1156245065110112,0.2637136509884022,0.07213334922593503,0.10187404654984632,0.10757515440533619,0.09558893759237445,0.06740974366044514,0.06240150245410721,0.10601546872850509,0.07477723285650026,0.09412225864407987,0.1749383037811448,0.10350133053224138,0.14969667471534243,0.07884104763408104,0.09793242910079812,0.11959508639150196,0.08928986891087876,0.14146023287044995,0.0823420824092762,0.08826132939083761,0.09576982239520619,0.13833166580038464,0.11072497269248319,0.33870290154348476,0.24283659161213442,0.19722221016264876,0.14145563592783789,0.1418216334176762,0.07330643186096947,0.15099407102350879,0.023599877120902633,0.17279616994779104,0.10261077934322944,0.08542019852687657,0.0882946185823034,0.13435257997601,0.1511052222644276,0.08145191527148919,0.11548264009769087,0.13291594090378678,0.07867996923405979,0.14163001860362354,0.09507414565388635,0.0595926167310391,0.06563761955225086,0.12599101651360883,0.10709961467141967,0.1047560108713602,0.1739012472753018,0.10104092588022381,0.075202579989309,0.08913353768611632,0.3140831875906027,0.07963079911211396,0.12328739516198771,0.11693196063439865,0.1042021153329387,0.18519342638854727,0.049041328004178646,0.05099861728822239,0.04214454464605809,0.041141518732128415,0.05099861728822239
attention_zero_shot,ARHGAP28,0.3234621231311486,0.11997033141002421,0.2944989120802628,0.12864421574399817,0.16968290341060532,0.248108852302792,0.5166514969455117,0.1848924159923508,0.1868544865408604,0.15597822033198733,0.2631485809902545,0.1269653373506927,0.20175127338416696,0.1454020732259104,0.14549292467707162,0.14124120172059074,0.49103103524477004,0.26271109422013217,0.19670544802532394,0.2268729720579977,0.027256562007998104,0.12970297417717155,0.0,0.12498936853158134,0.23551191664579024,0.12226198310845776,0.0,0.0,0.3308579014311663,0.06427684298939366,0.10789110036168433,0.14419531052356035,0.16652752627257822,0.32393970163938135,0.2568142396253277,0.18224759104589572,0.1325762388119993,0.18819750211145186,0.09269756951983406,0.1949062168713851,0.2725352813720837,0.134781476684724,0.13064782675567432,0.10100773508190995,0.04847527077567609,0.21613474595868354,0.04861576608820222,0.1460336633547249,0.0,0.10282784786424562,0.16750261720179335,0.35283233005946174,0.0,0.2528422199922418,0.18061498353319816,0.07983010219742682,0.12580307719796952,0.3083758318068802,0.457382692273782,0.1366571565818727,0.06170545464367817,0.26742875777561576,0.340884967200641,0.14364961148911104,0.14911292446720575,0.12185125153022108,0.20458085120002073,0.13733870203956014,0.12614074451234594,0.07295313391785235,0.3073501319303229,0.08865582116450739,0.32656188525080154,0.23066806450901856,0.2278098852102063,0.08878134168046871,0.1908895421562344,0.06064088012737636,0.09438551849502803,0.26876203148949795,0.12570122122091335,0.1585374193141547,0.04522617486244841,0.1919124720741652,0.3331517638084396,0.0,0.28239357252922187,0.0733595488868638,0.0,0.23236217308257948,0.04121802135881549,0.03824070416935769,0.10123646498835973,0.14036780724183207,0.21725662057698567,0.07862370245603799,0.24731609697615134,0.19954547471031298,0.0290571846425405,0.19536679821936687,0.14884013901227297,0.4245994071924154,0.23350771110788596,0.15451629850765844,0.22549775050001994,0.0588205799057242,0.0,0.4203538781247061,0.21709321876394688,0.2142772942402284,0.5091048729798198,0.0860815513659369,0.1820756277722557,0.1822435345893099,0.13634072220298413,0.1673777268274818,0.1231411789541613,0.38822382258566596,0.3000426187865785,0.13975010187322162,0.13717473307746658,0.0791759220129517,0.10526718796488269,0.18934809321838073,0.1869642439414763,0.12796993676350704,0.08004974418355151,0.10049079802597706,0.45095983372112264,0.13782113632854792,0.16227611156169172,0.10454747870307426,0.27868811746766187,0.2255203458608346,0.09147340878841233,0.24174071157325008,0.6187043075843018,0.09585224645384588,0.11895779356022726,0.1026286367798413,0.16847403633147118,0.18274904539739015,0.20562089462856456,0.3556360287760003,0.2152875062291987,0.10140486966277938,0.11611379071695394,0.17622778174790427,0.2007701666493552,0.2531048003133402,0.08889639042924093,0.06169693251736273,0.25118734821067656,0.20532814714063907,0.180807570472287,0.16159300651263053,0.1711311914257857,0.17282168441378942,0.193312133400259,0.3379952928412549,0.12524836566685932,0.10528635915057526,0.2832296268814832,0.20511932892768805,0.07035680329579105,0.06715731839450978,0.10071262277721771,0.07998644430729285,0.22397216646090803,0.22124878277029875,0.1612746669956611,0.17934946580807706,0.21430702670873827,0.2032249426835098,0.1104332025010937,0.2388288230522313,0.24184643049968185,0.2842211153797371,0.1758219857777939,0.08132605176396615,0.12284013763175185,0.113444390908563,0.11022935772838077,0.12284013763175185
attention_zero_shot,PAX3,0.07778469730499964,0.16489220529437104,0.2238451940158089,0.12048848239445767,0.2008501418741416,0.17838129925339166,0.12123336856202692,0.40475068439965395,0.2153085187390621,0.2893064456572121,0.5523533385153043,0.1660762430390497,0.23674332383919802,0.2087002020525032,0.2601752749616242,0.15544181646753302,0.14595918718616827,0.06945740156800491,0.12285077367926052,0.21844525109688195,0.031490074426472586,0.3401758125163566,0.0,0.46192083948595536,0.23406883343575674,0.14761430535431364,0.0,0.0,0.11667919802940929,0.08377868285539146,0.2731202721867177,0.38717592619507657,0.3163879349668652,0.16282444501375473,0.22117382305575006,0.1801266065692576,0.15816470864962873,0.19393180132341872,0.16008320445257407,0.2547837358547366,0.268585510391195,0.24586079692482965,0.5142080260005429,0.12122302072866063,0.05086751622026412,0.4209899091227062,0.06412712947097843,0.08627506520605065,0.0,0.2149929763797284,0.2716974609529106,0.19780430766142687,0.0,0.16310137227498553,0.12412908101820991,0.13248726541248715,0.15425320887755012,0.1829414815275714,0.2219562848732517,0.14424088901768964,0.04352462835341975,0.14250477132383677,0.20516573796628215,0.11983445320708995,0.11674666124281467,0.13303997441315174,0.2123465409694248,0.11835366290367552,0.19608601973693185,0.14147479863897836,0.15496499532042465,0.3615134234143351,0.17558818427517314,0.3039186760530671,0.16282518088725725,0.04659582330579725,0.40688636607619866,0.06433171437081252,0.08211050942760909,0.1333516853554061,0.4495771478161189,0.4840008247552078,0.04637379023610474,0.24387460957997967,0.09056687211928895,0.0,0.19704197121001493,0.10799717669914626,0.0,0.18042433318136356,0.04447416960119661,0.3246426120142919,0.4478643076875874,0.11022900617979511,0.14645126030189415,0.19895078343249212,0.09710562510615578,0.2474705398798985,0.028424167165801813,0.12742766127159638,0.0997191135557082,0.2801437416544879,0.23032686767867133,0.17364551145530327,0.2636092844833058,0.06835822347842417,0.0,0.20560171710583253,0.157192519854826,0.2704776562151398,0.10201528910232296,0.2829309184986094,0.07645846850035887,0.20512597191722973,0.1222756633785903,0.1775785293768609,0.17754382344542283,0.14278634082800362,0.4126620282906366,0.5310793347500542,0.29328512594601686,0.08456451252545441,0.09652679205024697,0.15881541952649975,0.2040402147387713,0.5948591464332227,0.08979131339186285,0.45682772841338554,0.22624173277874324,0.43632467400686625,0.2088424460718284,0.1151384269715833,0.25485851312804136,0.2529383381151873,0.1103248107238446,0.2407631205306378,0.09888886323813163,0.18736515077657961,0.1846679605352665,0.09357160297558471,0.17412140162353257,0.5378132450828819,0.17204911841194356,0.2684093666732789,0.11726818310432732,0.12479253433292568,0.1238985854635614,0.3797979467726347,0.1445982767600487,0.17899225773686195,0.09946841889188124,0.198276649265921,0.1295913878192294,0.17552655142064238,0.11386014246647662,0.19267135433790922,0.1953017865367222,0.1696113209064618,0.15401533415650662,0.22902295512917795,0.12926013536467382,0.10667869541803437,0.451557996014327,0.26071752329203474,0.0771139767800386,0.1314198055052046,0.11112781098807253,0.10052181238676584,0.5312507276872969,0.1371079493885444,0.12667615458340595,0.40997977795780993,0.09906990990177586,0.11805127984930858,0.10767605010412792,0.15511991847594947,0.3365835513346212,0.18802927236855513,0.1874847610035139,0.4151385219897232,0.4230879958444046,0.41299755025589024,0.39386163770099064,0.4230879958444046
attention_zero_shot,GLI3,0.0998344164853777,0.13201052351369683,0.2445779022041976,0.11691523101585477,0.27094841773476086,0.3262757022789578,0.14214979454802926,0.3671992282701625,0.30095564035160977,0.3888272353665281,0.3999250477569461,0.1395432939413845,0.2209253169322718,0.17084794347477114,0.5831135718550734,0.12093980085229498,0.18216087653939642,0.06582713840571523,0.12729650661076264,0.23128601144649513,0.043606719509216574,0.2055248645862203,0.0,0.292528898409319,0.2882532047654556,0.1497209680630101,0.0,0.0,0.1208816715173255,0.054453362733755506,0.1900036858398276,0.27476815842586216,0.2589570011667829,0.2544134836876529,0.2628722388135808,0.21162624191016285,0.12246653546995961,0.2907860496607839,0.0852323880771189,0.34103005978306933,0.2670132000452178,0.20638929406648496,0.300941372573926,0.08141324113892202,0.044324618032363636,0.32534492149520283,0.07609263073100653,0.08038628553183322,0.0,0.10674855877262733,0.5167376251487238,0.2989063126897654,0.0,0.38544545466617963,0.13224640204926458,0.12772280408973957,0.1422390292625719,0.23469268697679302,0.21849718906815147,0.1332377094964322,0.033740828301578416,0.14977243537291363,0.28154287509877274,0.10975682729236874,0.12092604193107397,0.14368910595335424,0.2928621200821418,0.10810546607260177,0.2059856793205807,0.11998768916657397,0.13254193540829312,0.1792034795439962,0.2065488606485812,0.2255626622226352,0.19256918541264667,0.05528717333396234,0.3967198872882563,0.050463548648534765,0.059215755786702545,0.26265174672777974,0.17448315864388741,0.410943318777178,0.042005429044451356,0.16508375607936954,0.14375725004586817,0.0,0.40716868477994367,0.09639521840650696,0.0,0.28315198104478967,0.03836228522022787,0.18205354893373368,0.15323597512415887,0.08982789192225524,0.14507343544386397,0.0868441167214195,0.09382623436529448,0.2336393162571835,0.034405172269858744,0.09814833786740569,0.08814155077200729,0.26982437551238947,0.14341857076653927,0.13946422444958054,0.21073052981045107,0.0602560083465662,0.0,0.14770534679204195,0.17996558256201695,0.2504844234101755,0.1550686046686276,0.1878679653999496,0.08787261873694015,0.26509551052750435,0.10742735871707622,0.13494986297915462,0.10905123714473,0.16615951432052609,0.25162279563313994,0.25451408184132046,0.47784485228228446,0.0636730515919156,0.06258533140579695,0.16779602695419513,0.23777194028429455,0.3118540230075965,0.057814078636626104,0.3178402813569982,0.2365561774490871,0.20749609384048076,0.156112117229924,0.09972961260761043,0.3496695548318844,0.24621293180470658,0.07035063730058373,0.3053535150948724,0.12791417281333928,0.12115472329405537,0.21041309086757115,0.07104609544221256,0.14202951357833216,0.4486382745849645,0.27111836510744103,0.22321735730102207,0.13911352865137144,0.10934733294822707,0.08195127281119302,0.38963334653122295,0.12717419432339716,0.189928333401524,0.07341062766418237,0.07574093015384481,0.1938593867111023,0.19176251516473,0.09584750819512795,0.12102205318065018,0.2021585039851348,0.15393808891746777,0.19796784739699308,0.15180215812383221,0.09692477176204324,0.0650306225394598,0.25348751259213115,0.301378418569816,0.052419001860843424,0.11382809078019546,0.07896537115375535,0.07661778650761901,0.2487445897301854,0.16425618494092586,0.1691357596977969,0.17812849180794746,0.12719930919601555,0.1681967526517072,0.09253729272793575,0.13054945107885282,0.5010448117672581,0.3246373901926519,0.22181718673016862,0.20695789240973897,0.1514887809340941,0.1721307186960823,0.16306030730445467,0.1514887809340941
attention_zero_shot,PLAC8,0.15260861938002201,0.15507871228179973,0.310136926516307,0.18770542380342886,0.16804013713523644,0.2998380543521506,0.1793424765353615,0.31321812330944787,0.3049476892187623,0.2539700200153245,0.28705910365626086,0.16017870519644095,0.23560972663978333,0.14413086284143908,0.28471337352205717,0.11758651985950432,0.3039290236241507,0.12155561207374317,0.16410186301107918,0.26738137447358357,0.14123783372790555,0.2990697851105589,0.0,0.4976370052323226,0.37509602403171904,0.2168086143151644,0.0,0.0,0.1803068929058764,0.07692635787672408,0.15838643070192335,0.1761922947219468,0.306497281214094,0.19028325639785268,0.25846695269643755,0.24747714807037693,0.14863121879097818,0.2206752448195747,0.15324122299642187,0.3254893407300136,0.25072164366076566,0.13364421119851175,0.3855130636304276,0.10109817700674809,0.08677412091457753,0.2971547598502848,0.11379417360611148,0.14592906805749756,0.0,0.19083720511503532,0.25432287244296764,0.3944139598610554,0.0,0.2307808916887129,0.1708018063506416,0.10386465563376568,0.19433734937246966,0.292982379658795,0.25745838368958374,0.10686711936751928,0.04247032997978651,0.17635163399736536,0.27011673686119453,0.18452028522437772,0.1766951117224014,0.15605645646565305,0.23643153557690744,0.1780695900114069,0.15312964323069622,0.09336921512481336,0.19436400943362908,0.09998952665541229,0.24598850249965346,0.3483063455046156,0.2314970016881648,0.11853221070057485,0.2669554978961858,0.0705759594484086,0.1460416531307266,0.19575967522225984,0.2964311263858938,0.4352914701994645,0.07904877438360094,0.25902368890208977,0.23629104197708323,0.0,0.2427703360533366,0.27274842226318086,0.0,0.21800970884153031,0.057869417232615426,0.06541841136309551,0.3242815757216499,0.1214341416159639,0.19655069975520323,0.14535922352130143,0.18869927782070764,0.21758028087074344,0.07033874845686966,0.1714020706942793,0.1064343471519451,0.21868500251554907,0.1811894785529926,0.18744820793565262,0.32037864395291904,0.06346564583733946,0.0,0.18446352367058225,0.19866517209811552,0.32320149298611495,0.19849584314831858,0.10779381194472838,0.15659487963147103,0.17981372871234802,0.22451977745294627,0.34722786170066333,0.1335178938864344,0.2548585097648141,0.41907409722657585,0.3512286392471413,0.1586363716771315,0.09787560607873054,0.08476820256358726,0.2829893300400532,0.25286269176230686,0.4097616385899709,0.07960506761678426,0.23646525957897296,0.30584218954777664,0.2877699044395774,0.1627798241640218,0.13279262063114547,0.2819796018292716,0.23967691290007465,0.09217833313638482,0.16208211470020956,0.17309076841450993,0.13392078879832617,0.1695116878221516,0.08702133864467629,0.20604672775332294,0.4850810705059364,0.2451586459173961,0.24538512946573993,0.19538150596264395,0.13024053623021004,0.13167631024630777,0.3909501039702948,0.3440846833641184,0.260445491198507,0.10518606143266314,0.16693924763294485,0.19586278817129663,0.18334504042888694,0.11359934238093056,0.13363302597815221,0.23585861810562936,0.22732803516765715,0.21901648300348675,0.17473758293319955,0.17375933586456344,0.09262227476589349,0.40120133864187774,0.36327876407394577,0.06962014543047895,0.06822491548584259,0.11092643544686466,0.17699456310435083,0.475806207459606,0.24877904688048869,0.17210463712314336,0.2564591575756836,0.18282749180756516,0.19402289986356322,0.1128005473077943,0.22013407821782294,0.2454337642816298,0.2501494643322862,0.21135138492811598,0.33894902305696895,0.23843738820926216,0.2514318812610869,0.24851957015558163,0.23843738820926216
attention_zero_shot,CD163,0.11625550801195911,0.09652868823554413,0.1519261220508148,0.21020442512349855,0.13745883876536802,0.215816307589011,0.28003099720850155,0.19266531806495624,0.1146575720685827,0.12843128519034583,0.10594543460948011,0.08521642059443717,0.14530794521866439,0.2668778304087147,0.061753163542864496,0.2873960218713037,0.1051110822868181,0.03262675664893362,0.32844903251147045,0.06993765212100507,0.03401033036254657,0.07608244989985218,0.0,0.08910412379175828,0.13693924642682478,0.2864794338134761,0.0,0.0,0.058154639206573135,0.25480270841938407,0.22540955916542935,0.11583969737860521,0.10116595430743537,0.14434458717615734,0.16229971301530477,0.1445724433609862,0.15078309116883956,0.13723786999372636,0.029709112126756813,0.09088134162327773,0.09960258057313318,0.1646194852624992,0.07028148733552247,0.1716285047615944,0.06801935289727166,0.08075363751850838,0.06083534738723181,0.09995502141989819,0.0,0.12003756937229311,0.09576587788548611,0.10463028142009038,0.0,0.11489676245186987,0.25079054029134346,0.11107677622632194,0.1519996920439805,0.14017385886481654,0.1413911554815658,0.11375916137688794,0.06644084279285378,0.15905358305348566,0.17055695227288076,0.17966254985715352,0.16370828680879795,0.12433462473860384,0.13177557476809132,0.16307213463299033,0.12429770157962462,0.13047178486381517,0.18196364122540176,0.22738368113680202,0.11699409285375327,0.1234486576866245,0.1527168546550912,0.02974579255938663,0.18291547955970314,0.09893259867224105,0.5898514989228477,0.11241058015991208,0.11873743947232962,0.06966565430394692,0.060989126452767384,0.19567089775339286,0.04009003297271515,0.0,0.1180597760704066,0.05468976760498789,0.0,0.12933954237745254,0.053200596207456506,0.06071352038902038,0.023530939665095323,0.25915426764555494,0.1577725255461856,0.13375951340101802,0.07571435010590435,0.08528975100350243,0.04064738616454838,0.26019227331319655,0.10747656905077373,0.09923937956114591,0.14895493274118105,0.39018340596574164,0.13642703743304238,0.28553531722740577,0.0,0.13850471242185475,0.0718826503758637,0.1396587058236088,0.09161891983804475,0.14361440791663607,0.04115473536571786,0.14745647348252783,0.2189263384047343,0.14200854132334897,0.1786994137720744,0.11017921923099501,0.09316594826702308,0.12696391568852072,0.14782515591243925,0.13115106714663213,0.13717163814285938,0.20177163522624728,0.24283835329541034,0.08031329982972679,0.16654441822744498,0.06407420642407755,0.08292364180748528,0.11415297578051282,0.21599650102441745,0.37065850015070306,0.10029873760473888,0.21926361824782295,0.47111173580206256,0.13673803231323112,0.12549759596119586,0.4316154332557953,0.2261616707471979,0.29090091863111717,0.22168481124397468,0.06166970480715786,0.12439016489718219,0.20986782150738237,0.11247104652345936,0.11004362587960895,0.14117521884428122,0.12071842456976262,0.5447467306729843,0.05883517055352502,0.3072955088562975,0.013152489880686437,0.14701539275934764,0.2160185916979344,0.35167945049615074,0.23274903519448595,0.168677919795325,0.3027478041195344,0.14636543928980023,0.11063223078411195,0.3290586053224977,0.1426154679241462,0.2656751306463772,0.12606531679323776,0.3173456569734901,0.19054833331119198,0.27200183110800424,0.17655768574413377,0.10579756681124924,0.12384323308590052,0.26272939466599055,0.04570192380347754,0.1558223317490546,0.10316678807112713,0.23118249547745215,0.11177613973853973,0.08773530759999398,0.09526258097717528,0.11463680375906989,0.07868863258338746,0.029812817076843367,0.022398783453212095,0.022044219100810867,0.029812817076843367
attention_zero_shot,RHOJ,0.21387726574992177,0.15542537072441032,0.30286509292153385,0.1499670954649342,0.28619585694036465,0.4084223986155655,0.49597233254282747,0.2762220260049865,0.24636381524029624,0.2215798433765306,0.23718935095047267,0.14761221817182063,0.25094678292937544,0.35958789256737095,0.22541179801470637,0.22020777795895277,0.30934970291206493,0.08327407182131052,0.2634357868591632,0.2339972880966223,0.03992422184367194,0.14653380508261513,0.0,0.1848060211909669,0.24330311293740606,0.15915923615237626,0.0,0.0,0.13935798962182083,0.13135129122041925,0.20958828212126057,0.21457714505123662,0.16974740734372268,0.3069168406369213,0.3583138769765959,0.1994843954031363,0.18104917838615583,0.3352604970379763,0.0883810574613968,0.21138689458696117,0.26035175923832193,0.22737017913258473,0.18830558085735313,0.1799614300555465,0.06059387970358983,0.1821026178204277,0.08427448960025617,0.3914588951084252,0.0,0.17813034353161303,0.26866554879127247,0.35523539309291924,0.0,0.2972307641621693,0.3344722676208752,0.12554054347197208,0.18162839646473036,0.3840250148412455,0.36385403573584857,0.18411729520545203,0.09335172149432172,0.35661030625208984,0.40269210669599553,0.1463409909830991,0.16167378516712108,0.14063893596364185,0.2356370949973868,0.14276975567288763,0.1827524188728318,0.10671000200092218,0.2688614252035118,0.1756544623334509,0.25022995741844684,0.2784166480964936,0.3037598360157697,0.15216453858461793,0.29346796038101414,0.08451412126443164,0.1012425659992497,0.2927282065872017,0.19609928158979664,0.2103977035438838,0.05723726061725576,0.19872742659583467,0.1727816084109689,0.0,0.3181390863378099,0.06791843825107113,0.0,0.2925535864047273,0.05447299887046264,0.05552120859074137,0.0717025703736585,0.202942985830264,0.2333938290313742,0.12683050889146855,0.150144787187914,0.22703285251741506,0.038485453006340785,0.3617111396663665,0.1994061651879238,0.2702029348628118,0.5066215107156102,0.29082079355359014,0.20947758554097748,0.1331972303602883,0.0,0.3275473832712798,0.16729937813755827,0.19939786734636863,0.25407506211846426,0.3224484772841002,0.1066848925925648,0.2771291543570487,0.2077663004209548,0.14063471461864357,0.1735217278450624,0.3782625041958002,0.22309824271712111,0.20588859480390367,0.2920956381107424,0.1071720825336615,0.1955620914169669,0.29658337859164113,0.2971103321308877,0.15779908510115306,0.13271017841014987,0.17444811346984665,0.35651459016852094,0.2051125635759322,0.2711612284114541,0.23745440209845362,0.30674977334034537,0.3011704206381572,0.22250845441278042,0.33516783650227266,0.2545526758476633,0.2605812966382233,0.23141738548708535,0.20640358364265493,0.24722519564712747,0.22231803446798332,0.24250430083040736,0.37865814408744425,0.16233945130061242,0.15836647805691997,0.20294424740488642,0.21495862104388347,0.38047256397536233,0.19349980935012154,0.19132444711302182,0.041662958909001326,0.2701630430774372,0.24158280921095968,0.22704710500744962,0.2349901223163807,0.21790706007098945,0.26973908885932624,0.23399049761649873,0.2935593159839678,0.20180632514010602,0.18548890022574746,0.2240090436441513,0.20863046552951256,0.15275813701924335,0.11865391377952186,0.2169751407934641,0.1088650841101311,0.20851524322799714,0.378839757166154,0.26918067195128526,0.12594136219875782,0.20947891999615018,0.2004920418955173,0.23095657913340992,0.2235917949494289,0.29560520044241206,0.3050967615204173,0.23064711660216755,0.1009596346052272,0.0828509215032362,0.07263234708397777,0.0695105451699463,0.0828509215032362
attention_zero_shot,CPED1,0.0,0.0,0.0,0.0,0.0,0.0,0.0,0.0,0.0,0.0,0.0,0.0,0.0,0.0,0.0,0.0,0.0,0.0,0.0,0.0,0.0,0.0,0.0,0.0,0.0,0.0,0.0,0.0,0.0,0.0,0.0,0.0,0.0,0.0,0.0,0.0,0.0,0.0,0.0,0.0,0.0,0.0,0.0,0.0,0.0,0.0,0.0,0.0,0.0,0.0,0.0,0.0,0.0,0.0,0.0,0.0,0.0,0.0,0.0,0.0,0.0,0.0,0.0,0.0,0.0,0.0,0.0,0.0,0.0,0.0,0.0,0.0,0.0,0.0,0.0,0.0,0.0,0.0,0.0,0.0,0.0,0.0,0.0,0.0,0.0,0.0,0.0,0.0,0.0,0.0,0.0,0.0,0.0,0.0,0.0,0.0,0.0,0.0,0.0,0.0,0.0,0.0,0.0,0.0,0.0,0.0,0.0,0.0,0.0,0.0,0.0,0.0,0.0,0.0,0.0,0.0,0.0,0.0,0.0,0.0,0.0,0.0,0.0,0.0,0.0,0.0,0.0,0.0,0.0,0.0,0.0,0.0,0.0,0.0,0.0,0.0,0.0,0.0,0.0,0.0,0.0,0.0,0.0,0.0,0.0,0.0,0.0,0.0,0.0,0.0,0.0,0.0,0.0,0.0,0.0,0.0,0.0,0.0,0.0,0.0,0.0,0.0,0.0,0.0,0.0,0.0,0.0,0.0,0.0,0.0,0.0,0.0,0.0,0.0,0.0,0.0,0.0,0.0,0.0,0.0,0.0,0.0,0.0,0.0
attention_zero_shot,THSD7B,0.10709298406125102,0.08572213133678666,0.1775953978815126,0.1066168820954757,0.09611523262261788,0.11001280214784792,0.14464382142427393,0.17409718118533804,0.09231474767681858,0.12148927077810714,0.09028705030419577,0.07791185722680945,0.13749456112292932,0.2132285454568067,0.04927573484190945,0.16365494755368257,0.0674252697722958,0.029093130334879983,0.11028955355754286,0.05928798290785283,0.03188153472553974,0.05936493643661939,0.0,0.0658896258569671,0.06678722087016528,0.11529517851744549,0.0,0.0,0.0449734322536136,0.08797463806159109,0.19912334771944762,0.16527754032880326,0.08500592608085092,0.0858359285008138,0.1294109378566492,0.13157290489123977,0.14153318369267415,0.11849773968899519,0.02558747058122847,0.09090017490331871,0.08281931397687797,0.11608964801151407,0.055407015260799705,0.16411599112233077,0.07273505736439005,0.07549446292937449,0.05306919457241671,0.32955791530760514,0.0,0.21322352790035745,0.0742888535112885,0.08488306784899191,0.0,0.07810476431721719,0.18673681267668452,0.10337537075966002,0.09667907627802386,0.10133171722326147,0.10116667447975733,0.1002609664322269,0.21498798339523703,0.24891289265281683,0.13271170226657694,0.10724984113422249,0.09867233466646914,0.08877094313328246,0.09675251114326809,0.10475667430682085,0.126437011165876,0.10691163488767216,0.15799727787879977,0.21648044870680908,0.06993459924477745,0.13532080306459968,0.08504337036755859,0.026125021077888336,0.16362198549589196,0.12065511959467425,0.0897832168939472,0.0945041019742827,0.22182770735865334,0.09016742281137227,0.06454583940736758,0.0849773116718022,0.03342333746268262,0.0,0.1028354587241275,0.05592926906702408,0.0,0.16782747419032112,0.05314830874487137,0.04773457706946244,0.019348557266462833,0.12139555757930041,0.10802288603747785,0.1365891715814017,0.06685382255010774,0.0661762154778999,0.05152931046372278,0.3256627816583992,0.25952490053672095,0.08488627014367504,0.464269585411267,0.14394317006529755,0.1113203590217422,0.08908211001003845,0.0,0.10354735168439103,0.03974233028932671,0.0726610144554758,0.06557201058016739,0.4577469339564004,0.035435821237701615,0.15509142982218863,0.11317775546868394,0.04078146130989525,0.16572772140988126,0.09575758294960071,0.07898685876182344,0.16190570069199556,0.12529076345412293,0.1529169708634765,0.35283114704865265,0.12815660848711494,0.20222975348915215,0.05371012574637054,0.22218364867210552,0.09743667483231375,0.061158327436355873,0.20960396953376553,0.0713180690902768,0.11163779522609368,0.0816065183726882,0.27013253473178817,0.16676231550979495,0.1269624775359024,0.10042265140063726,0.11062791423607017,0.10191042838804172,0.08750276773517088,0.08215911859250641,0.08305178745649622,0.0946352705572736,0.24989840660245125,0.10439144384998746,0.12867659038516469,0.22121032205119068,0.07261596936652204,0.1692653112707922,0.040388572096018156,0.13820440136697718,0.012006541848673969,0.0893411984860147,0.07412152572365904,0.13445271256089228,0.09026125581305801,0.08198138836594784,0.14000060427190414,0.06869212416862308,0.0812352486723551,0.13886061735357264,0.248779996259571,0.10925901217277291,0.05043772230785109,0.2168021680216802,0.11198596780625272,0.11687005929727041,0.1421703212182932,0.094830311078877,0.17076029384093216,0.09663186045077443,0.03665782565464689,0.08532872317440511,0.07686127586993832,0.20959119604331555,0.10343061985222783,0.07405582773655554,0.07749197422122418,0.11282640143514742,0.09372928626998657,0.025282513597160564,0.01854139220071801,0.017736460537165915,0.025282513597160564
attention_zero_shot,SLCO1C1,0.09110340277752192,0.13863623212128345,0.17029333869458438,0.12116081841479379,0.22330243055924648,0.20442785342410202,0.342091980233501,0.15648456878283173,0.18057775065191262,0.16684441078581727,0.1470081285367972,0.11885002038749996,0.2287504666461109,0.3121507807233407,0.13627068338286172,0.3745070367013652,0.16536674693070577,0.06731513570851548,0.5248932788256585,0.16872411171552593,0.03346978709826044,0.09227139906219842,0.0,0.1634952710940947,0.16386560077192744,0.13530846869262292,0.0,0.0,0.10496727288315649,0.4538756617822608,0.20148858933275696,0.12358252889012437,0.15770120255053505,0.1589885072580207,0.24774205454380702,0.1604437045739149,0.20156791692764464,0.19616450947245243,0.08996079251635494,0.1745440648439268,0.1761254555960687,0.22052230094983202,0.12635516806017547,0.24078219818198324,0.05337613552543211,0.1499174808935894,0.07302252883817542,0.13126924132453566,0.0,0.18202247588805504,0.16201244787268157,0.186296441206853,0.0,0.16414736774952537,0.30986564739635725,0.10996279758420084,0.16858928725661956,0.19554594676779372,0.15421899461273944,0.12227445421732792,0.0534286380169222,0.1843781662997691,0.27736556661969813,0.14443617374148668,0.13850174546413827,0.13993051421283811,0.1406545181532991,0.14221915365057902,0.16781546511567125,0.15290809976635059,0.22707723057863596,0.1913036050665305,0.12744724076837963,0.1807572657244364,0.2165911747657021,0.04121391856816351,0.24817241538076126,0.07806713969063707,0.09314025358588107,0.13913141655139347,0.14733503200912715,0.17000360373440823,0.05058638550950317,0.29571177001924476,0.0979355972890902,0.0,0.21794759088393265,0.054666147120449496,0.0,0.17948810348509384,0.047464202842207134,0.07057936070251998,0.06008790039024685,0.3173574515953457,0.2026468077889523,0.11844177051161471,0.10362363180215371,0.14636417630051268,0.032973787361979215,0.38087812561161194,0.12188572196188366,0.17168544802765232,0.14662741812955912,0.4651998717117241,0.14396225025375411,0.3831946253131519,0.0,0.15201825954932327,0.1978117998588735,0.16162139034431944,0.1174257994776974,0.12793502380620503,0.07258345475135994,0.19399715917206545,0.33935713962961006,0.13890827045255646,0.16518038049386582,0.1935525726472078,0.18436474077303175,0.17673915194119988,0.20114248300523394,0.10306782089703416,0.11980662040835126,0.34757890492700516,0.33816733261148835,0.15878052194583878,0.12534251668301397,0.10829020469318223,0.1929952896559787,0.14096738767963177,0.32862046931577155,0.5644798851365862,0.17489396050756228,0.18221244861752003,0.6423763401902798,0.23653696894803922,0.1108450520277915,0.6890608079631952,0.36053710130613814,0.45754828474832465,0.48533127180553737,0.1736775404375778,0.18802925543683974,0.23152322973509176,0.12428576363717218,0.13548428965502843,0.1293149191510645,0.17354438324562724,0.339107021639645,0.14012305044880574,0.38065176070854906,0.03859549787921352,0.17257690301230827,0.334519845449263,0.555935291056002,0.36826380479971826,0.25725279807731477,0.4341451228226804,0.2890591624523542,0.16012171457802404,0.347109281477923,0.1244113659212519,0.16956099041345038,0.1818214185960068,0.4670416618826596,0.2611770530850185,0.44379274691365883,0.11092765741218412,0.1607035252583535,0.1556250182547757,0.3694505670710442,0.10562761045378127,0.2400911383249836,0.1308880362819528,0.3968816047118832,0.17853527546583375,0.15346887078147023,0.12459506006968266,0.20529820687594946,0.08972023852126856,0.06471339091923704,0.060789387711170054,0.054241078971022816,0.06471339091923704
attention_zero_shot,CA12,0.05356795471980962,0.04820306481273495,0.07886485769771895,0.08288687442119874,0.0626211816558621,0.06540460016693929,0.05959414772396091,0.08427431181970241,0.07944416615163434,0.08423766642949375,0.06782852134025083,0.07266876383715003,0.06748027573194611,0.07937862993297565,0.041466579313546574,0.08951374701900108,0.06561857117593409,0.03139200596221022,0.07095082168857861,0.06995445890407562,0.017504931027759754,0.04178735947785708,0.0,0.05117632040446999,0.06951744369953958,0.06791701079443097,0.0,0.0,0.055363444149166406,0.354060343299358,0.10463615555457102,0.08045651530960812,0.06204489917652371,0.0745087753548005,0.07793986343026907,0.08617430443082201,0.08488491126156006,0.0634018058725672,0.021502335971780966,0.044809510461591005,0.04850000633781973,0.07175718336588958,0.08896239874562883,0.10797337368049383,0.036503977756827684,0.07235889734713516,0.029677878185297137,0.07465543844048296,0.0,0.06706421971648317,0.04841886833324996,0.05643732483753541,0.0,0.05404500052222346,0.05602427051575551,0.053060229234863414,0.06505157990383204,0.06919660513083373,0.060402106683146474,0.060409606759484764,0.04053786571493026,0.07341853566848287,0.05741109738640583,0.0994279226870731,0.09159954338996382,0.07695905784690313,0.06421324664868686,0.09693769563857324,0.059937581959350505,0.04426009997504775,0.08814199038819971,0.10803070608250068,0.055081155726686856,0.05979744355866881,0.06003958984566112,0.02846811828767959,0.07962863701940145,0.06015315497926307,0.08610779184782136,0.061156693951494916,0.07282686369188292,0.04795297659422586,0.032746482961791494,0.09362756226305317,0.03764220123203182,0.0,0.057731473317086335,0.02816915391789783,0.0,0.05596426772573424,0.027378921232370314,0.04851518150460658,0.021977141637823848,0.10523143767347506,0.06499876044001218,0.07697251218043367,0.07496865688227605,0.04382603949876106,0.024809862848338516,0.06557341130046658,0.05903424795730618,0.05854189791058953,0.08198846868459396,0.06772196421606892,0.10078807112482603,0.06561909314554482,0.0,0.06456669273254641,0.03726065583131578,0.0585702289748584,0.04868601784520846,0.08888788131471294,0.03914951813735966,0.06263967450195924,0.07987914924471927,0.04890148356347847,0.1397017406734248,0.07734738045679697,0.05785779969095292,0.06997882435487526,0.05634523309643449,0.07694327552500094,0.07871668881131566,0.06184427887273547,0.07017797505891195,0.13659899871655298,0.17512584910694587,0.033562883740452604,0.04463125470343316,0.0634229030631171,0.052864637777400844,0.07895356843492958,0.051225407021539514,0.09155546180365264,0.09270338091634592,0.03906312615721421,0.06050587410911109,0.08062319715391088,0.10611936465652888,0.1002859862523193,0.05701938770065862,0.04535161673362618,0.05338836211958837,0.08342332899693056,0.06465378172809783,0.19569255967091534,0.07071469131864491,0.058787723899540935,0.09218314749706683,0.03418664236589848,0.060487847003579155,0.012758112086014585,0.08996457762980363,0.04699709233735661,0.07984235922089082,0.05396785059411107,0.05193206551151426,0.07812507345374496,0.04219906947713094,0.05764548268707866,0.07762113832993034,0.09783598797650025,0.08188510873090307,0.046952772510951216,0.08562386838941176,0.0484404346570994,0.11159834786111286,0.09136838442563044,0.069669475266066,0.05487439504012378,0.06859847151932527,0.04231210278864072,0.05046839930385157,0.05200915405302764,0.05983646482025915,0.07136819329231062,0.06400227701281717,0.045115381900346044,0.05076185942664171,0.03327979634531221,0.028197064804195968,0.020909343832581473,0.020382114684937936,0.028197064804195968
attention_zero_shot,PRDM6,0.1219808033873253,0.26646774950943625,0.32478675939849067,0.17486432254675705,0.19219292011823,0.22599022566008642,0.20358965954537278,0.5800897902679778,0.21219484118795498,0.40712980685457345,0.36442747821228916,0.20750965906965146,0.19790661691912312,0.2245520583530682,0.26738872860433227,0.19928783283847543,0.20523289708146555,0.07530079884680205,0.16209539893761157,0.22287900282289613,0.052990138252412236,0.24808661705257515,0.0,0.34494164685004924,0.25195760481653073,0.22851301355333575,0.0,0.0,0.170513305278591,0.08955328355385692,0.23459504127468844,0.2829961382130464,0.3956704950015201,0.16302597766757868,0.34287141914812846,0.26939252420279286,0.25305180066752364,0.2886195082748521,0.15440361441632489,0.26452469146731494,0.31717526313681643,0.18697051286342892,0.35308917221814645,0.16161749483794627,0.0883477527834042,0.41755150956860493,0.11313316178686382,0.15676676071839557,0.0,0.3955901532984049,0.236292383021684,0.2841752110497045,0.0,0.20124380459696964,0.23193500009957008,0.1945028543154269,0.1998897011523447,0.2877121741001349,0.2061499680389577,0.13934268903803612,0.1827874232056968,0.4366854870790044,0.26338831354890935,0.13805085158356428,0.13358168135548137,0.13285181061863477,0.21715646965767646,0.1351746594341938,0.2239781394565989,0.15565491939060883,0.21900111268487393,0.2333825159700954,0.26771118076193257,0.4374116822992728,0.2196257413786144,0.0895592615302125,0.3593422368025038,0.10971319894797421,0.10727176525764369,0.20135544569486918,0.5704804173428802,0.5418773377051259,0.0801300734482074,0.2499521095370234,0.19863170367667143,0.0,0.256048018649757,0.18784241028653353,0.0,0.304685117434807,0.07617139560696407,0.13785145359198428,0.3160542377592434,0.13980587913218429,0.21658232878328024,0.1416937712281081,0.12375430774991644,0.2263678539076439,0.047319727618136895,0.26571359983519516,0.27185486857539964,0.2520649487356348,0.26437196708206884,0.23547835478777365,0.3398016059360805,0.08034988944578121,0.0,0.15476876103373274,0.18298819992174176,0.3233675671866519,0.17705535357028696,0.22633882516451825,0.1460850796546955,0.26877556674360664,0.1694227804245278,0.2188274852614408,0.27165036002727516,0.23449020113441055,0.42802566658332897,0.7338624557854775,0.2638012735168424,0.15306667664231557,0.26900722276780653,0.23066365355775678,0.28988676736645186,0.4479836583551539,0.13759222671513455,0.5586558459833906,0.23051986243576666,0.7896172360774407,0.16957280918404097,0.13389043239417503,0.23651447460559044,0.6185797097106969,0.14972082048378416,0.28254847993238963,0.1553874457279394,0.17249694633507684,0.20340354765662422,0.10006142736920334,0.21868650069656445,0.5661029421193418,0.2535834621555033,0.45416564567584317,0.20162043540406488,0.15025671444836788,0.2602116032919148,0.31457930085817887,0.21913744720517245,0.19661037135015638,0.17006977515046331,0.14339564572246766,0.16475519044148207,0.241348482816052,0.1593587815889472,0.15719419238819582,0.2715595527270099,0.23134046300463182,0.2130606220151736,0.14532694553326084,0.1997114845032598,0.24946082136743183,0.35590315398310113,0.23505240604614844,0.1221623755446576,0.13272680635052247,0.1333135966896081,0.11656463260015709,0.3921709023153549,0.22589213364746247,0.14596293797108037,0.45768624740430536,0.14237229947726437,0.194076536754426,0.24101602655115842,0.2727649910921498,0.2633069478019569,0.27515037839496176,0.2226198627932209,0.3198722567604165,0.3400645250063397,0.5183480538062831,0.4652284625534447,0.3400645250063397
attention_zero_shot,KYNU,0.0616608430325324,0.5592127420973024,0.18087476515401915,0.2536628538329071,0.09921245860937769,0.13676530225440373,0.0951242751357277,0.15941808637876084,0.11742486068674647,0.1674560744647344,0.08991325423264565,0.3937863537662189,0.11246432786558319,0.13957152858239352,0.0710749847646286,0.13583253172667323,0.0834596951036061,0.019732437305872843,0.1384210930289463,0.1044613283568507,0.09988088192678,0.08303088893163445,0.0,0.11179921655380932,0.2324878124186305,0.20538404761390744,0.0,0.0,0.03546868812923421,0.07209303077154938,0.14070906904480443,0.10175692426353097,0.16196093627650412,0.11517685075482766,0.1282923179981743,0.19865609183257546,0.2459679976548204,0.22848739657109907,0.06396542976052101,0.09625174832271427,0.19753885383077024,0.2006545783913697,0.047640785225494336,0.11948600117049403,0.1044914875834971,0.12682110844887645,0.3166555007284095,0.06751905441963053,0.0,0.08778307734677197,0.09625622256742873,0.09286754313249644,0.0,0.15479120398285212,0.11659855203492661,0.18147240654682967,0.2853476197492692,0.11824823119541354,0.11544617030825766,0.1135917993508407,0.049253852820036685,0.16814122263112402,0.09767668626227953,0.10521502974118034,0.10341037943389644,0.09519996841434855,0.10510259329818632,0.09566351121324185,0.21530680540973313,0.15843609419625496,0.11601491218364753,0.1090795661287009,0.12523163552053135,0.1380117361710708,0.16922228273432166,0.018272005497139216,0.15747114075148447,0.10873853203137138,0.16109847764522967,0.1982362066980214,0.08470390795781808,0.0755537524720719,0.11023564540892293,0.1039825047274569,0.03060245818667605,0.0,0.12356994237594333,0.13323834010041039,0.0,0.13548504209198017,0.3886679144681493,0.03438872020069258,0.01622023030280322,0.11138418366253788,0.1045775164496401,0.12756858905308072,0.03663153578490052,0.12021454131767767,0.09184241943253758,0.0860194959939096,0.08646832562790531,0.08626785318478311,0.09898078501825952,0.10030113926960774,0.13584070910451815,0.06455571740277233,0.0,0.09299912903767323,0.08896872680158367,0.2269535784714787,0.14243060363769078,0.15317700273129975,0.02429761759316578,0.13114431938742876,0.13698333865134985,0.04808315446838349,0.2900973086320621,0.09538620960521542,0.12927749544808986,0.14849777967727565,0.12521101276138946,0.16385018847127553,0.09118414317706294,0.0784712625766934,0.1313173824758163,0.052372752655278486,0.08982314283003018,0.06705319366009473,0.07208884324750262,0.0956496215087268,0.07612533206668179,0.10392334342460016,0.10044526990381704,0.1816930649394732,0.10933236137423501,0.07003414539985428,0.07076740504173222,0.09651045153869217,0.16441625574242152,0.09557444864384414,0.08035726514884456,0.06667274638175322,0.1726906349278119,0.14589446617486398,0.17055452872716767,0.14456902256620743,0.21405462506552883,0.18549880472744038,0.16624658151303517,0.0665498409568354,0.16242786271888024,0.009463791758088955,0.13707313731526094,0.0777339282038648,0.09007175927246694,0.08589259413495362,0.10921062190211965,0.101893677860454,0.07260225368587535,0.08496238666499213,0.1815360064857616,0.09985069385491045,0.10760359252908179,0.11148371458260077,0.08277056913209599,0.07194370928552715,0.10520928748883626,0.10192350555541975,0.0834397579165874,0.09121516656953757,0.13353904770241415,0.027805771857810614,0.07249039058064524,0.1517892334028816,0.11834481476209571,0.13568410622147545,0.11175452570895075,0.0961481214712647,0.09906796933789568,0.06090411078330299,0.01921622272269499,0.016590985625427022,0.016160650046033745,0.01921622272269499
attention_zero_shot,CENPF,0.1061820163238198,0.18124585791472064,0.23329387359730325,0.2616094810038406,0.2635051054802555,0.24048447565488207,0.2098575194389144,0.2799821121594804,0.22111634455578605,0.3434284222160825,0.29609342807863087,0.1598312813506057,0.26005512025296196,0.31277598964565195,0.3022211720487661,0.21911285886959841,0.1745659921445608,0.05544223100650949,0.24563128823318733,0.1872592500523358,0.08575430516923725,0.16093047239407626,0.0,0.32560263595109207,0.25738755721283246,0.1995323660481305,0.0,0.0,0.11702400039413634,0.1483752664143849,0.260537167812013,0.27152343628432124,0.2238739137897067,0.193513592900253,0.25195931142776856,0.2340117673081941,0.20479313487692113,0.23641264116348099,0.0947702160504501,0.2467484402279192,0.223535461967254,0.24694365692776651,0.24552374483522155,0.19732239779158614,0.08120333742879131,0.2556914297838476,0.13649225537506987,0.14511436790132523,0.0,0.1742194241179351,0.29876462593649183,0.2535823290532241,0.0,0.2488988630923886,0.2269635262448753,0.1493537321563029,0.19404561433253634,0.2809045854981135,0.18054475773234005,0.13341868696505446,0.08140171432166564,0.3968425472351343,0.23342143620292113,0.18266409040998544,0.1794732313213546,0.1738392652491541,0.21985112598487835,0.17082478210712115,0.2472154121788038,0.15430134593158,0.20784327819987217,0.2175935486670641,0.1977231424541692,0.2793171697837322,0.18356318412462383,0.055596048745771974,0.39994558172627453,0.09261223973249899,0.13648873290314048,0.18840913666255882,0.19881515257665205,0.3724678671656418,0.07501277865058971,0.2464955506940178,0.10223408205788892,0.0,0.26031137131249066,0.15413883735723566,0.0,0.2642330328313098,0.06517454451085808,0.10619437355683486,0.10688961983006016,0.16225449010762005,0.19248751770554018,0.14716096203913623,0.10695539675854832,0.18212219196010537,0.05467322292098961,0.17787222255876997,0.19221841535861733,0.24288830225757424,0.1724567784717549,0.29411925451575927,0.23130186728223015,0.21215217347908902,0.0,0.1446910575735534,0.1845272516537658,0.26651522203708117,0.13854707859649462,0.234923139929046,0.07493808532656035,0.2901434883861387,0.27250652713361756,0.14699859274366509,0.18247889392152866,0.2129979085489386,0.24198852277673988,0.28443055229033865,0.3170185218292002,0.12114078739160958,0.16024845826387038,0.25255459434092015,0.32606549137846347,0.2566897409996651,0.1691137109993771,0.24794697067650764,0.17605435766738664,0.27579327710302326,0.20742950745208766,0.22429754445637612,0.2577771387064828,0.27801222216678784,0.2177186599773771,0.22212293634603536,0.12690032816680338,0.24619203597061443,0.23245134692965827,0.193656106228309,0.2252416644962797,0.3799220427266067,0.24270147602328884,0.2800915273331187,0.189216284821106,0.1665942354708001,0.18415846952352716,0.33501511886140833,0.2487622389314646,0.13318951404609242,0.20819116318022057,0.046201108669736146,0.17002533818370327,0.23377164897522076,0.20908860682417704,0.18572503156231276,0.24002080159614475,0.26674480980232357,0.2207404450598858,0.15195181137470548,0.26141886352816573,0.15255719812870144,0.23471621537271076,0.19597241972052645,0.1460391824704235,0.12274090985591224,0.19771297523017292,0.11493909137980975,0.22155953455311644,0.17965726894998768,0.23303501161575937,0.14076800991319083,0.1691676331659863,0.17410841767640967,0.2069058375811218,0.1779701627210985,0.2612199197444292,0.21527070621880223,0.22654742694398686,0.1664674087731827,0.12208513134944823,0.208627528841013,0.15711090186269297,0.12208513134944823
attention_zero_shot,BMPER,0.15423158550849056,0.12055252763691207,0.2666870181664145,0.11507226259042902,0.21517833907809686,0.2574954981386318,0.28028002662933166,0.30316400066618854,0.21016715716096618,0.2276099593106984,0.3537900581273955,0.13857883427901455,0.24705018904843334,0.18390627091657952,0.387941888707215,0.14312022431378496,0.32422927179803307,0.20346359797646116,0.18886854862614727,0.26603408195561107,0.030821712593572966,0.13857783156146447,0.0,0.17079056026612166,0.20251796004031955,0.13879156190752265,0.0,0.0,0.24879541710168449,0.0709242742840619,0.19766103037123317,0.2968854629174802,0.18760585054385887,0.2659849176435674,0.3362434106824503,0.20256087120116553,0.1443315452852071,0.2935478894032017,0.08274163764894504,0.26707000457994023,0.23746986723123223,0.2089999435273347,0.24087416701776185,0.1105653887177221,0.04559668409816633,0.22884921380821094,0.061178065792003376,0.15499149522970368,0.0,0.09079902206052406,0.3389603791766273,0.42454277469754903,0.0,0.2984496159725927,0.14940835108971565,0.1131734637678754,0.15818759890628098,0.3917238536438587,0.21075184760785126,0.14856363134735662,0.03982990135176819,0.19496813569148683,0.32270582157748307,0.14980848934873128,0.1660407813021713,0.15350051861049152,0.23078179724636796,0.14980276514622873,0.16341450485532932,0.11176636241786116,0.22986162738554447,0.218334570866894,0.22243558293026752,0.23755989519903428,0.25526439791513106,0.13468479236902528,0.3591028753394436,0.057320334266051445,0.07109376524754765,0.24914978460123874,0.11141866794111963,0.22358412105779418,0.04236743776705624,0.18170975625399616,0.3813477459629354,0.0,0.31601879691393614,0.05984067279938022,0.0,0.2424384310039572,0.04137245894084076,0.17776016468562986,0.07357523104704689,0.14455004987753078,0.24753295031260578,0.0808261694048905,0.14951120234839144,0.18168977928534105,0.027336961395298977,0.1423750608325899,0.12554373743115693,0.369713157899407,0.232999071996931,0.16701896746497633,0.218853437238305,0.059821216800214266,0.0,0.1898798674897976,0.2353854809345077,0.24245323590603998,0.2914004076491397,0.17753804880683569,0.11153089205933119,0.24424452819086648,0.15384638021854247,0.14058345671236835,0.1682445272788587,0.3953126992658461,0.29641081960995525,0.16142178353533077,0.2621227478590504,0.07251380893951243,0.08175135205605029,0.20444490128209453,0.2274067875121549,0.22779266943428345,0.0789366291198152,0.15702593910564192,0.3475243554380574,0.12177553707792248,0.16452151904016193,0.1315857638602589,0.44244259118150925,0.25598078900060806,0.10121225158092263,0.26382473920078786,0.247145693832851,0.12489516045968695,0.14953150798147086,0.08505065670102485,0.17448481720843298,0.23930906093916943,0.22546475557548026,0.3023581834300512,0.1995930119147389,0.12377394941226237,0.10704625172975807,0.1880598601855733,0.21986321628310457,0.24816446005212542,0.092715341609475,0.046714091368139185,0.22289041987853422,0.2102084717165611,0.14573442147640633,0.15348086721265528,0.20005402435707156,0.1942197117749225,0.21259865602303374,0.18808797423699625,0.12608312953831502,0.09006138185223046,0.26658311180578115,0.25125597689378387,0.0709457265741021,0.10426446783748256,0.11253050788557191,0.10739441920341357,0.1809311835227896,0.21622645110524039,0.16321495119033122,0.12510507772400378,0.16700193645343603,0.20308678790154494,0.0929466375207445,0.2003774040143938,0.3418142094776731,0.2678518512975472,0.22035762479842178,0.11423988525561682,0.08448091461491229,0.07892858648490311,0.07347298263622395,0.08448091461491229
attention_zero_shot,RGS1,0.42935497872589495,0.13274378905835515,0.3710707308439425,0.19020594712453184,0.2188773304013859,0.33911011447515066,0.48479707805893363,0.24006262957193095,0.243527168979254,0.18444163281170886,0.3717095900162226,0.1449757874278594,0.2055048964755181,0.14420127278303177,0.1564022931987107,0.1464644616555151,0.4956527523270922,0.1423297112834573,0.21576127984353735,0.22077171908322663,0.0363833414733736,0.16401247603578906,0.0,0.16566223708999891,0.3320395210411891,0.14228294679098055,0.0,0.0,0.26852812027653805,0.09303578559599353,0.1534246837070803,0.16605319100572474,0.19785992165914829,0.5153234904751752,0.32992399412335505,0.2107345159697591,0.14991488116723042,0.2119910334683162,0.08681949663167919,0.20353034450985258,0.32708365737234774,0.18225757598077832,0.1507145170258757,0.1204738099051582,0.05798351038721594,0.1968888441042072,0.06831330169755358,0.15125160116817243,0.0,0.11328742646164798,0.18888210000063618,0.39420492401256657,0.0,0.3058305616333871,0.15967881345939663,0.10258565257476392,0.21715364903253603,0.3885481830880669,0.6150023019538271,0.19157918660442555,0.061655310162651376,0.35805157460296677,0.2747333019408911,0.38327440223741327,0.38534954978527197,0.29688850878697265,0.40923041016907774,0.32160184246115453,0.15423252311494592,0.08826441661384034,0.29178872289948815,0.14264913173539057,0.5308081954354928,0.22850808386644755,0.286025581703557,0.0833362907710639,0.2471303541688449,0.08692215613584148,0.1515481794190712,0.340320697966478,0.12556748553568872,0.1697873783435625,0.055676230115055896,0.3015559700588638,0.4031975907293757,0.0,0.283165288381515,0.07169182047654832,0.0,0.19302642344607374,0.051505130000231145,0.05258276569813899,0.09200052819971699,0.15717809106725286,0.23216384056314773,0.11465426613480649,0.23552891080690916,0.31044082174387383,0.038780289618860216,0.15064057042151227,0.14414224379328944,0.36990265718183735,0.2967563053000065,0.1673256496593873,0.22750960286762925,0.08124092255764422,0.0,0.5826956329410354,0.23762866212213116,0.2921513060047737,0.5393077292927457,0.11352752717283228,0.16972345524638344,0.20616142489610242,0.13685809577491326,0.18883108561816817,0.14307244107990014,0.31402905069757486,0.301617923127995,0.14871440215639212,0.17695073009570653,0.10536957564327534,0.11614404316311545,0.20577631613959382,0.2326802787025434,0.15615945415903212,0.11551614991411775,0.09925019602658833,0.431953998562185,0.13242842779677072,0.17077207206795458,0.12946778249573124,0.28610868031797015,0.23970065075749578,0.12096087800009654,0.33626835769534535,0.5211430337238212,0.11434795960646815,0.12639636259982526,0.143332775294281,0.18576389656116332,0.1926042425329565,0.21898008734447197,0.29668202257121573,0.18012771425587507,0.11132853299976381,0.11997250631000313,0.22426468904508384,0.3563717925712305,0.3517958503114476,0.10759191293055419,0.050986037012864555,0.28396910307563655,0.18117729062096885,0.20992050242233237,0.19103081697009164,0.20207863210856933,0.16785572580993388,0.20618272507288715,0.4906868207959912,0.1490911847601101,0.11868539918943831,0.2936034525794418,0.3151031958186369,0.10504001553028658,0.08164043270711573,0.11803913071569512,0.25973348105727434,0.23632746482044736,0.19181201793154717,0.1905228188811598,0.17041180932998382,0.18878205343401414,0.274701229802461,0.11880808291588851,0.2592933096533817,0.27511872073962934,0.3615598306676561,0.17506134164783665,0.08001967085288945,0.11319348544231074,0.10347531597042098,0.09622984716177096,0.11319348544231074
attention_zero_shot,KCNE4,0.0933020788957863,0.10287616160798821,0.15852576073992636,0.10852363016042907,0.3893084670111899,0.1768114297318582,0.24519239326578546,0.12609456970508284,0.1499068492942074,0.14214410537768363,0.12342740100339146,0.09981233247627923,0.17842434364143167,0.225291140211713,0.10260570687408414,0.268122806145019,0.15880062727890806,0.05224641682098649,0.5334126828964861,0.2647925458496473,0.03183471863355507,0.06463127856090035,0.0,0.1106736737692349,0.1408144862253329,0.11045816000620673,0.0,0.0,0.10002781408949464,0.45809110712226203,0.14188967266125455,0.10718793129526466,0.12338698383864982,0.13748654389966153,0.22052300276108566,0.1472585143643363,0.1571947404200976,0.15446654394046938,0.05469452167497744,0.1170360168117688,0.12456080154465476,0.18613541505911213,0.1133761839530502,0.16929773313249652,0.05047919897560032,0.10402498835903128,0.062195889781213584,0.15042811195482006,0.0,0.11013299958121173,0.11552456444253992,0.15704566618466595,0.0,0.1520815237822817,0.2358164726562391,0.09500083574615394,0.1599367545631277,0.17510165874412076,0.13202716298164685,0.15189935087226233,0.04859564686609188,0.14770762035053883,0.2223520681291164,0.11689015875229725,0.11269478731300724,0.10545341375366765,0.1146637366568557,0.11617006168520998,0.1334311468045608,0.11042176284763307,0.18764992851997783,0.12372193382367752,0.11214091177251614,0.147341790592445,0.17242831274045922,0.05658704302127018,0.17998889193518133,0.06862636030537721,0.08287033959867493,0.11828697174732035,0.10414467559022803,0.11952419813439645,0.04733922335829302,0.21342836705008864,0.09713656258964634,0.0,0.1831464437971951,0.049418966102657114,0.0,0.1611977588689419,0.04489498589491998,0.050925044710972825,0.04328928387295677,0.32818361145397995,0.15577458861333388,0.09909687636777627,0.1060904722499495,0.13091704538088933,0.03218281534519675,0.2529878476538108,0.0996575161781953,0.15272460108019092,0.13321540677995036,0.393002740882888,0.11967625187870333,0.251808684698424,0.0,0.12042419232006335,0.11859908259927916,0.12707611539164354,0.11806497540655991,0.10775240232954975,0.07012593150013192,0.31474974592108446,0.25741852494028344,0.09713646281704373,0.13916382573531008,0.1961957354966361,0.14797711169951003,0.12192534984645491,0.14836316351772003,0.08806822450124538,0.10065753762392074,0.24992891419840668,0.22931356854285856,0.10792757502044337,0.10144337893496026,0.07728502323068087,0.1396780960912857,0.10984945612223504,0.2271044579766975,0.710709109207691,0.13078934898986985,0.16531644466494586,0.533058923002257,0.16871326871011277,0.1120342244637108,0.3994825971967673,0.45075338446113766,0.5485059357487805,0.2950720626571741,0.1270860913450894,0.15892081076506873,0.1596653593196314,0.12415202207201444,0.13226730213136648,0.11297985422622452,0.1275170600325571,0.25202662161486733,0.08906649550778309,0.24947450276442518,0.022908323849785906,0.20112964927495025,0.2505321254619954,0.35625556179285145,0.2295250533913598,0.18894224045833252,0.29365977207379407,0.1940284252648893,0.11087843790258817,0.22502770464228286,0.10622828213450897,0.1525026274286641,0.11309502802509556,0.4085049118651482,0.3523431242574316,0.6314086898266579,0.0887668163697029,0.1417187061652387,0.1901251337888595,0.4664442263131742,0.08316107621744902,0.1956920161490162,0.13131172135651598,0.21773696091245529,0.153658581918262,0.1125119057662649,0.11328215925908244,0.1717714047867717,0.06521695345815247,0.05355044402388344,0.04670543595212219,0.04386477565394144,0.05355044402388344
attention_zero_shot,COL27A1,0.07424425534995541,0.06927482274300738,0.32132853066034855,0.10383781487699739,0.11915079348953692,0.094065059246388,0.12520046834858597,0.2938458758787071,0.10623517249728522,0.15763746896218825,0.25324313009764476,0.08023879506820387,0.1256086473346567,0.17743240152217502,0.1313228538379092,0.18488792762607784,0.06560370251336849,0.024663402785259247,0.09106689871505873,0.0628095865005653,0.03329472241890162,0.10562714468789802,0.0,0.0711727860508377,0.06878045371205349,0.12922276995672646,0.0,0.0,0.03873832568573489,0.07751517295523033,0.21632761460365751,0.5147112560802304,0.09654084565276451,0.12087108776959526,0.1018743750573357,0.15526749859541658,0.12921278548964185,0.14146715997875217,0.029000853287083694,0.12670752177698064,0.08536676281159064,0.1741938169719154,0.1807299076249062,0.12073856858822775,0.06652543397271261,0.1316235613387099,0.05339880957707743,0.11674114336579373,0.0,0.18602993074626836,0.14979842500586407,0.10652470658326163,0.0,0.08881123920827491,0.16115166119800528,0.116937172828058,0.10646076147773269,0.08235554715772506,0.0975422620220901,0.14006347855911136,0.13196704363040498,0.22635793070740742,0.15222245941422688,0.08360541958080171,0.07957223365293585,0.08432800701114382,0.09088344260317614,0.08340811136790864,0.17091608502775668,0.14960456182618329,0.11400488824895648,0.38199569699233527,0.0678352846625067,0.13999009048322267,0.09649038969690193,0.02253705710197085,0.2778816066127446,0.0894777852394146,0.08302789310223067,0.1012461539734449,0.1853992521295035,0.13549677392952733,0.05908868149319237,0.06777954990681458,0.03469304332329112,0.0,0.10727099933466633,0.05324352079260572,0.0,0.16687711549887127,0.05212146534013866,0.34341346610657086,0.01858887532915534,0.09014717999189925,0.09112960382536428,0.10250485909449421,0.05228631523999619,0.11208526222621629,0.040319794045265187,0.1796018762752062,0.19892229975035686,0.17429003789697323,0.15573216191510428,0.12465415643185578,0.11486961363855357,0.0709969569883012,0.0,0.12500518771929775,0.0440466538908945,0.06593916927351272,0.0605306533541519,0.28176348675121704,0.03289102301358099,0.17641812632952425,0.08590408289022974,0.04236739544795333,0.16736173461907056,0.07550437066401315,0.06599901289094853,0.1797668034295,0.20253020382603978,0.11948075336019337,0.2435714775095923,0.1658870759356162,0.18020533822927254,0.20563359990851238,0.11295897163118024,0.1727181340388617,0.0639341122273857,0.21427737092857746,0.07888455754935059,0.09731470602283736,0.16721327379935091,0.31152184691356627,0.10722908720186089,0.15173417225300273,0.08255099786334825,0.10236016359532793,0.1393263908763769,0.0903954771310614,0.07035049736574246,0.13648630279648177,0.10216945423635733,0.1623334316264066,0.10334689362205782,0.11793834680736325,0.1770965777913459,0.07818789772208533,0.12041189188805045,0.042036697272251615,0.10822291770070397,0.010153405734711907,0.09973687271197504,0.06774380577817626,0.09040003458471425,0.095006022706289,0.08358781399382599,0.11071063269058684,0.06875166629627337,0.1147027472740136,0.0983402801808031,0.2031646928007772,0.08993887017504733,0.05677713868043781,0.09682758983133552,0.14040609205371263,0.10398665276765137,0.11569273149994293,0.08069439331288306,0.12600871957983345,0.10452852318177808,0.037193099905919166,0.08300234279050996,0.07899474819732669,0.1700571718277924,0.07922664259233936,0.17432357885316713,0.16582552055261768,0.11720832791215256,0.12756428504603015,0.023752448029199784,0.018781614213630664,0.01788688176288201,0.023752448029199784
attention_zero_shot,HCK,0.24537955751125193,0.16587240626484462,0.3570333642092468,0.22377824980686842,0.27960972339181683,0.546570385414924,0.3479632327410635,0.33164706106189035,0.345183261197543,0.33135849688362384,0.30995950891331053,0.1729999383373227,0.2771136195671915,0.26162364669570537,0.2948027668494894,0.19525689040631364,0.4088548854555725,0.10129678986452785,0.2453066749737971,0.276731984602722,0.06751749096513882,0.18487036004448038,0.0,0.20995015048977064,0.39056081499979134,0.22574071487120037,0.0,0.0,0.15581634742582245,0.12138412920113624,0.2224393303538466,0.22097009205435944,0.19191523724212423,0.362738391249009,0.3613805452032298,0.28088883962017874,0.18153828365988917,0.3192586600360402,0.10514823543294646,0.3024061992308684,0.35037930572707593,0.2311336531157566,0.16153745043785775,0.1659721675614101,0.11943062035546642,0.30296126450400074,0.12255439782141953,0.1723183708236767,0.0,0.12090011104791495,0.33366290954658784,0.42242941776407844,0.0,0.5031811302987046,0.29716315602030213,0.1315820744768599,0.2530080486727605,0.34579871609175794,0.37433696296972646,0.1682093051016925,0.05821940240129435,0.3507127160629396,0.4549473707201266,0.27849667598590494,0.3266128662233426,0.2638416585570693,0.3901060126747253,0.2670091506744278,0.20109110528945445,0.10990110383774937,0.27359756155286324,0.17127321690638334,0.365308898644107,0.2743862758488267,0.35853899297156105,0.06724190716421091,0.4020627850591166,0.09318798025438342,0.17274574896333084,0.3344507085654184,0.13318329663998615,0.23909033900708815,0.09640615460625215,0.266973081932217,0.15626072332834234,0.0,0.4101579151504744,0.08957358182668011,0.0,0.3065207971616953,0.06365941090258488,0.06126361433880558,0.06817886712773497,0.1921419307412753,0.24630896066866043,0.13428686704173978,0.16002966537784352,0.32378417150459476,0.06948507794059988,0.23705410334934832,0.13479892360421564,0.34917270449753646,0.2363853743916927,0.283360792759157,0.22575893880373357,0.11633554315077141,0.0,0.2915190184359361,0.22600435717809886,0.3665868299802911,0.2716311387637182,0.15368401269150198,0.11786194296301429,0.2797722678792425,0.19707680489218984,0.19990896322472498,0.17191121911999022,0.29576410257293867,0.23336851826480842,0.16772561086564786,0.31207349684502633,0.12975522813015258,0.11548290979959272,0.2980519548462378,0.3152867989611032,0.15441507279883973,0.10901275722162856,0.1310329112144151,0.3399358466857978,0.13936610844217068,0.2796981425332307,0.2044777605838272,0.3772114923468755,0.2643241808940295,0.1659309590033398,0.3071817132391812,0.26158263187729497,0.1916277782527455,0.24870537126926137,0.1959567105135857,0.22593337517495365,0.2475943974586769,0.36150930516220126,0.36009741556884856,0.2421404437915755,0.1614461219796614,0.14735815589989476,0.29825201825458486,0.40905173398358236,0.33049183490140877,0.19297082104230953,0.043388273772477046,0.42463924637868117,0.30798062865466225,0.20188645673264025,0.25228060700237065,0.3464821486808483,0.2740573617599686,0.30218536044883243,0.27946783284982296,0.2275169833880963,0.12440946274591602,0.28948026526710935,0.4233137711797817,0.12711426412158874,0.10682208763458133,0.17976258590260577,0.15481995617078323,0.22611497481187323,0.2688661757746274,0.3159986322746808,0.118670794379491,0.27934692487982354,0.3453977555890884,0.15462914420444343,0.2407650111722087,0.3680919735494591,0.34535564215658987,0.23838900056615198,0.11068043373219054,0.07936027037370169,0.07301119963479465,0.06874581555626785,0.07936027037370169
attention_zero_shot,ARMC3,0.09388092977830832,0.17229051481477864,0.23075328621153335,0.1751400873974348,0.10117580600739619,0.11783630531952696,0.13493697626257156,0.23238696856849134,0.14029520957787994,0.21745498431883223,0.201629186411344,0.3101201417505072,0.128970433471454,0.2221461823671232,0.12568246848900425,0.1577801810322173,0.08897433205284372,0.027627545092730903,0.13505820449906575,0.07414490000790443,0.058586822320550846,0.29114408437938316,0.0,0.1096890053638117,0.09210271829544757,0.21386558524058347,0.0,0.0,0.05328046397253139,0.09995089314296655,0.3570334696559936,0.18353736507523752,0.13235716719286342,0.11234434738203765,0.16839322632804987,0.3102145267237632,0.274693068266619,0.19444338414954704,0.04596679884132928,0.115200596635733,0.13279958870450187,0.16698554889225078,0.15527739160983703,0.5267993535198896,0.10382896117599874,0.09631473877422274,0.11072725674915022,0.10015357135026264,0.0,0.13790921689517854,0.12791319071619603,0.19464547436590476,0.0,0.12327548775070703,0.11968863045370312,0.22464835870408476,0.1638423542306279,0.13658132843432025,0.1260007659291562,0.11312002660423642,0.07644689695291877,0.17231201505328583,0.11032357907624699,0.11710020527282439,0.11046964434682097,0.09506738928450438,0.09760049339729066,0.11272917877836569,0.19884570736825666,0.13328541599716132,0.1887822362514381,0.2387068912638292,0.09120229843063127,0.11588561391955193,0.15258248505868188,0.02528963554989822,0.28271311264006843,0.148223524822689,0.13007432751396658,0.14030333666770098,0.14461888291324934,0.18160325491734378,0.11650968513200788,0.10103598320548314,0.0379658440855125,0.0,0.13399106725234594,0.09173151696598159,0.0,0.13753081772548711,0.10613040591793098,0.10833444567990863,0.021112909448160133,0.13119100915191273,0.14912360088295562,0.16503006880714363,0.06131945211047575,0.1445650576371076,0.06327246100167828,0.13678006303718152,0.1315261641012908,0.22366856966258072,0.16462130488664556,0.13816810395396695,0.12072274887979588,0.09638640460643996,0.0,0.11880135153398762,0.06553781503384158,0.10862457877989087,0.09742483487775379,0.26428870289155093,0.03492057937403323,0.16002757027746417,0.25156702528679653,0.050339301194704596,0.2673095607029506,0.13777361597133378,0.14493614769129817,0.17648343116267393,0.14451691770486277,0.19372313128300694,0.1581938161894877,0.14797888725154432,0.20594222925016753,0.0914546469509144,0.21908121778686815,0.09903115347787066,0.07863272696933467,0.13502240966293708,0.08940286007009664,0.1339679470974452,0.1630862436733898,0.2295961678757244,0.1757970099185052,0.09917787504338793,0.10567469329517583,0.13688460653272935,0.11735094863693232,0.10337607505510232,0.112033951393363,0.12418406533376292,0.0976136798597758,0.20702031216634095,0.17331114697941533,0.32824940365487054,0.21691284317652837,0.12551931592951285,0.19933202148313062,0.051701823717026786,0.35556167136800715,0.011936312938082302,0.09400039144723374,0.08940885472328422,0.15276679887308683,0.11833186069441277,0.1461928097273226,0.3054560106416151,0.13749597674417313,0.10123273803836869,0.3978062810319041,0.41490846187682157,0.13934695285437565,0.06497028513438702,0.16574174445578285,0.12444520626492817,0.13280752833132645,0.13833247339138235,0.1301438938751873,0.09536820092403517,0.12507381759391545,0.03968311194296395,0.08705498598915276,0.12719716391920044,0.11745683720280191,0.2911782717658265,0.16481436275188138,0.18474195456379222,0.11439781150598594,0.23224192563259521,0.026026711989381078,0.020745268569199896,0.020365422580521368,0.026026711989381078
attention_zero_shot,SNCAIP,0.20249493962988496,0.1722972365280796,0.27637484200337314,0.15790368995325127,0.1579355889321096,0.21920137662887465,0.24705746390553066,0.19063599936903403,0.1944018441758863,0.23413371573182654,0.1840466019906426,0.16468630886079036,0.20134405415977089,0.25221408290278424,0.14135308669951405,0.16799195062962666,0.28387337615659153,0.13704161570539958,0.2502492996363477,0.2487193798808041,0.05152114683835329,0.09736442103782972,0.0,0.17823813460165205,0.19073624020161062,0.18811254602595362,0.0,0.0,0.22195703858476135,0.10629363350845804,0.2788145379509321,0.1569705729743088,0.2246919379988295,0.19846657257546904,0.2569297040376266,0.24071412628746872,0.2023741797023906,0.22228983796704674,0.10135883847640191,0.16036546785136704,0.20216123575463665,0.17298670031970248,0.14985527074149316,0.17560373705825402,0.09877647664918383,0.21234278512057297,0.08913626921174268,0.16295804199684705,0.0,0.14096563786605576,0.15192134788746822,0.2815175170266852,0.0,0.18079859266351164,0.2199660580096207,0.1504001836200878,0.1880937123264778,0.2742154829890721,0.23716127437715095,0.1069627151089476,0.07318565070842784,0.2379022892171213,0.2769373803049779,0.18791200012856374,0.17315500593291094,0.1501159573472097,0.16550179341902377,0.18215198281356487,0.15800159714024897,0.12673379978286464,0.3981316010223045,0.25876299577873124,0.19695792799240833,0.2458756829902427,0.22644063335771855,0.07102160498938123,0.24428483990295938,0.13615765956303943,0.12677408714892918,0.18379430284354545,0.17592195862857873,0.1737880007426937,0.08935513085341774,0.21818006121464964,0.20809018534178567,0.0,0.24156534311540517,0.09196708760413339,0.0,0.21424913010008836,0.08014438147629323,0.05997016681845909,0.08565623234660036,0.23512894846999796,0.2486109430530344,0.2209006868780697,0.3153301592241201,0.14763466997155994,0.05718923774966952,0.2653816316586991,0.17067114052118523,0.26219623450779495,0.29764677421576646,0.24922611238521025,0.1880774994023595,0.09530202736157176,0.0,0.21898936299490748,0.14579828268842182,0.18496472072893597,0.23701814372525146,0.16551435728806968,0.15124288439258424,0.2322016946667182,0.1980151406407587,0.15396734182397318,0.22788140270709434,0.3263524100437418,0.28168025197369156,0.21307320507643773,0.15718601526303574,0.16225930516513468,0.15402696517599151,0.23289112289529848,0.2221376338294352,0.16805355207530145,0.17794751366696296,0.11154906330628968,0.2612724418489373,0.17938591131469164,0.19637529985553162,0.1657801116813437,0.20428841927083594,0.32851049896718176,0.20304196573616515,0.14621464172891313,0.2652333098707893,0.17398100508395423,0.14431848630135033,0.11247621202686191,0.21981999840441974,0.20607736621412295,0.263132621815042,0.3437995262973525,0.21792002432498309,0.14865751393637758,0.18624737851145984,0.15834776747924859,0.2694315880308545,0.1621929147487529,0.1801447656792939,0.04631785354676301,0.17253019138356307,0.2776571589701447,0.3461964340722315,0.23289687348992208,0.24407720856871107,0.32201299789802346,0.3092671886240924,0.18451036249350947,0.20841484316145897,0.16397442192566333,0.33328245925689143,0.15069754604492014,0.16115024893525765,0.11498336488318744,0.15386489085432425,0.13687162754702617,0.3138646580222669,0.17755206001101292,0.15508520889467478,0.1723824153699764,0.16987963776929826,0.1635880067337554,0.13020165999526886,0.32784962352009817,0.16930348824434577,0.18826083140066283,0.21610482585292484,0.11701337574173598,0.10954558025009709,0.09049042638535641,0.08459767587125365,0.10954558025009709
attention_zero_shot,THEMIS,0.18817847261533913,0.08553032092784724,0.1398532563210642,0.17417504641290824,0.119439801256435,0.24495782312290526,0.15555921780272375,0.13470229712528325,0.1423136604840991,0.14420498483173252,0.17242744452400113,0.07323385249837126,0.10545216862322028,0.12905954574573356,0.10972901876959427,0.12344436835086899,0.20667114706791176,0.07839253646065833,0.1235242445029347,0.10675866499746546,0.03866227776741605,0.13116346321589673,0.0,0.1030973262830934,0.24603348303424474,0.11920223867617766,0.0,0.0,0.08320525454512259,0.08343606943991906,0.15460605782984255,0.11736462767247452,0.10188918232896567,0.21973544376133347,0.16554065085850092,0.11117346824344221,0.09521033367033459,0.11915733252695979,0.06940872989194631,0.10744734172462433,0.1355970858019457,0.13090110505331826,0.10682009586428928,0.09158649788414508,0.052602870551356457,0.10811355315482216,0.05060825741727484,0.07857055995142823,0.0,0.09191456873055683,0.12851588952490928,0.16960611347510907,0.0,0.2514404449878268,0.079725942181144,0.08132507431631558,0.11746012959993415,0.1550741437446828,0.24570808141003544,0.14388940923121774,0.043378214852899694,0.14816178088651855,0.12084664671596233,0.47417341723765655,0.5789353184376694,0.3635885920529016,0.3640866668594341,0.44255021899682373,0.09004338326857313,0.07835247460123794,0.1413166041061992,0.1291338265527926,0.2559908278907326,0.11663873803660497,0.11820945069981799,0.036220091167813565,0.17736252329727883,0.06114955605574499,0.11352727942408682,0.31343061027161884,0.09642150910863063,0.11126462513216621,0.049148119837407175,0.3237513513171131,0.07738068823871214,0.0,0.13181739152579208,0.05299685853332329,0.0,0.10953596425867054,0.046837136151277395,0.0735463755315687,0.052040203554401095,0.08912225133236869,0.1253067599389377,0.08070358384602863,0.07169626960511091,0.1190656520777647,0.03804995660656835,0.09400526291068054,0.07943805938465767,0.17894553294075383,0.1554298142970062,0.0993880534471366,0.11422243129969865,0.06609763584608394,0.0,0.16738634592805848,0.10805774726199281,0.19846348223587157,0.1293052588659198,0.10809521065303754,0.057543780794816854,0.11490210852645089,0.1083659343827471,0.09798509074021282,0.12449612370256263,0.13314830992444676,0.124583724625756,0.12215790923292927,0.13137971803265658,0.07156483388035856,0.07922054476018568,0.11269333607338658,0.1774828307984301,0.13514250579888945,0.07712116383996372,0.08131960925009127,0.156945826987705,0.09598389760338745,0.08069364651478922,0.10502827320249139,0.14044424006380601,0.1301392261850526,0.10376043029360028,0.1178358396874897,0.1490293077729083,0.11573697775554868,0.08421435263247215,0.0933775019589925,0.10072320927936976,0.09990860310787823,0.12066446556568115,0.1861301575480015,0.10343576016354414,0.07705781833967784,0.08428874993592171,0.14354855493189703,0.1570749522123016,0.16003639768848787,0.08088753349947773,0.03782603728532534,0.14665366891966405,0.09268549439769759,0.12212211531854647,0.11579653128303302,0.10073596073677617,0.12495615271107627,0.09773209705909416,0.14746775588142008,0.12613498996481773,0.081408026202498,0.15139686984645906,0.20921011197291012,0.07545454226379454,0.07539669536584778,0.09225529057807835,0.19477022674095582,0.1011163050327473,0.1058272518742973,0.14693303004614897,0.06776275026631838,0.08950337058766152,0.1283045040498671,0.08634694960310459,0.11727855440835505,0.1717613729254076,0.182841485457279,0.0890648517818605,0.08885887992555665,0.0540778910268152,0.052909955243374836,0.050855678036180685,0.0540778910268152
attention_zero_shot,TBXAS1,0.07289452225531004,0.28987663791773577,0.2349962566279921,0.31985684342876347,0.16514296492708389,0.17001238168594723,0.1068201429424451,0.15725276430035903,0.1469839553015709,0.18257042774536386,0.09498965171311553,0.30455543505863497,0.1273064287692002,0.1309787255482109,0.11352593085908795,0.15734133124374658,0.12461713728681455,0.036278160651578004,0.15346902561612102,0.18714133884722398,0.10861351610994825,0.12267610177232316,0.0,0.11369360441560418,0.2703783609006774,0.35522506140963833,0.0,0.0,0.06144914719847419,0.13677571601095467,0.13306616267524124,0.11367140159770261,0.16696445895795922,0.14667298009525728,0.1398756364601887,0.24904702221782402,0.3682308619419089,0.3605276746538911,0.08470369093080501,0.13438428932245136,0.28340070008385043,0.14148055335090937,0.08201204297740494,0.11806298268903447,0.13363947987265162,0.12605166891872227,0.6541348985669225,0.08421779693715958,0.0,0.0916359353702928,0.13098768811192127,0.1307828636677425,0.0,0.18472202761903392,0.13481184775981486,0.30014797665146736,0.2501554792989264,0.16249289682590573,0.13518970240347888,0.14055071254060075,0.05014864303233653,0.1515316648507986,0.1386421823399434,0.1300999402289607,0.1251251811689854,0.11814971626522587,0.13399348606506287,0.11975843613112375,0.3390447715558561,0.15212008730600407,0.13604457990920196,0.10935644009465485,0.15144922012541998,0.17334332538927746,0.19065699638744563,0.03367770420774904,0.14880977383938185,0.10945422758149419,0.16888592288533022,0.1821256037016082,0.09583294463750182,0.1169663293687626,0.12176768967183547,0.1248866795806233,0.06603027030859397,0.0,0.1464091898363328,0.11540089637141944,0.0,0.16805363936700443,0.32508673580034786,0.044243450256661626,0.027386078064091574,0.15853944314430254,0.1224270606556396,0.1491264621407555,0.05869481334381086,0.13341236196723558,0.10091692235383655,0.10231120176878944,0.09499631796176514,0.10089960128802397,0.1083646972766556,0.11430383515822057,0.1718172185221901,0.07149845967337995,0.0,0.1079489794427679,0.11944334817185655,0.1343051853335579,0.1030210127064353,0.1563270558356405,0.040305006684014474,0.14991396293127893,0.1654976447839948,0.09253091948735985,0.5543610890095039,0.12639909492205728,0.14568528535990913,0.14451487739792795,0.12229104270794315,0.19827490382120683,0.0964883857282197,0.11075569351490143,0.14142031891888562,0.08150518518984703,0.09051624756181945,0.07411027595963937,0.10713530072891723,0.10500662973052638,0.09232995387836138,0.11163182098024207,0.1383096064452948,0.18502897559637224,0.10414549397886433,0.09382559578098945,0.08702278985678609,0.11115591797148894,0.21955164215205117,0.13781309568629876,0.09881149260478943,0.1162627087323358,0.22606170788106625,0.14673273221110256,0.2294508784278112,0.22328228368374967,0.36841371190713257,0.2934535257165859,0.1548767346030796,0.10730854183991309,0.1613701321694977,0.016977567647814867,0.1843294995137876,0.10488112514651363,0.09189576342325284,0.09370873531480034,0.1403122304888949,0.11285741930910617,0.09423861384681978,0.1039773925059139,0.1668023969667667,0.10504139975604355,0.13897861293206723,0.1671485705072321,0.07890969119315823,0.07369842237505791,0.1396211226726438,0.09954831050102858,0.10545254958673592,0.15302893705217385,0.14181494786963975,0.047095879417339025,0.11373101712027942,0.19233152376716556,0.1325571662835243,0.13833890868547932,0.12713777001320883,0.12725273589738753,0.13023007962999508,0.06656656275857185,0.031466400060801675,0.02894904706437186,0.026825543769906247,0.031466400060801675
ig_lora,ETNPPL,0.09631686109320232,0.10630583080102592,0.16931039368330597,0.2793542402802784,0.13236495886239508,0.19399543651937043,0.17380908557316765,0.14964193781462454,0.150960067584422,0.14299163037806606,0.10016347932081399,0.1373423409135851,0.1230091710615496,0.1601594200083783,0.06092960942105217,0.197823853802226,0.10809841998109625,0.02913299166001768,0.2026051424258663,0.10101583660743217,0.061174662914611024,0.1699718741508294,0.0,0.07693516360407103,0.18645675117207983,0.25170408919001136,0.0,0.0,0.05263440432661057,0.2604881678895248,0.13782167349055616,0.1704893397923571,0.11192894322887977,0.18172896558291513,0.12803243449693116,0.1926549715642229,0.19691233582151568,0.16736645360708569,0.040072504823542535,0.09852332067557976,0.18625132272396797,0.16355489373315474,0.07075377570683603,0.11680828046048326,0.09813564859573377,0.12247678502451752,0.15899817179548797,0.11561707759228741,0.0,0.14099021747363957,0.08566123169127977,0.10672896640306626,0.0,0.14062834558006485,0.19423440668554567,0.2684599193436603,0.13792049218791974,0.11079689767793566,0.14653817289973153,0.1951628656287906,0.09835811759886581,0.19318085835369042,0.13741240862961657,0.18492728622938337,0.1716966174643254,0.13820003463820285,0.1309776704023255,0.1642712627191645,0.20733358384030307,0.1742321547140372,0.11624983365461494,0.13199213290434156,0.13963604697973758,0.13084722481595437,0.17393356899367585,0.02627435234395546,0.13192272171524272,0.09972152916321286,0.20426770591888432,0.19041724102305843,0.12598862147503798,0.0752083012035163,0.10267304936750245,0.17149967800178434,0.03894459585721767,0.0,0.12510992291591247,0.08748325951444914,0.0,0.14407974921893263,0.09571794337861826,0.05207453077231846,0.021501086990989227,0.19898129352523894,0.09488037243694157,0.11724319394165433,0.061454189331376974,0.10584759393356374,0.06196856794028884,0.14376176977867094,0.1414415411413792,0.09346447527172677,0.13411373309132663,0.2117071661310965,0.17080676274283857,0.1817888804171216,0.0,0.12824571173152097,0.08403711894903744,0.10073353284743518,0.1171710048457365,0.17639198240250148,0.036993669598658976,0.12162973850718917,0.15473920516778866,0.07576124335134235,0.2524123696907966,0.09862870738424216,0.0835875142662093,0.1345555761967083,0.1351614680927636,0.13906023519588645,0.16094999584778463,0.13443354243098804,0.18652289446771736,0.0766630834311063,0.09851809992614595,0.08068201809347861,0.0874482461215043,0.13325881739472734,0.19852583853569725,0.19267361568664962,0.1015168998154276,0.19732645986273886,0.21419313375440777,0.11538338413446768,0.10622353016385055,0.21757035066781966,0.1956683276095777,0.23206033478854496,0.1328865651143661,0.0761574581323667,0.1513169475463635,0.14332605377143415,0.15427841953506644,0.14401621709162424,0.28467291581533505,0.19093404755705684,0.1851055552422633,0.08279046963139229,0.20400828601582294,0.011962685782317484,0.1768666837967486,0.12686310559166872,0.159756570446694,0.11249389819179606,0.11845979231709819,0.13919041338826668,0.09558845801930126,0.10609549054491454,0.24745067525947412,0.13899747945679636,0.13017412274831533,0.09110838170480076,0.16162944281594158,0.12407257326875526,0.2293002309907407,0.1294070339039863,0.08405704860482974,0.1190680045245756,0.2149980313649486,0.04195385220094275,0.12467841630674599,0.1341435155669677,0.2381360008425349,0.11001660520466974,0.10353996484871576,0.12153502934096654,0.11856697110410014,0.05748871881253766,0.02708528674654916,0.02119265903529232,0.02069202926304229,0.02708528674654916
ig_lora,CD163,0.11625550801195911,0.09652868823554413,0.1519261220508148,0.21020442512349855,0.13745883876536802,0.215816307589011,0.28003099720850155,0.19266531806495624,0.1146575720685827,0.12843128519034583,0.10594543460948011,0.08521642059443717,0.14530794521866439,0.2668778304087147,0.061753163542864496,0.2873960218713037,0.1051110822868181,0.03262675664893362,0.32844903251147045,0.06993765212100507,0.03401033036254657,0.07608244989985218,0.0,0.08910412379175828,0.13693924642682478,0.2864794338134761,0.0,0.0,0.058154639206573135,0.25480270841938407,0.22540955916542935,0.11583969737860521,0.10116595430743537,0.14434458717615734,0.16229971301530477,0.1445724433609862,0.15078309116883956,0.13723786999372636,0.029709112126756813,0.09088134162327773,0.09960258057313318,0.1646194852624992,0.07028148733552247,0.1716285047615944,0.06801935289727166,0.08075363751850838,0.06083534738723181,0.09995502141989819,0.0,0.12003756937229311,0.09576587788548611,0.10463028142009038,0.0,0.11489676245186987,0.25079054029134346,0.11107677622632194,0.1519996920439805,0.14017385886481654,0.1413911554815658,0.11375916137688794,0.06644084279285378,0.15905358305348566,0.17055695227288076,0.17966254985715352,0.16370828680879795,0.12433462473860384,0.13177557476809132,0.16307213463299033,0.12429770157962462,0.13047178486381517,0.18196364122540176,0.22738368113680202,0.11699409285375327,0.1234486576866245,0.1527168546550912,0.02974579255938663,0.18291547955970314,0.09893259867224105,0.5898514989228477,0.11241058015991208,0.11873743947232962,0.06966565430394692,0.060989126452767384,0.19567089775339286,0.04009003297271515,0.0,0.1180597760704066,0.05468976760498789,0.0,0.12933954237745254,0.053200596207456506,0.06071352038902038,0.023530939665095323,0.25915426764555494,0.1577725255461856,0.13375951340101802,0.07571435010590435,0.08528975100350243,0.04064738616454838,0.26019227331319655,0.10747656905077373,0.09923937956114591,0.14895493274118105,0.39018340596574164,0.13642703743304238,0.28553531722740577,0.0,0.13850471242185475,0.0718826503758637,0.1396587058236088,0.09161891983804475,0.14361440791663607,0.04115473536571786,0.14745647348252783,0.2189263384047343,0.14200854132334897,0.1786994137720744,0.11017921923099501,0.09316594826702308,0.12696391568852072,0.14782515591243925,0.13115106714663213,0.13717163814285938,0.20177163522624728,0.24283835329541034,0.08031329982972679,0.16654441822744498,0.06407420642407755,0.08292364180748528,0.11415297578051282,0.21599650102441745,0.37065850015070306,0.10029873760473888,0.21926361824782295,0.47111173580206256,0.13673803231323112,0.12549759596119586,0.4316154332557953,0.2261616707471979,0.29090091863111717,0.22168481124397468,0.06166970480715786,0.12439016489718219,0.20986782150738237,0.11247104652345936,0.11004362587960895,0.14117521884428122,0.12071842456976262,0.5447467306729843,0.05883517055352502,0.3072955088562975,0.013152489880686437,0.14701539275934764,0.2160185916979344,0.35167945049615074,0.23274903519448595,0.168677919795325,0.3027478041195344,0.14636543928980023,0.11063223078411195,0.3290586053224977,0.1426154679241462,0.2656751306463772,0.12606531679323776,0.3173456569734901,0.19054833331119198,0.27200183110800424,0.17655768574413377,0.10579756681124924,0.12384323308590052,0.26272939466599055,0.04570192380347754,0.1558223317490546,0.10316678807112713,0.23118249547745215,0.11177613973853973,0.08773530759999398,0.09526258097717528,0.11463680375906989,0.07868863258338746,0.029812817076843367,0.022398783453212095,0.022044219100810867,0.029812817076843367
ig_lora,ANGPTL4,0.1543516342991753,0.21766552408581685,0.3952083645727331,0.2337062582970465,0.18752791077991465,0.30690428107336143,0.19537845968531123,0.21760255909988815,0.36001482883666264,0.3090109157318483,0.2072400955359263,0.23084017104664128,0.20435946014836698,0.1979189091919227,0.2459855051649783,0.14793962127485805,0.24113193884634657,0.09270857345003691,0.19587201966662604,0.2660813648114694,0.0544539629038253,0.09809755677496626,0.0,0.20328349577315874,0.34962599967208946,0.3093444620444618,0.0,0.0,0.19129311337931598,0.13112072428004679,0.18404609608565872,0.19456735163080918,0.22666083336180937,0.21214203155399952,0.30450121353735443,0.3022391701962144,0.29875371774551274,0.4274395525534334,0.09445061569789044,0.25800459468006265,0.3282847160321511,0.17203125364404775,0.2143442088131849,0.1330495326090706,0.07683132687321213,0.2258335156288052,0.20054734814621136,0.1561142169399489,0.0,0.11069843149433244,0.23404912511808845,0.29890262363826586,0.0,0.24579915277023257,0.21227124078432788,0.21557520035266647,0.22278909790447707,0.3563548774999754,0.2582256930869889,0.12395176104142473,0.046532376410200964,0.21420712964330835,0.32156529649354987,0.18092448464907568,0.17408254988991745,0.1652338422939437,0.1993380837913929,0.1778605103023873,0.2638890597376536,0.10048156963500086,0.23304736131810064,0.149304274060741,0.22211679620990865,0.27792142960027,0.26498607669974156,0.1322255021529132,0.23550169078668726,0.07797898892105175,0.12756576840305192,0.243342389630389,0.137307218430828,0.2506011844100956,0.0706492830048441,0.22683782017474746,0.2354295679324242,0.0,0.25440099958170653,0.10152718520047223,0.0,0.25520458660385303,0.06625642545518037,0.06347477275487455,0.08189150332730204,0.15140418646570977,0.29153747525970675,0.16025644783259904,0.219449023817767,0.18103374849501244,0.041075203994794064,0.18111431656484847,0.1376343930715324,0.23114398764527513,0.26439888725688226,0.18468043133273837,0.23908440900667272,0.07225114676380788,0.0,0.1931551517321882,0.20000508984718357,0.22477005195517386,0.20938477159496308,0.1335740787890534,0.16181309940984817,0.2484731724398182,0.2262404000769791,0.3497565011182687,0.3574995688192852,0.29959846882987207,0.2513026623746179,0.19261413619833384,0.21746235864343483,0.1292246050890085,0.10622753961462778,0.2105080764190649,0.22306826594194445,0.2034020224036686,0.10189582024460664,0.14394340827845056,0.23921103147779033,0.1672939772957555,0.19836280933707853,0.1714282193987952,0.3240126905985187,0.29879420942928553,0.12874953877693665,0.18385428535927298,0.1768161047719247,0.1419948257947888,0.1851289861224817,0.11222372263641543,0.23354877132232127,0.27006418624210776,0.2831465451268855,0.2573732734841461,0.24292107036132152,0.19707979833094316,0.26388729724349386,0.2583656723994687,0.2840505783458121,0.1690136102689183,0.1423526002946763,0.04656976294744282,0.22792759897661785,0.21114961407757313,0.14092371868532602,0.1506732742079962,0.2979896667071402,0.21729732557782913,0.23112189211286607,0.18293685643650168,0.1959890438364056,0.11363257808941872,0.3673602513152913,0.24045050894524908,0.09026319668110556,0.07647722501444733,0.14736711037807732,0.10122329876387241,0.35279170471201693,0.2552329091636086,0.18910355589308211,0.14148757660807948,0.19359244457821942,0.2279456285783145,0.1302977975175477,0.2338928986121399,0.20961354281812072,0.236405689938204,0.20012645496589868,0.08504242754309137,0.09815750293319693,0.11750534398666858,0.09696738808597723,0.09815750293319693
ig_lora,PLEK,0.22671646174250754,0.17082295509387407,0.32810850470023095,0.13179132742834931,0.2771358634984967,0.36961680387816553,0.3498053228658911,0.32982888813879885,0.26998714262723655,0.2568159796539974,0.31340122682492855,0.16626215266529934,0.33725785391716057,0.236812957743672,0.24567680856524937,0.21848658376726435,0.35009581416471647,0.13398403344007173,0.22005267099253248,0.2234215212877513,0.042929731291305666,0.1554739169326937,0.0,0.17719429148363258,0.30371532101213444,0.1643990887920474,0.0,0.0,0.19221703433641807,0.10068049682243617,0.1485741151406547,0.20987110341548232,0.1935311356509589,0.3210797235721323,0.3400103742369613,0.20281170279685323,0.1523677215638243,0.26711580943485635,0.09108826577757062,0.28172720101844945,0.3836396194262492,0.2114319316999217,0.13941909444380476,0.13693731853721994,0.06013373167139906,0.26688612873943884,0.10049670722801818,0.16542770914805013,0.0,0.17248281042578717,0.2785243445435146,0.35186272168963556,0.0,0.33423038107072667,0.2953175528276707,0.10835447044837827,0.1801795559552291,0.31324031184971785,0.40312441387887027,0.17319068917729205,0.087371198456991,0.36578396709034455,0.41912810459444017,0.14080936329099444,0.16551364613408673,0.14366739302149548,0.276379101910821,0.14018152522694388,0.17499688979294756,0.11444017718526292,0.2573669141526559,0.12941757905350765,0.31697345565626805,0.2643562569991965,0.314220557951659,0.06735810638842776,0.3480421619452344,0.08360036179420235,0.09151893213999134,0.33005780326377177,0.1796661533568252,0.29115301067996036,0.059020939805513664,0.19166434961578993,0.25273998074566567,0.0,0.3718303217343611,0.08287028750524343,0.0,0.35335313547507186,0.06446848778920763,0.05537723136337584,0.08039006989867463,0.17618207078426984,0.2543245613948092,0.1017093269207382,0.16072428329985358,0.24863557531475433,0.04071434236280951,0.28880573285388683,0.21638440373941215,0.29015743434634994,0.3064654113075384,0.289452063830587,0.24139851540767324,0.12633132151837353,0.0,0.3110597194477877,0.2831746504226281,0.23020134539515386,0.33907689816202374,0.1883307682600869,0.12520246354025724,0.2690893618316894,0.2325542153110194,0.18348122012852047,0.13303543752783736,0.24376322244557813,0.27133739882383456,0.1887120585213476,0.31956367382788115,0.09234272797318968,0.18652374247501538,0.3447456040039674,0.30537433341867626,0.13453680158535522,0.0970705880790319,0.1720923374025334,0.39018166423082057,0.20669594520276086,0.255711391617148,0.157441367053979,0.3656305356476961,0.2837047660052641,0.14516456785520201,0.3764604167072919,0.2925124817529746,0.17458065861307093,0.22369292303516772,0.15108099003354195,0.22118706875405958,0.28089527044894874,0.3258262572821325,0.3975430578182798,0.17626037032591424,0.12300315588363055,0.16603833413503652,0.2614972914197348,0.2323856560156954,0.2904833667573324,0.16043977439815785,0.053381926624086605,0.3231047051234917,0.35184216803925517,0.18989604953896475,0.23188177251127873,0.27031821997994193,0.21311474064654526,0.2607014582368135,0.3053740399090571,0.20251741775448037,0.1787734600494751,0.2217440082937552,0.2858281935814158,0.10826277934375,0.09976054063539626,0.14571839733406322,0.09696813935437225,0.20200920265567113,0.3286427663387888,0.2601827608205922,0.1326067803329582,0.34397787057846213,0.24441028777173227,0.21319807370920732,0.20457123634933252,0.3327773465254064,0.31020869222992314,0.25387216847078425,0.10699291117082951,0.0937433206721307,0.09497199428548841,0.08499969507636031,0.0937433206721307
ig_lora,IL1B,0.1862470849247611,0.16275017623472687,0.3322166474669967,0.14825909202621257,0.33285934488041535,0.48501620505784554,0.28104269929906184,0.39638058357696254,0.3021285017766419,0.3042135122814667,0.33041246487033893,0.17220650664219647,0.2253072344754437,0.13799389318679778,0.4258315391116712,0.1140534346743543,0.3690112374064429,0.21845898541430764,0.22388459211500447,0.2920404775609638,0.03373119583015632,0.23123641605107836,0.0,0.27069993045649754,0.43520472607202876,0.21774246967302807,0.0,0.0,0.2184655816222699,0.05418858756426167,0.0826721190064528,0.18620431690556977,0.261717055122849,0.2979252922693879,0.32707523036126235,0.19577704090255468,0.10875406028731546,0.41774510048058944,0.12228235790567854,0.4468065038704497,0.45919439035003634,0.15007768606553962,0.24153507156349666,0.07635577471333754,0.03830445711710609,0.3214933759453637,0.06615137153162387,0.1170137634854382,0.0,0.16522991322862662,0.4527184591675072,0.40035455362381567,0.0,0.442868187647825,0.16942521671723146,0.06698354524087345,0.24416953378342357,0.4074604533937328,0.3847705806300237,0.14199416465814688,0.03460297659663562,0.21195015415413715,0.3404480066528659,0.2284361281716935,0.24942208159592802,0.2407989254609098,0.49175016117618314,0.21914017790870186,0.133569255880482,0.04966178076192635,0.2350325774504477,0.07531372918331967,0.35959671317547887,0.31565713550968477,0.30332993694942056,0.09238791400422317,0.3397482816490039,0.053817952964695916,0.137764157426991,0.3299130214036814,0.2119268825350264,0.3752412343344718,0.0371941932444449,0.3423196142434192,0.22889637188085885,0.0,0.4643347784964615,0.10906480720870564,0.0,0.3298795895752182,0.03554262271646845,0.046278361943189336,0.17577050173480022,0.184527647221043,0.22800250150244974,0.07836357521903095,0.1584103486105267,0.34650403625910825,0.028942586844522708,0.17684004073769588,0.12785364254058465,0.2728607529819166,0.20320970592402013,0.2491876006431874,0.33039122523965603,0.04755237565232462,0.0,0.22446330526892472,0.32514264593240094,0.3883472947249069,0.2990111066047736,0.06608135951450665,0.1382961290162335,0.2213573753481024,0.17350043197794496,0.22487187410553194,0.08687155865075535,0.2787111582170977,0.35307457128772907,0.21927801484787687,0.31083958057894934,0.0550503624183231,0.061060351460023685,0.2358160881285761,0.3082325042652368,0.2452918635925441,0.057928956685769036,0.21768182079357623,0.429060508035375,0.17551012125644072,0.20429667172872942,0.10720413577430626,0.40656520736922913,0.21362175988810028,0.061990475536196896,0.3162090318543418,0.26625370141273025,0.17046585462738417,0.2516344259841211,0.0901373594972212,0.2238044310347566,0.3716804532096105,0.39582443813419077,0.33352005942446095,0.1994983890397084,0.09795024759216538,0.07145528349229668,0.4087981391202741,0.23740511527108402,0.4464741737087659,0.062252611474150336,0.14582910810294702,0.39719115264338384,0.29328689472416486,0.1506982416888778,0.17186829091518074,0.286423795499958,0.1786571819303393,0.26041163922618726,0.2522235120604442,0.16823733811922895,0.0650919346336865,0.3821770322244475,0.6407903237640313,0.05109441113792432,0.04367683416546015,0.08200042020732429,0.07793533441970253,0.268877504939897,0.26411061132547925,0.2338830712804899,0.21139945453947107,0.24374408548284326,0.2897122627543376,0.11239409306980108,0.20341186967621216,0.4577444799261063,0.2713787105981653,0.2459237098855238,0.17058559387804895,0.1677877966609968,0.154818622849798,0.14942041113476406,0.1677877966609968
ig_lora,SRGN,0.13092133891651878,0.14892790604582748,0.35967204156410754,0.14588090755028096,0.19452671758770973,0.2749483369301385,0.22378114724064888,0.2906469849069123,0.2815853486151123,0.2936375430962746,0.247761298263287,0.14314133251829442,0.22966766077678186,0.2110023132246241,0.2314518056426033,0.1457682785278423,0.17844407591062308,0.050354547678276705,0.13262919634866424,0.17591067381882075,0.12675161067299864,0.12514085359340935,0.0,0.2075287264502322,0.2040243842744133,0.14461957692578514,0.0,0.0,0.10043437794082619,0.07262978552441475,0.14226609497926201,0.2752837465750126,0.16936813546077556,0.2352580811688531,0.21500508833176424,0.26083876374994447,0.1635469651073551,0.22406539451960414,0.10146208836091283,0.261746385260504,0.2754543253873383,0.1593687231111706,0.15482724029788714,0.12377192823171514,0.11627076862368084,0.24061654252789466,0.12748238864399614,0.14612493458478867,0.0,0.19038646942100826,0.21798378935634888,0.22382135326827396,0.0,0.25174782932134215,0.29729823079117335,0.11812547962261277,0.12710701445398745,0.2951980005012705,0.3274102073847649,0.11940748111205235,0.09275698725058139,0.3161980415824485,0.23282462880932567,0.11434829096064697,0.12006735353031187,0.1146898271473344,0.23633327835657184,0.11254401234026166,0.2487091585422702,0.11552937147410818,0.15974091379016345,0.1204318447290392,0.3970796794805345,0.2412649243314832,0.1923930001366718,0.1021337021542964,0.2666415576250879,0.08277746560172489,0.09160560978360345,0.21346626650981598,0.19714265774891282,0.307967286061454,0.10514572132766965,0.14197610346530587,0.15028454176017053,0.0,0.2741422061726779,0.17760450858665222,0.0,0.24447942332419062,0.07175421468997924,0.05958438884074235,0.08819509097902312,0.10814718161926964,0.14408887308473772,0.24900399133861614,0.08968161517248753,0.19053998671777042,0.11728323218062799,0.20462231640349896,0.1840874189140708,0.18522618080520625,0.29557688281202105,0.17048654231264815,0.1909979856118746,0.08340734297958749,0.0,0.21789305513118193,0.2090448651620203,0.20955113256716434,0.1633036730475674,0.22816606983742913,0.08359958112489813,0.2686030135333965,0.17537745822627884,0.14447843429555485,0.18381088156622563,0.16553832240261215,0.179348893687302,0.23331521188938054,0.28579170880999977,0.16978023677240067,0.16676680961775064,0.18426257502394397,0.266766444952762,0.20194247036708088,0.08603006071775994,0.19828857807683084,0.26613365957375246,0.24907954955342648,0.1401946596551141,0.10230254161075268,0.19588449991787357,0.2519489118646336,0.10604655457844862,0.22033536830268566,0.15665852060449087,0.10600375945838793,0.1627657811449204,0.09594416674814076,0.13341627440917117,0.26831473011011436,0.2119681279566641,0.2715588547113714,0.2658917348140772,0.24551134979405317,0.27135958737958604,0.2209110863282896,0.1907497297512885,0.1619789096899564,0.14106645167540563,0.047518940677893064,0.22199678458095656,0.18294845060830184,0.11436887572725492,0.1262862485322292,0.3042229284806356,0.1324679837709387,0.1936067986310677,0.19824294472907172,0.11763247278314488,0.1583231357991511,0.2626922790987977,0.23271363651152818,0.07915193854222717,0.07395975513740526,0.1275678382208659,0.07888360498792432,0.23384747517916862,0.20230842382016925,0.14372485845629132,0.13884364822626796,0.13889537834266547,0.23328956593122155,0.266750650270895,0.15183776565410967,0.2858878189560793,0.24039038363928733,0.22972816140304558,0.1203885104565768,0.09960407454277528,0.15615080769174458,0.12010824344232313,0.09960407454277528
ig_lora,GALNT15,0.07489774471123856,0.11396152914274747,0.21993658118054082,0.17421083915541075,0.050994771988890096,0.07486106943668261,0.08153681517726323,0.09515995351788126,0.1020899698308734,0.14244368349771763,0.059755514787846575,0.1618643357744281,0.09812714267309851,0.08554281648197991,0.04112355848272933,0.06798894945792631,0.050917911087682705,0.0262674507770526,0.06824418907980138,0.07152629749154464,0.2493057093596158,0.05103195196187885,0.0,0.09276063871819881,0.053429784659882705,0.23040520986950083,0.0,0.0,0.032325795066179226,0.05951757233109545,0.09260032343598709,0.07111595525180164,0.14673832325572966,0.05995144109647587,0.07279402117044977,0.25488759915482695,0.2267192152539556,0.12409490041112183,0.09248403729761084,0.08879206354722598,0.12147612051104996,0.08961366955221256,0.03517888196200456,0.0818894944625889,0.2879008183587746,0.11496556801034416,0.15791416238303485,0.06357126909151457,0.0,0.08850099417322517,0.04233318595845321,0.05751859091578178,0.0,0.07694008775929939,0.12987976281558297,0.18841201152578274,0.12647090009784864,0.060068444903622134,0.07636794290930592,0.0549561207531349,0.07174753364755088,0.14482511064928918,0.06018661899630355,0.04950425058005543,0.048046264329462046,0.04359455229740635,0.044669741983244984,0.04928336243675929,0.22879183217699062,0.13496092975377832,0.08765741187007864,0.10433962246697707,0.16035183227104752,0.11387455739698693,0.11456087616106617,0.02331081332947063,0.07933802126364853,0.31882425083991317,0.20294774641944308,0.10439265428353288,0.07791090716373934,0.04923738569174141,0.2633557107901915,0.046590034911406925,0.029215926411385016,0.0,0.06719875771758667,0.23416513595795532,0.0,0.09353091430095366,0.11385664623523153,0.041695631260680856,0.018264231887506466,0.06778563081806731,0.06498043466863933,0.3286895313420123,0.043408871409775986,0.11488409343550403,0.32131229612127093,0.08232044015958129,0.0757448842694581,0.06057851572693272,0.08923277052175797,0.07091613836749101,0.11043393279512909,0.06360533610442135,0.0,0.07504639669157165,0.10985530382945673,0.075192898160708,0.06737257900826965,0.22343597198197354,0.03142899700308129,0.07250121953208855,0.08060056099375042,0.03315765956802734,0.2315729214309549,0.05750627890630488,0.07794779634231112,0.09432327766918769,0.07150493427276552,0.3948611092061434,0.09387693966995309,0.06809546258759704,0.07676951563521293,0.03656950296627213,0.10292114277779209,0.05041262288986552,0.051767573792748885,0.07018150670981774,0.05695119576561825,0.0645734221333042,0.05059612617394145,0.1193686026302571,0.08125897127535679,0.04327591755911318,0.07939247919073325,0.06475705703498999,0.13733560502675046,0.06519920063758668,0.05720491634889811,0.04266125704891429,0.0698568713845272,0.08744677341943552,0.33256092910173785,0.17428449237731483,0.24226620293306964,0.0826148867610108,0.08698757820597151,0.03561580586108663,0.17096087980634284,0.011048264481579459,0.08416683030458662,0.05111825565792246,0.07655546183033911,0.06245527961539427,0.0568937527276027,0.07255251301566062,0.04346453627060155,0.06297232948186723,0.11368897788294911,0.09555034355648528,0.06823981707845748,0.03714445075302073,0.09112214515427809,0.07355418376653602,0.07039655434541964,0.08543964653647038,0.06828986670804578,0.05468776942276172,0.06578336132421071,0.03340449462180015,0.054373421878309604,0.1925731890802972,0.07475190887255585,0.09676477838349504,0.07999408078425782,0.06726274155401668,0.10899574521968347,0.06818463586392973,0.023083180164684466,0.01763543174155886,0.0172095669694188,0.023083180164684466
ig_lora,ID3,0.09462665714180013,0.18742711456027014,0.20820150863120856,0.13496105442262604,0.21275250275199972,0.2786471727289883,0.12583623738176397,0.32418576450462816,0.23564254628675083,0.35731935189033,0.45460902124487934,0.16078380631822206,0.19302202247248734,0.16305245810070984,0.4050655407969512,0.1245066714086439,0.1909617363280256,0.07870818936870116,0.13518548103050562,0.26385877703481847,0.02845529957757456,0.3015051453962381,0.0,0.3476461631030686,0.3350778942232902,0.1623031286532529,0.0,0.0,0.1626998957197363,0.06543881959581334,0.1853478243974253,0.336485108254158,0.3645892194351814,0.2151885850496836,0.3402321446851224,0.2407267453833106,0.10909100484899095,0.25089822778629944,0.14339542274327544,0.3191388080281183,0.3440857198860969,0.19034897746183604,0.38279040269193637,0.08311347953807231,0.03885670915916377,0.43646591514663946,0.05271376580328558,0.09959480862640302,0.0,0.1680739458737254,0.3484170756469743,0.296221173042215,0.0,0.2838463623762875,0.13637228493711348,0.11083877497720654,0.1372044686039622,0.2895933059716073,0.20580524571182246,0.1472283190942521,0.034487686415610924,0.14597287275523624,0.24093043881123086,0.14686817048023354,0.1436907963888667,0.1461904900539225,0.24932838864796045,0.1405681655691735,0.17695837489714958,0.11652786500164794,0.15033721881164389,0.18600363300616365,0.2672930938066203,0.3217698455914142,0.1809428293116544,0.07667046608342142,0.37701186600901193,0.04836723273767782,0.0680833158853705,0.18867884557162826,0.28699042424575083,0.5057777552299271,0.036389628905868054,0.27729178234254304,0.18255630553055557,0.0,0.2885964333868473,0.16992036070953406,0.0,0.2676892337561919,0.036413908180196096,0.18772610205376916,0.2742755969918321,0.11009295257467511,0.1669359307677555,0.0639047284517336,0.11071213797575215,0.2657708007359076,0.0248700576786207,0.12158897373262119,0.09875804485410222,0.2562194881668791,0.15337016286615762,0.16784972472194415,0.26626376323816175,0.05110543979356971,0.0,0.13675824692611765,0.20019217266351214,0.3708939307908709,0.14413991462217843,0.23062606030218816,0.12452559978017178,0.27759633464871125,0.12344691321157,0.3088716826152878,0.10747196697448971,0.18610990851490228,0.32156935586034496,0.4194468468858806,0.3342872257338954,0.05586528385178135,0.06466983930178152,0.18470336395077996,0.22970216890847303,0.48095269851032896,0.058953829072748744,0.42287262789279784,0.24772179513989911,0.4153494197169763,0.16663884577227012,0.09791181105129565,0.2894698581845983,0.2448215050951469,0.0776540940133828,0.3536784379108601,0.11715756670081792,0.15293838297578272,0.18037681177026976,0.09260452276075386,0.1986850738381391,0.5110827817854273,0.2656098766850848,0.3628194208201476,0.1135139347707908,0.10057067006308547,0.0807117571519745,0.39787319597218124,0.14057132868439604,0.25477979948709106,0.07117975029613845,0.14932455726600594,0.1688017994278626,0.21175497520307507,0.1012550655055366,0.12738650923405703,0.27221325316783496,0.18704779113651057,0.20539104288260943,0.14158066928104418,0.10868649548145097,0.06946745430092369,0.3187142170303607,0.3435565343327183,0.05346610255247801,0.10745548509283245,0.09132861726675459,0.06849806307505626,0.3432020581332957,0.1913881323617865,0.1454465017875218,0.31877268834409694,0.16001836521688134,0.16299845401310273,0.12378394362816258,0.17509846859363795,0.3982263422330303,0.3581145985100116,0.2129086412489983,0.304154775265507,0.2886115611156782,0.4126982946653366,0.39259244148681144,0.2886115611156782
ig_lora,GLDN,0.2574334035272147,0.14033607567418874,0.34490636624057525,0.16604365520353034,0.2273834088352061,0.27616291972072515,0.36735914966641386,0.3129551078235469,0.23398428641689276,0.2677970733910465,0.37861547175306237,0.1395346269061122,0.18951360640102824,0.25048293407673894,0.23931566137741841,0.23928835500615003,0.28422004452479027,0.06226184807339075,0.17838226843576507,0.191467701713052,0.04218279210331191,0.18835348368873392,0.0,0.14891895052139936,0.21509983806988775,0.17263537933326642,0.0,0.0,0.129462500642424,0.09899252834345647,0.4559381070320008,0.3542457692718302,0.1635747451894471,0.3405583124091108,0.3136803832363741,0.24793765314487506,0.18645425753054537,0.23233911897125825,0.07613589947576556,0.19180745160327106,0.24841299598531835,0.3050721846893164,0.21460988831857927,0.1845310378788574,0.07368582062177637,0.2220983899146077,0.07732967945491769,0.15791700989477214,0.0,0.20780506934220408,0.2543811632554646,0.4013745734668493,0.0,0.26830100092863396,0.20886972024011205,0.16046385650396544,0.1515792993495227,0.3074267318033278,0.39894411174399635,0.2615592324685548,0.1329638455527678,0.35739091911639304,0.28179093616538087,0.15628538591846886,0.16045879823057654,0.14217905171107142,0.20358788445459933,0.15165924639283235,0.2047981236613781,0.17579063210934232,0.3445510503788142,0.4862555972332257,0.26698744189485,0.24769563771631742,0.22203498548165482,0.04485326311675258,0.5060500630627266,0.11062701516724206,0.12878297788864787,0.2593302787838307,0.22690961628519402,0.24968556080133517,0.06774085814430333,0.1656812114511088,0.13181034623186047,0.0,0.2628960886211904,0.06763200443865226,0.0,0.25683619170102473,0.06083801110972703,0.32428358883097275,0.053441185376233345,0.1570947130910004,0.22813682582339764,0.1550955109610307,0.14304192897447052,0.2605860609084294,0.045676565829641656,0.22746425892702504,0.2695004971647845,0.42824668878372796,0.2798410964194095,0.19473404597659816,0.19941401059783148,0.09445669143020335,0.0,0.421865201661751,0.12241781749941467,0.17335414127147292,0.2665152506189149,0.28841784120046626,0.09446040999423508,0.35613547526618944,0.1640248524079369,0.12544635095584084,0.21212377746570227,0.2522170780761699,0.20569978385801846,0.23795824137871294,0.27983582624321585,0.14022842021310786,0.3314725392823876,0.2956752771754241,0.2930331772750468,0.21634062500959908,0.17110023670326316,0.2267329761006725,0.2987403581440821,0.23378313741670181,0.15132901903206766,0.1450803164547952,0.37768881127574905,0.36898182527604917,0.16989120592229923,0.3403022656754937,0.2955553270085711,0.1486167065202923,0.14968886886205057,0.12784198748662218,0.16958282074177783,0.2504718581870166,0.1984922589875458,0.36186010342633157,0.14942262449887384,0.1541630285706715,0.21300272088464076,0.2005661557313138,0.2867319443533725,0.17163923542134096,0.15245780500952005,0.02701151582439058,0.2419004817389948,0.15597955891448748,0.18660616790857779,0.19484697138550142,0.18123333001053699,0.3210218305966534,0.2207944688132715,0.3514631500420868,0.164021957090537,0.27482165401757164,0.2221815009435053,0.1797465688887025,0.1539141880944317,0.165500538557484,0.14440315045173444,0.15054868395798326,0.2021482413783966,0.22925812493311376,0.17138787297999344,0.11204637952114677,0.17011765767438305,0.1687607838342663,0.18354268730031917,0.2187126989265069,0.34833702885171247,0.37952548399447117,0.20871512527603964,0.22059275194749953,0.06830331411797966,0.062174662303250014,0.055529405206900695,0.06830331411797966
ig_lora,SPOCD1,0.07645312308541304,0.19638528633084557,0.20994512846235305,0.1374263193603503,0.12632827182609932,0.1688087122205073,0.1393729716160143,0.2941349736400978,0.16180205788426594,0.30087535173319874,0.341015254600343,0.29759625062621686,0.20239383222016508,0.19558663930953668,0.19876581862023882,0.11761675326939285,0.12399266444061331,0.052597144708165296,0.11930818301731204,0.17004406095457636,0.16437741191537986,0.26001258779106917,0.0,0.4024471262470324,0.17708973212734563,0.1582032283929333,0.0,0.0,0.130628912896922,0.07280020639674298,0.2697120916588916,0.18224397294404118,0.25122938531805517,0.11173711411620764,0.2228117871001596,0.22600884190247691,0.21616834850499578,0.16803288411911455,0.15688873007297627,0.2062757069410886,0.2544842361798513,0.136460636434538,0.3875812728764843,0.14244934219918123,0.10818702206718095,0.3071297850475434,0.1237482985793074,0.10044422967378279,0.0,0.19344808093956498,0.16023999725711283,0.20785421600101467,0.0,0.1734987148438837,0.1516407003363364,0.11905749736104713,0.12345245300774955,0.23437488317342633,0.14525240060488856,0.08903530855744969,0.09516198055178565,0.171422719230726,0.14470839569748306,0.11897967985856024,0.11510544085740422,0.10941540132820568,0.17030417688784782,0.11534400643235973,0.18300171150193983,0.11068658452476936,0.1478519640110634,0.13908256226665036,0.2792529586431498,0.2644664994882439,0.13723351476672244,0.050895900432375116,0.29554703983029895,0.08261873717288162,0.08483128811684822,0.14269407412816054,0.333428733811401,0.45566868706479674,0.0960438432902417,0.1914658445414441,0.1204756833310311,0.0,0.18734195937668074,0.3862652921030173,0.0,0.1860492894467281,0.068318310589062,0.08192563277303173,0.3414510136755653,0.11763749545823274,0.14778495603243996,0.16611794723467563,0.07878129713338142,0.1857499284135977,0.08903721845487807,0.12251388507594345,0.1370547780766053,0.21851750562994363,0.14789845307409552,0.148254305626205,0.23663073523916817,0.06586295610710409,0.0,0.10148733748162209,0.17369730472564085,0.27059100096752864,0.11214564392956206,0.17860372387791315,0.09685977437185407,0.16379157456070143,0.11807919980418742,0.19518939347401384,0.17143147603948275,0.14173592879530583,0.3188089578221067,0.4312395952844574,0.17609485895084767,0.11498777531422688,0.12221926131904032,0.12815337025082785,0.2097060180430285,0.3944710900473658,0.12789447088724054,0.2754806125529631,0.15590138124706782,0.4190637660650663,0.11955539210861181,0.10371068427530701,0.1702752908550971,0.1912891437678318,0.12202998529775286,0.1850132982900253,0.09539096642945866,0.13754200066588382,0.19108369317420054,0.08583437950237459,0.14210567622930498,0.42705597951639884,0.1525169384719033,0.2724084567042874,0.1727543934040627,0.2840419470191972,0.16244335563900286,0.3241716390896051,0.1582147273854876,0.14535181273495318,0.14977006234300846,0.13426077577938594,0.11995879341949682,0.15889830211683517,0.11497679361891307,0.1141742876141572,0.23326996485278792,0.2528702021463142,0.17504160678787994,0.0930346445688734,0.13100459535665127,0.12978806973673146,0.28714949742003726,0.1809310294652369,0.08757864650398137,0.08039863579006469,0.11986968348467338,0.07992421606482765,0.3378873303250028,0.11448080329920801,0.12171599540541368,0.3661213238676186,0.10429718921608488,0.15685694506766293,0.11889049267020271,0.15930681865586768,0.21018016816221327,0.18069795273201228,0.16630899078652017,0.30641325877855774,0.3631026523515309,0.4157755136969989,0.38232169917300846,0.3631026523515309
ig_lora,MS4A4A,0.0,0.0,0.0,0.0,0.0,0.0,0.0,0.0,0.0,0.0,0.0,0.0,0.0,0.0,0.0,0.0,0.0,0.0,0.0,0.0,0.0,0.0,0.0,0.0,0.0,0.0,0.0,0.0,0.0,0.0,0.0,0.0,0.0,0.0,0.0,0.0,0.0,0.0,0.0,0.0,0.0,0.0,0.0,0.0,0.0,0.0,0.0,0.0,0.0,0.0,0.0,0.0,0.0,0.0,0.0,0.0,0.0,0.0,0.0,0.0,0.0,0.0,0.0,0.0,0.0,0.0,0.0,0.0,0.0,0.0,0.0,0.0,0.0,0.0,0.0,0.0,0.0,0.0,0.0,0.0,0.0,0.0,0.0,0.0,0.0,0.0,0.0,0.0,0.0,0.0,0.0,0.0,0.0,0.0,0.0,0.0,0.0,0.0,0.0,0.0,0.0,0.0,0.0,0.0,0.0,0.0,0.0,0.0,0.0,0.0,0.0,0.0,0.0,0.0,0.0,0.0,0.0,0.0,0.0,0.0,0.0,0.0,0.0,0.0,0.0,0.0,0.0,0.0,0.0,0.0,0.0,0.0,0.0,0.0,0.0,0.0,0.0,0.0,0.0,0.0,0.0,0.0,0.0,0.0,0.0,0.0,0.0,0.0,0.0,0.0,0.0,0.0,0.0,0.0,0.0,0.0,0.0,0.0,0.0,0.0,0.0,0.0,0.0,0.0,0.0,0.0,0.0,0.0,0.0,0.0,0.0,0.0,0.0,0.0,0.0,0.0,0.0,0.0,0.0,0.0,0.0,0.0,0.0,0.0
ig_lora,GADD45G,0.21249027008842664,0.15558604860235983,0.43060243390352976,0.1262728479421695,0.17479035899144804,0.26554191754139045,0.3081354717203665,0.22122439245229403,0.27054449256765656,0.3119326154277738,0.27675142339290415,0.17476979175108626,0.22842311005072877,0.20955809897223346,0.26919972611546783,0.1393273125211631,0.3560219700033844,0.374735693209724,0.2221299044730463,0.3043765996988257,0.03407916583022524,0.1403848642157883,0.0,0.19612335179848459,0.2375286468544086,0.21706099342032106,0.0,0.0,0.3083545346506425,0.09042905679147314,0.2672657786377461,0.20166331051970335,0.21876596057818912,0.20893399519866368,0.27775341658841646,0.2907993678581978,0.17341398959345625,0.2759692662715596,0.11549236385831028,0.24278406523056217,0.25122620050079125,0.17103702889533767,0.23596676645989662,0.14536895506768474,0.05764192560501165,0.19939392057850622,0.0711113456759887,0.1846482323408895,0.0,0.14071213012050007,0.25585028062359444,0.49126446278401287,0.0,0.2312864502713746,0.183471290128772,0.11430177626555467,0.1671806276720241,0.423221703001758,0.29537758867352965,0.11178837359279149,0.051881453119711374,0.22722273729669337,0.35328517576707247,0.1950628606869431,0.18738666886740968,0.1647004273477682,0.24936672456924494,0.20008285587646293,0.13689647959456372,0.09720591051218266,0.32502880210906837,0.1601621138892527,0.22587142217092987,0.3256996112837116,0.2576726642095457,0.0927667653018942,0.3287498044211557,0.07676370713373618,0.09063245299824454,0.2639491227796072,0.17254250054998724,0.289049926850438,0.05260571674387783,0.2488180114376285,0.274033307365843,0.0,0.29400655074984927,0.07123220131357565,0.0,0.22006482876143857,0.04950508359383143,0.07733757204986898,0.10886981891780181,0.18685228307647916,0.24185820608135156,0.24004596897277178,0.2590709901781092,0.21312043533380268,0.03314991202045783,0.23323893541489393,0.14481272549975904,0.35184193070557923,0.33443753200018794,0.23325812237916863,0.2334459416715906,0.07954257686675051,0.0,0.24074366487961876,0.2524938747906379,0.2644649883295738,0.3185404945911501,0.14731135014292238,0.16089093330283702,0.23209806838480126,0.24589704395999362,0.36423560698985186,0.17366066820273382,0.4661968905583943,0.42461072633871677,0.18235185061329734,0.18641237913635691,0.10304983137708343,0.12055131236015244,0.30404789644939756,0.2983258046615874,0.18241049640847184,0.12144029683443162,0.13204712304189895,0.3949391281819717,0.1599395789462993,0.20264833541233163,0.15543736142541564,0.3467506825597458,0.2902420226447106,0.14078762477273185,0.21680977024413975,0.3256981065428365,0.1574797951740422,0.14626487208374095,0.09723415860953853,0.24561694456052072,0.2770649538124398,0.24161384772960884,0.4112377586143062,0.23506744472628122,0.15781851128474042,0.13949121412472024,0.17881302625257778,0.2330702344125659,0.24245601941495395,0.12290904000470909,0.07904820180074096,0.23438602670426628,0.24482962973022485,0.18025266956383418,0.18051958465767148,0.2026696499903224,0.345969053185144,0.26002954903712205,0.22743648996947993,0.18204712943173768,0.12872141330763728,0.575811174991796,0.28535582256585607,0.11039610667027847,0.08943828110154031,0.1362273307716117,0.10201430475646647,0.4268238793484746,0.22813415037466672,0.14440939204547407,0.18734631269734126,0.25820473007661204,0.18040708143129672,0.11200047038735524,0.2869325349261096,0.2601990905790495,0.2647542232131576,0.24656717240587925,0.19208391867802266,0.12332886592720488,0.1020982513396968,0.09882238091689605,0.12332886592720488
ig_lora,OLR1,0.11061591755140526,0.19458150692566067,0.4240181819347514,0.2729123717412308,0.15542684681710775,0.2925527259455841,0.24743083494475077,0.2371830476134833,0.18322854554274634,0.29315616551706897,0.16836303396910848,0.1948046071530544,0.1739717268550006,0.3024664610770365,0.0928790280865834,0.3315557387557236,0.14702093735686853,0.0341944512506934,0.3097348727198414,0.1321144244028058,0.15167265329207585,0.09226942168413646,0.0,0.16361476485772944,0.16893851545763083,0.35858012930051153,0.0,0.0,0.07605092827817125,0.22268351710506692,0.4416027597604547,0.16359461613297135,0.17371765025538077,0.19066922246323173,0.32033693059054874,0.45389119855401583,0.29456028826239933,0.2507419175872245,0.08474750368502577,0.17750837615644532,0.1871556289052323,0.2662614291693768,0.10632875520198967,0.21841119358407024,0.21463368398280372,0.17974332949660746,0.18054477806770694,0.12319816033289384,0.0,0.18113714909557366,0.13200238191880106,0.14157227299884217,0.0,0.19965525512531782,0.270144201395783,0.2443910436024029,0.2612501468791776,0.25831087086725235,0.1892807256699401,0.15427214624517513,0.08033017604208258,0.25305530269855614,0.19262970746246622,0.3708047934845432,0.3419637350808219,0.29794976804136664,0.233019585692699,0.3472019960793634,0.2543900907459909,0.1550101119500602,0.3760594726312137,0.42004293849005475,0.24327825453266883,0.19052039773136684,0.2061027470444526,0.031414867844484225,0.3512351488810559,0.189324949220017,0.31717268397244525,0.18464284530952485,0.18027416619272507,0.09947619502246265,0.1952894570476343,0.30304387405477123,0.047279230526608616,0.0,0.15835585293201856,0.14243268452732644,0.0,0.2104070105441872,0.10891389097135377,0.09047292440764765,0.02613637011614689,0.2353995176589768,0.30368195740830284,0.2708464224953064,0.0862038779425057,0.21146835172265324,0.13704431501626438,0.23914894209474236,0.16369885299813433,0.15819302354311365,0.1983822937115891,0.356084382028656,0.19134677539907202,0.22136419695136658,0.0,0.18723725095964489,0.13486747040137204,0.22531159299069992,0.11989671457492192,0.3179934616250098,0.04410136330212544,0.28616006836150776,0.23774809870412286,0.117305359076189,0.4222787202221309,0.16878478774629396,0.1711388178497287,0.2262640743217188,0.21309593934052629,0.46249984027830465,0.1923989909820092,0.1980292282555264,0.26655739682368135,0.15061340973730222,0.2048224076696596,0.10983616146585314,0.10068228545539223,0.16737828826034173,0.22430393942053373,0.34233026739984573,0.18090933873963624,0.27019512881521607,0.39244985992251674,0.16467416387636505,0.12873850662081376,0.39462199711169244,0.28100202744164543,0.26517718105509497,0.23207415278430144,0.09153135560394186,0.16621341872417386,0.4159478265429794,0.4851930015448405,0.2966366054094097,0.29331287955739865,0.16946135789277506,0.5640751666146838,0.07002103640101755,0.35847244231448894,0.013632326378726954,0.20430078184195702,0.22377407489707282,0.31198327185539143,0.27184401895562055,0.20228288532678237,0.2998311416104307,0.17865965383600013,0.17907771694308258,0.31479132363859963,0.19338230322316388,0.2519817011954233,0.16108019547514318,0.2518476031824306,0.17027240351425618,0.2685818030754796,0.2102214149098049,0.16551964881611322,0.17190092411795793,0.2698163147898129,0.05195843128166076,0.1625488884129731,0.3104378057051181,0.22291017006881658,0.17918320389032366,0.14356294422890864,0.1291562049986,0.16256067299354218,0.109135681223743,0.032311754037075015,0.025417179251658966,0.025246097422650885,0.032311754037075015
ig_lora,PPP1R3C,0.09016999470145191,0.16600890936778104,0.2196672527969435,0.13600067717082548,0.08483957841954817,0.13094746460748694,0.11249910633389479,0.1457010681611012,0.1277913979329372,0.1762582023303146,0.13410301650751394,0.19951644644565494,0.1300266572627902,0.09418573103846314,0.09757609137497401,0.07021813348829292,0.1387377372974529,0.053154272088848833,0.08644455104749446,0.1497411911210666,0.1486037523794543,0.09828361665173899,0.0,0.17514249877621335,0.11040882265049073,0.2001468943669724,0.0,0.0,0.0900753150708059,0.05889015837891729,0.0897808138026428,0.08204221173437955,0.19272302808945807,0.09295711155215665,0.11338266939517287,0.23158722369031892,0.1978668895877659,0.15807863644666806,0.1735757070256421,0.13947379109910216,0.2203010291451783,0.08534342996527151,0.1364528929569305,0.08116819919504954,0.19080416430315986,0.20996227639555026,0.1390947670649098,0.08169370322240191,0.0,0.11830875314767922,0.08330865397376182,0.12530150413613197,0.0,0.119113246601983,0.12944621324436587,0.16671085603251115,0.1179940755943522,0.1301675656645583,0.12379513146618835,0.06233234553767801,0.06221429842569577,0.15640998386760263,0.11952982614635645,0.061356829801458804,0.06093295830554429,0.059851832575297685,0.09545660859513126,0.06259239518796424,0.18706629023778815,0.11222969405734588,0.12285007987446335,0.09413310268973629,0.19688997403648845,0.2382716688058972,0.1577237420533645,0.03766983900696854,0.0989392777717324,0.20751208323299045,0.16040861075507498,0.11628348772738281,0.17229364363351066,0.18832263651162634,0.1822579797250315,0.12321587064394303,0.0963843292466501,0.0,0.13987564128546534,0.2050826540148516,0.0,0.13736118011798087,0.10665234069889334,0.03944152281491519,0.12671211755602496,0.07745157761396901,0.1064294261549002,0.1921723066339717,0.0793418986015114,0.14221469844679396,0.16953391611253968,0.1138179431990713,0.08413371166037918,0.11352697826734358,0.11244824760459216,0.11516307201562542,0.17536778207445128,0.060084668641847604,0.0,0.10368785316057097,0.16983452858800355,0.16662214743145895,0.11055521630070207,0.18402023274393745,0.07641280807710979,0.09689861819585584,0.10369804045974375,0.09922767280914295,0.21654976868565684,0.13411126382117688,0.19359917299173168,0.22250114305520896,0.08749578279671608,0.2754205755706453,0.08600532190604443,0.10499068602408024,0.10620883932470399,0.19251557270281724,0.08780164535203624,0.13201294537857883,0.13497530424231757,0.1771898673970668,0.12466468233214512,0.07035050802361931,0.0962413703185313,0.14604731804639243,0.07798213454022074,0.08952798435790082,0.1134209978343114,0.09068367448683137,0.1170506579298112,0.06499707701220082,0.14782910165730395,0.19606731641571193,0.13033015746064402,0.12953422526001002,0.27371055633002933,0.16157965621112397,0.20294629345753218,0.1708311153587624,0.09544644431799491,0.1142433784683971,0.509790540970382,0.06574956626810496,0.11160768542042726,0.11996845974975076,0.09066723768781741,0.09223212518585987,0.1339803300049217,0.11086863526382447,0.10323320540253443,0.09345275500655253,0.12219859871162352,0.08920658955561954,0.1538180266842202,0.13751508932261625,0.07809542593898929,0.06720292533363952,0.07383384821481416,0.07735909347055939,0.17060290658106023,0.09223766154451357,0.07654509420764488,0.20847518163493783,0.08310441724899918,0.19200008070005414,0.08457373111530078,0.18511694303503112,0.1275468333139685,0.10410512984943307,0.1409422836879122,0.11475862504889854,0.1562375116650182,0.15968510341758835,0.13664485949433128,0.1562375116650182
ig_lora,ADM,0.22951159960422934,0.12886279671024783,0.31116957404635326,0.15991632588183338,0.3265053229801614,0.43350794977180557,0.35976962672477003,0.31566624281753447,0.27358861244554084,0.24606469071158005,0.3154691725253858,0.1434067177934623,0.20203370920342034,0.2505946818234641,0.3482611818944863,0.17742933615696396,0.33163366991960447,0.09507968248310389,0.21891584910839954,0.23815595390344058,0.03834552933104513,0.16655896456263036,0.0,0.18903281406787176,0.3536845058319875,0.2029624822873142,0.0,0.0,0.14900615278557613,0.09548167107349194,0.1658543938941872,0.19675351854174883,0.17448506969570024,0.4240756375362955,0.34115495139777957,0.20509560584368317,0.16127237913587886,0.31906631405507013,0.08235005441118867,0.251778487907258,0.35053899061786936,0.22035340072961157,0.17965142037313264,0.1247378731508633,0.05304483273210745,0.1868394929421559,0.0779398270228744,0.1350184880520703,0.0,0.1028320912060228,0.39138426050037,0.3883600584930612,0.0,0.3234013755936846,0.24440670175077872,0.1059339200052272,0.30746865937380774,0.3421728147886341,0.46168803356403415,0.19523570454347436,0.04998887204382822,0.2792858619699317,0.36002984418184864,0.15084819630837765,0.19640909248727406,0.15900112601966948,0.29321289447313303,0.14581459454783827,0.180163612967971,0.09112821020179607,0.23058221298239726,0.13901752077865687,0.29788144454394005,0.22232443814262645,0.3342787211427461,0.08574989964157001,0.3489581611243956,0.06965752285723008,0.139548936085494,0.29415510556229146,0.11464634083730751,0.25261347539594287,0.05051260313444803,0.19658097925384438,0.16200957302789265,0.0,0.31243600580943737,0.06658958723433002,0.0,0.24298253341056159,0.050280819853935906,0.08033506508093044,0.07829144849675121,0.15413397469019577,0.1887053777105211,0.09218240035136128,0.1431863416758918,0.3045299925013622,0.03528547062803073,0.19436447379781138,0.10483488809957753,0.27671219067793384,0.228549677596195,0.20748857342581478,0.1884376327740151,0.09498818115946372,0.0,0.34915190913889826,0.24632807050602712,0.27490280184297206,0.28021417232959206,0.1451637408278504,0.11298741909402263,0.3103992441814025,0.16258187227507295,0.1815623580098344,0.14219969786624237,0.21764509228730522,0.2058483766856797,0.1470628068036549,0.3396730293340365,0.08089282151903675,0.09248465663601567,0.23674146809805094,0.26048146526656996,0.1608409055817827,0.08777953044596826,0.13885059530489213,0.37660656386423014,0.12006411538105803,0.25415333652389654,0.19085077589264787,0.3521680741380266,0.23494412810876064,0.12552487048566432,0.35333683000580957,0.27307236277449104,0.17778467683505872,0.19680678930525233,0.15966610031510656,0.22518846376610943,0.25761078698714,0.28162333550500857,0.30023656294975154,0.14727955988425723,0.14022926185190115,0.10905640651443023,0.3095821393901117,0.41386469709511375,0.2980780279303574,0.12716112386467124,0.04926787503380798,0.3335012944658393,0.20996724106413556,0.1858305400553211,0.2140317588058275,0.23267097858552022,0.21790232683987787,0.21517823900807467,0.34174507720067177,0.17238400878512933,0.09700831041956882,0.25818673908173023,0.3627263332645465,0.0939416295731804,0.09669187919386878,0.15758885344058443,0.14993195502801815,0.18025933318115453,0.2501967940575976,0.27777096155972164,0.12408702961103811,0.22195737107953717,0.2522560144916963,0.11962281688927408,0.1746239483755505,0.3553601607238978,0.32706883917323226,0.2039082837827121,0.1008394207148529,0.08710118601484926,0.07727382297293038,0.07555820835784408,0.08710118601484926
ig_lora,CLEC5A,0.17725333023189901,0.1397436197065862,0.3286244676444264,0.19712276778356122,0.20538690247923905,0.4622461090064253,0.242129274579127,0.25917104614488323,0.3189985965239713,0.2875709526186356,0.2810920827527178,0.11935921360996364,0.18764832398174763,0.16273509587473092,0.25627447123800934,0.14309141018105112,0.3174195681374182,0.0745024043280258,0.1693890733423828,0.19962228658632875,0.032943744082843285,0.22357273046996906,0.0,0.22460076454989,0.33397957357794794,0.24218801454228486,0.0,0.0,0.13602872882363984,0.0881322886904556,0.17991278963620982,0.21118279434137074,0.1902490921090906,0.3544954160334704,0.21839043137584885,0.3136424117258435,0.12972782122236973,0.233101480394987,0.0994369756145937,0.26849064156755365,0.30376179164020106,0.16472201522435614,0.18747001114284623,0.10912910189923553,0.048485023795080254,0.2518580289762649,0.06496545195389686,0.11253019204314514,0.0,0.14954970556855401,0.2288562744035553,0.3565159797442937,0.0,0.3133572557217709,0.1410283073954109,0.09470971268001128,0.23690518179733736,0.30087650515086645,0.4284947782187321,0.1649209759777303,0.04727421234355237,0.21737204021291628,0.2664548997197428,0.3475109608334306,0.3365765100107209,0.2976121913839337,0.3638903100611896,0.3295975519858193,0.14051691268899558,0.08669934824353805,0.19090525608993705,0.1457675314769523,0.35300261598139165,0.24186626346165338,0.22855558447919636,0.06494126779090047,0.2526990162190036,0.06665424720647904,0.19246324757434793,0.2982443406273667,0.1645259644416512,0.37361124839162274,0.04749049488470565,0.35590343183651574,0.18685241135237346,0.0,0.2589922599648488,0.07484332263824274,0.0,0.2024228173673618,0.04439414114772864,0.10178573647006933,0.10759984190788005,0.12122935418173861,0.1937822461434461,0.09175432632517802,0.13962822480936332,0.24392338183029222,0.03091317902836017,0.12702474439720995,0.11255097050838475,0.23480037292308098,0.19537225087299454,0.1586492553348791,0.20961728486885028,0.07091693856943246,0.0,0.2939173262280842,0.17797003696026234,0.3921350394919475,0.23369346809468974,0.13234808133160655,0.13316392398300259,0.18993077389848165,0.15103116085685203,0.261907512118461,0.12886024408300506,0.2191540663911161,0.22646411845402753,0.1940400357474025,0.1873094506479581,0.08166878836231001,0.09171502445014582,0.20871064706902254,0.25790594761245933,0.2532404013648395,0.08746461385166651,0.15680666811299046,0.2868117739782027,0.16014336322254777,0.20188553716838106,0.14425086080529206,0.28602416970460365,0.22755278619399244,0.10486842328021734,0.21209604481686428,0.20772192468590026,0.128601103661546,0.1254813036866381,0.11496222508207943,0.17308320274906558,0.29457558955170576,0.2581163015852953,0.19846703080451145,0.127218036897957,0.12157035327198817,0.10294380345801268,0.280696553254623,0.3440843669537274,0.2834481665698509,0.09186785381956118,0.07585180806095163,0.26167158869494916,0.172196293529817,0.12777103041294624,0.14492353625988838,0.24208541485113697,0.18298006233331857,0.1984094189055162,0.2676709233176753,0.1640194937908321,0.09578172148157447,0.3269892567873625,0.5148020548707101,0.07814669124862522,0.0795670970885822,0.11144391781828347,0.23081423884108324,0.3058180407331128,0.21588625447780396,0.19195907552729236,0.15656825341028965,0.16972772324044302,0.18514799056047102,0.11541897671534325,0.1810711775690425,0.31064227495282015,0.30527785990501266,0.15899158819272247,0.159196033862397,0.10740953475044823,0.11807659345077123,0.10008859147467582,0.10740953475044823
ig_lora,HES1,0.11540543023264747,0.13945362720124438,0.2281982083566996,0.12842917567266418,0.28040853188008613,0.31808028785693265,0.16907596321292037,0.316403479116806,0.23272042101267565,0.32442500846237543,0.33389574286773066,0.135408662589155,0.18466078878324663,0.16185742286729296,0.5619069312647509,0.13526539846558955,0.20909591779462788,0.09056856573636411,0.1556005540508222,0.23485246162568163,0.02727931364122675,0.1959089519260589,0.0,0.284805206208258,0.32428141472511207,0.1537896017938574,0.0,0.0,0.138071388739289,0.05055253364838541,0.15737322496264106,0.28703494812851554,0.23046535204227334,0.24733597831019563,0.2734353968348069,0.20331699795814742,0.1020090510375386,0.33319078634159166,0.0886284632703656,0.31396213089031844,0.2907298208879865,0.18333866839663177,0.26060956282576353,0.08742059022558195,0.03367500518518632,0.28720990725686035,0.05815900388134123,0.10429497964987434,0.0,0.10270576192572835,0.5159067878139602,0.35584544547789565,0.0,0.3978234527853524,0.16793820791239286,0.10514959586130213,0.15547067646783597,0.2638372217494179,0.20440777516318345,0.1621131747579434,0.041596043307630524,0.1674585824455937,0.2921015747749867,0.12975694071131313,0.13797420661414872,0.15633045723599898,0.2997001563321427,0.12672773967950687,0.154116706762047,0.09470385812914002,0.16105543602179248,0.14747143669965213,0.20436713133583853,0.23277664549106827,0.19472544445438372,0.08123837307634674,0.36147673134882724,0.04515673950654246,0.07185896151855883,0.25512414427981017,0.15900296089140697,0.41484275431756723,0.03259822423960701,0.18454094954547692,0.17236999158380711,0.0,0.41031573564168733,0.0842004417217339,0.0,0.35024021311958725,0.032971751324904854,0.13919886203430396,0.13285562049208624,0.10570385476108757,0.15550545798591553,0.059751856718686984,0.11710061864453851,0.24023516053298077,0.023401391328847835,0.12335180311618671,0.10823693223117006,0.2604695643869637,0.14670493438967647,0.15019596867764487,0.21742249703649094,0.044434579215840375,0.0,0.15676650243149048,0.17858416605591285,0.28335814376104845,0.16808626711166194,0.13971613386930157,0.10626386699238427,0.2968178126538159,0.1127264543877831,0.1492260703545563,0.08971968668817881,0.20402558236533652,0.2455625116764603,0.2262109250227966,0.39922378048707996,0.05131009106377852,0.06880648876214862,0.19965564933005084,0.25320277291952453,0.2667460180525164,0.05610813128374493,0.2605784501312313,0.2650853031321348,0.19503683915275488,0.1525209051865187,0.09474964642619335,0.35957556327330603,0.25533329272006067,0.06368806898517285,0.2904920361048548,0.1475339034603467,0.11367597090438995,0.1831898046081128,0.07082726621203211,0.18194205573449104,0.4356165890550942,0.3037449739923277,0.2484880734518906,0.12610773613020107,0.10025139970813661,0.07262941796959091,0.3830283683450944,0.1699047818722025,0.21759344955716992,0.06289782508047209,0.07026724735537891,0.22257041634278474,0.20917487048144454,0.10077437681222604,0.12335197671810878,0.2171547972082867,0.15912742753609171,0.2180066713858429,0.16448216862875037,0.10157889484863365,0.07099269242835958,0.25234901087949924,0.36331320664806555,0.049840194263049885,0.0906458229167748,0.07699798727200946,0.0778938709845271,0.22000065611114522,0.2121609695380571,0.18770624978410086,0.16152478762963224,0.15140808764332594,0.15571008398194794,0.1047546623477232,0.14456717231546626,0.4485684332865905,0.3460159226808459,0.20569470791529798,0.16806860940672005,0.13579041247862694,0.15469750366601617,0.14629895417754565,0.13579041247862694
ig_lora,ID2,0.10949052521839678,0.15562876447317373,0.21678558153710253,0.14160446392922432,0.24684344171571393,0.32807383613632984,0.13519303843015992,0.2984255971696689,0.22161516542185944,0.38534796020634693,0.33568233067037373,0.1532239084603749,0.16802251457217945,0.14969845040630922,0.4825897973290473,0.1417332529852304,0.2064920143973562,0.0788943219989105,0.13963277381566688,0.2682532964217232,0.029458238660781372,0.21856725152054218,0.0,0.32147640622263174,0.3233954858277642,0.17285944962314953,0.0,0.0,0.13955951722299326,0.05755076298339074,0.1441347310048086,0.24591604074930606,0.2997552999348034,0.22738936018023928,0.2640269149493618,0.21652451110676993,0.1055733755101943,0.26738191877262707,0.10456942829312216,0.35178140092643756,0.3056846916326073,0.17133296415102003,0.3051277032025116,0.07894020814089701,0.03599906253322819,0.34904783018635105,0.05921050747499382,0.11408206828471087,0.0,0.12564427940740844,0.40847715836922593,0.3098674006619036,0.0,0.32687111760247817,0.14000514813986611,0.09924863575095326,0.17332897163389208,0.2728683108568568,0.20587230695261524,0.16690218363904663,0.03377741423320652,0.15324770616869787,0.23459674014711973,0.13525877577239942,0.1352720176065608,0.15467009623756434,0.3019255181443513,0.1328628938139437,0.16543734810353752,0.09123535653013955,0.14882591737949324,0.1235681368344819,0.20334724174000188,0.27535682070998824,0.2114371977025487,0.07397225203001975,0.31303065669172564,0.04762648591666427,0.07005523791580542,0.24979562081206044,0.20953695416567078,0.4976679234820498,0.034541444651945925,0.24057523658847055,0.1472114460908941,0.0,0.3679444157904276,0.11161374249681315,0.0,0.3187768074404671,0.0350907723459585,0.11939203178683938,0.18415639874876513,0.10776744562911639,0.14607202981460485,0.06282534939141057,0.12371601367176403,0.26572637797336596,0.02488625484683676,0.12125052331245562,0.08992994156556566,0.21141629383777868,0.13474470378002193,0.15608953889842045,0.24153597935444487,0.04758825054988238,0.0,0.14582946353654738,0.15542511892912442,0.31893325250236265,0.14349083164294799,0.13938238702546776,0.1054081862133653,0.2621808763505836,0.1207081782633814,0.18054720248031364,0.0964964417798949,0.1840297384073011,0.27405527718996203,0.2850955359170879,0.31261328839909563,0.05456644316466764,0.06300084401177133,0.21205049230730583,0.22625300858955408,0.35388965976773307,0.0579495961241041,0.3039118596377947,0.22635785055588745,0.2554329352720737,0.1697383226791172,0.11511313112144314,0.27947018997187956,0.23836123396659337,0.06543120777289607,0.28437766242576706,0.12613869847078193,0.13570917468300447,0.20198999944784038,0.08730879031346575,0.18859681939391332,0.48681464819571235,0.2974019771094905,0.23905030986952494,0.13066302610916333,0.11163525924062248,0.07117861374005173,0.410607708258103,0.1488859760314184,0.2061884253440329,0.0630121725436374,0.09929011017707641,0.2053170130227044,0.21489561891304895,0.09347885192976475,0.12053636953562258,0.2493535698571866,0.17872617154977508,0.2137494528079163,0.15535048192623585,0.10806588001096645,0.06477472426499807,0.2844527072498861,0.3492450473898236,0.05211620553282138,0.08619549078910184,0.08715965876056904,0.08230277436216565,0.2651527402434382,0.2089181267674011,0.18299927691956136,0.23312265241393276,0.13437837174556908,0.1558050679832837,0.09766779611526014,0.16617661528646313,0.37963506087378723,0.2891110951285376,0.2072697773002696,0.21175832893672095,0.19206759151627595,0.22488921184073948,0.21329966063535696,0.19206759151627595
ig_lora,TYK2,0.29557808968732047,0.15599820981250512,0.38942678168238143,0.16083049273265468,0.2852252638794792,0.45927191599074785,0.3700575550501273,0.3486237499389768,0.3263129137340183,0.3190981848233027,0.44275914764466073,0.17653454261098042,0.22265008601945285,0.16795638941262833,0.31224889531661165,0.12250289536308255,0.45359998842107446,0.1536561822471875,0.22645289693625395,0.2963344189167207,0.05287175441614027,0.24111550694711864,0.0,0.27971608397399667,0.41811103486192464,0.16496293244855342,0.0,0.0,0.19760101205934685,0.0661370035028601,0.14419316085712644,0.17135309054225276,0.24614242219553634,0.4088656218386044,0.43192498186687445,0.24312562549563685,0.14419076744471349,0.34353448623279126,0.1320214150239901,0.30513299267727906,0.4444891785613622,0.19755583943180183,0.2389950335754189,0.10510150788991907,0.08247579053362052,0.3128278712177238,0.09457120147431433,0.12040501590592564,0.0,0.1362355238179013,0.351052235912702,0.42180264289904534,0.0,0.4429178746799159,0.17800498979885196,0.09737280080183673,0.21360012280183513,0.422536646499183,0.45717086290779607,0.18800102875915586,0.04871810079797918,0.3713574108532755,0.35354052412739245,0.2862215438035718,0.35975999001776826,0.2886225267803046,0.47543731593153227,0.2628189714692627,0.1589891383783386,0.07595752600244532,0.25837590464184806,0.10706706882185672,0.5034595662576954,0.2714350216038515,0.3528547376171847,0.08148719769974792,0.4299611500683312,0.07137743083679914,0.1263762922106695,0.4263931821804945,0.18537498525324878,0.35884304509636916,0.07222541163357857,0.2779105677796381,0.18649669747660677,0.0,0.41484327690647915,0.10402078033255788,0.0,0.28176174457075825,0.05556383562265759,0.04448569486320181,0.17758319330138672,0.16836591914772858,0.19223286547764237,0.09438536751254109,0.18042490498404104,0.37791009725640046,0.049435402343808915,0.16303506286622974,0.10703098693249781,0.3684571636132442,0.2842378058487355,0.20203151176976916,0.262774000391302,0.06495921030488058,0.0,0.35441020282702174,0.2977480724690409,0.4037623652933892,0.3628434240284883,0.09580010351031722,0.140781743026015,0.24950113894681822,0.16047483092620568,0.19169940320445514,0.12873038841146875,0.25984446094848673,0.325761387673604,0.2444479539162558,0.30217558597527694,0.09123710428737972,0.0850646252829648,0.21604827923036132,0.26511912945274474,0.24393984246793268,0.08124634793960273,0.1911435163708969,0.4336361043112257,0.21689356980022756,0.18992349689351512,0.11321388616639032,0.4072140925960231,0.2230608866253172,0.09421234377649354,0.321399255421438,0.3621518810327413,0.14383795561828633,0.1860276628985695,0.12349369532694618,0.20236193851096862,0.3746872996869827,0.2932861853961873,0.4001811291635007,0.22792403591295465,0.11903105454470254,0.11106632664794075,0.40025201450142905,0.25731636267989294,0.4244431064174531,0.10164636150243907,0.1026815915349717,0.37848936379242715,0.23916858263265955,0.19868319858440062,0.20334963962929511,0.2605434566977684,0.19459832235532554,0.21714249880352107,0.34537875599877865,0.1445691260234319,0.08905500757301918,0.3030859768460769,0.5379772749418198,0.07281652616372196,0.061500007794203344,0.10158014450074883,0.10222804582289319,0.2732190109848979,0.20905357240680397,0.2616556287544941,0.2254324804043037,0.22116796262147076,0.4036287243261563,0.10567301917405253,0.2094543505775709,0.42370720695974573,0.39766461257944363,0.25434196739153925,0.147368761900111,0.18521728694167527,0.18448530461667983,0.17545957695471975,0.18521728694167527
ig_lora,MND1,0.06192474377705646,0.11454645676841345,0.21809074689267227,0.14316134816536297,0.08636401164756545,0.10357471994061725,0.1186387251634205,0.15315949165096007,0.11178636684677126,0.17411548716448683,0.08397238971994776,0.14532452922922356,0.12682421084825093,0.16158503177187103,0.060343127434437226,0.11666017414296734,0.0676433138986501,0.018621299183028094,0.10199782035445025,0.07841749519774815,0.16634163935822902,0.07154386220588688,0.0,0.12005810784894796,0.0847961754651279,0.19435378267119865,0.0,0.0,0.033981789442386987,0.07413763403469022,0.1542295583447109,0.10402165764719751,0.11458146400663673,0.09337676176292707,0.12236112237141664,0.22841205724923863,0.2142448299638955,0.156712092555182,0.07343312688782468,0.09909209857463773,0.14063202908853997,0.1278923903197407,0.06743105205336772,0.16959212619290331,0.18000856137280694,0.15153454321222834,0.1370725319681467,0.0950460612429153,0.0,0.1251090077288118,0.07691469299916323,0.08719231741401226,0.0,0.09677308107544372,0.12958349658640278,0.1697927819800669,0.11522459046664352,0.10164213402011216,0.10392753517964654,0.07441647501261091,0.07593825312725044,0.22349939012951717,0.09901206184029983,0.0881384688684246,0.08449978627825878,0.07594110665891375,0.07701898345969949,0.08555655811060499,0.18963280550660008,0.11773268953830325,0.12698077841023725,0.12822226513886925,0.10502024541493805,0.24676825471671268,0.11868292121835745,0.017869040484316704,0.15353050770853527,0.16102513641278712,0.13663638731971284,0.11550522762958398,0.1146477071475438,0.0812239103278851,0.1648468571581384,0.066032003250493,0.030702575664657113,0.0,0.09353971863967361,0.2319030215674751,0.0,0.1337696105529959,0.10095606084471231,0.03944022532868289,0.016203454563995138,0.10527533039869158,0.09937218020143394,0.18048317925346058,0.03723441127479915,0.10646622848521359,0.11237649853137986,0.1322877181009818,0.12369936252223646,0.08264520335703418,0.14139080683339164,0.11393850622590038,0.24806521288908492,0.07050200419382584,0.0,0.0910764677843447,0.07697048209744119,0.1395872650306654,0.07932931877119186,0.17690389276142826,0.02493037755183749,0.12954866389415945,0.11577205540936553,0.03766987045450497,0.24066445572184597,0.08967363737860906,0.09128838673704678,0.12143914574331545,0.10920359708722066,0.23344966767155537,0.13323151842651124,0.09755570610934772,0.13135750224319,0.0462022800852905,0.37862292686819415,0.07604288405372522,0.06623594087912336,0.11460783035885704,0.07464641505062679,0.09886365133541021,0.08358300982426595,0.16589918649277663,0.12314498580080184,0.0800187366926492,0.07210584186270806,0.09942599972274284,0.12691010267951064,0.08750598935253964,0.07783803731113997,0.06600504959341214,0.09439382013902753,0.17222148601212714,0.2634136156318449,0.20729923582830095,0.2202039440170022,0.10536610614830813,0.14584978275581684,0.04302937733036537,0.18755907432842453,0.009765566722591124,0.1004775259278986,0.07803520346442668,0.09755949566174785,0.08524252222055434,0.07998604173875808,0.10648868699772418,0.07051930042219923,0.07965755873286648,0.12546868780139322,0.1452276929480834,0.0991120248024439,0.054999623361849735,0.09739739295976223,0.08584082588899038,0.11648124622994661,0.08823404145846406,0.08587623061192794,0.08961444818092434,0.10194538223552715,0.02893530828180922,0.07553384622403028,0.16709673362414557,0.11497637097249745,0.10192046350963137,0.09836597478329316,0.08222353660065751,0.1075765123183312,0.0688403893869537,0.01933527428034301,0.0167409124792207,0.015968796112523036,0.01933527428034301
ig_lora,CCL3,0.14679465284880672,0.13057658247399148,0.257224910883841,0.2070683867163022,0.3546542799485237,0.4867863089154363,0.247280195710398,0.3278314453355561,0.23852607179750993,0.2397726807260999,0.23297081892374355,0.1205472167281066,0.19984963746540196,0.17643908941216163,0.3475361480067415,0.17339133397056924,0.2886434827562207,0.1286688196482427,0.257383679375643,0.2973611038904821,0.031891088974031645,0.17890152336116166,0.0,0.20972260215667685,0.3268870282944288,0.2197519426408233,0.0,0.0,0.1674674030254871,0.14520193051425453,0.13386709701593766,0.19081783197189145,0.1819534436021419,0.2924650672582184,0.2496920300815454,0.1943650012360773,0.12335705219155987,0.3122166715050965,0.0840825828426563,0.31785199376044976,0.3419900286435137,0.18692963640558713,0.17582586578795373,0.11913087713685437,0.04302577336570554,0.21820152253213493,0.07295885242564398,0.14911713526070203,0.0,0.13528519560617558,0.374838886478124,0.32812896193438995,0.0,0.40304714499471617,0.18654884757430212,0.0872176836068602,0.24481907663049088,0.42695790492371993,0.2939374988260272,0.1692088173343657,0.04711732331524103,0.2205680121588762,0.30765976440619613,0.24465648490716566,0.250711652620948,0.24412839033204958,0.3839273815209989,0.22396214202790993,0.15875388134189442,0.07017027011904774,0.1920995466929275,0.10486552949363094,0.278618448138063,0.260017223312696,0.2530485251579934,0.07047420417599681,0.2639572569067746,0.05926692867659293,0.1737960712936452,0.27759216404207593,0.14813687246131593,0.3118558644292397,0.041711245095363454,0.27778483923966457,0.1532037564634785,0.0,0.39313775452617655,0.07389134555414374,0.0,0.3227101192077063,0.04151186618804514,0.05768274672876198,0.08767740461904806,0.2641615171215877,0.17295797937002266,0.08196964336960864,0.11335921540011012,0.22584510562290971,0.029446454121604522,0.1740797287089665,0.12126967374095045,0.20341445979427628,0.19525088682165156,0.2296699080839829,0.26630436067812036,0.08130368211625492,0.0,0.1948110609445148,0.21506301318190837,0.3309910602965492,0.2008095902745637,0.10083037039283138,0.08569248776806307,0.23752993695025312,0.1616085871000658,0.21311983221669176,0.12008374113548718,0.2692550174258829,0.22358018847198133,0.18460399459502344,0.27402602755588057,0.06916018288580562,0.09795712584600605,0.22813557131319515,0.3072203888851476,0.1818160398790136,0.07740003630131609,0.1649218772045741,0.31275538594488317,0.16520779630443486,0.1730442674434835,0.19402082050819808,0.4164000583857665,0.22255101937628058,0.11745773309893465,0.24171618242540938,0.18676015622279032,0.15798569236485163,0.32047282202082633,0.25668336971156985,0.1789121770410237,0.265083840060055,0.34366387171607177,0.28786402874548317,0.14625501061063942,0.172557336712502,0.11480899953773901,0.33053172934675534,0.2900385320872501,0.3182851651167799,0.10789839717494311,0.06548921637543399,0.41911423045095714,0.2543420250977718,0.14574178989788678,0.1815968629372341,0.28055352629608526,0.1818861282747314,0.2010380887010425,0.20267608548608484,0.18521624429157224,0.10332091140378455,0.27751455320821816,0.492690736930074,0.08486543029209952,0.08901783314275835,0.19453577954887866,0.12156373872031892,0.1806241334463288,0.2750195050649284,0.4166689134789926,0.12858576019554316,0.2411414403011087,0.22144012435358162,0.16103353294303535,0.15079073003166843,0.3158602902747441,0.24243611059181328,0.18426001901941438,0.10749838622288208,0.09199060256998921,0.10005399319893755,0.08772160545947398,0.09199060256998921
ig_lora,OPALIN,0.2429804615558734,0.09029656981320003,0.15304394945773414,0.055970549719041494,0.10133147146315899,0.14574371188357052,0.1896134928482408,0.09675409421329044,0.12443127327225856,0.10625394985200097,0.14073520654457083,0.10694507116512601,0.12849225703835662,0.07668473270591197,0.12515728997855372,0.0754047629863305,0.26321843599896494,0.1661751080768455,0.11810795104511979,0.18667400110937407,0.016961341920239743,0.06329629391781232,0.0,0.15473237596908493,0.13259025782806216,0.07765141708367121,0.0,0.0,0.2130581944971429,0.058005328218876565,0.06404577026704562,0.12988839004990757,0.1414871997418691,0.14595534755619588,0.13811802782367721,0.12599007970278708,0.07670272969125101,0.11335656517177063,0.10012135246033046,0.10787670881604412,0.13468839144093656,0.07864718425901965,0.18137814670685373,0.045766038191190565,0.03521068871346347,0.12321638125651647,0.023653306500491134,0.21938628989973066,0.0,0.06601764382866766,0.10275033527489036,0.2586581588377318,0.0,0.12553872505366676,0.10957023418684306,0.038805331999194774,0.07967237910707974,0.1900923846467203,0.17354422630195832,0.07429474072237577,0.039858626434365614,0.13053397567088937,0.16973081773105725,0.09637172595048267,0.0934670043140083,0.08824142415718776,0.10872884241089885,0.10151947858639132,0.06554105384272008,0.036667259028371715,0.19049872137555496,0.07219693058578214,0.17652914390102448,0.18510909583527582,0.15976463594857784,0.16130438253440874,0.0881882351955706,0.05873159260693137,0.06405769548971109,0.11358169273393473,0.11081479792293403,0.16688956279542913,0.0317155049313585,0.18815206885514832,0.22906938126373314,0.0,0.1643774588817965,0.04677465868506496,0.0,0.12011713591047994,0.026583680783209246,0.04720927014588079,0.12410269163450874,0.0630599397336912,0.13614789231605165,0.05198269442276322,0.33764636918633756,0.10520334040444335,0.024412970185103872,0.15946144134641962,0.07190003449691396,0.20210713038830128,0.17986649683320213,0.1126604619571987,0.11196954088018175,0.04559808722031108,0.0,0.2116881592195827,0.110672348662474,0.11747562261046808,0.2071172945141927,0.058662773306745165,0.22012037833190032,0.12483521852644877,0.10251428640564912,0.17332648459844976,0.06367045019164033,0.26654667740747495,0.21016394906998237,0.1127135975713959,0.06447394036720974,0.059627618534639645,0.053814585265040724,0.17212581313116745,0.10115117162823992,0.1583198950148184,0.06265823268905701,0.07046138370820942,0.20946158701708517,0.09598729008209302,0.14478450332669304,0.08151932180450608,0.14313336059393283,0.210141703123543,0.057018964068934266,0.10340837736742638,0.28894920613917435,0.07685343352388851,0.05823216094064719,0.05325212879212257,0.3982971550876946,0.19902249762952964,0.1305829432028682,0.12541428088369397,0.11488053008377361,0.06478005044271913,0.05540615081373977,0.09698144767671352,0.11207894351916853,0.13220051421653883,0.04437381369665149,0.07267992621474481,0.11527448533084118,0.13149851970456553,0.11324296423964597,0.1242799345479228,0.13900894188296226,0.18066998041078888,0.15688487096682716,0.17122574047059613,0.0752149724744852,0.05487217163770264,0.20664071256893363,0.1255931698178196,0.053624497597633,0.03694069861532812,0.06358267980933342,0.05675822584614376,0.23144569067943038,0.13870125241879908,0.06931895310877104,0.236394486670139,0.11931348539066489,0.10483624283839618,0.06211913235899115,0.27680418303253485,0.1606479673416881,0.16669408536868405,0.1255580293795919,0.07173305007794221,0.15884496244739718,0.11778859114181583,0.1149569926800639,0.15884496244739718
ig_lora,SVEP1,0.13373797244783103,0.15989008059017024,0.30071638078195234,0.18889966501353814,0.21275821495476108,0.27189391437095545,0.21218728861369138,0.2966516948604695,0.2503543939504751,0.2982315346630745,0.306102390007951,0.1658580679557466,0.244007112918055,0.23377026063288553,0.29249411172294393,0.2207664242254394,0.2254705874744645,0.08802363605729224,0.17952826650530612,0.23635695727395756,0.08763507960162079,0.1371801536837487,0.0,0.20964168994396654,0.25425684843005003,0.21454519866000374,0.0,0.0,0.1347594674574125,0.09292154726316153,0.37563420416746823,0.30479734540120873,0.22722737352999783,0.266876892666085,0.31066166479397156,0.2645839992257275,0.22819916878013435,0.3218332372017522,0.08616570287948616,0.2478155519890588,0.23334612711038258,0.2278363929452547,0.2144690252934068,0.15056126402543507,0.08196496622031735,0.2085354557213674,0.12095701869065438,0.14219861145506024,0.0,0.1434984278553392,0.2893342559828742,0.329679080902061,0.0,0.2835315505452632,0.20076181204722876,0.1534453469975808,0.24521475839561324,0.35093036439839137,0.26862296394987456,0.18722763424406139,0.06713510242944458,0.25043355413488155,0.27399443394594397,0.1939393480161034,0.2003911344309209,0.20650815300547906,0.24990699035391684,0.19152298150379934,0.2816912133757688,0.12885925063370182,0.2851869383919478,0.27309794128872883,0.24451518125059182,0.24732460997108502,0.24169730662697528,0.09004210184751518,0.45969109418084037,0.09874107634270662,0.11424151887899361,0.22323719763270608,0.15865292549503557,0.2688795972123316,0.07524218631865914,0.19138849942295813,0.16496463548604598,0.0,0.2755508517832651,0.12540768237467603,0.0,0.24678621954690452,0.05967191195756168,0.1293460342335658,0.0605811742035042,0.1413995510115979,0.3049621535023332,0.1610757891392843,0.1338284157962958,0.23500899596790453,0.06277062832557291,0.1857703240546224,0.16269405185561406,0.31024461268849984,0.21708286925236,0.1931938493546759,0.19508789482021582,0.0793062858259797,0.0,0.22935113524525882,0.1721638669574994,0.1962054630031673,0.1660695531581514,0.25037984876665126,0.0989426667518151,0.3553970023183303,0.2112809896670354,0.1630753012148656,0.22829691464784146,0.23131363310540703,0.21006209546538634,0.21761657656067498,0.3191284087681151,0.1364433370651594,0.14820856617143421,0.23694451621158283,0.24526735315453121,0.2195702870976788,0.1148605886488911,0.17240126992682173,0.24135705992627074,0.17283689716513606,0.16905334481407963,0.1606808331989681,0.28702341151214444,0.29187442945997305,0.14259355828745213,0.20509965627808885,0.15954487236603987,0.19555175433850516,0.1738245602907221,0.10433763416189229,0.18463384363828883,0.2493547173138052,0.22697831436385865,0.3854150234336527,0.22045018356218918,0.17247486105797422,0.2149657312256628,0.2084349223043514,0.2840833882081971,0.22134689012382838,0.15396655939457493,0.040625007806285196,0.22150252192269618,0.17867283849542226,0.15503319037718094,0.19565492488063407,0.23952735438450487,0.2152605480336888,0.20386689075515144,0.2327487886113351,0.162404186852733,0.14766535189635965,0.21797673486587008,0.24946727355931966,0.10346784464931062,0.11104272433279862,0.13811986903756276,0.1165730357880037,0.1881676332850547,0.24612126153964034,0.1716454807729061,0.10276101522704159,0.18815892111463145,0.2261449273085998,0.13111263758830038,0.20766873307073921,0.35451606894123733,0.28117737438837254,0.21950658541919216,0.12456908204470708,0.06738413133305446,0.06218069806758915,0.0577054118379964,0.06738413133305446
ig_lora,DUSP1,0.1892635695024264,0.17041307179001491,0.3428349435736133,0.30395719624984796,0.22159878189141932,0.35701730084526934,0.3050972996838725,0.32902846845203093,0.30982263082445183,0.2888964666725557,0.30542597526650983,0.16025797048454798,0.24351582402682964,0.13172963853056277,0.2875691700167524,0.16410493793628014,0.337514620367396,0.13652251028719725,0.24248790890358252,0.29780966320295416,0.07706170182871427,0.19792341329815005,0.0,0.19757755880522965,0.4485721016458609,0.19642710002839744,0.0,0.0,0.2982468412498909,0.06954325583489254,0.10560118216199105,0.21470325269020257,0.19025110193864164,0.3274984397319398,0.3046686856065262,0.29839245877764403,0.14222838814315236,0.319839282212967,0.13134575464741965,0.3561004904399068,0.38610070752546455,0.17710527360355632,0.1584596816131307,0.08757163915894772,0.1319648711802409,0.3397732648797693,0.10390124519472406,0.10633498779993593,0.0,0.09354757388650685,0.29627077378964317,0.34972285268313413,0.0,0.3998462318642201,0.17597590140768635,0.10929992503347244,0.21047209617558146,0.3683543695810006,0.31905752847617286,0.1928955307973238,0.041714644078165886,0.3156434092222476,0.2736752177601534,0.15940372812242815,0.16683378454251768,0.14821213854704385,0.25986391111920293,0.1538315740256977,0.1910154464276494,0.09049676352127545,0.1888560899017106,0.09751973232971141,0.37141855268650525,0.26353338333684206,0.2906246018938447,0.07355737062704597,0.2370562525232891,0.07942100618562258,0.18323684108864724,0.3373327491613687,0.12364587375089067,0.24458782386366115,0.10911754577651463,0.23304784937725564,0.32456708026240927,0.0,0.34613114011859875,0.11881586379492655,0.0,0.27432564096515205,0.057509275574068444,0.05580829656064606,0.08669668442750374,0.17249755574500059,0.2420245565491527,0.1151859302214411,0.1456703645761971,0.28585386585998823,0.08807190399664402,0.1277044088655107,0.14585372444906,0.24720744014039933,0.22329879593711782,0.14523714464395204,0.24235217105159979,0.059913429186935395,0.0,0.2666567563717566,0.3368511001846702,0.259149589473087,0.3644149763315137,0.12612359097562714,0.16158160731451263,0.20035462053726744,0.13185905473043405,0.2617861139192982,0.14700413725395234,0.2410982720461474,0.35925904894935423,0.16984598795888448,0.2607854115311521,0.12315423904720177,0.0777322594905228,0.17756647784275806,0.19951679657341062,0.1710173756741207,0.07269174961036613,0.1449424676146487,0.3621728895460539,0.1589730797296283,0.15028774607015205,0.1166705003890835,0.3198431647281717,0.21736230638680415,0.08097442173287539,0.34950344899335134,0.2745105483864154,0.10569128816369927,0.20046557220889136,0.1323733030839289,0.15724394252191443,0.3050253724228132,0.3343313905468967,0.26279649710749886,0.25478369245496796,0.146442427123072,0.11926570310833055,0.34879564467080076,0.19197655949381992,0.3255356692765249,0.10398618766109191,0.049193754294078386,0.39276740920013903,0.18153734049066608,0.13404387681170182,0.1367359313554059,0.24730709128274123,0.1369226085956625,0.21212736437127108,0.25316765580589895,0.14536539028648882,0.08069614794888567,0.30907649273841675,0.3091682101781725,0.06431679242547582,0.05709491887112812,0.09377367841176852,0.09139559305080419,0.23534378201674286,0.24579380672164755,0.23398745924020933,0.13665082020151004,0.2054199682706609,0.36193822810397797,0.1744742352651109,0.1981818741412763,0.3308978943665109,0.33443284210076385,0.2216986908169334,0.08441541177369961,0.10415002993173332,0.13682711583703916,0.10943461793928742,0.10415002993173332
ig_lora,AHCYL1,0.14814183444060833,0.20728128643801502,0.3144562587768087,0.30719127848321875,0.2541982136879894,0.25119077368544307,0.2523699074328004,0.26627084162683834,0.246201262703737,0.2249051405131227,0.21839444135468158,0.19485419385600045,0.21571815689497548,0.2121377784978627,0.1436079196769821,0.229399734177575,0.21310041598022214,0.07992794468450604,0.26567776710054314,0.23830317594472164,0.0508871903074902,0.17670165960874062,0.0,0.21442397530680235,0.2516565064789585,0.2140000195079832,0.0,0.0,0.30050764854417383,0.15871006163772414,0.15973425328313717,0.16814157392322876,0.2287275854752401,0.28378246881474145,0.24204648366773893,0.23925517553816775,0.22705701671434259,0.2576962398620613,0.15030591550602077,0.18763874056424637,0.2801619605710245,0.22190851842948867,0.20041549270463188,0.16316749138981573,0.08132582177040353,0.2254315043720258,0.13337033246950844,0.13806184204110053,0.0,0.18992332117091756,0.16353389537167315,0.22327139374293006,0.0,0.23478211804655477,0.2344828963459737,0.1636979894425252,0.23079285351845258,0.2223104767466308,0.3220420291160334,0.16942771809301976,0.07350847452035628,0.26479619016675365,0.2871512042272008,0.16253823851933333,0.1648590323141987,0.14139484822807874,0.1895141188882233,0.1519321655481697,0.21892950435841024,0.12752839708900043,0.20216067385547565,0.14489633543547475,0.20900742595812155,0.27450700201209755,0.2531058878481946,0.05918280793582992,0.23832183746560726,0.10506897580891679,0.1614968910728194,0.23325499636039998,0.25707217969885604,0.2627991900623344,0.07530756434764385,0.235917728148585,0.10532962315196295,0.0,0.25090563034231267,0.0927589205447376,0.0,0.24678896002683484,0.1065723996722701,0.051290792287213775,0.1447291383096319,0.2533727346312262,0.16921321343673085,0.22213159582979536,0.1255110011648128,0.17100802471808027,0.0461941946055096,0.22147333209521183,0.18264118385735792,0.19075154317584986,0.2928760159160467,0.3254961561236739,0.22073368765551954,0.26433889968080904,0.0,0.22936604986278422,0.19914656507940778,0.2105554121493916,0.1740896317922765,0.14495957336897417,0.09087822976303944,0.26249626180163543,0.26670729016670436,0.16661454787963084,0.24818272196699753,0.19349398129823445,0.26064302065117323,0.2998395795233467,0.24032470282764976,0.14209889958947694,0.17123049324944942,0.26292826166735306,0.3043270783225212,0.21450143750697134,0.12056351138283007,0.1924143063571124,0.2515221666016328,0.2917240040222014,0.2717883049963309,0.2348951942573835,0.18134280638782474,0.28635126413430567,0.24531223595403068,0.1996394134497379,0.17927583695411498,0.30255496651627134,0.22702145383684952,0.24556650772312086,0.23539987801501622,0.2714882940122683,0.2828459080676109,0.2522055698868423,0.1961683005629283,0.14543504781635233,0.21662374169423926,0.29709880746519285,0.2383866272893447,0.17187005565102292,0.21561107177846023,0.10386038764520925,0.2669535686923658,0.2968308130428056,0.2352593265536672,0.21641695725435217,0.23736178466350386,0.2365332948139617,0.23572154906087794,0.20552157446177474,0.29493636861684813,0.16690039061221695,0.35477904176574426,0.18482208576035053,0.15757229089761945,0.12380072794060254,0.19703658510317115,0.11688109376975649,0.3252149664517976,0.18496108659631516,0.24750612935497998,0.18217277881086735,0.19647246269300575,0.19971038196816265,0.26906645574174154,0.22534890511473057,0.19651698333286932,0.19674871399517357,0.21987872644055667,0.13581342192731577,0.16253802677417675,0.16991549563947217,0.15237900681589012,0.16253802677417675
ig_lora,COL27A1,0.07424425534995541,0.06927482274300738,0.32132853066034855,0.10383781487699739,0.11915079348953692,0.094065059246388,0.12520046834858597,0.2938458758787071,0.10623517249728522,0.15763746896218825,0.25324313009764476,0.08023879506820387,0.1256086473346567,0.17743240152217502,0.1313228538379092,0.18488792762607784,0.06560370251336849,0.024663402785259247,0.09106689871505873,0.0628095865005653,0.03329472241890162,0.10562714468789802,0.0,0.0711727860508377,0.06878045371205349,0.12922276995672646,0.0,0.0,0.03873832568573489,0.07751517295523033,0.21632761460365751,0.5147112560802304,0.09654084565276451,0.12087108776959526,0.1018743750573357,0.15526749859541658,0.12921278548964185,0.14146715997875217,0.029000853287083694,0.12670752177698064,0.08536676281159064,0.1741938169719154,0.1807299076249062,0.12073856858822775,0.06652543397271261,0.1316235613387099,0.05339880957707743,0.11674114336579373,0.0,0.18602993074626836,0.14979842500586407,0.10652470658326163,0.0,0.08881123920827491,0.16115166119800528,0.116937172828058,0.10646076147773269,0.08235554715772506,0.0975422620220901,0.14006347855911136,0.13196704363040498,0.22635793070740742,0.15222245941422688,0.08360541958080171,0.07957223365293585,0.08432800701114382,0.09088344260317614,0.08340811136790864,0.17091608502775668,0.14960456182618329,0.11400488824895648,0.38199569699233527,0.0678352846625067,0.13999009048322267,0.09649038969690193,0.02253705710197085,0.2778816066127446,0.0894777852394146,0.08302789310223067,0.1012461539734449,0.1853992521295035,0.13549677392952733,0.05908868149319237,0.06777954990681458,0.03469304332329112,0.0,0.10727099933466633,0.05324352079260572,0.0,0.16687711549887127,0.05212146534013866,0.34341346610657086,0.01858887532915534,0.09014717999189925,0.09112960382536428,0.10250485909449421,0.05228631523999619,0.11208526222621629,0.040319794045265187,0.1796018762752062,0.19892229975035686,0.17429003789697323,0.15573216191510428,0.12465415643185578,0.11486961363855357,0.0709969569883012,0.0,0.12500518771929775,0.0440466538908945,0.06593916927351272,0.0605306533541519,0.28176348675121704,0.03289102301358099,0.17641812632952425,0.08590408289022974,0.04236739544795333,0.16736173461907056,0.07550437066401315,0.06599901289094853,0.1797668034295,0.20253020382603978,0.11948075336019337,0.2435714775095923,0.1658870759356162,0.18020533822927254,0.20563359990851238,0.11295897163118024,0.1727181340388617,0.0639341122273857,0.21427737092857746,0.07888455754935059,0.09731470602283736,0.16721327379935091,0.31152184691356627,0.10722908720186089,0.15173417225300273,0.08255099786334825,0.10236016359532793,0.1393263908763769,0.0903954771310614,0.07035049736574246,0.13648630279648177,0.10216945423635733,0.1623334316264066,0.10334689362205782,0.11793834680736325,0.1770965777913459,0.07818789772208533,0.12041189188805045,0.042036697272251615,0.10822291770070397,0.010153405734711907,0.09973687271197504,0.06774380577817626,0.09040003458471425,0.095006022706289,0.08358781399382599,0.11071063269058684,0.06875166629627337,0.1147027472740136,0.0983402801808031,0.2031646928007772,0.08993887017504733,0.05677713868043781,0.09682758983133552,0.14040609205371263,0.10398665276765137,0.11569273149994293,0.08069439331288306,0.12600871957983345,0.10452852318177808,0.037193099905919166,0.08300234279050996,0.07899474819732669,0.1700571718277924,0.07922664259233936,0.17432357885316713,0.16582552055261768,0.11720832791215256,0.12756428504603015,0.023752448029199784,0.018781614213630664,0.01788688176288201,0.023752448029199784
ig_lora,CH25H,0.11108423409705254,0.25839813148670576,0.2977264076662248,0.23408026641831903,0.11975242929337736,0.2235003433790428,0.14634878261148257,0.2020724907180324,0.18888654857626355,0.23194422096208955,0.155531928790122,0.375163929241511,0.1629961337876948,0.17016435158237095,0.1262843824819205,0.1285590258664092,0.16980563910613405,0.049961986195532986,0.14414908064049078,0.17659055765965348,0.13157229606006335,0.11073078898203143,0.0,0.15667119378481287,0.20053476051501407,0.4665062320720689,0.0,0.0,0.09985349038662585,0.08716800160038343,0.15901866196035883,0.1523022699166395,0.2053756653204727,0.1403516398675835,0.191988175614474,0.3019239157296343,0.56160327820526,0.38080597341429334,0.12967482649210363,0.17579436318843825,0.3623921917641275,0.14993808605036504,0.09642545075243791,0.1432438223632508,0.15218832808056454,0.20841135093686794,0.37843981853427977,0.09814471620193245,0.0,0.12780613104432276,0.13009995869876395,0.16918120738579223,0.0,0.18481992580277928,0.18727345300481243,0.3763356165315886,0.31731729244968077,0.21684778957647566,0.16101625764812436,0.09752496146658939,0.06658456058318446,0.1989131250016854,0.19258097809068236,0.1300423962972577,0.1278170061547274,0.11708345034640937,0.15671378490542903,0.12209500635268786,0.523568993243039,0.18420327986956278,0.1805895513045047,0.14645495505320172,0.21190016859935099,0.23719058436326101,0.2461916832302137,0.048909626712697316,0.17287521741036277,0.14970883197415855,0.18968708891514688,0.22468861395387696,0.14817271785561129,0.1690895647144757,0.1453096140574798,0.18316742338392877,0.14336608931796985,0.0,0.1832460023736434,0.1541690859795197,0.0,0.20448139155901324,0.12984794050347556,0.04822984923765687,0.052308889029328016,0.12920349894753486,0.18008161375747547,0.1664852584277177,0.10649168536044464,0.14852771669414527,0.1249706800173733,0.15295736780025465,0.14072767093514457,0.17654988469591035,0.19237312611237115,0.14726877499426844,0.18882294066495858,0.08274182461213936,0.0,0.13993671683050798,0.22596470957755138,0.20840379300432982,0.15601979439094474,0.2033917260672554,0.09927848626935457,0.16671668536095666,0.17421642012024469,0.10902519199500156,0.4863414608737985,0.2112524067089974,0.22900086714700235,0.2259248908555624,0.13998922187862672,0.26250147613417124,0.12842093486361225,0.13735728708073572,0.19256275872386963,0.11924132801085686,0.12366307214840928,0.13017197339265824,0.17244910778172332,0.1670920096899712,0.15451867748653883,0.11975441873607555,0.19616075844100017,0.25879145980455776,0.12605222733017554,0.1260330750007011,0.1338435265556414,0.12654499700638352,0.15785793610879534,0.1117640789174714,0.17257166188631212,0.18577927582170645,0.2407397896279573,0.19902596030502426,0.2810807563060105,0.2092010177539352,0.47516893051136305,0.3418330118721484,0.19792792156985725,0.1468116322349957,0.19279227483848482,0.027872576378043797,0.16825136268064617,0.15691057697999028,0.1272732752743991,0.1242646936077458,0.21797386411162295,0.16080305598497632,0.16410031349622684,0.12879117755682232,0.20270291343599686,0.13618396666105145,0.198946086857236,0.16739366656997293,0.10779714109575854,0.09015528800794252,0.1168484696058082,0.1346331604477887,0.1790277688787701,0.15703640174628677,0.16921689259782538,0.09226035215989013,0.12274640420607491,0.2577764002483177,0.1376431456326529,0.2313000190526421,0.15432378351276424,0.16914078978359268,0.1529542253636982,0.1004701877489172,0.06551441861553148,0.08262591727081911,0.06556087170552581,0.06551441861553148
ig_lora,SERPINE1,0.126329164038473,0.16057188876193515,0.24325543883902093,0.10558793733904845,0.17699947367548055,0.3436725853115508,0.16760257149604244,0.2780705783831993,0.23075433389160593,0.25386713820599555,0.24625072393291988,0.13467218532114297,0.26761160343086604,0.13442639962114702,0.3093880024437353,0.08825369918996966,0.29947263085870635,0.13597522688105507,0.14778145778958773,0.2235776092240884,0.02171714897299372,0.15453745331944124,0.0,0.20585818251121205,0.2846245453732116,0.13817886086339576,0.0,0.0,0.23906096473108432,0.04514170899048841,0.07810565727442419,0.19442962086855622,0.19764079790207037,0.16928960934286835,0.30449503399321065,0.17307220368786239,0.09824851971413094,0.334729499549449,0.12683435985866143,0.2928189087926034,0.2685207832707891,0.11659778771842859,0.20582902224192107,0.06319464128406527,0.031164600309238812,0.2626868425479387,0.04573998854953605,0.12230693887632749,0.0,0.109186230053689,0.27952827300403843,0.2555131635148072,0.0,0.30348558832327455,0.15818821289026672,0.05682013269440966,0.19002320105892845,0.31157275560768843,0.20624691775440473,0.09750425674475417,0.02747823452462244,0.16143948402525798,0.2623219610606117,0.15986254360890015,0.15889572591581547,0.152677747089495,0.2526273561184954,0.15717599160589835,0.10549623576806241,0.04608712093168857,0.15685119395845537,0.0582342780878796,0.31927139397465554,0.24330870623841425,0.2331572073306766,0.15209628479183332,0.2009560399705208,0.037108810693313156,0.06663609901493237,0.19232892537714616,0.1417584351343817,0.30757529350487284,0.029790869157384787,0.23130717361865888,0.32799393308152347,0.0,0.3033385461112327,0.12278082370345209,0.0,0.23288515405085525,0.029459843120129944,0.04056991781204651,0.12860761619781308,0.11727267565609106,0.33466598271034426,0.04696047659156056,0.13358988301627933,0.1736929114559174,0.01951406398200844,0.1392703273822101,0.1272673782932478,0.18356714175349192,0.21066862411187062,0.17311695483895378,0.217503768540238,0.03742691178936435,0.0,0.13462635053512553,0.25533865098207653,0.302079562625843,0.2400582125653148,0.05925016639171284,0.15434414507389033,0.19360916689663596,0.17332093656991265,0.21712723836713532,0.07980688470758437,0.2395720425102973,0.2722961466398815,0.18092893013865166,0.20870691641775604,0.04445012441361965,0.047356712408532314,0.18480073260101862,0.2334598316046501,0.2083645168023047,0.049907399862444954,0.17466289681080538,0.25833389568130466,0.17039772833989028,0.16508614335263916,0.09332614506898626,0.327643381610302,0.1764776055438456,0.05220942030434608,0.2560613078604458,0.16687039993107627,0.1241349953890566,0.19053240684069597,0.07223324983666668,0.16341180449903428,0.31243095987588365,0.30448468791273803,0.22557265924624129,0.1621604951681459,0.09748685263754552,0.07035708028972078,0.25386175204306266,0.24212927996868033,0.36958479896246904,0.054948960074102826,0.09424847584214184,0.23040398641811882,0.20720091813631958,0.1035080535694957,0.12449334652787888,0.28032972179267784,0.16150049530760088,0.22736397532125807,0.1385648717072556,0.13422056960577095,0.05275843354731766,0.2500720020917901,0.48646069997317043,0.03824903476387951,0.039760637784851616,0.08519286039598126,0.10554762405354223,0.23650212305263368,0.26100241582502853,0.13777263263503794,0.16541236316361457,0.18077850077700186,0.24248891873868167,0.11328572597858604,0.2001447457730908,0.25976634684212335,0.2234624609074473,0.19845982233961965,0.11395458357396267,0.13365439421001796,0.16289838984533114,0.14742155597971016,0.13365439421001796
ig_lora,PPP1R14A,0.23710694852410075,0.07457230555281455,0.1551754005127142,0.23830507610258042,0.08864563727050472,0.12723480568313586,0.18556065058630433,0.10903166300945139,0.10443692330112857,0.09966504982037508,0.09653629628789073,0.07791185722680945,0.07672831415352135,0.13264205021917758,0.053738192437072986,0.1326135479972206,0.10174101143415253,0.029093130334879983,0.1277575938396444,0.08129697743492778,0.03188153472553974,0.17863057212621997,0.0,0.059286241622546955,0.15908111725657306,0.12513164722517942,0.0,0.0,0.0449734322536136,0.08797463806159109,0.16480924485495418,0.1402279806821784,0.08170423396364085,0.18904599026570595,0.11957458218175249,0.17664666869878667,0.13312247471301228,0.14621275264349745,0.02558747058122847,0.0802543694485722,0.12203262299802778,0.14570958312788465,0.05029662279862859,0.1311117151496546,0.07273505736439005,0.0643327075122052,0.05306919457241671,0.0939268357466729,0.0,0.10197675564867695,0.07693356695533983,0.10879659191539792,0.0,0.1395401888586002,0.09968177944416365,0.10337537075966002,0.12566206995382734,0.11680049901448439,0.20347141435134863,0.13714102611045115,0.0838977496176535,0.1605276995976489,0.08866371834042806,0.13224400491321917,0.12339817251735151,0.09126515015624292,0.09751829027718678,0.11559516279821987,0.14913409018920423,0.10691163488767216,0.13848379782352524,0.1768601433002883,0.14104823523442123,0.10903017801561159,0.10233845067407031,0.026125021077888336,0.1408664022661639,0.12065511959467425,0.21906601135892334,0.17222854796607445,0.11559384531512695,0.06056623512371161,0.06454583940736758,0.129589642408597,0.03342333746268262,0.0,0.09751333350103802,0.05592926906702408,0.0,0.10352881197097674,0.05314830874487137,0.04773457706946244,0.019348557266462833,0.17151672812362362,0.09562610751462039,0.1365891715814017,0.06685382255010774,0.09207177007436083,0.05152931046372278,0.11090707252374847,0.10004669261470248,0.09704155372183591,0.15807473379860607,0.10818340228558426,0.12934345908087622,0.08908211001003845,0.0,0.22766297827878051,0.04614465637743136,0.09909426604179833,0.11412617544853164,0.12216814959712825,0.035435821237701615,0.10646071236442224,0.09273928564064825,0.06863722070577347,0.16437497046401245,0.08421597791206074,0.06885065350366698,0.09818998138755744,0.09640762889934021,0.1529169708634765,0.1420514859779074,0.08782142673404653,0.13678959939108845,0.04795214104101741,0.19441069258809235,0.054239734584255635,0.10122370463929768,0.10491675531468743,0.0713180690902768,0.10339745379975271,0.09791221789160214,0.19234830305615255,0.14155639841775006,0.08015292905448677,0.20553214045173215,0.09767943837958247,0.09404954103688866,0.17336782840718423,0.07352680135484792,0.05255748201708493,0.11605920764783474,0.15306293914245955,0.10439144384998746,0.0947168774412317,0.13360835132900908,0.14389393941529796,0.16938991041821125,0.08618870601169809,0.1149511924160103,0.012006541848673969,0.13406705694520013,0.06499485587540423,0.11546161463804364,0.08234829834520441,0.070945337855811,0.11362399386431817,0.05435491511209836,0.16161035698499704,0.1345647724592702,0.1431088218881471,0.12144105151906029,0.09546612856603584,0.17344173441734417,0.11198596780625272,0.1049004444770054,0.1619784301628924,0.094830311078877,0.09919799355394676,0.14025043747331703,0.03665782565464689,0.0733032531225407,0.12153889069698671,0.12044500383595697,0.08986554990733595,0.10791028205072971,0.15510893697716813,0.07736524081534378,0.09372928626998657,0.025282513597160564,0.01854139220071801,0.017736460537165915,0.025282513597160564
ig_lora,CLEC7A,0.15759152166904172,0.1474651999216884,0.2630662713514683,0.12332832642433347,0.28590684745051576,0.5194531423501956,0.25344029898150167,0.3070068918700136,0.22085600916959705,0.27900286588252826,0.24245682162548712,0.14944908618668318,0.21295073128680478,0.16343535202195467,0.30995072658774103,0.12202594875811418,0.34224501531168533,0.210288285639271,0.19719546090320553,0.24615057168401014,0.0263046840277022,0.2240761938331023,0.0,0.26322493527297236,0.3554461775525484,0.19370099887336217,0.0,0.0,0.17708636803689742,0.06501749457113283,0.10332139344890737,0.1480220670040176,0.25287898883192583,0.2452640583042614,0.25156421336001494,0.17510639653453738,0.11066640979685742,0.37486417605942113,0.12439198270440134,0.38302388697587203,0.41838472893683804,0.13628671558211805,0.22845057220966544,0.08787096358065884,0.035478926410964215,0.3081479930544275,0.0635167577287649,0.10437156061834499,0.0,0.21464950779072434,0.3448393546020912,0.3480878128648228,0.0,0.383239645676333,0.1871828939780755,0.07224020651867513,0.23845644128485766,0.37324433665856876,0.4158478033024947,0.11540887462051122,0.03598260459183125,0.1838139680418412,0.33696105994766307,0.2604327405512757,0.27655236667555433,0.2656598520819079,0.46279456954933457,0.2533646534858826,0.11431230895303908,0.05552054353954873,0.2171191274471173,0.08664554985732158,0.29677088718173333,0.28999950728588353,0.2807424959705717,0.06986279594211305,0.3079189906769567,0.04927325952349678,0.10101874440035981,0.26843411584603616,0.22994579956361488,0.36997883428477474,0.03512059720206956,0.3507988082594513,0.1793375981281292,0.0,0.41444502404351025,0.10587296272856597,0.0,0.28976698795335093,0.03431644742331495,0.04353035966215296,0.1872931836519496,0.17081777805150775,0.21954545307248646,0.07215645686695897,0.13579617390767604,0.30524690087014333,0.024231876108332384,0.19495402985207907,0.10654015583203391,0.22347140220768544,0.1558149783458603,0.2519042704540868,0.3104495769450762,0.059282680645510094,0.0,0.19676805537779016,0.2530047644440375,0.41416570809485054,0.23481034682006233,0.06912144585928792,0.10252483159564599,0.1929150936444223,0.20607186350073683,0.22133053675991632,0.1026916114694756,0.25491868024273207,0.32523697518016637,0.24356767391545556,0.21736502131115593,0.05756156743594672,0.0679808546398523,0.23314076316118712,0.3608320238455058,0.24307793799683355,0.06440623881018481,0.21567029591320117,0.3988045731191976,0.18039822426381694,0.2127391987707741,0.12762125145551642,0.33149309455575793,0.20332631694451048,0.08534988531885997,0.2640921210980371,0.22223729747428533,0.1954536694774153,0.22431295506228832,0.10060594342567887,0.21956491664645053,0.31362995554541684,0.32626544369236704,0.31130002688975356,0.1756290740553973,0.09908229494767538,0.0805513357624005,0.2996332627440022,0.2654606265142079,0.4407443822288171,0.08585847225200277,0.17924929327508407,0.28570486223405966,0.29013143008946307,0.1373355576440431,0.16280991726168703,0.2943106078818449,0.1861100822398537,0.21587399458363002,0.2182259831689243,0.18742323861782928,0.07109537049484427,0.3274567832180868,0.6897645687711169,0.06417012347341475,0.05468861672824902,0.10560618981425599,0.16179750002442536,0.2526609534877717,0.22913735550228168,0.2026502500775217,0.19994830518016532,0.23768057840660903,0.17892483122819106,0.11072818907108886,0.18606761837896152,0.3671417415385514,0.19117912056727956,0.2008938679503346,0.1971201264486124,0.15338399069977043,0.14435200578687227,0.14089780075796426,0.15338399069977043
