method,gene,A1BG,ACMSD,ADAMTS20,ALAS1,ANK2,ANXA1,ARHGAP27,ASH1L,BAG3,BAP1,BARX1,BCKDK,BICD1,BIN3,BMP4,BORCS7,BST1,CA8,CACNA1B,CAMK2D,CARS2,CCDC62,CCDC82,CCNT2,CD38,CERS6,CFAP20DC,CLEC19A,CNKSR3,CNNM2,COL13A1,COL5A2,COQ7,CRHR1,CTNND1,CTSB,CYP17A1,CYP1B1,DCUN1D1,DDRGK1,DGKQ,DLG2,DMRT2,DNAH1,DPH6,DYRK1A,ELOVL7,FAM171A1,FAM200B,FAM47E,FGF10,FGF20,FNDC3B,FYN,GAK,GALC,GCH1,GPNMB,GPR65,GPRIN3,H2BC13,HASPIN,HIP1R,HLA-DQA1,HLA-DQB1,HLA-DRA,HLA-DRB1,HLA-DRB5,HSD17B1,HYCC1,IGSF11,IGSF9B,IL1R2,INO80C,INPP5F,ISM1,ITGA8,ITIH3,ITIH4,ITPKB,KANSL1,KAT8,KLHL7,LAMP3,LDLRAD4,LRRC37A3,LRRK2,LSM7,MANEA,MAPT,MCCC1,MDGA2,MED12L,MICU3,MMRN1,MRPS30,MUC12,MYLK2,NAA11,NCKIPSD,NDUFAF2,NGEF,NISCH,NSF,NUCKS1,NUP42,OGFOD2,OR9Q1,PAQR3,PARP9,PDE10A,PDLIM2,PHF7,PKP2,PLEKHM1,PLEKHN1,PM20D1,PRAG1,PRDM15,PRDM2,PRICKLE1,PRSS53,PTPDC1,RAB25,RAB29,RAI1,REDIC1,RERE,RIT2,SATB1,SCARB2,SCN3A,SEMA5A,SETD1A,SFXN2,SH3GL2,SIPA1L2,SLC2A13,SLC39A8,SLC41A1,SLC45A3,SMARCA2,SNCA,SORBS3,SPPL2B,SPPL2C,SPTSSB,SREBF1,STAB1,STAP1,STBD1,STH,STK39,STX1B,SV2C,SYT10,SYT11,SYT17,SYT4,TAS1R2,TBC1D5,TEKT4,TIAL1,TLR9,TMC3,TMEM163,TMEM175,TMEM229B,TOX3,TPM1,TRPM2,TSHZ2,UNC13B,USP25,VPS13C,WDR41,WNT3,WNT9A,ZDHHC2,ZFP64,ZNF184,ZNF396,ZNF608,ZNF646
attention_zero_shot,CYP4F12,0.0,0.3631794654640806,0.30933727479897544,0.42216205103337767,0.20806305346696496,0.2604992420587554,0.03289751594802228,0.26933799853961793,0.4081999397965106,0.34583721541101253,0.016593660669368668,0.3562696736695657,0.1355424415616971,0.2569190159425653,0.19147070107298397,0.13857032859454246,0.20269371641860479,0.42030846862207033,0.21772539824283305,0.3813085523217882,0.2758852928499412,0.12284065797353252,0.0,0.24874911472530672,0.2366336066591604,0.3102035255467749,0.0,0.1330645133133071,0.25628741883205275,0.07011291326730111,0.1420827276797506,0.09342408436893777,0.7001179436793282,0.13333562767062979,0.3135340868286229,0.3336929853601477,0.7819747437254058,0.8928398375122557,0.3602558122111664,0.22853694475628994,0.3142389807401521,0.3249462827472166,0.1832173552715421,0.2142688154187488,0.21209960499313635,0.37480184767874536,0.34893556875142717,0.15688187596482187,0.0,0.18031478570855206,0.12615206280255414,0.04862470955377526,0.3960448643421764,0.40613572723415314,0.3590651024526871,0.19004995984901082,0.37817612571110437,0.14321393631922913,0.0,0.0,0.1369211397439385,0.36004371779294486,0.19898329408713544,0.15032493260326232,0.16188838895735944,0.1014207488949871,0.10287907832667532,0.1391085026474385,0.5776099339556008,0.22646575597188348,0.1511055781622182,0.0,0.13791438119635477,0.2022626672737751,0.27201105724836944,0.0,0.120330973904069,0.1144711410128829,0.1144711410128829,0.3624688348762287,0.38589873283393944,0.30891704828199257,0.20479324555384382,0.0,0.19726958886162232,0.0,0.43635264829711873,0.3659328646554832,0.18841648446495493,0.3644794901258494,0.3435767482286257,0.0,0.18326891816579774,0.13851600746696474,0.18526768194339205,0.021360475641573597,0.0,0.34527287125417444,0.3572941480613667,0.3639705739174626,0.2728330653703424,0.2202964187899254,0.2068306107113207,0.3489537603388732,0.11515892393423922,0.27689524086545836,0.6817385746247978,0.007387174918376528,0.1144711410128829,0.2777473929511027,0.2849246986157664,0.2320784417512499,0.42375803858921585,0.3618448372574125,0.37848053132893333,0.39590037912670134,0.28517056182806877,0.30360117274669823,0.25091023773432836,0.3013147370183848,0.35153948360304926,0.3039250420401066,0.3312586460175441,0.3750679056284611,0.3382933188080988,0.27512719477977254,0.20285768586051553,0.27043434674929673,0.31144332542575043,0.16156631369890642,0.21370258451019034,0.0,0.036409503468728205,0.3440377585279961,0.1860816538918731,0.3591297343601166,0.17892466720372413,0.14306066375047571,0.0,0.30130295802203744,0.0,0.34274911020838916,0.4421659740367513,0.4529262194321603,0.34190340903479666,0.2783554441455251,0.23146832878364643,0.1534574349497264,0.4087618082462999,0.21564117517980358,0.24925033113051545,0.3059901902656682,0.3137163196974244,0.32462366337623333,0.13164181216481535,0.1853898722196383,0.25642042874219934,0.392107208520647,0.27314802865902227,0.0,0.35057520782160434,0.4532576611800843,0.2960451319964357,0.036229107543284185,0.0,0.33414401773237723,0.12381271702291467,0.3888281426550273,0.12038176406046745,0.33890140883149866,0.09660960814458046,0.3397407339664517,0.22744226438102927,0.3708642494022105,0.0,0.14261988724074715,0.1543064565733943,0.12693360783630311,0.22203860292358388,0.37962111377883456,0.16393023281239927,0.2654544391411271,0.16266802191658045,0.28137566940979025
attention_zero_shot,CD69,0.0,0.25614420494351836,0.03343069923240922,0.42670960033215727,0.31344937120720684,0.2732891076251221,0.08548391167248869,0.02870074917069833,0.4410988730015985,0.3069462680814279,0.034760213032660046,0.23943350175055358,0.27437211106996967,0.4090250148267091,0.3119820781593489,0.39610848748773,0.0,0.41354391619941744,0.26413299588697836,0.38853234282871424,0.03453259988092092,0.34043108509349085,0.0,0.3568312764856278,0.15848684322356887,0.3203526041868817,0.0,0.4668433640102052,0.42871632404145005,0.03115957487251444,0.33498546120069783,0.06065983909331327,0.3177426372159265,0.5292866943339807,0.42784511237182626,0.27875931484578104,0.022185378759240995,0.15093130857456769,0.4343592505622663,0.3625976653827884,0.1959295288842229,0.39591252388584797,0.3268100513375281,0.06785326254269126,0.029669761523252684,0.31770851205513023,0.3506315499815583,0.4010490687837482,0.0,0.3933072826097089,0.2729936268117681,0.11754691618026207,0.4659498967030574,0.36497345729021274,0.2970227452724955,0.0,0.279340146728545,0.32318107369614796,0.34859017238731727,0.0,0.3373507587979439,0.2511541625897799,0.29746153572586564,0.4174215832163448,0.40969301930818414,0.354382883830044,0.3633811425361987,0.3553975021934843,0.22747579858389483,0.4202624404904856,0.3754068630631176,0.0,0.45194409754365017,0.4134993336497141,0.30112674675784434,0.0,0.16891902737911332,0.3327311294896932,0.3327311294896932,0.31296462440027384,0.46267442858828545,0.19263516121070262,0.4569060415981787,0.0,0.3736330160690483,0.0,0.4426373133195554,0.44214173026525333,0.0,0.4303575545150317,0.27616559161068366,0.0,0.37322978093774156,0.0802380454362347,0.34804850110628216,0.05205069641376943,0.0,0.2846589909221567,0.3415645552759252,0.44659558801931426,0.4240029436999112,0.37014925182895886,0.4192323494244771,0.28389753039661103,0.30998478629415155,0.32958360742499565,0.40001187065797167,0.2192659422966155,0.3327311294896932,0.2623956039833898,0.02695663068937843,0.3555877007906302,0.36802211767299486,0.4231010387318717,0.42889089507554623,0.4276583369427592,0.03196167724081412,0.4429672769669609,0.040184321102465045,0.22638371562038265,0.40867415130856266,0.3199337783554742,0.3564649428014776,0.3310313177138498,0.3003158741163198,0.37195810938210844,0.39141935093997954,0.33906163047038534,0.23390189775494738,0.29906142566168104,0.36545582528154413,0.0,0.07214144175005155,0.3415542986942224,0.38286975337936485,0.4991489586340736,0.36919583361581615,0.29732696850604917,0.0,0.3846281396269874,0.0,0.3207357173933872,0.4779558722222963,0.48396251524437917,0.4109921037815859,0.3408202469028344,0.34659492655176377,0.26808383878329906,0.28756150052629414,0.32986203699689964,0.48013786936821373,0.4431107744120111,0.1965581590052978,0.41788652758352146,0.37810355623828773,0.199845849027184,0.39607703017202417,0.4565970450588671,0.3513796563584983,0.2666452979226942,0.42969094715974426,0.48814033761501757,0.3854021798903507,0.2514478625778585,0.0,0.39041585907692855,0.2595795186442009,0.4679859766652848,0.3649330572622218,0.44402162911105697,0.026204037173614556,0.3864367950745944,0.2824967927377327,0.3406535123226141,0.0,0.3676283130517692,0.3172406711430681,0.34419659896723975,0.10951348862921262,0.4255983770931376,0.044948266524179055,0.36563281554621907,0.047106894372940265,0.35593841138385557
attention_zero_shot,CCL4,0.0,0.27312317841231754,0.03525596858484196,0.41650547895934315,0.3645818903002948,0.37987044167980094,0.23385412809794281,0.03127456444031823,0.45195105381608663,0.310713445022389,0.034914518371369975,0.25695645721765836,0.3621408588302443,0.3897650552219817,0.5484296825527557,0.37346422556635606,0.0,0.3974666162465661,0.27897205764461713,0.3990498207911897,0.035935652178063236,0.3373153918949538,0.0,0.39987865688095164,0.15896256941252931,0.3227681227385565,0.0,0.3630093709422191,0.4022943098079162,0.030966779430600312,0.3336453819102719,0.06855992906414628,0.32066621107775356,0.29134929048539854,0.4560286690403743,0.28774700560097904,0.02552470939269142,0.1803691083739829,0.4196749585711911,0.3554777186161963,0.29895749982535064,0.43094112497959886,0.32766610625044296,0.07182354785962085,0.0306613396965868,0.3188378837622993,0.3463167409639414,0.37744413618556133,0.0,0.4738560335031937,0.5374799141873553,0.3812156660403716,0.44751937963080346,0.4105446166394958,0.3040482603279496,0.0,0.288087574335843,0.507538400868627,0.0,0.0,0.3352907228533039,0.26821065655827964,0.302686174680888,0.3299296850663032,0.3468491560953444,0.3222362471939091,0.3081828004857837,0.34770873710328254,0.2484080799997878,0.39420165458221507,0.44461314237049265,0.0,0.32604268167821665,0.3880572311701087,0.30857285760772285,0.0,0.04349124238860347,0.4339713836289674,0.4339713836289674,0.31635687640881044,0.4432498721404177,0.21132146006950922,0.4220713046807062,0.0,0.3619894503159149,0.0,0.4501342122572446,0.4259445980016122,0.0,0.42485077392111026,0.28782746363349826,0.0,0.3611028422343033,0.19418985739629022,0.342449743069481,0.04997998891969646,0.0,0.29301445893444567,0.3394521293919572,0.42856777833859044,0.4010817125928455,0.4799708362869539,0.4807266731254165,0.33215816768333606,0.3156961794132643,0.3297625399051484,0.3317382020484699,0.01769230397661479,0.3319682005034276,0.32265109154497124,0.029746745156840955,0.34805019463344455,0.35708353047505065,0.4336981231681251,0.4084149919632832,0.41661024698926147,0.034171690448188435,0.4111707881014351,0.040240784727026024,0.24969710560113478,0.391065198583805,0.32299608697630794,0.34925150805309785,0.37404634781240637,0.3066447657625033,0.35884490303004757,0.3741620206974485,0.33690383148609254,0.32249699693364137,0.3059194516337325,0.31237179984928504,0.0,0.23015845607711957,0.33963860169798576,0.3676331663716819,0.4733425480216604,0.47453287814956085,0.30519610605636494,0.0,0.3763179652517679,0.0,0.32227224812211963,0.4842450283079295,0.47371396562736634,0.3951289580545077,0.33811220655283175,0.34145300623209696,0.25377349413439276,0.29873770231419483,0.442608486811441,0.3618015287255226,0.417243242377614,0.27736439322333295,0.4607613778677691,0.36214712782192104,0.2349879634392556,0.4197584198296182,0.46228288332860085,0.38892645647601864,0.0,0.4675790148933592,0.476404075906341,0.3764779593328096,0.24420382438483332,0.0,0.37502056910099485,0.276115737278134,0.4472288703305305,0.35488867176213296,0.42797469399130617,0.029207010163016797,0.3757776956790862,0.2941659540880883,0.339220866639268,0.0,0.4628153490304316,0.6004090448645028,0.5993059153761053,0.11353942827177668,0.4071947776695683,0.043631636855566085,0.35814466188992394,0.044871232744344305,0.3492063746138235
attention_zero_shot,IL1B,0.0,0.10073954138092195,0.011971409797747351,0.34444442004785086,0.34176157214973746,0.3374034637985852,0.5510171701508181,0.011634732510130783,0.46841837298287115,0.20795044977579286,0.014047697447024384,0.1147384219406328,0.19590149180736038,0.24412540639124614,0.6587677391154263,0.12337830720226708,0.0,0.2927179567105825,0.11314437163535644,0.33526791665767497,0.01563034157529315,0.11083604308917844,0.0,0.38366132421332694,0.03844835779603598,0.15276595300475723,0.0,0.11885810319119888,0.241750952691259,0.01079592477377737,0.13069928964527963,0.024314469708494758,0.1596577956164676,0.12504102414502993,0.5062238852846561,0.18722977525799828,0.008539045352719656,0.047298930672341866,0.35229329840113416,0.2181736014929411,0.2789266801887072,0.296298684414369,0.1095132355858501,0.03510797554126443,0.011100375206050337,0.24791398774210102,0.21312953640117255,0.14154130571645102,0.0,0.5535880928922973,0.6748343584070233,0.659936308496223,0.38790986486981205,0.39566164432125667,0.1581805115743832,0.0,0.13305577117247153,0.6777219437861173,0.0,0.0,0.12529839978259602,0.10757575411267198,0.20600433044198888,0.16767474036220914,0.18009509150015057,0.15716331476959158,0.16042416907661822,0.16054020493765855,0.0660128760782907,0.21139899230946624,0.21360836067160935,0.0,0.1270863640375219,0.1869488020019109,0.08474636620747586,0.0,0.014933457723474883,0.42186330052478044,0.42186330052478044,0.18710672738216666,0.37715002121354413,0.11063404625437963,0.19157669752510062,0.0,0.18476822030601586,0.0,0.4154076277806504,0.35763281834444494,0.0,0.37104325354633466,0.13322850182641943,0.0,0.17036006566888057,0.29721010267888587,0.1088022579719036,0.016919356081494853,0.0,0.16869955129143102,0.22434865021377492,0.39065705247526256,0.29756217159008436,0.48413388308147787,0.2895877842222482,0.25794113808058056,0.10477266381626865,0.132400447218853,0.15978724425170693,0.006283928753650012,0.10281525600188923,0.2911630218335427,0.01109680748003973,0.13578272509437583,0.1571494263066874,0.4522935624046324,0.2966513536579501,0.3638577045162389,0.010453420406432417,0.163258428466169,0.01895015239680504,0.07437484055074463,0.29548836017300495,0.09870264576181366,0.16024183028735223,0.3349938624457376,0.18216016912232327,0.13375141443363533,0.1892233234489792,0.17204191947867006,0.26621429715034206,0.1529653554633835,0.15933397440516145,0.0,0.457921795110553,0.23760792521303808,0.17256812492484086,0.35038973713326527,0.5305029592433024,0.13399211189749216,0.0,0.29352674040082066,0.0,0.22198613925403718,0.4309932130511362,0.4488857206172379,0.2197333537634698,0.10617773667155779,0.1072854845237105,0.16879245356730183,0.14305852853959966,0.4275915664314384,0.23938079707381352,0.2928996266679839,0.24613382266208292,0.3533766120893289,0.11750314971644484,0.22550653351820546,0.32808852200493005,0.4524549024721433,0.33838346627397786,0.0,0.5234395018820354,0.44870966294162073,0.287807360009875,0.14668233812729306,0.0,0.21427727087950724,0.09983287365697839,0.3797445649188635,0.10939515393310463,0.35183978725488474,0.00992890354614829,0.26764820163715103,0.11376299575411886,0.2596232390744615,0.0,0.5189742026140872,0.7900051123220603,0.79274131108446,0.02677055084863455,0.305040294513052,0.020630531303098817,0.1844051843330643,0.01710201399678193,0.17277928865675113
attention_zero_shot,CD36,0.0,0.09825560099221073,0.014914611296967627,0.3071440222804078,0.22715420091370067,0.2612902888835256,0.1188719987498655,0.014241660390982593,0.4127643666207925,0.182331846518419,0.01565600685534535,0.10894912703623351,0.204804521677146,0.23285448377969398,0.17364490539040342,0.10972871960908637,0.0,0.24024550514521278,0.29157179940102046,0.2551971966731938,0.017167228785761147,0.10356831990055126,0.0,0.20253741174595097,0.038611967755809204,0.1331417185926277,0.0,0.1075321061864039,0.1887432308872951,0.07375397885949937,0.11654764144893763,0.02424531430225743,0.1386409923227085,0.2154194549079089,0.27161410002867487,0.2008576536734795,0.011512562541541154,0.057522661251557326,0.30163445678483686,0.18098638182617646,0.09687535734207134,0.22607462360741676,0.10389773542977022,0.030253402748465053,0.01342772793158027,0.22820005090089587,0.17871159317729765,0.12040635626830376,0.0,0.1366159433481875,0.13302928448445053,0.08275506447818608,0.33233468750469175,0.3520872905622031,0.139462289729591,0.0,0.12355246857132775,0.2171197960849977,0.12155539981837032,0.0,0.1128672894340301,0.10323858495047226,0.2746016836391115,0.3158213946331322,0.31589794829889195,0.3720525588417488,0.3574466226439033,0.2832440063828379,0.10719216805102623,0.16616765623637833,0.1430144434482307,0.0,0.19995445148066882,0.14923597524819074,0.08744266200667063,0.0,0.06516536481187171,0.09875584764817773,0.09875584764817773,0.16192272944495167,0.31953315314348163,0.10725196415804661,0.15560943846783148,0.0,0.1520210255723606,0.0,0.383738724431404,0.30463960169907806,0.0,0.36581497956003456,0.12142871514749319,0.0,0.1414509194172452,0.032712222343775146,0.10218255628809104,0.019406404763754492,0.0,0.1496913472479759,0.19090562415760617,0.3377204305253187,0.2976815470381311,0.1842909824280074,0.2414853101077112,0.24642159002595249,0.10026813220746561,0.11795182463658299,0.1374137412070081,0.08041818707342356,0.09875584764817773,0.12165020752464287,0.013717525129995073,0.11895697290832105,0.13258459156799143,0.31149103964548325,0.23939251336592493,0.38787960773269625,0.01392461821567528,0.13699175187135654,0.019465965165918298,0.0798969219294211,0.2962247824301288,0.09634716843724657,0.13566906840744614,0.1549272781473787,0.19654513844809207,0.1168961613809072,0.15329529058149316,0.14612349193220164,0.11082223840307688,0.13509909758315444,0.49228464486069706,0.12235970738726684,0.06022047440980166,0.2039983738865621,0.2175087596655906,0.32075152003012886,0.13882416302157277,0.2076184313389971,0.15807275627741235,0.3369396170262504,0.11158993062538951,0.19324849389038679,0.39899834340653184,0.41516084625040933,0.185848922124574,0.10157824678085232,0.10128804886992587,0.2135730225892598,0.55481939951366,0.2306836439031682,0.3714311251517824,0.23128950619094593,0.10028951800010452,0.2757187097805026,0.17767377481322041,0.11431468160771452,0.18646823645405736,0.3481061417944326,0.1927287459003489,0.10423790889786172,0.3622298686271627,0.41123146001277755,0.24444277670048287,0.15075358253191912,0.05277744668059492,0.17287793955630834,0.2527392560075371,0.3200920288562655,0.10302242295577352,0.33569437355172993,0.18035233286795785,0.22249169414823733,0.17863293459329677,0.2278220002255375,0.0,0.11423167133146767,0.16397150752932968,0.13444893422432175,0.027536228972813916,0.24933575434375585,0.020555324752587135,0.15819419884293465,0.018542489720554348,0.14491405264313698
attention_zero_shot,P2RY12,0.0,0.0,0.0,0.0,0.02849314042709586,0.06294973817603645,0.2821630626486442,0.0,0.023390740268125897,0.0,0.0,0.0,0.0,0.0,0.1319661906676486,0.0,0.0,0.0,0.0,0.008821807641282344,0.0,0.0,0.0,0.04016993395565878,0.0,0.0,0.0,0.0,0.0,0.0,0.0,0.0,0.0,0.513154041262745,0.02101518230313735,0.0,0.0,0.0,0.0,0.0,0.02327495774870127,0.0,0.0,0.0,0.0,0.0,0.0,0.0,0.0,0.09602107260183115,0.17066634407325962,0.14720888838211812,0.0,0.003975064773937898,0.0,0.0,0.0,0.07750329548927821,0.7918823726098652,0.0,0.0,0.0,0.0,0.24098924348425865,0.2104470614351218,0.16312791341195973,0.185999706933492,0.0,0.0,0.0,0.0,0.0,0.3124728710931929,0.0,0.0,0.0,0.47842030949704134,0.20367116576098643,0.20367116576098643,0.0,0.0,0.0,0.0,0.0,0.0,0.0,0.00782062870104707,0.0,0.0,0.0,0.0,0.0,0.0,0.1542357311754702,0.0,0.0,0.0,0.0,0.0,0.0,0.0,0.2066311860508013,0.0,0.0,0.0,0.0,0.0,0.624360481741581,0.0,0.038991486957560564,0.0,0.0,0.0,0.011667990326666699,0.0,0.0,0.0,0.0,0.0,0.0,0.0,0.0,0.0,0.031938377850521636,0.0,0.0,0.0,0.0,0.026131400059517702,0.0,0.14251390108685713,0.0,0.04939872267458345,0.0,0.0,0.0,0.19917392657551355,0.0,0.0,0.0,0.0,0.0,0.012629922984629702,0.0,0.0,0.0,0.0,0.07396821756129401,0.0,0.02885154145859826,0.0,0.0,0.050130884512872,0.0,0.0,0.03688380516465034,0.028687404016950264,0.011916306283963955,0.03520726856625714,0.6166596355257737,0.04883591468918842,0.0,0.0,0.283635527053592,0.0,0.0,0.0,0.0,0.0,0.0,0.0,0.0,0.0,0.0,0.0,0.21770373646412502,0.1185940428451635,0.11047109606845984,0.0,0.0,0.0,0.0,0.0,0.0
attention_zero_shot,PLEK,0.0,0.20540019295309422,0.05647820421706261,0.42505839904284576,0.3518073805325063,0.31773685897865994,0.28125694903313775,0.04330505806406434,0.45443742913843566,0.271423443567537,0.027988817212851673,0.22341388923240876,0.2569801817533177,0.3867996359814532,0.4055527876248546,0.33078193607076434,0.0,0.41946543364065086,0.23884657320240935,0.4049561835672892,0.11917205005640158,0.2500227322001846,0.0,0.4297919631325369,0.12809832332842475,0.2557186811225779,0.0,0.30329758033431625,0.4132121497215165,0.09414040569202055,0.2570078845344031,0.06582752772983264,0.27568822281608957,0.2054511571493607,0.4295540881285168,0.23134208525477873,0.03414642219890573,0.09058832852044622,0.4400784750667399,0.36131143338168575,0.24697195556198986,0.46613275395168885,0.27121875969069803,0.1337744665752673,0.08221967516121742,0.3123846339047301,0.3121811557569734,0.34660187606434306,0.0,0.4432982255164473,0.3803240986772271,0.2462705936781083,0.4678988795369378,0.3753232700858408,0.2861517273608603,0.0,0.3362315499841903,0.3287680854245613,0.0,0.0,0.3351290936216932,0.2500219766950133,0.4472725900871893,0.25705690685803584,0.2872988959001577,0.1649315431936359,0.15624223907172247,0.2767484770216015,0.19131572131015512,0.39603918854427644,0.3076389105369336,0.0,0.24437063387293975,0.3805017474791545,0.24290090303896456,0.0,0.07992954554373743,0.40424602048963937,0.40424602048963937,0.29679710543266086,0.47442473241171534,0.168198011465908,0.46612867069213654,0.0,0.3262385055545664,0.0,0.4538206355829002,0.43942136279086624,0.0,0.46350813542737623,0.2733756483138344,0.0,0.31999852880718105,0.3242080990555901,0.28773763585362455,0.04293376483561733,0.0,0.27249762683787293,0.30769296693810066,0.4445974776453912,0.40894092214183886,0.43357266797739874,0.41807658511808976,0.31958199818553257,0.21583030233538564,0.30160492545310486,0.3270209849564799,0.01336193373233525,0.2362728114791174,0.28760539394930934,0.08689314095462332,0.35761620856861026,0.34967920058877744,0.45350369870158075,0.4410221814652426,0.4549045221833068,0.043961250049055586,0.40934259801413414,0.06694631811564915,0.16539446768314112,0.4143662141472207,0.2205212907138429,0.29594580359489797,0.3672213463660733,0.35250263961350814,0.3527126659553984,0.34995782057557295,0.3124506725322904,0.2621593318840062,0.2376048830096741,0.36133900600416313,0.0,0.12242880126326278,0.3124063547198447,0.3329390290442602,0.49358009372775796,0.46391866134492815,0.30101144943797137,0.0,0.36903715281423083,0.0,0.3063331000364582,0.4798414213152586,0.48615222707062733,0.42918652261957285,0.31343122121747125,0.2544476431313572,0.24617965538785486,0.23370723943426858,0.4112354947643114,0.37531586019736,0.4378707606426817,0.2387304212780431,0.44911570117470984,0.30071085097342215,0.3942053031043412,0.4219625161362301,0.4668894637139642,0.35896881906400396,0.0,0.4611493341951137,0.4909902172755771,0.3686405516785935,0.1574010941509653,0.0,0.39655961704577386,0.19483795128651962,0.4706798367982936,0.3323784758529515,0.45594933865588255,0.05280156028988393,0.3839110944654309,0.2659329266213773,0.3354501003676798,0.0,0.42958560342933233,0.3726611475368414,0.37302679783095705,0.11338140929401394,0.435308439386683,0.09447593786938085,0.4207609329070038,0.10268764403102293,0.33461803925745504
attention_zero_shot,PAX3,0.0,0.1423285168198966,0.022446628204271093,0.373269507771332,0.24107538633788542,0.20192625521381682,0.048098909951433136,0.16835431907294965,0.4240667721319943,0.3008182885689386,0.7194409205594029,0.148719737975802,0.17076850818895248,0.31577496223624024,0.22794894414520966,0.21687511171659643,0.0,0.34894671459199544,0.15537194631911855,0.30940689318434383,0.025291552577045653,0.38551321491789414,0.0,0.3069692596950443,0.0546447805237196,0.3814085959355576,0.0,0.20509879366992384,0.3248474233229215,0.022703128822406778,0.19611097055118887,0.034686627986838775,0.21245277927599904,0.17054959357821553,0.3476145737334798,0.20500723501059198,0.014230176467555823,0.06774003437364814,0.39404783977341734,0.2750350723768293,0.11137356392361317,0.32119929004756204,0.7598252532608646,0.04694852128104645,0.021027806082248798,0.29795919369502916,0.2660211996500144,0.23487049698431728,0.0,0.2509226580920703,0.1624391171142592,0.06735822943570598,0.46343669204401217,0.3413746797505396,0.20322231413368377,0.0,0.16392469431217288,0.19292836039129393,0.0,0.0,0.505101567862131,0.14650043947346508,0.17193390168563782,0.201224522722666,0.21951766115199928,0.13561986316274002,0.13235927106265646,0.20104136807072231,0.0961649007295085,0.2991397300833203,0.21914517511230222,0.0,0.18886864020670516,0.27749114630260346,0.13125761092828295,0.0,0.03222662646045808,0.17121719346047087,0.17121719346047087,0.2312373470902292,0.42320710117511867,0.19216305063831093,0.26737861140897484,0.0,0.25599328835741936,0.0,0.39532522446163315,0.452519296042444,0.0,0.4213248190861974,0.17592565008629305,0.0,0.433873766098292,0.04797980168553724,0.18266735916985488,0.17121536291481265,0.0,0.20658462776028594,0.2697606450416911,0.4024182170308421,0.33396244729655705,0.27207145698345436,0.23835264364535183,0.21237058616014898,0.6129625953736135,0.28701652769250585,0.21847230917623062,0.012522077849233404,0.17121719346047087,0.2687415828777594,0.01824979216266627,0.20900643295315008,0.23197360074654655,0.4541151504149766,0.3596740564355433,0.39641831769479885,0.020625040934693174,0.23606991364955307,0.5072013515847047,0.6090317665380571,0.3270145683822499,0.16265633378744732,0.22923181651084637,0.23481370348852842,0.20707997935073505,0.21454683687095655,0.5049058845894361,0.5713036381953043,0.13754031420327106,0.7665831255381139,0.19529375630810267,0.0,0.0493558296387094,0.3494802302381843,0.2510634180833079,0.39652626835817306,0.23965144453406664,0.18418249435235648,0.0,0.3344939082864154,0.0,0.4837095107839832,0.41046946980162435,0.4693586201766285,0.2680468742896481,0.15681039878930372,0.18072925976383036,0.6851062330099583,0.15397019819286936,0.25271255350909994,0.29296091915685873,0.3654821642500331,0.12590720250599602,0.3645983526670162,0.20332041723430916,0.08302866635042627,0.24504317161725564,0.4233746266140074,0.24186581845692817,0.0,0.3860592650801843,0.47183263123483987,0.47776822111356304,0.20220522364038615,0.0,0.2856983049603204,0.1426570369899283,0.42767819628132636,0.582547803315026,0.37129314764754184,0.01711941580057967,0.6182026133475005,0.16213354969962598,0.29269747283757125,0.0,0.2087737750971709,0.20014039208251347,0.18630333750987427,0.03584630054710799,0.4841244372531491,0.600778185442867,0.6241839646948889,0.03507285656917358,0.6705892889725606
attention_zero_shot,CA12,0.0,0.6936762641176101,0.413637444717485,0.10403693093083767,0.029159733156711783,0.15547534108367989,0.006967474256256275,0.32831353693104603,0.050541901560590755,0.14007314166342438,0.012449097229407966,0.2662988374516427,0.020753784467357515,0.03816741862710145,0.026544555372786063,0.02078302238562817,0.38616241619243136,0.38721650028281723,0.18445915153198483,0.12342744955358055,0.35350916803019494,0.017379770894287893,0.0,0.036101486190761374,0.3879299308423235,0.1511093209470048,0.0,0.02100619512984608,0.03858995239760618,0.15477231471101535,0.021619553308567515,0.15737310826267742,0.25209595030523924,0.01748111264622147,0.04227180464673792,0.16170482901508546,0.36823596171332545,0.37419405830452346,0.04734363740348332,0.032039611441821665,0.2729750973739354,0.07550211257712794,0.15782859694306817,0.24885276331141984,0.27275934986654704,0.14581700777000783,0.13428636783827053,0.024200514004088593,0.0,0.027354036744454305,0.017310466069536803,0.009462373656880527,0.05176279053007527,0.1080996441365652,0.2300353333703085,0.18280236461774022,0.3096743929848466,0.02235396217100353,0.0,0.0,0.0248161993843631,0.2906610678732924,0.09189309871255195,0.02295543892769723,0.025656078801543962,0.019100257644276763,0.01776471845817346,0.02281446280349012,0.25416078190346003,0.03488017531177743,0.02313589126425808,0.0,0.018882954977610042,0.031523710329360945,0.17921211768527104,0.0,0.28436403673026794,0.014845015989734407,0.014845015989734407,0.1999078353993071,0.05050075813163834,0.22370163714785504,0.031122810324585456,0.0,0.02988215950405879,0.0,0.08886851772856809,0.0499374741211978,0.18225616560055796,0.05427241148362491,0.2752289747386291,0.0,0.027156487837564473,0.2066749007970811,0.17321973091050885,0.014645182886049718,0.0,0.1992954563300334,0.13430193202758042,0.0484565574880186,0.04082000721360126,0.03127300511437755,0.09027778469046975,0.20812114476096594,0.02292174802835288,0.30872205167347644,0.30238947407337113,0.005566724365815635,0.014845015989734407,0.14416779846259542,0.31863167699717454,0.2206027915382143,0.41122405941503715,0.04705844145609525,0.18240021989427915,0.08119142340382264,0.5595157191273742,0.13712031691352933,0.33776161697394674,0.3057299373383202,0.19974275724338603,0.20411455735339776,0.16561221237541604,0.2297378896014655,0.22056564759405325,0.3541268517943218,0.03409208520917578,0.2154106836417855,0.2371416604816626,0.02824498275580858,0.09277368030328462,0.0,0.008937644235042078,0.11245410304396758,0.027583246538190824,0.04826259416896945,0.0259607026241796,0.020247747673152402,0.0,0.03918186259034137,0.0,0.14014454963433978,0.08486686642969263,0.05503923079380883,0.1217264228622077,0.16214574051262778,0.13125168026637757,0.026675111458904825,0.19268423602425164,0.03058417386878895,0.036744801794112214,0.04391681180289874,0.21905226373950853,0.0439167442377952,0.018893656714207428,0.24065159745648054,0.13998800221552107,0.05049313580148575,0.1898292042023588,0.0,0.04670257105876115,0.0553919057598781,0.04515635815966856,0.009415893866390313,0.0,0.28003161474094745,0.04359943942980852,0.05100436983515081,0.021080640171221646,0.04493888101234696,0.1496386547863402,0.16004221480301903,0.23299977627240803,0.11970690563240362,0.0,0.02047735800345958,0.022441934248548435,0.018319140866566407,0.191719995076677,0.1675782117909736,0.3445583267678911,0.17477665018872676,0.4078998375407998,0.24511008289427788
attention_zero_shot,EGR1,0.0,0.1850778220760988,0.11637772878158234,0.3115371287018488,0.21031953627334685,0.22039348241613488,0.028825441614957446,0.3798971962303179,0.3711596149554038,0.3208443648956089,0.6934569303575068,0.14938194549674497,0.14384885122500202,0.18233489422181148,0.14780061823362398,0.09038579016517631,0.0,0.3016962145177518,0.17844058757661313,0.2751685346781564,0.13079977275998161,0.24269852438793038,0.0,0.3120922434606817,0.034973584731249015,0.3939760784442572,0.0,0.08866546329863906,0.1751525940859623,0.06649443133866845,0.1005908888609138,0.09375604304220801,0.213538519255468,0.10191006629327266,0.2706401091692146,0.1415258907654463,0.07597598515608112,0.09680381735250392,0.3079919877895157,0.20570865386340123,0.20090719697560655,0.2658224293781268,0.7955437964459695,0.0949563865783655,0.0732169220503139,0.2885976207013291,0.16765669032332237,0.10189733143836947,0.0,0.1199463200969631,0.0969801688347894,0.04117033213378065,0.39460323265553976,0.3428072338325256,0.1758482337583625,0.0,0.2522998444259413,0.1031967415778018,0.0,0.0,0.459476683030085,0.15648884262244522,0.16628862519751259,0.10772192103127746,0.11285153631848115,0.07957943749828851,0.08259909940409456,0.0956451788045115,0.10911959515681692,0.15103195882395,0.10144708242246485,0.0,0.09893848150666146,0.1328899425585049,0.07224073617755611,0.0,0.10772511072931544,0.08111545271233772,0.08111545271233772,0.18850632287810737,0.3406474727318208,0.26761413501061493,0.1409321870334569,0.0,0.13759579319568838,0.0,0.3944464565867695,0.38209318631332606,0.0,0.4799814213126667,0.19271052957879012,0.0,0.28217337753722044,0.12302361421563468,0.13704023509898694,0.18936384203222956,0.0,0.1816192199321159,0.18129553341585888,0.29244540134726615,0.19294426050699628,0.159192821072498,0.14775140428805536,0.24391106274171742,0.6244745913398894,0.3514901145252878,0.207883411078211,0.012562603623295074,0.08111545271233772,0.2743524510290603,0.10189219580449856,0.20904664714675797,0.21988658300153097,0.45628515082062565,0.305217327126158,0.3405438675420351,0.08618008858345236,0.12152176381719981,0.7582639550078378,0.7409455699511933,0.28093020145417863,0.07908756639452927,0.1205280874367835,0.19655785520143454,0.22201527336708304,0.21067756187006606,0.46046048904991255,0.6871791342105652,0.179213316555127,0.722843840712488,0.22533892936165373,0.0,0.029427457782052996,0.3026473773657695,0.1264075063361388,0.28959094319642326,0.12339780380432597,0.17206111423769666,0.0,0.2441005458104676,0.0,0.5669876466319388,0.45222401843369936,0.412949117655793,0.17566447588692372,0.08668361627291567,0.08325006988897818,0.7456299639606208,0.13366268630754422,0.22394254976734562,0.23379848708823,0.22039849160359318,0.14691519683563845,0.28760168807101466,0.08787507377169919,0.15294564509369962,0.2312138215107596,0.32829555381125264,0.21081670437599112,0.0,0.2846201829818536,0.40874470643573674,0.459120990928457,0.2246267878593199,0.0,0.2697335458255714,0.09877020218585952,0.31395203910245395,0.5922038069956062,0.2785093578584232,0.09525925865113843,0.6714872310689486,0.2202005217661004,0.24308835094643744,0.0,0.09653431399424477,0.11306737375021464,0.08846511263384194,0.025464456716052325,0.5304986146101294,0.7605727401394033,0.7089596250885377,0.1454721609769779,0.7482170818990282
attention_zero_shot,EYA1,0.0,0.46963090636182225,0.5209526800308806,0.4350822629404848,0.21748533515810445,0.2627620303722069,0.03560689739888235,0.4380820068688966,0.413989514313535,0.5090570217892477,0.08215837092423457,0.5575073942423064,0.14378197681832222,0.27462357870068577,0.20147670739809534,0.15589029965616424,0.4050717660636185,0.42682516935311277,0.21853691965579577,0.41829730321827263,0.2853321658720499,0.1353635230595111,0.0,0.2752059521883767,0.4315793224040201,0.3643673329661297,0.0,0.14881050650692373,0.27666717608292163,0.0629191142059751,0.15464374043883336,0.08451747311952183,0.3689333784981662,0.14194078240395538,0.3248387714692497,0.5178412247980482,0.23909257458716474,0.3127835112423073,0.37196708959657626,0.24209045162403464,0.33642148018679313,0.34099958883291626,0.26481053139032523,0.2210435039837938,0.22097669827883157,0.4328627252402347,0.37562999636790617,0.1752742427863846,0.0,0.1983113772454849,0.1343218499681176,0.05224366260732311,0.43007465606431805,0.43735680410563005,0.4327628355829952,0.39674036177536287,0.4801491447401255,0.15489573337680385,0.0,0.0,0.2146703210541927,0.47105182618049557,0.20303917105333408,0.16255372937499343,0.17609987348957623,0.10830013479025147,0.10890764609726548,0.15318068627378906,0.32221228332865715,0.2469105543545901,0.16708107852136428,0.0,0.14963948572640257,0.2223495332454911,0.6710285697829544,0.0,0.10996071142273744,0.12619690924546628,0.12619690924546628,0.3839346623987041,0.3990503381093788,0.43507244229010156,0.22186865923249072,0.0,0.2131095130378427,0.0,0.4591777400493736,0.43076089253087335,0.3937702587395605,0.38573526969466965,0.35539095707856266,0.0,0.19926211346538444,0.13314834112631557,0.1878223468417122,0.10484728590400591,0.0,0.4127789329055574,0.40440154113070115,0.3772784310369878,0.2915985647569814,0.2350671184169685,0.21663955302230967,0.45548242036939096,0.22300098297902685,0.33485330770241606,0.3938922103803283,0.0077800568113277,0.12619690924546628,0.3021240897784668,0.5750949083438917,0.23463743334477566,0.44135684088009697,0.3810722251254751,0.38415275705873275,0.4035292073714753,0.4961415869665964,0.41116827364892616,0.316867146652634,0.4039021353977058,0.3562942624936554,0.5342474314953436,0.7219639446108189,0.5089031576588504,0.4308214989606401,0.2755690900114752,0.29612338362547447,0.2925400582521024,0.4480949390253152,0.2519115173666266,0.2182843570697226,0.0,0.03927626995010298,0.4847503025850968,0.20301479122414404,0.37203426628255026,0.19455584158980468,0.15284841143948982,0.0,0.3121784802483981,0.0,0.4476206323314769,0.42107768242987614,0.4590805613636457,0.4708124859313217,0.4638377959242976,0.2552182160162117,0.22897167122087023,0.3028798968677177,0.22632167997071057,0.2624759596720415,0.3250592578835416,0.3955263290940104,0.3379545869284524,0.147229727453044,0.1833703390756087,0.2595081284198307,0.40323933724147726,0.27792171793050885,0.0,0.36275231403349745,0.46020363240729223,0.41959382357791836,0.07499968112043952,0.0,0.3386751445373509,0.1273360302611748,0.4025342656924159,0.17305944956169583,0.3499347686493,0.09028237959909546,0.37776759496172835,0.22455786584224818,0.492676343908494,0.0,0.15774681850774613,0.16554479326323138,0.139846277671117,0.2893947213531278,0.4024150681383511,0.21533101427319232,0.3119224020273953,0.14958201940994142,0.32097385949192125
attention_zero_shot,TNFRSF1B,0.0,0.22778320913310116,0.029378419710509997,0.3906172883164567,0.33755499857541055,0.2533825122891683,0.07853785747259251,0.025577174304721728,0.4326245608616392,0.287489028358432,0.030707531434611576,0.21685888180155594,0.2906847673170415,0.37386505337873643,0.28679195118131146,0.34075930006318156,0.0,0.3872648193472525,0.23629436430391904,0.33174807246768406,0.030899965287885175,0.29573859582634365,0.0,0.38394852865983436,0.10033885934729453,0.2877261401857612,0.0,0.32718080975477515,0.3883843898513279,0.027235361929397187,0.2951041130264553,0.05613332746348997,0.2869503055113789,0.4330058028099197,0.3953422342882664,0.25799831577600524,0.019816826274688858,0.13386981832146413,0.42963619107489115,0.4178194164317948,0.2238019384647285,0.429699231994199,0.25098711753211345,0.06351462830445892,0.026176169136705476,0.2883899741872836,0.3227219026997989,0.34789155988652715,0.0,0.34658109343809174,0.24418922516271271,0.10695620272695953,0.44781576244171384,0.35825634620563007,0.2703894981028567,0.0,0.24452381861275743,0.2862535024203904,0.23558064695087474,0.0,0.2959606018461482,0.22499006994485024,0.2234600137846477,0.3771831310372871,0.37738580420073675,0.28534162274396896,0.29153218438903394,0.31012938149941427,0.17731089210529236,0.3759111520496705,0.3275276431064995,0.0,0.4571679783529499,0.3659965271304044,0.23200835787201224,0.0,0.15139363993517946,0.2883347923611536,0.2883347923611536,0.28830074917739096,0.45698216309543893,0.20040708620716124,0.346442866268249,0.0,0.3350779627812617,0.0,0.4042991023261867,0.4229945277483201,0.0,0.41487297313979654,0.24939146411158566,0.0,0.33202966311739407,0.07397645621145656,0.3012636156279374,0.04477170494472559,0.0,0.2625343383866669,0.31782704117126687,0.4258059286115823,0.38841504142698985,0.33704583828225626,0.32714952020133753,0.29637177760850797,0.27096553035806575,0.29121169931575125,0.2983038315705669,0.17317431148129747,0.2883347923611536,0.3241640602372945,0.02409154054617508,0.4071644734416352,0.32553655504709017,0.41988908850813156,0.39981032458885135,0.4132993487497122,0.027955304656152247,0.32541779399762816,0.03592099089712658,0.19951301430056934,0.377129336253155,0.2776557259774072,0.31719699017968384,0.3014773445454861,0.302224720559808,0.3242168395727306,0.34959200656783074,0.30590062286116476,0.21044688589700775,0.27104554912383066,0.35466461635141133,0.0,0.06770882962222678,0.32040651806610315,0.33985391804966125,0.4202019787958156,0.32813481742725914,0.3386060027493472,0.0,0.3651732722805467,0.0,0.301040728544323,0.4060179009455541,0.4755397013663359,0.319508826585594,0.2521408573988771,0.2998681840555998,0.275642719875629,0.252901027514462,0.36467450746322677,0.3890830871436928,0.4098296057208441,0.20185766067830724,0.42769780671544005,0.3259436783213041,0.12201610459739808,0.37576137475931615,0.43999742582625406,0.31688103011700314,0.20145474062277918,0.4101399380501805,0.4786496566478629,0.36459225203271817,0.18674922298085952,0.0,0.3536889046851327,0.23035916311726748,0.44751677646659244,0.2811933021287633,0.3954773519432515,0.023288649491662643,0.36126991109695,0.28529652508073533,0.36598954037924725,0.0,0.320060235095605,0.2837461327020268,0.29935928224340996,0.06822569921585257,0.3990628023496169,0.03990574823873102,0.29536537692064824,0.04087432307549217,0.31914115990772457
attention_zero_shot,CCL3,0.0,0.20297084128311305,0.1622827872775381,0.4287119392356461,0.29918744654821733,0.34081590740063916,0.3062182115052197,0.19328955219889588,0.4294773523717514,0.34245553576113436,0.018457594452614544,0.4208210750252235,0.2763072310268423,0.251082318949344,0.5688545842551649,0.1616783912368706,0.12190077651969833,0.3091465725013937,0.13773055299119727,0.47033284801675596,0.07945994934509144,0.14653790207511921,0.0,0.33734777556876977,0.22545645180500126,0.28455592593983287,0.0,0.15674415537512854,0.2499099901759944,0.01570043579708637,0.15954402571320742,0.03801197664978236,0.23373609292347058,0.14851306898415167,0.4292190000933112,0.3402753260220684,0.11378576889090843,0.20940572121775214,0.3470476350359465,0.22787883829193306,0.5050410599626346,0.3846056468614573,0.1755287270803877,0.08056308573757011,0.06690459563116682,0.496443509336459,0.3248360955268058,0.17438664622810243,0.0,0.40360130988179693,0.5823983840511893,0.4890681964386177,0.3800247027217376,0.55443784882399,0.35666090353580077,0.09265992378557146,0.2475674956468511,0.534179610247583,0.0,0.0,0.1560572007018997,0.3784423797387741,0.2085417302701034,0.1651400011929621,0.17514848611374767,0.20808479996528093,0.2046060609939901,0.15900991632511377,0.21711080103277416,0.22601393212998172,0.3117824985384062,0.0,0.15572030062246786,0.20742810920530516,0.23274473331646764,0.0,0.020856379447398016,0.3256121274799149,0.3256121274799149,0.3687881236477729,0.36951483137053,0.3208744513237837,0.268695151213632,0.0,0.2026957261996501,0.0,0.5216189392327307,0.35177960574511097,0.08242207407697894,0.3980563800941098,0.20555708330335207,0.0,0.1919937515506991,0.218312234030497,0.14615599867127854,0.02331819398819368,0.0,0.362374598989561,0.34803876654057486,0.34893992640115634,0.2641400005311099,0.4297876826144833,0.37655524874206453,0.3018894803556572,0.1383313318531075,0.16009660441885817,0.22010484265185232,0.0097673283282802,0.14012127240528785,0.36191908181616433,0.11468856047158543,0.16550452114428033,0.2492826278853844,0.3924459378566045,0.29571867081040953,0.3589448012306989,0.12710452399314864,0.3684818401852526,0.09698142639048493,0.19360530446171592,0.26546459731724853,0.24470872313012396,0.26109083799496685,0.3268453840467084,0.21074139804068057,0.16594326069265194,0.20742732609805248,0.19008859925408736,0.31207518236585513,0.1715626258118606,0.2055902317243932,0.0,0.34527474215878456,0.328963275832094,0.1944638523799736,0.39899161229689084,0.40435237455412915,0.15729509581570067,0.0,0.2931466129115536,0.0,0.2739749507399018,0.48062929863041665,0.4428653288210736,0.36250761764626227,0.28599448041116493,0.20826231198734774,0.16086937352008823,0.16204196464536524,0.4144688287120951,0.24562636469194712,0.2923918711466837,0.5581259243521287,0.40645941143626474,0.15569030267254205,0.23001571285028322,0.33360932715440816,0.4196993746367473,0.2865737521298178,0.0,0.4329072531553231,0.44197595907164583,0.2879561965913918,0.2814158628845791,0.0,0.2264504709561627,0.1275664050270131,0.37164911176364124,0.17932976503113415,0.35603901507440444,0.01405816901592838,0.27015171737350463,0.1407756637948517,0.3638077655421307,0.0,0.38053045960408605,0.6184699338336845,0.6219624155060562,0.2672163451797112,0.3031938290431497,0.024559795211479475,0.23644142113720187,0.02254303432663683,0.19220696355043965
attention_zero_shot,AGMO,0.0,0.32268300680604967,0.3075951032738674,0.42248061662849096,0.20523442395259975,0.22751779861530325,0.023082201909615685,0.2584894795269716,0.41744443184124336,0.33827056320236853,0.01279164472696527,0.32031662900360636,0.11475517178083544,0.26595973303217435,0.18483869316307425,0.08836842157821483,0.21269764253782747,0.41792643451032296,0.1672504987924727,0.36992932957592517,0.23729788072734234,0.07830749681459494,0.0,0.2530780536668303,0.22642875075271868,0.28541280562373156,0.0,0.08375962168526253,0.2668396449018927,0.0656824467587704,0.11167030185872562,0.07118971791212575,0.609437620739454,0.11051184943265405,0.3255018449717504,0.32326952218872984,0.603704692040793,0.7011235737381954,0.37662435533393257,0.22944839238749992,0.27279101397329325,0.32604872960642073,0.13915775145129838,0.19169407692831295,0.20147664549911526,0.3650957455178833,0.33804045326256726,0.12040171807220831,0.0,0.1609265554336855,0.10153239334755952,0.03627147990161052,0.41571533755590595,0.40051909513094647,0.32468448879673883,0.19521105069287198,0.33092487612643706,0.11607500155146126,0.0,0.0,0.10281185051337408,0.3115809718514648,0.17906734097386143,0.12555632993017218,0.13877278571229557,0.06947741770636416,0.07624590219945651,0.10169252353333473,0.5352611578106403,0.22717937305218655,0.11679383568073809,0.0,0.10756365539719251,0.19247663518369362,0.23375095232865584,0.0,0.10846745757741728,0.06627631618366112,0.06627631618366112,0.33825090118909307,0.40642375002448206,0.286100463508313,0.19785012227980267,0.0,0.18814920494131884,0.0,0.43238399007531286,0.38359563015960196,0.19378002255097565,0.36836045233090114,0.2951981935027997,0.0,0.16803035199752694,0.10803649807482073,0.1397368708496224,0.013852033240850253,0.0,0.3153547398696761,0.34985482394665024,0.38309564907559024,0.2863297162997291,0.2191294859888388,0.19152390015008086,0.30938256465648545,0.07482720199644687,0.23702332506352639,0.6587283452667279,0.004793106720993024,0.06627631618366112,0.25161838591718955,0.2561112136991132,0.18999591902607965,0.39109555308677724,0.37518509665247024,0.38799296171317305,0.40406664034499373,0.2755345060865805,0.27899582598760614,0.23025342427903672,0.24703588168885893,0.3558609618305914,0.26530242323944475,0.30799618142908464,0.3414856343701094,0.29827505941769616,0.2478229845688248,0.19483603410608813,0.2527378231741949,0.26062109462762917,0.14685128075006032,0.197090257579342,0.0,0.03459020360058907,0.33552823925671754,0.17109034238550544,0.37723536813248365,0.16208558752311042,0.12109948920799883,0.0,0.31162421805658613,0.0,0.3268977422856582,0.4325173167767423,0.4639473804781424,0.3310496326278961,0.24202623958581543,0.1902706666908961,0.1440571870306765,0.3414283394164659,0.21394044658253053,0.2543190703527472,0.3263300526764521,0.28645437515363237,0.34017811802680903,0.08157085068758291,0.15102491757091557,0.23762701572870804,0.409604749942838,0.24614347681904158,0.0,0.366901342458521,0.46576069589807545,0.3064597307384633,0.02423458233484489,0.0,0.34646242201160754,0.09451732030548039,0.41051459198007373,0.07984049539744205,0.35269269637396006,0.07150988733175656,0.340865250312308,0.1889002190953706,0.3677307482676017,0.0,0.10434815566258053,0.1337952070590623,0.08419111224232766,0.21574245276577247,0.3883209591796243,0.1653973776768061,0.2505396753087916,0.17394741313235954,0.2647473134664224
attention_zero_shot,COL4A1,0.0,0.07260664285952262,0.007110039986041277,0.34842608141763554,0.25976342143427433,0.15689754494774197,0.020885524711700527,0.0079008648819267,0.4088457996476873,0.20136093385051787,0.009772040177283987,0.09468528565651217,0.18856158582106367,0.2385828874943976,0.1710705732827993,0.07278323886515681,0.0,0.2949122622727056,0.08782888092000624,0.284274589780023,0.012070355837192362,0.06759197226696281,0.0,0.2357469432629799,0.018968435308716784,0.13090924600317858,0.0,0.07001266287169922,0.23479000279077175,0.005744127477954337,0.7658017911547575,0.8511313605562714,0.14040684285027924,0.10082771961784155,0.30831679022854175,0.1580207547329486,0.005313555410445463,0.024512472518216265,0.35861541202306335,0.20953876653526582,0.06438708364596982,0.26116100969279554,0.07883725843256349,0.02704830526828053,0.00675555160135286,0.24661639133869642,0.20426753985654034,0.09978436618609265,0.0,0.13716591636724962,0.0927172431538852,0.032908750401618454,0.39671817367107876,0.3324801196979816,0.14146865434020967,0.0,0.11793792638086235,0.1028709398591442,0.0,0.0,0.21432617590505718,0.0829304955684182,0.13036893836310715,0.11116710219051625,0.1212732023896541,0.06357392673702024,0.14913560140150414,0.08728462634590159,0.03774927660054651,0.19621696376086342,0.0990686144027692,0.0,0.14641097885647794,0.16373440457778277,0.048127684283221624,0.0,0.008263207369473996,0.05746045173565011,0.05746045173565011,0.17581739599352164,0.38594196164457395,0.0977801817263157,0.17340565085368817,0.0,0.16593586782526962,0.0,0.38965231608165524,0.3646217425928218,0.0,0.35810640314705217,0.11235570618124616,0.0,0.1465411005450812,0.022847252230859722,0.7590567861018305,0.2671506803919707,0.0,0.15632002095164418,0.2182992618804627,0.3623926967943311,0.25677037255471435,0.19754117792236495,0.14010818488300664,0.16638381822883846,0.06604747099869385,0.10136499830695196,0.13842126870320862,0.003152374361475104,0.05746045173565011,0.11365465581589926,0.007599383677784451,0.10093752831457034,0.12905083442408968,0.36059539310688843,0.2996357760807768,0.36940109153515394,0.005288452716463357,0.1378254548872079,0.015484531104910508,0.043001610603423814,0.2594715029831376,0.054587429148867606,0.13525885595555967,0.16727063808941608,0.14532631955726094,0.0944702761614235,0.16969146236611132,0.15362734934743297,0.0806619433408607,0.13445048322850253,0.14617152692693006,0.0,0.030723305596333374,0.2336958849004798,0.1481406517608511,0.357228484853235,0.14140698577172148,0.10965221529126704,0.0,0.2951961247814773,0.0,0.21677267131682537,0.38506633854916145,0.47332599559459926,0.21262692319294055,0.0736804721442424,0.06065269905429734,0.13689925779758266,0.06751507448200561,0.19867810118981008,0.23454529502789673,0.2957602902896591,0.08660941900105794,0.31956964240094127,0.06823428643608451,0.046481861972309746,0.1775001062181433,0.3924977967172703,0.16181477798390614,0.0,0.3481403511719107,0.4553335618243697,0.2890469529310786,0.02233266861977386,0.0,0.20256837831525903,0.0706111005642085,0.38908215891040504,0.06992649719965388,0.38446264534121305,0.0061647099304155155,0.26673170034734045,0.08494147495778334,0.25838988406341895,0.0,0.08869721438763792,0.12008935160949147,0.07254659578505353,0.012663283011886023,0.30877489230048377,0.016904881885675273,0.17143970892155952,0.011109437478189495,0.15230244394538178
attention_zero_shot,CH25H,0.0,0.34991491425264604,0.32235835005426067,0.4185481654519818,0.19461693119078816,0.2502262571083443,0.023851744765121478,0.27704370372443243,0.4066843297128645,0.33692373069245635,0.012858723141399452,0.3454363540643156,0.11372636017556365,0.23955869261746746,0.17517804283568159,0.09401108892107307,0.21365672624517656,0.41541937976641596,0.20010195897364483,0.3767251112517041,0.2876863450334243,0.08527082865491349,0.0,0.23654117149377374,0.23295259984329686,0.292018429956194,0.0,0.09036902970155986,0.23620769214074663,0.07212621180347996,0.11081263283481046,0.09162640381073085,0.7051345376658688,0.11006361323739328,0.3063835682675559,0.32334500306462255,0.7699410771770715,0.8547931062803037,0.35526952479504376,0.21203483498127607,0.30304143996242966,0.314659381552934,0.1601755269579221,0.22134504887812856,0.2231194334991028,0.3709106680203016,0.3362845206079644,0.11683276598102069,0.0,0.14821868284088727,0.10244468080155548,0.03707464449486958,0.392369743085302,0.404692100849081,0.34696159667145454,0.19900205022153172,0.36896888317004517,0.11443624943462886,0.0,0.0,0.10384264182436512,0.3476583710366924,0.1871929025415096,0.12209424543281845,0.13226876588555334,0.07542680408723428,0.0804766573811425,0.10308799186919143,0.5743212269760607,0.2011737464199575,0.11448374939653679,0.0,0.10756162242654056,0.17225683884089346,0.24986580701948505,0.0,0.12605307498019813,0.07610421484086867,0.07610421484086867,0.3517121946552892,0.3815178950677697,0.30061211158128054,0.17979079593262873,0.0,0.17265002909566773,0.0,0.43558697043232303,0.36096922527307174,0.19831214765145383,0.36282711849673394,0.332583190596545,0.0,0.15543100586136152,0.13792887707180185,0.15206206355582802,0.014983252908740178,0.0,0.3347081117807827,0.34703570209117934,0.3584936706352638,0.25653367867376303,0.20113335769127336,0.18095617278567802,0.33943985013014355,0.08164517877717312,0.25766095086917246,0.6755697072522637,0.0051124880994040415,0.07610421484086867,0.26248576462838336,0.2917490634709684,0.20614703956326966,0.40991265417040934,0.3578064209311367,0.3711729874084019,0.3929388306707909,0.2964015101966202,0.2824098584241768,0.2595340955068443,0.2847461945250256,0.3417874611197562,0.278641449457139,0.3111957728627276,0.3628928082858558,0.32691112665359273,0.2509075276758465,0.17665217086397247,0.25397504547798105,0.2979132636744004,0.14123731072061352,0.20050165923589286,0.0,0.031195202796006117,0.33448007049289635,0.15727798328951142,0.3535790630808564,0.15072473398578176,0.11891465071379465,0.0,0.2937232770467042,0.0,0.33371909321803583,0.4407654565208223,0.45206758414700204,0.3301892065266038,0.2566633644092947,0.20257542111815238,0.14091031664388826,0.39829379169088963,0.20127533276841175,0.23550297037725818,0.2931820887169794,0.30426847269012386,0.3169156552785214,0.08878825064768012,0.18267054649956752,0.24107316773767973,0.3886289680401363,0.2563083157514353,0.0,0.34492271094033566,0.45229425960656633,0.2876949910974698,0.026099397373705882,0.0,0.32105974286904476,0.09921827022315732,0.38439725564937194,0.08586505955972266,0.33323720384776745,0.0981110970054277,0.3314810534151689,0.20811682428516237,0.3643663936775785,0.0,0.10514948938291861,0.12927077317714342,0.08975358326651937,0.22131780102291668,0.3730638398721585,0.1721996387770508,0.251839875536916,0.1730942394385442,0.2638980252313278
attention_zero_shot,COL8A1,0.0,0.39067447101747094,0.04720634061472598,0.4313619235024098,0.4196617055285716,0.37862854377454536,0.1072476793955433,0.044199471395692726,0.4507731731352831,0.39244268030524504,0.042671046002048546,0.3718224258599286,0.41394740105340905,0.45090606600941013,0.40538470945415905,0.454321148400117,0.0,0.4480993693327641,0.3924171904997135,0.39537455635837077,0.04703042526545621,0.4349784614536226,0.0,0.42201228884184266,0.16853047775241675,0.41848819545291405,0.0,0.44906352956764434,0.4594258804046127,0.03672700249696832,0.5562254013122117,0.2734818704109492,0.4154331428898988,0.39978752705401144,0.435094722930015,0.3830891712319608,0.039808356836328336,0.3172136253473289,0.4534085985907847,0.43029308759893653,0.3442860282589786,0.4421360360195311,0.4063320572468611,0.08191502726532965,0.03869253697874355,0.3596980257623243,0.4240330718401092,0.454944359851969,0.0,0.4507154250001161,0.3971685190291922,0.15737339359190813,0.47010780158124843,0.37677471550532965,0.40205346190939345,0.0,0.36425915918689766,0.42385220051293787,0.0,0.0,0.452222478666363,0.38458161755917397,0.35925750499071435,0.42608936788319546,0.4358845257655678,0.39117011674886965,0.39564059020191633,0.43943275225719214,0.35932026003188455,0.45784301776755976,0.4462310644371308,0.0,0.4254152718297117,0.45672496400011764,0.4011567371472063,0.0,0.05188927127883814,0.43268680800011144,0.43268680800011144,0.40491174743057073,0.4686063175968886,0.32179747999624975,0.4459349233939413,0.0,0.4408584732229043,0.0,0.4119091383770015,0.4577953717903911,0.0,0.40640086719734897,0.3946872454464079,0.0,0.4422741092071701,0.1107310827862074,0.5414992590709976,0.0936247035871947,0.0,0.3886639276847473,0.4151636662430976,0.4606987303859318,0.4563818679630539,0.4359855047742616,0.4406473949018178,0.38458913165881625,0.42191939828739394,0.42710611647831703,0.4238186689567244,0.020836900384562977,0.43268680800011144,0.38420213796151637,0.04301383631756976,0.4385022806508637,0.4414419861853243,0.4449899840860617,0.45584981413801956,0.4469381421506505,0.04670034415095432,0.44007015283391476,0.04953258814774521,0.37762881266331516,0.4490415606648702,0.427596374964816,0.43596473836374866,0.41862478049374563,0.4034036447353614,0.44523383445707987,0.448128223690649,0.4253280545243025,0.372030069281405,0.4050082575058428,0.38243569242033887,0.0,0.08045724904075337,0.41125084747128354,0.44610345320941724,0.4575125829663328,0.4409758273104584,0.40887082481360376,0.0,0.42908108460011046,0.0,0.39921853039819055,0.41444746292656526,0.49012469633398903,0.4187153201303528,0.4084575336789265,0.4378999020724019,0.3547132374024516,0.4104646683453572,0.4114387365392801,0.4307070510300411,0.46273450300011915,0.33347884445075165,0.4477281957900636,0.4487122453334489,0.1763914567991576,0.42199945039188247,0.46465769673511803,0.43068415537605953,0.0,0.45162248611336825,0.484197142285839,0.4309942921423881,0.130845084947635,0.0,0.4452826497277884,0.3933923821679817,0.4714259850249148,0.427004648025869,0.4584939465194701,0.04286584503238848,0.43575417927616006,0.404648436428494,0.4025977030080266,0.0,0.44398184515674083,0.4184386498096552,0.43609915010652417,0.12093817898759497,0.4533803712481082,0.051463048549691706,0.4125433310128659,0.05245148957191775,0.4340167154185173
attention_zero_shot,BMPER,0.0,0.0,0.0,0.0,0.02275180474659136,0.0,0.0,0.0,0.0,0.0,0.0,0.0,0.023510198238144406,0.0,0.0,0.0,0.0,0.0,0.0,0.0,0.0,0.0,0.0,0.0,0.0,0.0,0.0,0.0,0.0,0.0,0.38061603740333416,0.7364460117705068,0.0,0.0,0.0,0.0,0.0,0.0,0.0,0.0,0.0,0.0,0.0,0.0,0.0,0.0,0.0,0.0,0.0,0.0,0.0,0.0,0.0,0.0,0.0,0.0,0.0,0.0,0.0,0.0,0.05571934552391972,0.0,0.0,0.0,0.0,0.0,0.021372907489222187,0.0,0.0,0.0,0.0,0.0,0.0,0.0,0.0,0.0,0.0,0.0,0.0,0.0,0.0,0.0,0.0,0.0,0.0,0.0,0.0,0.0,0.0,0.0,0.0,0.0,0.0,0.0,0.5958790403958204,0.2481988764566332,0.0,0.0,0.0,0.0,0.0,0.0,0.0,0.0,0.0,0.0,0.0,0.0,0.0,0.0,0.0,0.0,0.0,0.0,0.0,0.0,0.0,0.0,0.0,0.0,0.0,0.0,0.0,0.0,0.0,0.0,0.0,0.0,0.0,0.0,0.0,0.0,0.0,0.0,0.0,0.0,0.0,0.0,0.0,0.0,0.0,0.0,0.0,0.003482992331576949,0.0,0.0,0.0,0.0,0.0,0.0,0.0,0.0,0.0,0.0,0.0,0.0,0.0,0.0,0.0,0.0,0.0,0.0,0.0,0.0,0.0,0.0,0.0,0.0,0.0,0.014299411712857597,0.0,0.0,0.0,0.0,0.0,0.0,0.0,0.0,0.0,0.0,0.0,0.0,0.0,0.0
attention_zero_shot,CD53,0.0,0.421851148859656,0.05123292108925911,0.4660323093418018,0.44717229827841437,0.40465848247994934,0.11688486859709113,0.04779201764440096,0.47292614394492205,0.4181483056785772,0.04637745151438942,0.399693748446699,0.44830855978171485,0.4969851284266008,0.4348203270004919,0.4944558376400021,0.0,0.47821413143344155,0.42331782026322357,0.44256619460324015,0.05087421378453943,0.47241479491821115,0.0,0.45079540896488435,0.2002032355766571,0.4516312200376868,0.0,0.488481455400641,0.495538499793969,0.04005625928938283,0.46588588303163536,0.09407068073468065,0.44775604566099114,0.43125817444576237,0.4610151656228428,0.4097250521575782,0.042933295407272996,0.3411337012608359,0.4785113093391031,0.49104623743595355,0.3698440441020132,0.47329742106370865,0.4555005950019805,0.08898865736127823,0.042070324066360895,0.38934410837818734,0.4549558227864095,0.49458847146513196,0.0,0.4887346089664266,0.42855468229111027,0.17093797113330805,0.49501042881152263,0.3955187282829535,0.4322964311052593,0.0,0.4088059544738598,0.45872387758049155,0.0,0.0,0.4682324307058111,0.414593622548219,0.42600835133361437,0.4610390856729675,0.47201620676041905,0.4227018338849285,0.40672729185282674,0.4770340594552462,0.39935636969843746,0.4952037006539873,0.48455732468190826,0.0,0.46075237114453454,0.49496672348494675,0.44762360406010065,0.0,0.05656056991059094,0.47003826541086624,0.47003826541086624,0.4340418748420808,0.4947165390890675,0.3431689090935478,0.5202449238618034,0.0,0.4763233923617358,0.0,0.4576557139542166,0.4834217663494157,0.0,0.4593137876076266,0.425015051306929,0.0,0.47863398961065,0.12028241216545843,0.47634981609485755,0.06561495020053397,0.0,0.41622011253546204,0.4437492299450216,0.4875047977775577,0.4907880149648313,0.4693411546708945,0.4939681791062285,0.41102193001888276,0.4575523247294533,0.46250289266309064,0.4575137659583084,0.02273848663318951,0.5220094699843791,0.41300227836306985,0.04646011170933419,0.4756109936779783,0.47820986070130955,0.47468066172479584,0.4874310087164365,0.4685453397050361,0.05070947647156429,0.5018798216203898,0.053639384054451414,0.40805747292140826,0.48174935117833206,0.46430609144244106,0.4716741717915375,0.45036182270387376,0.4336883721629582,0.48352269857760544,0.48469717961139597,0.45869907441145485,0.40046504762255514,0.43598123012466733,0.4261973968958789,0.0,0.0875031151171338,0.4381704853684168,0.48303981448530947,0.5145547669890285,0.4772893405033415,0.44133258416208304,0.0,0.45484733143832534,0.0,0.42510404559699916,0.4839846807345288,0.49659546956510586,0.47771748446741785,0.4734808456807515,0.47591374372850204,0.37837041823701223,0.44447388249830977,0.4808828521674069,0.4612073417306565,0.49623569800303485,0.3567937517979573,0.4905896352015953,0.48811666023436107,0.21521651527559527,0.47665689795292293,0.48830452034478594,0.46461067326818295,0.0,0.47752395741261955,0.500673821317592,0.46707942463682217,0.15692019109757488,0.0,0.48009237217613127,0.42499656448075074,0.49805043910411434,0.47720498562792557,0.48377455619088333,0.04634307198638198,0.4652169964033376,0.43733013571245277,0.4260793088903857,0.0,0.48222375967850367,0.45195239785122565,0.4735769905582572,0.14498968345514615,0.483650456934531,0.05583753800859868,0.46129656390136925,0.05714441198417362,0.46883806912571674
attention_zero_shot,MS4A4E,0.0,0.0,0.0,0.0,0.0,0.0,0.0,0.0,0.0,0.0,0.0,0.0,0.0,0.0,0.0,0.0,0.0,0.0,0.0,0.0,0.0,0.0,0.0,0.0,0.0,0.0,0.0,0.0,0.0,0.0,0.0,0.0,0.0,0.0,0.0,0.0,0.0,0.0,0.0,0.0,0.0,0.0,0.0,0.0,0.0,0.0,0.0,0.0,0.0,0.0,0.0,0.0,0.0,0.0,0.0,0.0,0.0,0.0,0.0,0.0,0.0,0.0,0.0,0.0,0.0,0.0,0.0,0.0,0.0,0.0,0.0,0.0,0.0,0.0,0.0,0.0,0.0,0.0,0.0,0.0,0.0,0.0,0.0,0.0,0.0,0.0,0.0,0.0,0.0,0.0,0.0,0.0,0.0,0.0,0.0,0.0,0.0,0.0,0.0,0.0,0.0,0.0,0.0,0.0,0.0,0.0,0.0,0.0,0.0,0.0,0.0,0.0,0.0,0.0,0.0,0.0,0.0,0.0,0.0,0.0,0.0,0.0,0.0,0.0,0.0,0.0,0.0,0.0,0.0,0.0,0.0,0.0,0.0,0.0,0.0,0.0,0.0,0.0,0.0,0.0,0.0,0.0,0.0,0.0,0.0,0.0,0.0,0.0,0.0,0.0,0.0,0.0,0.0,0.0,0.0,0.0,0.0,0.0,0.0,0.0,0.0,0.0,0.0,0.0,0.0,0.0,0.0,0.0,0.0,0.0,0.0,0.0,0.0,0.0,0.0,0.0,0.0,0.0,0.0,0.0,0.0,0.0,0.0,0.0
attention_zero_shot,RGS1,0.0,0.17587273631374203,0.30193844294911265,0.13433272421973041,0.14523772097564983,0.1508264980628795,0.5853823358616524,0.151376285955598,0.14594169292679704,0.24066777434337772,0.006493583435827057,0.18739813986285586,0.046151196268779913,0.07849172865344806,0.3015153109759087,0.037952478973811474,0.28019157374754367,0.11150567285298427,0.03104817396643212,0.23036249654216676,0.10317836306701046,0.03562557736103518,0.0,0.17322277915296216,0.28412007773208403,0.14389117565908444,0.0,0.03573376310780265,0.08113389529593605,0.004885138883298417,0.03875442496974081,0.010906566129794557,0.13276876839855026,0.03396876633613212,0.1483542530019304,0.2805928351081033,0.1400028341910171,0.18397109694710237,0.10331934099437025,0.06879921926582017,0.22230941570070722,0.10551754948083474,0.033220602406938346,0.08463109604299246,0.10263186236476672,0.15297626251105487,0.14491732318867023,0.046588762238236395,0.0,0.39229177853078634,0.34350996196535133,0.3338357456085442,0.1091713545687763,0.14997031914995215,0.14346757538343263,0.28526784140807415,0.2038154852831537,0.2700743993032633,0.0,0.0,0.040165739906385146,0.15787890494118573,0.055948890902459324,0.0418654845711733,0.04709867014256996,0.027694414857057963,0.02861254478478692,0.03884216146499985,0.1543998281433257,0.07249761203151113,0.0487586149277718,0.0,0.03791982292424946,0.06452565824896506,0.2771572352787114,0.0,0.006125323974826027,0.3844100360209716,0.3844100360209716,0.19807565102652402,0.10810683301041926,0.15978056336805838,0.0668945981248309,0.0,0.06660249646267744,0.0,0.15348425652772138,0.10186291821296221,0.27311918814093844,0.1018305809894072,0.11433255473783042,0.0,0.05661708331078923,0.2448000855722543,0.029927607587874477,0.0064411615589504145,0.0,0.23694846751383072,0.15130329064225503,0.10376040179046651,0.08418945735614543,0.3605256915848253,0.060027171979288536,0.21183307351450387,0.03210072689814694,0.03984551141249294,0.11378988498422253,0.0031531694454368067,0.026274793135715638,0.22887336873979772,0.24398167078619196,0.04964747282333537,0.12090315854617462,0.1309959182860488,0.09151614126445383,0.10029841405546347,0.3030113399667047,0.12936009118899247,0.07908349958554747,0.09159069764993706,0.0824122958268262,0.30019175211321675,0.240346800940907,0.3323321440009851,0.22117171458988188,0.0423173857340437,0.06293994703136893,0.053004239177372584,0.5237672600856207,0.045407230893199944,0.05232329510148509,0.0,0.2030587811186874,0.13089830631032826,0.05592223714910305,0.10371852054867248,0.4859111147746327,0.045774344613796,0.0,0.08308227876134938,0.0,0.15895887498861844,0.13096957357159084,0.11747946736430474,0.1977765368630842,0.24570088106987656,0.10812613006532312,0.0442336377009571,0.06121903806709216,0.16424485612911202,0.07513600273847691,0.09322469186613093,0.26282007714136457,0.09558198187236036,0.03415723107643033,0.13014394235562246,0.14294796764382825,0.13814566550475718,0.1512315062464929,0.0,0.21427674479580516,0.11809718766767452,0.08369884467145702,0.01844713604834643,0.0,0.06979012259516693,0.025069769844756392,0.10877000174209568,0.036054082465854634,0.09903366126669423,0.003665084350585536,0.08021317712005856,0.1646317583914559,0.2132888710070735,0.0,0.522206655572452,0.315190433044791,0.35691100585240726,0.17707990719745234,0.0923261517610963,0.010642815045782409,0.06094594308750174,0.008115578914644383,0.05495192880429838
attention_zero_shot,KYNU,0.0,0.3736762495576819,0.35428799385200893,0.4655227461897094,0.23269717998313427,0.2360855805807529,0.04808594972648212,0.19921635543085173,0.4114027866866614,0.46031861348191533,0.02063191968497126,0.40380265512922753,0.17386090562174283,0.28707320285752086,0.22076078777769545,0.2063505667828248,0.28407836631596967,0.38560081528206763,0.2202307906103862,0.4321083142490438,0.2220337434314193,0.1829097009666634,0.0,0.27111372140145545,0.37934072776378297,0.3210509003819153,0.0,0.19893821079061688,0.2902898287501919,0.07084275662750439,0.19357925707940596,0.058032160558270714,0.3304625476705164,0.17384548105591555,0.3271704431047208,0.4746655914140942,0.18194066522200938,0.28918905778648213,0.3699978925570215,0.2577827743583266,0.30356289680091325,0.3367391221856338,0.2204553528246863,0.19633112464323746,0.18562102384085583,0.4048417726027983,0.3549916890894211,0.21878601300021253,0.0,0.23186914311130966,0.16739869207174513,0.06844938345108195,0.4033927439996758,0.41924242984281535,0.37436165121236187,0.28789309805631635,0.45279514122501513,0.1913505315514712,0.0,0.0,0.2344934197670489,0.37775038209436423,0.3073131197069177,0.19757265330000023,0.21074416352000025,0.1463561119773217,0.14245374063834887,0.19676749457776843,0.33832197056137386,0.26809898937950866,0.20913651970297936,0.0,0.18828758338742715,0.25056548666687,0.4607155685775653,0.0,0.05710023770913339,0.17578011244462852,0.17578011244462852,0.37493188447894815,0.3945295186123168,0.30108246299938307,0.317050314443735,0.0,0.23864922752606527,0.0,0.48125631984867057,0.3756268248657329,0.27496424750624543,0.40455457813976553,0.33682512436662226,0.0,0.2292739555006468,0.1408288229394203,0.20866224040382683,0.028217377542491043,0.0,0.3588982050466306,0.3649506465620274,0.37457290451486286,0.3012190245711006,0.25359482737232975,0.29751159328553084,0.4125985632852935,0.1702452938332961,0.2328057116100736,0.34582279821025624,0.009657507798339201,0.17578011244462852,0.29772430365474106,0.3571839140365746,0.23028126738764051,0.3538792223986722,0.3698670956149909,0.3508793194129252,0.4091071976773396,0.3474718470215947,0.37567138650157605,0.1540592831951993,0.2553170766594738,0.32387225526802876,0.4474645228197262,0.44225646771845956,0.4673207474930445,0.4169216994488446,0.24431796485255278,0.24625088750273558,0.24870466380524647,0.4220256328020548,0.19734586340410248,0.2786372207354818,0.0,0.04544665998225131,0.35022198054417025,0.2332851082760514,0.4145594978045274,0.225508938000183,0.18470888368849628,0.0,0.3157158939049027,0.0,0.39798878432381785,0.45765550899592755,0.45485905222049383,0.5140999160861589,0.47686217717710033,0.26780389695543483,0.20004389001026918,0.2541753155305632,0.24169663542958378,0.27405534153466216,0.3287918833847962,0.34297435044052105,0.3391724515763,0.19775262650020708,0.22557967578921692,0.2954930425133632,0.39909179773380177,0.2572585711292436,0.0,0.3615125303050235,0.4554173456979859,0.3117916788561463,0.10673547796962854,0.0,0.2965375671346165,0.17395222031116966,0.3975455523751609,0.23297583754981208,0.39088995130473553,0.04916135120389731,0.3181184046837082,0.2010024854853948,0.4619651478888293,0.0,0.20195631969250388,0.19704934132811108,0.18639628788680132,0.25771430988110244,0.35422495431833534,0.07029487227942202,0.3346472189757281,0.06827594089403623,0.2563443398150089
attention_zero_shot,NFATC2,0.0,0.1795372931756577,0.027149670119307082,0.34627965185021564,0.29420062474458814,0.21182920976783498,0.05594822490588951,0.19482442640444764,0.4084386736127598,0.3442299688948678,0.5416500432595617,0.17823843840572928,0.2519210126007384,0.299556677967709,0.2302680525633114,0.22713560831850976,0.0,0.30953481651470854,0.1867105189797962,0.294698579790383,0.02842348290231345,0.3821542131989061,0.0,0.3637399563245201,0.07685412965498012,0.36629196963483684,0.0,0.22176583574151854,0.2826687418548338,0.023649156220064332,0.21484178083357117,0.04512276485672831,0.2586077618597126,0.19636139662773244,0.3392504200426448,0.21424011991350203,0.02030651107009764,0.1170529146816875,0.360677651431881,0.3219424278266609,0.17855881087519967,0.3254992618860983,0.684464344366118,0.0490506523755888,0.023769049215111485,0.31148518081344695,0.2541874502047841,0.23464008582341842,0.0,0.24228214318666855,0.19152630488960462,0.0796333202562568,0.4188846237933294,0.33930249994660844,0.21493814675707745,0.0,0.19933507432134875,0.2123119082912991,0.0,0.0,0.42561901788133677,0.18008673028754943,0.20797643022793205,0.2167365282013642,0.226817296954916,0.17632061016861972,0.17064874483768538,0.2185885304265282,0.14623890604671066,0.26680213227302696,0.22739406091638065,0.0,0.2106303170107187,0.2549021750866718,0.17737134272027152,0.0,0.03252284172293724,0.2044220474866588,0.2044220474866588,0.23236686267060574,0.3806698096482984,0.26686873751627893,0.27672169707640215,0.0,0.2459465365398993,0.0,0.39436966830097053,0.40804853997650525,0.0,0.4534690790152122,0.19827686048457033,0.0,0.4129276111975487,0.05816556358813056,0.2105581458660203,0.12351821819360868,0.0,0.21573272214702655,0.25799527484870527,0.3553911859117717,0.2913204846534898,0.25627654952475165,0.2364537996259336,0.23749289356293743,0.6003276312346013,0.2851505651941786,0.22546890773907566,0.013847195469029152,0.2708891058825187,0.33522344737745774,0.023591432249777795,0.240808729541271,0.23321906760464003,0.4560766018119664,0.3135442325508239,0.3627447588049635,0.02615967703801474,0.23528589125599006,0.48704782048478834,0.6127053887180799,0.2903438002254604,0.1994361438894232,0.23172925007879253,0.23467535349717575,0.23099355127275925,0.22527175095883648,0.4273673322529997,0.5780913788199138,0.20410075281846904,0.7036565746900401,0.23587210108422021,0.0,0.04803418420642562,0.3307299185916889,0.24276397627302077,0.3517460524133806,0.23711830240620632,0.24791592078632887,0.0,0.30685421288776643,0.0,0.528951117168249,0.4181680928960895,0.4401705976914699,0.256293055350228,0.23011244163787306,0.20966363844785518,0.7143043671314241,0.19071761257693778,0.3345235820998448,0.2956277768402912,0.3125711983743929,0.1669717854464848,0.3636397904943022,0.2209968080936852,0.09289447345622315,0.25536624045059036,0.3797799899637134,0.23862775670946804,0.0,0.3452452991447168,0.4390383547071146,0.4518913859101324,0.1730732091962159,0.0,0.26280662026990925,0.1804601241846128,0.37498356123989196,0.5880424279974353,0.3362516735392373,0.02298033345360066,0.5961760066569493,0.20872610174670037,0.2914276515638952,0.0,0.22260726090939698,0.21515720437385977,0.2115879659101254,0.053893559843578236,0.4366203822301206,0.4842666233154307,0.6033707057659038,0.033753643932111506,0.6230244741826556
attention_zero_shot,TBXAS1,0.0,0.49475665074721287,0.2898526750042855,0.3979351560644982,0.16368125807367026,0.21290513923208176,0.017875893876822754,0.25988919037033686,0.3830891100518176,0.3160684257829707,0.010472396899132947,0.318854045191339,0.09160256739591675,0.18556028558460597,0.14402473617760966,0.06339534118976353,0.2777596698898548,0.4355016823631341,0.159385045683245,0.35978008617777735,0.2570261781313679,0.06135925870095977,0.0,0.19731890386795575,0.30472367572777814,0.2694208068661605,0.0,0.062101218292729146,0.1768997244267149,0.050251158310591446,0.08210889537306243,0.06988165108362744,0.4957051058690893,0.08767118085975209,0.2653629356140348,0.3028042950692259,0.6813864264231639,0.812618922943239,0.3115565336300467,0.16980249053682436,0.2858394331103696,0.2781621740251516,0.12355738529093026,0.34750361655957185,0.2034551247659427,0.357192241786782,0.30846490938237225,0.07974370914570304,0.0,0.10542275663114141,0.08168487680302239,0.028574955231106144,0.34595324537207384,0.39723001290204446,0.3170529923030056,0.1962500464532777,0.3446313155853552,0.086440938416456,0.0,0.0,0.07620222253862523,0.3169457761425637,0.16124614438916077,0.09212973544368255,0.09771335577360271,0.060091416830905034,0.0658201452690844,0.07383127295095432,0.46342637170113393,0.14615895396670725,0.08068156369677053,0.0,0.08056267411585659,0.12224946583114574,0.23609533157809662,0.0,0.08558451428757116,0.05494262903112839,0.05494262903112839,0.32334117099922594,0.33248063859915633,0.2878301057794527,0.13367236051739198,0.0,0.12968546045037058,0.0,0.43004252103233204,0.3152744728704712,0.1954999412898451,0.34625313031531646,0.29653398030775424,0.0,0.11455862121055412,0.10550905659814341,0.1065976424273162,0.011618790275697243,0.0,0.31127265924499375,0.321064706813327,0.3096267063823135,0.19861796716637184,0.15713061119262708,0.13312237897369342,0.3167558160038108,0.060896201512962565,0.19092982738249767,0.4822739827159836,0.004506964256551387,0.05494262903112839,0.24992426845366889,0.2763264173906475,0.14791371708604978,0.349214050469183,0.32094400896480385,0.30116306129350806,0.35462719202506,0.3519724011093342,0.25180904847876134,0.2429448701284579,0.2657727716964026,0.2714154427290074,0.25385150193229195,0.27997585274741715,0.32738698031542074,0.29438864255814406,0.174766928027329,0.12999219575790755,0.19664978778500106,0.2786901065065308,0.1134862780567519,0.16860303062048512,0.0,0.02318051758920718,0.3130654592159196,0.11460887421669913,0.3061226811346125,0.1111358780283143,0.09341111328508109,0.0,0.25442904774148106,0.0,0.38659232541735006,0.42458782614191204,0.4267938866750058,0.305540842788695,0.24123942906227688,0.17820945181150621,0.12272968245703177,0.28066075989318184,0.16673832030488045,0.19238971258309748,0.2315499830222841,0.2892448714004773,0.26942157835935054,0.06104736559014266,0.1393676172461823,0.19178088517108655,0.346066371088462,0.19692188200176933,0.0,0.3000077985993443,0.4239804710348516,0.24674072399099212,0.020341738776054902,0.0,0.24431792323267193,0.07866036601016203,0.3335094207005848,0.06328083528591347,0.29227825280117997,0.0798247201156887,0.2750726087716899,0.1613742330212944,0.3435554089308999,0.0,0.07424414299772351,0.09997217845823077,0.06449718692908388,0.21493449678043255,0.308211208507966,0.12507556962478197,0.20365577726394565,0.1169452905931352,0.19931491779226282
attention_zero_shot,KCNE4,0.0,0.13826366510512644,0.01684805420171883,0.369167050432422,0.4607726834019766,0.2800387654714021,0.20558534393589678,0.015324322079330554,0.4395705498535486,0.23928921117490878,0.019499917050771785,0.14539128734095932,0.16610629506419652,0.3053086967090337,0.34667448590162653,0.20408624610601228,0.0,0.34073467916163586,0.47377229808963894,0.38991788770096886,0.020344624295741204,0.17289394138955688,0.0,0.3293948426265071,0.05396697356949603,0.20134793940716705,0.0,0.19375493886270775,0.31234365686789467,0.20968519050425238,0.1881171571336263,0.03186107900198009,0.2059947303299104,0.1656028332147479,0.3838093980629825,0.20090608664754214,0.011108665732791196,0.06665205844371878,0.38788986271170495,0.2673061955994887,0.14431204532669328,0.3128493973962022,0.1536513332999307,0.04404403642999137,0.01554048025852718,0.2647957777856789,0.2589720902693821,0.22177536551154864,0.0,0.34879092689887814,0.3154335609958556,0.20943584040036284,0.424055299533352,0.35750585160054943,0.19791761823961618,0.0,0.16076487280457033,0.286852011496912,0.0,0.0,0.18434419036356148,0.14266480582985894,0.16892105942642294,0.19366567229164935,0.21050616553440146,0.13164029538159522,0.12902299303167297,0.19160196276454872,0.09395669970892277,0.28609943607713534,0.2082561270509837,0.0,0.18150966611256117,0.26422925208483583,0.12685004244750395,0.0,0.02308880750030833,0.3765154448027907,0.3765154448027907,0.2257627449616547,0.4162417818661717,0.12971635361850845,0.25674838851473636,0.0,0.2462436873010126,0.0,0.41139358014498045,0.39477190279492214,0.0,0.36797338657950757,0.17124929613946324,0.0,0.23467545942220133,0.30424745955117954,0.17369819615813886,0.026529732978554866,0.0,0.2021680058099897,0.2637721012487972,0.39532430875659497,0.3228690271120982,0.3728131256315758,0.22852223574543434,0.20820147523904695,0.15768155289956998,0.18770942982411412,0.21110734320376703,0.00869475956227619,0.16326899688480984,0.23768793557393136,0.014429087080916161,0.1996372343338215,0.2219863126193058,0.4694078830779955,0.350284305233157,0.39167553922877973,0.01509652798097083,0.22633875487988775,0.02490044950832386,0.10756614830389111,0.31747634697512866,0.15549428274743793,0.22019104340402987,0.2831447853189566,0.20166812608952714,0.2038998066118141,0.2568192837727519,0.22328265987748167,0.18093003445171688,0.1944263912135126,0.1912261897667504,0.38203658905808524,0.12549155438705759,0.27328640469269133,0.43036534404134574,0.38966425038654945,0.35527140765738624,0.358229714889479,0.3845043672595613,0.49162563311887725,0.27286160029391243,0.2544045690745565,0.41387443554474507,0.46629079898045817,0.26165203398108816,0.15145643075811657,0.17186210198401033,0.17263139984883286,0.1485195467988071,0.28901970456534454,0.2855738755460796,0.3544437610530712,0.34711716723181746,0.3574076365298781,0.381058261704744,0.14188463946644544,0.2882443224140499,0.4409423240970702,0.2928949373660189,0.0,0.4219791963160873,0.4683509693462975,0.32528896065776647,0.05081999990632127,0.18942598184719067,0.2755707107746511,0.5750917820308749,0.42039003953862325,0.165549445268708,0.36550218174915006,0.4379363376273534,0.31213407307047153,0.1569652639150613,0.28831553204241,0.0,0.32751518074267405,0.31864744639100334,0.30693353098212106,0.03594885294000129,0.3542591962619072,0.027968224054219927,0.22705614352703968,0.025767612308511153,0.23004586359051496
attention_zero_shot,CENPF,0.0,0.22740302804871854,0.03176390878746056,0.41712460315845407,0.3434338561147333,0.25359607901201847,0.18110113742913608,0.0760572804173432,0.45641369072272203,0.3518866999508268,0.033544416535793875,0.2163155985960407,0.4424520620933167,0.37774785173530934,0.2878133612250854,0.3454692710540351,0.0,0.39042601304490454,0.236148165752568,0.39534599326290076,0.03305629977253784,0.3742110184968602,0.0,0.41912581188378534,0.16019560080471099,0.2890754410954819,0.0,0.33105948705020777,0.3932688725378635,0.03041221994390431,0.2970060488754266,0.05855733750390097,0.3407491290976036,0.2510477139813641,0.3790250749463472,0.291589571978456,0.021130878681824502,0.1319416024119321,0.41848725735170517,0.3353303949954143,0.2076286784056121,0.37059291566900054,0.3047193350821824,0.06622955623133965,0.028754966602846516,0.3573949105718809,0.3246943903447877,0.35271163491522123,0.0,0.3507703408054051,0.24425244991696826,0.10936437801433124,0.4507581317729489,0.39070682992688255,0.27108558563572493,0.0,0.27752581455685565,0.3580760563471691,0.0,0.0,0.36775858400496814,0.22456857396209004,0.41817579865342874,0.34769217762457055,0.37252733316918274,0.2884379066870324,0.26701812763521804,0.37684651106947425,0.23279353338288147,0.38087638326427836,0.33109754868363456,0.0,0.28778299107379335,0.37096239184541024,0.30827245289398264,0.0,0.04268824957599225,0.29019418768538946,0.29019418768538946,0.2893329900645495,0.44605843569597925,0.23390123566612583,0.4535901931464706,0.0,0.33818556456546184,0.0,0.4468200830510836,0.42578136803282873,0.0,0.4863364771726922,0.24958000298299385,0.0,0.3352503686124703,0.1600368223316836,0.30373918672679906,0.04871098962526421,0.0,0.2793186564507482,0.3194098980861837,0.4764834555021552,0.4586194170081492,0.33976572196874194,0.4685637561463278,0.3163838805400675,0.3992709658641589,0.2929138300074924,0.3000145564892126,0.01728028092745389,0.29019418768538946,0.2640548290296732,0.02572638059905919,0.37818570617071035,0.32863606044678767,0.4099723529898027,0.4035712868586988,0.41529294688336865,0.030294886795865467,0.41113139349716127,0.11017782581590492,0.19839888548597226,0.43964678532119666,0.2790328727744129,0.31979516538397434,0.32561080509923973,0.3927824288455613,0.3276487950026253,0.35343993861470835,0.36342144540392574,0.2527253911126831,0.2717941552743069,0.31723420166781413,0.0,0.07003760654458412,0.3515929189852842,0.34348369615315766,0.4792108120994776,0.3312164212905449,0.26694343864583225,0.0,0.3671949667563711,0.0,0.3518596179927619,0.485391677547619,0.4824527628601072,0.43013647328565924,0.35455797419862767,0.30228561217228067,0.36251951662940457,0.31567040698714294,0.3067441338423867,0.3451460936090596,0.4143695975172113,0.17912498613468147,0.3981934989704179,0.3297661223697607,0.24158660412580024,0.40653272461807255,0.4426046299916619,0.31915470044614697,0.0,0.4601769449766654,0.4803781219572979,0.36674562646741043,0.17458737939892371,0.0,0.35718387329231627,0.23003997572454551,0.4508339840022591,0.4726316547287319,0.5274461794482961,0.024943780983531432,0.3638107621999647,0.2512196296463329,0.3252415768862722,0.0,0.32331899867228614,0.2850157152307168,0.3016596571629361,0.14115377292915887,0.4024804739386247,0.043034544161460235,0.4077536245662205,0.04475823510960352,0.3216344260578041
attention_zero_shot,IGFBP5,0.0,0.3913216316161077,0.04781467804586878,0.4302346175919751,0.41444554082746465,0.3993758886208184,0.1492503429240605,0.04493448686399954,0.458832040112771,0.39289678788995247,0.04323239061864709,0.3734361434455701,0.39555753051597714,0.4479224378387972,0.4738266370061022,0.45064824510668766,0.0,0.44559000889284694,0.39295655034599986,0.40047589276308015,0.04762498412030949,0.43275831076966753,0.0,0.43399616938562197,0.17210842768062246,0.4174692867099675,0.0,0.4457954379556893,0.45577853224396114,0.03734786062762793,0.4281404704898102,0.08999931952873534,0.41461589882877387,0.3998986255328517,0.4407660827869593,0.3840423522556703,0.04071000855615373,0.3214018522488314,0.45105712598185344,0.4286421133832842,0.3589601531657854,0.43986726023493855,0.4060470048354796,0.085102463498256,0.03934970855657355,0.3611290999247779,0.4227675885960066,0.4512706937376468,0.0,0.46480291934735696,0.4764577787272405,0.21438838130394716,0.4670663971196061,0.38064446687690756,0.40203210752929364,0.0,0.366161720644901,0.4508974754046054,0.0,0.0,0.42984718836388364,0.3855584509097524,0.361326709683572,0.424547483671265,0.4336775370835503,0.3917942405773108,0.3786339329303695,0.43691564885299905,0.36167336787424076,0.4541799645127817,0.4432273657915464,0.0,0.4835787626462464,0.45305504647972955,0.4011888689439335,0.0,0.05223757943291901,0.45840658170557613,0.45840658170557613,0.4047352630904103,0.4654932889270006,0.32534764538282956,0.44310989857268734,0.0,0.43838380341057115,0.0,0.4171908089577875,0.4552052562244175,0.0,0.4062892609138123,0.3950866143462872,0.0,0.4396548893353718,0.1503114894537944,0.43584982998296157,0.06040133551686355,0.0,0.3893487841852499,0.41444751765643556,0.4578656489847333,0.4530663730073716,0.4604887865003427,0.43813312434004226,0.3854579657029932,0.42061338557171024,0.42548293039635826,0.42246300766514716,0.02157769902344035,0.4306194342130571,0.3956362811666351,0.04379472808553842,0.43607418749988125,0.43884856542503986,0.4492427697070137,0.4528120414495865,0.44513965443053044,0.04734030636108286,0.4375931236958749,0.04999553510807431,0.37902963141269275,0.44628241351124454,0.42588735251840815,0.4337761083316559,0.42670569136532716,0.40330586491228226,0.4422973647989147,0.4451313190134649,0.42389460886793845,0.38223100585981734,0.40481602348786894,0.3834395450520236,0.0,0.09896104008383198,0.4107680921968136,0.4432060237301702,0.4548537076438549,0.46863404950215437,0.4084391473964453,0.0,0.42777609015221457,0.0,0.39933939945373675,0.4242998779000722,0.47930455794322924,0.41778591364293155,0.40803806981389784,0.43545785482219257,0.35693196010127887,0.4099153891484159,0.4212091699516671,0.42909422603916636,0.45914283818801194,0.360592942046894,0.44540624648271404,0.4454683802204039,0.1880595743974448,0.42889238867433715,0.46787771918216353,0.43739705755144503,0.0,0.4657344517842986,0.48174602522371396,0.4295524188170721,0.13441773176273591,0.0,0.4425853436329332,0.39388449022895095,0.4681307196470903,0.425352792797723,0.4405417000751988,0.04366248056902748,0.4339285733074888,0.4044683009597548,0.40255644173278493,0.0,0.4628740827444405,0.46650441218624517,0.4654544888894264,0.12488711842516752,0.45058555124519944,0.051820224047299475,0.4119282104570978,0.05276102405061383,0.43199543327950346
attention_zero_shot,CMKLR1,0.0,0.08086538958678981,0.00835559649083518,0.3644051647413544,0.2094624624073372,0.16962822153840312,0.023321429286273995,0.008911898888278895,0.4202077039142733,0.21706313226754329,0.01194781869951285,0.1033325282349614,0.11746697474696417,0.275536685001719,0.1892129816160146,0.09311892483413416,0.0,0.3258069466973985,0.09796727784422583,0.29731919891805003,0.013910273837403413,0.08112047088469446,0.0,0.25878766334850734,0.019927502392926403,0.1499174365952968,0.0,0.08773018301210923,0.27837598285883225,0.007365592126649525,0.11586793608626025,0.013620223339449174,0.15941403368101925,0.6971384653988643,0.33117613828956705,0.17146462637889903,0.005799984853991327,0.02517789600236819,0.3825982407649998,0.23611513399523779,0.06891346280744608,0.2916986230980863,0.08961589425553643,0.030659157467506554,0.008144899250394211,0.25571565030456683,0.22844914468313016,0.12742578743130048,0.0,0.16924746674505772,0.1039553380729098,0.036856890841816425,0.4220420450857861,0.33776246308287716,0.1575471771646923,0.0,0.12734051465345708,0.12007310734087921,0.8000706140440295,0.0,0.10673531902809595,0.09173988131747807,0.13982800802249365,0.38307070314430597,0.37001213783790415,0.24615475467393894,0.27309018021093406,0.10606449938468357,0.0402812977096468,0.23841857818683856,0.12255676067485495,0.0,0.49993437273282604,0.20290088514506638,0.0538126991619039,0.0,0.5679018734147422,0.06828721154503171,0.06828721154503171,0.19398394382701337,0.41328135862191506,0.1031748536780388,0.2063626084122606,0.0,0.1957510209002297,0.0,0.393607671133445,0.38991349823953836,0.0,0.36573201880507633,0.12508845334534974,0.0,0.17535910012166164,0.025007344995607972,0.07565671160599409,0.012425710351251859,0.0,0.1706236023363801,0.23950338392572515,0.3900353043418401,0.29675541757208856,0.22645014999786828,0.16749664764579275,0.18029300109194257,0.0769779973427438,0.11915550269779046,0.1595623410949894,0.6524762838498297,0.06828721154503171,0.12504225032947927,0.008477948095523347,0.12195688478059565,0.15544865371200042,0.37996076159457404,0.33498273528456524,0.3879558804343479,0.006187040217528131,0.1647066443175943,0.01832522877520331,0.046736111768131625,0.2941302744878045,0.06401926082346723,0.16018490932505242,0.18875785746640852,0.16190260563555664,0.11664461150741048,0.20365398679180957,0.17642189049692694,0.08816804226914207,0.15066984609443818,0.3301093851314877,0.0,0.03571900001493307,0.25340822875957164,0.17903019277505858,0.38392404425737353,0.16908407095422198,0.1244989533457947,0.0,0.31702640104273283,0.0,0.23378650696502587,0.3903452810021893,0.4669184533581079,0.23500027413493732,0.08401144845220118,0.07316486951253398,0.23227878105330754,0.07716364058325065,0.21888010104973687,0.26093137897667584,0.33707883663620575,0.09207995363247667,0.34708869148734783,0.08535901443128964,0.05247880336295243,0.2004486781849539,0.41526371758192493,0.18702428677233,0.6336090138141427,0.3731426340942837,0.4691437495211855,0.3122117912698539,0.3355957578952663,0.0,0.2363335193815845,0.07888048488939917,0.4177146247919386,0.08241270772887381,0.3582467281390629,0.006886495942614511,0.2937448460659211,0.09628837037566902,0.27476478451175457,0.0,0.10922210351254327,0.13804226450671275,0.08739632734094269,0.012711792534977676,0.3412098689504854,0.020748179191511035,0.1913854645952486,0.014622293858961563,0.17810098518250803
attention_zero_shot,CYBA,0.0,0.37593778932926697,0.20298014527840424,0.4287621458638102,0.2837258976096251,0.3194200495899651,0.13767712684057345,0.1873510034733182,0.4290927421305115,0.36491618094895345,0.030467570901797414,0.37275100652525633,0.23858025480656045,0.36078135054022975,0.27844542509459813,0.32171984141663007,0.10333353012328526,0.4438583072479217,0.3044919131681189,0.4088108730196969,0.2031321288391244,0.2811872312102753,0.0,0.3241835877330059,0.20332886263888225,0.34510672270284715,0.0,0.30950043231468033,0.37321149489323946,0.06378113612171404,0.2820290342986567,0.10162456320349256,0.5048996168108413,0.24188377122456992,0.36928938463769734,0.35543809437759166,0.43963988443022955,0.6382057127582345,0.4084543174349566,0.32250212354314417,0.32686227594498757,0.37314501855757104,0.2863228629543021,0.15894580515679796,0.13220914504604533,0.3812337958068722,0.37455386932817114,0.3293482345242759,0.0,0.3301466733549216,0.2354369822403995,0.10084564731022397,0.4402468178410303,0.4118718135146501,0.37743154708949084,0.10128783866372665,0.40428896132838965,0.27427219769451877,0.0,0.0,0.3412088106486342,0.37875425726964795,0.35078812040887836,0.2804943194430478,0.299193940739251,0.21618488346620382,0.20416288753550052,0.2950450248213804,0.5209538118065778,0.3595987589166646,0.3111939549559609,0.0,0.2738841419867021,0.348843016910482,0.3509821597873806,0.0,0.105227208353442,0.27405764268824045,0.27405764268824045,0.3789824984866201,0.4347339628028853,0.31868018259996134,0.37290940729604066,0.0,0.32157089366911285,0.0,0.44077821901636205,0.4152312027250989,0.0912752516016182,0.39462497306847477,0.3735790286492586,0.0,0.3177237327198975,0.226350457440902,0.32714877674084397,0.04421527476485811,0.0,0.3618400485909708,0.3786572002125713,0.4458760387664252,0.3749271722538095,0.325310862955506,0.33162568436543777,0.3813028212412489,0.2586950710525468,0.3769089121570834,0.4965926159710615,0.014941482500596428,0.27405764268824045,0.3048378272063806,0.2043789379178975,0.3539801711433131,0.43215740788800405,0.40183689460990085,0.43970968242408054,0.4299865484419168,0.18578992528823043,0.3572293525904345,0.15128127547683964,0.3196486099170894,0.4215856545802996,0.35011460133375444,0.3694513313179437,0.39350351900986935,0.3691182981926433,0.39464627148681564,0.3347006647219863,0.35727510748554736,0.33300686577503685,0.26206521258892007,0.3206718559486959,0.0,0.06300814086260999,0.3640587972010981,0.32478487781320736,0.4119900704211597,0.31395871521943375,0.2564249192716725,0.0,0.3578348354378792,0.0,0.3575091985897321,0.43182239191649807,0.47186862476265734,0.4326819387254465,0.3748266464248696,0.3274166438417186,0.2391155290331736,0.35542274134015295,0.2969777461916155,0.3330218596808293,0.39683017355345057,0.329131434783196,0.3865562608008986,0.3083148480242705,0.2816587853237715,0.33931744061754865,0.433110942818129,0.36597574509749875,0.0,0.4023355044062161,0.4745072256733638,0.3567661418489856,0.12218768656323746,0.0,0.41859780310216255,0.23221511123119196,0.4390063854466847,0.3117351068184539,0.4220434714205696,0.090386238140462,0.39788444493862324,0.3190599231581985,0.38530862730043197,0.0,0.30401375494548544,0.3107893985553385,0.2846738181304132,0.21514506707192124,0.4356527870785611,0.14081144573209145,0.426963956660807,0.134943189343845,0.3747848238298826
attention_zero_shot,ANKFN1,0.0,0.0,0.0,0.0,0.0,0.0,0.0,0.0,0.0,0.0,0.0,0.0,0.0,0.0,0.0,0.0,0.0,0.0,0.0,0.0,0.0,0.0,0.0,0.0,0.0,0.0,0.0,0.0,0.0,0.0,0.0,0.0,0.0,0.0,0.0,0.0,0.0,0.0,0.0,0.0,0.0,0.0,0.0,0.0,0.0,0.0,0.0,0.0,0.0,0.0,0.0,0.0,0.0,0.0,0.0,0.0,0.0,0.0,0.0,0.0,0.0,0.0,0.0,0.0,0.0,0.0,0.0,0.0,0.0,0.0,0.0,0.0,0.0,0.0,0.0,0.0,0.0,0.0,0.0,0.0,0.0,0.0,0.0,0.0,0.0,0.0,0.0,0.0,0.0,0.0,0.0,0.0,0.0,0.0,0.0,0.0,0.0,0.0,0.0,0.0,0.0,0.0,0.0,0.0,0.0,0.0,0.0,0.0,0.0,0.0,0.0,0.0,0.0,0.0,0.0,0.0,0.0,0.0,0.0,0.0,0.0,0.0,0.0,0.0,0.0,0.0,0.0,0.0,0.0,0.0,0.0,0.0,0.0,0.0,0.0,0.0,0.0,0.0,0.0,0.0,0.0,0.0,0.0,0.0,0.0,0.0,0.0,0.0,0.0,0.0,0.0,0.0,0.0,0.0,0.0,0.0,0.0,0.0,0.0,0.0,0.0,0.0,0.0,0.0,0.0,0.0,0.0,0.0,0.0,0.0,0.0,0.0,0.0,0.0,0.0,0.0,0.0,0.0,0.0,0.0,0.0,0.0,0.0,0.0
ig_lora,CD163,0.0,0.12629279819577668,0.014986008517630992,0.39539365019225864,0.2563878439359214,0.20663378946547434,0.05019313313488323,0.013448069905610212,0.44047924196716903,0.2570724585247214,0.02151806743016187,0.13919506638459267,0.16673409621357183,0.3793661306055273,0.24235577297959515,0.26989736910653966,0.0,0.39755245556677776,0.1451373835261776,0.32435390068498526,0.020603272795482123,0.18118831047341794,0.0,0.3160305226880922,0.04239499950676688,0.22068918525004663,0.0,0.2354054625155819,0.41083971324269386,0.017800366486129263,0.20620760700126514,0.02746007989534734,0.22570671034144107,0.16605886090068064,0.38010998030938437,0.2107186580912844,0.008544353508241731,0.04276242091640729,0.430830303174399,0.3101006219719024,0.09430922917233778,0.36775674002231573,0.14756897829672777,0.05012296102409544,0.015225693377081153,0.2752328825231772,0.2952692125631076,0.30345507009133826,0.0,0.31337880426396286,0.15463046224692392,0.06619345568511821,0.4712290681201986,0.3551523786221224,0.21073225129112402,0.0,0.1597557413569057,0.19976921255208974,0.0,0.0,0.20079803874511612,0.13389089923952419,0.16992605643124323,0.21304307228228503,0.24581892955648274,0.11594540160821395,0.11533969331089494,0.21860435322340158,0.06872710235293238,0.3873493225533349,0.25676341010130355,0.0,0.19358830454603643,0.3638589318639759,0.10464443664856754,0.0,0.027748064934663984,0.16193842146392382,0.16193842146392382,0.24615046918030767,0.4675973348376974,0.12337395022083801,0.32256897152119385,0.0,0.30067309729789043,0.0,0.40049776359885086,0.4408063688927674,0.0,0.3796615368251289,0.1739091856729702,0.0,0.28857998797335943,0.04355628644037816,0.18380777821640884,0.031896717392673406,0.0,0.21321754507595844,0.29382438274670664,0.4465964724123503,0.4061687401680994,0.3128164895705235,0.27769351531446396,0.21967566022150772,0.15235999951024237,0.20421647090869863,0.23694499370269545,0.008602956046454047,0.16193842146392382,0.16712112250572614,0.01242973885301127,0.23148965435939026,0.26980859621398073,0.417761971434523,0.4190564285396241,0.42365806978132675,0.012139778408915494,0.2738304337831123,0.028071150890864167,0.08276900743354121,0.3839445098748821,0.1472167467853853,0.25989923704569706,0.25566504567492176,0.2159252621602315,0.24756673361861214,0.327757523362795,0.25416849544157943,0.12388929236602042,0.2068542324251029,0.4515243199182062,0.0,0.061848251287072685,0.3011548232534594,0.3032157765533132,0.4385913543171698,0.2798914860492122,0.1853774937554315,0.0,0.36442222814441605,0.0,0.27578671116238046,0.399640180441878,0.48799520377720357,0.2940028545395522,0.14372517102424637,0.17993157940435978,0.17434029932609604,0.49245644783124787,0.27337934449207385,0.4278910910074245,0.44073657412005995,0.11502507992869725,0.40684560171556583,0.23134060209131974,0.08447435793343848,0.2698973491583683,0.4590570721618165,0.2720352576237418,0.0,0.42440907600959993,0.49324862484142884,0.36354833883683085,0.04714687376984017,0.0,0.34084785105050713,0.12599850707562577,0.4748135432052035,0.1663410060712181,0.4041372989498143,0.010684230161369499,0.3582386045594639,0.1529472068673589,0.3112258949566163,0.0,0.2360206100710409,0.2094471180621197,0.19060209515779028,0.02624369285855288,0.4154397201187496,0.034752304685853726,0.251077901689095,0.034253733754585125,0.2709497956435269
ig_lora,ETNPPL,0.0,0.5770217345210858,0.22821140356445907,0.4619623079923177,0.22795472622889995,0.22522546657934514,0.033416274967714946,0.2597337783860249,0.4270102114365207,0.33987397610569475,0.016103502250195953,0.3891236658659939,0.13993850336769895,0.3097659246380377,0.21045385459327595,0.15360439998090852,0.35623482338616586,0.5178338332504754,0.18886188704570273,0.3974505437859117,0.25367216623138533,0.12346734927885904,0.0,0.2796126225372132,0.3875678145708157,0.33780175698845794,0.0,0.14222709297990185,0.3199608149373819,0.08550838956858225,0.15278580448154672,0.045300962059210706,0.3099132867418755,0.13730595096095466,0.3480343775880306,0.3221176408234963,0.262757880808599,0.31622294755921576,0.3985684919685464,0.2628240968748395,0.3080923884535817,0.3585793709934192,0.13987257363973735,0.21954097103172296,0.21697803617807723,0.40144134348310545,0.3843701092311148,0.1855313887099287,0.0,0.2178891305578197,0.12763576748469901,0.049006043684555106,0.4378687886742504,0.41874886312751397,0.3849818795448846,0.17371183249929079,0.3143029383267979,0.15332620912901018,0.0,0.0,0.14538976563195255,0.3961509344509935,0.22170793411140083,0.1638055720739012,0.18307681584730134,0.0940605287576936,0.09718306037510385,0.15019309410027595,0.24425048171787778,0.2853032284881166,0.17134849816012146,0.0,0.14593866937857541,0.253946364557829,0.23968582186065723,0.0,0.06373288072164071,0.1097174285577918,0.1097174285577918,0.3939900648077842,0.43073451306069854,0.31826389594323823,0.24625696591480897,0.0,0.2329871707704318,0.0,0.44447342722358335,0.40661070795941145,0.1716505447957003,0.3765383851377668,0.31878790829387155,0.0,0.21577644875432467,0.07671672994498727,0.15354057949294886,0.020235613474051083,0.0,0.3708552787584994,0.39428593355158437,0.40843879681072676,0.3319072107984233,0.2572078990241799,0.24781208264911628,0.3170692202083935,0.1116082222825293,0.2075801545413756,0.33696063244125135,0.006123752368131887,0.1097174285577918,0.2937658091259623,0.25005186232445414,0.19782274724576093,0.3671546443724308,0.39269928428354806,0.3857469605161674,0.43287114594660747,0.3838023869419788,0.33059161773959195,0.1767122088054922,0.22234284579991226,0.35090207157606035,0.2799353974510888,0.3280019893038113,0.38125523582229054,0.35200828327318395,0.22090252369221927,0.24573574052271663,0.23794928777484134,0.2987554521273898,0.1743271915490113,0.21801911375765196,0.0,0.043734485796392164,0.3679382176115643,0.22220306898810036,0.40183724167519314,0.20913230022409446,0.15100873584493654,0.0,0.3336016455962597,0.0,0.3354801198389067,0.4069991055643092,0.47376218958182625,0.3414731682117674,0.2501937795465465,0.25927565907073485,0.15903242849992869,0.20451983348731434,0.23975484184068963,0.28507722915199724,0.3697255544542756,0.3442190732946039,0.3670613546994631,0.13964036361900775,0.14454799803603044,0.2455034830139109,0.42952524903139466,0.2510688959707275,0.0,0.3901595275698201,0.4769285080620966,0.33012369600688574,0.034205463770428,0.0,0.31550864484533825,0.12490156526500218,0.43593914344734147,0.11954699112652903,0.37378213090286055,0.04815313615621435,0.3363129875370607,0.16328500866550832,0.37026988509075737,0.0,0.15698809813917042,0.1675776322858183,0.13019148119626786,0.2708846524583912,0.3863503865460736,0.08557545493888032,0.23905525497826036,0.0881162331250651,0.24894144678638863
ig_lora,IL1B,0.0,0.10073954138092195,0.011971409797747351,0.34444442004785086,0.34176157214973746,0.3374034637985852,0.5510171701508181,0.011634732510130783,0.46841837298287115,0.20795044977579286,0.014047697447024384,0.1147384219406328,0.19590149180736038,0.24412540639124614,0.6587677391154263,0.12337830720226708,0.0,0.2927179567105825,0.11314437163535644,0.33526791665767497,0.01563034157529315,0.11083604308917844,0.0,0.38366132421332694,0.03844835779603598,0.15276595300475723,0.0,0.11885810319119888,0.241750952691259,0.01079592477377737,0.13069928964527963,0.024314469708494758,0.1596577956164676,0.12504102414502993,0.5062238852846561,0.18722977525799828,0.008539045352719656,0.047298930672341866,0.35229329840113416,0.2181736014929411,0.2789266801887072,0.296298684414369,0.1095132355858501,0.03510797554126443,0.011100375206050337,0.24791398774210102,0.21312953640117255,0.14154130571645102,0.0,0.5535880928922973,0.6748343584070233,0.659936308496223,0.38790986486981205,0.39566164432125667,0.1581805115743832,0.0,0.13305577117247153,0.6777219437861173,0.0,0.0,0.12529839978259602,0.10757575411267198,0.20600433044198888,0.16767474036220914,0.18009509150015057,0.15716331476959158,0.16042416907661822,0.16054020493765855,0.0660128760782907,0.21139899230946624,0.21360836067160935,0.0,0.1270863640375219,0.1869488020019109,0.08474636620747586,0.0,0.014933457723474883,0.42186330052478044,0.42186330052478044,0.18710672738216666,0.37715002121354413,0.11063404625437963,0.19157669752510062,0.0,0.18476822030601586,0.0,0.4154076277806504,0.35763281834444494,0.0,0.37104325354633466,0.13322850182641943,0.0,0.17036006566888057,0.29721010267888587,0.1088022579719036,0.016919356081494853,0.0,0.16869955129143102,0.22434865021377492,0.39065705247526256,0.29756217159008436,0.48413388308147787,0.2895877842222482,0.25794113808058056,0.10477266381626865,0.132400447218853,0.15978724425170693,0.006283928753650012,0.10281525600188923,0.2911630218335427,0.01109680748003973,0.13578272509437583,0.1571494263066874,0.4522935624046324,0.2966513536579501,0.3638577045162389,0.010453420406432417,0.163258428466169,0.01895015239680504,0.07437484055074463,0.29548836017300495,0.09870264576181366,0.16024183028735223,0.3349938624457376,0.18216016912232327,0.13375141443363533,0.1892233234489792,0.17204191947867006,0.26621429715034206,0.1529653554633835,0.15933397440516145,0.0,0.457921795110553,0.23760792521303808,0.17256812492484086,0.35038973713326527,0.5305029592433024,0.13399211189749216,0.0,0.29352674040082066,0.0,0.22198613925403718,0.4309932130511362,0.4488857206172379,0.2197333537634698,0.10617773667155779,0.1072854845237105,0.16879245356730183,0.14305852853959966,0.4275915664314384,0.23938079707381352,0.2928996266679839,0.24613382266208292,0.3533766120893289,0.11750314971644484,0.22550653351820546,0.32808852200493005,0.4524549024721433,0.33838346627397786,0.0,0.5234395018820354,0.44870966294162073,0.287807360009875,0.14668233812729306,0.0,0.21427727087950724,0.09983287365697839,0.3797445649188635,0.10939515393310463,0.35183978725488474,0.00992890354614829,0.26764820163715103,0.11376299575411886,0.2596232390744615,0.0,0.5189742026140872,0.7900051123220603,0.79274131108446,0.02677055084863455,0.305040294513052,0.020630531303098817,0.1844051843330643,0.01710201399678193,0.17277928865675113
ig_lora,PLEK,0.0,0.20540019295309422,0.05647820421706261,0.42505839904284576,0.3518073805325063,0.31773685897865994,0.28125694903313775,0.04330505806406434,0.45443742913843566,0.271423443567537,0.027988817212851673,0.22341388923240876,0.2569801817533177,0.3867996359814532,0.4055527876248546,0.33078193607076434,0.0,0.41946543364065086,0.23884657320240935,0.4049561835672892,0.11917205005640158,0.2500227322001846,0.0,0.4297919631325369,0.12809832332842475,0.2557186811225779,0.0,0.30329758033431625,0.4132121497215165,0.09414040569202055,0.2570078845344031,0.06582752772983264,0.27568822281608957,0.2054511571493607,0.4295540881285168,0.23134208525477873,0.03414642219890573,0.09058832852044622,0.4400784750667399,0.36131143338168575,0.24697195556198986,0.46613275395168885,0.27121875969069803,0.1337744665752673,0.08221967516121742,0.3123846339047301,0.3121811557569734,0.34660187606434306,0.0,0.4432982255164473,0.3803240986772271,0.2462705936781083,0.4678988795369378,0.3753232700858408,0.2861517273608603,0.0,0.3362315499841903,0.3287680854245613,0.0,0.0,0.3351290936216932,0.2500219766950133,0.4472725900871893,0.25705690685803584,0.2872988959001577,0.1649315431936359,0.15624223907172247,0.2767484770216015,0.19131572131015512,0.39603918854427644,0.3076389105369336,0.0,0.24437063387293975,0.3805017474791545,0.24290090303896456,0.0,0.07992954554373743,0.40424602048963937,0.40424602048963937,0.29679710543266086,0.47442473241171534,0.168198011465908,0.46612867069213654,0.0,0.3262385055545664,0.0,0.4538206355829002,0.43942136279086624,0.0,0.46350813542737623,0.2733756483138344,0.0,0.31999852880718105,0.3242080990555901,0.28773763585362455,0.04293376483561733,0.0,0.27249762683787293,0.30769296693810066,0.4445974776453912,0.40894092214183886,0.43357266797739874,0.41807658511808976,0.31958199818553257,0.21583030233538564,0.30160492545310486,0.3270209849564799,0.01336193373233525,0.2362728114791174,0.28760539394930934,0.08689314095462332,0.35761620856861026,0.34967920058877744,0.45350369870158075,0.4410221814652426,0.4549045221833068,0.043961250049055586,0.40934259801413414,0.06694631811564915,0.16539446768314112,0.4143662141472207,0.2205212907138429,0.29594580359489797,0.3672213463660733,0.35250263961350814,0.3527126659553984,0.34995782057557295,0.3124506725322904,0.2621593318840062,0.2376048830096741,0.36133900600416313,0.0,0.12242880126326278,0.3124063547198447,0.3329390290442602,0.49358009372775796,0.46391866134492815,0.30101144943797137,0.0,0.36903715281423083,0.0,0.3063331000364582,0.4798414213152586,0.48615222707062733,0.42918652261957285,0.31343122121747125,0.2544476431313572,0.24617965538785486,0.23370723943426858,0.4112354947643114,0.37531586019736,0.4378707606426817,0.2387304212780431,0.44911570117470984,0.30071085097342215,0.3942053031043412,0.4219625161362301,0.4668894637139642,0.35896881906400396,0.0,0.4611493341951137,0.4909902172755771,0.3686405516785935,0.1574010941509653,0.0,0.39655961704577386,0.19483795128651962,0.4706798367982936,0.3323784758529515,0.45594933865588255,0.05280156028988393,0.3839110944654309,0.2659329266213773,0.3354501003676798,0.0,0.42958560342933233,0.3726611475368414,0.37302679783095705,0.11338140929401394,0.435308439386683,0.09447593786938085,0.4207609329070038,0.10268764403102293,0.33461803925745504
ig_lora,ANGPTL4,0.0,0.12233531796977243,0.015155622770854693,0.4158801651986786,0.3279531437533431,0.3786663612945054,0.38488995711115886,0.013788928459630109,0.4584213568330787,0.2434634774988107,0.0197371663855812,0.1347806789951248,0.18793011785266112,0.33087970384400067,0.4133230157016208,0.2021660921546234,0.0,0.3636115094136316,0.13853468622255855,0.40851567878792017,0.019808407293526686,0.15815427226008394,0.0,0.41255283703264106,0.1559992448753288,0.1997987489851253,0.0,0.18637408586509716,0.34551960029196865,0.01617076597425564,0.1813515057602025,0.029854807088676973,0.20568470496309033,0.15598352487392192,0.4445232562892225,0.19997236722645167,0.009311693116189918,0.047900799210659886,0.41599971596215995,0.3098379487542406,0.1864545556321472,0.37805586400226787,0.2364960186154295,0.047167673783725134,0.01487898792290971,0.29683825553520476,0.26930920778492645,0.22967838159512396,0.0,0.49630704564475003,0.3799861800680837,0.29326423335948115,0.44609958395793087,0.37312255489468105,0.19604384134920733,0.0,0.23683677724690438,0.3435503806800762,0.0,0.0,0.1757408232405243,0.12929479958258966,0.24831808058513258,0.18936435742848795,0.21164251712595714,0.11348520562717955,0.11337029109967547,0.1848800170815008,0.12616340480564114,0.3156542860966884,0.20870364598605595,0.0,0.17291738725286143,0.2886332875390539,0.18532502432971706,0.0,0.023415706697967806,0.6278903595472113,0.6278903595472113,0.2290232583034184,0.4490270117315257,0.13259181495265712,0.4260253289860114,0.0,0.2585459561250185,0.0,0.45517645167561266,0.4156036139175068,0.0,0.4463664517384585,0.16379332237004313,0.0,0.2443421500329805,0.26601902106401837,0.15819590083497503,0.026553496183448464,0.0,0.20135982209183112,0.27293192804184635,0.4183493462339338,0.35302099000438625,0.4849691614901703,0.36215802936978714,0.22884134237346623,0.14017392356118508,0.18118373886826536,0.21214939061615973,0.008664498664938432,0.1444043515390167,0.33511734593277825,0.012869008650525877,0.23454120390372596,0.2274987413421728,0.43627785143880565,0.3779612992734466,0.4064266621517493,0.012878638683882292,0.4012508512044663,0.025623736669441233,0.08540606955105347,0.3419629790381216,0.13477739476974893,0.22449255697481968,0.3133100836669466,0.219447176790493,0.20233671611342346,0.2743014418013724,0.22745557044769588,0.1870262329423924,0.19167065303962375,0.27739818416448603,0.0,0.17951755642428122,0.28249569334399793,0.25255412659667215,0.4973253438415902,0.4960791143260759,0.23575668553369244,0.0,0.34331398403100266,0.0,0.26055040382015165,0.5008195326707808,0.47715811211145664,0.3750121848483648,0.2458103578839877,0.15551237858047953,0.18031769210940224,0.1308894600309511,0.3713755573544986,0.3279985371901938,0.38840312836724283,0.23385577573079278,0.3983869711203571,0.18378735650420308,0.31184129557181445,0.44407694321308067,0.46701957784457604,0.32956480887518125,0.0,0.47143469565791524,0.480782610615566,0.3406805856098672,0.14903496892996798,0.0,0.29508048451264846,0.12192981421980546,0.44546104387356006,0.25681013504706424,0.43156481903288996,0.011370876777686834,0.3296086681336067,0.16849371382733,0.3108093843151697,0.0,0.4814404963105521,0.3875418622563687,0.39431546900989967,0.107023154126056,0.3794545151596638,0.030022748460327667,0.3082238350689341,0.027555677765190353,0.2368736718601713
ig_lora,GALNT15,0.0,0.4253104623280855,0.2530182881510505,0.48984379919901105,0.3023139899675236,0.3360775012213385,0.0784962203826975,0.32315993833822915,0.4346543451136091,0.41648562898236324,0.03311424127343365,0.5298128129741977,0.26311155332493397,0.3853249570817978,0.2995188158921226,0.36118546438169746,0.18859823564406625,0.4699108495778394,0.3280139346171464,0.4560820745163784,0.2209369072876936,0.31646250125913145,0.0,0.3427073368476185,0.2937634847095498,0.47005779942499454,0.0,0.4248290766457169,0.4003534130049064,0.0647496352219681,0.31386341359799835,0.10434969361565956,0.42378576171027477,0.26755904675841186,0.3833457191367685,0.4141712366298502,0.19531229916587808,0.35632991671135983,0.42074632422271785,0.34503528232969427,0.4650659097342403,0.42147722910923435,0.3136165276660783,0.17638836487212525,0.15189572734281767,0.48868868847801494,0.4835489618959773,0.3669300968464348,0.0,0.3636733918986118,0.2612734274988457,0.10974799632472211,0.45159815996071817,0.4704621668594376,0.5042269478291117,0.13032861646954585,0.421152353566235,0.30441227632735907,0.0,0.0,0.3152881131820965,0.531052060604949,0.27840051291616374,0.3104458489319933,0.33047461337921863,0.2821915593353234,0.2629420319633724,0.32982537366983994,0.3671362647027626,0.389908626705384,0.346664356349379,0.0,0.3049782248176879,0.38170200889861644,0.37216574433871513,0.0,0.10635528488338858,0.30958754089859786,0.30958754089859786,0.4940772437864294,0.4471841244413235,0.46531905539715834,0.3614072666193192,0.0,0.35027767848454117,0.0,0.4728889893664254,0.4277850790464687,0.1208465961521833,0.38537142259441587,0.4112147822800147,0.0,0.348406670134683,0.15264537409646686,0.36202825880889594,0.04882210220785153,0.0,0.4756459287900548,0.4907647167536292,0.430887431572655,0.3990884592896051,0.35014201899820974,0.36186017172714124,0.3983449789883761,0.29128215884369846,0.40478347092024475,0.4971006135658647,0.01602071325335896,0.30958754089859786,0.4949362243627497,0.23667173556391413,0.38552895119279346,0.5429537701612797,0.4121590124428574,0.45813601820528427,0.43941248376929126,0.23360223674645114,0.4630368310730226,0.23334994625313069,0.42754781113573836,0.44225173111683486,0.4334906587406076,0.4386653478278777,0.43896888274989243,0.40586224571323315,0.4270258463420537,0.36483595916896244,0.38191347735291764,0.3777745486028041,0.28603734544580883,0.3030074806832676,0.0,0.06607949675946988,0.45349115950369356,0.3562552083053754,0.4253792067048643,0.34476310481165356,0.2830688633060561,0.0,0.3720701472681975,0.0,0.3913610039878549,0.4249285141954152,0.47694522455766114,0.41937944386948756,0.3936800801654696,0.42502908237093046,0.23450863075150793,0.36025333813248833,0.316812787954608,0.45643698458155646,0.4186317890290705,0.5039766159217137,0.40203588416541347,0.3467380458064296,0.2191285493592331,0.3619900589580534,0.4436904852201558,0.39105682974974176,0.0,0.4154651905906409,0.48018142257982727,0.3719682860278066,0.08829903420703113,0.0,0.4428920028014793,0.25879664152214205,0.45177389940255497,0.3015053001125373,0.4009172353701692,0.09136448549186302,0.41530465189141563,0.34473113584522685,0.4270161083989559,0.0,0.3397500896726248,0.3005309737677682,0.31982456721783586,0.3341970262647652,0.45265772596630977,0.14056536826109198,0.35976415210419116,0.13488262663417547,0.4010821758518933
ig_lora,MS4A4A,0.0,0.2886211800521853,0.03767486787532821,0.42384251041317067,0.34291134975822424,0.2962480406227825,0.10063796960708143,0.03125070900620832,0.4548333942866876,0.33181691268079117,0.04028591590728582,0.2627434941289077,0.3076192503084872,0.4712204373402711,0.3457885543018231,0.50480127600013,0.0,0.4580868859495842,0.2968362431049978,0.3612952477483529,0.038394529479536005,0.413465965304851,0.0,0.39270798721092753,0.12622447304913523,0.3672596800384044,0.0,0.47678084935128906,0.50480127600013,0.03718042228088156,0.39731022140779515,0.06823667831465274,0.36120248769461627,0.31596034816180674,0.42754455884990217,0.3032771606540503,0.023415419267196744,0.16099402860657924,0.4654937413940579,0.4088191508437794,0.21163569533487955,0.44288832924230714,0.3254884932394265,0.0775474358634121,0.03393863410513678,0.310186725694225,0.39262321466676775,0.50480127600013,0.0,0.4795612122001235,0.30810332408734903,0.13525433595578287,0.4980774607380579,0.3597448398345666,0.3315687426370018,0.0,0.2610032161026095,0.3781589755857675,0.0,0.0,0.40304603028655617,0.2801345337814556,0.25970295524351505,0.3861232914238847,0.41969922980857033,0.2868480527463011,0.2626741174290586,0.43217398667984286,0.22057355440118284,0.50480127600013,0.46148983643550384,0.0,0.3819863527086396,0.50480127600013,0.30505154164401815,0.0,0.05494158135406386,0.40384102080010403,0.40384102080010403,0.34604875691930176,0.4977916204815257,0.20373851482321434,0.45722507511081484,0.0,0.4387013064332479,0.0,0.4069178121993072,0.4749625774333535,0.0,0.39412251961377864,0.30871902409105995,0.0,0.44386852369637014,0.09055160708441151,0.4269319055426591,0.06376779667336356,0.0,0.31151892577148704,0.3756660658605619,0.48280504472579283,0.48878076774333556,0.42379219975911037,0.4377153000196032,0.3084398185370862,0.36687461717373876,0.3881861164201926,0.38294450314326284,0.019447773692258773,0.40384102080010403,0.28984483984689485,0.029064145338047083,0.42875344758648265,0.4406881525423005,0.44775955679001794,0.48032323707926194,0.45107603896095116,0.035923341654580214,0.4355318191540566,0.04572726318193324,0.2533673749192209,0.46327757359045846,0.38461049600009906,0.4206677300001083,0.37387067429957704,0.3353192504869128,0.4571335159963342,0.4660123480469207,0.389194400508719,0.25769809435839575,0.33593934645780327,0.29814708928465894,0.0,0.08465446225790173,0.3714790675152604,0.4589102509092091,0.47558283035629734,0.43895763130446086,0.3388328692157157,0.0,0.41465819100010676,0.0,0.34693227058043885,0.4083057945156247,0.4985823458147258,0.38193804593873526,0.3296579299546308,0.42509581136853053,0.2570426363103396,0.3335749498105719,0.36419989952724713,0.4121907302383397,0.50480127600013,0.20979624782290918,0.4556002993524471,0.47510708329424,0.15271888391037292,0.3837901585456156,0.4853509521582204,0.40550252994964975,0.0,0.4625702043073041,0.50480127600013,0.4178166621636488,0.1083689956280221,0.0,0.45377220997116535,0.29365822096616073,0.50480127600013,0.38425128519170265,0.443106060431503,0.02826556701866791,0.42669217969680207,0.3228770045462987,0.36349428951593943,0.0,0.4516642995790637,0.36526729737432134,0.41817285764703727,0.08235933336072776,0.4716114030498556,0.052581731123031016,0.3607072679244253,0.05762038616226668,0.4151012666022797
ig_lora,OLR1,0.0,0.16550101380716664,0.022515217526483753,0.4328269212871201,0.2719120611218244,0.2242333708101328,0.06717316665049126,0.018917284239101502,0.4407560512243056,0.27013615650911943,0.02815262132306646,0.16688620125866033,0.1985445219999186,0.38941092119895904,0.26210628754001053,0.3309408888345907,0.0,0.4024473502188879,0.18066321561439092,0.3889995416700977,0.026090367505684255,0.24392052996971214,0.0,0.32744697315497556,0.18281695157735825,0.25237174111922567,0.0,0.49307437704935014,0.4178710824173604,0.02580989547761717,0.25248641724303283,0.04125899728488076,0.25412186258509756,0.2004951489874821,0.3845743444715053,0.22889185335624002,0.012933000432467956,0.07073506914647222,0.4320410827261969,0.3259814337851014,0.12121313160621441,0.37628385884915344,0.2933199755954539,0.05890261667939267,0.021999643368222868,0.30950133971197535,0.3115890797073405,0.3483269275511447,0.0,0.34560552519320825,0.19043815817217621,0.08692347586090093,0.47028762985315525,0.363938306576494,0.23579732132556216,0.0,0.2482930626824144,0.24197899850852364,0.0,0.0,0.25124401665423146,0.1680841523521494,0.27451645359709376,0.2530405482836864,0.2846706168191472,0.22147865285117463,0.20274021588755053,0.27270210131585343,0.16109793650792262,0.40048504370080645,0.30582953964865084,0.0,0.23937176755979936,0.38443639257783363,0.24243162944445712,0.0,0.03822494512637433,0.22911292303933203,0.22911292303933203,0.26495751091761544,0.4667567921522933,0.1404250180520374,0.5073684117478405,0.0,0.32606556913002416,0.0,0.44446834146142417,0.44149815527378206,0.0,0.4334043254051248,0.2038147652391548,0.0,0.31941397678285943,0.058401620270426904,0.25111281573497984,0.043629901571597816,0.0,0.23266163020147745,0.30709134487537215,0.44699843840474673,0.41255862945754396,0.33110493809924124,0.44459334857821653,0.236750216421692,0.20873523615657685,0.24812437515258,0.37431340447533573,0.013357128530727312,0.22911292303933203,0.19392488554806678,0.017453864858413323,0.2789621416303837,0.30645246262932324,0.4192952739065304,0.422453578514731,0.42484873972089565,0.020118392171775964,0.4861294717775631,0.0335342847881538,0.12549119060936642,0.39191567353824486,0.21274771425080832,0.29398077079481394,0.2784376859767415,0.2404531241737275,0.2989320322866323,0.35124572428677586,0.2812856908300949,0.1547460394839585,0.23420686529905732,0.45997946364561654,0.0,0.06846818350073118,0.31200290218469034,0.33317820690078914,0.5270015157151958,0.3123545689694898,0.22028841999916124,0.0,0.3698470669288819,0.0,0.28760279230426794,0.4750528380063649,0.48725645852044636,0.41537034432756026,0.3059412296764412,0.24820566662594304,0.19106155706397188,0.4336952530263635,0.28923069012136376,0.5513070406125521,0.44221153662053586,0.1357191318692276,0.4101443393280749,0.29784679995113167,0.24899136086314239,0.40099672845780854,0.4587744560428576,0.29789135343330625,0.0,0.4260925379084878,0.49228332812421116,0.3695136448004217,0.17270436575326042,0.0,0.35767486263653503,0.16687718472750915,0.4735064063103329,0.33771794924787407,0.4568079444328531,0.01606217175574836,0.36636340373642634,0.1938673052432681,0.31868915986893614,0.0,0.2902724396259539,0.2442443766662016,0.2511619028038447,0.12302470946002901,0.41875632672215635,0.04033604353008934,0.35184559069079674,0.04277891330031913,0.2996989744825531
ig_lora,PPP1R3C,0.0,0.3176804117419758,0.1675938659252474,0.4239264969029312,0.389204929122676,0.26566680139717364,0.083334677993962,0.15425908146443856,0.4455775280209398,0.4132837855422068,0.03348333323937979,0.3821255682281642,0.3564683099944873,0.41498340624107927,0.3010204457716627,0.36686988277075927,0.11909626911707585,0.41025028279355863,0.25391957275475774,0.38585570428177723,0.08225770525673809,0.319648377548978,0.0,0.3981569261224855,0.23461822697514345,0.35165463676550607,0.0,0.4401026230997391,0.40566308711651977,0.029950886285656078,0.3166440660034891,0.06016316740626403,0.34634206493152214,0.2685107186898256,0.43783516959505975,0.4142493450127752,0.10785095059561284,0.26332416826295324,0.4402451908201097,0.4470361057952642,0.316915361539698,0.45205092293065957,0.27071041995512357,0.09183239413915775,0.06913223933202753,0.3990569456152798,0.37945424305244946,0.3726170241553164,0.0,0.3686078196936242,0.2620639297056552,0.11401634951611975,0.4546697477180438,0.42803441325807245,0.3609098487799583,0.13527600722247515,0.34050598807382376,0.30672378991779914,0.0,0.0,0.31821377772515924,0.3507700500092355,0.2573900801816692,0.3129459116663282,0.3338089724440834,0.3154710251819461,0.2919041290517378,0.333506171160083,0.2722254091561272,0.3954074124044222,0.3511343761538445,0.0,0.3073825597655721,0.38730416324918454,0.47514819177259743,0.0,0.04263978184958264,0.3125187890269431,0.3125187890269431,0.35141422176764053,0.4676191042956508,0.35889517419269795,0.4011896798588003,0.0,0.35402248589239316,0.0,0.4467742253866837,0.43073047065263576,0.11675418944156774,0.4295561115662399,0.30742328280133424,0.0,0.35233876442472994,0.07885007761081092,0.32588050357830406,0.04906044318011102,0.0,0.35442836395637994,0.4011854700880731,0.4341203927039353,0.4037730320078365,0.3533771048783431,0.34762129293920857,0.3736657894981876,0.29331010275737923,0.3121823768325809,0.40989256904722454,0.016710705202170575,0.41098850516895785,0.36074313458873136,0.26150864229011134,0.38663744296805597,0.36778663563903136,0.4507559816049544,0.4121169695376835,0.4192993868586639,0.16753494721831522,0.3913379408149689,0.06429420353392593,0.2650228881108975,0.39123367040526286,0.4029252353955211,0.47344042961443866,0.3767516853713947,0.36386490528420706,0.3479509112175283,0.3693156964268187,0.3235506806243954,0.306626761496983,0.28739328456806573,0.31598803197125885,0.0,0.07054815184261631,0.3832321980215601,0.36059353130096494,0.42847341885203233,0.3485737469242661,0.35788893528721494,0.0,0.3743181838687518,0.0,0.35661513875650896,0.4165021051936426,0.47852536162897136,0.4014168001876566,0.4217355476684299,0.35165312566697116,0.25965712033324234,0.294564809052728,0.4459076233034939,0.5466158416578979,0.4234571210187063,0.36250192392373287,0.46606595578632515,0.351583637655311,0.12956859030380558,0.36217753089486865,0.4464244165507568,0.33472164932330223,0.0,0.4183116728853696,0.48197809582548595,0.38964047462816176,0.09240466983369632,0.0,0.37097166343961313,0.24906820362306228,0.4552321815583249,0.30395569523940835,0.4033878642678054,0.02574205334983587,0.3731073149998178,0.31041955908285135,0.4485197390235215,0.0,0.343954176143369,0.3025334632630394,0.3231349644691158,0.19436884419333963,0.4103594669326971,0.042970550554399314,0.3103871751861557,0.04453726858872631,0.3379945399813532
ig_lora,GADD45G,0.0,0.3834370116083014,0.047822202342663864,0.4417537417377192,0.4007291805589049,0.3667052147367512,0.11390397396340828,0.042744234930989944,0.46226909097023555,0.3879806670052518,0.04529549527096244,0.354432047868007,0.3911709561100308,0.4867671219050206,0.4079028987152242,0.50480127600013,0.0,0.4757817306657,0.38647634349083065,0.3933278433402675,0.04747675707460734,0.46420780458000604,0.0,0.43391875514813427,0.1679453024824431,0.43093634483549964,0.0,0.49345967473750396,0.50480127600013,0.03988248785362006,0.4532951456746362,0.08735406045184133,0.42530908961672065,0.39878531651194854,0.45138922463700953,0.37325081181588354,0.036082089890927246,0.27408851788077354,0.47678900995902124,0.44948954285918225,0.31342929973253597,0.46785322712852606,0.4100699945416451,0.08655721373553663,0.04031045909439351,0.3473269070503137,0.43859782996732605,0.50480127600013,0.0,0.4935834698667938,0.3943743556280424,0.1624921111099028,0.4999451871997446,0.3732259212625929,0.40256568253992325,0.0,0.34449570236888366,0.44148012579294876,0.0,0.0,0.45717116098526567,0.37374567637256995,0.3382601093321737,0.44546228371200736,0.46402321220000764,0.38414859884176045,0.36190655946638295,0.472522480746669,0.3333623328134635,0.50480127600013,0.48609860891540513,0.0,0.4446470278573592,0.50480127600013,0.4010850677767642,0.0,0.056985538993724036,0.4599300514667851,0.4599300514667851,0.40710741810423573,0.49987782748111037,0.2873670595945798,0.4814986469931185,0.0,0.47175129121668896,0.0,0.41293030997577057,0.4837386652471114,0.0,0.4073616053059259,0.3904199623865058,0.0,0.47560433218791176,0.11253602625970958,0.4711758660298585,0.0661401105377,0.0,0.38154876281085043,0.4231422460589325,0.4896788669990232,0.4961976697140737,0.46061450714139207,0.47265591250946093,0.37568689301073127,0.4387114186458176,0.4476836468181199,0.44042411298140777,0.022148853371739163,0.4599300514667851,0.37381219771925234,0.040883211810081706,0.47008378911563875,0.47479087778582685,0.46187879421826344,0.49019341406348294,0.4637470854324556,0.04692926740659626,0.4716096612613865,0.05192734504799192,0.3617440564196127,0.4811757211808341,0.4499315720870724,0.46359300857154795,0.4303062784808499,0.4047790970087231,0.4842174705439455,0.48621491468921724,0.44271610212511303,0.3542227746871982,0.40749101151811123,0.3719521559687557,0.0,0.08765859752944873,0.41652035416555416,0.4833203706384223,0.48460086913525807,0.47325119625012185,0.41427305411772225,0.0,0.44248013081492876,0.0,0.39818844117124763,0.4161128723056332,0.49947587026665163,0.42919313442388707,0.4138614617072746,0.4703830071819393,0.33257880694747083,0.4175094234329043,0.41745799667606637,0.44894094681047864,0.50480127600013,0.30084718244550823,0.4722222509226102,0.4927821980001269,0.1817020158142396,0.4359501229656649,0.49041614065871775,0.4523415611055367,0.0,0.47529040662442035,0.5048012760001299,0.44605841990276607,0.13397010200721607,0.0,0.47830541479278293,0.38791851339203987,0.50480127600013,0.4483736207281002,0.4608345706523728,0.040605674875235545,0.455837364884611,0.40710120429344276,0.40318726324745363,0.0,0.4818557634546696,0.4310852118204575,0.4662997567320888,0.1168289204257645,0.4841833246219292,0.055663485945191625,0.41976218926692727,0.05806981713037755,0.4590718594443632
ig_lora,ID3,0.0,0.336730947982646,0.05038215381657776,0.41792147060660095,0.3732308800255677,0.4310505454360266,0.18574464989654935,0.04486353848761099,0.45527419707339817,0.34572563146243845,0.1069156353831392,0.3279085236171876,0.3358572938315991,0.44585125773096773,0.420217466883731,0.4274372236936566,0.0,0.4348125158240138,0.3515457031115017,0.409485560475613,0.07784241395965058,0.483502383364397,0.0,0.42188902222102387,0.14400146387625792,0.3711547028841115,0.0,0.4177059261150268,0.4416469475866823,0.04901072138596212,0.38635752391752065,0.08273246156117807,0.37343134913510445,0.3416321370164643,0.43425967053786546,0.327812606795557,0.039347327432363674,0.23574229859970344,0.4404800057927416,0.39518137345573595,0.31587842545072525,0.41651699530671393,0.40097271304649623,0.10205791088361121,0.0551374221495446,0.344526281900627,0.3859184043291304,0.42932415179869254,0.0,0.45356433168337457,0.4118973547268959,0.19740408134298282,0.4651202638170556,0.3742876086657344,0.3698499297031848,0.0,0.35159530959775825,0.41129070921871724,0.0,0.0,0.4177588880413426,0.34971744384332,0.40018211256430736,0.3810969554559449,0.3973138471774745,0.3256901484887185,0.3079489459865049,0.4014579151213873,0.3329323103074986,0.4375281870379792,0.4136971028841572,0.0,0.378923770765657,0.43447031935788144,0.36743522013916974,0.0,0.05692107044778382,0.4755294276069552,0.4755294276069552,0.3720222124290333,0.4625346281946289,0.30350560868343446,0.447420966778515,0.0,0.4079224733178649,0.0,0.421528424423922,0.4466478949731595,0.0,0.40538968149237686,0.3734846248756567,0.0,0.46431656207713623,0.21320973759134468,0.4052876505752429,0.05673509471283876,0.0,0.35237284972359484,0.37573596065296033,0.4671184136460536,0.4376473735151116,0.4479609426733724,0.4169782950842882,0.3677829573248259,0.43283421382261456,0.3944960528169373,0.41489187177025294,0.019484587187552967,0.38857929426696053,0.4247872625904797,0.06712832639252878,0.4076726551825284,0.4168780556643164,0.44109781128567704,0.4467739504354203,0.46155725422283356,0.046675277767182735,0.40506171004866987,0.07608105769230879,0.3871500201777998,0.4345510725107557,0.37994419883880587,0.3982644594113913,0.419794019410469,0.38846757532645315,0.42248344205949523,0.41997771354943325,0.4636556498311337,0.3558543252454085,0.41315812939661345,0.37503701020511,0.0,0.10040474878473118,0.38931658111284617,0.41558030547275615,0.457467030960326,0.45072386804164255,0.3552899001521418,0.0,0.403019090346877,0.0,0.4075197030996332,0.43951923122384257,0.4815574454227649,0.43793367908975506,0.39515121016953164,0.3976160220406108,0.4177979438519888,0.3777232555275086,0.398681962262882,0.3981276819484047,0.44954123863836326,0.3171355590756826,0.4293847013700561,0.41701192555478694,0.25479435044237037,0.4145594952070307,0.4767014848581965,0.43940410607007835,0.0,0.45736100705531896,0.48496433951129064,0.4045675653191306,0.14797737813185552,0.0,0.4286959296978477,0.35405262884606337,0.4665968057253283,0.4480529468078537,0.4495315715322923,0.048386653289267376,0.44333314360306725,0.3924995870402755,0.36686708023595804,0.0,0.447719293056901,0.4521036714776958,0.4344703988731093,0.12899647221714416,0.44334336507187727,0.08857840178506986,0.4654054376428755,0.06144165099582655,0.4302465457378618
ig_lora,GLDN,0.0,0.021112606860919966,0.00383938122216114,0.06877694102733106,0.05668703735955721,0.08466524511590083,0.02349836545736689,0.0037082447243393067,0.08504988804589211,0.0450779900489404,0.00740229495873484,0.023840103869918222,0.042311168199597196,0.07349312467501325,0.04798520082682974,0.08376609489481177,0.0,0.07248019341142295,0.02567950885685063,0.062252879499137104,0.006466081811073233,0.04430470705970432,0.0,0.06310252900573882,0.010500169098823479,0.04009227540717234,0.0,0.059929197057964366,0.08376609489481178,0.007106340291236265,0.039839826358044755,0.009954159752067093,0.041113361604331114,0.02840743025655543,0.1927414481496484,0.037366348438630785,0.0025611319808090194,0.005893706222191246,0.07948162389608031,0.06020882997082201,0.020523850693985792,0.07477809836003818,0.03010902022867348,0.026009673851058405,0.004841875281761858,0.05079806727749694,0.05330569675124386,0.08376609489481175,0.0,0.0698050790790098,0.031364280288423835,0.028797571742186154,0.08244395084442409,0.06270599557287322,0.040737499784919445,0.0,0.03247734219673042,0.18776670829498035,0.0,0.0,0.044272898288569174,0.02335063310860196,0.04700249982252287,0.04094700951228536,0.050046344959459886,0.024281402585579374,0.024114073422061174,0.047147485807585904,0.011901178569572582,0.08376609489481178,0.06961114151341996,0.0,0.03799783340852111,0.08376609489481178,0.017628457627395056,0.0,0.010485023425456647,0.027922031631603922,0.027922031631603922,0.04513100807778813,0.08296696823621982,0.022524025972781244,0.07162515227725472,0.0,0.07073379204430003,0.0,0.07042072480529094,0.07780184751391589,0.0,0.07288134928282414,0.03116287134152555,0.0,0.061750942083821383,0.016601083817101275,0.036168943078614894,0.010891165550026692,0.0,0.04197485250742096,0.05199274855540042,0.08072496550875852,0.07911639243928191,0.060619419282856045,0.2402033544021273,0.04694817194274636,0.0330155043252962,0.039747370257022074,0.04527730639321937,0.0038056931799739496,0.027922031631603922,0.03518364679102498,0.004201746391667646,0.061398810203468455,0.056146939250225944,0.12192008138169028,0.07780143618777374,0.07394259538321347,0.0026212558563641617,0.06170363030652934,0.010368356782097824,0.013479258413829234,0.07287490083718952,0.023933169969946218,0.05025965693688707,0.049283575499210856,0.043532026374624326,0.0563286648424368,0.0686356532702917,0.04853202678912926,0.030472398732754803,0.038599513586979224,0.04305281969082888,0.0,0.040320461546135195,0.05532521008021448,0.06282457117110883,0.08061398914690696,0.05584406326320785,0.042910597268051194,0.0,0.06382178658652327,0.0,0.04997128634325626,0.07285441460742101,0.08286169610972118,0.05780932541877792,0.028813369493650747,0.033506437957924705,0.0341785006893309,0.024560559346080573,0.057207207739079696,0.06361942932442796,0.08376609489481178,0.022324398799066014,0.07630434831010077,0.055844063263207844,0.03362857402572654,0.062004372804095716,0.08047486282184084,0.05526329543334816,0.0,0.0750004261693573,0.08376609489481161,0.06535568036690009,0.018930082706232754,0.0,0.06780872785513917,0.02026809297053391,0.08376609489481178,0.040142555700285326,0.0763451342616088,0.003021941422421966,0.0655177654589466,0.03996012378466256,0.05712869762270427,0.0,0.050259656936887054,0.04953751826061476,0.04708682594083905,0.007251501101942611,0.07613899199433831,0.012989247975786287,0.05293096231928502,0.01535752488864456,0.05379132153070648
ig_lora,ADM,0.0,0.04049639906807912,0.006291495459646431,0.14486736324892405,0.17995416404634268,0.21812287766115876,0.4365552803625731,0.006287252333770722,0.18753039571140268,0.09057153134646133,0.009560306807515153,0.04727726276671666,0.12396424728309627,0.12467473976734526,0.4599106291974445,0.06350661654189665,0.0,0.1378780650994927,0.04801245344187759,0.1480407100819515,0.00985964739043622,0.054521564788508246,0.0,0.19753945801922665,0.018946131691671312,0.07070943301815304,0.0,0.05865090998398465,0.13033070051243387,0.007387873624043638,0.06163560382846132,0.01537112362943244,0.07388036950584045,0.05329042929288893,0.23559834364714463,0.07372100705457545,0.004351544790247396,0.013797825301432752,0.15818770549934613,0.10700586355389424,0.1605987927743548,0.18248695601872925,0.050498850164878185,0.030628635060542312,0.006870509677518255,0.1051099954268897,0.09945755598226581,0.07753142428879951,0.0,0.38545881306486013,0.5770031499509701,0.6930778638836118,0.16926846868020673,0.1843008149292437,0.0736585097986748,0.0,0.06069284168858602,0.5125638802137829,0.0,0.0,0.0626046477709718,0.04467276196210509,0.0778545861334109,0.06613068242216158,0.07494810674511646,0.09786256652352575,0.10507845319178423,0.06206348572072514,0.02349501458973684,0.11760230356566488,0.25423632005145486,0.0,0.059476611401675414,0.10558103978260529,0.03224705803341298,0.0,0.009604627767396564,0.361842789994742,0.361842789994742,0.08549411904288676,0.16758587677074946,0.04576798502330614,0.10541171018422255,0.0,0.1022611857924276,0.0,0.16527082830836237,0.1579862538552429,0.0,0.15150756765795512,0.05845918376209597,0.0,0.08995491484818234,0.2710764877961928,0.048252173425129774,0.010227383642366639,0.0,0.07807963505216674,0.10124946035884379,0.16053872712405223,0.13379407418286177,0.35309908935011075,0.24949746334835676,0.12130916827478795,0.048874526721977125,0.06306961794168175,0.0767547468620183,0.0045463570427548726,0.04233774436126444,0.14636490499404264,0.006452386073675402,0.07585482276817437,0.08105987110934677,0.18465600314043612,0.14381090950880046,0.15447405680096957,0.004802313883698282,0.08851534994082959,0.013731975300889506,0.026885460765351987,0.12986923739087022,0.03908099479501333,0.07918577983695396,0.17378610004636655,0.07715022150136577,0.06867076572752816,0.10120755567631615,0.0834406720835962,0.16573521529309884,0.07049229774871554,0.07749987756739038,0.0,0.45943529050955184,0.10794703222044082,0.09049803409937596,0.15984712752960842,0.392538398170011,0.06789574355370126,0.0,0.12916561500533022,0.0,0.09890286790048047,0.1763522610046375,0.18033939727036755,0.10603456671769247,0.047740271536765404,0.04618663021228848,0.06628517426181872,0.04246090765428931,0.27263269267808715,0.11625509573541434,0.14765546302331387,0.13660651490810927,0.2041788537375263,0.05645032581501925,0.1468430431815276,0.17907479206666305,0.19703638534006082,0.18777679926929025,0.0,0.22998473451694676,0.18158644950775604,0.12978480515262106,0.11210129228160284,0.0,0.11085830671308176,0.03917320473361324,0.1691220054930633,0.0543790050506634,0.15086128195598875,0.005116407210660502,0.1251501048509705,0.05939162486265047,0.11446576005795539,0.0,0.40419244566484824,0.6477864918501266,0.7602782210181299,0.01348239890315974,0.14448187164464277,0.015608919660984363,0.09233222607000831,0.012582990919292863,0.08703168388432532
ig_lora,SRGN,0.0,0.27420917365565567,0.035949821015881164,0.4219597484227762,0.33538158574697285,0.2873734348620443,0.09806855402648758,0.029555413932303036,0.4541246300070643,0.3248975381480176,0.03934411498691462,0.25033027454576806,0.29529537370275954,0.46873296780991114,0.3371932720478606,0.50480127600013,0.0,0.4556912762034024,0.28341914420853764,0.35791863531889934,0.036967322286024805,0.40331759744982004,0.0,0.38724002190413714,0.1192821270314328,0.3570714136708692,0.0,0.473044792464777,0.50480127600013,0.03659947818274278,0.38707297811328706,0.06498672335133068,0.3512991229838912,0.3033709529725852,0.4246831989554493,0.29432053330533564,0.021750656842363596,0.14696107973337308,0.4641834902405222,0.4028202680215075,0.19860611397197955,0.4393504465704316,0.3116952022578339,0.07598051797260784,0.032773500392815555,0.3064441381883422,0.38602450517657,0.50480127600013,0.0,0.47675676066678946,0.29499012729316365,0.13051733158115336,0.49786400628529376,0.3585460263125372,0.32137859361564136,0.0,0.25040330045489123,0.3671466016366925,0.0,0.0,0.39287050571519877,0.2665183675863844,0.2500912563903145,0.3758034666781242,0.4115942730284218,0.271816795970175,0.24843134339546616,0.42410428786647764,0.20478312542346358,0.50480127600013,0.45639437295731256,0.0,0.37082135968214053,0.50480127600013,0.2890715628955292,0.0,0.05448373484278,0.39262321466676775,0.39262321466676775,0.33769336117820553,0.4975456676563115,0.19418096684934402,0.4528999659390589,0.0,0.43295348299264946,0.0,0.4064026360740398,0.4739336567931199,0.0,0.392906269543599,0.296835251248086,0.0,0.4380654044293454,0.08689339973364191,0.41777080313589776,0.0632363983677522,0.0,0.30231500433202785,0.3693667873171683,0.4819749982626103,0.4875940634280174,0.41800583717046613,0.4313261594500292,0.2999023638647799,0.3537387449045587,0.3775847382765619,0.3735709052311961,0.018907557756362693,0.39262321466676775,0.2782255730278011,0.027389214775153038,0.42074841301662497,0.4342768401965175,0.4462178887032581,0.4789244919980695,0.44971590637768083,0.0340523342767375,0.42893472802585914,0.044673249264703285,0.23714583291400096,0.460598625047899,0.3719588349474642,0.4130192258182882,0.365423538705993,0.3253497195743706,0.4515255442311818,0.46231816443232937,0.380630928250096,0.2443411656210047,0.32538547586140787,0.28853526664673,0.0,0.08408968482685089,0.3658057820478191,0.454321148400117,0.47450066570282207,0.43268680800011144,0.326977983016829,0.0,0.41131955822232813,0.0,0.34061751036365123,0.4076214293987134,0.4984977345196863,0.3754715601460303,0.3156464622709908,0.41571869788245996,0.24803323123071086,0.31930608929477533,0.3569895725286377,0.4070456999182402,0.50480127600013,0.1988701356681973,0.45350664077169467,0.4711478576001213,0.1478960907615695,0.3759829896775824,0.4847871746555564,0.3978641648688436,0.0,0.46106195174684605,0.50480127600013,0.41433727761018957,0.10391662930120577,0.0,0.4496898846888482,0.279096630963818,0.50480127600013,0.37219628611086,0.44104955324588213,0.02649439859690174,0.42278672488163566,0.3094011325867556,0.35893599962935263,0.0,0.44541289058835004,0.3545339144031053,0.40854747783002693,0.07703437646240484,0.46990935828317487,0.05200236121646484,0.35223114980232506,0.05751971362540986,0.4076262658191255
ig_lora,HES1,0.0,0.07869786189935828,0.018460729997925713,0.32425437119138245,0.21210991144479743,0.1342247995973487,0.0849281189349801,0.2501019920185569,0.4181055080272958,0.30349538829962586,0.5362491679885691,0.09184587365366081,0.16988295088055047,0.17018038164241722,0.13933705571584454,0.08133229465519728,0.0,0.21897411277505346,0.08744368733382443,0.3055572047031382,0.020353929990922708,0.26584042486741477,0.0,0.33667438889847484,0.09626571534557148,0.32704158057510396,0.0,0.0799764415350598,0.16242209959358866,0.017419479155641033,0.09226537496166012,0.030593082555959564,0.15288190853351866,0.09489885040876357,0.2559170290961244,0.15216102911573562,0.014194650346947838,0.0441712635593282,0.29432199954355204,0.1844710286810791,0.1536678795248839,0.24090882354946316,0.6275476312820608,0.035991151094694744,0.017329002597868962,0.2758940544102697,0.15772831911894925,0.09219047366404173,0.0,0.10964359583090208,0.09024283614241825,0.04503622106659313,0.36875368900127437,0.34552007514198435,0.11983243992806006,0.0,0.19507543035743627,0.13424170202542837,0.0,0.0,0.4358364176730158,0.08453535900432217,0.26224690065593853,0.12274070676075839,0.12819584928345876,0.113661552813362,0.11358691192101655,0.11331453966084248,0.1188545739066478,0.13907806483859722,0.09224667495536562,0.0,0.09090172273701673,0.12166267383090518,0.14256879574576348,0.0,0.02155321431182016,0.07358636183089279,0.07358636183089279,0.14283479125270143,0.31131686945134995,0.22639870711888202,0.23043674568779515,0.0,0.12726254131333226,0.0,0.4250615780914509,0.35512513559510106,0.0,0.5056712731503662,0.10208723901899147,0.0,0.22776235961855648,0.10882081016535229,0.07623202405380339,0.14602895283910655,0.0,0.13213090174001282,0.17180688635230118,0.3046514152874606,0.2160021937516334,0.14860716872439864,0.21253494686005192,0.21871139541814832,0.5664484448709532,0.1961522345482983,0.11472505737813556,0.011761299933955614,0.07358636183089279,0.24777695859619245,0.016643082248299027,0.11783792026765481,0.10702150310968248,0.4204909514511716,0.21670790767505269,0.3063200576381792,0.01751198662835388,0.18637937233858567,0.4859516011118566,0.5205974157894221,0.22053871900475827,0.07187505109063946,0.11108331088908734,0.133664346050572,0.15927637536441946,0.09022789231282362,0.3801690974244952,0.49247695465455427,0.11402770022493143,0.6239261066308165,0.25109900188986806,0.0,0.03388199402396898,0.31756777369890105,0.11613255229313676,0.3388727497030762,0.11355182890884484,0.14429782350473438,0.0,0.2337777625243769,0.0,0.4740520981389496,0.4912711151759066,0.4052782240192372,0.2657628031740263,0.17279607496512348,0.07538115114384139,0.7385820357998898,0.1099152423346551,0.20747551586718593,0.2059766590398929,0.20680458542406624,0.10519206036491258,0.2711713267222289,0.07924685120249993,0.16735928279231027,0.21971484614538134,0.31692176757128027,0.12735755238971222,0.0,0.30854557286729467,0.4003089299539777,0.4103494486476541,0.2832310959356336,0.0,0.1482787030636098,0.0776832383178566,0.3011073356063649,0.5673135547764888,0.3533693679957538,0.015933256686447336,0.507011582620323,0.10627381103605553,0.22857709382716776,0.0,0.087693377387747,0.12380140320005388,0.08041104604371814,0.10621893963528527,0.40261360973429605,0.486112963539636,0.6204898237229389,0.022720898458985495,0.5188802051114484
ig_lora,CR1,0.0,0.156481774282195,0.020042535547247217,0.3835321718690911,0.2555501055150909,0.21344016702239277,0.06060899995762614,0.01754696319481404,0.43102335053935753,0.25625659493703806,0.023755622059857612,0.1598572882052353,0.18584349041942874,0.34490332213006103,0.24410686973013407,0.25991646988583117,0.0,0.3706225267485968,0.16992299049928844,0.318271193412148,0.023454356933860464,0.21008311756533804,0.0,0.3047134285645902,0.06499288241304135,0.22894709283182513,0.0,0.24338343796326004,0.3600966178416807,0.020637997721352795,0.2220114392446507,0.03972287917112951,0.23212038610881539,0.3915799258054356,0.363105452605816,0.21718455098304748,0.012480736599629488,0.07318310732185972,0.4095373840499206,0.29683692971620085,0.11929480393756965,0.34379299630820853,0.1766308601287067,0.053759109921978895,0.018974790785199595,0.2736105496708891,0.2859554369853747,0.27740824175113826,0.0,0.28784223155977623,0.17797931252789292,0.07975954976739844,0.4464053006530241,0.34472960419978416,0.21935055840744822,0.0,0.17400551256531077,0.2161849128253597,0.2876576703847952,0.0,0.21942665046410323,0.159587574214521,0.1813270064084005,0.31979962799151607,0.3154508589065851,0.2111254230896694,0.229253102889212,0.23209255447709312,0.10525396456453354,0.33724851392192556,0.2544000365492687,0.0,0.3469991912367566,0.3175364242656662,0.14743688820425896,0.0,0.15777655144562033,0.1987596534421062,0.1987596534421062,0.24713632349421072,0.4405678446593525,0.1378241476777848,0.2988331188177753,0.0,0.2849830160611329,0.0,0.39774326636582874,0.4175411989213147,0.0,0.37469965359916574,0.1908518604906507,0.0,0.275553486876512,0.05496453272738608,0.21336249361401544,0.033884291971803544,0.0,0.2197299128404672,0.28639336311294716,0.4203148298544679,0.3644898445027099,0.296883692047668,0.2684772796482299,0.22460455516208583,0.18701049437548592,0.21993145174277848,0.2409815912210034,0.20347125333019292,0.1987596534421062,0.1835011790706285,0.01637662148046748,0.23921756065721445,0.2630122657075966,0.40180575354185044,0.3845309842484241,0.40819554933783037,0.018062549384662518,0.26596627665285133,0.029145243285148555,0.12210723549493384,0.35300845403329517,0.1877174504731003,0.25705329583411074,0.2546608648133256,0.223442021516442,0.24922690602775477,0.3010188848796451,0.25341274258717605,0.14867553812475442,0.21690424103480765,0.2953885323965624,0.0,0.06069007322097188,0.2935775652339453,0.28411153750085927,0.4138628715559694,0.2699059606258163,0.20248443588834064,0.0,0.34948966770791895,0.0,0.2722973829121744,0.3959464033272283,0.47664974807471144,0.28593555486657124,0.17511907505369817,0.21118213178223783,0.21012702429669738,0.17282792989515625,0.2693234098192331,0.31329546975916095,0.3950253284316513,0.13303176548295548,0.38318496436486166,0.24135100775112894,0.09479909463193371,0.265572297483968,0.4376766367021673,0.2662465812441568,0.2428267582999379,0.40238482804249753,0.4801229622056658,0.3475216352045605,0.1765874062969138,0.0,0.31474764007229955,0.15733923365945388,0.445847526380021,0.1976643140384834,0.38601134642825274,0.015120974712127184,0.3390555189687029,0.17944333939832255,0.3043562003530139,0.0,0.24273221153224597,0.2211831207597889,0.21562063796791,0.04324134792798073,0.38521476888310013,0.03359104408078078,0.2511380405391829,0.03292702268476328,0.26498811409447814
ig_lora,CCL3,0.0,0.20297084128311305,0.1622827872775381,0.4287119392356461,0.29918744654821733,0.34081590740063916,0.3062182115052197,0.19328955219889588,0.4294773523717514,0.34245553576113436,0.018457594452614544,0.4208210750252235,0.2763072310268423,0.251082318949344,0.5688545842551649,0.1616783912368706,0.12190077651969833,0.3091465725013937,0.13773055299119727,0.47033284801675596,0.07945994934509144,0.14653790207511921,0.0,0.33734777556876977,0.22545645180500126,0.28455592593983287,0.0,0.15674415537512854,0.2499099901759944,0.01570043579708637,0.15954402571320742,0.03801197664978236,0.23373609292347058,0.14851306898415167,0.4292190000933112,0.3402753260220684,0.11378576889090843,0.20940572121775214,0.3470476350359465,0.22787883829193306,0.5050410599626346,0.3846056468614573,0.1755287270803877,0.08056308573757011,0.06690459563116682,0.496443509336459,0.3248360955268058,0.17438664622810243,0.0,0.40360130988179693,0.5823983840511893,0.4890681964386177,0.3800247027217376,0.55443784882399,0.35666090353580077,0.09265992378557146,0.2475674956468511,0.534179610247583,0.0,0.0,0.1560572007018997,0.3784423797387741,0.2085417302701034,0.1651400011929621,0.17514848611374767,0.20808479996528093,0.2046060609939901,0.15900991632511377,0.21711080103277416,0.22601393212998172,0.3117824985384062,0.0,0.15572030062246786,0.20742810920530516,0.23274473331646764,0.0,0.020856379447398016,0.3256121274799149,0.3256121274799149,0.3687881236477729,0.36951483137053,0.3208744513237837,0.268695151213632,0.0,0.2026957261996501,0.0,0.5216189392327307,0.35177960574511097,0.08242207407697894,0.3980563800941098,0.20555708330335207,0.0,0.1919937515506991,0.218312234030497,0.14615599867127854,0.02331819398819368,0.0,0.362374598989561,0.34803876654057486,0.34893992640115634,0.2641400005311099,0.4297876826144833,0.37655524874206453,0.3018894803556572,0.1383313318531075,0.16009660441885817,0.22010484265185232,0.0097673283282802,0.14012127240528785,0.36191908181616433,0.11468856047158543,0.16550452114428033,0.2492826278853844,0.3924459378566045,0.29571867081040953,0.3589448012306989,0.12710452399314864,0.3684818401852526,0.09698142639048493,0.19360530446171592,0.26546459731724853,0.24470872313012396,0.26109083799496685,0.3268453840467084,0.21074139804068057,0.16594326069265194,0.20742732609805248,0.19008859925408736,0.31207518236585513,0.1715626258118606,0.2055902317243932,0.0,0.34527474215878456,0.328963275832094,0.1944638523799736,0.39899161229689084,0.40435237455412915,0.15729509581570067,0.0,0.2931466129115536,0.0,0.2739749507399018,0.48062929863041665,0.4428653288210736,0.36250761764626227,0.28599448041116493,0.20826231198734774,0.16086937352008823,0.16204196464536524,0.4144688287120951,0.24562636469194712,0.2923918711466837,0.5581259243521287,0.40645941143626474,0.15569030267254205,0.23001571285028322,0.33360932715440816,0.4196993746367473,0.2865737521298178,0.0,0.4329072531553231,0.44197595907164583,0.2879561965913918,0.2814158628845791,0.0,0.2264504709561627,0.1275664050270131,0.37164911176364124,0.17932976503113415,0.35603901507440444,0.01405816901592838,0.27015171737350463,0.1407756637948517,0.3638077655421307,0.0,0.38053045960408605,0.6184699338336845,0.6219624155060562,0.2672163451797112,0.3031938290431497,0.024559795211479475,0.23644142113720187,0.02254303432663683,0.19220696355043965
ig_lora,GEM,0.0,0.4759243086277929,0.11283423532048763,0.4764428380538258,0.4421954061316392,0.4575921316948901,0.1264092742374216,0.09799892772702613,0.46296084265547555,0.467568968394319,0.045682338635009326,0.49440865573053344,0.4286271545319739,0.46124589809928584,0.47531019982910255,0.46394539749282854,0.02995758964596379,0.4867953470358151,0.476367350589665,0.5070464386757773,0.12859799176012138,0.4532145413645939,0.0,0.4490534011578308,0.21668617930699605,0.4561662398480764,0.0,0.46108032266044036,0.4662435406588642,0.08105004997091853,0.47564440878926373,0.11744017100564125,0.47562105770277335,0.4316746451891787,0.4537718517508573,0.486617238846652,0.09915647195304163,0.4402588531727224,0.46111444960328235,0.4489868978349321,0.4707674187986972,0.4589498112639078,0.458955027157232,0.14467638623081905,0.09842517909778754,0.46144946512455015,0.4589626705012227,0.46421418616721866,0.0,0.4677328985702844,0.47492008134941627,0.20090466808139182,0.471769847766944,0.4498430545105922,0.4958510185383401,0.035218252025688165,0.5206854720758111,0.48145198302100145,0.0,0.0,0.45124807179439025,0.5008978931079436,0.43795779078945785,0.4477001055688259,0.4533671955127351,0.42693508578644795,0.4177497241687786,0.45562847960652825,0.46168587265945776,0.46550676864597385,0.4593976720629195,0.0,0.44746293754982625,0.4649997427446299,0.4650357705232398,0.0,0.07936676615367393,0.46495715713328606,0.46495715713328606,0.5015232193848879,0.47086927945270635,0.4342295969039469,0.4588197258369471,0.0,0.45591542041403893,0.0,0.4825945557058697,0.4639830218021346,0.029201422631421094,0.4345864287306679,0.4944747600383356,0.0,0.4568855104457693,0.18025094672835637,0.47349412699316035,0.06317602401483048,0.0,0.5055363086752892,0.45645436294318603,0.4659642740280717,0.46435107847543755,0.4654847804266684,0.47878359591684816,0.5018943065951051,0.44567753671146215,0.4772034563283974,0.4847981914006841,0.02261557098154844,0.45197261304140074,0.45833687609555435,0.14971468521908946,0.47884496163616025,0.48948782306125715,0.4626022774219245,0.487612212270183,0.4816457108072765,0.11030876195638246,0.4630727763324425,0.08719355817043574,0.45701485981710765,0.4844375039703805,0.4738260720528068,0.4737234099633743,0.5442672098296005,0.5470971935689801,0.48560310092512426,0.46010897854743166,0.4718535265444612,0.5779808252832394,0.4343246886685227,0.44552205256021155,0.0,0.10997381318482664,0.4496692105384362,0.4590761791427875,0.4639349377244381,0.46697972423390594,0.43723588292052423,0.0,0.44607221623780635,0.0,0.484626267457532,0.453535846530462,0.47981585961904644,0.46571997484715827,0.4639853155154816,0.461114910853485,0.399116483724502,0.4661011627982415,0.4411032256908044,0.4487987419333637,0.46785973315819873,0.4908200199274407,0.4581703764874181,0.4608931251409021,0.227188980293886,0.47055592538169055,0.47151058652836164,0.4790708365398228,0.0,0.4667817807403798,0.4816955169941281,0.4476224654434479,0.14015426948961024,0.0,0.4834427334812092,0.4450685560444207,0.4726698298824085,0.44861441324606677,0.454068580467859,0.0771092653700848,0.47468029540002527,0.4781333334642959,0.4679746702946039,0.0,0.4664735849586324,0.45678034738394,0.4624357919277377,0.1583725396484457,0.4854170924067208,0.08337094205269976,0.4624725285603398,0.08230682407705132,0.4775774762124103
ig_lora,ID2,0.0,0.345019091195429,0.043001891229499274,0.417260364317289,0.4440293358499406,0.3888868377848304,0.15628276726889442,0.039105807820791136,0.4575491101039722,0.358174619122754,0.09686275169960869,0.32382224899078604,0.35297638323166447,0.43315735240162606,0.43127460050434474,0.4340241547354089,0.0,0.4320530471617014,0.34827210891663457,0.4294192709485628,0.04300636352647625,0.5024210697916625,0.0,0.44186872634974605,0.15237754007665003,0.384530546566882,0.0,0.4259127521000974,0.44500681148338284,0.035274253054735506,0.3987231831859329,0.08020720983647683,0.3810568794463447,0.3584783739570888,0.4438539874443616,0.3430548714596665,0.033608356695306235,0.25477450744010116,0.44264184349962676,0.40433155663763365,0.33612453464528935,0.422531876399976,0.4049097895172642,0.07904614670626614,0.03612778445909315,0.34333999112126223,0.3960115781744434,0.4354396971607033,0.0,0.4636761855559345,0.42509951174362165,0.20129760824445705,0.4649530419796605,0.37563605154256313,0.36415707102847855,0.0,0.33581053839411357,0.42697134388161284,0.0,0.0,0.4252109724398278,0.33816282129976327,0.3560392637388703,0.39385250778672537,0.40791866877910843,0.34504145001825454,0.328212049180856,0.4119592999930153,0.3247083704822942,0.4417452952370148,0.422282116505914,0.0,0.392246239141058,0.4393658242648218,0.3818148476897738,0.0,0.049831438016020184,0.48568071140173763,0.48568071140173763,0.37030566360006884,0.46260944320046704,0.3292084014397635,0.4499280884150438,0.0,0.41651544529076123,0.0,0.4227549823089665,0.4482593313121953,0.0,0.3949719206219734,0.3528754266061772,0.0,0.4641530902127532,0.19671601450749737,0.4096551802181438,0.057644463648759574,0.0,0.34931423246725174,0.38610531576364626,0.4516436434767223,0.44137105533209164,0.4566480677559521,0.41531812618721126,0.3456231414297912,0.4588494301887745,0.39485666596697505,0.3920132664597429,0.019967680366619108,0.40126761475537803,0.4457466959336329,0.037613405646995224,0.41100343639535347,0.41610004585388305,0.46225694060654154,0.4423188991137949,0.43620633615675436,0.04223003221696626,0.4144213394031474,0.06478062332757639,0.3884372574365045,0.43149277415936493,0.3938367330006488,0.408533134842729,0.4092160163450283,0.36611385773277993,0.4206903840377559,0.4269401280555738,0.45617518391056605,0.3433437570397675,0.41989352446704997,0.36972129823037825,0.0,0.10436265346715543,0.41393546516026325,0.42338888520064644,0.4474494569211866,0.4601282496694295,0.37071982924610203,0.0,0.4091148523824599,0.0,0.4063417245727655,0.4227024200291708,0.48065457523311594,0.4410609602196314,0.4053734392155814,0.4089842996545199,0.43230455784814836,0.37056460781538686,0.399050654428404,0.4063888861280262,0.4514462153544172,0.36406853803750966,0.433107046759791,0.4253436716407007,0.22383625758327821,0.41218791917458014,0.4711465868918329,0.4244819388870028,0.0,0.4624918984842529,0.48378261574575826,0.4107862305710905,0.14842088478111065,0.0,0.4240368805875736,0.348340125249749,0.46626706553378183,0.45054782159000073,0.4508358924849043,0.037320658412376355,0.439587992522766,0.36377090803025186,0.3758144092273513,0.0,0.4583671112495692,0.4340100825512904,0.44769416497798503,0.1320675900122879,0.4395463606902302,0.07186920460171779,0.4584556263764861,0.05074223165080914,0.4274820211575949
ig_lora,OPALIN,0.0,0.0,0.0,0.0,0.0,0.0,0.0,0.0,0.0,0.0,0.0,0.0,0.0,0.0,0.0,0.0,0.0,0.0,0.0,0.0,0.0,0.0,0.0,0.0,0.0,0.0,0.0,0.0,0.0,0.0,0.0,0.0,0.0,0.0,0.0,0.0,0.0,0.0,0.0,0.0,0.0,0.0,0.0,0.0,0.0,0.0,0.0,0.0,0.0,0.0,0.0,0.0,0.0,0.0,0.0,0.0,0.0,0.0,0.0,0.0,0.0,0.0,0.0,0.0,0.0,0.0,0.0,0.0,0.0,0.0,0.0,0.0,0.0,0.0,0.0,0.0,0.0,0.0,0.0,0.0,0.0,0.0,0.0,0.0,0.0,0.0,0.0,0.0,0.0,0.0,0.0,0.0,0.0,0.0,0.0,0.0,0.0,0.0,0.0,0.0,0.0,0.0,0.0,0.0,0.0,0.0,0.0,0.0,0.0,0.0,0.0,0.0,0.0,0.0,0.0,0.0,0.0,0.0,0.0,0.0,0.0,0.0,0.0,0.0,0.0,0.0,0.0,0.0,0.0,0.0,0.0,0.0,0.0,0.0,0.0,0.0,0.0,0.0,0.0,0.0,0.0,0.0,0.0,0.0,0.0,0.0,0.0,0.0,0.0,0.0,0.0,0.0,0.0,0.0,0.0,0.0,0.0,0.0,0.0,0.0,0.0,0.0,0.0,0.0,0.0,0.0,0.0,0.0,0.0,0.0,0.0,0.0,0.0,0.0,0.0,0.0,0.0,0.0,0.0,0.0,0.0,0.0,0.0,0.0
ig_lora,CYP4F12,0.0,0.3631794654640806,0.30933727479897544,0.42216205103337767,0.20806305346696496,0.2604992420587554,0.03289751594802228,0.26933799853961793,0.4081999397965106,0.34583721541101253,0.016593660669368668,0.3562696736695657,0.1355424415616971,0.2569190159425653,0.19147070107298397,0.13857032859454246,0.20269371641860479,0.42030846862207033,0.21772539824283305,0.3813085523217882,0.2758852928499412,0.12284065797353252,0.0,0.24874911472530672,0.2366336066591604,0.3102035255467749,0.0,0.1330645133133071,0.25628741883205275,0.07011291326730111,0.1420827276797506,0.09342408436893777,0.7001179436793282,0.13333562767062979,0.3135340868286229,0.3336929853601477,0.7819747437254058,0.8928398375122557,0.3602558122111664,0.22853694475628994,0.3142389807401521,0.3249462827472166,0.1832173552715421,0.2142688154187488,0.21209960499313635,0.37480184767874536,0.34893556875142717,0.15688187596482187,0.0,0.18031478570855206,0.12615206280255414,0.04862470955377526,0.3960448643421764,0.40613572723415314,0.3590651024526871,0.19004995984901082,0.37817612571110437,0.14321393631922913,0.0,0.0,0.1369211397439385,0.36004371779294486,0.19898329408713544,0.15032493260326232,0.16188838895735944,0.1014207488949871,0.10287907832667532,0.1391085026474385,0.5776099339556008,0.22646575597188348,0.1511055781622182,0.0,0.13791438119635477,0.2022626672737751,0.27201105724836944,0.0,0.120330973904069,0.1144711410128829,0.1144711410128829,0.3624688348762287,0.38589873283393944,0.30891704828199257,0.20479324555384382,0.0,0.19726958886162232,0.0,0.43635264829711873,0.3659328646554832,0.18841648446495493,0.3644794901258494,0.3435767482286257,0.0,0.18326891816579774,0.13851600746696474,0.18526768194339205,0.021360475641573597,0.0,0.34527287125417444,0.3572941480613667,0.3639705739174626,0.2728330653703424,0.2202964187899254,0.2068306107113207,0.3489537603388732,0.11515892393423922,0.27689524086545836,0.6817385746247978,0.007387174918376528,0.1144711410128829,0.2777473929511027,0.2849246986157664,0.2320784417512499,0.42375803858921585,0.3618448372574125,0.37848053132893333,0.39590037912670134,0.28517056182806877,0.30360117274669823,0.25091023773432836,0.3013147370183848,0.35153948360304926,0.3039250420401066,0.3312586460175441,0.3750679056284611,0.3382933188080988,0.27512719477977254,0.20285768586051553,0.27043434674929673,0.31144332542575043,0.16156631369890642,0.21370258451019034,0.0,0.036409503468728205,0.3440377585279961,0.1860816538918731,0.3591297343601166,0.17892466720372413,0.14306066375047571,0.0,0.30130295802203744,0.0,0.34274911020838916,0.4421659740367513,0.4529262194321603,0.34190340903479666,0.2783554441455251,0.23146832878364643,0.1534574349497264,0.4087618082462999,0.21564117517980358,0.24925033113051545,0.3059901902656682,0.3137163196974244,0.32462366337623333,0.13164181216481535,0.1853898722196383,0.25642042874219934,0.392107208520647,0.27314802865902227,0.0,0.35057520782160434,0.4532576611800843,0.2960451319964357,0.036229107543284185,0.0,0.33414401773237723,0.12381271702291467,0.3888281426550273,0.12038176406046745,0.33890140883149866,0.09660960814458046,0.3397407339664517,0.22744226438102927,0.3708642494022105,0.0,0.14261988724074715,0.1543064565733943,0.12693360783630311,0.22203860292358388,0.37962111377883456,0.16393023281239927,0.2654544391411271,0.16266802191658045,0.28137566940979025
ig_lora,SVEP1,0.0,0.22446240069005752,0.09245831762922686,0.3900377098765431,0.25538877336828975,0.4280568314743478,0.1801184505485549,0.1338545250569366,0.4729441966578055,0.33165492895925536,0.026621667323041165,0.2012981271814787,0.29757574751913995,0.34821286607390606,0.30851757691119264,0.25972911541515575,0.0,0.4151830963225457,0.2720274102658005,0.3347626587518453,0.12930180071129752,0.20682801719230065,0.0,0.37856046918773384,0.06603764544216234,0.22761838760374067,0.0,0.24193872368859265,0.36476004138014473,0.07166314986822044,0.21989810849258304,0.09187764505874703,0.34075145902710635,0.18395214679134303,0.5286346641585793,0.27180632590235304,0.05398224197016656,0.09912322123542992,0.4120782919898514,0.29799266992227635,0.21990187815806414,0.4090825900197317,0.21770970137728088,0.12066792523442256,0.07412265009265415,0.28659222594004224,0.2866988967807321,0.2785808200755384,0.0,0.28944707581139123,0.27225730517430574,0.29058389786348715,0.4494256379828452,0.3895209297487353,0.2590340267883914,0.0,0.26024899846795607,0.49024686240770954,0.0,0.0,0.2170523130713347,0.21945772428753166,0.2883001659320465,0.3263941296663561,0.360751406473341,0.25599565175540323,0.24462916698515347,0.3652921356870762,0.1356262806775123,0.3414198356101472,0.41763144700726873,0.0,0.21038007169935707,0.32099715556139935,0.14244872145079474,0.0,0.11689892988100785,0.19479683656136682,0.19479683656136682,0.2742119743037637,0.44381153777072374,0.18518046111138872,0.30066653858196724,0.0,0.28606960141957083,0.0,0.4123424141068036,0.4203157788389465,0.0,0.39152573184288375,0.26026411451992715,0.0,0.27625815863138437,0.20358475312166985,0.3353491781358752,0.03814436685285154,0.0,0.2514861714060472,0.2870146102816397,0.46351522693165786,0.5021267523826737,0.3781894860009384,0.598378512779361,0.3699716466773484,0.2826159166749342,0.32103236201656216,0.31541726799103637,0.013700151822103115,0.19479683656136682,0.19047532252794835,0.09065992638635248,0.3008927895098196,0.3486306442184362,0.4744918787615343,0.4349143033919373,0.4314048896769149,0.0690766403842319,0.26616635839595215,0.20295065526021663,0.1865583734477921,0.5243782670522998,0.18333819911658053,0.25679772444911947,0.30525212002018937,0.3589066192364879,0.35104993626210607,0.3030638407399456,0.3903402843040824,0.3212853858007318,0.21539555828483667,0.24750389514606042,0.0,0.2332067016542707,0.2942756283828344,0.2853308049434661,0.41678014363331617,0.27031339415696787,0.20018904020966388,0.0,0.35116899355741865,0.0,0.34522295317621216,0.42502080173544743,0.47812895514050985,0.28659585573692214,0.17133448164151388,0.20778329233212461,0.2993857112070079,0.3775656149809177,0.3598303745672867,0.3147993152363734,0.39977035003514105,0.1557923846226803,0.4557655764523062,0.239749952690913,0.26293764096569755,0.30263552601227983,0.44029621749572295,0.3665237713151326,0.0,0.4824455688405209,0.4818257609452886,0.34929990419769846,0.16562663596312835,0.0,0.3990374522275662,0.16648627871823524,0.4493132396412679,0.3429253765798109,0.42729923362286154,0.12599170486183472,0.3816127312438664,0.29099160089864357,0.30505939163333184,0.0,0.2414367107321333,0.399395107822331,0.43371754717176936,0.04436826503959841,0.4301697233796032,0.14889954030231004,0.29892730891501723,0.15646792214176855,0.33512932598456874
ig_lora,PPP1R14A,0.0,0.0,0.0,0.0,0.040592393577105736,0.1111845746926184,0.38809857750920534,0.0,0.0189194519461032,0.0,0.0,0.0,0.0,0.0,0.16229680648714903,0.0,0.0,0.0,0.0,0.0205601963264373,0.0,0.0,0.0,0.0576100903440303,0.0,0.0,0.0,0.0,0.0,0.0,0.0,0.0,0.0,0.0,0.06696063013012118,0.0,0.0,0.0,0.0,0.0,0.03637191205401494,0.0,0.0,0.0,0.0,0.0,0.0,0.0,0.0,0.23594765652737973,0.22344786392308072,0.23301821111489626,0.0,0.005313542678865649,0.0,0.0,0.0,0.13933660171084442,0.0,0.0,0.0,0.0,0.0,0.0,0.0,0.0,0.0,0.0,0.0,0.0,0.0,0.0,0.0,0.0,0.0,0.0,0.0,0.5994045876112295,0.5994045876112295,0.0,0.0,0.0,0.0,0.0,0.0,0.0,0.006987816264513733,0.0,0.0,0.0,0.0,0.0,0.0,0.2287130922274472,0.0,0.0,0.0,0.0,0.0,0.0,0.0,0.18075178240530884,0.0,0.0,0.0,0.0,0.0,0.0,0.0,0.08747602880663814,0.0,0.0,0.0,0.016659970114522183,0.0,0.0,0.0,0.0,0.0,0.0,0.0,0.0,0.0,0.054973312844028156,0.0,0.0,0.0,0.0,0.042287163726175504,0.0,0.0,0.0,0.11337173360880455,0.0,0.0,0.0,0.257793144795001,0.0,0.0,0.0,0.0,0.0,0.01689049220235972,0.0,0.0,0.0,0.0,0.0,0.0,0.04637326883633574,0.0,0.0,0.07875001425524367,0.0,0.0,0.07162053176675916,0.05013437223673141,0.01728771456439014,0.0668458296489752,0.0,0.04557942835169728,0.0,0.0,0.0,0.0,0.0,0.0,0.0,0.0,0.0,0.0,0.0,0.0,0.0,0.0,0.3409256810137671,0.17574214917343464,0.24694854813307132,0.0,0.0,0.0,0.0,0.0,0.0
ig_lora,APOC1,0.0,0.32182742947032084,0.0701193836770922,0.4106860669169703,0.3634135285438755,0.5505557389349008,0.20836892073252974,0.06092750813931934,0.45710524056521823,0.31950165006014164,0.03585891655325978,0.31331442442147567,0.2994171260634104,0.45554827986018886,0.4290732870319879,0.3878663664944369,0.0,0.429686899984421,0.3399455638319418,0.3944476959206676,0.10473298419787387,0.35210408818173144,0.0,0.4096693627529015,0.12416939836398598,0.335343973743032,0.0,0.37759744239373405,0.41234111499562853,0.07468447001746499,0.34753100334605036,0.0927940475766936,0.35676965218332196,0.3044273437197318,0.43879613683792096,0.2979178860853714,0.05230321926959386,0.2134648373844289,0.42464060014050464,0.3655862917980245,0.30790146027605275,0.39086371321407526,0.33474160106855677,0.11941436872556116,0.07458982996968597,0.32393764295263194,0.3563902180150447,0.3912073639088853,0.0,0.47267921138096164,0.41416957793713643,0.21986380352276932,0.4516345902744885,0.3739171082955228,0.356017584027233,0.0,0.3274130059149868,0.4085753817792087,0.0,0.0,0.3494412177778253,0.33853527250898363,0.3435511288867266,0.34334228675362544,0.3600906909855096,0.2857739934682471,0.2697574865232386,0.3619504152212009,0.29919722609249366,0.4054066029202909,0.3751065658671175,0.0,0.33995972642419353,0.4001753043371415,0.2966006148710503,0.0,0.07869097895298251,0.49558768368449146,0.49558768368449146,0.35699710517702166,0.4477966448469973,0.2387104607067087,0.3829532820825793,0.0,0.3739109001311622,0.0,0.4233815092714488,0.4308768037283332,0.0,0.3920521077881383,0.3745122561503037,0.0,0.3736490753615924,0.2124579873714154,0.3837907611560557,0.051935297320099535,0.0,0.3386339925239346,0.3485947028985727,0.43376593842092304,0.41032507041203203,0.4594481821781327,0.39932590219922953,0.34101575200185325,0.33045737170255535,0.38539632060084716,0.4215904691160365,0.017622036374364894,0.34703832791607514,0.3741548027387848,0.08497329986898466,0.3920066214811745,0.40662760327696257,0.4373025173025127,0.442580446310556,0.47427440586909625,0.0625950968944179,0.3689723874476117,0.07487761726735881,0.29836504086628235,0.42859068046339255,0.3381399092515604,0.36206337059074706,0.4279979665974443,0.3803869205334986,0.41231085348860114,0.38607122072897443,0.37992771042342005,0.36171584335508544,0.31793411200719396,0.3663817799883772,0.0,0.12176691192113531,0.3479568709411423,0.3801665391202844,0.4645677698718063,0.47234134942671174,0.3182421275266718,0.0,0.3828580370380372,0.0,0.35270863427281535,0.45067927793893375,0.47544554234253245,0.3515199634889342,0.3113644478574179,0.3564177421840772,0.26349421752664176,0.37201815428854434,0.4296595721980694,0.3709622106047443,0.4252855375362587,0.32211218118645923,0.4094783688519207,0.37678447030888157,0.2652220476316707,0.43535473725663876,0.490985618823751,0.4729549092467332,0.0,0.4675702336468824,0.47829602984550623,0.3833871782474073,0.10114209223932678,0.0,0.4226290423705784,0.34517976905032516,0.45179078369088244,0.3391041079756559,0.40729014739452457,0.06690665316661426,0.40818393870689296,0.41341778323238637,0.34602768992474264,0.0,0.4649005495685639,0.4210174521073018,0.4350161596408414,0.08557192673006245,0.4390852932235927,0.08870083346096065,0.3621375263042075,0.0881500823369159,0.3946044933365264
ig_lora,COL27A1,0.0,0.15014230429995573,0.15092630376645472,0.05175923277247572,0.06843448287588647,0.13484801484766387,0.005866562771146231,0.10320336718481583,0.05137715150618073,0.029544860021365957,0.011523097808424096,0.09294636968115805,0.06683255376036805,0.041409013944444066,0.027065205649070487,0.01945847672956429,0.0,0.11932517175530706,0.15452304364453245,0.06349109205102307,0.21163610977386732,0.015223742904113454,0.0,0.037717443199371974,0.0039490810440149324,0.023385911406115432,0.0,0.019998397564201558,0.04280864880504143,0.12427083095190057,0.5370943646907592,0.9179058337180961,0.10174385593292454,0.016519525696493734,0.04396762758386957,0.02309038682259978,0.07259409280694253,0.05493674281892021,0.04923392944454173,0.033584573203837946,0.10061974340468222,0.04141681554920971,0.11365900251156422,0.1402291555624618,0.11822447933604135,0.05237031874650305,0.03143292394775769,0.025018041509439797,0.0,0.029187715094346433,0.016317852469502767,0.008411637516439776,0.05387136868719173,0.05432256722437641,0.09757974831839,0.0,0.1698426505814326,0.02224306118467807,0.0,0.0,0.11372227632049013,0.13046679694184465,0.08680460605340833,0.023004931743156758,0.02654415201133472,0.01840128941085824,0.05983911072723177,0.02283231157699657,0.0713309016300659,0.03891695345912857,0.023298580328495452,0.0,0.017772416151291777,0.03502525811321572,0.008452169561532417,0.0,0.24309104521337194,0.011675086037738574,0.011675086037738574,0.07531472835536097,0.052764506479549715,0.05636997943938656,0.03350937302597445,0.0,0.031778777806548066,0.0,0.059654652880283335,0.0521108847813157,0.0,0.05203410613742631,0.15168799394932994,0.0,0.028506225366130775,0.17140034289407993,0.7675957563715531,0.25805637169985296,0.0,0.08109300962934725,0.031841143739287016,0.05073982118742257,0.04462004223336489,0.03297363796330826,0.0731385254094289,0.10892545027932678,0.022968488692546387,0.24892282695978962,0.16793300864855232,0.004079592417778754,0.011675086037738574,0.031033927436419903,0.1307220850107469,0.17115225323035188,0.22069354841817057,0.04853047785526927,0.13267886903841233,0.07812187610833309,0.10635233228085023,0.027616271437824472,0.16105322028537974,0.1428614021672392,0.14439030838634354,0.010613714579762339,0.025018041509439797,0.1186879214521195,0.1425602638713416,0.2812857467378513,0.03757585269823786,0.1517035984776603,0.12370227210521732,0.029157506403489342,0.08445817985579321,0.0,0.009328061423290289,0.03722432070272476,0.029187715094346433,0.05047935532542557,0.02694250624093517,0.019743329033838082,0.0,0.04060899491387332,0.0,0.05569618330932496,0.07018190202920681,0.06398190883940637,0.032779184716835136,0.013470490288435843,0.012972317819709527,0.027007474913303197,0.09869977548437911,0.031592474900926364,0.03874122478331054,0.04776171560893052,0.055060406229982546,0.04608565740375122,0.016678694339626533,0.21337155641451458,0.10231778140346633,0.05231105678061767,0.152770855828475,0.0,0.04869696524118091,0.05646148165791594,0.047288407425377564,0.008748668217185864,0.0,0.19871253216334842,0.030881763950348192,0.05340730847050628,0.020517573271720862,0.07222347037131785,0.11779971369426391,0.11529507438197384,0.17299565797788755,0.035337495671782904,0.0,0.019458476729564286,0.02236906611050942,0.016538860865303373,0.002565335444634796,0.12236000193543725,0.2688015933793341,0.12197008280678007,0.34497440860903933,0.17688276907500228
ig_lora,MX2,0.0,0.3839148855242345,0.3994681287995322,0.4438728234765653,0.27405129540202217,0.2838812493017188,0.11344367707542455,0.23533775242955882,0.4268376463784033,0.424749602163821,0.024199427793401573,0.46018040302349705,0.22317286447560555,0.3223649151095386,0.27921573154179147,0.21483965584478631,0.2573061745444158,0.4444539423657448,0.329567351115587,0.4319159824295776,0.39634637977054127,0.17561261271042136,0.0,0.2900634640012506,0.30497556602825576,0.3038766621166269,0.0,0.20152639635371836,0.3334603186356087,0.26691862420871787,0.30848455002425046,0.12137854534125045,0.3664153335560777,0.16644228452268817,0.35204887557688047,0.4647113894184711,0.20487100887261334,0.27440763828916054,0.39960520468494465,0.2779337496344723,0.3456586363846579,0.34905047917532844,0.23294674617062866,0.35601472950483265,0.34111964993236754,0.4552277730154756,0.3506711071411165,0.23555120014159656,0.0,0.2533717267048595,0.22156272719063996,0.1334227461483898,0.4369537106121598,0.4354042384504008,0.4597899613066605,0.26439707249524885,0.5565406519734227,0.3078316287506537,0.0,0.0,0.1885846198044409,0.4854745744191892,0.3591068412145297,0.19859897252623906,0.21845886977886297,0.12887088375412417,0.12643525264928038,0.19762204962217644,0.3153634333980837,0.3064064832622632,0.2177751251409197,0.0,0.18494131309464257,0.2830659194107495,0.36304701004393486,0.0,0.17464504424462093,0.16428914858718954,0.16428914858718954,0.44354458352518356,0.4301035842569671,0.2937465803840152,0.2709284244114142,0.0,0.2583467168550609,0.0,0.4739207655020638,0.4072605220347606,0.25158091000573535,0.4469506598682769,0.44300343385851004,0.0,0.24625355774983282,0.15964396609981343,0.268903223438145,0.034090863572953406,0.0,0.4438871768774269,0.3584601620958717,0.43449357477838735,0.34195143748218737,0.27518004084272046,0.33292892912993527,0.5005235739943024,0.15771056524880672,0.32806422780248035,0.4104124729123308,0.011829149128662744,0.16428914858718954,0.2970364675235742,0.4552289824757883,0.409154718214866,0.43241878019141744,0.39377837569892465,0.4377441099443641,0.45063512467394473,0.38178981525079614,0.3097496109366455,0.20747019151691565,0.27149550174312165,0.41331666315536064,0.40523336980708013,0.4142550285936239,0.727939288652997,0.7186409679656929,0.3623047981316275,0.2717189557529659,0.32299913772802086,0.6770289345820354,0.19800106095307915,0.266873843717978,0.0,0.15930010579724,0.3441014047613049,0.2532695068411969,0.4028062945270338,0.2406060314991371,0.1807807846833931,0.0,0.3384330906789834,0.0,0.4382233158820769,0.43279312392131014,0.47832730352263014,0.4021170003930349,0.3559564387415672,0.24625281412535693,0.17347269221610181,0.2746625461082748,0.25390239448940194,0.29655265311534423,0.3748184807580794,0.3640161147002662,0.3704458647445663,0.1994939661415873,0.2357877499504227,0.3554595733890441,0.4290590104884381,0.336124572362612,0.0,0.3917303083600687,0.4755803375348628,0.33556248045897713,0.05085518063553535,0.0,0.39629481173074693,0.18798963665158672,0.43499570077754723,0.1668222833788211,0.43751081238047834,0.10765943107918158,0.3854464490625993,0.26207022018968007,0.43449660335927476,0.0,0.206107300123897,0.19774317745844555,0.18115013311299333,0.19058363616674243,0.432826512926836,0.18265895086000622,0.3059636851956061,0.20656567312700394,0.3436509955580418
ig_lora,AHCYL1,0.0,0.3891409021120688,0.048518292952975016,0.45991272196324484,0.417381117789903,0.40917668120951367,0.1725275191548484,0.054624307004985904,0.4724382191614121,0.39581538929917237,0.06826571618349617,0.36516940672922327,0.3950728347066621,0.46909715393398504,0.474147359383631,0.478039096640582,0.0,0.4628411026395615,0.39144600155373,0.43918698758206187,0.04821147813347708,0.44984799014111665,0.0,0.4578406814359991,0.2043540120058412,0.43659227362989056,0.0,0.4702876298531553,0.48168848473506576,0.03907728827721441,0.4423366122639122,0.08883837928624548,0.4217872945978361,0.40112519498203986,0.4573694065721914,0.37983448458240293,0.03884067659820528,0.2976315603418112,0.466330291834395,0.44095012294932784,0.3435774690150793,0.4558753368522622,0.4759000936500427,0.08580658587271571,0.04037575143985093,0.37354008939107086,0.43254342624045106,0.4785005135260914,0.0,0.49922903994502726,0.470792288357437,0.21334410592435493,0.49983981806229594,0.39167877441828575,0.40399847827848256,0.0,0.38707613571888594,0.46121774794935777,0.0,0.0,0.4688176317238859,0.38126469440607946,0.39252678057944856,0.4367347026986092,0.45038266215794076,0.38977357955064484,0.37178800415528834,0.4559817676411139,0.3704278043132589,0.48058787562720556,0.46566191641309446,0.0,0.43598585473105295,0.4797939936477654,0.42821166320427934,0.0,0.055261826657066866,0.5032720483800154,0.5032720483800154,0.40757232554670575,0.48541113700921107,0.3057963354341512,0.5060772847494637,0.0,0.45665061747488317,0.0,0.4578018409927001,0.5037079986014025,0.0,0.46386823960933715,0.39442860441708144,0.0,0.45906850214886885,0.16994828167758103,0.4547185716303602,0.08910680421928832,0.0,0.38680283325242965,0.42053629672041964,0.476309224504476,0.4763721479581118,0.5010713864593263,0.4903633450977081,0.3817586447448453,0.4679705782164847,0.4603761932417574,0.43324426348583267,0.022082408520699905,0.44669227063136346,0.40094569375224703,0.042904518469211984,0.45443920148108435,0.458199165848281,0.46928725369515456,0.4736329213390229,0.4566276003962962,0.0478385962105952,0.5007473758975448,0.07683724739493902,0.39113797819378104,0.4656698381215706,0.43948755658892213,0.45026820942328755,0.4397229615784637,0.40575196246805134,0.4642824149406907,0.4953914784589026,0.44459664062535725,0.3781499073112214,0.4455332869625374,0.40586558152982904,0.0,0.09992697175448366,0.4530774176707723,0.4645624382938681,0.5164209771035717,0.504134593263691,0.41318865026736007,0.0,0.43703367823213474,0.0,0.41574838788391744,0.4948315396946072,0.4918956716784486,0.4688516280470536,0.446890957390157,0.45413714180855286,0.38651479944049855,0.4155874147400889,0.43045018845004956,0.4409450106527595,0.48390477978788016,0.34951066057210384,0.46106469734201116,0.4697970432502271,0.2372412770183318,0.4811237419745914,0.4869536352942824,0.45555015055530695,0.0,0.48735722433946094,0.49598367933253323,0.5036189899353554,0.1775617373794347,0.0,0.4621067317901847,0.3927057353119732,0.4892355186175357,0.48077863706775864,0.47955531507581334,0.04271090228263425,0.46493457445260555,0.40764058891933935,0.40414326306220205,0.0,0.49982998055600203,0.47319946824557657,0.48290355613852526,0.14753678798203185,0.47862190192710596,0.0768764880114854,0.47017019314896263,0.05604699358360907,0.46286354182826583
ig_lora,TRDN,0.0,0.1596431901112092,0.020491354837157992,0.3957202828082632,0.4776886026122387,0.2570460902653203,0.06397030632879831,0.017493084568835224,0.4611578947984253,0.26688181001136535,0.02584108943990495,0.1625789779528093,0.34082770828603987,0.47293878196253536,0.2965388533380861,0.31466915634582016,0.0,0.39814012691303685,0.17503069282981648,0.3602248943713845,0.024418480936241237,0.23265548440056324,0.0,0.3233790400327829,0.06399027843608146,0.24571512328291042,0.0,0.2860476430082216,0.40973521617297504,0.02300879200772368,0.2433335677180994,0.03879607533114638,0.24801996290180858,0.19463732529152467,0.4126995325759516,0.22523071354626664,0.011893719592003376,0.0674067602283146,0.42937843559167077,0.4632544108074206,0.14235141184558822,0.4007661754450699,0.18423237151496397,0.056622223428666185,0.01993736698198386,0.2791413627747288,0.30653923169358416,0.33368236831125114,0.0,0.33434047962405933,0.25255908856816883,0.2481929407144764,0.46776270584627705,0.388569740764139,0.23074747331180576,0.0,0.1776428381472088,0.3265589294070336,0.0,0.0,0.2414809771609691,0.162853952623616,0.24080603009919746,0.24490468203930105,0.2755177672942137,0.18488646678736131,0.18753590848165932,0.26143705574670456,0.10119345349533063,0.39072200420754405,0.40775626348862026,0.0,0.23075732094809726,0.3731713470086847,0.14957968077493958,0.0,0.034379606016655385,0.2178478774701832,0.2178478774701832,0.26051976569340524,0.4639405307600061,0.13790009404515918,0.474550614627337,0.0,0.3179297028856388,0.0,0.41506895204457694,0.4387350308888965,0.0,0.3965810277882758,0.19858456551062137,0.0,0.310261127257926,0.055616172330727555,0.2389090163684019,0.039422454001214226,0.0,0.22870364121772244,0.3030234117531795,0.44394748856310223,0.4059020116212287,0.3631836059462478,0.4057211400083306,0.25466410661382605,0.19958238663164335,0.23950992854087788,0.26084038472007914,0.011790112209508622,0.5684495010098892,0.18934846078560003,0.016172085155173672,0.26850174217331685,0.29668942313606084,0.4737642131706723,0.4175720587680998,0.42286974522901816,0.018094529482450203,0.29827711447835015,0.03151042209882803,0.11985866782479196,0.3862831507536705,0.20228731479374154,0.2853663241831118,0.2728051631921671,0.2354032761599711,0.2867282329200544,0.34209287476184236,0.2746290729937797,0.17687977787504144,0.22878295446946714,0.21504792128736716,0.0,0.19497808503956665,0.30851610236566807,0.32341516740752674,0.4364865406339378,0.3032017194445563,0.21392122032964228,0.0,0.36685838136972,0.0,0.28434844580651386,0.4074564910908903,0.48622515153172147,0.3040219342018094,0.2903683249257111,0.23600186725936512,0.18813264521599316,0.18042898348342995,0.5127754803582327,0.33607902387636157,0.4363537129245785,0.2042978750037733,0.5080881177669783,0.2832022407112381,0.09975773309875231,0.285395277812139,0.4564862436616242,0.2909177537952617,0.0,0.423221055704587,0.49111176338501966,0.40985060584635435,0.11353044917771132,0.0,0.3503525830165882,0.16077528504422015,0.4705774944623542,0.2139153510218507,0.40414141341569976,0.014736192752397,0.3621792439535996,0.18721068740695285,0.31611993894965656,0.0,0.27806864025937594,0.3815752614842745,0.3957828519170571,0.04087461698510473,0.4144491034163053,0.03777248412361004,0.2669194357375729,0.03893357419060019,0.2919913117247144
ig_lora,RGS1,0.0,0.17587273631374203,0.30193844294911265,0.13433272421973041,0.14523772097564983,0.1508264980628795,0.5853823358616524,0.151376285955598,0.14594169292679704,0.24066777434337772,0.006493583435827057,0.18739813986285586,0.046151196268779913,0.07849172865344806,0.3015153109759087,0.037952478973811474,0.28019157374754367,0.11150567285298427,0.03104817396643212,0.23036249654216676,0.10317836306701046,0.03562557736103518,0.0,0.17322277915296216,0.28412007773208403,0.14389117565908444,0.0,0.03573376310780265,0.08113389529593605,0.004885138883298417,0.03875442496974081,0.010906566129794557,0.13276876839855026,0.03396876633613212,0.1483542530019304,0.2805928351081033,0.1400028341910171,0.18397109694710237,0.10331934099437025,0.06879921926582017,0.22230941570070722,0.10551754948083474,0.033220602406938346,0.08463109604299246,0.10263186236476672,0.15297626251105487,0.14491732318867023,0.046588762238236395,0.0,0.39229177853078634,0.34350996196535133,0.3338357456085442,0.1091713545687763,0.14997031914995215,0.14346757538343263,0.28526784140807415,0.2038154852831537,0.2700743993032633,0.0,0.0,0.040165739906385146,0.15787890494118573,0.055948890902459324,0.0418654845711733,0.04709867014256996,0.027694414857057963,0.02861254478478692,0.03884216146499985,0.1543998281433257,0.07249761203151113,0.0487586149277718,0.0,0.03791982292424946,0.06452565824896506,0.2771572352787114,0.0,0.006125323974826027,0.3844100360209716,0.3844100360209716,0.19807565102652402,0.10810683301041926,0.15978056336805838,0.0668945981248309,0.0,0.06660249646267744,0.0,0.15348425652772138,0.10186291821296221,0.27311918814093844,0.1018305809894072,0.11433255473783042,0.0,0.05661708331078923,0.2448000855722543,0.029927607587874477,0.0064411615589504145,0.0,0.23694846751383072,0.15130329064225503,0.10376040179046651,0.08418945735614543,0.3605256915848253,0.060027171979288536,0.21183307351450387,0.03210072689814694,0.03984551141249294,0.11378988498422253,0.0031531694454368067,0.026274793135715638,0.22887336873979772,0.24398167078619196,0.04964747282333537,0.12090315854617462,0.1309959182860488,0.09151614126445383,0.10029841405546347,0.3030113399667047,0.12936009118899247,0.07908349958554747,0.09159069764993706,0.0824122958268262,0.30019175211321675,0.240346800940907,0.3323321440009851,0.22117171458988188,0.0423173857340437,0.06293994703136893,0.053004239177372584,0.5237672600856207,0.045407230893199944,0.05232329510148509,0.0,0.2030587811186874,0.13089830631032826,0.05592223714910305,0.10371852054867248,0.4859111147746327,0.045774344613796,0.0,0.08308227876134938,0.0,0.15895887498861844,0.13096957357159084,0.11747946736430474,0.1977765368630842,0.24570088106987656,0.10812613006532312,0.0442336377009571,0.06121903806709216,0.16424485612911202,0.07513600273847691,0.09322469186613093,0.26282007714136457,0.09558198187236036,0.03415723107643033,0.13014394235562246,0.14294796764382825,0.13814566550475718,0.1512315062464929,0.0,0.21427674479580516,0.11809718766767452,0.08369884467145702,0.01844713604834643,0.0,0.06979012259516693,0.025069769844756392,0.10877000174209568,0.036054082465854634,0.09903366126669423,0.003665084350585536,0.08021317712005856,0.1646317583914559,0.2132888710070735,0.0,0.522206655572452,0.315190433044791,0.35691100585240726,0.17707990719745234,0.0923261517610963,0.010642815045782409,0.06094594308750174,0.008115578914644383,0.05495192880429838
ig_lora,CARD11,0.0,0.34356463809530424,0.09985755184696718,0.4589340968646523,0.3406124023707093,0.29844006240614285,0.13524134946369787,0.1542487186940943,0.450275572718998,0.3825473079470349,0.038912546028824845,0.44484782091341263,0.30919650999753684,0.44897064889068333,0.3428491590269653,0.4607823712103548,0.07425751791002339,0.45303446216270515,0.299873826365271,0.4256204761175526,0.08132240878250684,0.3947571474204958,0.0,0.3851261006142761,0.20651488061463166,0.4303821858806657,0.0,0.4411310826539676,0.4739880426472874,0.03517986274982495,0.38349087399266646,0.06929907770336247,0.3918109042633579,0.31649568974576187,0.4187230274591786,0.3697235320493144,0.09965445400478014,0.27260037891796557,0.4546301693409995,0.3974220643103557,0.39531648788275553,0.4758545629274667,0.32464506636725193,0.0977935597651637,0.06960539183134984,0.45198776611601954,0.44823127032660953,0.46278323051898096,0.0,0.44763334493671364,0.30970042568136597,0.13390331260825158,0.4853520618198449,0.45150462395820007,0.4375761612032551,0.0644517481669217,0.30601535770345456,0.36845279230198535,0.0,0.0,0.38765266835998546,0.44030883005998456,0.28114475736803374,0.375089722167083,0.4018818451790175,0.2914416392930752,0.2696555513868654,0.4097235645204892,0.29820774248012855,0.47056435005252706,0.43199651132041444,0.0,0.3712855808421629,0.46782539597671885,0.3636868404859507,0.0,0.05114076995461924,0.38705719181669807,0.38705719181669807,0.45459141496815775,0.4838955466847717,0.3483740132641069,0.4335521097267217,0.0,0.41890473467488565,0.0,0.45206651064581344,0.4630363696217936,0.05558605531396194,0.3995673613978943,0.3467165065252968,0.0,0.4217351937297102,0.09100730320937786,0.4046381493635789,0.0592683717159366,0.0,0.426745521072794,0.44486882886672774,0.4849402793226377,0.4639485777638854,0.40895358206253385,0.4166807599952231,0.35409277333732214,0.3584901990861202,0.3764164197758619,0.3964160899961835,0.01893702725807343,0.38705719181669807,0.3683999353497766,0.09560019446489255,0.40782429918198104,0.4486706079781055,0.4398683419192189,0.46122783693685865,0.4434507969215397,0.10196425740494304,0.4767886290655184,0.08171336202407192,0.3140535776689655,0.4444149817868553,0.41876240754884464,0.4373074327603104,0.3933244652845688,0.3520940340721925,0.42854775763940517,0.4399247637319482,0.3790072645343595,0.3007360877026535,0.33388582458924826,0.30032456794450046,0.0,0.08078941643147362,0.41923710710454276,0.43317166294140635,0.46282373572734464,0.41770124640778467,0.3361312987396241,0.0,0.4068929192692025,0.0,0.3712773535426616,0.41188842886714916,0.4927816812065553,0.40642960622183993,0.3726765631921405,0.4472858431421911,0.26211354272749565,0.3417913164326566,0.3593870708702718,0.4014617936854018,0.479817573281609,0.43133113001983847,0.4430374823645422,0.4398377179735205,0.15098827934410214,0.37538643714264963,0.4744674602980134,0.3925357641819868,0.0,0.4512489084006192,0.4980538526381937,0.40922940020921245,0.10834507149014098,0.0,0.4328580952699011,0.2973059508157321,0.48989164695843196,0.37233843161603075,0.4339132108383367,0.029479279723282494,0.41533363673789486,0.32244242680170687,0.40110255414080564,0.0,0.4242179613090659,0.39090590719196505,0.39852266129424463,0.21960669172155103,0.45512341096650977,0.04992178298848963,0.35573343962669957,0.0532107554882305,0.39974975197014984
