method,gene,A1BG,ACMSD,ADAMTS20,ALAS1,ANK2,ANXA1,ARHGAP27,ASH1L,BAG3,BAP1,BARX1,BCKDK,BICD1,BIN3,BMP4,BORCS7,BST1,CA8,CACNA1B,CAMK2D,CARS2,CCDC62,CCDC82,CCNT2,CD38,CERS6,CFAP20DC,CLEC19A,CNKSR3,CNNM2,COL13A1,COL5A2,COQ7,CRHR1,CTNND1,CTSB,CYP17A1,CYP1B1,DCUN1D1,DDRGK1,DGKQ,DLG2,DMRT2,DNAH1,DPH6,DYRK1A,ELOVL7,FAM171A1,FAM200B,FAM47E,FGF10,FGF20,FNDC3B,FYN,GAK,GALC,GCH1,GPNMB,GPR65,GPRIN3,H2BC13,HASPIN,HIP1R,HLA-DQA1,HLA-DQB1,HLA-DRA,HLA-DRB1,HLA-DRB5,HSD17B1,HYCC1,IGSF11,IGSF9B,IL1R2,INO80C,INPP5F,ISM1,ITGA8,ITIH3,ITIH4,ITPKB,KANSL1,KAT8,KLHL7,LAMP3,LDLRAD4,LRRC37A3,LRRK2,LSM7,MANEA,MAPT,MCCC1,MDGA2,MED12L,MICU3,MMRN1,MRPS30,MUC12,MYLK2,NAA11,NCKIPSD,NDUFAF2,NGEF,NISCH,NSF,NUCKS1,NUP42,OGFOD2,OR9Q1,PAQR3,PARP9,PDE10A,PDLIM2,PHF7,PKP2,PLEKHM1,PLEKHN1,PM20D1,PRAG1,PRDM15,PRDM2,PRICKLE1,PRSS53,PTPDC1,RAB25,RAB29,RAI1,REDIC1,RERE,RIT2,SATB1,SCARB2,SCN3A,SEMA5A,SETD1A,SFXN2,SH3GL2,SIPA1L2,SLC2A13,SLC39A8,SLC41A1,SLC45A3,SMARCA2,SNCA,SORBS3,SPPL2B,SPPL2C,SPTSSB,SREBF1,STAB1,STAP1,STBD1,STH,STK39,STX1B,SV2C,SYT10,SYT11,SYT17,SYT4,TAS1R2,TBC1D5,TEKT4,TIAL1,TLR9,TMC3,TMEM163,TMEM175,TMEM229B,TOX3,TPM1,TRPM2,TSHZ2,UNC13B,USP25,VPS13C,WDR41,WNT3,WNT9A,ZDHHC2,ZFP64,ZNF184,ZNF396,ZNF608,ZNF646
attention_zero_shot,CYP4F12,0.1692835433118066,0.17812000631577382,0.018450317603766433,0.26338450917496325,0.3247802508473788,0.39562034434795,0.5319694629224592,0.1937006707296715,0.3942122084357728,0.31867742865063964,0.24490004732168663,0.1692489605806198,0.2284560751737784,0.228226912909721,0.020455887343384254,0.2961032547793653,0.42867025875246145,0.21512608571809538,0.28148486647900883,0.4637465436590727,0.31817356306025874,0.3588535680438138,0.194562781614822,0.15827383087271463,0.5086762245931795,0.7409442595914367,0.0,0.019449537647830823,0.6291869784337891,0.42922332607429603,0.292384451082862,0.016253620484889087,0.43060752225242027,0.492511888172401,0.41131486441891246,0.24483265841780774,0.7658977571420195,0.7564788184375864,0.326597947750402,0.7924021473922879,0.38871191206658334,0.29689041846464354,0.27103184303530536,0.147046274243302,0.022762473959914604,0.24500705483589746,0.7894870550928085,0.42626755288344037,0.0,0.3783931335935455,0.09012572954261935,0.03352811378311345,0.45275711191881546,0.14921557514743722,0.33185694996767984,0.37631811346579214,0.3166924906944831,0.5193432664551638,0.5161146525950971,0.26032441768525816,0.17570865940223154,0.31188416713389006,0.26517583988863064,0.49062123907933375,0.4906664338084214,0.4376700225405436,0.4394799231208342,0.48007154303567384,0.2991278831815163,0.401163274248849,0.3041946030111438,0.3431056540011837,0.4416157243195042,0.09812534471072498,0.32769136003982047,0.019449537647830823,0.37633449311867934,0.0823308564832854,0.2730713639880677,0.563699604049967,0.18416171370738146,0.14376942955124133,0.3442526831331246,0.4198534637506325,0.46154233225582547,0.3791682974556428,0.27565970978841936,0.11632125372936465,0.4557346182495024,0.2475839048854093,0.08189708539632723,0.37696818519080283,0.1922712589821534,0.38672621177025307,0.044550507794747986,0.3210732039374504,0.15769317741029798,0.3944670435178398,0.24810326944598962,0.249706099533353,0.40172498853845645,0.3137977080994906,0.30879412814024654,0.22079291779057456,0.33006785664842825,0.14630549348139563,0.0,0.42072947226660334,0.4610389464906989,0.413268105264158,0.14226318899728033,0.2766842570748593,0.31937646067125053,0.3402752335609651,0.36638976179535904,0.39931948833627684,0.08339882265298125,0.36314508787466765,0.2975792110579041,0.28865757589556706,0.3877728698731274,0.019449537647830823,0.13517669228777968,0.3842941786545112,0.32584171798222983,0.38708880363234155,0.04158191999965963,0.2248357676053393,0.4177286408067502,0.12169669471080721,0.5038948115158752,0.39768604686376485,0.4750181251926756,0.1540912078087896,0.4609403820857721,0.24249604609839162,0.19314768805694105,0.4610176030934164,0.6250851695867193,0.4807062104908943,0.43169022856181055,0.12998651640869327,0.30806920408167143,0.2810279546765286,0.3433048176663138,0.5054739588833319,0.5572858423721064,0.35513141809394805,0.44759629502592185,0.3705449268522825,0.570575464778364,0.36712095982091003,0.42633289591896784,0.42085792721286414,0.4332517054289232,0.3716859596475884,0.262473304276523,0.31883120862172354,0.28693502133661947,0.42870837269482853,0.36959098430277565,0.2503879051491578,0.3047546070681165,0.5661176204950487,0.43169022856181055,0.430271621722831,0.40769077683993976,0.3791682974556428,0.17780815318580945,0.11678582798333408,0.47288727851543527,0.24490004732168663,0.31026527058251513,0.4162116233299407,0.5095509695123014,0.48101450157065895,0.31191341733690386,0.020579734682506994,0.48969128444721727,0.3791258089189091,0.2938133673249009,0.43449388613019335,0.194562781614822,0.23499820542263195
attention_zero_shot,CCL4,0.6513603049613034,0.021212340180198668,0.7634611123262874,0.01795802277984188,0.016594052883338213,0.22315476359674905,0.022224475848192718,0.018181979726897557,0.019193139632056835,0.01845767853066211,0.020757204971321382,0.013364200746676868,0.01792448205321267,0.019385868229650778,0.869023136295553,0.015902561834178486,0.3913267986400495,0.021486138158309076,0.01669589670019942,0.01731362165334703,0.019526495287082973,0.01900288853792319,0.021261734437194955,0.017335674577482797,0.020341032595099104,0.02089320855835626,0.0,0.9302200607249376,0.02178733515093306,0.020028399753312782,0.2979922365520271,0.4900349721500342,0.01695971583966748,0.02011640550394937,0.01817738517313137,0.34430921651010976,0.01791910110881774,0.01778966504372412,0.01934012380584491,0.01895197067804148,0.019013877036220508,0.016827189814041833,0.020796014930234735,0.3051510402607021,0.01998024927870183,0.017457477959296402,0.01975434769367208,0.022123435978192867,0.0,0.01998284900730676,0.8517769516339703,0.924575750646882,0.021910202395873272,0.018747764831285943,0.01895570361242597,0.019344590402915866,0.018624626042288973,0.02026772388628324,0.01974042445089338,0.019803748672467748,0.017152879814356013,0.019228751736124497,0.01655710985352351,0.015508583172998977,0.015480823605683314,0.01428026442131786,0.014463385894743587,0.015187602279063076,0.021184960382387628,0.021155601963649025,0.020634700456043095,0.01896532752280576,0.4990546159324247,0.01522415635188442,0.01563929586347193,0.9302200607249376,0.015635315955715195,0.7991290707598326,0.5641653755283123,0.0204643710733536,0.013678736835862772,0.011495509791751206,0.018084616748658897,0.017516629438749584,0.019510396062470032,0.022937502545808845,0.014330970193518429,0.011696209340753978,0.019483940042468915,0.16100970779036172,0.01329855847484208,0.5661621559658684,0.017718112030995794,0.016364911113613136,0.6743382613273883,0.014341639766566997,0.015112983825865633,0.020300702632796486,0.014905415574530526,0.018619496858335017,0.01788952126411407,0.02067772932263374,0.01871049107867969,0.018448162627128836,0.01976698443705975,0.01852294912581922,0.0,0.02249654982168352,0.019804986086309314,0.02000310634550658,0.02015285284921939,0.017910636919141645,0.019367625323802803,0.017317236173166703,0.01778485380635222,0.01921077276448962,0.8649573948601189,0.019785201823280158,0.020677407503605236,0.019986319389909774,0.018794016655911627,0.9302200607249376,0.020606730645317557,0.018645912675236957,0.016743850322215585,0.021080001924410764,0.013820254117055206,0.019018211212126417,0.019258850546059837,0.01767716740307293,0.01682072186294286,0.016793160614601392,0.022102774215963468,0.015004870541178971,0.01852038351790265,0.018458965296886218,0.020678778113780074,0.018344408163741437,0.018672003083434485,0.019607063462173883,0.022717026183746186,0.0141326032982559,0.1443031810761507,0.019094198068238474,0.016688257600298993,0.01675042186049977,0.015736654310807424,0.01862102148161482,0.021556819228138735,0.019134481757615507,0.018116119738683427,0.020439339906926715,0.01967211821012152,0.018254794114746193,0.017206691069510862,0.018732685592195472,0.01447482691582295,0.01929148658832344,0.015673038826594182,0.0188475826187433,0.015446581476222559,0.016888096972493435,0.018842488872246613,0.1315537253084335,0.022717026183746186,0.016846906046791604,0.017153592635002022,0.022937502545808845,0.020564987944948602,0.01646943248248689,0.01838560111748877,0.020757204971321382,0.018729732428847568,0.0208215023134526,0.016499548231794083,0.018456493185072136,0.43869031279516546,0.9302200607249375,0.016651720609934115,0.020407327735708525,0.021261734437194955,0.02105079839847569,0.021261734437194955,0.021261734437194955
attention_zero_shot,IL1B,0.677080433950733,0.2181427477422947,0.6258895926783908,0.16475296491303323,0.2835026944731436,0.5318364057661424,0.2329158933032238,0.0876288934634037,0.2906604678940775,0.24556645490367443,0.07963256645844678,0.0739792037343307,0.27825267258572683,0.09428862086391718,0.6834839478799364,0.13152496382078593,0.531678927872083,0.0712965635700876,0.021403591134156862,0.18987559733465575,0.11777873736164289,0.24146385204469648,0.06507548620791474,0.09084399305528856,0.07722787580265386,0.050960455905752516,0.0,0.6735513362367072,0.10656330555525922,0.02314593623817095,0.41223441356586815,0.5127763362613534,0.08997448077971794,0.086601605542326,0.17674390873935575,0.6353240009806767,0.05370550019536105,0.06484196410043876,0.33673747786069547,0.10148859707593404,0.24557032070359636,0.10766961323158812,0.08695114456564397,0.48737753185354243,0.1534175233007319,0.22137313911563336,0.05882954894515033,0.023991081304836882,0.0,0.1652675681501682,0.8264082492513952,0.8890003009549842,0.06855383194410362,0.5343467655672817,0.3491671189947433,0.20525702762532402,0.34091295479429606,0.09397487643676784,0.07232140324187109,0.02071829401564181,0.20722731569130423,0.13890627587009904,0.3218479116520034,0.07544827570938777,0.07598818584431272,0.10918181072913981,0.08904565486393877,0.09017346711241025,0.28173365645162474,0.21259071516987346,0.02323317682271666,0.025499501596054314,0.570139763866403,0.17716096735452425,0.19536381151378324,0.6735513362367072,0.038917422439992126,0.7183606937374728,0.6741523127726945,0.27272770735815227,0.09758412733235604,0.07701852990710924,0.23641367468475,0.1810807104910313,0.0859458830569095,0.023876436425552282,0.2823738661904147,0.1555067589311544,0.05511801933939952,0.4450076257306947,0.15836498862342713,0.5633530786076385,0.06920949625457959,0.05513995562713914,0.6637178300053359,0.06085876124975165,0.019680752951842604,0.1617824106020137,0.21575216384385787,0.20081548445686992,0.07851761368842668,0.25440955984556124,0.2875494831093236,0.3641949891159267,0.15410005702433147,0.4331022343532101,0.0,0.02404972568580804,0.060301297032303594,0.3247536273534237,0.22451509748313805,0.12189506785798203,0.20477032847504026,0.10779660768898419,0.200290932586346,0.1883665806112373,0.7439329512939534,0.2596542131928145,0.09945332772240074,0.10663650499145214,0.2533200102318746,0.6735513362367072,0.21944477497944032,0.15449604424658467,0.3120340332286143,0.14775244232332194,0.021432942330201495,0.08659393575440005,0.1938445184757884,0.06171454782024897,0.1108209597975414,0.03332470456186645,0.09084225363222884,0.09815227244106013,0.05816668655818818,0.4211319708871393,0.06956807905000342,0.09190894903218552,0.08876913281334796,0.023128432718988103,0.024191642788692822,0.06800281758978051,0.5050128798009831,0.27750244214642805,0.1010983599498376,0.044147760560350316,0.04672414866197122,0.19583155224694976,0.023830960367027292,0.2564948548507092,0.05672891119391807,0.2562994804674973,0.30148467307770677,0.16546778580285873,0.11960844696843452,0.15377406951573808,0.23745064031602348,0.0842299318918634,0.1402882394109594,0.022960734812837665,0.2801519287322097,0.12452643549581245,0.33571062757394504,0.4106627600682732,0.024191642788692822,0.1445919609131483,0.2459836054174539,0.023876436425552282,0.22050022217300175,0.3102991939822077,0.14255003552225892,0.07963256645844678,0.2915671851308709,0.3566341731839836,0.284761790242972,0.158624524534311,0.5459490217013719,0.6955515126214126,0.11206246525912471,0.13043381673523038,0.08896142567871772,0.1673138728910831,0.06507548620791474,0.07353508977049081
attention_zero_shot,GPR183,0.3991292367651949,0.02769967229418197,0.02017807311772525,0.3901892312491935,0.33677004498765406,0.27560110309283276,0.5977349009008592,0.20319387566951924,0.31784255122663857,0.21612631096280177,0.027242292652678062,0.017164738257896536,0.2660297504668551,0.025884577989307544,0.02096780450020749,0.4215488946718095,0.6555182649432582,0.027594922075216178,0.5732843816017329,0.5207153823320693,0.025952735157111724,0.025749040645130537,0.027223697974024956,0.42423324399810064,0.6623767627083678,0.5519100562527477,0.0,0.020847165491738765,0.6388888442744941,0.670849877121468,0.4917655505310482,0.016753291326669445,0.3232459639452652,0.6751954771073487,0.45568417707688685,0.30989081102260063,0.43483605956722615,0.4204071227336031,0.08115370406400593,0.3971854913669437,0.3648669165247205,0.44741185228294905,0.027448649909553004,0.018344226482228103,0.025147358595524347,0.10434154191222893,0.4977159492616683,0.7779358797373296,0.0,0.027061987171388316,0.1337204316840594,0.023355833641264576,0.5372614306097514,0.1763053578278376,0.24825665570707148,0.4542344934018414,0.24504293785017803,0.7038519946856496,0.7049685515201629,0.707127771875586,0.1916059752920805,0.11296337895309042,0.2722631221913146,0.5005836334139546,0.49519686758008974,0.4256067731427712,0.4368616188776971,0.4720697114208955,0.028301063522927,0.6155989409032282,0.6578883019913595,0.5881769800659142,0.6620592180288295,0.161409861558215,0.3079963472259368,0.020847165491738765,0.49922711985852447,0.020565201520842895,0.44301700170075153,0.31957777291667616,0.11083050264642902,0.12122913964954637,0.5092059525856893,0.482896646873324,0.518602419182302,0.6015215670523782,0.17605129958016658,0.11401971314198052,0.49427334011208657,0.23829669119396915,0.018305096224919118,0.7005365339433156,0.02441769723020424,0.4079600023175853,0.01904670481339925,0.2086878169858795,0.3707195008244149,0.027229250355919894,0.07737219397242241,0.5579932143143751,0.3871107941081716,0.3800969919444499,0.4652353797831548,0.3054567104163192,0.10592965601854679,0.22194449337295966,0.0,0.7685053620769177,0.4894183595319046,0.3052597960014985,0.026808855994199698,0.02456203138253105,0.5255915529354838,0.4027816870535482,0.45898329921120806,0.5055868070546408,0.021217116750207744,0.026946937894195028,0.10654226445609584,0.16039252648131913,0.3216735034420334,0.020847165491738765,0.19261885448692487,0.5279782254252378,0.33930211415180006,0.14150500426847018,0.016174665804801047,0.16464731473012634,0.505092859838319,0.2032994134508641,0.5347738893141746,0.6110803800419409,0.7291697387523316,0.298536728166855,0.46394043884903463,0.2644410818958145,0.026918659536226474,0.46432425674545186,0.6416214907637846,0.7162704878211683,0.7624119698696528,0.197402213776364,0.19833251328073256,0.02615508051840239,0.5039618697823438,0.4104493704969515,0.4405854358687519,0.5116305434879511,0.7481132576952738,0.026188935454216862,0.5303946063994303,0.09989272363990091,0.3803649215039192,0.4899661678475149,0.5494780752669772,0.5578198965958936,0.23925976662062678,0.5756341593903737,0.3823098026062375,0.6996230151039844,0.317440846758344,0.02301596457446422,0.1463529037731246,0.34952613031929786,0.7624119698696528,0.518572875219467,0.3820417428678101,0.6015215670523782,0.1783492126745401,0.08373117957738622,0.5911884334325983,0.027242292652678062,0.37686438807910366,0.02847531569865213,0.33244081203134684,0.19994066164443847,0.4189194582001037,0.02117721871080246,0.42579840791458085,0.0273372664920452,0.027880261733904455,0.02837886702443238,0.027223697974024956,0.02746990938397977
attention_zero_shot,P2RY12,0.4163630346479746,0.0260821836996884,0.019247756777707386,0.328441821902195,0.39018701726296307,0.311523505830023,0.5880322597636798,0.024147601624018442,0.2914354694621287,0.025272608830005986,0.025742674411157823,0.0168506105107274,0.2894311425546071,0.024824206887128088,0.020028742331253478,0.4274177821712654,0.6388246852185357,0.0258418721760147,0.568466494904898,0.47598903043897345,0.024878732621371434,0.024858296133627045,0.025503785665939954,0.023893470481051997,0.7513656795145364,0.5329352160443099,0.0,0.019713240665526356,0.6499199282891112,0.6871279631182475,0.5253998199599547,0.016692508589849192,0.33801811431158413,0.6750179131965083,0.46208821005425854,0.3509929035893987,0.43746532065317545,0.4246165797124837,0.026074111156054902,0.4054289319260507,0.3812736185461177,0.4819538840782487,0.02596852466624716,0.018631213148405303,0.02361111383778615,0.023768718992353756,0.4903034389128687,0.7294785378670713,0.0,0.025982109722558645,0.1892112835210245,0.023275219944669977,0.5189960950791253,0.18617261132869994,0.2720801737645212,0.45405706371738247,0.1480769815413522,0.6818365285848774,0.683397211957991,0.6616971267547552,0.02332187221592599,0.025431070747793622,0.32587172029311307,0.5030980719165465,0.49804594548804426,0.44879505162370903,0.4597435459679527,0.4760955865494226,0.026816767168212248,0.6046210811933629,0.6353787693451056,0.6201515589356151,0.706901222361894,0.021392926365813407,0.32710747090263864,0.019713240665526356,0.6216444314937665,0.019669097461003645,0.45482453345271556,0.33923411324788133,0.019676924023223012,0.016896107781694543,0.41885657758380596,0.5389234715175606,0.5060328937951037,0.5662166432705908,0.17958821827962548,0.01799479973467548,0.4863824837768529,0.2692133281512062,0.018388106146306312,0.6706911694850031,0.02353212147183048,0.41503514057559876,0.018536011090683282,0.21239700466925404,0.39102428430530745,0.025951071917937274,0.021287822107526017,0.45292472901854164,0.39777693815021997,0.39189439440000173,0.39710152187874515,0.32887526465483136,0.026233283057687077,0.20007433494178128,0.0,0.7199912917906509,0.4827188276128244,0.2484547034026184,0.025563629291041813,0.023875943640441263,0.4305810481122482,0.3655687797285428,0.4021450085498132,0.5104348353114029,0.02019062964449552,0.025952529235478663,0.026306736456891078,0.02591234853305458,0.3385411167403459,0.019713240665526356,0.026136329871527277,0.5534748846028323,0.288486810264301,0.026992900205531394,0.015406484386628606,0.02497533280878513,0.4561403388010031,0.023396622229232326,0.5355994166146367,0.6197355102875277,0.6924039187538834,0.021122460709594754,0.46215718023567404,0.2815691036558314,0.025410103093889285,0.48898641081325167,0.6877466642822918,0.7238932663015459,0.7152225500632262,0.020114023396765792,0.2150155962364709,0.025440675641480323,0.43846514707059536,0.41693293362906053,0.44284533788663033,0.21130787723287728,0.7075587339082372,0.025284707554893218,0.5323611896047802,0.02638789483046426,0.35101821000151207,0.4777301218085372,0.5489855233018717,0.5556683004173069,0.2681314723172952,0.570411138592049,0.4004243399566656,0.6762468974761217,0.33579220357057743,0.022647291529607563,0.025283309588316944,0.37544502047022454,0.7152225500632262,0.5222906201556649,0.39251220526502495,0.5662166432705908,0.02625389312588636,0.11609990410996908,0.5864126214875455,0.025742674411157823,0.40639717469899966,0.027314640225087148,0.34754082142353737,0.2058011988219671,0.43140658693958994,0.020116273400561668,0.43799659473555125,0.025986357689318215,0.02624195456168282,0.026986698355499862,0.025503785665939954,0.0257732758977191
attention_zero_shot,CH25H,0.14350501004112384,0.3333170711751094,0.018036471460808383,0.33712022097454525,0.37412513333752995,0.2423277857503397,0.41916250296799795,0.1250932054476199,0.3324304877371128,0.1534063615868888,0.15860127083440098,0.12019668796127517,0.37374783342619455,0.042527522386651924,0.02013236859912459,0.2826881520105593,0.43343857727365726,0.024332877898173278,0.2944573649336488,0.42517524397196793,0.14920452784912835,0.15181694693095335,0.1251060301615265,0.07864343531987959,0.4848410127288731,0.8064126997754544,0.0,0.019259882364708294,0.3395584204439599,0.38548816803019753,0.2584070265099844,0.015583636463868539,0.37039814400410703,0.4705771887881027,0.3394579688066087,0.17541162890368614,0.8056399390193795,0.7656596859368983,0.34077023204555645,0.7560468568942197,0.3583793798305399,0.3017287805376543,0.175595924724422,0.06947511842700027,0.29654863043251556,0.1761625757776653,0.8446562346684933,0.4748068893638263,0.0,0.10582962105835414,0.05706326612621871,0.022990491483240387,0.34352595714169315,0.649866320827162,0.3926236963408742,0.3591578761031439,0.42410347315025626,0.5246712674346572,0.528599538179018,0.28701106813986677,0.18624366887604704,0.13423151590036092,0.40433320248993104,0.48929705726321876,0.4893255791226048,0.429937506209216,0.4347750406847462,0.4757261706045079,0.30086826466518435,0.5683462962813826,0.32595927058293517,0.2806615395972921,0.37864180446210277,0.2087476772199777,0.2410508927602285,0.019259882364708294,0.34600682602204347,0.056057793666800144,0.1655345009335266,0.4807013885695799,0.08603257763268805,0.09080192353660206,0.3255090295200056,0.4010026606339598,0.4763763095684617,0.43505327659110915,0.2855922104907574,0.16053352205902136,0.4570074409942835,0.2367309743513625,0.17429321774969112,0.40906698086805654,0.11990933230041893,0.3713615763280692,0.03497977857452876,0.2933392780683305,0.15569403337630566,0.07584661633278077,0.15158835744561597,0.40549510877594275,0.35974233514448645,0.48389869785065837,0.3859524484011586,0.5557503423335346,0.13361510658474424,0.6411944922261997,0.0,0.4734313837744018,0.45476322594281393,0.3589696106593152,0.3229339965349763,0.08794773221023784,0.3964808178598491,0.24254394996356557,0.3418555944287982,0.5307213265556839,0.05724309408382715,0.20006559176690375,0.19087750094761358,0.18839009093249953,0.4724521328959921,0.019259882364708294,0.29939398385570026,0.3323456765908704,0.3138804637242109,0.1557694034776512,0.03366748628369071,0.14166514983569825,0.38212397814193927,0.07658698109160154,0.5035724495067437,0.3592476355423002,0.491844253955441,0.05348949513517206,0.45295062897084737,0.5701933911563684,0.023253141262917228,0.33634542695961117,0.5067986367804053,0.44895632732650437,0.48682786369076614,0.08022256892996929,0.27789227555509677,0.25272990133368134,0.33430908943544346,0.5219660214919613,0.587164731498503,0.34390969757181655,0.4956009176703603,0.2350094470706744,0.5890413641845749,0.23083458753609343,0.4174495366380586,0.35288101243590675,0.4291480882122303,0.3553181169310415,0.19797827933099452,0.3200544680035894,0.26565355544146857,0.45451232029623045,0.34421265278783736,0.09653353829033655,0.23566536147060738,0.5092910993408148,0.48682786369076614,0.42403995999767174,0.3830784388434244,0.43505327659110915,0.34677123474259675,0.4057152927620318,0.4696131858868867,0.15860127083440098,0.510651915304832,0.45303325219875623,0.5047645982427322,0.15139505239948572,0.305552161692442,0.020363168419038458,0.47633298004340674,0.1716513975812088,0.19291995668588813,0.15575699977758814,0.1251060301615265,0.15416914152911004
attention_zero_shot,CD69,0.22210548846904674,0.023523773351692614,0.01688452357963283,0.18886535743706284,0.2454346637057814,0.21919390500451746,0.410173655362459,0.02253105870318598,0.16381059354789865,0.038878522333122764,0.02343289098409317,0.039294829385928515,0.14949646845402428,0.02182561697526259,0.01886842739193261,0.38037356592294536,0.6165992503275493,0.02242121211064089,0.4521842063141956,0.32860399804348345,0.021922984357839986,0.022546891852814346,0.0221320992968097,0.04072057700089244,0.6745572314794154,0.44096450000896503,0.0,0.01762571642424521,0.4552850930496544,0.5201269317514239,0.38684475588131095,0.04558210662029545,0.23958698987092897,0.5776486897467539,0.3958221211401783,0.24057701980706409,0.3362265877434816,0.33279280327747424,0.051568657915513454,0.2844667638464409,0.2649081020958287,0.3435041340372589,0.024027520949416924,0.054426572010714866,0.020513036161484595,0.04403233499029816,0.3930134237036042,0.6302609523838233,0.0,0.024442987218538593,0.1143047565522901,0.02290864158980565,0.3912551724835249,0.1448874192650391,0.13930750115153454,0.32186762747465447,0.13299485368883002,0.6092809000494231,0.6142924736394483,0.48477227186067984,0.05128802167900897,0.023960039235343778,0.1731869101738812,0.5154421237108137,0.5098285772963472,0.46015872355051973,0.48572102600611156,0.4844181953108538,0.025479294123266164,0.47779914620798114,0.4693126218434022,0.39703151421440963,0.6259444285808847,0.05500217868208335,0.1921568806400995,0.01762571642424521,0.535170094726969,0.018143324770820694,0.2525964705105306,0.18661355362653845,0.06214936188379884,0.06995364141004623,0.2803816456092093,0.42216711492697984,0.394333808110341,0.4648701391664825,0.13957784457681116,0.13682547736673512,0.3602730974120395,0.16682133511503527,0.04275855509479233,0.6614626201069657,0.06040849168186583,0.3066772383024736,0.030003201789409635,0.21950734789298695,0.23437349054088152,0.02397875568945621,0.05478742487690145,0.2971244514505884,0.27144876574381194,0.24534390546912355,0.25163164578598596,0.16916928772481885,0.025252526728429,0.12189695241006027,0.0,0.6038089319470801,0.3619725142830423,0.1611466396587498,0.02314601412510852,0.03889122423509604,0.2647620843158901,0.2815555106681295,0.26123235740133144,0.3871245239982503,0.01907463224134191,0.024544495286228152,0.02496219154303421,0.024619799243859007,0.22556088951759132,0.01762571642424521,0.02429986947567888,0.365143940593422,0.17476944702517694,0.02592674536649136,0.013788069522268367,0.0423275645539795,0.34307326509024055,0.02106949287592988,0.47102396482107045,0.5149237710896765,0.5711432457876481,0.054938273713925186,0.3485719626343494,0.19400808411208675,0.021856563044714894,0.3587211180678621,0.5402266615253828,0.663043204346068,0.5946688436361827,0.05733094934716101,0.1540427688369743,0.024183564839043097,0.4405275587841243,0.5052345459949266,0.3439044544958477,0.15532305498071897,0.5982054157061371,0.0873613710371403,0.4042826917467274,0.02501124530882986,0.18431430751921382,0.3537194400640278,0.44333224035027746,0.37779378801566044,0.15480352507479403,0.40154613840830056,0.2560294932420571,0.6245521979991109,0.22794702407658526,0.019650640270569248,0.02405230528654895,0.2853799510035297,0.5946688436361827,0.37953479191135686,0.2653724722605768,0.4648701391664825,0.0249542463457239,0.059618799993256456,0.5090192784751938,0.02343289098409317,0.2687093129404802,0.026680488396888573,0.2296477496525487,0.1526113706634865,0.2933003962989194,0.01885151322152913,0.31967738458478945,0.023900886264887813,0.02438984460593276,0.025916530554674716,0.0221320992968097,0.023035197420458925
attention_zero_shot,F13A1,0.6584649805542564,0.14061383885935252,0.7036312642540689,0.13767732788830653,0.058903286911398046,0.38176534903776504,0.21361354953993614,0.0202449155767814,0.17287803578713504,0.17296274651580518,0.02008182439742042,0.18308746083906416,0.020057333927691507,0.1581662050351248,0.6197828496247477,0.03494405933089692,0.29395793864637165,0.15406479641923743,0.04486071248004291,0.1532263007682864,0.12355010308635593,0.13739074303082383,0.01917339803891988,0.12873258510167862,0.022412677434438418,0.02132075406515045,0.0,0.5225291788116732,0.18796702853571587,0.020902941140847595,0.4798208166426585,0.7143850916442372,0.04242000679695753,0.022499398430128322,0.10520305798163429,0.5003144798942007,0.019528161859509847,0.01971906399029646,0.25500975032911105,0.09430372368216901,0.1104051146253598,0.0462288784183938,0.020484764534820246,0.40808362057383935,0.018000991352218176,0.11132172735264158,0.020979988046995184,0.021884279090562564,0.0,0.19079870989973496,0.808687087105881,0.8951622612417175,0.13556148184381986,0.040317554148438337,0.09774408594734366,0.06055361112635097,0.1408925846334029,0.02258330839287546,0.02206213018564056,0.01831972580166756,0.035644231441931476,0.11651536131740355,0.0696617396675277,0.025406074159132312,0.02544617888627719,0.028142232696187312,0.028532734365668465,0.02480326454436231,0.2206277500263057,0.10170152044583967,0.020739835493196485,0.019585514265087464,0.4430169041841008,0.1184716127400261,0.08261244750456705,0.5225291788116732,0.03524580925634045,0.5726744276007071,0.7805205861359698,0.17000478826174967,0.22349584645099307,0.23366469660028055,0.210718895791811,0.019662704266373388,0.019942727991635593,0.02132933226945533,0.09113973715239512,0.0951919985631531,0.019824482412678823,0.23453136333365704,0.2528496970543531,0.37692489858202055,0.03622864933098895,0.0631848674926451,0.7415076241168909,0.041959647919377514,0.26993303476517133,0.21975720805562246,0.2534272792239222,0.028158815894558663,0.058903943259468225,0.13108876975718947,0.11225721116978252,0.09382166503104533,0.13112560285011787,0.03093272145934025,0.0,0.021878634427499814,0.020420163619245712,0.17135705157824038,0.12421983960399476,0.14572230592952057,0.021460056093624776,0.08529489407890303,0.01903940772910772,0.02169915605466687,0.555310222590698,0.17926150195958448,0.021261303857760146,0.02133069708290008,0.11664073627024853,0.5225291788116732,0.12042389722322637,0.020136758733399235,0.08116549529880931,0.1440741964761696,0.01269395312216346,0.06374849691562116,0.0887511683585096,0.04957907975329466,0.04468463515281658,0.06719214826662477,0.02226635091401845,0.21691401095451768,0.01966476441911009,0.08038770818991496,0.1463936998919128,0.09047950598882873,0.020864391187134183,0.04159241515625749,0.022119893502403943,0.12689939085735213,0.2715710510454469,0.14859928032304304,0.019701166049405194,0.018244731321367703,0.13538785332181308,0.071910234036569,0.021718026747522975,0.17668789031811458,0.020256247622449618,0.16825804234095687,0.1511895883538591,0.0946566701089673,0.019505876440323817,0.019774153488650918,0.05000999484652686,0.020393047490854428,0.017819435981654527,0.03844261915304637,0.1295911880064507,0.11999777732207732,0.14185022252329627,0.15137199107100371,0.022119893502403943,0.01852843156537439,0.018600511303845227,0.02132933226945533,0.02134731992937768,0.06823181212007914,0.02126414006180125,0.02008182439742042,0.08542809949882546,0.19518505673627348,0.08016263909927054,0.2781500298503791,0.5361716159354165,0.580770733370711,0.019103986061303157,0.12460241236018775,0.020578923425504415,0.17459002816187702,0.01917339803891988,0.019693962996914154
attention_zero_shot,ARHGAP28,0.020494005249199827,0.29032560855298134,0.01800844967459988,0.3062986179598778,0.29026198700180633,0.24996377186803945,0.2994212724046662,0.5263344291942509,0.44479283583654566,0.4918224221550139,0.023750765000532262,0.015636140694355972,0.17136291375006144,0.14971665544047738,0.019000349760873985,0.019386808504313548,0.024263360135872304,0.14110344817560644,0.252262268758077,0.33626622072519996,0.10740808639198211,0.12670011845260307,0.023409501440134286,0.5386867507385437,0.024959133059584408,0.024709522928402537,0.0,0.018619930267149983,0.1864119954167527,0.3019224309832615,0.17442162772249586,0.015348613834346462,0.020835334361341933,0.1725825482077391,0.28399850167556256,0.01933949691399938,0.021571598987339395,0.021530934243495642,0.5422709514334286,0.07933339595348429,0.32835965871507394,0.2832935810631226,0.024032694546549,0.06356909402880571,0.14858043559163345,0.30874226710619107,0.023720142148263384,0.025804320767235402,0.0,0.18986123714994313,0.03763150171841789,0.030910532280884064,0.1206134933420771,0.5720835721830544,0.39810837183418396,0.023103091879178788,0.5323446916394542,0.024977681693313044,0.0243072006150989,0.38677664436468645,0.3773067430801652,0.32224652610556354,0.35569233478819956,0.01940072244952517,0.019368667512459834,0.017802419607902336,0.01810601230302349,0.018912192179518676,0.3989641442899532,0.25116089019501514,0.38877771516058235,0.3072789524866925,0.09149192865222922,0.401889333253438,0.06806522320182848,0.018619930267149983,0.1585556015726428,0.018550532497709958,0.08507221398483232,0.25757437022911694,0.2524963496238099,0.18527773376651396,0.45117132007116706,0.02141283787869707,0.023041386102568773,0.025930826642241705,0.230449727763793,0.2921072247862235,0.022898246717515836,0.18751473557695764,0.11030048193259352,0.02533588797515813,0.02080419287528516,0.019849446981537136,0.017168189833868558,0.017348820239419905,0.01838184074370032,0.4932154536111963,0.36028445131443254,0.5763758977661178,0.021529057431259786,0.5106756801479589,0.43758801769055783,0.523340971146847,0.3188324925339675,0.5865357402107962,0.0,0.026042267543199014,0.02345937595015425,0.46511613833227383,0.6157891543565519,0.29941749590753636,0.364933366164499,0.4554770325766876,0.23807695578356344,0.14455186551669774,0.01920982969030299,0.5173784852332374,0.2850376555235134,0.31352693521858704,0.36367891798429036,0.018619930267149983,0.6433289770106176,0.02252278381639063,0.2787747666255657,0.4236317181287193,0.014787148196111028,0.3249850293249664,0.40313443926835263,0.3428960523082463,0.09491895803795501,0.04127791614135873,0.02605351734719966,0.4443617421435459,0.022176183976398284,0.5236851261864387,0.44932264849405407,0.08005634471347275,0.022882493022286593,0.023793536906618392,0.026343841386829176,0.28661946714845665,0.31581389879330546,0.5330891241477559,0.160145913373502,0.020247905068546884,0.01934218404493727,0.4937504207659035,0.02538334336592741,0.2188739735595523,0.022195879320223374,0.4748175598644286,0.5269911239024182,0.32927787920950546,0.18057515197051016,0.22393749501421523,0.15634546936632837,0.25848951838265594,0.17279510087781028,0.02343299765917569,0.12463142406696971,0.10827602333916028,0.46212535110215347,0.03862982665047941,0.026343841386829176,0.19604077564607764,0.02058220157631074,0.025930826642241705,0.512002003618389,0.35376163665183363,0.022829021827371804,0.023750765000532262,0.4667766323144635,0.4083183389829529,0.11599145169114754,0.27669084821182366,0.018893063658783092,0.019125731659707466,0.15944240192731543,0.1086942421711099,0.024372138785637258,0.1704759043429892,0.023409501440134286,0.023776220428897325
attention_zero_shot,PAX3,0.059270898192222456,0.024717320060434714,0.01847769294461302,0.42737828763089136,0.06735424427529768,0.23275127576493074,0.02706807863442465,0.6381427101805973,0.45003860847783117,0.5909816404953713,0.3629658403095934,0.12701321405934368,0.11186767000166715,0.04218272615370407,0.019276665689810478,0.06581677632968684,0.05411471358836553,0.02454182970882234,0.02142699272933963,0.4242208409349116,0.13697220627972775,0.23095933933650267,0.18991037369004576,0.7203902803592696,0.053692953042012256,0.07054820108214,0.0,0.01908028088833862,0.026439660333554472,0.024503617124056284,0.020505042248191194,0.015467105079891302,0.20747482740928902,0.059748191286064185,0.09967411915486452,0.09255006132363994,0.07458146147908949,0.0966567976148026,0.48195939195358084,0.10597982097413575,0.14812247460583133,0.024206925479916652,0.3873147792968511,0.07497471789888725,0.02257951446187601,0.434927573816295,0.08768714039820562,0.026475955401762244,0.0,0.30835150507502135,0.061275449312454724,0.021538368978175623,0.026140279154714546,0.057102733303579734,0.14267600028344316,0.10083717308645011,0.4318191975275325,0.06547069690217079,0.05039436628614563,0.022698610767233562,0.6323937937430802,0.6061674457047882,0.0636999311224905,0.043833248780221566,0.044102141836117444,0.050563999677134465,0.04342793633924772,0.04918146173443865,0.025352678766856353,0.02613437097071988,0.02492401898188397,0.02707897981595902,0.025699704669297874,0.5277781938123213,0.10092457953380952,0.01908028088833862,0.043767738663630616,0.06174213900010725,0.06483067494982456,0.1761721480529222,0.4570639443582387,0.4130411274503159,0.4748311298081007,0.08978741223855197,0.06372904511507047,0.02678907202032654,0.16065816735591307,0.47082421849483486,0.08196934900817197,0.07201611672731148,0.0681110842193652,0.0259392273033631,0.20352893963181604,0.07951098064414083,0.03732227249710907,0.09359976363452387,0.018875321206287043,0.1402954174248138,0.45775575904072646,0.5190249719301913,0.13329538883068634,0.025520963217388445,0.3478869158411592,0.0539014268530025,0.6947313260256528,0.2613252614278729,0.0,0.02675195170793884,0.09384104697999046,0.4999153939646782,0.02400090380201333,0.16244656119360576,0.569983068830536,0.3012509247795504,0.48078777993203375,0.08949833767837226,0.06235730636394235,0.20260036334763562,0.7773440772464272,0.75915030273231,0.18864635456199105,0.01908028088833862,0.5891556040230231,0.11300132753021622,0.3156128646428342,0.7451395710417401,0.030600986960075103,0.7244711010356987,0.4058135879500756,0.6746887950902022,0.04798921827196894,0.021556190698936,0.06847068271864677,0.5853542706533194,0.08669875509581104,0.042934997088002726,0.023963075736896513,0.06894008266112296,0.045415434206878005,0.024329413586448124,0.027027806482543007,0.6382486808950718,0.1057101408719356,0.16836849219495792,0.2666759614665759,0.054367531369328086,0.061301720935281634,0.6236533732887638,0.026030033064525893,0.21791507575741864,0.07983052412880731,0.621107981956853,0.4461347810121332,0.3448951204382644,0.06402244214468696,0.09026753843373884,0.09886830242112223,0.048929216944233175,0.07598940521131134,0.023881020583646245,0.10906177560547041,0.14679487493472754,0.5474714691372368,0.09220829554907374,0.027027806482543007,0.06932463976612295,0.11342972663468044,0.02678907202032654,0.7137975753527596,0.0362498414976924,0.0628226616007283,0.3629658403095934,0.049533966696988105,0.17468317091983024,0.09705057402219246,0.02279669900019965,0.055139332217877673,0.019443856479814673,0.10973542514793991,0.2800085368045011,0.29779326222949043,0.35733295221248446,0.18991037369004576,0.23066613158272484
attention_zero_shot,GLI3,0.0749175125852818,0.21022235892509444,0.016201952258091387,0.3429440300033086,0.29275467257743043,0.4343743671261465,0.2194910762366556,0.40565871571885126,0.5327877067286306,0.578977269213161,0.19697617442444726,0.10841306264648574,0.22968309591027952,0.1428266973945061,0.016591087949214402,0.0799236101195242,0.10546500896903771,0.10836348861612827,0.030412881745412536,0.5196876773789434,0.18538500251832635,0.2821659421475021,0.18008819823414793,0.547265174683278,0.07384835710557129,0.0853769698582773,0.0,0.016310891465820307,0.12502271852108565,0.02222876334688491,0.026537427942266604,0.02507388448188012,0.19968514056950312,0.13145165241737036,0.2627646940693647,0.0918948594120048,0.13490231362821845,0.09403974201424381,0.5718975418123039,0.2010601506561653,0.37758048864012045,0.21126038850738993,0.2062726446960747,0.3340648545060521,0.11381201310847103,0.6376854202090186,0.09033962338575886,0.022627400051010504,0.0,0.2956655368179812,0.13585378990155478,0.04636650612979723,0.10569547064793237,0.5657400886669199,0.3310064603975671,0.08463953710958609,0.5595525845351998,0.08269282197665294,0.07059249218575778,0.01950658255058292,0.47592784813165784,0.46768304390934373,0.3258718176365599,0.065441643692497,0.06577842254009918,0.07102508285428806,0.07381794945109789,0.0687794294839646,0.24581258545515433,0.2800844776125981,0.02223465944339684,0.10303064776453544,0.09773251530979873,0.45229105846228135,0.21693740321924096,0.016310891465820307,0.07798471201860684,0.07643281744804295,0.15215315147660172,0.37621633965691803,0.4276577283256168,0.3581457704811838,0.5388926665772896,0.09329026785475128,0.07783260758186487,0.02250224392361395,0.3824748004819327,0.43704375748225494,0.08692135497911965,0.40789495689794186,0.17783390258655063,0.022589394355234108,0.19013040352884597,0.09226637684042217,0.050752336130671045,0.11179949192749042,0.020164926393403483,0.2801909939086454,0.5612487858535157,0.46850133814405426,0.11042443764618486,0.3112188464773534,0.43460285672084603,0.34689743271656887,0.4932459627153739,0.5460570144950027,0.0,0.02263724735881039,0.09051997485169659,0.5783044384255289,0.2140582037299726,0.27166631910117606,0.4981481307897141,0.35458005772447226,0.28782730057599737,0.19862040643482012,0.0766126257732956,0.3697765615668427,0.42579109310877744,0.4154386741071143,0.3657284181620294,0.016310891465820307,0.4188059027365883,0.1728377840923372,0.39055562741987937,0.4846063295000042,0.03683073061495448,0.43804181109625745,0.5119612366339084,0.43253928381255996,0.06498336766393767,0.05338510531775543,0.08081353791755548,0.517844672713374,0.09032744110842039,0.41038677455193745,0.10687351394372932,0.2480250416414343,0.0642788670411328,0.029186972235818606,0.02271264081971793,0.3895167009246695,0.4014751065064717,0.3789261269872837,0.2179718675162937,0.0780705618465831,0.08953927552976094,0.5772665941067895,0.022560723194839004,0.3972154809949908,0.08690518003750242,0.5407564828835593,0.5401742202942542,0.46797363284763355,0.08080988294157739,0.09251334151683085,0.23697661386800445,0.06110033126977632,0.16724899546852995,0.02911112619681836,0.2487270552977751,0.39555097496752956,0.5826047792015826,0.1364472683883102,0.02271264081971793,0.08415725761726962,0.0948808005505164,0.02250224392361395,0.4933814761928435,0.3481146471833201,0.14325380475917582,0.19697617442444726,0.296793756816097,0.41993763332427814,0.23698370959699291,0.15882133201851292,0.08049938369756535,0.016549749005473634,0.10032833869499912,0.28781741522267756,0.20920500497693312,0.30686875666429725,0.18008819823414793,0.19010688442521378
attention_zero_shot,PLAC8,0.6753274151769871,0.01898158285563465,0.3794004927969817,0.22277633660783258,0.015489841249903253,0.1569983667397673,0.020744198439991604,0.01691674546550711,0.017758757398194817,0.01750313520238489,0.01869323792398023,0.18604434491204158,0.016159145668347825,0.016621790938887347,0.8534941898429536,0.01062913601756883,0.13187887710350132,0.018315805240256527,0.012698042619368508,0.014983732219079388,0.016867888289393687,0.016968680498217113,0.018142859274259793,0.016475330071504916,0.018805536500947764,0.018360944356019607,0.0,0.7002827089112802,0.0198511553436476,0.017484833330468165,0.21764947245989527,0.47172899424132436,0.015241518279179979,0.01874384569657581,0.01743992634044497,0.2607266398652797,0.015661599857803236,0.015907317820595818,0.018220769562397775,0.01692621743669333,0.018117393695329866,0.015141958018080532,0.01906016599729662,0.09293926552860218,0.01715096184014197,0.016655502722433695,0.017475613616046305,0.01992214836361997,0.0,0.01855740795652433,0.8358125427159634,0.9184331004417908,0.0191287999298853,0.018537982241971524,0.017365364197269112,0.1759637042835431,0.017704623578486272,0.01887070884136387,0.018255070327603026,0.016897440274749036,0.015362892802469741,0.01794790077572088,0.015447860534204728,0.014743331365593788,0.014702447724879546,0.013601263957804161,0.013788997830977588,0.014417007475052413,0.019927397559089143,0.01974120080436414,0.01759202215167948,0.015529561119372468,0.2294546281762309,0.012825098772901855,0.01305292186393213,0.7002827089112802,0.013622807309904962,0.7522571629721078,0.43668270169324674,0.01897240620682149,0.011511221193984485,0.03102255816881214,0.016659848786179907,0.015644896719676976,0.016056256862875894,0.020306349071730245,0.035073492623702233,0.008914968671276838,0.016012163496207366,0.07318321112872841,0.2714077245818769,0.22147831145143973,0.012615052043329055,0.08145915064435026,0.5948422057024728,0.012184078324616886,0.4129589243763704,0.01845363464310391,0.01232671377153953,0.01721893847155918,0.01497434257936528,0.018957496948679098,0.0174288238394265,0.017457489343513155,0.01882289295698101,0.01776760352548754,0.0,0.020301494781505804,0.016873014820978156,0.019095655019760516,0.01796401402313242,0.015330303070044788,0.018331561315344885,0.01654098683751465,0.014824817639705497,0.01784056474014671,0.7010417195546764,0.01847076070565808,0.019391148794570854,0.018771382549015732,0.017185583508834458,0.7002827089112802,0.018963681330639033,0.01622763580058724,0.015750381004759877,0.019993836819179173,0.01265200736658642,0.017262998532186668,0.018240209111847074,0.072696824521469,0.07184216433155502,0.01363378291569745,0.02016115123154014,0.01373122305547007,0.015672127512998683,0.017883644721657755,0.01708998835844716,0.016843854914201928,0.01695211686102684,0.01726035204693356,0.02074244750563112,0.012503496663179656,0.09314152254440798,0.018009532645757508,0.01564434274009522,0.013772478234989217,0.010852135828414433,0.01800367401921688,0.01920573000284685,0.01744727196059272,0.016237409703489764,0.019123357551722397,0.018237979166767317,0.017008959776594893,0.015410311759346769,0.01575322595736259,0.01336026932170968,0.01659142745155454,0.013740488961894096,0.01665607427757407,0.012673074460530953,0.014569394105677718,0.017785284935974432,0.04233801929945746,0.02074244750563112,0.01436963273676961,0.01449311773140465,0.020306349071730245,0.019334342086559184,0.015453759846356357,0.01716508426373926,0.01869323792398023,0.017677637293609858,0.02002745444149398,0.014362489980472215,0.015939323312928563,0.3859049439950662,0.7988272882599905,0.01514424231269778,0.01840934507448841,0.019702296855727375,0.01994870409727951,0.018142859274259793,0.018922578064993582
attention_zero_shot,CD163,0.5897113145260587,0.2255775630311753,0.20875969802261074,0.32615014114544766,0.43469156451738394,0.49635856736324263,0.6281028607079919,0.02370101844402303,0.4318668971823093,0.1871817802845027,0.024882672172994193,0.016633035255551664,0.340847316516452,0.10870177681487307,0.34442650696219035,0.37428191002566674,0.7141478881360561,0.09412104135451425,0.4051512747299937,0.533276909430115,0.08058495488197427,0.097910754506405,0.02454822755395564,0.049419547181338695,0.5057485886392578,0.4000868606527863,0.0,0.25687142241688166,0.5449856939332143,0.47434705106606595,0.48926360518263207,0.31941799807688787,0.2782938549685405,0.5232594775800865,0.49228894425353964,0.4674168603867471,0.35328239539835304,0.3536013968184995,0.3109918905823167,0.35636619698872457,0.4662718986858212,0.4199991550590147,0.025124226340698337,0.16640636652469423,0.13507681064875757,0.1531871245924254,0.38042245263878605,0.5223710028152875,0.0,0.144213773893401,0.8209882913370689,0.8453968266106666,0.41812414152834165,0.661697979199976,0.38986807185230227,0.3236252154795555,0.39352548877610416,0.568062101368038,0.5902858534663509,0.4378665323142733,0.08778989184931207,0.0866062237296256,0.46229196196862266,0.5939395213688007,0.5900090138548457,0.5241324111623494,0.544070998029451,0.5749240006189802,0.3085462902129499,0.6431117248020548,0.4429122369635335,0.4048537213668389,0.6974085884085135,0.12914429586504558,0.29039466345548115,0.25687142241688166,0.39718960940588416,0.2889021190553916,0.5779773164288078,0.4337090004125981,0.053331848872835756,0.01683753974023048,0.48134730770209444,0.4304693894779595,0.4177166476517951,0.3863351386514071,0.2924084528875654,0.0942946507261205,0.38422997039993273,0.43941895519255314,0.11165175951963034,0.7409456579497853,0.02284896346881304,0.32024497917013045,0.2823695696057879,0.18461158570904224,0.2864045642114663,0.16107519081351582,0.16597355359772994,0.45848812362897146,0.29385312869435404,0.5202612068042366,0.5010518426365194,0.5895645355141098,0.10179312233899576,0.565683142161489,0.0,0.5053584350229094,0.37711669248015334,0.4161648681048761,0.23331847797155816,0.09699177959342474,0.41596767018397957,0.35432680976344333,0.3316117672417922,0.5200228204089632,0.3229880769356296,0.20975387388007263,0.025526454386354626,0.02525054840584597,0.43496119125755744,0.25687142241688166,0.2264304553434191,0.3840081307255775,0.35264061716122935,0.10233813358594167,0.015083018659929035,0.024351414910368088,0.4703609525230162,0.022929734685059003,0.5977554894189899,0.464941895144281,0.49571330123092033,0.07432623642799005,0.3734153779101286,0.6325907762682899,0.09075815788046497,0.42521906386928726,0.5215809187735723,0.5221133298036695,0.5009711926336786,0.019913185084504875,0.4812474243973519,0.23791954222457984,0.4847239800866107,0.4846343214338455,0.32485953139838686,0.27839930660769113,0.5618498244637208,0.1916502840922573,0.4316495842225532,0.20341556099762145,0.4881565242169475,0.45758101473551493,0.501163107006949,0.41493507980130095,0.24355673358777602,0.4069704575341027,0.3352690319698446,0.525437393745708,0.38065368505466185,0.08747724063715485,0.2088064156444203,0.5000576419157565,0.5009711926336786,0.48373234176986724,0.3412051368016088,0.3863351386514071,0.16241489670757564,0.3662113792964844,0.5351061306248868,0.024882672172994193,0.5762715138819053,0.33590664965525785,0.39934009882837396,0.34138193782401655,0.5731121265921034,0.3345654960678112,0.3719449468734854,0.08161053364859167,0.025342009911477198,0.1276829230440573,0.02454822755395564,0.024835829857405477
attention_zero_shot,RHOJ,0.4484239942405748,0.02734492273680342,0.01978170238437449,0.3048889854395299,0.35838991998205133,0.36530837820293877,0.5502253941868133,0.09850307316346288,0.2694388949614724,0.0841126860324453,0.10231392452821078,0.08938818779338725,0.3340152464183459,0.03606086273828482,0.020850516617640962,0.40089493518055025,0.7061307647447181,0.027137581609599427,0.5256357216992662,0.4390932354493318,0.10069319739376024,0.2023602448358381,0.07525758098987612,0.0675906327792098,0.7120621221601868,0.5549326279802178,0.0,0.020640794655279945,0.5982679414887124,0.6412334973335526,0.4505059207784008,0.01634346639845677,0.3628907285765144,0.7207850497747618,0.4796263926917477,0.3724246963668926,0.4341937459702898,0.4381565615879952,0.07369039418583623,0.40994189161140215,0.3855757709216425,0.4092240310124595,0.11498906007416627,0.06403531415797462,0.02475841724481349,0.0866608996520684,0.508897825702498,0.7689780660368665,0.0,0.08018957904571404,0.11756731390167277,0.023220943464224143,0.508238797389529,0.18119300549705097,0.35429974979100604,0.4680198997330787,0.18030385822543593,0.7608558047430551,0.7330809252520668,0.6824458054779156,0.16651949042936157,0.10296657002094309,0.3065582410285404,0.509661173379155,0.5041165654773122,0.48357992809150224,0.47560855509812666,0.5057931856172101,0.028171288268165773,0.5815243773882999,0.6194784572106828,0.5414318071563028,0.6335890345840225,0.04996966310827268,0.4492168663875162,0.020640794655279945,0.47493865805440894,0.13560056370075613,0.5069464185573916,0.32877214332734367,0.07020083534539472,0.07627029573809863,0.38095606280730576,0.5760695847931174,0.561686541069126,0.5890818737763277,0.23640210791592683,0.057480565570133035,0.49445346570342,0.22359546483626552,0.04788134414334724,0.6744209699031392,0.0800195963290129,0.4027528381253064,0.056667745896292046,0.23920025740347664,0.3188597149079854,0.0582048919260604,0.06339009057433728,0.4207971406240876,0.4144537576384171,0.3330526910469808,0.3943409650764915,0.2694198655829108,0.10456877419967228,0.1655726051326746,0.0,0.7562132709234469,0.49931069957668417,0.2581660933550225,0.02629791790383406,0.06720747854011343,0.43530647068232037,0.360614839651508,0.45922747581075074,0.5074012365616085,0.1364154577374622,0.08387260260716087,0.13164086083594223,0.13684952691990937,0.3329367917138033,0.020640794655279945,0.027130619461471113,0.6764767488012821,0.35592357969570504,0.11135094775623698,0.024772170335245047,0.10392106023857475,0.4585939415820114,0.061352401086404385,0.5708901145291175,0.5762199798554842,0.8235013569067899,0.046969856021446064,0.46890029454919563,0.27256959980333767,0.026274009929747887,0.4485638469376652,0.6295566785058218,0.6981262605272831,0.7483789095141062,0.06713802616963632,0.20868910310404598,0.07221631032052293,0.4436251943553868,0.38901357784461016,0.4198530799651207,0.23201964645279569,0.732259651840576,0.10271698335730862,0.5260805358408682,0.0898489952701347,0.2824065148019655,0.44132649701350557,0.6014081155080775,0.6466879333687388,0.3520125324748575,0.5757273670094694,0.4500446135336396,0.6809722374356375,0.37921101809387875,0.08007669972457084,0.09132475681362515,0.4261813844954651,0.7483789095141062,0.5543372058030684,0.47169565338257635,0.5890818737763277,0.08291697049805996,0.07858131779616251,0.6163921861225542,0.10231392452821078,0.3493091068883083,0.07864459487301917,0.4140667223091777,0.17571199646633892,0.43866169318651604,0.021100136233385726,0.485029585447944,0.11517825654781094,0.12179687600294765,0.11134180818776947,0.07525758098987612,0.09335619571718172
attention_zero_shot,CPED1,0.05319967498875379,0.019026611142741734,0.01412887647640608,0.08972917994089788,0.05590736801170039,0.07816281743938622,0.019811024619370902,0.14142341597438168,0.09756409956774986,0.10788859570901796,0.26569219246086373,0.14506610411147525,0.11125669218771303,0.0498772076498783,0.015375650446036128,0.07476453503261277,0.04409414324792862,0.019660836677666424,0.0116773352812463,0.10078353799012356,0.21922488747238647,0.19581348881691885,0.3285478097346114,0.07871594439600181,0.04303078897091617,0.2513525814512363,0.0,0.015908058167595846,0.01903395949415993,0.016635539566778552,0.013101079454212638,0.01114246944132305,0.13480787366577143,0.05131304674361904,0.04986881249808703,0.08770044328932171,0.23516736804425406,0.16061436847830365,0.09834787351888608,0.3751572873131909,0.08111350737683695,0.017358208797282282,0.276168128673155,0.07667134656714555,0.01839238560781704,0.10733274459958304,0.32874122531728805,0.019393746966770212,0.0,0.12831820162319188,0.03042013894282708,0.015956795550843502,0.018746420256605507,0.03258866211900706,0.13067567630936275,0.13355197013614184,0.06929865550306089,0.056183105328645205,0.0394891812151361,0.0172537712656505,0.12819924922390827,0.15758049398341353,0.05282473373523865,0.052407878141613226,0.05292166288855412,0.05393798646695383,0.047789019718688,0.05669512243490895,0.019185167526472903,0.018621606580975676,0.016931829610234164,0.020765142779302064,0.0181710536791014,0.06343209562891877,0.1086310175954743,0.015908058167595846,0.08460294339583646,0.0734137690514791,0.06218992873414531,0.30057621764501413,0.09412808574427721,0.09555225463958139,0.0650145143950835,0.08497585346622806,0.06842901417363619,0.02086914752228003,0.10055269326134053,0.07526782492784012,0.10059540070229589,0.0386917159870779,0.059971832320740215,0.0184274061954339,0.19712868584076684,0.0796685712638874,0.03696112800074242,0.0931487009170708,0.012165971051382207,0.09497217831658866,0.08527089700888074,0.07073780352902524,0.15984623664687864,0.017909522591416618,0.04969663029638403,0.042799504883108186,0.15214035518122276,0.042218183834131055,0.0,0.01998390718897414,0.11740686687555987,0.13419050272357472,0.017375122252562304,0.10841574474147322,0.13933876220069785,0.06506369778627845,0.1125603950438364,0.08306048897544462,0.07449867139104129,0.1278260933753061,0.2643698433177264,0.23719045395954222,0.10581464474041018,0.015908058167595846,0.018266872953802034,0.12696698286111743,0.09699701470150553,0.20450326340640892,0.05922219354872249,0.17895722941606074,0.09159344330905136,0.08658907966086518,0.036690039171438,0.012607974668357955,0.07740999212059721,0.05213337786675211,0.09353246297336475,0.03199382585180897,0.017333159508521375,0.04742632087572843,0.035309298179061796,0.01626637584547327,0.020426527355627083,0.0846549293081147,0.055848629531882125,0.09554943976856736,0.04236331254537406,0.13765320412538598,0.19690823565653304,0.12122982496582747,0.01851030064184907,0.1701003609969612,0.24946250406388137,0.15143459538515325,0.06339517220114546,0.060167124798300914,0.05516668172261824,0.10468504437234923,0.08735731241346487,0.04575522015518773,0.06835485822971427,0.01551499757341617,0.11325210532123427,0.11353090037500335,0.12486406435208529,0.1458233841797329,0.020426527355627083,0.06304295922602557,0.12914899406359284,0.02086914752228003,0.14210045492135293,0.029671885401038132,0.05174270702327577,0.26569219246086373,0.037165129959361214,0.19375610404660404,0.15940588638193443,0.014989362001417306,0.11211779653557494,0.015908058167595846,0.1941375719975299,0.2544985399085128,0.3285478097346114,0.2044539091806541,0.3285478097346114,0.3285478097346114
attention_zero_shot,THSD7B,0.17623577668312052,0.02978925962778321,0.020252398586300218,0.1801354749175026,0.23229623840575217,0.1856333232533369,0.43130691170628394,0.02398450178186335,0.136996514223812,0.025582250751794322,0.028852655586109666,0.016258018527656463,0.1336559693779427,0.025059187616861853,0.021881104302082933,0.2882525165009549,0.585218801609497,0.03044123997346212,0.4117717974916776,0.30015550554764053,0.025210647989760027,0.025062931096056822,0.02999069774123422,0.023581837409598003,0.60017412930516,0.5486813180038397,0.0,0.02240835927685846,0.5010873938714595,0.5853129485619987,0.36691676989737115,0.01579876191922934,0.23226052116414425,0.6285934988754943,0.3928459207212567,0.14869749264191764,0.3653570413551305,0.3561106161597043,0.02712712519750409,0.3008378471317812,0.25224497526118567,0.32726490690579935,0.029141458704508696,0.0144149925722331,0.027492908402594923,0.02342516132377735,0.45282862359088577,0.7968737404949351,0.0,0.027456486289308125,0.05493575028462225,0.023129906069594808,0.50962967852946,0.13848996101530212,0.12330170423411947,0.36200794558108723,0.09301769223992974,0.6706810022102678,0.6739619932188302,0.5823080928229786,0.022473723870973666,0.026053420660333216,0.15202095670364082,0.46086621117427956,0.4541048363624676,0.3855625012451443,0.397727771232098,0.42922937854862975,0.03021634627470729,0.5134612258335863,0.5279971387530455,0.4121910700363939,0.5818349042622112,0.019001621340771022,0.18457188441757308,0.02240835927685846,0.39514521012259557,0.021087908770369992,0.20763102216962778,0.1758031896285725,0.016705009236005333,0.014347699316870086,0.22415703380431182,0.35398295206319,0.4787352801559036,0.7042094143137492,0.10712270759731354,0.013906954670713298,0.4276442141084513,0.14791343825777975,0.015771146730750838,0.6305475421759849,0.021589410214034117,0.3069763788315936,0.01812369723369646,0.16853738702884458,0.2104277496399255,0.02796553862399236,0.01856445561222455,0.2561818283051771,0.26410550970287716,0.25194825261909276,0.232312879299769,0.13152730017164296,0.027354194207530155,0.09670807338087808,0.0,0.7753292466192485,0.4239914462211452,0.11113510394412568,0.02711313873884441,0.022871529380488538,0.23555180963345668,0.2744757709493437,0.27313285519536995,0.3918133305166915,0.022536609280069658,0.027213028244304476,0.02910626927110881,0.027544658811388647,0.2101565702504274,0.02240835927685846,0.028447209303326365,0.3656012684644775,0.15549280984345581,0.03006072684403613,0.017103549541200035,0.025653361564977974,0.3399509580726945,0.0225206796355576,0.4822055766351357,0.5058361543801638,0.6864003315552059,0.019658021933365792,0.39251521213975427,0.1811541138625445,0.02770793626904588,0.3578876803542263,0.5803507910979597,0.678640743177102,0.7596605238005674,0.018044673457201867,0.12760371617889482,0.02596147245179509,0.3508682825658996,0.3170167278026669,0.33584725197599896,0.12816493720975017,0.7284970403172998,0.02591689670501628,0.4135104645514281,0.028475112804385992,0.17494690831466791,0.34154620237818134,0.4586498843780146,0.38322197901935895,0.13615379593807525,0.4161098487937837,0.23746897631723168,0.6578619195212814,0.19308614738084298,0.02072283157944729,0.02566172837978196,0.2793568325110286,0.7596605238005674,0.383498367037685,0.2764395856609549,0.7042094143137492,0.028749673764246322,0.04484329089978431,0.5317284639547484,0.028852655586109666,0.25514200173111395,0.02964584911258431,0.23050543415949307,0.125233187220242,0.25394598664821916,0.022606788002714852,0.31301024718762965,0.0282873842896122,0.03049314750926324,0.030046255860629215,0.02999069774123422,0.030225174299647762
attention_zero_shot,SLCO1C1,0.2726412572496602,0.0242634067565724,0.017730623772632584,0.2439301922746924,0.37224516186932655,0.2662421177905409,0.47124025422928323,0.0228966783524611,0.20435860489662327,0.024436655476285717,0.024087528478124533,0.015796331557813428,0.20177237662885347,0.022638838663781163,0.01928204473807362,0.3454432273296854,0.5702778406133092,0.023495789996599126,0.45454909573748914,0.3607799503078069,0.022724035123536386,0.02312534171587403,0.023201781868719337,0.022990501330463754,0.7189579412575406,0.5020007994389547,0.0,0.018418792825892878,0.623511861433029,0.7832180377898499,0.47131997509268375,0.015763813747312318,0.2728712858005678,0.6587554679077117,0.4090430863328826,0.26838026256700903,0.38419169985274276,0.3745914860699011,0.025227084257725994,0.33849126635183574,0.2951196213596569,0.4720267915926668,0.024559231948469696,0.015607785307670107,0.02155443942292454,0.02287941333982336,0.44699053050934445,0.6741958980878304,0.0,0.024813311339002646,0.089243510273601,0.022975178386046208,0.47247201143786094,0.1540434375335654,0.18753960072779585,0.38901556617878313,0.12021657532541671,0.6352432811690123,0.6389696573197645,0.5462773262550191,0.02165671433372034,0.024296297023656654,0.25268216948657124,0.46726477453850473,0.46118350336019803,0.3959526116315639,0.4073626616233434,0.4381725846159171,0.025814834871518515,0.5197099200302329,0.5306201747584616,0.5743899178187013,0.5658874860489969,0.019084786533570236,0.24509592646932554,0.018418792825892878,0.4744290335983895,0.018673431028734512,0.30719330834044334,0.2484663129495255,0.017285999395320176,0.014992568101553147,0.2956980067117309,0.39463030312498504,0.46085607129310996,0.5473539568327149,0.13631682103109805,0.01509158363621276,0.4308025030299027,0.20108346704284216,0.016278091364888243,0.590789645242225,0.02045590579208676,0.34603575964040567,0.017229589078223813,0.18936200212859378,0.27704405257752834,0.024490830371097973,0.018813994159749367,0.32735546879783467,0.31858104799849957,0.31029200907773746,0.2909728346403132,0.20716886544230506,0.02546486215980708,0.13829129963978487,0.0,0.6546609481209081,0.4283947954920239,0.1693211214522014,0.023794186169896352,0.021700930600754648,0.3067991233302831,0.30242374249876786,0.32473605628883556,0.42291505657110195,0.01948832506544057,0.024873790520765805,0.025301431754065153,0.02492848598917298,0.2626933842061221,0.018418792825892878,0.024774166064823855,0.44686684962042084,0.2028052898158448,0.026179865905114497,0.014526294376127036,0.023543041500031787,0.37390825409392237,0.021625161721240505,0.488796658651718,0.5750747483901677,0.6197219707096767,0.01963807794500017,0.40678158954192345,0.2149879460587111,0.022935700951164276,0.4390354157007345,0.7477958664981224,0.8265884637972662,0.6468265867115676,0.018268275841965935,0.15754816390632334,0.024460086548667635,0.3746066264436158,0.3515201992945487,0.3724930228492537,0.1602551737762514,0.6434013693883546,0.023883735483817555,0.44259237129273765,0.02534325982628799,0.3683640176876991,0.41540376488008046,0.47463168306625314,0.4359917137304821,0.19980438581563834,0.45736882908385823,0.29512635723771374,0.62173338246749,0.25364319662219764,0.02037403612163941,0.024319748111352842,0.3567037052801607,0.6468265867115676,0.4225154032633953,0.3209245180928408,0.5473539568327149,0.025276468145364828,0.11116109413021706,0.5321348562541006,0.024087528478124533,0.3390133944075191,0.02681256056381038,0.2767526074274731,0.17075618177955731,0.3161515047951459,0.01932253476987607,0.35168216761374377,0.02445469929220323,0.024907774439701325,0.026170726336646976,0.023201781868719337,0.02386522342410122
attention_zero_shot,CA12,0.30857616169933844,0.02666845873074663,0.01925622536373646,0.2705286380265485,0.37109491397425326,0.27209935286333575,0.525407246453173,0.0239170911500988,0.22838300751120294,0.02528167373748207,0.02627412733020532,0.016494152532611092,0.22579677924343314,0.024592943392797724,0.020448681248917765,0.38681858738812813,0.6109030847812267,0.02633812414789594,0.50329938873899,0.39689127845706684,0.024678139852552947,0.02468862549908728,0.025984725862276695,0.02364186957346927,0.6897157384210011,0.5458100042067175,0.0,0.020071527882922078,0.6719317111486851,0.7447414551101926,0.48254066213271785,0.016194962023059062,0.2941500424020526,0.6734871008324447,0.4250267889563255,0.2900417742819079,0.4128361798932031,0.3994167021049667,0.02634371553144974,0.3682815255939145,0.31631540092552685,0.4523553051082445,0.026600057543745094,0.01664997449647894,0.02401189184604855,0.023504726853108657,0.48245512484515257,0.7391962887564981,0.0,0.026302153037300983,0.09870006407614788,0.023166992347176667,0.525668902941573,0.15952099854496996,0.2094442031116773,0.4282132757078342,0.12612193788425274,0.6713546093182722,0.6737912951779794,0.621141710525182,0.02279050633109556,0.025498823010743774,0.2691463798683963,0.47945234778888,0.4735253496896919,0.4057026702318642,0.4172112056640507,0.45006289998213683,0.027653992263534103,0.5621014791619727,0.5915580410103376,0.5937144343876487,0.6123163365266167,0.020218578530945455,0.27077718443663484,0.020071527882922078,0.4866766448895972,0.01991298232150641,0.3480284270332594,0.2782565721916043,0.018205578091327966,0.015559464100240759,0.32667637261662585,0.42608210506143723,0.5046652760608729,0.609416996920379,0.14233315629197166,0.016048220633998102,0.4746117077976656,0.20948896848260645,0.01709724217259625,0.6481429311263436,0.022642504644167543,0.3784164762078826,0.018221230112441332,0.1982013215764337,0.30572069551958764,0.026329987763113558,0.01997198214731474,0.36190826153790984,0.35243361531904366,0.34414457639828155,0.31805633075225814,0.232123660199026,0.0265429889068507,0.1513572028161352,0.0,0.7243042238373381,0.4697701555504666,0.18841744147917497,0.025748290898912913,0.023264214383967897,0.3388838594460672,0.31742383265307583,0.3585886236093796,0.45338398969703997,0.020727876358212473,0.02623316772355994,0.027002119750127982,0.02631995798595166,0.28751860024118775,0.020071527882922078,0.026613323456839443,0.47982590365825023,0.2202161087449523,0.027825427782181077,0.015619551667714117,0.02500077406808564,0.3982834005946728,0.022849657078405743,0.506524037924991,0.5950705952983298,0.6806598369615529,0.020317766546397234,0.4422461838777315,0.22834419071665654,0.025541173923186358,0.4606969274156333,0.765165598093307,0.7917763175632906,0.7164698624279974,0.019033585440194213,0.1678113834855867,0.025502275737476467,0.3926622905182458,0.3825517193383808,0.4116907323783047,0.17137094215016138,0.7043392356402307,0.025304902559465957,0.47621326301791067,0.026906543609501243,0.35650485195305726,0.42951496336735573,0.5041773151883749,0.4847420067319829,0.2082518850122694,0.506119122085359,0.3222098533496587,0.6623586266354073,0.28024164237405375,0.02167677260765045,0.025296800475861123,0.35512500490062515,0.7164698624279974,0.45862673141265525,0.3507147773349196,0.609416996920379,0.026887646246898034,0.09774463038469092,0.5571350065112806,0.02627412733020532,0.3481850514972681,0.028063187590380977,0.30077701004205276,0.18346656690256713,0.3460972585032111,0.020644722815499433,0.3760573141144942,0.02640880402121979,0.027094373291782107,0.027816288213713555,0.025984725862276695,0.026416255418195467
attention_zero_shot,PRDM6,0.10537591210650243,0.02780133449393237,0.01957275434455697,0.14679153177117726,0.08889144290280022,0.15631334769186417,0.02946433785148593,0.3544377782720451,0.28366067842066245,0.3015946137616246,0.7033950437537876,0.2121340250134826,0.1680490031615287,0.0722034972896887,0.02062722791766364,0.13578646026761607,0.09826641245273697,0.028543567282816783,0.01985451683355179,0.2150871190627452,0.3006223701798894,0.4754716696303545,0.801246742080232,0.22426455169542361,0.09532109697051261,0.1628068984491211,0.0,0.021261734437194955,0.02853960086963664,0.024940152278780905,0.019292553573336566,0.014981358555319107,0.3175639023290261,0.09820405358361443,0.14008097003454734,0.1281953334853948,0.12713871220955636,0.14892488581983013,0.3060010669627907,0.1761761499249123,0.21458277454186278,0.025727890078725314,0.714267454678948,0.11186101055567711,0.025945752521721332,0.27809662791140766,0.1656268820569645,0.029078844458514885,0.0,0.3939348001452278,0.08257901800793219,0.02149363994183264,0.0286908935656326,0.06779595612753898,0.21803382116162734,0.18966946370691318,0.20831800377224524,0.11246881933555512,0.08502366381100192,0.025183587574132815,0.3470638931963082,0.4250703772899277,0.08480914153735897,0.05429826364940435,0.05474366427204332,0.05963634325240834,0.05190724522134195,0.06000442248322128,0.027835072347972566,0.027331532243154735,0.025869876355070896,0.033035432065012436,0.026795687663870835,0.23898116483144755,0.15382094756754053,0.021261734437194955,0.07045123898329296,0.15568252808608246,0.12173086719410242,0.32937525639318926,0.24875667354835107,0.228982114734112,0.22819204660687908,0.13801985260369207,0.14389783193390338,0.031163080533301937,0.09656268695146535,0.25126296141041077,0.18137047120358354,0.10237695944322805,0.1064973993909324,0.027629722632925048,0.6009350565601741,0.14422402559618233,0.0711745635194229,0.15106383069464105,0.01726890312598336,0.3773133562346979,0.2630454806591517,0.2552856767663503,0.23230672869716226,0.026447905208101544,0.0867772702845623,0.08256908981465685,0.4075055502820188,0.1294311618761173,0.0,0.029990697741234217,0.19386251580464822,0.33482392164440583,0.025514939272882443,0.36291496268130957,0.3510665674135488,0.17860687716539528,0.18014458397274416,0.13526787527424872,0.15685134607736914,0.388949883360231,0.6763063646706522,0.5645466823537003,0.3146099761056033,0.021261734437194955,0.026502422633148056,0.19622110675100918,0.13756367546235795,0.5627401679444597,0.07462711377408653,0.4960863849472151,0.2462193485842017,0.27984562070433794,0.06308311871505295,0.02032960947454409,0.16086411289176847,0.16052081925656095,0.16435287071246021,0.05330380638298112,0.026429726090669816,0.11413994909825659,0.07393822238730718,0.024603221931311234,0.03057688913726808,0.247887075929494,0.13129105091503893,0.28752911718829216,0.07114417596188005,0.10265751157052169,0.132965363221056,0.20830987894846326,0.027971303112090545,0.4245259665013042,0.12758646232258114,0.434054707687715,0.2259907201042551,0.1901757372932548,0.10009378578482464,0.17670554878268055,0.12145670629430878,0.09172557149378426,0.11204370340742256,0.02388499770296456,0.17175633376141441,0.294888899629058,0.3210227552169842,0.1108082797751828,0.03057688913726808,0.11797445199834396,0.18338566288118843,0.031163080533301937,0.4428873851624745,0.0422696402649056,0.09200836624885222,0.7033950437537876,0.07179768623445677,0.32819301872845513,0.14736969820567924,0.023127661422689492,0.09309870199439237,0.021261734437194955,0.1499569159605573,0.6664700769370923,0.801246742080232,0.5627141950799397,0.801246742080232,0.8012467420802322
attention_zero_shot,KYNU,0.042701491124144765,0.6378794413365597,0.019413538384630363,0.5388128027093766,0.36363968020255877,0.2958753295940397,0.5667406275535999,0.3293068406292818,0.6427385336438851,0.6450322442651671,0.09349085106035387,0.30569149796341744,0.3410773893664156,0.26469204483745745,0.020043335851253508,0.0484380550876122,0.04034393887984961,0.28067431306829277,0.02296550400783282,0.49334293630554354,0.49491756000939413,0.2963943254812498,0.06683513572040696,0.5769312301371167,0.04043722474868581,0.049038471105565015,0.0,0.020036401947488607,0.2818772744285408,0.025987824526538264,0.021637597095790204,0.01593273742936696,0.2064711149354354,0.04613976499654035,0.24413456179956994,0.07152236441380888,0.05433270603590222,0.194290212114985,0.7043931917156496,0.2078140287651719,0.35734031532162897,0.20339149792790714,0.10598361407189125,0.17068390572836875,0.40883074516195356,0.45331096187299535,0.06286158715366487,0.028142962973210745,0.0,0.32185701942574324,0.073171798807508,0.04476651315022383,0.23930059686412722,0.5989288074985996,0.4784284940577493,0.07609949280457111,0.6577829331128356,0.04864149996036487,0.039009822874631714,0.024142682528789483,0.4972106329271596,0.3999557095117094,0.43343935937848943,0.03586787458966616,0.036034991484098076,0.04068753587196728,0.035393171123327426,0.03969526892555744,0.6699707198064717,0.4725515041837501,0.026571140821975647,0.027120968586288815,0.17927636836329314,0.48492947735444364,0.19388195548082804,0.020036401947488607,0.03294177586932281,0.040079005515876336,0.1931935575232527,0.5238996966803341,0.38130326034800427,0.2868317142607152,0.5972684421173967,0.06658175123701997,0.04556593568971686,0.028692151027461636,0.27920878952374895,0.3865080093989761,0.05752561142928355,0.30613917805137353,0.3437949936295605,0.027496414998857466,0.07407668800475936,0.15989667307155514,0.02937685059939578,0.1970094626804108,0.019941818690031945,0.3456567583665917,0.532672058634092,0.5025102687606899,0.31014725232067664,0.5501035143911641,0.556601499173446,0.5878760593190939,0.398399563340029,0.6276624031223812,0.0,0.02848439578551036,0.06675001805777118,0.6967387088915601,0.586389166830938,0.25624539377494704,0.49030929574175586,0.2258796245960778,0.2054063599194193,0.41106348563796985,0.040672372989210066,0.5210557091406187,0.2826346743059323,0.3336908707865374,0.4569073241823429,0.020036401947488607,0.8083529442184607,0.08162271069628792,0.4352752637665747,0.4938144760396737,0.02394359333949179,0.3093789729780505,0.42858315290362226,0.30084989534186185,0.0387313139892988,0.06881623868578045,0.04838731186763516,0.46784836906625954,0.17324104919402886,0.5154667876513935,0.2641312346844866,0.15454341735796287,0.03610659205449557,0.02573176769200901,0.028752461424292726,0.28651435258636815,0.36092283687549903,0.4936667218121587,0.1475604853675406,0.03881330319140843,0.04202229663134347,0.6024717224509238,0.027647151201734783,0.6315402681982166,0.05899616346320188,0.6934363272418474,0.6665989389284711,0.37491402830141984,0.048802733034653066,0.06539524694168819,0.13479977340729102,0.038945120982745995,0.05761762622953355,0.02518931366380608,0.3789191494763142,0.23803609663226175,0.6363981537992347,0.1229870408700324,0.028752461424292726,0.050639237135403324,0.0855208189634918,0.028692151027461636,0.6274945648096072,0.4777609847803442,0.04868499907442248,0.09349085106035387,0.46018039157404667,0.6539471999451362,0.3852897189335627,0.3559251166169481,0.03973903442432263,0.020265307664986576,0.0837874085287837,0.2981986377256038,0.11083817114693316,0.33818982471534886,0.06683513572040696,0.08333627400535429
attention_zero_shot,CENPF,0.05575358362023621,0.29908712339414284,0.014635194920365876,0.30218488474748656,0.31815420455445886,0.3255688202481142,0.3014860278972858,0.27977815824355634,0.49540368003202906,0.5317629396446475,0.18484634799526173,0.09410239448664988,0.4290203349920476,0.15566917505917874,0.015132719853537322,0.09313972269673366,0.05463101416595993,0.057353995101271295,0.03394201819648208,0.38956622067194685,0.11877334203408366,0.24067540348072988,0.13472541562887763,0.4196897417774689,0.05447235957568786,0.06371537622734647,0.0,0.014721652812723666,0.07914861203125195,0.02005957692882247,0.02920678407855023,0.02749624891441323,0.20564802209751662,0.05749682722358041,0.3873036940139571,0.10205668092564266,0.06613239509320629,0.07608588394141151,0.5062573365724757,0.12807859228607782,0.4482927070750824,0.20848135007156254,0.1946304812347057,0.18983159296561222,0.2548155494966098,0.5460013371217249,0.07007761934292495,0.02033314264463063,0.0,0.2980963781058413,0.09516246574092545,0.03151553891487201,0.056978189719134036,0.5652893677986535,0.3947691340742342,0.0678363039413597,0.4816533695962096,0.06334773956280024,0.053679629400276,0.017481991708536912,0.46116637060855115,0.39713135424597273,0.389767739481475,0.056455699901195804,0.05672702688977358,0.06269199716976478,0.07492019692302973,0.05975151855835231,0.3303038329270324,0.2843475302535622,0.019963976665003724,0.025152633801259993,0.05372675692919346,0.398622743066524,0.10425479845091544,0.014721652812723666,0.064464771309788,0.054857313215008696,0.0906778072871987,0.4622117192863456,0.48946022142534457,0.41754327189426976,0.4929251480620251,0.09829340929821669,0.058280340798720236,0.02008910177600186,0.29649748464621944,0.38711659202465326,0.06609539873815135,0.38651731951461765,0.26775887529141923,0.020364560078411264,0.15262172652815642,0.07667052177647452,0.04385314364866272,0.10889563807717714,0.01834220488221877,0.19511122549394058,0.48673161929785663,0.43348077153518727,0.09582557950672975,0.31046393441731335,0.3972973820015679,0.402289924434348,0.35549883665422755,0.5471199126473291,0.0,0.020306303455805027,0.0701186124893059,0.5026627363248712,0.29887730251468686,0.23484483153291622,0.4154974200786094,0.2265762179752746,0.11749065918015295,0.3208216348430352,0.05504274055042548,0.4102776770278451,0.22158952380203553,0.2350033648343516,0.4218858478850045,0.014721652812723666,0.3482903191364308,0.08058772368910938,0.3762424468338993,0.25262446487286583,0.08336087128833261,0.23854706059030467,0.3727825468808318,0.28152125888929636,0.05117326227253103,0.04376669378624741,0.0589304526354067,0.37149157826496104,0.06992417253606438,0.42368671030221744,0.05666451283170668,0.11577915569148474,0.04912902337349546,0.035178958736265066,0.020384128963838618,0.32632114966807496,0.42309367620636906,0.45072731129759946,0.19253273828572748,0.058312000707223484,0.07291482961426222,0.553498577793924,0.020300229908678455,0.43446957262635777,0.10620939808930971,0.4631719477909009,0.44664234159577504,0.44088593406716775,0.06285127727356375,0.07146569237038089,0.10446881166007925,0.04670174119174844,0.09137952136105668,0.03281199239062982,0.30593062016722755,0.2439277667409094,0.4694922194222347,0.09990192146836821,0.020384128963838618,0.06485122682050003,0.07793832171535067,0.02008910177600186,0.4300285871664965,0.4782598711190151,0.0623815530766976,0.18484634799526173,0.34377748261435526,0.4607034051221691,0.29225945837775347,0.14231162418179782,0.06608332078232741,0.015043771162513446,0.08466810178207798,0.20164660109255655,0.16697644755394317,0.2533401168139073,0.13472541562887763,0.14583410440306688
attention_zero_shot,BMPER,0.5637622502969266,0.0203572648896941,0.9513495176935272,0.017015810040535324,0.016045908145177323,0.24573781379798687,0.021542050171346697,0.01757595194869255,0.018502157230233532,0.01798566017839192,0.019932202891115424,0.01278922901223865,0.017087116084599653,0.01826586657731621,0.7772927205054923,0.013761232923329177,0.25813233558005255,0.020482936760024856,0.014998745284000874,0.016240708181368153,0.018444846468593554,0.018104958054532327,0.0202764960498228,0.01690612576045526,0.01961493941718515,0.019821097252647288,0.0,0.7991951726974269,0.020938755493368284,0.018924131033052915,0.3337843496402447,0.6728999688777787,0.016137522045515013,0.01945572094604814,0.01780215649769954,0.44025496983786216,0.016881593584192823,0.01690262639522796,0.01879850417771022,0.018017518212568882,0.018562576298783558,0.016018693301091805,0.020065156045723377,0.19355263256674055,0.01909536780956315,0.01705514042625766,0.018736727802262064,0.02120597063729308,0.0,0.019324781767137242,0.8389982576536454,0.9186790034241573,0.02081971860076698,0.018636194502674855,0.01818672565339138,0.018093791107570947,0.018168259019233794,0.019597642536977482,0.019030698886071805,0.018815510949821736,0.01632388007832193,0.018619638990588352,0.016006607049629768,0.015121660348671252,0.0150875467066762,0.013936010020479726,0.014121313515388846,0.014798223649109996,0.020608065239265155,0.02048459332739184,0.019394622276456986,0.017530790693947362,0.3610851567909987,0.014132148870967849,0.014446501123756906,0.7991951726974269,0.0146806821731675,0.6799975083882064,0.6174136127367824,0.01975677866717782,0.012663515720102625,0.01077693623541316,0.017408626222881567,0.016632203553083133,0.018092581632789505,0.021975723444930286,0.014061944980600899,0.010414431355066724,0.018059511607788112,0.112196888537498,0.012393045573898821,0.39897976211899455,0.015880078970681305,0.014895454002349968,0.756720840656803,0.013356562678175322,0.014071397278762889,0.019502743052276228,0.013734443931755935,0.017960537664962983,0.016602674349335583,0.01988291912406461,0.018084249526823644,0.017959996982507994,0.01930128987233253,0.01813879308800924,0.0,0.021601515168513982,0.018564216618259428,0.019546175689416675,0.019242028820403538,0.01679425611199447,0.018863548903611093,0.016924015292765434,0.01647953616373341,0.018547341540411558,0.7637790117885708,0.01916731196801393,0.020087837417066615,0.0194135149507281,0.018027500200877965,0.7991951726974269,0.01988527806792757,0.01755662249091109,0.016247508942275786,0.020563029275025034,0.013424987383067317,0.018228086212161508,0.01875118169733421,0.016843910831742977,0.0163190659478479,0.0153950784201696,0.021263079789082925,0.014383821486518102,0.01727139534353587,0.018162376099049193,0.019472879753309743,0.01761306734077003,0.017858296746214777,0.01856182777735796,0.021895483651264196,0.01335263690565447,0.10795022940024361,0.01856639692184179,0.016168253752489207,0.015419174715127288,0.01371272585286784,0.018303571531635275,0.020568227986396893,0.018365412487510446,0.017232927983369836,0.01982869969733655,0.018983426263737693,0.017643600614765668,0.01635223077897358,0.01744289195439614,0.013921025526234887,0.0181134531497497,0.014752850282600828,0.01784746611940927,0.014176789436443916,0.015845290027906477,0.01832581641862096,0.08215053100791425,0.021895483651264196,0.015710349537555166,0.015949383463073504,0.021975723444930286,0.01999344010202203,0.01596778187731613,0.017785949411867882,0.019932202891115424,0.018206603670549357,0.020420846517238862,0.015497766822248153,0.01737734009154241,0.4209013291779283,0.8385026391056801,0.01592058348096914,0.019565905948662435,0.02060490884561352,0.020527567850675298,0.0202764960498228,0.020417244390875965
attention_zero_shot,RGS1,0.32263490726402566,0.30974029450038737,0.019599240605821227,0.35312240693174,0.46886001230939006,0.3507703956308114,0.77661704933011,0.024266906917297288,0.48597148018250413,0.21552314505889042,0.02641110462822324,0.016864893578643382,0.3767479833834755,0.13933357338799754,0.02049922580009471,0.4073957710014627,0.628663215282082,0.12815909357051275,0.47626173505668584,0.5426862740760454,0.10137586377858417,0.12028987014403887,0.02622627234467917,0.0532207072587954,0.5820821586710874,0.4629555439134605,0.0,0.02023215594784074,0.6728662645171739,0.5696088546396798,0.4252357357573017,0.01655648827262208,0.27534738037795675,0.6024284921985634,0.5279291709382385,0.2899004622953556,0.3725679009297251,0.36546462981816097,0.37438772582714785,0.3852196262622426,0.49280234392964867,0.46526381031260866,0.02666120862322738,0.06271077273015307,0.1889435661632258,0.1702988535906727,0.42299415889666697,0.6553809577856912,0.0,0.1786625703338884,0.12675065169187114,0.032388543655812174,0.5179830923855108,0.6809423637006929,0.43183974338766973,0.3730151560485791,0.43225523060199783,0.6287376876830325,0.6322015666113776,0.5684817996547167,0.10288222481474263,0.10187179239181751,0.4888016865982035,0.5159220785394858,0.5107201132493021,0.43799551728262326,0.4579893191654577,0.4870514485202515,0.4043342676057608,0.768014472888908,0.541461126137303,0.48233409292586293,0.6297588641891324,0.15357472005983533,0.2974808900127146,0.02023215594784074,0.4395208758308033,0.020073193885724476,0.4164782240381885,0.4994522806753167,0.059254123500947026,0.01634091658789905,0.5537315337548198,0.41636683209957753,0.42964790684301474,0.4847687696070637,0.27993703146934584,0.10855564056128734,0.4053188277727994,0.38069291391021487,0.12905786694701232,0.6647298010617475,0.023586509205749416,0.33877315938702857,0.018636698450800567,0.18058980433130128,0.30944203984859575,0.20770613507318197,0.1986683396926489,0.5328115454762572,0.3152629187572089,0.616892767279633,0.5605007182161768,0.6560229164714763,0.11889237537327906,0.6060019141905073,0.0,0.6391418333501885,0.4045072341171305,0.45764733790638273,0.30756611994952243,0.11910286088143938,0.47634452897471813,0.3739047777790195,0.3204710026951855,0.5776474929581032,0.020725109115089325,0.25864278539558694,0.026981829826702164,0.02640773755292617,0.4803844688293984,0.02023215594784074,0.29484648777971967,0.4417358729407515,0.3610198918013529,0.1270377174494186,0.01576183357007176,0.02530313424459769,0.5195227432591927,0.023407018194665088,0.495307050041613,0.5436524651717115,0.6127425628982752,0.08176637940307621,0.3892186484840333,0.6396576561931372,0.12119757031306702,0.4632585839035248,0.5710595660037505,0.6231287471379232,0.6330484411429235,0.01974785268847528,0.4019546896406469,0.2825419036754751,0.47595974933427504,0.5236480543432728,0.35936609851548956,0.26942858719673396,0.6316860818412176,0.23754549495395652,0.45983268163939606,0.25656691186186015,0.5574803967699561,0.5058056479420093,0.4865444666972171,0.4607972500508466,0.22720739578491897,0.4786115128453267,0.3240962146792093,0.6164607466368013,0.3835144097822989,0.10405096128781421,0.24528887129079033,0.3389010139246606,0.6330484411429235,0.44345856821685004,0.3176264063462573,0.4847687696070637,0.2054686947917579,0.4059558576756228,0.5370362586167582,0.02641110462822324,0.6255464383392213,0.4118745821154366,0.3928509267961056,0.39327632288820746,0.35367429480204754,0.0206593159369936,0.37287696434455514,0.10276039511351764,0.02704907370944963,0.1600961384817433,0.02622627234467917,0.026534822856468094
attention_zero_shot,KCNE4,0.14341381974855683,0.02205808634671611,0.015204989888052948,0.17625183486436305,0.2542743462830111,0.19685606382623833,0.3379340238778706,0.02196869028091684,0.15059651629202134,0.03794690397937462,0.02215109954237485,0.037913907547324176,0.13536823439065865,0.020443325658791867,0.018010889268884965,0.29337157701687117,0.42769618295071143,0.020221739892513458,0.6624163141453557,0.27098305516117693,0.020556920938465496,0.021600332725155276,0.019929313897988247,0.03807824424589505,0.5046095597109909,0.4564624802704274,0.0,0.015921539232370937,0.4863292164492894,0.4947984241319942,0.39505690286681444,0.03989301748421808,0.23355303641606923,0.490221751645896,0.3211139670423066,0.18287332582783414,0.3358628567829381,0.33222089365962915,0.04725764076789294,0.2791562053261534,0.20650017728135883,0.39040438129874566,0.02297037054155004,0.04717064471762122,0.018308161270199498,0.03531667290434428,0.39922351727938593,0.5155401902314913,0.0,0.023775178082591733,0.051360354499673425,0.022817940667990793,0.4014606813183379,0.11353013906040765,0.12587816925994616,0.31941962736334706,0.11116190904209317,0.49252504082278237,0.493225348889001,0.3438733373173021,0.04669958661430533,0.023400100540912586,0.18038194789319795,0.4163511788825829,0.4154067087387686,0.3794064874358456,0.3935464685302507,0.39297638882637453,0.024765437084678356,0.37109647494569525,0.375702097943369,0.40121118850247434,0.41065541590010507,0.049701687858947845,0.18031122082655066,0.015921539232370937,0.4625724597752994,0.017093474700667095,0.16410619816488559,0.17198364175197448,0.052793208333355574,0.05720418078964828,0.1955140353639276,0.30563117689109554,0.402657835772015,0.4960307668807382,0.11000047254458659,0.09164416816706991,0.3633570157355133,0.13854872568722565,0.03937669368375271,0.4485905361019092,0.061152523159142526,0.4259154802183576,0.03209776143941791,0.1971889630977568,0.18126667222736687,0.023034046584128408,0.0501116559036143,0.20780490947843697,0.365626613238835,0.2348012695979751,0.19572734522682103,0.11417931060628655,0.024863179676776363,0.1109682676546916,0.0,0.5183755652877757,0.36507892656498264,0.13288781064200678,0.021983789000278784,0.040000556803317336,0.18023064494875082,0.20965170001474212,0.25245510507820607,0.308242381198147,0.018180000082941843,0.023957666908558807,0.024265097735941266,0.024039571582878366,0.21631868898730724,0.015921539232370937,0.023404562491308414,0.30211937260767074,0.14183843478600677,0.025367729432145283,0.012234990025815653,0.0428973847178969,0.2664815630298237,0.020234030464810364,0.3948887462214306,0.686021631299118,0.4945044925449891,0.04729493778124635,0.3495536490255129,0.1564003612399821,0.01979086258737189,0.3377919544174998,0.5908377169063205,0.5797643664448395,0.5304323972125037,0.04934756135480459,0.12277615577044754,0.023726964836347415,0.28810530350631836,0.2918241718061248,0.33775859004329817,0.13943882982290837,0.5068895758683891,0.05867175848389142,0.3357272955487336,0.024372730363172727,0.23980167159299653,0.35685507170402797,0.3631069319131436,0.31053662704829577,0.13447690904061566,0.33725802124001586,0.20759535124196055,0.5080710422232512,0.3025634909213917,0.01860376781021748,0.023618943887439098,0.28505009417951305,0.5304323972125037,0.32288775075203124,0.2582434097797308,0.4960307668807382,0.02430256609946245,0.07317083139877803,0.40682910298104125,0.02215109954237485,0.234161776222782,0.02635297635144111,0.22145664752981453,0.14489075463286405,0.21630105651451595,0.01783498377239946,0.2545775435506279,0.022864473163354628,0.023299443888582357,0.025356152645419752,0.019929313897988247,0.02133353472740246
attention_zero_shot,COL27A1,0.6072876544385398,0.0164017412668149,0.6180509599672126,0.22659593902141145,0.01564847647442531,0.25346494738008735,0.01828198418054501,0.01630591831159023,0.025544314513058206,0.02707488823717369,0.01635512499426626,0.21333370519110356,0.016183486226973545,0.015844800738438948,0.7688384268734357,0.03359836062495274,0.244329874718705,0.015924606865229982,0.04165214128314143,0.02635700145930542,0.01594323967864148,0.016147743884845227,0.01577742667837938,0.028091844764011973,0.01773985476166159,0.017143341275059554,0.0,0.46980730950005645,0.01778200312690012,0.016830210182922783,0.6775099978679107,0.9593300297856777,0.022170857320553426,0.0178012056719872,0.021584219802093515,0.5023478377153564,0.01588901550041775,0.016021254694858298,0.03174924717750574,0.01663818496537451,0.017664452559892182,0.023164258933423887,0.016613367596525666,0.22200787651071463,0.014931512786690656,0.02523131921706215,0.016877785783227045,0.017590352953548105,0.0,0.017006719627699857,0.7822553789533296,0.8807468375363378,0.01719635928618811,0.01838581675113864,0.017207648693192704,0.14190879167015444,0.02946694862465073,0.01784855275993509,0.01749572106637921,0.015155110634498497,0.03235583182384633,0.016899463374021866,0.01561549162637647,0.021579017721429252,0.021626402635466894,0.0238114547700305,0.024076444801787864,0.02113925794687422,0.017298488823308686,0.01818072887546431,0.016774892239275502,0.01591169448935449,0.3085633849903488,0.0350744416246681,0.014208273536807543,0.46980730950005645,0.03139613353727327,0.591949717104329,0.608791253889119,0.01783767493407033,0.038658729710689906,0.09065048479939186,0.03155834007732702,0.015845551203561275,0.016155618063712247,0.0172491914911872,0.060573015248856374,0.06286777132243325,0.016136720906568598,0.1275838855093329,0.28498678858687554,0.32021329816812744,0.03593224430542297,0.133149695168243,0.7647409911449458,0.03770817937221785,0.36685797303001827,0.0166668761450293,0.03561035537046313,0.025953519416375834,0.026832735541447963,0.017698716340522367,0.017069218376900404,0.016818284721901212,0.017551589071341855,0.02605584001783938,0.0,0.01758725757006161,0.016522355262811626,0.030174792924687166,0.016381689972136976,0.027185031030034862,0.01715200152061903,0.01648692633783202,0.015473427481844274,0.017303756148210978,0.5162059936396597,0.017073448068242642,0.017097468649937265,0.017116622232274295,0.025685418641915283,0.46980730950005645,0.01688546758254435,0.016228748317810474,0.015846332596675804,0.0175588648812457,0.010913936237164116,0.02850102869848318,0.01769200816252683,0.10785310783035693,0.07470754696521172,0.03800575237996335,0.017802543871219767,0.035433301699085665,0.01593997300964228,0.01762595551272504,0.015767602543216797,0.016850162586628182,0.01668957944404963,0.03719741467036434,0.017734241811436718,0.03678059636007777,0.15684306388318103,0.017062688396010155,0.015765541958904384,0.014825761404710773,0.03661352754306977,0.02489813460961645,0.017420375379742448,0.03611433143395678,0.016234765798344215,0.01722508241159787,0.01750785545679357,0.023611350721883136,0.01567620166366874,0.015991682460851055,0.013874275824867265,0.01641078320794703,0.01448738396262772,0.035164361298557115,0.03137845151004717,0.014893999748161557,0.016965792381140734,0.09790536438990784,0.017734241811436718,0.015089828695828929,0.01521188513813632,0.0172491914911872,0.01717002544804619,0.02194921421678824,0.016904169296464912,0.01635512499426626,0.017300029033800207,0.018082359060795784,0.015002826774941002,0.03210481781304655,0.6007513350748371,0.5425040596934587,0.015440395944963707,0.01655982239267937,0.01669147797151531,0.01753727966642412,0.01577742667837938,0.016120195913305355
attention_zero_shot,HCK,0.23394147731118842,0.31059312298242703,0.01743353525590194,0.40414963727357256,0.6701751546546404,0.5936447905988301,0.506084112247117,0.2900888187530326,0.5170066270147121,0.38840621049348956,0.14013155513762768,0.09363038843709187,0.5929297404995431,0.1689173236146251,0.017934671810073216,0.32936823316729696,0.39906046159079617,0.05357426648796309,0.2699194251179523,0.5428408751716115,0.12284617638238798,0.23481035047968618,0.11560546420254997,0.14726247972890708,0.36082691622960383,0.25445931726021487,0.0,0.0175927540583498,0.29994659386367867,0.33627007528942526,0.2940067357610729,0.016473185968846928,0.30262942437443907,0.4741267167942058,0.6477179419242672,0.3960766173035315,0.28409676367041636,0.2685585102214463,0.44604794442880774,0.27752440550832463,0.6646343952138589,0.5679744121855803,0.15260542658937495,0.24496806196534984,0.27315585344386484,0.5176554957460134,0.2620916495588218,0.2615456033828814,0.0,0.20014126848325406,0.1492330921160967,0.030406166392403643,0.21083891967849674,0.7535184325770309,0.6586636771012487,0.3542416216947289,0.49259706519989027,0.40353233136749933,0.3887291409003681,0.2612530807042139,0.35669742462760656,0.2417195492411634,0.6192964875524097,0.48509307550342695,0.48113929668187744,0.44656099243806313,0.45546411737468157,0.47625671722910246,0.34664879791487585,0.5642250341141709,0.3198943489198046,0.3443007731540838,0.290739837052422,0.31812468646684,0.3593878711881631,0.0175927540583498,0.36572443749702344,0.08415669389028924,0.2706089257061458,0.5830772410149608,0.2047145240207371,0.15465889826198995,0.5256436881176996,0.40230560794018805,0.2668823380098467,0.18792456948111305,0.6334302218249226,0.30522083831128444,0.28602963125351866,0.6221593948655072,0.2666847055139616,0.2938083661192441,0.12434450938471502,0.2304216979463079,0.06136520528452295,0.1782782311853794,0.18289550410571143,0.2264749215502521,0.40902881980082617,0.566134969066464,0.23908321424115841,0.546379697947844,0.574318395368353,0.6108330261137954,0.22270578043679132,0.5742174882928919,0.0,0.2483506111859226,0.30463671549677007,0.5460166231369246,0.3740976593563491,0.26767427408314065,0.5917085891648014,0.5608774672598709,0.35964761637427184,0.5651882440058235,0.08439814397523919,0.5118208195218189,0.18036971842311145,0.23197212876769263,0.5588676417569388,0.0175927540583498,0.3048443728903874,0.4443053540842145,0.613306687330395,0.19787362556967406,0.036543566223515275,0.161782177371819,0.687329864090793,0.12254297382969556,0.4705917312541109,0.2765839743385488,0.31836441618663625,0.1613748809384441,0.2481239742945058,0.6663846676483781,0.10303052420751321,0.4301507668129071,0.4236416205849643,0.30799412673290266,0.24624136003725397,0.16394925740199343,0.6139030530560406,0.5787204670060301,0.494449242432846,0.31839642449573424,0.2199757244383405,0.4398642588637763,0.26006297070720247,0.40299583069560324,0.300603897446092,0.43233084046743664,0.5438414401922453,0.6104436785800634,0.42449505044457764,0.3880009319152947,0.5414658866152158,0.34270581846810505,0.44791319197195156,0.3011383820515326,0.5771754319989487,0.3144266517831829,0.49347943756476936,0.4522526098343897,0.24624136003725397,0.4208662052050176,0.38936863765248664,0.18792456948111305,0.3756693322850363,0.5611006176033884,0.5021350907031245,0.14013155513762768,0.6318068699081392,0.45937642837850223,0.5362071784544493,0.18066905133896421,0.25425298449990713,0.017895286991602196,0.43695599106699223,0.18259384232824094,0.15516169177241623,0.21121298844236647,0.11560546420254997,0.12931828976010362
attention_zero_shot,ARMC3,0.18871077875200767,0.01994279681084806,0.014635775819031308,0.08054935962220845,0.08629357280335039,0.1683136350699944,0.02080717955865642,0.12638010456450763,0.08849152221683193,0.09743971991827297,0.23690842961160366,0.1281241224860714,0.18147189541955117,0.04410447991289445,0.015973085783331096,0.06615170290202532,0.14079880777643344,0.02063949621042684,0.0122386562840216,0.05396331716405768,0.19340810757363197,0.3431604390576098,0.29244095771754336,0.07179569941315128,0.1337904080815893,0.06897386466107051,0.0,0.016542738617477473,0.01997048689656289,0.017365317965864505,0.013630321791922034,0.011545545914652207,0.12021677437293897,0.11473192804588521,0.07332889419427532,0.16623165834380058,0.06335101426456954,0.08411742112481858,0.08941243886019046,0.09971952357558227,0.09408420646987524,0.017995901072646828,0.2461638509625936,0.07836216265851394,0.01924609741126928,0.09638609151363833,0.08525149773190782,0.020348390018440618,0.0,0.11532666645798521,0.029345063218207595,0.016595943261541787,0.019670963572289212,0.03854976093688367,0.22629758699514801,0.11807571866706312,0.09529189298617773,0.12851753601292332,0.08199212594587171,0.0180136380804484,0.23360394029136572,0.14055654987864621,0.10744058081025472,0.04239079312083651,0.04275216429316981,0.09444829685576588,0.07306227491349784,0.07096991800249593,0.020116971660742757,0.019504049013279658,0.017684718964263563,0.021466171425672344,0.019016726477738864,0.057769489751958364,0.28499667857332456,0.016542738617477473,0.02877108424061951,0.27962040304297636,0.22885978890196607,0.11625524846425912,0.08390853073775595,0.08499331438509149,0.059624342546730436,0.2077049232741693,0.16818248374401656,0.021975179498908076,0.11616546558433635,0.06758997548342219,0.08986751816009358,0.035905447316576945,0.053923035805364915,0.019303177932091287,0.17546457463052603,0.07127747305472244,0.08246900597076069,0.08260735909029418,0.012575276946417288,0.08652838526346475,0.07824059156513752,0.064915854745363,0.1413842592788731,0.01874283558147847,0.10286651477550997,0.039927635076594026,0.13614770764163547,0.039872872247129945,0.0,0.0209991058106276,0.10466565032436065,0.12081716329281603,0.018152267219368776,0.09715853725446508,0.12475207899962142,0.05974964788237479,0.20570079644309036,0.07486749183031477,0.28077167314335344,0.11538173978448478,0.23542123241327945,0.21110456408944397,0.09598398489092366,0.016542738617477473,0.019111217170389567,0.3431191538473035,0.16933669539706994,0.1831839707198417,0.051020773704126075,0.15966766716123626,0.08323877347731219,0.07767530078890085,0.083046685952898,0.013205091183416267,0.2839547925670321,0.04755588257932067,0.08379546953391519,0.06102587010375124,0.018118884872280718,0.04433147687286902,0.03326818516770364,0.017017464967695486,0.02148714265476783,0.07614906028410377,0.0573795055924396,0.08654359909942855,0.06710449794913384,0.040427720559289296,0.05078405582907479,0.09377755479063443,0.01940380391034648,0.1516372268289063,0.06694608180234325,0.1360703743173968,0.05859444243779942,0.055336885041252455,0.13066023360440135,0.27057561885936665,0.18844465667833316,0.10257146042317572,0.16824648394030017,0.01627871201475249,0.17280118248094456,0.10948741423936006,0.11188019040293694,0.1316665582102053,0.02148714265476783,0.1335643890761098,0.22042494530971557,0.021975179498908076,0.1281374575812436,0.027377759888439334,0.07942953912129411,0.23690842961160366,0.03513862863805193,0.10058831880247364,0.1864793899857384,0.015711826512519157,0.1114224787901133,0.016542738617477473,0.14284995367926479,0.22651681421146214,0.29244095771754336,0.18313425521243853,0.29244095771754336,0.29244095771754336
attention_zero_shot,SNCAIP,0.07956641439330753,0.47893050959086103,0.017367534504760036,0.3557229180596372,0.42222615933337326,0.3951397912581625,0.487494360190336,0.2862780888600611,0.5228708905703834,0.5618659653768323,0.06367791489697455,0.06255155752991591,0.3978627928309346,0.25430881684792733,0.018223924997502736,0.06630018328492839,0.13482333757103757,0.22349285240252711,0.13481953084410322,0.4571351569831187,0.22562834864203216,0.34109781870295486,0.05037918750239249,0.5222349379240716,0.16935406841705988,0.10503547768698807,0.0,0.017763525161053118,0.31721323988135525,0.13374755043627679,0.12549705669246253,0.015394906361659124,0.1338767586872181,0.20322611310214103,0.2979139138767572,0.12099687768412108,0.17345851887530941,0.1340670470157092,0.592154262992225,0.2426479828197762,0.43706524770715044,0.2594577603884749,0.07015078769421143,0.20986983689552105,0.28123930692971155,0.5301276990668626,0.1174926313730295,0.08743147215868265,0.0,0.2820665051672691,0.07223223813907369,0.043931328629888904,0.23192843984835784,0.6302805256691562,0.46226393255857007,0.09476917355826688,0.6122358655955227,0.18426987194272812,0.1694407327410536,0.045037218700927625,0.4396848578297709,0.3552557045128101,0.5140396548405403,0.17104107214469533,0.17025773794085167,0.17762713453212672,0.19087661667200112,0.1750952165617869,0.5313190125848989,0.4476981331948654,0.06431798854484883,0.13937177041623436,0.22145225609527114,0.40131993479043704,0.3569475199938547,0.017763525161053118,0.13511990131735804,0.060596573181360046,0.21363955085608097,0.4565941310483604,0.3278756977336513,0.19443596087253626,0.5438779821883387,0.18544034822707753,0.13124231106550988,0.06270446747744846,0.3499553750059105,0.31727683849871,0.09573333883125677,0.413897738074551,0.19967471110320836,0.08273750519473388,0.053170843262676376,0.09555837425095869,0.06563594287750506,0.10754854987160448,0.04801911185363418,0.28853282546372866,0.4401206339409584,0.5030536643276008,0.10266065408988571,0.4759083868559628,0.5665020285085347,0.534318992822524,0.3546608933845229,0.5878198627740082,0.0,0.08053330508048218,0.10172995964178365,0.5496973197010728,0.45589056397105515,0.23095558205270247,0.521714861634938,0.29105657639597404,0.27223562266882817,0.3164498593594671,0.06109104607580481,0.4143701767618069,0.22813990323619612,0.260807496842862,0.40678066687798364,0.017763525161053118,0.6475600810909694,0.19868492471099874,0.4471756547902761,0.4014468230971378,0.04885214424389915,0.2639514622133112,0.4795983108251319,0.27977485250589745,0.17330146835627416,0.14923134687846734,0.12860814716425759,0.5109530001606181,0.10976834906259526,0.5427542978377388,0.21311746272877047,0.3042493169707934,0.21035733754534036,0.15009503695696813,0.08142560204556062,0.2567204540327855,0.4303333779761372,0.42216519393318414,0.24478534658942447,0.08609358203045069,0.07662898198109672,0.5841204042726772,0.09197747913961292,0.42416539590603236,0.11595782335999194,0.5523608234563882,0.6761467358783801,0.4240015734848373,0.22448283439775374,0.22827427844283038,0.26332293538708107,0.13884652811572648,0.22011489518302046,0.11259734414931465,0.369858048327777,0.27501405626858866,0.663099718009709,0.2653866178181439,0.08142560204556062,0.1552132969913447,0.16405107480863895,0.06270446747744846,0.493609613009347,0.5034977859494039,0.16681582519431312,0.06367791489697455,0.4815658106713518,0.5389233396775968,0.3781223497899336,0.31773619246900914,0.08936802686360573,0.018249083378086502,0.15984310585471798,0.23098479956806128,0.07249393319298755,0.2688776756727129,0.05037918750239249,0.058487927588944014
attention_zero_shot,THEMIS,0.08736551115073396,0.3102493867235422,0.017461625671909942,0.12056811755078192,0.2063453843129219,0.30869780741203606,0.3532467776142431,0.4164297278621996,0.4698624160203308,0.498996033818199,0.3874643883261368,0.174864317339434,0.13871184322837515,0.33237277401112114,0.01851329555440833,0.11856296312793194,0.08295702789360739,0.350816342026858,0.10802697206761498,0.3717746704144948,0.4251181281451352,0.5635557148590735,0.35469996647590885,0.3292830441233018,0.08153174936441067,0.11480465484347684,0.0,0.01799588595811071,0.3307349398631051,0.1146817673787627,0.07402155605152722,0.03331760219377497,0.2747552026747797,0.12460538979090392,0.40034358983231855,0.11783991133520401,0.10511692686169939,0.12370896249610727,0.5090115005042571,0.3006534475771319,0.38977185464144426,0.18241841651475232,0.410452296868031,0.25451634422492775,0.0215937837920455,0.3874016983575016,0.12458122403140987,0.026081944178299867,0.0,0.5725682042613013,0.13172413293019372,0.04926097462915059,0.2942756928127668,0.1091126455956809,0.39906495633244937,0.13200845060394945,0.36960500340330793,0.09597013022884603,0.07558514806675645,0.1136136430942465,0.2918681794243346,0.510590655118345,0.19715977713142996,0.061056880780527775,0.06153321868819498,0.069025059245615,0.06208104061027868,0.06598928152960638,0.3683382749927004,0.20156927822576878,0.2137085332849821,0.11977312964457784,0.21571605180604472,0.2643774306542962,0.26789560134381285,0.01799588595811071,0.14261534168334988,0.10372981202627363,0.27927627891667883,0.5032973391599235,0.3785858117166571,0.2517773649929471,0.4002203302342584,0.11664418918715219,0.10258549537826447,0.026255541010518645,0.18802918225947493,0.34470461741280706,0.12436230400699984,0.22361319277195113,0.11042641817684412,0.02560917068472001,0.40752749544717826,0.12656453398065676,0.06612408093877632,0.14685954599412304,0.018717508349719116,0.6679617679380769,0.44166311374296185,0.35504842690043426,0.18041428812205076,0.28765852612077514,0.23511038870670767,0.23920682050048092,0.5138233118657101,0.1523009078137651,0.0,0.026322224873975297,0.13423207554544514,0.4976747424714365,0.3692866936046491,0.5825906885615054,0.28019083875067324,0.5309340833711592,0.1358247622773205,0.1150575231720868,0.10435440936662492,0.7177966223638451,0.43216763543093595,0.39972588724566266,0.44301039581164636,0.01799588595811071,0.25310384426915916,0.1480673777531588,0.2286309060321321,0.6191460867785167,0.04109403698522672,0.3885172003382527,0.3734527547451913,0.22422600956936464,0.08945024788753084,0.10141810685156714,0.10936608957075335,0.33907703615201235,0.12385269666374517,0.18319733084445844,0.41051316964188733,0.2371124964224834,0.06694026090546683,0.044479656319851124,0.02660605907974486,0.2889775604615535,0.3060628172537055,0.6259708401498923,0.0686718579860819,0.08715028492637435,0.1245516835905019,0.27875425824067457,0.0256685117238468,0.5740346402294265,0.107542041853989,0.5715725401494453,0.4055911684579745,0.3301733258520609,0.1394968420981097,0.18335699911820433,0.23360626890786085,0.153206374030428,0.15043905414453398,0.04239948573069285,0.3029548734081338,0.4301265150813475,0.46231391729789645,0.16530408029990123,0.02660605907974486,0.14557918293980512,0.14117804431675263,0.026255541010518645,0.30540641417410724,0.13784327269411176,0.08464806088876319,0.3874643883261368,0.2438727778654865,0.52977058498249,0.25757897237271177,0.4206725069011709,0.09285817166708789,0.018577594658143768,0.1766489957771834,0.6424270997963297,0.43350233864137766,0.6538231682395478,0.35469996647590885,0.38446975151619706
attention_zero_shot,TBXAS1,0.17059016901123913,0.2823958546607295,0.01726849869112756,0.3940885390449952,0.3924610694702469,0.281150147619163,0.40422948502767286,0.12756172471066476,0.3817919576241739,0.20566363098049317,0.14461516954515216,0.11375041893583825,0.4030164424791158,0.040567257260755676,0.018495570723237032,0.27778565760739315,0.3635189075714997,0.0221767078665207,0.23876505658776986,0.5146621690317974,0.1274343398359508,0.14399264855899585,0.1303251843742702,0.08978189587637805,0.4076122639864523,0.7581523047345918,0.0,0.017701604444328594,0.25503182793933926,0.28751461398800204,0.22998955909559138,0.015821899970453204,0.35609937680377335,0.39557339148204873,0.3655635224492476,0.19045543133655515,0.7712184165936602,0.7472789655559061,0.3462425852478989,0.7381125080475662,0.4025157213122619,0.3260636378755721,0.15337386669703118,0.07314972984534068,0.26286761885827503,0.2118187227031376,0.7879648283809649,0.31138570909121654,0.0,0.1170306887223429,0.07910370593488243,0.02286097290351357,0.24413823057762613,0.6408151263805898,0.4255225682802326,0.30310404844660993,0.45121222315705756,0.44041836366601617,0.4424190254692191,0.2009997713590247,0.2433707700822264,0.1339192653899116,0.41934019913883896,0.5169515105387391,0.517301687843093,0.4585340915232611,0.46313718510434565,0.5044484744106508,0.274321906310226,0.4994009805222434,0.24439013516770777,0.2303465210028605,0.29071480995077514,0.25837344231151355,0.24770511183090055,0.017701604444328594,0.38778904060640634,0.07366881904127248,0.18705630152834174,0.5675657342063176,0.09903748524793864,0.09856977011144892,0.3752564274101357,0.37585925065654346,0.3868958990100682,0.2686891074119471,0.33923160746799014,0.21758631034300038,0.3792834985408615,0.27412148127427827,0.2181036036660262,0.291297163812781,0.12720379720486025,0.3402892935937122,0.047312899676693394,0.29170468338888167,0.15765394912975372,0.1033353936766505,0.2202871643995247,0.4324111104740442,0.33212502992030996,0.4456668916264774,0.4060026184167167,0.5432310656719779,0.13352334904581298,0.6217925087413914,0.0,0.302595672562345,0.38130637965687475,0.39306836696324926,0.28414811959262387,0.10714502468166,0.42472991357797485,0.24752651611183868,0.3236823538935851,0.5291208436051201,0.074261469249786,0.25985217976500113,0.16442914440468379,0.16669726783021166,0.49005882714847426,0.017701604444328594,0.2735527163226691,0.300518026775138,0.36171360465037194,0.14589305229026836,0.0316330954002677,0.1382049759542447,0.40994454317168205,0.09666553468469243,0.4919915152084061,0.284740980587541,0.3637155462953015,0.07037738382907013,0.3863367112535543,0.5622355020993162,0.021876597510124045,0.3522992492610389,0.455315528698236,0.33238267535190197,0.30862408852470896,0.09288438839005128,0.30932016882033686,0.28479944707563326,0.3270096092807524,0.5892635006645807,0.639234274102768,0.4321139173403517,0.3399653983413415,0.28320332719936536,0.6256440957719988,0.2845019759393141,0.4429113894355116,0.38846809275000727,0.3824744750571774,0.3205896297182606,0.21686178694212804,0.2781643648435596,0.2743793050160855,0.3475588360968554,0.4008769389015871,0.11002306286953288,0.27098677160755696,0.5369622341977531,0.30862408852470896,0.37891510843972853,0.34859835325868593,0.2686891074119471,0.3515468793534717,0.39011071032005357,0.4321682537325178,0.14461516954515216,0.5043042418934894,0.499761220755827,0.6309674127217322,0.17366534200809103,0.3920761595781892,0.0184495898873972,0.5311348894154216,0.1524872741801313,0.1600585781783214,0.14588610621823306,0.1303251843742702,0.1413375524498447
ig_lora,ETNPPL,0.2788763911311779,0.023780510531154878,0.01699732283055795,0.7308302430760859,0.2647920245776942,0.2029070619455736,0.23243479690157795,0.13776623066315843,0.23136124242364042,0.1119712299398836,0.1928069563281166,0.7731017157921769,0.16371238855308362,0.04592070743537204,0.18791453220642382,0.20609792064433802,0.39195162023908153,0.022212247729398043,0.24202064655621328,0.2385679683647051,0.6139135714943933,0.17253776950559693,0.17564604555378235,0.08600702650116063,0.4380997121315039,0.40992695503604376,0.0,0.01807228393013637,0.2740125224721655,0.3293059697686595,0.38326852213235296,0.11389441320402355,0.44452929735841207,0.44563933312962456,0.3018680640305741,0.2273703665686375,0.32558699506222505,0.5468851418565884,0.10443676659413853,0.2940708765107498,0.23338375884494664,0.2241513550787975,0.20661159552326133,0.07590163981664104,0.02047342246963551,0.11042249206104694,0.38969649005197804,0.396151811797673,0.0,0.12507759828673182,0.052772148591422575,0.022909961223666647,0.2561314265126339,0.13602773284135392,0.18011319509933654,0.44473874737953817,0.12542625774642266,0.479118221534778,0.4678197162603745,0.1860370970535485,0.12577632663875413,0.14926461245300124,0.18787153397721434,0.3756944175502456,0.37418776860269953,0.3279292064321397,0.3353375261517228,0.358272797959998,0.02613933243580106,0.2967449471888075,0.2544546546137049,0.22187950470337242,0.32948238098325694,0.07334709895088364,0.20471209133159451,0.01807228393013637,0.28080439176747923,0.2107828082797492,0.2241608090754415,0.19791071408327804,0.2117491926884398,0.22768447009494053,0.17250805153054424,0.3192424646436753,0.3464164138073988,0.32268888006803303,0.2038400470365034,0.08076511675423614,0.3260962810535182,0.15958305026045244,0.6313287605530383,0.3435210828962621,0.15385884684469536,0.5596475936284075,0.15812145185361176,0.4166059059942424,0.5637118433699626,0.10108004879322803,0.0908670597903885,0.19153276590746077,0.6513045376295606,0.14805875754081632,0.18221969366321566,0.10125351045850463,0.14687351871694487,0.09792122901814829,0.0,0.38603685314534253,0.34814179647328586,0.2747996145100193,0.0232297068301945,0.10833714108476329,0.23718267259639833,0.23494177026755375,0.25467394212932815,0.5010476791492566,0.07544807702846613,0.1259880252459151,0.21511403771686383,0.2071298438674787,0.2287262929398151,0.01807228393013637,0.024665051626316953,0.30227721997647505,0.23095570992674042,0.17805678517087825,0.039605480280031094,0.16123243935927667,0.29864189740896135,0.17460880022835115,0.44019854996931207,0.31555037022777055,0.43883736691528996,0.06101839109032692,0.5552846496946934,0.15095707279910203,0.02143545826110988,0.29411013561719823,0.42663475763096503,0.39979690384765854,0.39943333306170686,0.08922860127910957,0.200575171618477,0.10096886544835644,0.288598915586069,0.25376813963365596,0.24731980743615106,0.1720843721095356,0.397568266895545,0.3527823459465919,0.3363809521201245,0.1418724276927179,0.15856841479484315,0.29088163336922307,0.35801559688588197,0.298215290034635,0.17027073316425687,0.27841003966652955,0.21438147133822805,0.4131149110508866,0.2142743017305196,0.11269054039089439,0.12569503883136107,0.30307814179780423,0.39943333306170686,0.3106330308268773,0.2872577233371885,0.32268888006803303,0.13416357878723126,0.046126282046584456,0.4065927581503881,0.1928069563281166,0.20041719992585022,0.11489637169402078,0.32190773028345837,0.06645325296967179,0.33968379136823446,0.019531849514838114,0.2973388508198686,0.19983497703537065,0.22738181312904293,0.1780443814708152,0.17564604555378235,0.19781851737175118
ig_lora,CD163,0.5897113145260587,0.2255775630311753,0.20875969802261074,0.32615014114544766,0.43469156451738394,0.49635856736324263,0.6281028607079919,0.02370101844402303,0.4318668971823093,0.1871817802845027,0.024882672172994193,0.016633035255551664,0.340847316516452,0.10870177681487307,0.34442650696219035,0.37428191002566674,0.7141478881360561,0.09412104135451425,0.4051512747299937,0.533276909430115,0.08058495488197427,0.097910754506405,0.02454822755395564,0.049419547181338695,0.5057485886392578,0.4000868606527863,0.0,0.25687142241688166,0.5449856939332143,0.47434705106606595,0.48926360518263207,0.31941799807688787,0.2782938549685405,0.5232594775800865,0.49228894425353964,0.4674168603867471,0.35328239539835304,0.3536013968184995,0.3109918905823167,0.35636619698872457,0.4662718986858212,0.4199991550590147,0.025124226340698337,0.16640636652469423,0.13507681064875757,0.1531871245924254,0.38042245263878605,0.5223710028152875,0.0,0.144213773893401,0.8209882913370689,0.8453968266106666,0.41812414152834165,0.661697979199976,0.38986807185230227,0.3236252154795555,0.39352548877610416,0.568062101368038,0.5902858534663509,0.4378665323142733,0.08778989184931207,0.0866062237296256,0.46229196196862266,0.5939395213688007,0.5900090138548457,0.5241324111623494,0.544070998029451,0.5749240006189802,0.3085462902129499,0.6431117248020548,0.4429122369635335,0.4048537213668389,0.6974085884085135,0.12914429586504558,0.29039466345548115,0.25687142241688166,0.39718960940588416,0.2889021190553916,0.5779773164288078,0.4337090004125981,0.053331848872835756,0.01683753974023048,0.48134730770209444,0.4304693894779595,0.4177166476517951,0.3863351386514071,0.2924084528875654,0.0942946507261205,0.38422997039993273,0.43941895519255314,0.11165175951963034,0.7409456579497853,0.02284896346881304,0.32024497917013045,0.2823695696057879,0.18461158570904224,0.2864045642114663,0.16107519081351582,0.16597355359772994,0.45848812362897146,0.29385312869435404,0.5202612068042366,0.5010518426365194,0.5895645355141098,0.10179312233899576,0.565683142161489,0.0,0.5053584350229094,0.37711669248015334,0.4161648681048761,0.23331847797155816,0.09699177959342474,0.41596767018397957,0.35432680976344333,0.3316117672417922,0.5200228204089632,0.3229880769356296,0.20975387388007263,0.025526454386354626,0.02525054840584597,0.43496119125755744,0.25687142241688166,0.2264304553434191,0.3840081307255775,0.35264061716122935,0.10233813358594167,0.015083018659929035,0.024351414910368088,0.4703609525230162,0.022929734685059003,0.5977554894189899,0.464941895144281,0.49571330123092033,0.07432623642799005,0.3734153779101286,0.6325907762682899,0.09075815788046497,0.42521906386928726,0.5215809187735723,0.5221133298036695,0.5009711926336786,0.019913185084504875,0.4812474243973519,0.23791954222457984,0.4847239800866107,0.4846343214338455,0.32485953139838686,0.27839930660769113,0.5618498244637208,0.1916502840922573,0.4316495842225532,0.20341556099762145,0.4881565242169475,0.45758101473551493,0.501163107006949,0.41493507980130095,0.24355673358777602,0.4069704575341027,0.3352690319698446,0.525437393745708,0.38065368505466185,0.08747724063715485,0.2088064156444203,0.5000576419157565,0.5009711926336786,0.48373234176986724,0.3412051368016088,0.3863351386514071,0.16241489670757564,0.3662113792964844,0.5351061306248868,0.024882672172994193,0.5762715138819053,0.33590664965525785,0.39934009882837396,0.34138193782401655,0.5731121265921034,0.3345654960678112,0.3719449468734854,0.08161053364859167,0.025342009911477198,0.1276829230440573,0.02454822755395564,0.024835829857405477
ig_lora,ANGPTL4,0.6790876481626816,0.020122494920849904,0.8725203501796144,0.017728713566903646,0.016523039072390843,0.2748713197592377,0.021393722287138706,0.017905188270653086,0.018906336675066495,0.01822366055573074,0.01979619110159411,0.013216102566837291,0.017719527972276793,0.018728677950248393,0.7682047680501576,0.015774243163570498,0.35994520656993756,0.020148357764876827,0.016501076410050136,0.017123552923373666,0.018851726625501563,0.018515434283574043,0.019946893245565048,0.017202035886522336,0.019893565491387703,0.020170206821926887,0.0,0.7771945516390631,0.02095914205067112,0.019472535968617394,0.4004052797517377,0.6808884159733847,0.016833314580184,0.01973292609643203,0.018064936275609247,0.4805943312186041,0.01767514670034765,0.017586866960722956,0.018967853962172536,0.01861562852769469,0.018828390808502512,0.01671166225763432,0.019893893990634168,0.2857495273096174,0.018793982379039585,0.017324312680701812,0.019277523513199175,0.021140003687594697,0.0,0.019425277291794846,0.834142244146822,0.9134046168474653,0.020886986881992316,0.018702820212942357,0.018733146553967794,0.018860706549841205,0.01838158387753993,0.01985883276868497,0.019383800832880042,0.018769379021492196,0.01692156337501338,0.018836412832917357,0.016487516928338244,0.015489560938641667,0.015462263357405425,0.014289613008865634,0.014469129488763041,0.015176872803932432,0.02035477045439281,0.02059839255800186,0.01989882462387603,0.018496701553461406,0.4529301471577848,0.01513570831716931,0.015577806065901909,0.7771945516390631,0.015584594689600419,0.700746312691065,0.7362717097569913,0.02000703689138184,0.01370518443342565,0.011589383795139328,0.01781177048974668,0.01733798842971455,0.0189500781490861,0.0215725344212918,0.014337584853918242,0.011842077999658758,0.01892673460202629,0.1568896510582024,0.013308087132764348,0.5012898662991434,0.01719125429560075,0.01622428352101257,0.7541390510319408,0.014282428640061181,0.015091496177209219,0.01957454302828298,0.014847854864893576,0.01826646693717313,0.01760390058544066,0.020138635184094908,0.01849033567423674,0.018208172814201215,0.01937811282032678,0.018390484026622283,0.0,0.021389570389829676,0.019243064721020123,0.01973359800977325,0.01939978949237093,0.01753240782667065,0.018986374078047635,0.017238173330875625,0.01750874835111171,0.01893183032912818,0.7583460962788156,0.019293301316423768,0.019938818656896926,0.019444845616575293,0.01852426179876462,0.7771945516390631,0.019844567745213343,0.018306937120756053,0.01667255901780455,0.020348248668623496,0.013239249320978112,0.01854315375223156,0.019033292708692175,0.017385402641485533,0.01674533902424336,0.016615293934958367,0.02118338916380636,0.014966760778276916,0.01816107973512207,0.018357286625703215,0.019587039427222012,0.018177451608735944,0.018401361063798076,0.019144266351367473,0.021578550128740527,0.014127478527504627,0.14157569713346765,0.01876314126331802,0.01661638486690668,0.016583527855350336,0.015632553204270493,0.018505399759736967,0.020705678549459716,0.01867937850641698,0.01788381450144364,0.019808240515677214,0.019332502733472215,0.018074942816487753,0.01705766093188636,0.018334186412846586,0.014483489356549415,0.018837107309361757,0.015621630769489315,0.018505925217073574,0.015396660927828562,0.016658117724321627,0.01854785494238318,0.1283091133220522,0.021578550128740527,0.01669140884322975,0.01696112072809839,0.0215725344212918,0.0198771058331888,0.016369811780867518,0.01819904176780763,0.01979619110159411,0.018540111541697997,0.020286049807930927,0.01638652536514328,0.01800089874395209,0.4751923433050961,0.807799653456238,0.016556519269372738,0.019622455018048924,0.020228644929485746,0.020322119198050007,0.019946893245565048,0.02005646334486754
ig_lora,PLEK,0.5034723868641412,0.5015414225117739,0.20096312379055076,0.23573695982796455,0.4397586322823777,0.45140865101494687,0.7065069575243884,0.02358691322002696,0.44153664699340833,0.25253759311840185,0.026106518641876228,0.016177443790440935,0.27784594258232403,0.2583969221006279,0.4745243343074414,0.1879995066092782,0.543452364826113,0.311859365388238,0.29424989911885163,0.43063765724836706,0.2000004457784535,0.20349678841206736,0.025645738365350966,0.0742214510445683,0.5030315577281578,0.3668591498333618,0.0,0.323049022327903,0.6500619136755207,0.4733066176760541,0.39879733991792715,0.3536331250173362,0.19226592219452213,0.5365431597859687,0.4797831963549813,0.29544925131414734,0.28656516101635426,0.290361447751921,0.4692094578031954,0.33390218966517204,0.4221429412578102,0.37988829581068867,0.026527898799495037,0.1674322693747842,0.22938376515160352,0.1903397300533507,0.3327119804389483,0.5020170701323458,0.0,0.2799473765497458,0.84384737394076,0.9049816129741419,0.49983406126981306,0.6711059398350259,0.3795047099540248,0.24958189153760724,0.4569152153453865,0.5442847900764177,0.5520966710089641,0.2941666949858801,0.09075527262474897,0.1577670561435973,0.4679284406860674,0.4323694588746893,0.42558898862797817,0.3660466756023411,0.37750176948939257,0.40305592795918854,0.5886320598808664,0.712421002280196,0.33855301280046757,0.3386573129471419,0.7110168476927815,0.1562330789829937,0.23043647620955118,0.323049022327903,0.3706461263001032,0.3692119769121863,0.5096026822616467,0.4471882022278169,0.09110145847045806,0.014893038899034608,0.452562857525663,0.2908859202551867,0.3168976942276932,0.35225133213304605,0.23430664988476985,0.0998889873773551,0.28040407562237013,0.3904618913571967,0.12586859019346325,0.5549468182676269,0.02148445340510088,0.22804184894670834,0.33840324371425146,0.1392940131771255,0.17196013412602118,0.3524512397203595,0.2461894895451363,0.3788726075564567,0.1900419770090435,0.5996440136156973,0.48278963655304463,0.5980124345641586,0.17292065026409315,0.5844374766574886,0.0,0.4615017858148553,0.2875413884040844,0.4175794399833957,0.453934739815508,0.201821010629574,0.3189099414680706,0.3247082846122051,0.19716882871364308,0.4671317823638197,0.44000588943268065,0.3366592212146001,0.027024805196004517,0.026230157796247402,0.43285541665286414,0.323049022327903,0.4244003901418048,0.30950657284629507,0.2862872223714072,0.21839725130530252,0.015550958003697225,0.02468612099264236,0.4424602697569699,0.022298879518086713,0.43836697300221505,0.45159288600796205,0.4482167616635016,0.10839087185353544,0.2858015493102905,0.6109381257782138,0.27907218272858725,0.41218962346257554,0.5461802050401805,0.5583400502529061,0.45153078038478545,0.018396684866095473,0.4211873793598066,0.34652792383619657,0.3164710627103127,0.2399285376320955,0.229961371333791,0.2263039687561859,0.4773606369603359,0.31189537302179077,0.3364017360676957,0.34749618254681164,0.5644099699144192,0.4451228529292576,0.38580373038190163,0.27241768499296093,0.16753236974465238,0.2975672324675211,0.19805500699479966,0.5158508356900215,0.30505941689845406,0.16599597312414338,0.2958699512096416,0.330830550272107,0.45153078038478545,0.3049659274325987,0.21023306634208438,0.35225133213304605,0.23215984712171156,0.4642209237210968,0.4629034934494616,0.026106518641876228,0.5862966015775145,0.5315541863617644,0.3251359552604101,0.4717148160197311,0.40826142774394786,0.4748417819271617,0.26969062364379587,0.2021304939860435,0.027150468047519413,0.2659187315392693,0.025645738365350966,0.026258776384012184
ig_lora,IL1B,0.677080433950733,0.2181427477422947,0.6258895926783908,0.16475296491303323,0.2835026944731436,0.5318364057661424,0.2329158933032238,0.0876288934634037,0.2906604678940775,0.24556645490367443,0.07963256645844678,0.0739792037343307,0.27825267258572683,0.09428862086391718,0.6834839478799364,0.13152496382078593,0.531678927872083,0.0712965635700876,0.021403591134156862,0.18987559733465575,0.11777873736164289,0.24146385204469648,0.06507548620791474,0.09084399305528856,0.07722787580265386,0.050960455905752516,0.0,0.6735513362367072,0.10656330555525922,0.02314593623817095,0.41223441356586815,0.5127763362613534,0.08997448077971794,0.086601605542326,0.17674390873935575,0.6353240009806767,0.05370550019536105,0.06484196410043876,0.33673747786069547,0.10148859707593404,0.24557032070359636,0.10766961323158812,0.08695114456564397,0.48737753185354243,0.1534175233007319,0.22137313911563336,0.05882954894515033,0.023991081304836882,0.0,0.1652675681501682,0.8264082492513952,0.8890003009549842,0.06855383194410362,0.5343467655672817,0.3491671189947433,0.20525702762532402,0.34091295479429606,0.09397487643676784,0.07232140324187109,0.02071829401564181,0.20722731569130423,0.13890627587009904,0.3218479116520034,0.07544827570938777,0.07598818584431272,0.10918181072913981,0.08904565486393877,0.09017346711241025,0.28173365645162474,0.21259071516987346,0.02323317682271666,0.025499501596054314,0.570139763866403,0.17716096735452425,0.19536381151378324,0.6735513362367072,0.038917422439992126,0.7183606937374728,0.6741523127726945,0.27272770735815227,0.09758412733235604,0.07701852990710924,0.23641367468475,0.1810807104910313,0.0859458830569095,0.023876436425552282,0.2823738661904147,0.1555067589311544,0.05511801933939952,0.4450076257306947,0.15836498862342713,0.5633530786076385,0.06920949625457959,0.05513995562713914,0.6637178300053359,0.06085876124975165,0.019680752951842604,0.1617824106020137,0.21575216384385787,0.20081548445686992,0.07851761368842668,0.25440955984556124,0.2875494831093236,0.3641949891159267,0.15410005702433147,0.4331022343532101,0.0,0.02404972568580804,0.060301297032303594,0.3247536273534237,0.22451509748313805,0.12189506785798203,0.20477032847504026,0.10779660768898419,0.200290932586346,0.1883665806112373,0.7439329512939534,0.2596542131928145,0.09945332772240074,0.10663650499145214,0.2533200102318746,0.6735513362367072,0.21944477497944032,0.15449604424658467,0.3120340332286143,0.14775244232332194,0.021432942330201495,0.08659393575440005,0.1938445184757884,0.06171454782024897,0.1108209597975414,0.03332470456186645,0.09084225363222884,0.09815227244106013,0.05816668655818818,0.4211319708871393,0.06956807905000342,0.09190894903218552,0.08876913281334796,0.023128432718988103,0.024191642788692822,0.06800281758978051,0.5050128798009831,0.27750244214642805,0.1010983599498376,0.044147760560350316,0.04672414866197122,0.19583155224694976,0.023830960367027292,0.2564948548507092,0.05672891119391807,0.2562994804674973,0.30148467307770677,0.16546778580285873,0.11960844696843452,0.15377406951573808,0.23745064031602348,0.0842299318918634,0.1402882394109594,0.022960734812837665,0.2801519287322097,0.12452643549581245,0.33571062757394504,0.4106627600682732,0.024191642788692822,0.1445919609131483,0.2459836054174539,0.023876436425552282,0.22050022217300175,0.3102991939822077,0.14255003552225892,0.07963256645844678,0.2915671851308709,0.3566341731839836,0.284761790242972,0.158624524534311,0.5459490217013719,0.6955515126214126,0.11206246525912471,0.13043381673523038,0.08896142567871772,0.1673138728910831,0.06507548620791474,0.07353508977049081
ig_lora,SRGN,0.5737321850679215,0.016776711295373163,0.4001080905219554,0.22905597793895327,0.17089687230570824,0.3340933749188538,0.018542056869476,0.2829525604968092,0.11699565549231392,0.12035301570997345,0.18166340779158274,0.23242569975413077,0.3704489903231418,0.042512362762967805,0.45880418709362353,0.27364968208886165,0.2293615576200767,0.01634957289759601,0.01470249075670742,0.09800294163981459,0.15606392615499778,0.3088749404680669,0.17479079987694046,0.09611639244784079,0.09714450289186137,0.10614253806851494,0.0,0.2990879753879383,0.018054460229589734,0.017078975363639382,0.3052802515418523,0.5913513098833125,0.13841084242040277,0.12082697581313255,0.07993489260054505,0.6597850118223579,0.09339469559755541,0.10494112372711714,0.11931037053486118,0.11655909111734428,0.11610904678828839,0.021572553008915807,0.18875670109854337,0.19039279618685412,0.015396727133281751,0.1161064062544796,0.10988460189979225,0.017891489751257674,0.0,0.1394972816771202,0.7847626392030612,0.8644604466548145,0.017514225905992654,0.0491347814841603,0.36211084504069485,0.4357008998334205,0.11866697895674297,0.132618395361178,0.10017115903129903,0.01558384607589939,0.1666824341837966,0.15279418529321712,0.11987472338486611,0.1462831131478858,0.14783295704296512,0.1161894142305123,0.09781121036076253,0.1550393866048397,0.01760203598928442,0.018392639955334,0.01706097219709959,0.025639433803042858,0.1999183419751126,0.1002027272001001,0.23789441352836252,0.2990879753879383,0.06234770763082235,0.5149692588490289,0.5321375971391136,0.13875471267097816,0.1125320939911848,0.12245575631759763,0.09912724547347922,0.264031596214285,0.14213723781978055,0.01760679143846731,0.2471527056294182,0.10185876130560809,0.32005938200734113,0.1313828996592569,0.2528746024193451,0.1908739612452272,0.16323877659877453,0.1380968734433408,0.6219757476033091,0.10463921281341387,0.28106510025424447,0.1301941161474104,0.21893173825563922,0.10575161863353441,0.14069723702105547,0.017918777846540897,0.1138925731357825,0.17730429433796113,0.1496518812296296,0.0661075894293137,0.0,0.017905124189866155,0.3495932447913248,0.13761866510057866,0.0167004144964115,0.13113878155040928,0.2910515634105464,0.08087909946537372,0.34388791409355773,0.09773100778282151,0.49586863333801895,0.13816955097972128,0.19469471802091326,0.3737826438350381,0.12236873751129543,0.2990879753879383,0.01718901474852009,0.35593642747418414,0.3383841937325855,0.17254882248109624,0.0377593769445404,0.16258738801984102,0.2000692411963821,0.14773805953733923,0.1629431949992225,0.014999630017185841,0.13293928366000946,0.07781398162739381,0.10940549801275341,0.07449228582516994,0.01616600819855995,0.15950348106714068,0.160534430827509,0.016994713733547693,0.018052108431241262,0.10320322441048276,0.1963073879965032,0.11617427443968326,0.1996779885588616,0.0815751589998023,0.09491818671074764,0.15727953648523893,0.01770645533756654,0.15909566787380666,0.09360640331470525,0.28790416125165597,0.09847799087135518,0.08787919432843361,0.16403312470344106,0.24714860246494422,0.3309329858268057,0.1309377943939081,0.2668064681774395,0.016677873398919327,0.43719584185712623,0.13043391910609323,0.2706334157544527,0.31414367177447855,0.018052108431241262,0.23562208639575472,0.3999425177496215,0.01760679143846731,0.14654172502855473,0.032268121836507346,0.2059741489281987,0.18166340779158274,0.15604733084067468,0.12851388207972908,0.26230083755830363,0.01589690148632108,0.4441779433763532,0.39874040991483295,0.2962608644038119,0.18554855376588844,0.19839833000142287,0.17252723726627467,0.17479079987694046,0.18364362367362136
ig_lora,GALNT15,0.19555064026735441,0.022784466170365433,0.01651395628286881,0.22968051128027187,0.2519979464567881,0.2797197583336637,0.2660238103891212,0.269675769232834,0.18173532649689952,0.11173745003465105,0.19006653661202827,0.13127329341786007,0.4416396100665801,0.04564215309408773,0.018917096772988255,0.31026244504435546,0.47690029055510186,0.02115565680863402,0.2708119177543989,0.31983300040050794,0.1672033614925137,0.29525747033512584,0.17830196682876936,0.08650169003879535,0.5048732959678703,0.5046388067266961,0.0,0.017394126426538786,0.30698701964562836,0.3541976374992277,0.24573010738241652,0.015315784044713388,0.3574992195856895,0.5172411919230344,0.32160249344833697,0.2150511641136955,0.428832394293414,0.4530101149803895,0.10637791486622765,0.3761530434550698,0.27915420723465273,0.23966156857446047,0.20155466788582885,0.07695421928672125,0.019564880724305157,0.10912619554882276,0.47866424272333047,0.4240181003367194,0.0,0.1272451491928139,0.06087064593800529,0.02285905650706528,0.30078638243408884,0.13199005958056317,0.4378796126651309,0.35022565388579957,0.19903435652154988,0.5975936878207071,0.585561594941872,0.2427794048131578,0.16536032068587725,0.14764087930057682,0.22725094896789957,0.5515487253609662,0.5524068891701971,0.4785566422597332,0.4753287722231619,0.5484343400151526,0.02526831542412789,0.31811000184872207,0.2918068488731614,0.2575733856004808,0.35143524008584087,0.07797636103227835,0.42040442110875575,0.017394126426538786,0.2993947835033048,0.13553593181174647,0.22493248877014949,0.22824532513512277,0.09805679021852493,0.096621699068163,0.1976468072000244,0.5192582669043758,0.6619062637452168,0.3701878932754268,0.273673234709345,0.08327298370985285,0.874816891620995,0.14089595968571528,0.06789731644684807,0.3711487677294099,0.15645497484252208,0.35641923415157284,0.0872731476549489,0.282560549328939,0.1477085725992838,0.10824900104693856,0.18161371813636662,0.2193893561392482,0.3491331171354291,0.17887110355117,0.25381485058237563,0.24093112154234614,0.14491477116946494,0.12410563334675925,0.0,0.4177012664035266,0.8629059364594548,0.1932812032841241,0.02252857386801578,0.11251777394248683,0.40258644165694685,0.24389080089616952,0.45763664652773234,0.3693635721869764,0.1366224571940212,0.12730572523951308,0.20833507062460413,0.39320666336977833,0.2759192921652143,0.017394126426538786,0.023907440830757947,0.5770022600074554,0.4058971453565508,0.1752934633240562,0.039780038452533736,0.15955310223850394,0.38876596450660217,0.09573198319798817,0.5573828780633479,0.33592566578037125,0.5270811234609692,0.06331267290146778,0.4676304921135152,0.2520014179608435,0.020608039888977383,0.39157334694151563,0.5054992074375884,0.4176136145464541,0.4297580983282545,0.09006461249175776,0.18094163926416815,0.10271592952714587,0.4458677329562056,0.35882778863551,0.34024388874137595,0.2898194573060102,0.4811858434195546,0.15564566661599027,0.3972447204771633,0.26857583200933743,0.18691915198494918,0.3068334678350532,0.5824200072998041,0.5967022636067916,0.3760763003620418,0.41019380488727797,0.48553431378396306,0.42759321478470136,0.5387165448314796,0.11544406230097282,0.12544944197405208,0.5671869004330549,0.4297580983282545,0.5389224814911355,0.507189991376948,0.3701878932754268,0.13624619081256473,0.05393656738263919,0.5092436337641416,0.19006653661202827,0.31073205282291727,0.11689929796899816,0.41123814319063673,0.16431189947670474,0.3023394690928746,0.018905956277248802,0.5893764574919697,0.19560648880412912,0.21974217096728904,0.17528188653733068,0.17830196682876936,0.19556871855315258
ig_lora,ID3,0.10318074677411211,0.23597356191155824,0.020026903242824388,0.24059527189506102,0.13600777232577146,0.28924791605457745,0.31568457276729733,0.5524997073892816,0.5192568174084302,0.6902658795586394,0.5424433202436462,0.19212038227779604,0.15967329347501596,0.28191440711869775,0.02074505573391172,0.12383515975100326,0.09791648155173212,0.28257197575849763,0.02223631310650492,0.40771531322439114,0.4077831020148598,0.5885278019560644,0.5431360857824613,0.7269949646077835,0.09553094883540024,0.14736106252534958,0.0,0.02108482142921698,0.2831646421093171,0.026282441402322415,0.020910256485577865,0.015611423968197731,0.3061015465528364,0.09798344098658816,0.23633574009683966,0.12463162247234497,0.12344640499999955,0.14273995012079457,0.5653397979646947,0.2630898855016238,0.3194210881475524,0.052377061345504974,0.5623512757695374,0.18897874444640556,0.025628026524561077,0.45928546423051797,0.15285643251392336,0.029522910478469614,0.0,0.5985976787221947,0.11334068839365002,0.03608099864527618,0.2196214676828907,0.08889417706189727,0.30640768464398016,0.16579463260574087,0.4648206583293466,0.1117370699150435,0.08682547811846758,0.025420508976206853,0.5353220791762502,0.6268419023101569,0.14494076235457728,0.05703358957542777,0.057488607980929196,0.06169346957794506,0.05431592843905872,0.06237484765145129,0.3332322995536316,0.1368367651546496,0.027178882583472418,0.03371077153495945,0.1478924251433014,0.4098200053039159,0.22983074360665426,0.02108482142921698,0.07470719101718085,0.13655545381569342,0.23068129831837184,0.5097867969937179,0.42541395371640234,0.34527661478937854,0.4972452371256296,0.1338008714956511,0.13106884990506645,0.030815595616848705,0.1623932771004769,0.3630140253837227,0.16010459474338026,0.2022700115454144,0.10590502034470022,0.02843375031367384,0.4741226261768654,0.13680816685818376,0.06827920988999747,0.14347355579129778,0.018964707810947334,0.6409787384508834,0.47848324892169286,0.39438896235390786,0.20688227589668434,0.17973567642597982,0.30217856272489185,0.1745514936378378,0.6177563939523883,0.1837665210103828,0.0,0.030150055322357285,0.17082477671656598,0.5815580080061419,0.1897773367133805,0.5009888296412266,0.46470883109508804,0.3092730841228799,0.25225159638049643,0.13137787173445817,0.1374031216347416,0.5750932558430538,0.6709455526381383,0.6694830394171494,0.3831674383818328,0.02108482142921698,0.4111737397943583,0.17924165059965885,0.2863415182129804,0.8151935627140663,0.05703188921306494,0.6209584023627371,0.39261241672647973,0.49616291235584753,0.06569021313692278,0.05811531043916375,0.14230561020393004,0.5686543185766962,0.15193618741792583,0.12033709101929176,0.2559132840753873,0.20431014700032454,0.07616337740687576,0.025914512212069796,0.030552153780530833,0.4507737286473659,0.26224592258018786,0.4416704215281252,0.15709743152778607,0.10306275154649157,0.12630122748142814,0.6036009444419023,0.028716040268842613,0.5746563069264161,0.12428400667919835,0.6952662514404762,0.48945299293405486,0.32310892211818976,0.10107418515563658,0.16122296454733168,0.1580063012284403,0.08852993346279986,0.11149781568069195,0.025199196468894146,0.24965356013157367,0.4202334045748568,0.6051656290492999,0.14329395509814638,0.030552153780530833,0.11624753168814288,0.168143829646947,0.030815595616848705,0.59502674817834,0.09333803213604944,0.09377138914429085,0.5424433202436462,0.1511538650400678,0.5419693640417471,0.2203605481051674,0.38348886870540544,0.09435774438544324,0.02117743298208439,0.14525551157698913,0.7027024206843381,0.6076637498569041,0.7068134526306187,0.5431360857824613,0.5689471514122385
ig_lora,GLDN,0.5163340758769961,0.022308356458784342,0.21168982510676745,0.1513184140883947,0.26439106763407527,0.41193684977647466,0.3058033590537425,0.022063893523302288,0.1280190432993598,0.03273983627465105,0.022287049822818768,0.029013915409758576,0.11916038438645363,0.021124360071061075,0.4220759441051898,0.2176645778960785,0.6044727384896622,0.02127886604584417,0.33186443897854473,0.3508442479945573,0.02120454497436011,0.021876168424048586,0.021024995767037563,0.03346177880160088,0.6048741605160052,0.3384556786296826,0.0,0.2970359626569511,0.3375978739981434,0.40448215879979854,0.5014699370678319,0.5092687595526396,0.20245593776392995,0.5779261838873282,0.3625453605889197,0.3130834098394007,0.37761188363236464,0.28373978086997065,0.03685464990470129,0.23155654937184433,0.23198812400932398,0.43875936500320273,0.022841801742223965,0.37599467398663466,0.019595091311066987,0.13053623557377417,0.3156813529803769,0.46505485732571666,0.0,0.023544192759390695,0.8595436833431868,0.8747942894382535,0.2781864523334741,0.1741055333841926,0.11254837237403911,0.2474742191134469,0.09303431248282117,0.5171252799091908,0.5247961948568075,0.31429734170306395,0.03634964755968311,0.023281349081578247,0.18624952173291487,0.43435899494644786,0.4279424174129692,0.4036078684349467,0.41498037049484227,0.40641022368779633,0.024208049744630804,0.49061564457018836,0.34222717894290566,0.4259735593024985,0.7151811920519504,0.03886128204194106,0.26986801839616237,0.2970359626569511,0.4869025130861282,0.33845776549692114,0.4235174429378553,0.14499409417731524,0.042229955952320396,0.048237978983895424,0.2176433416344691,0.3892111931959999,0.29959676871416263,0.3174181620665105,0.22719803194560684,0.06702893775175107,0.2712128431322447,0.3651531444893998,0.032629231864165054,0.5607339383082901,0.03903380604249452,0.24089011885632575,0.3271872068682987,0.15798739973820602,0.19278391524371352,0.022957601049789174,0.11714014908555599,0.23134640728815625,0.20747978052049415,0.3012312513274536,0.210890845755278,0.13497647249065217,0.024512456840731497,0.10125258808199047,0.0,0.4328795013057817,0.2773313128278152,0.11324989325223736,0.02221174595916949,0.029982665756782826,0.2112205054902539,0.25735579558051397,0.20445138535767132,0.3291279107930083,0.3925942868361227,0.023707911856881383,0.023816111590616355,0.023717697409145373,0.18223621217261954,0.2970359626569511,0.023225195871641402,0.41459520819069234,0.1523690434312512,0.024715507739235757,0.013448839598611791,0.03208088601599679,0.3841705287669619,0.02068113044921349,0.4323527762810446,0.40349466718336785,0.42608769277934344,0.039904858504772524,0.2773000911478387,0.21034817924498747,0.02093239338473161,0.42499934378328,0.46112017324690335,0.4970518893778635,0.42556743065706376,0.04093525346728434,0.2475584348683116,0.023570816098308665,0.3192126740699866,0.23978693631764914,0.25424406940158734,0.12740542112444828,0.44837418565339315,0.038722532687526394,0.33877060044611346,0.023988471386347594,0.1484740339406195,0.3712194394379146,0.38208190550236365,0.28798921526207866,0.28495522008225543,0.3083483727414845,0.37271102667720984,0.5066915114948817,0.1769766036532559,0.25920029621814394,0.02348862551972214,0.3006291723425511,0.42556743065706376,0.31199482621448876,0.21466544527665687,0.3174181620665105,0.023866662170523488,0.07756220313912211,0.5385468150746245,0.022287049822818768,0.23246181055444126,0.025661796795492273,0.1917974829726164,0.10938986824845118,0.44033175507006456,0.4157579810446985,0.2779323402547259,0.022833405368399493,0.023052612720290435,0.02470682514919161,0.021024995767037563,0.02180484844136559
ig_lora,SPOCD1,0.10019923225865708,0.02530494240617871,0.01829442096066769,0.13951722729592148,0.09685103852130862,0.15432100052313788,0.027743341470570608,0.4722240916249569,0.26817671066906423,0.39759856758576245,0.5776414577578474,0.19759743959011358,0.1728050817841338,0.12058420424871079,0.0195800011791085,0.12362339193264671,0.09354184857787588,0.025121853801737957,0.01954987262749265,0.20287320555938357,0.2604352881612591,0.425366100148321,0.5936411339927619,0.2174628499717265,0.09110201856419008,0.14687079000290593,0.0,0.019401364357160018,0.026828487379704644,0.023937113732953944,0.01915365058161376,0.014926067867782732,0.4187313829439211,0.09458187786932708,0.13778434349909258,0.12365565349826134,0.12096448324038965,0.14204603906969765,0.2867199041970654,0.18923764236207558,0.22771524927631406,0.026548013368557916,0.5979692108780642,0.12112216855652488,0.02300628571977695,0.289223743738396,0.15310868340893602,0.026958575136071937,0.0,0.5694318650528362,0.0824042508819136,0.021431676799156016,0.02643618748952182,0.06866936113892363,0.20894948213848083,0.1711328661357022,0.20021552559053868,0.10793134158276081,0.08249985391109893,0.022849764422020972,0.4808548461235769,0.5697040752380222,0.09246251159068324,0.054427840752017995,0.054863091719421435,0.05964991579253359,0.052083678483596234,0.059984365331054654,0.026101610463521545,0.02628793550019936,0.024461124160072196,0.03386606501516023,0.025692355372248225,0.22468950821776398,0.1458943073631106,0.019401364357160018,0.06972678443912712,0.1382389023557564,0.11387419013966059,0.3292049853964385,0.33350087028961956,0.3330439703468048,0.2309501393873461,0.13226192464626452,0.13018092625363611,0.027726651196246125,0.09956857303008072,0.23864611515067333,0.16235070848351965,0.11498802781494419,0.10325619102384105,0.026058590410179456,0.4956734680029566,0.13530569427743763,0.0668257208004798,0.16546234326014883,0.01727880046325638,0.3307462420099885,0.24666127484305903,0.23886217103978086,0.2131059675161562,0.025444511649987893,0.09807113676583015,0.08658196336296231,0.5338624726726348,0.12736308458924822,0.0,0.027476030830003113,0.17441672976443678,0.3199555326232447,0.024023711077242188,0.35254080956452116,0.3415923208034998,0.17519770459518844,0.1893138753494078,0.1456002940223025,0.1392129173484953,0.3558632760353737,0.6105841871767682,0.5101111747337432,0.29614975592625586,0.019401364357160018,0.024973983781746954,0.18191234026968406,0.1430389855502289,0.4976584273884099,0.5273852982955394,0.46852534823199277,0.2366864466503064,0.28967621936330346,0.06261008557736955,0.020023057233547734,0.14255688969382807,0.24872026257541355,0.15201722451900698,0.05334537561860968,0.023964187092762584,0.11223576008156089,0.07207476315014906,0.023757826784695638,0.027944983946830197,0.24692991907468198,0.13635119634183093,0.28694393415434677,0.08079420044255393,0.09831397976834177,0.12313294059807821,0.20406598164134018,0.026212313124255236,0.4013843171359886,0.12211732082067245,0.38912625844851145,0.21388163159784163,0.19494362827113054,0.09734854712231401,0.16215333333214804,0.11938318490054986,0.08578561459906883,0.10880896101810993,0.023238234251175972,0.16246729137949825,0.2927081232542827,0.3155030614775744,0.10932238405174861,0.027944983946830197,0.11295822357922017,0.17113349927461488,0.027726651196246125,0.39378601564402277,0.07282149033458407,0.0901957639019704,0.5776414577578474,0.07105791398649422,0.3040438849232772,0.15457125493875623,0.022252982579536347,0.09049281672934084,0.019908738015351365,0.14491609804878872,0.5678295830765913,0.655922816419003,0.4976359175724926,0.5936411339927619,0.6195918350036957
ig_lora,MS4A4A,0.24638903673204882,0.025581597367604056,0.01851554966330525,0.269798252633373,0.32026948051766124,0.2747327269420862,0.3904100865390055,0.2504637510327042,0.24239058994828433,0.11013650614666426,0.16348924059556608,0.12239183979979029,0.4132299783187766,0.044414319759287585,0.019967702966418185,0.3400908652595999,0.5490983029470312,0.02500085705383979,0.3813488847255673,0.3858952495273262,0.14652963741741498,0.15664625563167334,0.14485848712019092,0.08682324195302799,0.5876241828777642,0.5913204024185594,0.0,0.01933763643874127,0.47169954424929283,0.5458315895645778,0.3867905501186877,0.0159294204287068,0.3468802321297013,0.6184943502579904,0.42325451819586096,0.2608085198008375,0.5112061795147227,0.45947217406504115,0.10338342516823902,0.5510024014055955,0.32447478036902316,0.3545211808438872,0.17527913839121217,0.07468399137090001,0.0228615604942758,0.10902688076107118,0.6088985716196496,0.5905418118823894,0.0,0.11961492949855797,0.08916068276170723,0.023064870108032962,0.40228875485554944,0.1857811845890206,0.4013663082656554,0.41872121194168443,0.15729397353001462,0.6325144234921549,0.6249288874931238,0.42357935910085004,0.12122540214958288,0.1407154594778029,0.2357908984704096,0.5261695241093499,0.5207654770129988,0.4232400240119166,0.42900372297423106,0.5001773139501848,0.026900442086976395,0.4594534116241524,0.4429713127447587,0.43685849264577487,0.5019142051032464,0.07715535524052701,0.2866770728155829,0.01933763643874127,0.47345018679246587,0.0728408387148853,0.27883610637225803,0.4118109246615466,0.09678695164804384,0.09711779138728775,0.29407508174775276,0.4119465075874756,0.45481134545624347,0.47121755772587903,0.25956061624462273,0.08285323014866881,0.6202606922738496,0.21272000466918084,0.06698953928552585,0.5123794290096138,0.1367025139181939,0.3613823242152242,0.04523506333285122,0.23666171631763652,0.2295195358385442,0.1005740030644289,0.16906957909822162,0.32467312652603103,0.3774385366562265,0.2591223739382055,0.28336798682722153,0.27379727706454265,0.13949240039540553,0.1480421590842428,0.0,0.5630692437483623,0.6618939661915996,0.24191006253943112,0.024817457286276608,0.10622319137847688,0.48070793869476464,0.3295582028081285,0.35563991559977626,0.43939638232197786,0.0737100590207051,0.1207768773774427,0.18702095309127806,0.3494642947433531,0.30730439926141506,0.01933763643874127,0.025794731479863317,0.5556881964034761,0.34085245185959173,0.159988683429145,0.0351280481970996,0.1482295543801961,0.5101466275649886,0.0929036796693659,0.48913867908470215,0.47851351004342246,0.5905429549611416,0.06426875452398995,0.42670010206929965,0.21145216006293166,0.02425302654452535,0.4628987894502767,0.6149800529628175,0.6151091816948923,0.5546322391536879,0.08989073340465834,0.18154203014315837,0.10044117513926265,0.41879136709856174,0.40711294049147345,0.44469334902058555,0.2709289955077003,0.5632712536833112,0.14528910717623508,0.5749242508200384,0.23807284241008486,0.2835514602195163,0.4070423251590304,0.47617440850047565,0.43709427716655047,0.27869125248419324,0.41810363607228357,0.36700030189403837,0.5685325249676415,0.4575444039604893,0.11013747306756032,0.12186987119367561,0.4487455598896418,0.5546322391536879,0.4190677738731754,0.36909051090054135,0.47121755772587903,0.12602153465614152,0.08278635656367862,0.5373149813059265,0.16348924059556608,0.3753787910637489,0.16726259110290753,0.36040304514263305,0.13270287267343836,0.34847834108270265,0.02010903631882718,0.5948417457008748,0.172479335095386,0.18724833080044181,0.15997903610687372,0.14485848712019092,0.1615575164487746
ig_lora,GADD45G,0.09801208148248969,0.28258114233432574,0.020048801306768282,0.13730544686230567,0.1342455178312284,0.2650577776186343,0.3567171194023864,0.3294477634785093,0.46282816744399957,0.47024396118342027,0.5684415915848395,0.1938379390098332,0.15804892852180755,0.3194672768250491,0.020870700930655548,0.12095554676258402,0.09179856121552585,0.3558098402583242,0.02145875895460877,0.3317737237718822,0.44618122893275663,0.6105198975245959,0.5804744064238277,0.2675846588330012,0.08947716444698173,0.14277828584889124,0.0,0.021373936297752014,0.32235047223049296,0.025992534079742183,0.02035125723845962,0.01540585549263206,0.2991727058726878,0.0928783145820682,0.2301195002021625,0.12260432468167144,0.11856434082524235,0.14000441703817834,0.5056978151343989,0.27127472117584245,0.3149412077214769,0.05320607781964916,0.5896056961753297,0.19358626051499797,0.02608930126969688,0.3669186399053714,0.1499984703482286,0.029716758506977883,0.0,0.620480812994475,0.10676375764608603,0.03620479170988212,0.25785441195513403,0.0851630920040439,0.30731683331113413,0.16870159019718128,0.3364023695184652,0.10566183944301866,0.08079052147493758,0.02565862918028572,0.3194415033681758,0.5278939053212203,0.14341320160504598,0.05387265480314091,0.05429766123582521,0.05919537060366622,0.051636217030547764,0.05943191782399289,0.380461968714328,0.14824518818969964,0.02696590529377213,0.032939053502925336,0.16194368147525756,0.22078501239913548,0.23547760646792043,0.021373936297752014,0.06809803489426806,0.13339503385243381,0.23873609310636118,0.5189571036507254,0.3104751408675842,0.22100068025178082,0.36506516437978603,0.13026003084026752,0.12673406406879548,0.03140530794064235,0.1478563269680842,0.2354081595933689,0.15841404064744788,0.1959646812304972,0.10103865189981699,0.02843021246628918,0.4864567587047026,0.13244040755959205,0.06505227123997749,0.14071772195862997,0.01833190524356555,0.676115307842125,0.4086953930080798,0.23483376379983809,0.21005787541911536,0.19654444643756935,0.20261206494554992,0.1748243584477268,0.5299553159335026,0.12597394183385138,0.0,0.030488717122493913,0.1707864310522267,0.49196154295228295,0.21703365116409315,0.5120385536704033,0.32430988814895584,0.24893790175154246,0.16370763651428116,0.1280261568444334,0.13438397964132337,0.5921987525204476,0.583788689882409,0.5050371386358687,0.3808342738654247,0.021373936297752014,0.20317822913964922,0.17899316957400932,0.2068940546006141,0.6951833885174806,0.06011222785532511,0.44113043247027395,0.31913144714525865,0.25599283724982286,0.062027253459398385,0.06123726455679422,0.1395072644189526,0.24524683500552624,0.14883434120888123,0.11920932676359505,0.313331742591958,0.1991065994923042,0.07073705154583079,0.025615425846233997,0.030971235272302174,0.23578185064167784,0.2589216884150241,0.44390729722968775,0.06972864706966987,0.09565411560890784,0.11952150968930804,0.251255760259949,0.02875925592670402,0.5926635590951499,0.12005479833974789,0.6220440838795054,0.3913876428337024,0.2683697981290438,0.09552052755648534,0.15867555757283197,0.1572064395635288,0.08436271909604362,0.10711629038927711,0.024873441483616147,0.2553245051139274,0.4209976412915613,0.46384014371647214,0.14216724141446452,0.030971235272302174,0.11056451528334402,0.16899134124752976,0.03140530794064235,0.3877641617422952,0.09504690856653596,0.08875248450434578,0.5684415915848395,0.15010442654917977,0.5542911094354552,0.22347600498741643,0.4311221245315789,0.08811563561934799,0.021404536805176667,0.14348364494669244,0.7510543178970922,0.646706107120749,0.7460431079936597,0.5804744064238277,0.6080709483808783
ig_lora,OLR1,0.5518696023691719,0.023091101346396678,0.11849379555433226,0.39002250706453256,0.3000218855945397,0.42143059043547587,0.4403903046796841,0.2196779960118467,0.33384100958602875,0.23739386878789182,0.022907471882989843,0.028919498937915986,0.22785251547268706,0.022341895571258926,0.2526787716892143,0.3558554174305949,0.6319367374291937,0.022659565539194383,0.45592438213042785,0.5234891894277783,0.02238733368312838,0.02266300831866911,0.0223761365834354,0.411913416088806,0.5239201939980259,0.4168040998749841,0.0,0.1575824016543304,0.46319315031275365,0.4961172455674167,0.47629661138522444,0.29150547033318663,0.29780241968534604,0.536870885651575,0.4121014584826124,0.39664426143073706,0.3628440252815337,0.3595819471058206,0.14151465965894017,0.33098152410069775,0.3386458900513245,0.3844120393529304,0.023192148043345434,0.10047143920096371,0.020783678512608934,0.14178011809501273,0.39466011895251063,0.5421759877565603,0.0,0.023688999618180707,0.7870954527947766,0.8123017300214876,0.37903670288951835,0.1969807787896126,0.2162930666065772,0.34514288721737396,0.28775998570191264,0.5843634810839078,0.6022016971679756,0.46861899852829375,0.2278351681457702,0.15367060848764058,0.25836041458922226,0.5287811502413088,0.524276805645788,0.4737184928945331,0.47932595741718237,0.5103749890913193,0.024093149720422063,0.47468900903562566,0.4700029323252726,0.4338192341056594,0.6035123603819498,0.20835046018979259,0.27994032370021554,0.1575824016543304,0.5183617241081406,0.19964856473066286,0.49560824764033334,0.2617968549875538,0.16953299733422092,0.17708300901665736,0.48602491721731417,0.45560515070483487,0.4355846641108611,0.4064102693372708,0.22990135611287751,0.20036340910492828,0.4033749368695826,0.2939403762246684,0.03323238177351563,0.5927560263638065,0.037861044839415485,0.34874254258743154,0.2123794355848622,0.21763445406250842,0.3131179783595574,0.023367082736320474,0.1451342843865795,0.514278250990712,0.3268701355335525,0.3006901033468524,0.4430329909338903,0.27569381959878003,0.14543259580290593,0.2551226300494444,0.0,0.5276935159755539,0.39775595313738654,0.32858856950180504,0.022958080907853694,0.032024816305616856,0.48334988911993415,0.3966350729375082,0.47637640890846533,0.4256003190877625,0.2303259268228771,0.023787368391753584,0.15941155843099095,0.1924290483408861,0.2874007163379144,0.1575824016543304,0.21944899726252687,0.41074956801114615,0.3545658516930057,0.18219812330568863,0.013818926728191785,0.20720668252942046,0.5025001753010497,0.22186982158545285,0.5466249957758429,0.49208843677990505,0.5175238901659207,0.3156867028360792,0.3893803127556344,0.2649552294196347,0.02243322538197079,0.40181207044743183,0.5374531430462687,0.5598820778749459,0.5237763352708835,0.23437191024185264,0.27501439545209944,0.023678137385847686,0.519520428379257,0.35319412316351956,0.36611881995990336,0.5183754735170735,0.5608364484924812,0.04389628414789348,0.4879512501388437,0.1516278923020745,0.3742855061627361,0.47114160903605173,0.5138113483574367,0.44906950665611434,0.24479886357203534,0.4340453457441164,0.3755015648456339,0.6492209298985498,0.31879487574369064,0.02097400830096355,0.17449190232055206,0.4537084675607603,0.5237763352708835,0.49760023090257005,0.3599991479581176,0.4064102693372708,0.2078567255536977,0.0863408115948269,0.5802779431433257,0.022907471882989843,0.34220674046546273,0.025085883656731502,0.3290135244233271,0.19825320083763157,0.5295095609126533,0.23751043535128977,0.39175715469722183,0.023310354573084027,0.02331759486377824,0.02440240148222914,0.0223761365834354,0.022714095966122567
ig_lora,PPP1R3C,0.020365124312169528,0.7506106298624214,0.018180318284092074,0.40673038583345394,0.32838533466638825,0.14824182886063056,0.5487167791181238,0.021665982978679492,0.42760612654930014,0.3108593718974027,0.024033011785229975,0.06498646284010126,0.44436625383200673,0.022932094788116336,0.018729380608369605,0.03539955611604053,0.02408444797621682,0.024528652960308883,0.041712523919251454,0.4259429043393467,0.023025050553208526,0.02264133166706377,0.024216035686939905,0.06241937589466367,0.024572534708592973,0.025045634002606346,0.0,0.01873148369878297,0.02594539299019867,0.024196312365222142,0.029778488035117727,0.03008084950366036,0.03917447296475577,0.024302089128016312,0.2014939489388637,0.023369493295157834,0.021833098750616443,0.021594982874170204,0.5563491750334421,0.022967492565274222,0.30228743371827294,0.31270512596716177,0.024133682350308466,0.09652641767837,0.7923440005015631,0.27012171186583434,0.023891087289857626,0.026150375384966812,0.0,0.023633949270952748,0.020758880876156925,0.020388788531540827,0.025944310342568604,0.579645222457957,0.43358240464830944,0.023551028302458497,0.47166676142169356,0.024485657697569337,0.023895902134820325,0.022559502595507562,0.4050775341332049,0.022892051274260226,0.4019816761167329,0.023784107047476216,0.02382311828099061,0.02537942177230899,0.025714452629286826,0.023240275484179358,0.651817276523788,0.5426148407742674,0.024767870539046156,0.02316221493914946,0.025103421809753727,0.5177263134069299,0.019416687810095166,0.01873148369878297,0.0328880945201359,0.018410758607939802,0.021605618587602574,0.4493256532062499,0.11033026338802959,0.1415059069334728,0.4708950054197176,0.02139161454656399,0.023726971026603358,0.02670496775289879,0.17254643862061206,0.4173013673606875,0.0236441554852025,0.24053897145599887,0.4355959803967445,0.025538676982866534,0.036690368359807816,0.02944131407713285,0.023332443066293732,0.0351765786082844,0.018717928467687852,0.023875319457052537,0.4692042761864277,0.4948548592607926,0.053176755418478175,0.5937465593742165,0.41307797634585947,0.5987603577343441,0.023496792405613108,0.6363592150478874,0.0,0.026461719869365987,0.023963876622922372,0.3944758902597752,0.6821094382732527,0.02909384062229931,0.4346409823697032,0.02091211890022326,0.021884811183849155,0.41113891598713814,0.018944529221395116,0.4501235555564407,0.024167712787262496,0.023556362040151265,0.48233470322845434,0.01873148369878297,0.651217373339662,0.022758649895047115,0.25291219627936606,0.024700087445063964,0.014679017545233741,0.0563594003996526,0.30322592039967333,0.02114274074854069,0.02032993417654595,0.03863013586247576,0.02620211769981412,0.09583454964847904,0.022646232035546075,0.49729428435917394,0.023941632834903862,0.022542249201639795,0.02269353803291525,0.036085541778801605,0.02668225109910609,0.1035120707964947,0.23140536219205987,0.43435193401078265,0.020178668397716062,0.020810914707729285,0.09854976004217886,0.22341573877741328,0.025681326144957068,0.47765251180438706,0.022115517600764693,0.504052926939374,0.49699636525720176,0.2937697113055349,0.021056738484428173,0.02291489965657013,0.017413748021638278,0.02349119907262974,0.01928279179246569,0.03657104550310726,0.40911926113516367,0.02043319650000135,0.38833857989303233,0.017690398535292695,0.02668225109910609,0.02074294020718987,0.021074624411140584,0.02670496775289879,0.5968313651346842,0.5090621712674397,0.022276616818879057,0.024033011785229975,0.4697527489753206,0.564051487978794,0.3485639197022844,0.03386294817055062,0.02620301783094462,0.018928657211401738,0.0202534744540255,0.023973646008659612,0.024504321826070142,0.024681831652195656,0.024216035686939905,0.024324142989113742
ig_lora,ADM,0.7637323255012733,0.11230253568990889,0.7151513294994332,0.16842319537477796,0.047449921903887145,0.34663192489317757,0.19852409885068456,0.02145335441440034,0.15393287074763579,0.15288072035733488,0.02234630984854942,0.131494831705852,0.021241247903586596,0.13585683395867493,0.8616196298917069,0.01863431360209218,0.44461395405030757,0.12377211383518595,0.0198894992458226,0.09448984507752307,0.09777912181502917,0.1170683119667572,0.021769657065807937,0.05076736329999998,0.024003976612708137,0.023414269752352633,0.0,0.8160536751673808,0.16971650676562183,0.022778080427049343,0.4493839701196191,0.5719608527389141,0.020336566680241242,0.023946933372665874,0.09303620319569882,0.4252586172796232,0.020874116693508672,0.020917900733871106,0.1662823434551804,0.07462829034151147,0.09963741892550607,0.034839492911573844,0.02267248129245823,0.4079408495156724,0.020403238554230912,0.09203934400619877,0.0227112799427926,0.024257483273829414,0.0,0.17556181342774388,0.8540385015794065,0.9230828623264522,0.10844636792405504,0.036589203016864,0.082973626097122,0.07241405377798164,0.11563448427144295,0.024082951556962426,0.02348233586289763,0.020620273618589795,0.020404743668767693,0.09886572435192222,0.05859260511559287,0.019203309166914536,0.019169648164686793,0.017673707011209572,0.01797015506568087,0.0187307310725503,0.20532944852408497,0.08111663254392384,0.022879935107563386,0.021426121075592917,0.5932556652577533,0.01834116520654921,0.06461335298231637,0.8160536751673808,0.019144128986823824,0.8206876571849397,0.6949147007362673,0.15555011799554597,0.05696013240891083,0.03304632225253121,0.11425121707695172,0.02082406797590744,0.021905003100407792,0.024078143884446308,0.08293209517923641,0.014903970978955806,0.021775496037740854,0.2766042277862231,0.21619017576537164,0.5857012010192351,0.019727134626107548,0.06172363056823848,0.7322946507915192,0.01695402916667356,0.32482569901494945,0.20437599779428905,0.1165952271086048,0.0218954546606449,0.020727542596538154,0.11197271303684227,0.09889019637218648,0.07944975249261642,0.1159659475198448,0.023150534184264923,0.0,0.02438305610283007,0.02233664764376555,0.14876801986673238,0.09851583198443188,0.11597865584915446,0.02281996864089761,0.07676438355592331,0.020554836065998505,0.022941395871619055,0.7934079240531666,0.16429865648995198,0.023221290086896575,0.02299448490948782,0.06743528208541685,0.8160536751673808,0.0955823716445219,0.021677345354426773,0.07121776157137952,0.12344935131760836,0.014128314347805426,0.021914633474992878,0.0755308802329099,0.05750964022638308,0.050070994705843315,0.03904320861828613,0.02455910207046754,0.07965098827452971,0.0212908384246767,0.07261602510077761,0.11703542290344898,0.07676982422155605,0.022168970086383074,0.0227788031204792,0.024651121741612436,0.017476477500764018,0.3024604651618387,0.1349133605891265,0.0204033152459527,0.019595152176499146,0.018626286700149555,0.055428234055186106,0.023955945487322522,0.13961129403077094,0.021523969335960052,0.15050788621940128,0.13734668418611096,0.07553617336617559,0.020595986553339836,0.02147709633357787,0.04017156164428279,0.022147564835965004,0.01874346581326088,0.02255273815351161,0.06618898276971333,0.10133619600225259,0.12854968400794475,0.1931177700264658,0.024651121741612436,0.019766469772848384,0.01992890247310852,0.024078143884446308,0.023229569024344487,0.04997430706505318,0.022283921490279097,0.02234630984854942,0.07263812525435251,0.18235230783535278,0.06305207521227439,0.25359759537796533,0.5629155591628203,0.8340799465712055,0.020002401820929324,0.09893666201624418,0.02289864210197608,0.15661873358468167,0.021769657065807937,0.022193026454370993
ig_lora,CLEC5A,0.29962737562419217,0.20722021435779958,0.01825631193126667,0.3498746884471918,0.428038049032156,0.3050771361030769,0.5628709210494093,0.023246283605234327,0.3427552763526482,0.08329145527682284,0.024418156542269052,0.016197682772841854,0.36331865483320647,0.02335871353092414,0.01935955755753764,0.3458955967491833,0.609790540598469,0.024172828468218673,0.4437329767182483,0.48707464022814584,0.023423625119309073,0.02363273599385556,0.023871198510330077,0.023242559045116386,0.6894256982725968,0.45472057102919444,0.0,0.018773001154664178,0.48868931769449975,0.531835268054516,0.4040637091139252,0.01614217525676359,0.2841605992915093,0.5739622583924175,0.44568689203507805,0.2406956586619499,0.37408666057351986,0.36870088969068215,0.22432474958257975,0.333040163548166,0.42418939102488,0.4315204257472066,0.024755402741820698,0.017044146421686043,0.17656546074249732,0.09779936253085603,0.41907806268675546,0.605764048726194,0.0,0.02497658090953708,0.15479638637724427,0.023055152633657382,0.4050501656539098,0.6629125735709772,0.35955059591014116,0.353026697695463,0.34721282057761244,0.6359712516882452,0.6571105639587456,0.5134186913261464,0.09930918938287861,0.02451662219819295,0.4517681616927501,0.5345984478359809,0.5296807484337338,0.49605091921601907,0.5023583799600658,0.5141544700705978,0.21244756659189676,0.6742285311966986,0.49963168092103855,0.4467127313462927,0.645356124989954,0.14841754415156216,0.2682458642831482,0.018773001154664178,0.5406622374959038,0.018899542960872793,0.33096196190464755,0.35249405391454075,0.018359885768456263,0.0158698008998854,0.43704838497802745,0.5496580180779068,0.48118409336156664,0.4499760276051066,0.23776703657604087,0.10531211219463346,0.4357976595215833,0.2972479396509339,0.1254219725387112,0.5475348396511022,0.021742224036767538,0.34227811501359373,0.01770829149132211,0.19886235230804647,0.2928676997651894,0.02475707644716245,0.09693945972866314,0.5037367585108189,0.3144638755417178,0.5055908184522667,0.4644146869040344,0.5921342497573372,0.025493899063626875,0.6008909133094866,0.0,0.5877681987841651,0.4265702594310496,0.3238296894713135,0.2197952976630598,0.02249320710176005,0.45074297202238334,0.3094269395089476,0.36664032635161625,0.5646627085736889,0.019520414607886935,0.11307793039220006,0.025310667268806143,0.025005417310043486,0.4314616322479448,0.018773001154664178,0.21164341342308726,0.4139254052141443,0.31477730092678013,0.026072042405253498,0.01479152424002484,0.023889363350385998,0.44978869940815935,0.02224495395467937,0.5684883673019466,0.4940596257373936,0.5675187635505358,0.020228689235272868,0.4119706312678837,0.6007809660172445,0.023737645702522334,0.4019411334056868,0.5736077200168583,0.5862023636555318,0.5819955114299141,0.01905445798417791,0.30757345748859144,0.16540718772191165,0.4201096043763882,0.362217315404535,0.3561336002631612,0.2515943284946674,0.6293938468741935,0.11553803887585089,0.5110023848692327,0.1240380026211899,0.42767691157201376,0.4347984916242977,0.5405608079574514,0.4664216222356606,0.22414249742103454,0.4459887633953435,0.36993306272842247,0.5835842649112477,0.37202648904588537,0.021285808015457038,0.1354926003180866,0.4245358164320991,0.5819955114299141,0.5248058373934064,0.37076307456281193,0.4499760276051066,0.19643021130023022,0.37002503327931974,0.6169751890040885,0.024418156542269052,0.5753642684694263,0.24555574637013547,0.3986082825102883,0.19044531831219724,0.37308561299975224,0.019397676363335878,0.38993474851630244,0.02474222639067429,0.025022548303430897,0.026064806913550037,0.023871198510330077,0.024300132746975484
ig_lora,HES1,0.0872727328281288,0.11916182850109147,0.017548474119688233,0.2881870543191202,0.1112414630896005,0.294546395816419,0.20804023894839105,0.5499880137297957,0.5091526039806693,0.6647199583276885,0.49843055088505195,0.1795224073400973,0.13849807941056672,0.1714569355080048,0.018582774312630963,0.12431501196652067,0.0826878438267375,0.13243056120120011,0.06289316149279936,0.41680914975968736,0.2642022896420189,0.4306252395738905,0.354403236531674,0.7094955170520643,0.08127217901421468,0.11444125635320246,0.0,0.018088524302407552,0.1782680742639605,0.02387321331924031,0.03761469450754273,0.04229852884550081,0.27513636785463014,0.08470898886564832,0.21223630454133485,0.11829656356533798,0.1048663072132343,0.12348872098685008,0.5582632907479846,0.19174854357774299,0.3331268906868196,0.049963433308081694,0.5152536726181176,0.17317145931898223,0.02144134134241294,0.4714751738703103,0.12427839195618122,0.025678168077995042,0.0,0.5633271582464418,0.10052616424081404,0.0308428967281915,0.11490290975494956,0.08266998351675897,0.24670139798531657,0.13167808834006364,0.4865852200286097,0.09572786456866308,0.07535069742786976,0.021645628876339786,0.560538819581301,0.5848428756550133,0.11936236311578761,0.06355621937545777,0.06406303702208753,0.07398682788363173,0.06709145403886421,0.06842981215759684,0.21546822841473984,0.08428707391873445,0.024153344492232613,0.029418168273483675,0.08866033047342421,0.4613636238770528,0.1726038103443475,0.018088524302407552,0.09116276909491018,0.1038029475612448,0.1569802416543104,0.3943924351605345,0.45911358484551335,0.44711614439434816,0.5013513984697254,0.11643042536934373,0.10222209688799008,0.025771009690152856,0.1834220390052012,0.49279707883494067,0.12399890551672546,0.18243692253624805,0.11648338532929155,0.02524577219444567,0.3680848223236158,0.1289356275444628,0.06651041863378512,0.17238765559291322,0.01852107673335461,0.4462780575876787,0.4932229840723354,0.43004322930284017,0.18223172225417975,0.11650421528636203,0.31261219004418234,0.1345033553506874,0.6992650461938397,0.22544591106009204,0.0,0.025894697238358425,0.13388598174518385,0.588426157056421,0.10356646257777105,0.37614631363982,0.4761949114405053,0.3147354202767386,0.3089341416892426,0.11484986689193001,0.10442754490159607,0.43799378644978665,0.6387972137330279,0.6427709373810544,0.31518271512022494,0.018088524302407552,0.40419219177334964,0.14778784045294774,0.29458044512843606,0.7170240138495793,0.04134857721618906,0.6184863688743728,0.39155990964379106,0.6410550302004404,0.061379146300701945,0.07527306698712467,0.10898356484414873,0.6203680315572276,0.12354986458851652,0.10344506994748906,0.12466752771627973,0.16287978314295198,0.06671313684904534,0.07705137259494893,0.02617853144412799,0.6055601137931349,0.2549511293332915,0.35386823872054024,0.1903050535801055,0.08688110085950444,0.1324583835904286,0.6331378027140626,0.02528598699724223,0.48329816938337145,0.10731491779756752,0.6274360984556604,0.47290734650925836,0.3383945892068288,0.08921413691690387,0.1295835891754685,0.13570115497839869,0.07269339093540014,0.09921371595711106,0.050773510318070744,0.21138850412767116,0.3168894435421175,0.5734630460008747,0.12464624947346266,0.02617853144412799,0.09948658271291257,0.14091847396655663,0.025771009690152856,0.5815939711461433,0.07792065257230416,0.08447501398863254,0.49843055088505195,0.11920103233871482,0.420577694569661,0.16789258084380318,0.2865568154585812,0.09539294954982531,0.01865479327839114,0.13018880532812538,0.4815112612932134,0.433257972804949,0.6007781509626923,0.354403236531674,0.38419280356824453
ig_lora,ID2,0.08544064154928514,0.39571433230867487,0.017502969375977857,0.25641120746272383,0.29589566939124673,0.31874419981927643,0.3825384360445121,0.43247530036308224,0.6075374428003942,0.6770046659638267,0.42760858079694214,0.16833948043207636,0.2584725767505168,0.3022429613353581,0.0183376902893257,0.11964812213457907,0.08204072810898369,0.3047085092879125,0.06461635338264776,0.4680798812145525,0.38573279599369337,0.5218756251660869,0.3080154936283892,0.6861564567333787,0.08085916753222962,0.10870653980986734,0.0,0.017905731775831827,0.29997607207929167,0.02432090118535597,0.04088448555201456,0.04339919201297877,0.2673123291983364,0.08386135324596472,0.2911749703924591,0.11707383426825525,0.10205768462842438,0.11858609734983262,0.7054977674024407,0.2909207353357937,0.41088214103205495,0.12120539597306192,0.44385371824404174,0.26390243642762223,0.1081721722658112,0.5326676352848161,0.11763861293555115,0.025811333234140657,0.0,0.6195199307238567,0.1413563212626284,0.05295529050604283,0.2676086264789647,0.5966686494594643,0.46050579031614347,0.12072011078367603,0.6762667811541656,0.09455944354527224,0.07580282450787762,0.021731083836569375,0.48384714535908496,0.5606830213201481,0.37200478083162375,0.06651854525869084,0.06703028517716066,0.07600014134683211,0.06944579724680326,0.0710555534221948,0.4614174236678625,0.3302127788367539,0.024598632680572663,0.02963643367690498,0.20903062924362972,0.44505855181424314,0.26267401812866237,0.017905731775831827,0.0942578586123039,0.09709258324685512,0.2707945750482007,0.5519056201884865,0.458956170808641,0.3546556800396349,0.5841083158970541,0.11272766793800826,0.09749887999117736,0.025900939216680862,0.2652831496073959,0.462844741664539,0.11586818597625469,0.31514469446578963,0.1955814064365772,0.02545476331480951,0.33240641010560734,0.12635866980216376,0.06732057907086861,0.17417615510105788,0.01944603519322488,0.545347925848181,0.5335995214086244,0.44213220634743333,0.17189353792335274,0.3926798968382794,0.44418159621023806,0.514352406969643,0.6462696684088951,0.6024500072097937,0.0,0.025984704183337162,0.12416662137387381,0.7066754184454997,0.38307640884914235,0.48288733252709065,0.4538186490610103,0.3220030155017932,0.18537285679394563,0.21404952883235828,0.09758705614129988,0.5722998078715974,0.44996917111951745,0.47845767984134097,0.5320034083900529,0.017905731775831827,0.5081822878122986,0.13807188512262183,0.36143837527485684,0.6621225050214963,0.03722537854463257,0.4590018998156414,0.4459804368952245,0.4336307854179838,0.06274161907311554,0.11408261563231707,0.10264246867518301,0.6059929811835134,0.1171151950638615,0.4780653119844762,0.29027233676988656,0.2420991838962847,0.06749582234722441,0.09034174454458344,0.026204030615068187,0.4918939519912564,0.39826140753680644,0.5394496151819491,0.13974519625323448,0.0867071278559142,0.1289123586554197,0.682905586948441,0.025495307997038613,0.6358377947147391,0.10440312804607554,0.6492545784729986,0.6214501931981691,0.38573973354587265,0.0890110613666628,0.12207739778787183,0.18586771117353107,0.07107940838020999,0.09788817066709016,0.054727123467402224,0.3497411159287972,0.41450474906525386,0.6366155786167126,0.16985999969070115,0.026204030615068187,0.09778120195462893,0.13147719191161267,0.025900939216680862,0.5322406102502171,0.41506114627963003,0.084802024990366,0.42760858079694214,0.40551451969762886,0.6740281075442686,0.29705621373529933,0.38510012810288324,0.09750357601990452,0.018372741303981033,0.12556160411025052,0.5773687899592502,0.37527430023545866,0.6655080663276359,0.3080154936283892,0.33267705605098136
ig_lora,TYK2,0.08428241423235593,0.7312263381875866,0.01877675205867382,0.662447809939802,0.6556792174643572,0.619941150144612,0.7585943668214843,0.08138004673658288,0.7249794195662937,0.6685250093939562,0.06308868446038865,0.053401221723876006,0.6845162585172387,0.05393846334873814,0.019023303650544183,0.08982043834041006,0.16348637269719485,0.04287421449361402,0.11400007265797832,0.7124249943212088,0.06471431370541443,0.1119329395688664,0.04603026698597765,0.09625052038958688,0.15444888495093007,0.09214964531133876,0.0,0.01888621272838164,0.11428649046097496,0.10061517655804061,0.12353371471438404,0.027285133221273537,0.1699050535640833,0.17343284763102843,0.6975836635891971,0.1250776388357352,0.10468480816317406,0.12184338008998624,0.7361780918615357,0.11369065283330962,0.6959121250118032,0.6634143167499528,0.0714768442060687,0.06471568660890156,0.7198229791475643,0.6236310154588202,0.10384694630509739,0.09781625891540037,0.0,0.10228496802528121,0.07085622180974967,0.03003362035773949,0.0815061368093405,0.7265185158338993,0.7140700605388112,0.08661879077075256,0.7154417344976454,0.17922557470108033,0.17684160518909317,0.0584995176016351,0.6822551049426839,0.10790481496230585,0.6698201402434975,0.29403171502250425,0.289731363163279,0.3163828056542645,0.3155292943428142,0.29476774031433534,0.7345655521927427,0.7571135735780539,0.07848106864464227,0.07525787687415184,0.12659110841867452,0.6579303479853941,0.13004466948270088,0.01888621272838164,0.18053581034061672,0.04267895268024186,0.10371103699148304,0.7321496417906777,0.08969179845427118,0.10363073139936313,0.7209810019858525,0.14726704333187424,0.09183226321204406,0.06498398297866413,0.5192328876860719,0.6478470517980707,0.08166195994680578,0.5842082270026434,0.6126335099835618,0.11238798232137547,0.05955377018618583,0.10259483921575326,0.03184171998988243,0.08531796866023589,0.07396626262498823,0.08728294164771297,0.6771459489931209,0.716201355138004,0.10466067635518343,0.7326049462906257,0.7062762659923162,0.7274534730496378,0.12078631647948354,0.7273479853651376,0.0,0.08804765042448841,0.08827944314045448,0.7332030915464127,0.7165303649058014,0.08225027915528388,0.7158700753171773,0.21127710859072762,0.09579602458628143,0.7135927102964534,0.04282545048459352,0.7159174433937392,0.08767119032509568,0.09367721384657815,0.7304293165615094,0.01888621272838164,0.7090184035666665,0.135837346037726,0.6359736843422849,0.10321563107914886,0.017296389251752708,0.08223238203526452,0.7105244165737952,0.052959975173665325,0.22570096282854232,0.14269438878520257,0.11809504923252936,0.08985617024105826,0.09497025465517109,0.7139962770515392,0.04256716163429363,0.1565182687942884,0.15332881877696403,0.1328166360232834,0.08678694858850257,0.084666515550783,0.5991067677943256,0.6940534251501179,0.2095231310950877,0.13642832141700462,0.08150630663613793,0.5958041072353814,0.09875633958934214,0.7251806739381842,0.12801147533067203,0.7250390402846945,0.7307434098490879,0.700668766046736,0.16250866560200095,0.11089472483247655,0.15844556512073626,0.09434977353055887,0.12553234939819477,0.18351580070386556,0.712621551950971,0.07718376085559195,0.6867940036450979,0.21060714428903546,0.08678694858850257,0.12424719934611134,0.11121884698864211,0.06498398297866413,0.7141598316306701,0.6498321862758722,0.193332499182798,0.06308868446038865,0.7112364454922361,0.7472109922666448,0.690223968653312,0.10066700069608774,0.10509651235760828,0.019024324881248476,0.15600848798478534,0.09075403244421669,0.07207221440302089,0.11148023633723003,0.04603026698597765,0.05491516669296887
ig_lora,MND1,0.0833682596816741,0.027504441378378607,0.01889716230750178,0.12838535012033858,0.07789317447658367,0.1397765939895983,0.02912458931512273,0.31381878156220994,0.23865319462417814,0.2671358462913758,0.670777810978306,0.19816704580570832,0.15331813138630404,0.06793961035566437,0.020486226468878904,0.11049685447517335,0.07399459429463617,0.02854356728281678,0.017969756216926765,0.15338610611353606,0.2930646256549707,0.4211758242220416,0.8012467420802322,0.19541544217618317,0.07213052511792076,0.12597558483012328,0.0,0.021261734437194955,0.027956605388822126,0.0238087107779589,0.018260333837687402,0.014650812456273012,0.2817355438289368,0.07875050858481496,0.11513131825923847,0.11724562520325156,0.10475992359566137,0.13238593468712703,0.25647649945104656,0.1582500723002418,0.18370572361879067,0.023817369126609256,0.6894162297071527,0.1007368534812826,0.025945752521721335,0.2531847177128922,0.14056212395271112,0.028483348437147154,0.0,0.3312714244629194,0.06605792090282184,0.021402673137432843,0.027866831243076155,0.05916712335162495,0.19184553079828243,0.17647582270274656,0.16742636664755653,0.08878616573123332,0.06425207983494119,0.024538606678683687,0.29925517226115833,0.38327300342433834,0.07332528303557471,0.04668022070259305,0.04703087144211182,0.05359682835405608,0.045631491741006336,0.052746493098048575,0.0276776290291183,0.026820659137801774,0.02454657531051314,0.0291474817963449,0.02612378106857374,0.17979531459473339,0.1405906089004864,0.021261734437194955,0.051332974483195286,0.12149292067821722,0.09734371140503942,0.2738609639594195,0.20625743750743714,0.20410104397993284,0.17361540894275024,0.12067775034517723,0.1108219049033021,0.031163080533301937,0.09247978285612388,0.20543097968792567,0.1513559135546388,0.08019061713729143,0.08854892347984186,0.026844531988396855,0.5341644947201547,0.11934011590506476,0.05477124932143409,0.13308487893614876,0.016200120248497315,0.2831059371579125,0.2063927162990379,0.19462333617591895,0.21822864018539057,0.025774308733072914,0.07206568219263036,0.06586431189971555,0.3700063891583794,0.10201011778615343,0.0,0.029599903477211646,0.1693478228408109,0.3047321267775783,0.024757782270398862,0.2898596661148225,0.30604854994688047,0.15675986436136594,0.15767180617219154,0.11896908585713911,0.12295394316732561,0.33397696886423084,0.6513182891887361,0.5307323881070529,0.2703702701079098,0.021261734437194955,0.02604883493322167,0.17739005050759543,0.12922245198447843,0.5193753362834101,0.07462711377408653,0.4491386376959816,0.21153013649069974,0.21850431230717393,0.05332321067239378,0.01888514666670971,0.12796990168532474,0.1267984022658414,0.13873741262521344,0.04593655416179256,0.025372805494596327,0.0845171726457996,0.056005244592781236,0.023594012915620355,0.03038149200525679,0.2133020967950729,0.11588977065836781,0.24082751492538856,0.06047931488962115,0.07442122430001048,0.09740491840040959,0.1882103242660304,0.0271733587567877,0.3707087128471716,0.10844728637857826,0.3728560352889622,0.1712044322970192,0.15075180150054657,0.08110496636148161,0.1499141354836919,0.11360225821131593,0.07068235262880605,0.09594296589533756,0.022975237349172388,0.15518656427989458,0.23159416932266128,0.2810040896450469,0.10372560012513812,0.03038149200525679,0.09487133867431569,0.17052050515290365,0.031163080533301937,0.377731138450155,0.03985992720024507,0.07617316222770638,0.670777810978306,0.05740719832919924,0.272539639510599,0.13141459819925447,0.022142951266302714,0.07169423765437247,0.021261734437194955,0.1387949850996789,0.6327759106513073,0.8012467420802322,0.5193446410798864,0.8012467420802322,0.801246742080232
ig_lora,CCL3,0.573642264568771,0.3872787793042445,0.5985400610953437,0.1160341308188626,0.19869454707638387,0.32466779180896804,0.3679029247098229,0.021909731707607755,0.32326017240070803,0.222753534266626,0.023857667916441255,0.015368114442556645,0.1914826724488231,0.18572016014146878,0.747899345681302,0.01785984483438211,0.3127862719289965,0.19328080781498375,0.01961947777799046,0.1779240727218129,0.13132342850768913,0.1495880583338465,0.02340036596783607,0.05484453161754486,0.024865997385766163,0.02450015219356607,0.0,0.748322687323651,0.22932328401214294,0.02351167458389533,0.23833529909689305,0.44938232515707294,0.020270567231318006,0.024696326385745912,0.1282418614976699,0.2960823940481036,0.02091775495455608,0.020964687251989408,0.42163829461277846,0.08869665382643123,0.20383557885746778,0.08566165697367827,0.02421812171385476,0.29644753253357686,0.2048935773719244,0.16966056964354234,0.023346558772310563,0.025899600023603433,0.0,0.2248416262368769,0.8492511148792317,0.9228905592293466,0.15231977006142305,0.5559546327946043,0.274330489575135,0.02254036921921161,0.36715864078019433,0.02489496465479684,0.02412451406603115,0.021881893613970638,0.08649036161631717,0.11870488722353045,0.2934402823672,0.019088212668268035,0.019050433971079084,0.017488450482345725,0.017801325668754798,0.018583068629292643,0.4990334123707386,0.29414493343520104,0.023814380018239538,0.021698580110445623,0.4875525737091129,0.14974426839813088,0.07437197283409354,0.748322687323651,0.01886132268455197,0.6695660913991749,0.5517127402677114,0.29793605841086956,0.06398220607330238,0.01398969283629786,0.25718047889239637,0.020849827491753316,0.022387178880843298,0.026105292025522676,0.1411566699590418,0.09629714142851992,0.02220586899310958,0.31531150958197696,0.12171010971925349,0.44878883269554987,0.01992890508277845,0.018774167704870056,0.5736916551967446,0.01662922707334996,0.01749273793865795,0.278322767765809,0.20570864820191714,0.19393973038777715,0.020735936280703887,0.3860422181674118,0.2819947347122016,0.4771613081619015,0.13740080855414605,0.5169734097260195,0.0,0.02622480232958559,0.02295055414168299,0.32511453998910506,0.3674213861602809,0.1481351835103762,0.1502026763484219,0.08210389021369516,0.02051141779100235,0.16042615916105218,0.7353233251158393,0.28401561380523255,0.024682926227195638,0.024095752268504446,0.2536554791176611,0.748322687323651,0.34538750473935037,0.021956711555886126,0.1529622262543713,0.1601341554771798,0.01482818537143699,0.02273285655780145,0.14907722767966317,0.02080682188720819,0.02059133947430505,0.044284250037991,0.026213189965245475,0.08785215855758068,0.021477556774789644,0.45257865867402786,0.17555123292622482,0.08597528818238308,0.022495504850175083,0.023435405058740307,0.026626900787759134,0.01718482757255322,0.3625918569939708,0.30654629741152345,0.020369132737871973,0.019293949047548265,0.01789454189456033,0.12188152525186913,0.02535153770360973,0.2579078904740612,0.021707170599658054,0.2855807463303784,0.37646865568403914,0.12883708311858535,0.020575939373472896,0.02173627389499748,0.0420868401355907,0.02263023189818033,0.018398272077485914,0.023058149381927764,0.1398832334335744,0.12365268413046077,0.2600457130280435,0.13012939701486734,0.026626900787759134,0.01954252724249543,0.01972786042714056,0.026105292025522676,0.2181947456535394,0.3831000586664848,0.022540844383407754,0.023857667916441255,0.3477380673162491,0.47520772159094343,0.12847376734730037,0.3362170739117804,0.3756717933119468,0.7902990042624095,0.019892323637499366,0.1329770573665677,0.02468616629658125,0.20501037854439663,0.02340036596783607,0.023914686099334143
ig_lora,OPALIN,0.2724376573240494,0.02471445852888771,0.017965550917002405,0.25467142168794626,0.35683545338088446,0.2900179533114249,0.4360122621772007,0.3489980999420961,0.22321589581493903,0.09056588176077113,0.11323761101170299,0.10023319902055282,0.37612352985204456,0.036929002797062765,0.019555203906691056,0.32241144776980674,0.565367978680743,0.023960290447380177,0.5073450014381421,0.3626911451325665,0.11281998587913357,0.12131548872350432,0.08195373448332423,0.07189596285002706,0.5774115920745219,0.4800459696269308,0.0,0.018737637806410894,0.4799191479348678,0.6555968833829485,0.4364174712489933,0.015782754096359375,0.32866931632618296,0.6653055833401758,0.55991003016095,0.25230472426410405,0.38327884845128696,0.39679172861211354,0.07874466107532367,0.35844760181376084,0.38529604659574973,0.46487086854561793,0.12775178026971243,0.06196187359557832,0.021965447033289353,0.0937314466834719,0.4489894077903548,0.6459158823001978,0.0,0.08681017142610563,0.09334180061117793,0.023000637601461378,0.4087878970797938,0.17336109617248593,0.44778219883015463,0.4011845439956876,0.140494982833336,0.6439584623604092,0.6381444493537577,0.6651436134146316,0.0950192355458493,0.11284540947427864,0.24627722053872436,0.503166081322741,0.4974671182932282,0.41161827486405594,0.4174476049559378,0.4775811542207147,0.026250087957939136,0.494691456435485,0.73813422512181,0.5467771504093317,0.5406760543957123,0.052495380029779194,0.27358068574070166,0.018737637806410894,0.48934687832644386,0.04502639716369742,0.308640176261269,0.2742822869528943,0.0762042302666674,0.08306619868754728,0.3084489076803196,0.4210347273380697,0.4339408475376792,0.4788983621727132,0.23031672416889182,0.061389261964765705,0.552810299874885,0.19331637353936115,0.0513822640897716,0.5608317406251961,0.08738256349669825,0.3434734436039591,0.031135229887100165,0.21995848479548566,0.25301156571276595,0.16248671975768947,0.11946069196438258,0.4001459331525834,0.3573026558178831,0.3336626943686345,0.2932322064424287,0.3065536319520514,0.11413947041003214,0.13811511508691712,0.0,0.6227028580444638,0.5984112439337503,0.22511750457832178,0.16478917744762028,0.18484619119280257,0.4708580819958093,0.594451235339744,0.33620468569795475,0.44837787628416453,0.04589561746951722,0.27629929687944743,0.1463596803397832,0.285950957113386,0.3383312880658112,0.018737637806410894,0.025144377350826058,0.5198164876525715,0.3323299796553524,0.12235765789472884,0.026161626420400128,0.1141913157543212,0.5064860390094108,0.06590813434123367,0.532212050392988,0.489145949923905,0.6154897910861663,0.049603736757909384,0.40700033339690805,0.257169142782562,0.15800553496617878,0.4313014404537874,0.5646403099709217,0.6084401416361359,0.6142658534497892,0.07214742632654196,0.21073820733469897,0.2651587114160309,0.4110520830963915,0.3297046394190362,0.34578274209469356,0.22059061845089353,0.6149537194065993,0.11307894720629053,0.46005527526247864,0.16979346242562704,0.23080720923770048,0.4230101131482575,0.5472803634074496,0.5304193949597091,0.3159498822185786,0.5457629339548855,0.4150632051344216,0.6022384808741336,0.41638159781779965,0.0818224842723362,0.0995361376618624,0.36937366324581594,0.6142658534497892,0.4925753738871651,0.35362880815285713,0.4788983621727132,0.08972869106779596,0.06665642313604984,0.5449049794571273,0.11323761101170299,0.41430755289746096,0.0844967145663849,0.29979830166396926,0.1354730005358451,0.3195583950344518,0.01963760882199617,0.5658755608758805,0.12802091719292172,0.1360650220542113,0.12234801057245757,0.08195373448332423,0.10327030231427975
ig_lora,SVEP1,0.5400686171443158,0.2307000271079893,0.3238419349454757,0.1967826248267111,0.2686069440369834,0.5208494788943514,0.46399628592673253,0.24854978612595863,0.44681499785887085,0.4019213770648075,0.3162602431385283,0.1432754564437786,0.18853532993841637,0.26031959839424107,0.4995441298200425,0.20140246712103801,0.5142255344275092,0.26180998528822985,0.2074982594703126,0.42019334110724976,0.3313736607297251,0.45042655391982483,0.26446082838344326,0.23914630675734813,0.375865354159523,0.33468805940872737,0.0,0.41110278480198253,0.4624161206808301,0.26404455175071007,0.3455483852877995,0.37612962837546005,0.3783769284984998,0.38911516098141924,0.43755254878958644,0.38060366663275824,0.3010500378178415,0.3318392689193534,0.4097315996919366,0.39734532220364377,0.41770507565855813,0.23852890458994364,0.3447888607233344,0.3214581788257827,0.02477355771463387,0.32767455756204483,0.34031382623584727,0.2880100075282593,0.0,0.46480381190206776,0.878337452473919,0.8995873619951738,0.3926190119246743,0.1640394028951433,0.32552043505846906,0.2828005957975032,0.33423791568506933,0.4159463210763957,0.40405515849265894,0.1488815572637067,0.2321760171619095,0.41993847716569294,0.22508004555958655,0.36429440806450913,0.36277722248914934,0.3255297361505183,0.33050671365835144,0.3502683541798562,0.30870949043332985,0.37272521606318476,0.2074251783752462,0.19239504238024357,0.6387884694342594,0.15407393332352332,0.3108442881753525,0.41110278480198253,0.26659679517182894,0.48509760745526287,0.5813120278791631,0.486611044943496,0.26282310871615466,0.18636513158123508,0.3927322724461509,0.3056506136108885,0.29046306560420726,0.22810529789142212,0.21536503524203499,0.1757633185126014,0.2840771719320412,0.354004412491621,0.07931902612742782,0.5049114629291825,0.2649523444415621,0.25650405940342985,0.41841064510976306,0.20364398288977406,0.12953411672930581,0.47006133829817326,0.32916004454867814,0.266188844710787,0.27924461520126953,0.3022598985799713,0.30756769739057566,0.21860538521059014,0.432125966460595,0.1547175040209601,0.0,0.27556148051948504,0.30406595986388096,0.47497093277241165,0.19587683875015222,0.3788294372367194,0.3355382282562826,0.38520184122626766,0.2501458635225309,0.30707588491125337,0.5362265442756199,0.4558867791190012,0.3774763330873173,0.3529493190661485,0.4295844149015052,0.41110278480198253,0.18769668115191598,0.2895021448686077,0.28788833962066607,0.5034066066025152,0.036639573000423815,0.2991014136581125,0.46129996669157997,0.17635281145117931,0.37159560730923624,0.30436987818844885,0.34519896420806856,0.2181006054863189,0.30418227798855685,0.22778003584195428,0.24430746644274068,0.3897911107887067,0.3721670601705237,0.31875662919853104,0.28309700047244,0.18765831865514176,0.4063019032900194,0.36547604993235394,0.28171356991191565,0.24082862774510613,0.2334489034494957,0.3135309833515831,0.2948834969919263,0.45042943396625396,0.31423481485824517,0.4589875299387568,0.4078013650384223,0.4332088346076674,0.3310953576769385,0.27463904427802543,0.23510628125823008,0.24483121225944096,0.2202196969419167,0.33783981999886625,0.327956081071178,0.3293279031678286,0.38651634975615934,0.409805624914973,0.28309700047244,0.2898827864669984,0.2772226659400555,0.22810529789142212,0.24777101839450677,0.11614670263162276,0.3765010342340822,0.3162602431385283,0.2886894083873814,0.4367962461593493,0.3375540882147233,0.39556104586777724,0.4441735432206505,0.5027117158472099,0.29760154445296244,0.5084894203836894,0.3651081872015911,0.5396134486855375,0.26446082838344326,0.3028026793617853
ig_lora,DUSP1,0.09801208148248969,0.2825811423343257,0.02004880130676829,0.13730544686230567,0.1342455178312284,0.2650577776186343,0.3567171194023864,0.3294477634785093,0.46282816744399957,0.47024396118342027,0.5684415915848395,0.1938379390098332,0.15804892852180755,0.3194672768250491,0.020870700930655548,0.12095554676258402,0.09179856121552585,0.3558098402583242,0.02145875895460877,0.3317737237718822,0.44618122893275663,0.6105198975245959,0.5804744064238276,0.2675846588330012,0.08947716444698173,0.14277828584889124,0.0,0.021373936297752017,0.32235047223049285,0.025992534079742183,0.02035125723845962,0.01540585549263206,0.2991727058726878,0.0928783145820682,0.2301195002021625,0.12260432468167144,0.11856434082524235,0.14000441703817834,0.5056978151343989,0.27127472117584245,0.3149412077214769,0.05320607781964916,0.5896056961753297,0.19358626051499794,0.02608930126969688,0.3669186399053714,0.1499984703482286,0.029716758506977883,0.0,0.620480812994475,0.10676375764608603,0.03620479170988212,0.257854411955134,0.0851630920040439,0.30731683331113413,0.16870159019718128,0.3364023695184652,0.10566183944301866,0.08079052147493758,0.02565862918028572,0.3194415033681758,0.5278939053212203,0.14341320160504598,0.05387265480314091,0.05429766123582521,0.05919537060366622,0.051636217030547764,0.05943191782399289,0.380461968714328,0.14824518818969964,0.02696590529377213,0.032939053502925336,0.16194368147525756,0.22078501239913545,0.23547760646792038,0.021373936297752017,0.06809803489426806,0.13339503385243381,0.23873609310636118,0.5189571036507254,0.3104751408675842,0.22100068025178082,0.36506516437978603,0.13026003084026752,0.12673406406879548,0.03140530794064235,0.1478563269680842,0.23540815959336886,0.15841404064744788,0.1959646812304972,0.10103865189981699,0.02843021246628918,0.4864567587047025,0.13244040755959205,0.06505227123997749,0.14071772195862997,0.01833190524356555,0.676115307842125,0.4086953930080798,0.23483376379983803,0.21005787541911536,0.19654444643756933,0.2026120649455499,0.1748243584477268,0.5299553159335026,0.12597394183385136,0.0,0.030488717122493913,0.1707864310522267,0.49196154295228295,0.21703365116409312,0.5120385536704033,0.32430988814895584,0.24893790175154246,0.16370763651428116,0.1280261568444334,0.13438397964132337,0.5921987525204476,0.583788689882409,0.5050371386358687,0.3808342738654247,0.021373936297752017,0.20317822913964922,0.17899316957400932,0.20689405460061414,0.6951833885174806,0.06011222785532512,0.4411304324702739,0.31913144714525865,0.2559928372498228,0.062027253459398385,0.06123726455679422,0.1395072644189526,0.24524683500552624,0.14883434120888123,0.11920932676359505,0.31333174259195795,0.1991065994923042,0.07073705154583079,0.025615425846233997,0.030971235272302174,0.23578185064167784,0.2589216884150241,0.44390729722968775,0.06972864706966987,0.09565411560890784,0.11952150968930804,0.251255760259949,0.02875925592670402,0.5926635590951499,0.12005479833974789,0.6220440838795054,0.3913876428337024,0.2683697981290438,0.09552052755648534,0.15867555757283197,0.1572064395635288,0.08436271909604362,0.10711629038927711,0.024873441483616147,0.2553245051139274,0.4209976412915613,0.46384014371647214,0.14216724141446452,0.030971235272302174,0.11056451528334402,0.16899134124752976,0.03140530794064235,0.3877641617422952,0.09504690856653596,0.08875248450434578,0.5684415915848395,0.15010442654917977,0.5542911094354552,0.22347600498741643,0.4311221245315789,0.08811563561934799,0.02140453680517667,0.14348364494669244,0.7510543178970922,0.6467061071207489,0.7460431079936597,0.5804744064238276,0.6080709483808782
ig_lora,AHCYL1,0.24088209141349803,0.379545835370325,0.018079077723309862,0.35449357611389665,0.5304238690948246,0.5117621754727294,0.5730496094282322,0.1711598292716394,0.5225755424217131,0.3725595635800719,0.1818198123865685,0.1432987709606697,0.43057439983474866,0.19041062215988683,0.019422847535876944,0.2339990578412232,0.4571208150847443,0.16662294579874362,0.23780464203909843,0.5343772780642084,0.26264775584140054,0.36466147579291247,0.14482363548280153,0.1631692315258746,0.5090411144081526,0.5292396255451316,0.0,0.018586238930140626,0.5177891426933755,0.37799388074859497,0.30132816615836944,0.016467174584944,0.3735090898677603,0.5231379592174223,0.5379117388120946,0.3019291962946806,0.6092161465154591,0.6198916542060607,0.5173224045198737,0.6487805568629156,0.5206174455835069,0.38627516362599534,0.20065290156149565,0.15008578866012706,0.2276899652912739,0.3266452599489138,0.5954161199762822,0.34829160461848685,0.0,0.3206432033185775,0.10796821694692792,0.03755628959722194,0.3389589541857652,0.6885413124366221,0.5611239926706983,0.29467287663708586,0.5439250612450357,0.5367783275803171,0.5278433189302292,0.2055564362152415,0.31690533778722335,0.2806123459896344,0.5502244696292947,0.5354644732079281,0.5305570836315374,0.5154907630456671,0.5039019635853023,0.5372735015112186,0.4571481659036473,0.6011301567275849,0.254507263759868,0.29134070754642105,0.42387386880846056,0.25128749585635485,0.39102686233409745,0.018586238930140626,0.406035115449029,0.1406842026163675,0.35042584815235467,0.6387610138645395,0.1855041027314877,0.13716808172745013,0.49531864513214763,0.43353319699170634,0.3700070543191647,0.24187583764582363,0.4066294650389119,0.22272063893693592,0.3343779914356331,0.3768201099022452,0.21033133669085802,0.3135421214300748,0.15135051387420714,0.3124695281901741,0.06488123599668554,0.2611035569821229,0.16099003075722043,0.32037206776586147,0.336467111342032,0.4415701983798523,0.32027397541298097,0.5176901487507513,0.5266675340431767,0.5909408659819612,0.29727679866053913,0.6089592186885863,0.0,0.31674457340763135,0.34311371101962523,0.5520481387307167,0.3675662258239837,0.24917117007487213,0.4579091838017777,0.3816162985324742,0.33615554523780855,0.5381191073493437,0.14134532453094112,0.43126324477623657,0.22714626437716562,0.23130258728970454,0.5421875232394693,0.018586238930140626,0.3528155898803604,0.4429647365022774,0.46566178736908925,0.32162782248819416,0.03354706307128793,0.18491229737316756,0.5258954041771203,0.11460010661480023,0.5356887685421111,0.36843340458673646,0.4427672235600057,0.15983468269366957,0.35813651659475815,0.6415040830007214,0.15784044938515318,0.4648889844535909,0.5735808861977115,0.44414384025183773,0.3109718860533804,0.12378171159839776,0.4407194584184805,0.4244787659428641,0.3735358616531154,0.40982776773319834,0.4244427335694369,0.4347494411510845,0.35142735696013444,0.43899343357165327,0.5075370913776612,0.44214101652786963,0.6223374821569867,0.501757991621716,0.46037723529076063,0.37681031387541153,0.33843840398182473,0.29860049866753147,0.3292656689595739,0.4060170620783462,0.4665240790017135,0.2339238927493624,0.4131903060777961,0.5933693690102189,0.3109718860533804,0.410972551308851,0.3755298441213605,0.24187583764582363,0.3554634185549545,0.4459632151721744,0.5000115428342984,0.1818198123865685,0.5890369848594502,0.6229232142724387,0.5966260034322031,0.35928697771056267,0.349157628532973,0.019393851958599856,0.49558803049395567,0.30734678083547684,0.21013805028316626,0.3532312108200954,0.14482363548280153,0.1691564566829374
ig_lora,COL27A1,0.6072876544385398,0.0164017412668149,0.6180509599672126,0.22659593902141145,0.01564847647442531,0.25346494738008735,0.01828198418054501,0.01630591831159023,0.025544314513058206,0.02707488823717369,0.01635512499426626,0.21333370519110356,0.016183486226973545,0.015844800738438948,0.7688384268734357,0.03359836062495274,0.244329874718705,0.015924606865229982,0.04165214128314143,0.02635700145930542,0.01594323967864148,0.016147743884845227,0.01577742667837938,0.028091844764011973,0.01773985476166159,0.017143341275059554,0.0,0.46980730950005645,0.01778200312690012,0.016830210182922783,0.6775099978679107,0.9593300297856777,0.022170857320553426,0.0178012056719872,0.021584219802093515,0.5023478377153564,0.01588901550041775,0.016021254694858298,0.03174924717750574,0.01663818496537451,0.017664452559892182,0.023164258933423887,0.016613367596525666,0.22200787651071463,0.014931512786690656,0.02523131921706215,0.016877785783227045,0.017590352953548105,0.0,0.017006719627699857,0.7822553789533296,0.8807468375363378,0.01719635928618811,0.01838581675113864,0.017207648693192704,0.14190879167015444,0.02946694862465073,0.01784855275993509,0.01749572106637921,0.015155110634498497,0.03235583182384633,0.016899463374021866,0.01561549162637647,0.021579017721429252,0.021626402635466894,0.0238114547700305,0.024076444801787864,0.02113925794687422,0.017298488823308686,0.01818072887546431,0.016774892239275502,0.01591169448935449,0.3085633849903488,0.0350744416246681,0.014208273536807543,0.46980730950005645,0.03139613353727327,0.591949717104329,0.608791253889119,0.01783767493407033,0.038658729710689906,0.09065048479939186,0.03155834007732702,0.015845551203561275,0.016155618063712247,0.0172491914911872,0.060573015248856374,0.06286777132243325,0.016136720906568598,0.1275838855093329,0.28498678858687554,0.32021329816812744,0.03593224430542297,0.133149695168243,0.7647409911449458,0.03770817937221785,0.36685797303001827,0.0166668761450293,0.03561035537046313,0.025953519416375834,0.026832735541447963,0.017698716340522367,0.017069218376900404,0.016818284721901212,0.017551589071341855,0.02605584001783938,0.0,0.01758725757006161,0.016522355262811626,0.030174792924687166,0.016381689972136976,0.027185031030034862,0.01715200152061903,0.01648692633783202,0.015473427481844274,0.017303756148210978,0.5162059936396597,0.017073448068242642,0.017097468649937265,0.017116622232274295,0.025685418641915283,0.46980730950005645,0.01688546758254435,0.016228748317810474,0.015846332596675804,0.0175588648812457,0.010913936237164116,0.02850102869848318,0.01769200816252683,0.10785310783035693,0.07470754696521172,0.03800575237996335,0.017802543871219767,0.035433301699085665,0.01593997300964228,0.01762595551272504,0.015767602543216797,0.016850162586628182,0.01668957944404963,0.03719741467036434,0.017734241811436718,0.03678059636007777,0.15684306388318103,0.017062688396010155,0.015765541958904384,0.014825761404710773,0.03661352754306977,0.02489813460961645,0.017420375379742448,0.03611433143395678,0.016234765798344215,0.01722508241159787,0.01750785545679357,0.023611350721883136,0.01567620166366874,0.015991682460851055,0.013874275824867265,0.01641078320794703,0.01448738396262772,0.035164361298557115,0.03137845151004717,0.014893999748161557,0.016965792381140734,0.09790536438990784,0.017734241811436718,0.015089828695828929,0.01521188513813632,0.0172491914911872,0.01717002544804619,0.02194921421678824,0.016904169296464912,0.01635512499426626,0.017300029033800207,0.018082359060795784,0.015002826774941002,0.03210481781304655,0.6007513350748371,0.5425040596934587,0.015440395944963707,0.01655982239267937,0.01669147797151531,0.01753727966642412,0.01577742667837938,0.016120195913305355
ig_lora,CH25H,0.14350501004112384,0.3333170711751094,0.018036471460808383,0.33712022097454525,0.37412513333752995,0.2423277857503397,0.41916250296799795,0.1250932054476199,0.3324304877371128,0.1534063615868888,0.15860127083440098,0.12019668796127517,0.37374783342619455,0.042527522386651924,0.02013236859912459,0.2826881520105593,0.43343857727365726,0.024332877898173278,0.2944573649336488,0.42517524397196793,0.14920452784912835,0.15181694693095335,0.1251060301615265,0.07864343531987959,0.4848410127288731,0.8064126997754544,0.0,0.019259882364708294,0.3395584204439599,0.38548816803019753,0.2584070265099844,0.015583636463868539,0.37039814400410703,0.4705771887881027,0.3394579688066087,0.17541162890368614,0.8056399390193795,0.7656596859368983,0.34077023204555645,0.7560468568942197,0.3583793798305399,0.3017287805376543,0.175595924724422,0.06947511842700027,0.29654863043251556,0.1761625757776653,0.8446562346684933,0.4748068893638263,0.0,0.10582962105835414,0.05706326612621871,0.022990491483240387,0.34352595714169315,0.649866320827162,0.3926236963408742,0.3591578761031439,0.42410347315025626,0.5246712674346572,0.528599538179018,0.28701106813986677,0.18624366887604704,0.13423151590036092,0.40433320248993104,0.48929705726321876,0.4893255791226048,0.429937506209216,0.4347750406847462,0.4757261706045079,0.30086826466518435,0.5683462962813826,0.32595927058293517,0.2806615395972921,0.37864180446210277,0.2087476772199777,0.2410508927602285,0.019259882364708294,0.34600682602204347,0.056057793666800144,0.1655345009335266,0.4807013885695799,0.08603257763268805,0.09080192353660206,0.3255090295200056,0.4010026606339598,0.4763763095684617,0.43505327659110915,0.2855922104907574,0.16053352205902136,0.4570074409942835,0.2367309743513625,0.17429321774969112,0.40906698086805654,0.11990933230041893,0.3713615763280692,0.03497977857452876,0.2933392780683305,0.15569403337630566,0.07584661633278077,0.15158835744561597,0.40549510877594275,0.35974233514448645,0.48389869785065837,0.3859524484011586,0.5557503423335346,0.13361510658474424,0.6411944922261997,0.0,0.4734313837744018,0.45476322594281393,0.3589696106593152,0.3229339965349763,0.08794773221023784,0.3964808178598491,0.24254394996356557,0.3418555944287982,0.5307213265556839,0.05724309408382715,0.20006559176690375,0.19087750094761358,0.18839009093249953,0.4724521328959921,0.019259882364708294,0.29939398385570026,0.3323456765908704,0.3138804637242109,0.1557694034776512,0.03366748628369071,0.14166514983569825,0.38212397814193927,0.07658698109160154,0.5035724495067437,0.3592476355423002,0.491844253955441,0.05348949513517206,0.45295062897084737,0.5701933911563684,0.023253141262917228,0.33634542695961117,0.5067986367804053,0.44895632732650437,0.48682786369076614,0.08022256892996929,0.27789227555509677,0.25272990133368134,0.33430908943544346,0.5219660214919613,0.587164731498503,0.34390969757181655,0.4956009176703603,0.2350094470706744,0.5890413641845749,0.23083458753609343,0.4174495366380586,0.35288101243590675,0.4291480882122303,0.3553181169310415,0.19797827933099452,0.3200544680035894,0.26565355544146857,0.45451232029623045,0.34421265278783736,0.09653353829033655,0.23566536147060738,0.5092910993408148,0.48682786369076614,0.42403995999767174,0.3830784388434244,0.43505327659110915,0.34677123474259675,0.4057152927620318,0.4696131858868867,0.15860127083440098,0.510651915304832,0.45303325219875623,0.5047645982427322,0.15139505239948572,0.305552161692442,0.020363168419038458,0.47633298004340674,0.1716513975812088,0.19291995668588813,0.15575699977758814,0.1251060301615265,0.15416914152911004
ig_lora,SERPINE1,0.7314734723782124,0.018156141574658054,0.7018447079833486,0.2020267337085154,0.19269033823860443,0.5335677453689955,0.119934219059191,0.07514599464345834,0.09411517768061409,0.07607774335608518,0.06272205841469707,0.16097014916146174,0.1350436957069919,0.0246998079701465,0.6306829557095891,0.10227005458972206,0.626256516112687,0.017550465838806102,0.15098253519259136,0.15227776083734915,0.06465913627728839,0.13702506032620104,0.04298799148911387,0.0665399378788051,0.3104515029815061,0.15856998928310942,0.0,0.5535890673363557,0.1335838901994801,0.19761342292307316,0.6670947903212521,0.7109595375971579,0.1762302587308174,0.35571667666505374,0.3259475842614789,0.7365885416149425,0.16924447978960483,0.19574974427443642,0.06811156561986721,0.14889657592058905,0.19871387526633738,0.18233870370613361,0.07191081438681092,0.34136632453165516,0.01634059384947852,0.08125699461401623,0.1759262459582344,0.20530442544890548,0.0,0.05598684053952035,0.8079696416428733,0.877214347751665,0.09160414225092905,0.1342607523359417,0.16431378670667748,0.1678707888989908,0.10652892827318966,0.3747463398953801,0.36626144393521787,0.09056448596479894,0.1378481058157095,0.07595151748857343,0.15104991915511046,0.3777765997404403,0.3700184321322203,0.3815843895545173,0.37046201479036167,0.3777491853081545,0.01935459461362738,0.21062070154011048,0.13479708399961782,0.11759435387910422,0.602955839689014,0.055690168701496616,0.20917191173234037,0.5535890673363557,0.2383518517522132,0.6622222097728248,0.7733658123979793,0.09719282946961681,0.07709666593282702,0.10784936452146049,0.13746340041369787,0.26914655912337543,0.16812526212147863,0.09809543020839197,0.19240716256280516,0.08543533700679586,0.12911782110859457,0.2742188881075792,0.19953684438812633,0.5862363589818501,0.06760487776401088,0.17213531322622308,0.7635889548193575,0.13265127470364835,0.32781156373876447,0.038602624968533124,0.06608187272447798,0.14076449011314254,0.143335416398066,0.07443352411051031,0.1657169346751884,0.07433656534389041,0.0789839678953372,0.07435154339951074,0.0,0.1693482133062757,0.14213570669615935,0.1176922931537853,0.01828454242050049,0.05811190966852949,0.15748466867185934,0.22641963201048548,0.163120767988775,0.23054421560223592,0.6475294209182019,0.059850397276583686,0.08718435786694356,0.09611688459858989,0.13323880534585428,0.5535890673363557,0.018870167180833106,0.27718640769145136,0.2011880791018412,0.07497632415410914,0.016498963205907397,0.08407179846249836,0.23531758364204103,0.07234512144027118,0.3949093642933673,0.21930943052808247,0.2512624891416816,0.056928563710951584,0.15428511025110417,0.15732137245278482,0.017448828755289886,0.21056931888871278,0.29371401694299903,0.282703843822381,0.1597544891821904,0.07433010896728356,0.27731672369934923,0.05493874940471546,0.2650547749579055,0.1252641802141562,0.12451324733630922,0.14029007539471028,0.19892810644828304,0.0896408963623807,0.21856667925786175,0.061618729242643264,0.08464130762573109,0.2167723508980767,0.3061792990459806,0.21286686381542114,0.21242601431276897,0.16216423648691058,0.20842564655334894,0.30169978948788173,0.1657375331753391,0.05831178191111093,0.07030720836723686,0.4159563930367319,0.1597544891821904,0.2256975697772169,0.1950900031714089,0.09809543020839197,0.056157395447380826,0.040132681528671166,0.35356592821634986,0.06272205841469707,0.15238070087414118,0.05694409022658719,0.1910168720064066,0.052006489742952036,0.7082206138512263,0.5987847865429855,0.2564592934958203,0.0735730188336273,0.07416961226766755,0.07496242778123494,0.04298799148911387,0.054326762681315206
ig_lora,PPP1R14A,0.021037039234999205,0.8205524357148615,0.019604863840980938,0.16484771553256214,0.26022068257162545,0.17441939187275057,0.6293916555695669,0.02275739873108809,0.4488534510256822,0.3156477066470035,0.026861610606831135,0.015779316915328596,0.2433695214220912,0.3710705322196098,0.020643234255454584,0.018454836285203977,0.025422319218634765,0.536870147128333,0.020487063624091074,0.3065339338678421,0.301838328322072,0.27828524416295874,0.0276776290291183,0.09312888527540018,0.02630366471150798,0.026804803105085744,0.0,0.021055884192707007,0.4095866071356988,0.02527527302026847,0.019748067558693676,0.015205990967255596,0.02076946909970107,0.02592434088638833,0.17610561706088795,0.018962320550950183,0.02172292729842304,0.021646663896529653,0.5768238510132366,0.17576065317270795,0.2747417121164826,0.13704931434941744,0.0270298062744297,0.1368434826163559,0.4376103500688599,0.23217911680582742,0.024858748189464912,0.02908501546643825,0.0,0.3596052819334879,0.055968130257485,0.041057682802740414,0.3670030295759241,0.5788650872768646,0.38165598117266086,0.024095830791723945,0.4735907918962189,0.026205885033066312,0.025277944351058602,0.025032666204895533,0.13366889858580827,0.20621956694285123,0.36101401798738725,0.01924047923309926,0.01920322662338686,0.017558142122393885,0.017881744087518654,0.018711699281830512,0.815821174911107,0.4707049071770236,0.026141515873899214,0.023179433548051374,0.21734535823195972,0.20554833811059658,0.14513472049861526,0.021055884192707007,0.01921930009825843,0.020056522778875322,0.20168289365429942,0.4574087035248602,0.12169393816485588,0.01393727567248314,0.3853427434777877,0.021492321216091695,0.02416358646418228,0.030744039230394943,0.16362869257825113,0.13582855449390557,0.02393694910451513,0.24064002683983265,0.1626654751915249,0.02779654776244876,0.021623260161947395,0.01935627089776717,0.01762748946359717,0.016911630205005142,0.017721481668779043,0.4713779274101899,0.3385031417463696,0.25871477418030975,0.021698475292447977,0.5892052406114965,0.3833376034600664,0.5976721738992533,0.21631314347487865,0.5616951459786457,0.0,0.029872553590284994,0.024720324663420442,0.4213200796071791,0.6771138472378305,0.27654179437479437,0.20364027450168792,0.11079558514848392,0.02143433589279911,0.20694054928852101,0.02113537273039119,0.45937115573789367,0.026953023084562718,0.025728089754957297,0.37591992569366867,0.021055884192707007,0.6237637903718715,0.02306923872395258,0.20697264597614226,0.3002838753962287,0.016307583989290914,0.024211672191400795,0.22744512511069728,0.021700969193498676,0.02090992692991411,0.07615683723211573,0.029194546715543144,0.13041923387728524,0.022639308317408822,0.5063048454838703,0.4624579916710561,0.1383549651617495,0.023397249388011045,0.024964253154600234,0.030408684867849724,0.017385312234891644,0.28921469406198413,0.43550596963579435,0.02068061748422205,0.01992748596861051,0.01845446904036167,0.1648055462648177,0.028097898382552187,0.43897121899137803,0.02251037335617939,0.4963204231546009,0.5191791012715109,0.20772402360102535,0.021143195533399915,0.0230272189644995,0.06969805644340127,0.024099968568318923,0.0186998904836148,0.024286033724207828,0.2579395128834842,0.2211606664897517,0.374286085341241,0.06316147081859046,0.030408684867849724,0.02012356979181471,0.020394807209088536,0.030744039230394943,0.32055481461357305,0.46532989412771475,0.0231813704865772,0.026861610606831135,0.43797749782965323,0.6617065254981951,0.23159169154303516,0.5140988477811008,0.01887922720210591,0.021184960382387628,0.020287532930928966,0.3039429468697357,0.02796627511368446,0.35477643197784914,0.0276776290291183,0.027801334493932368
ig_lora,CLEC7A,0.22990667605987583,0.20520022255343054,0.018928876530699777,0.1992961966534663,0.303768409035568,0.3654391255609425,0.6174376460515972,0.023765140002002073,0.3419053812962761,0.19218835185163916,0.025463322677110063,0.016517735342221274,0.16578218813468548,0.21478591248688642,0.01995655012023449,0.26206413641608506,0.480869659389893,0.22876221236903121,0.3695276751228069,0.4297202459429072,0.176828202877473,0.18316681939311294,0.025088934003343354,0.08224083768144495,0.6932870428294945,0.38483078569913165,0.0,0.0195198941180242,0.6233147041683933,0.45823418340432787,0.35204666608835616,0.016328564487080786,0.2332802028779335,0.5223779472481542,0.47405306521320345,0.19345840732035724,0.3178805701796949,0.3172111026857814,0.21629397490520666,0.3810959969032012,0.3735361243910452,0.35372483052641857,0.025763309932699107,0.1070945016118524,0.023246642952927644,0.1221944846147611,0.3573693619966307,0.5205589873428967,0.0,0.23902444161299952,0.18326294742378213,0.041424751931128205,0.5113394673070552,0.170329674982934,0.2560172221837727,0.30168385507027884,0.2300823986049062,0.5461048670890618,0.5521510216609684,0.4004118805971951,0.022769216016280222,0.15217335179107672,0.2504551992528669,0.44236743156283287,0.43627926570666536,0.42495265401147175,0.43620114907522006,0.4152073747291022,0.28063731881055937,0.5471511033729757,0.41338025421664837,0.36589693663435857,0.78102085612972,0.020529149867762383,0.2938570945153751,0.0195198941180242,0.5469405720811011,0.01950338442187124,0.37187925747547423,0.3821624855782114,0.09896588092141484,0.016046777361691508,0.3941480235333781,0.48095297859746283,0.3515231486286859,0.38223002445075704,0.1798554348586196,0.01677903016258461,0.32719406955847047,0.2683639128204408,0.017534535829271804,0.4676717265388289,0.02263872725463624,0.27800945855366166,0.01816185723092287,0.1539841623946998,0.24203105462719857,0.27956550564355226,0.16780619383789724,0.27899827703331154,0.252162152507174,0.39140168410198134,0.37039520871287424,0.27823011005849774,0.164621065736242,0.12180388506044706,0.0,0.4968297534383498,0.3299336012761802,0.30222355036638493,0.17768432371456097,0.18197981013051343,0.2640337992344866,0.3588238681076515,0.25737023644515067,0.36974900273535677,0.02015529965123609,0.22320846978457579,0.02620637186670047,0.025751580817540125,0.30795011110531184,0.0195198941180242,0.17114953898451826,0.3468611529995258,0.2616313755191833,0.19264844710062629,0.015286617673395678,0.024620731239796204,0.421286343856278,0.022818739742250013,0.451889805322747,0.46680361430540185,0.48466169097762046,0.11194731504263176,0.32359385158399706,0.27007043765316835,0.21551299418667808,0.4384529532275081,0.4934347951427477,0.5206640496013994,0.4907363612310849,0.019360123708474432,0.2754198554008703,0.18200982643135177,0.34493862269229025,0.2851399175817394,0.2880347975371893,0.19841008774577654,0.5036052099205628,0.2007483210502141,0.38220791077839317,0.2167033067994725,0.3549584917935953,0.4243650230088167,0.41731156295632255,0.3540631901169677,0.21167630970545043,0.37187745291144775,0.2600557787188819,0.5249744095506194,0.30285974240057734,0.15794548921559198,0.17313231782692282,0.3252091354072344,0.4907363612310849,0.3608257476228792,0.26105330557036394,0.38223002445075704,0.026146404532876928,0.11719921023767382,0.4774637600490118,0.025463322677110063,0.35322146899709356,0.23742630523605324,0.3191095166185316,0.42332714739061716,0.27458256818674326,0.020059516501358617,0.31465838619880304,0.1782127342124065,0.026101291758336455,0.22570686813295102,0.025088934003343354,0.02546856816146577
