method,gene,A1BG,ACMSD,ADAMTS20,ALAS1,ANK2,ANXA1,ARHGAP27,ASH1L,BAG3,BAP1,BARX1,BCKDK,BICD1,BIN3,BMP4,BORCS7,BST1,CA8,CACNA1B,CAMK2D,CARS2,CCDC62,CCDC82,CCNT2,CD38,CERS6,CFAP20DC,CLEC19A,CNKSR3,CNNM2,COL13A1,COL5A2,COQ7,CRHR1,CTNND1,CTSB,CYP17A1,CYP1B1,DCUN1D1,DDRGK1,DGKQ,DLG2,DMRT2,DNAH1,DPH6,DYRK1A,ELOVL7,FAM171A1,FAM200B,FAM47E,FGF10,FGF20,FNDC3B,FYN,GAK,GALC,GCH1,GPNMB,GPR65,GPRIN3,H2BC13,HASPIN,HIP1R,HLA-DQA1,HLA-DQB1,HLA-DRA,HLA-DRB1,HLA-DRB5,HSD17B1,HYCC1,IGSF11,IGSF9B,IL1R2,INO80C,INPP5F,ISM1,ITGA8,ITIH3,ITIH4,ITPKB,KANSL1,KAT8,KLHL7,LAMP3,LDLRAD4,LRRC37A3,LRRK2,LSM7,MANEA,MAPT,MCCC1,MDGA2,MED12L,MICU3,MMRN1,MRPS30,MUC12,MYLK2,NAA11,NCKIPSD,NDUFAF2,NGEF,NISCH,NSF,NUCKS1,NUP42,OGFOD2,OR9Q1,PAQR3,PARP9,PDE10A,PDLIM2,PHF7,PKP2,PLEKHM1,PLEKHN1,PM20D1,PRAG1,PRDM15,PRDM2,PRICKLE1,PRSS53,PTPDC1,RAB25,RAB29,RAI1,REDIC1,RERE,RIT2,SATB1,SCARB2,SCN3A,SEMA5A,SETD1A,SFXN2,SH3GL2,SIPA1L2,SLC2A13,SLC39A8,SLC41A1,SLC45A3,SMARCA2,SNCA,SORBS3,SPPL2B,SPPL2C,SPTSSB,SREBF1,STAB1,STAP1,STBD1,STH,STK39,STX1B,SV2C,SYT10,SYT11,SYT17,SYT4,TAS1R2,TBC1D5,TEKT4,TIAL1,TLR9,TMC3,TMEM163,TMEM175,TMEM229B,TOX3,TPM1,TRPM2,TSHZ2,UNC13B,USP25,VPS13C,WDR41,WNT3,WNT9A,ZDHHC2,ZFP64,ZNF184,ZNF396,ZNF608,ZNF646
attention_zero_shot,CYP4F12,0.0,0.5469909344830612,0.3941528914866054,0.7872198274991518,0.571216303627003,0.5713308533175558,0.22439028113543125,0.37387730950752746,0.8641550275261232,0.5931511302193947,0.24051867059612594,0.4728688776102375,0.4584119958246598,0.604418366216854,0.4935423858340896,0.3979638318570848,0.3179973473579735,0.7438086237936171,0.41543859523273746,0.7228606362244542,0.34174776420606984,0.3663313195962699,0.0,0.6010775728325858,0.41320328476067875,0.5273210176719203,0.0,0.40757383698554206,0.5914754573315932,0.10850643339219765,0.41559687734176004,0.34979346984855114,0.8635494734476966,0.38131198984880715,0.7090974702958632,0.5488732366968888,0.8007234049860873,0.9271237151440709,0.7936789870604545,0.5498376606785976,0.44551930778042176,0.6285391858473808,0.4386551896708339,0.3697797035489064,0.31558481707675534,0.6477659981159711,0.6159898360864384,0.42806564026423055,0.0,0.4663777166211823,0.3662796784348164,0.2948017755865467,0.823361948655128,0.7717532127750404,0.5537056938936084,0.2737085346167582,0.5456000875927862,0.42108618362134703,0.12566664554277804,0.0,0.42575364998656295,0.4508897623070954,0.5123658119493252,0.428409917879584,0.45181905545315426,0.39333941289709384,0.3890858907205657,0.41840018749386265,0.5013266613802506,0.5424525122113845,0.42620906497674693,0.0,0.38880043269907144,0.5026657741428092,0.40407676456201463,0.0,0.2942755331979153,0.34292953224434486,0.34292953224434486,0.5664916165405817,0.8080588235145899,0.4408229847418998,0.5148017878309543,0.0,0.5255232077058742,0.0,0.849296813338617,0.7791077507299919,0.2774495050889006,0.8027146683606791,0.5446802894114264,0.0,0.4899059413380352,0.32725136371276037,0.44679835986800887,0.24471066559105675,0.0,0.554075018085925,0.6154145562324481,0.7801893511978841,0.6297336481159638,0.5311314667196729,0.5029991941103499,0.6010152190540295,0.39462069448119996,0.5371947228146096,0.8233909026339487,0.2642148776122873,0.3575452007641308,0.5124885190003622,0.33473894250337227,0.5015842543404613,0.6590156795988662,0.7885032382789148,0.7424283963568347,0.7993359533891533,0.40365059358183614,0.5097332580280141,0.4185513846298093,0.47013981217111184,0.7024249941305449,0.4721301515818406,0.5598534145741602,0.5693515696260424,0.475952437062884,0.5316879933760631,0.5159966235312615,0.567960568342115,0.479120792773174,0.44809629094683523,0.524000337166081,0.07527543498468323,0.2884585797853184,0.6419084860754575,0.4805407546592124,0.7804681215753433,0.4546560560519967,0.4212336869100278,0.07662472056753855,0.658718260070585,0.1565480905647311,0.6328953024738682,0.8872080437166509,0.9168548824991565,0.6138771344999715,0.4597345050475396,0.36236057858771925,0.4444381130630352,0.5110965389079241,0.5226149379626145,0.6221048536751318,0.6731803658652746,0.4394194417486902,0.7143618903290837,0.3911803943625912,0.4441550060899418,0.6020466117311414,0.820868328392872,0.5823389458417694,0.12199383222611138,0.7570367089773318,0.915268983742849,0.67975161273362,0.23516570689619892,0.06062760473141191,0.6272676749692748,0.30280819546570364,0.8093552134214101,0.41212227981582833,0.746590653190933,0.19107146602287992,0.6968634871671698,0.5364462816284004,0.6688698439218115,0.0,0.3979462359970395,0.4423391564518243,0.38777586397148267,0.318912461937162,0.7528280808531246,0.3583911903515313,0.5678601920790973,0.2858081121140872,0.5656298742825442
attention_zero_shot,CCL4,0.0,0.5948747066498009,0.19770728561988277,0.8188790841285554,0.7379411600548502,0.6662010009702827,0.42672591969885715,0.3295301065425181,0.9029783515333639,0.6688426623750061,0.32182774223599747,0.565966908247105,0.7064439943839861,0.80560230360569,0.8472652951203853,0.7647508983937915,0.19353042784561728,0.8082353291495883,0.5942351818668903,0.7701510298234451,0.19862436189829435,0.7037871192786368,0.0,0.7595681566381733,0.48089608182945803,0.681195623430893,0.0,0.7594603843341684,0.8163909450878374,0.10715534884744804,0.7106726860051917,0.4825505898927376,0.6890786392748608,0.6303465747505202,0.8275277370299079,0.6284201752156002,0.24863412395207074,0.45987141583311564,0.8782032064390546,0.7450941877684966,0.5219643017538188,0.8007381266640484,0.6609895300817649,0.5207037676363313,0.2121591542933269,0.6705106954842657,0.7208227631210893,0.7718796590485251,0.0,0.783809255365368,0.7933988042265848,0.6440656005385338,0.8999917092822892,0.7730583529724373,0.6674980064721379,0.17615572264540588,0.5735109833951744,0.7857197154566963,0.12305322157697109,0.0,0.7251199261310736,0.5788576967972229,0.6444784002238589,0.705029113266953,0.7348208047461212,0.6515101858436819,0.6276537460229604,0.7370533404354322,0.5239284932751376,0.8018954933842455,0.7647484198216359,0.0,0.6852081906547911,0.790889687461148,0.6041942357543878,0.0,0.21886249266844512,0.6988531916235168,0.6988531916235168,0.6708019098851562,0.8934715066829506,0.47935353444144146,0.7888290794636367,0.0,0.771350384367834,0.0,0.8563914537085909,0.8683487399908711,0.1813660751648954,0.8467513973568684,0.6198444314980438,0.0,0.7602120620027085,0.3862213993490043,0.7194624637927096,0.3366879015722997,0.0,0.6465492927199479,0.7052484313709149,0.875516877644986,0.823604281845057,0.771460682359027,0.7709756463603918,0.6698284361074653,0.6966885640981517,0.6975816533059471,0.7010081777630043,0.4191167649116683,0.6981737655803257,0.627277437254459,0.1912803743462687,0.7289546422862184,0.7399437676729324,0.8612431590176918,0.8274635488604569,0.8504205127502933,0.20693053520440152,0.7692170927615232,0.30668791685810237,0.5620743263825021,0.8050149392659275,0.680405805594721,0.726985576347763,0.6976409979462539,0.6555484416995652,0.7387305168458347,0.7776058501315262,0.7185148982728558,0.6119215185996922,0.6698055741669924,0.6686115384281377,0.0770193457982468,0.5192206692268447,0.7261304506632917,0.761164073942027,0.8935855149266521,0.7593225983934517,0.6698136437249487,0.08064579430518778,0.7746540734372395,0.1864680537224721,0.7094522103131665,0.8881002037486244,0.9471070186859909,0.7304975812667942,0.6493133736137577,0.7041656723809584,0.5969452428369703,0.6520025797129776,0.7349664065485026,0.781733592070316,0.8431672655958611,0.5244615331724063,0.8417105472076306,0.7495249645626831,0.5402026731536704,0.7690046717594741,0.8954175896872323,0.7419131696471246,0.12054495882412555,0.8620346250205513,0.9491353293824414,0.7984860977009679,0.39762906344526006,0.06071094086101845,0.7651376192760971,0.5772304108551285,0.8968771061452238,0.7211748189242795,0.848485991852825,0.149297873582096,0.7847808475491977,0.6830383927110958,0.7198786923543606,0.0,0.7504255129685501,0.8527936710803417,0.866627424623386,0.30863709595602656,0.8295239963661107,0.3146662660228401,0.7055138478314618,0.20047849353829025,0.7276594902267766
attention_zero_shot,IL1B,0.0,0.3100490703317289,0.14455748084674414,0.7276446976852974,0.6045779248314755,0.5003972948293333,0.36430613200352263,0.17443020283423702,0.8655355270763847,0.5015907438259324,0.20470678931041772,0.33039765295192836,0.4414520937720802,0.5715116446972072,0.853509448927913,0.3539904680676561,0.1402967467378014,0.6372709860950738,0.3169001222764708,0.6656213632687473,0.14402771061724007,0.3310048711159467,0.0,0.592848499208785,0.24693841649386614,0.4018661717315752,0.0,0.36523682360854054,0.5544761848742455,0.08498131306689281,0.382370939516825,0.26194673157878007,0.4284136188191499,0.3573448944660212,0.715386026425238,0.4356703386104229,0.16689520321306664,0.2439848267921917,0.7743580411363341,0.5226971052941217,0.36412031658720834,0.6058551967482465,0.348105973530208,0.30576552464592627,0.15010820241805037,0.5780199298796184,0.502264107376211,0.38475282673110106,0.0,0.5470196942554123,0.7688204425116112,0.7207596136311377,0.8044508560089452,0.7436008256153893,0.4356604594877177,0.12134799576084516,0.359200500316456,0.7948030450402972,0.1136282018491676,0.0,0.3908591463743303,0.31101341408743993,0.4599460107849339,0.3990175547699852,0.4193824751660455,0.38692380475064886,0.38709902065175583,0.3833014875025025,0.2575664404620184,0.5030695908212739,0.4009348572601783,0.0,0.3577181513908371,0.4616587233897134,0.2708794377348475,0.0,0.1550228898774256,0.35368587423891684,0.35368587423891684,0.4584701719618304,0.787589581174176,0.31065821597838483,0.4792194581251527,0.0,0.4907981507528617,0.0,0.8272252581199923,0.7594107008134063,0.12291910005105587,0.7933383836448284,0.364611451773129,0.0,0.4539278159576825,0.2832040914024039,0.33865073241289695,0.200172527094707,0.0,0.44584871199893056,0.515264639651825,0.7631227688919325,0.5973699148834342,0.5539955687904647,0.507441453517523,0.49100393249924007,0.36217165231776705,0.3753945266067743,0.42037938857262447,0.21833524655813186,0.3225848405684801,0.4198003259758472,0.136550030773416,0.38316409509367516,0.4125247609355085,0.7866494870232771,0.6454475293257563,0.7658655335238853,0.15747003026507045,0.43627237242137085,0.1991271608381085,0.27430871906741616,0.5972093657339517,0.3113118167902587,0.41740013095222545,0.4690665073075104,0.4179308799731537,0.3679716827111308,0.4790521765881967,0.45275609197061517,0.38813673914761065,0.42363314002898467,0.47183848012762347,0.0719739622371112,0.6438271981412735,0.5623822623748256,0.4435390547134163,0.7594352621502295,0.5192394800942373,0.39468259482645385,0.07358326860764439,0.6397145650038838,0.12345639130260863,0.5509023377508414,0.848156517007308,0.907715285594381,0.5170946464102609,0.33081473379124937,0.31537300635153637,0.42996749565941966,0.33627930556619573,0.5567779359178563,0.5935746670179669,0.6411058155931423,0.381184421347137,0.70065292682788,0.3496240211104922,0.356759724838325,0.554223342325382,0.8207234430358438,0.5092846059178928,0.11008203726755837,0.7777643022217878,0.9049985982452435,0.6590149152931717,0.29582031751302934,0.05722051295122965,0.500280588439483,0.27821742636979524,0.7881935960877561,0.3777520596717008,0.7284504833841583,0.10012179110711154,0.6114145602305492,0.4043790389318516,0.5911481764867742,0.0,0.46121060688360954,0.8975772720061548,0.8967705145339636,0.17806727939175754,0.6642366312360023,0.19143496137479726,0.47281900847918534,0.13605583356090706,0.4389826400758802
attention_zero_shot,GPR183,0.0,0.15902008116314093,0.14350077684766524,0.2076729016893208,0.19961303915178877,0.23632662552722924,0.14721984655451617,0.1296809005959039,0.22903305856862372,0.176754008489714,0.16999698426147725,0.15454846090437446,0.19567847659272397,0.25402179227108557,0.18051841759010823,0.1908894039146579,0.11984538495883591,0.21103862916780286,0.14922069483410655,0.20319566361938524,0.13457134524836936,0.17624332884434216,0.0,0.20812373543536666,0.1523508466337105,0.1729155435620788,0.0,0.19420186904785425,0.21033213404428863,0.08959622664779171,0.18608531649037752,0.1634034534687621,0.18431864874861137,0.6278207828823157,0.2180836053439142,0.16990083604833134,0.13145864155392858,0.14573842904879228,0.22675830341235725,0.19832150712575727,0.14261520131566116,0.210273219297788,0.18211776644188488,0.16601231654600826,0.14389133755550815,0.18527665388040176,0.1868000439975124,0.19420186904785425,0.0,0.1949633606472268,0.1621721370464064,0.16070823985014246,0.2292404353476443,0.20553680213318062,0.182806867261586,0.1047132699068525,0.15769348444151818,0.1847426057008607,0.763377546953128,0.0,0.19647251349897474,0.15248899110774464,0.22006374019491362,0.4038866766329516,0.38255988871146196,0.3442416056651391,0.36056503257580147,0.19547101617020807,0.21348042395022523,0.20579549701404148,0.19486563409810898,0.0,0.3701662511998553,0.20193095435864572,0.14048413032013315,0.0,0.38037207498565817,0.16465296418747732,0.16465296418747732,0.17365994518133143,0.22782089465974178,0.13310844128495672,0.20031958047422205,0.0,0.20486343170657104,0.0,0.21822123855387124,0.22692136600273463,0.10631841906809124,0.2270903993583108,0.16749550737717367,0.0,0.19655908290006946,0.15203321847086565,0.18289685121239568,0.1789217222249065,0.0,0.17435693749190473,0.1806437946157461,0.22615833371155636,0.21481276320996484,0.1935199813846664,0.19795039069359,0.191427605242079,0.1953016448157069,0.18886533765027513,0.1863183806361724,0.6716155490528759,0.1764249126986779,0.17230231838292792,0.1223071657732633,0.19348616232161422,0.19277197906967586,0.22533803745903694,0.21609883568795593,0.24497143187493153,0.14997385634712998,0.19137937707122732,0.16296754736394706,0.15545594103640722,0.21294044275574334,0.16709239714407875,0.18457387591363494,0.18279635670355218,0.17763765495371656,0.1901814348618587,0.2056853588548121,0.19536773934485452,0.16483937056810666,0.1875340739664858,0.382022414946988,0.07019650573007492,0.1698474616731894,0.1941703200639832,0.19528556263050226,0.24797755257684703,0.18410995950055367,0.17567430976697604,0.06925941199736096,0.1994082200477154,0.10875160359965959,0.1946431253913355,0.23347703412618365,0.23495436274655587,0.18739635913925093,0.16621764364186553,0.1662707212649124,0.21008606324880513,0.1783741512804549,0.21498597795343974,0.21821796364818205,0.21738912498022872,0.15063054417946825,0.21808180481811235,0.18757693878146153,0.2224420575494767,0.23306722330996293,0.24004886224036662,0.2386712787677453,0.6511074438388147,0.22165680512091018,0.23522547569744015,0.22059260520763468,0.3394789220304494,0.05897159848884531,0.19830800627929324,0.13215396105313612,0.22792878676767184,0.19285628933205007,0.22030115508682063,0.09360332959432056,0.21222627521070292,0.2508132817538755,0.19207479664703306,0.0,0.18136231114059637,0.18685362062950997,0.1829019894479159,0.12915090555528397,0.21813379179763287,0.1659567122833021,0.19586759113600596,0.14465002880174424,0.19269522988301377
attention_zero_shot,P2RY12,0.0,0.10318135901652181,0.0981552967180651,0.12528717066573353,0.12753237432175393,0.1369790161888421,0.26315603980677044,0.07974390215754157,0.15147838642230801,0.11130612422306262,0.10726456475940493,0.10326923197611154,0.1166546041141974,0.1236219474331711,0.1386462515148404,0.1019124020724674,0.10469811437324561,0.12339919388647286,0.08341886724758468,0.12416870214506323,0.08374340961589478,0.09929552395571255,0.0,0.13073526053972903,0.10827719049674041,0.10548888830706242,0.0,0.10548422251285335,0.12052346647237307,0.06370984089816896,0.11188777128074537,0.11399180545921897,0.11557595572013053,0.594945563131713,0.13624856013582892,0.11279133992096206,0.09553692142691729,0.11404323608176344,0.13230226065896514,0.12233135336939359,0.09857446028128553,0.12064447437501516,0.10594142741525142,0.0958712461742775,0.09671095364392811,0.11862648883992943,0.11684621379614,0.10548422251285335,0.0,0.14338206040452192,0.1364061273677882,0.1255599040191535,0.1343490196604167,0.12822318219804807,0.11510528639558446,0.08884758749025445,0.09325592831658291,0.12022899557085448,0.8235578021364341,0.0,0.11328940974493834,0.09505649393433982,0.10790951519049027,0.3387612762843457,0.30475460881090494,0.2629780858015658,0.2915665964613024,0.10803518396452134,0.09061981473151234,0.1166461613890594,0.10355545956015638,0.0,0.3447300719011122,0.1131381234565375,0.0847544988052608,0.0,0.3343306469265808,0.15735249408316326,0.15735249408316326,0.10647495189542484,0.13342401303536583,0.08962792548813826,0.11586802090593758,0.0,0.11644858494207284,0.0,0.13595556972708717,0.13239672782271533,0.08816515606233545,0.13098335470848432,0.10396599814467139,0.0,0.11674349704609739,0.13342999601062666,0.1056324031916458,0.10444324254203483,0.0,0.10765010660796931,0.11251580219542716,0.13232166171121496,0.12411980741921473,0.30436957361090483,0.10954573990766965,0.11311343068521053,0.11218921768870307,0.10735740850010084,0.1098333240105926,0.6577015326223812,0.10873719960683327,0.12637583849471426,0.07883150321450563,0.10265067205754107,0.10828975011261185,0.1359303602724622,0.12421523888878964,0.12905518047355252,0.10914586586086394,0.11076245531295037,0.094738431119833,0.09977607011722045,0.12169861844020849,0.10142852744379734,0.11165565666865951,0.10991907277065366,0.09820975821536487,0.1006945170039732,0.11674349704609739,0.11597152017012356,0.0989621571022778,0.11434905153637676,0.22242853838412202,0.06039117379364299,0.10936732485099021,0.1164927989799847,0.11593048765912166,0.1324283595735433,0.23039208465908498,0.10545867347051752,0.06028183568757555,0.12266995257238744,0.08761653720117088,0.12138811876935743,0.13729161461926664,0.13831951827537467,0.11353376515338709,0.10559968198953726,0.0902518944171519,0.14107746386298325,0.10694124714872418,0.11960606600621972,0.12956057914126334,0.12609087889969525,0.11602991642765659,0.12825747755964864,0.10548422251285335,0.10728838839327084,0.12475287495997266,0.1373013608655311,0.12344378127237042,0.6876518878401603,0.16090649254143405,0.13808417097669348,0.12882055662566355,0.2826257066529764,0.054470473151869855,0.11028611744420005,0.0745562009829662,0.1334985004766645,0.11025783570114872,0.13066015564535835,0.05567940492797356,0.1249841844928062,0.10760335414302427,0.11926603572772801,0.0,0.2817936344902884,0.12854288905518318,0.12180238107207879,0.09716095274916564,0.12582946667258071,0.08973548922718078,0.1129715600593613,0.07634096628741988,0.10844959970615711
attention_zero_shot,CH25H,0.0,0.5100011838502871,0.39986926904822767,0.7789029287929791,0.5443728746163145,0.5466394806153445,0.18701527507787688,0.35252825551652556,0.8596486366463076,0.571861670230548,0.2094866442371455,0.4402758803572092,0.41668610010762086,0.5654719125731215,0.458788746582152,0.3049460272669958,0.31936333195675215,0.7244462402452992,0.3699576201950843,0.7129865184131048,0.34105848026037355,0.2880185718556441,0.0,0.5743713183762105,0.38108712454216287,0.48532096418845955,0.0,0.3207914665536199,0.5455416332130357,0.10248688162899115,0.35117868621417,0.30947277289148745,0.8402667637187611,0.3323845243321991,0.692272287819478,0.5235212123957662,0.7509233223929724,0.8552741581537562,0.7811413304314898,0.5133360886674979,0.41586086977444636,0.5987169777232735,0.3869338116569024,0.3314553696142503,0.3125142463861214,0.6382415902317121,0.5867286477709037,0.34356013686327386,0.0,0.3975931971686435,0.3164411637416028,0.24690279329423442,0.8122936691939853,0.7686057139411728,0.521077795189272,0.27176467709843805,0.520529934410456,0.3620454922943091,0.12337710561534057,0.0,0.3594178655616693,0.4116435368839434,0.4873195393966024,0.3699325907262565,0.3904193791681804,0.3436346780236096,0.34586809179341577,0.3450463795530076,0.4696918680542341,0.48626445493647513,0.34996845438713753,0.0,0.32481525364516983,0.43733726016852037,0.35027354632188484,0.0,0.28827557629171546,0.2623880428511548,0.2623880428511548,0.5376706310096915,0.7953736119359817,0.41911089882729574,0.4608967171876033,0.0,0.4745161336161075,0.0,0.8476883276645427,0.7656812779384231,0.27557166230615343,0.7985427710362234,0.5106446488274039,0.0,0.4316801722101348,0.305365227561794,0.37261667876752574,0.20552440913179632,0.0,0.5272640491153513,0.5907824078828399,0.7656027147809213,0.592474879932172,0.4887131632259202,0.44586452938014237,0.5783088271817927,0.32845448811522987,0.485081086969951,0.7911980043455629,0.21520876068973654,0.2783956798013965,0.4802468539541887,0.33248254804296545,0.4391268982920632,0.615684710874956,0.7780818949141544,0.7189448819086239,0.7898413383285755,0.41007050463199407,0.45264926606840894,0.4076223299523588,0.4297173411268341,0.6738255719692334,0.40983999991438674,0.5120559421461864,0.5347650843144077,0.4366551467533816,0.4659952756263854,0.4599450779194633,0.5265835948400667,0.4452107414156411,0.40578092637963487,0.49505578844190223,0.07173592171457197,0.2584413023904515,0.6212919527215225,0.41896906629281,0.7661471724771856,0.39349279648359303,0.3717252040737174,0.07298848598732649,0.640125386007348,0.14057829054132034,0.6131056225700959,0.8855870115235216,0.9132314119875075,0.5873676376500271,0.409906839699233,0.27908052242594944,0.4187768352075246,0.46285708463336067,0.4909006411573656,0.5929961303855389,0.641941892834513,0.4142298846197378,0.6953917591073335,0.3025765303058968,0.4103454675687515,0.5675425788404531,0.8106531383239841,0.5405267923913507,0.11942176819739184,0.7424069306079926,0.9111585147634506,0.6605492143132721,0.20702590953015504,0.058236757664560664,0.5871714252618773,0.2474452595027576,0.7962772838541194,0.344601158854349,0.7325581288200789,0.18365290962568437,0.6739913158320224,0.49296835567877095,0.6538405523525185,0.0,0.3188793425094594,0.3908718451124439,0.3115054537904009,0.3046992373652305,0.7320763146617095,0.335577151221917,0.5343058689010571,0.2810851513077638,0.5194828152758556
attention_zero_shot,CD69,0.0,0.6021440156976398,0.2201357557997586,0.8477699724495539,0.7602849703855614,0.6619016516181652,0.410638735241166,0.3386332225704149,0.9238532286446046,0.6871479656019707,0.36420072456120256,0.5658349998130087,0.7054400705932625,0.8765164836340906,0.7100638668521762,0.8569480139830778,0.23103573711627087,0.8612657774390859,0.5965716948944065,0.7924565782717521,0.21506530021951376,0.7564548124637477,0.0,0.7936798338738226,0.5010066982667989,0.7138836019710282,0.0,0.8820792890553821,0.8998636097881545,0.11569953700603955,0.7613159288580348,0.5039094740918989,0.7235606404034143,0.8478654495876866,0.8701085554984098,0.6412027509234455,0.2597628594158986,0.44630138070765474,0.925727308168501,0.7914392098908041,0.4880301930902047,0.8449937325971861,0.687027120813066,0.5463330425945426,0.2396653324761559,0.6814511429991339,0.7593541105493647,0.8634503769838471,0.0,0.8472138533596183,0.6310566651335849,0.520665798146727,0.9489029713844104,0.7731817008075619,0.6988392613926523,0.20304048475970016,0.5783323327257553,0.7416520426991074,0.3841631016178488,0.0,0.7821492017966563,0.579393630197741,0.6556535389896356,0.8332605299647351,0.8453528812953568,0.7296280370508033,0.7250400046257073,0.8023119920287547,0.5179555505105486,0.8887373442090606,0.8254664549103524,0.0,0.8141543939795557,0.8798363317457855,0.6127028413544081,0.0,0.3242418544571852,0.7340582010584888,0.7340582010584888,0.69342691681846,0.9458475397853845,0.4661873383320558,0.86532933703598,0.0,0.83830817680415,0.0,0.8632232614715367,0.9156674428361465,0.21174596571831755,0.8619775170735587,0.6320077226770549,0.0,0.8299042467819387,0.37453124388076287,0.7826770499483073,0.3926333818768759,0.0,0.6621403397814086,0.7345749829008117,0.9280929642972884,0.8995903596491431,0.8003371086104415,0.8341562394267354,0.6800455759606382,0.7400110993261054,0.7406310396482982,0.7484767231270498,0.6100227771036928,0.7497722271745514,0.6376046780059483,0.20862727167347803,0.7882769734474381,0.8030123861889019,0.8993906067872027,0.8899868484439886,0.8838915032769973,0.23563723826869026,0.8408854926456442,0.33674051140551897,0.5600496852199228,0.8676213570808882,0.7224025382662348,0.7818659607597277,0.7282050434594656,0.673972282228967,0.8074769847769802,0.8518038464347438,0.7627582845912059,0.6047864141197299,0.6956807109676804,0.7468806953025923,0.0848788901846005,0.4623838058946573,0.7556024930446091,0.8338253074661363,0.9485579773731518,0.7957015500115138,0.6976324758812822,0.08720940033264579,0.8110111817441152,0.22077280542316438,0.7362936806725021,0.90085822913682,0.9729618788228405,0.7671900313384572,0.6829075475429549,0.7577718989068756,0.6155314577514831,0.679085060172658,0.7293857705318988,0.8797909421153406,0.9188083322606657,0.5046104477853631,0.8818549701871253,0.8317179584589757,0.5621995997458146,0.8151646961397956,0.9367942084195685,0.7860366364112573,0.36624822388203193,0.8988861646410194,0.9780723233112748,0.8394124811398044,0.4736485057700031,0.06692723119549371,0.825774911684859,0.5749303695018178,0.9515469079620102,0.7760777740898392,0.8923129900079836,0.14592541896355787,0.8317515569237498,0.7135472710894888,0.7433271359352452,0.0,0.8004114885963514,0.7333248514322868,0.7751197204367845,0.3150840231775287,0.8871032029980787,0.3468639384008646,0.7380915635316775,0.2168881605826857,0.7777792055105693
attention_zero_shot,F13A1,0.0,0.7046021005050246,0.36814408262095477,0.8938367294198905,0.7089733431826333,0.6939936324507424,0.3717202460916753,0.5058113060198762,0.8907675283554268,0.7350132006498992,0.3249661417299145,0.7277035437115905,0.6578496517677338,0.7784750162840227,0.6662406710779212,0.7296544368145399,0.35415161486239466,0.8294875546319097,0.6224344790208899,0.8169488740477002,0.3131547341844561,0.6755936420295777,0.0,0.7360083015853883,0.5939200237977389,0.8009456121669382,0.0,0.7256689938891596,0.7862383918998687,0.11312737476843367,0.6842062648120856,0.5000471904016998,0.7664544327170679,0.61185715382236,0.7984282269441307,0.7159742646865366,0.3739060312893891,0.6008860585673131,0.8604509025667412,0.7229025286830357,0.6669559531211885,0.7759703930204511,0.6605799974235367,0.5247595790480216,0.30166718546586346,0.7580379051094082,0.8439358938259838,0.7373785957626959,0.0,0.7361480402288669,0.6013345358325664,0.4793683552328154,0.8823560307826319,0.8225733597668721,0.7754528224924142,0.2726182008506651,0.6611227086311908,0.675287236925755,0.1319826860233284,0.0,0.6972694824018456,0.7153379294480035,0.6447090420134565,0.6800561801636767,0.7071764265412623,0.6249077160185905,0.6003942182317002,0.7071090094412786,0.5916517190495811,0.770206271292359,0.719555066916167,0.0,0.6605845173639209,0.7581118645182725,0.6475720415661188,0.0,0.2742988958865046,0.6614294023165704,0.6614294023165704,0.769973893219595,0.8746309753807056,0.6553835503333127,0.7415853885201312,0.0,0.7432927409807959,0.0,0.8763809773214717,0.850393927466657,0.2749452294566071,0.827670789590298,0.7029758657835131,0.0,0.7313290858828941,0.4092119254239185,0.7199289304328376,0.33942549188898763,0.0,0.7533300236651499,0.8370416444413585,0.8561358961080414,0.7957109528961827,0.7244640926699781,0.7356057453820071,0.7153279706158712,0.6709042951931937,0.737531622317048,0.7862270162087811,0.4196534487148548,0.6702757279995989,0.7399329286394785,0.31696002579938326,0.739138233483536,0.873770998606912,0.8455947157577499,0.8394401177380899,0.851243399449807,0.3720357175240681,0.8079833103414883,0.46732994000466926,0.7008794794303774,0.8188111845102192,0.7616158961654738,0.7833830808414869,0.734625975166288,0.6613790166792236,0.7613299047458094,0.7478743965420134,0.7371661448567923,0.6507001306956417,0.6505096309892817,0.6691781817117,0.08197866975560025,0.4071135864859327,0.7963051641619749,0.7315114228222515,0.8553318543156081,0.7089755000917478,0.6489093690508473,0.08550772916780099,0.7582610187915441,0.20621067400321963,0.739891118385699,0.8831117523498964,0.9377777256663565,0.7725646645817347,0.715886362539065,0.7228083801991759,0.5855096644025581,0.7166588891120814,0.6820677172333015,0.7625079724620468,0.8161650170338871,0.6580794790658888,0.8118471096048074,0.7163013123903306,0.5603151177390708,0.754157784784469,0.876305554466093,0.7574103548430801,0.12959108665433616,0.8345549643950919,0.9387216723446291,0.780475382096555,0.3388310889840983,0.06278502231391317,0.7771956108896564,0.5620901365764014,0.877443344689258,0.6887498760451364,0.822191631297755,0.19929356029455858,0.7971821257307368,0.7157096092219228,0.7760431249158289,0.0,0.7027501415768814,0.6730315629655718,0.6885732346777328,0.5281786469144865,0.840618748794221,0.37584040032497795,0.7151595946741917,0.2488551126551519,0.7471667494435306
attention_zero_shot,ARHGAP28,0.0,0.07659206981978006,0.0729107265958788,0.08076567041414005,0.11042040081260587,0.11256536366061329,0.79361140110954,0.057678052444584356,0.1045278521912355,0.07558567630596971,0.07919725409402685,0.07195302530982213,0.08163276603550944,0.08625887500091074,0.17101616619281804,0.08658155068910123,0.08055665182619852,0.0838839063523826,0.0589898570678817,0.08165711860311205,0.06289902161440934,0.07485142951653491,0.0,0.11023871264442897,0.08066453425893141,0.07607826629083492,0.0,0.08658155068910123,0.08658155068910123,0.05562911959307556,0.08185815083406436,0.08217905476878586,0.0818493531214311,0.08030816883807841,0.09968427625363242,0.07778660511496678,0.07102188207058775,0.07751834110222336,0.08578769076735197,0.08359141785456943,0.09823397118064886,0.08269881353072134,0.07524234035062881,0.07023054286730297,0.0757760352146123,0.07681421274343335,0.08300409493331383,0.08658155068910123,0.0,0.3460939748833558,0.19091676895414209,0.19391888221037454,0.08647805094005899,0.08776909434547903,0.07763782550159944,0.06698581290123103,0.06491062919067808,0.15950427611845777,0.07718399035200121,0.0,0.08399614864561976,0.06664237871612977,0.07361936846444113,0.0801885496522364,0.08194319687212927,0.07729516744525393,0.07736575324087759,0.08220925928404924,0.06433868375270417,0.08658155068910123,0.08307710423445232,0.0,0.07681934793852414,0.08658155068910123,0.06112183483498641,0.0,0.08412843817084699,0.21257301575252768,0.21257301575252768,0.07296008833920199,0.0863816025968225,0.06426177322525728,0.08400433337388341,0.0,0.08368999366230122,0.0,0.09544017458599391,0.08598317521641402,0.06510149629751864,0.08366135536381682,0.0759964195751438,0.0,0.08558418947105792,0.13742918145737626,0.0824608281159753,0.08548445334925359,0.0,0.07530094538256661,0.0771566513521748,0.0861078638580413,0.08658155068910123,0.2895774974498693,0.08103404114042603,0.07781536512422484,0.08216689480302154,0.07971300208316089,0.07786570665457468,0.08188277052055123,0.08286078893001668,0.10780154804355796,0.05644804509641716,0.07960669029670969,0.0812114946308714,0.09009690805711254,0.08443352826580931,0.08326058041567064,0.08035459964811041,0.08084119244624638,0.06763138017417215,0.06984163367417967,0.08402438113756322,0.07715397222466074,0.08068852059050417,0.08504352652726913,0.0695489882311696,0.07891004203448719,0.08558418947105792,0.08190186945280048,0.07540358402483191,0.07834094660125118,0.0807211540574023,0.048766332993454044,0.1518003750083182,0.07809087524505251,0.08603300201917741,0.08608287008007955,0.5848097957677733,0.07298504738418136,0.047187671442370634,0.08079459139060576,0.0631361702967271,0.08052781911250735,0.09338523072203699,0.08651295535817323,0.0776136833389935,0.07497562258976297,0.06757671236096309,0.07449744525609868,0.07897711278433965,0.11632012763336907,0.08609455575467485,0.08658155068910123,0.10296195664979318,0.08503765170402935,0.08658155068910123,0.09715205693960449,0.09966288539407749,0.0922331890513939,0.10426520584128966,0.07652214367796172,0.1856276653229277,0.08658155068910105,0.08500831238717096,0.07720071764468406,0.049833927463409304,0.07829455109089582,0.05254352448068569,0.08658155068910123,0.08155650168931766,0.08462688914377046,0.04319853636422224,0.08387728421981824,0.07802418888490184,0.079507064411682,0.0,0.6832966768673888,0.175581243052292,0.21455960094678028,0.07009593318479779,0.08454065250697929,0.06772868726691897,0.0780210708319985,0.06848210101787887,0.07792157813224544
attention_zero_shot,PAX3,0.0,0.3996132646699586,0.18554476850211787,0.7835581248261361,0.6400709955225257,0.5418808215081172,0.2845239592527589,0.314230438908332,0.893742079209218,0.6047370459640303,0.807951724552064,0.4023534763915813,0.5365450022547696,0.7173617481369396,0.5650926693138618,0.553736935611973,0.18424575673082605,0.7475859761776199,0.40473591240799667,0.7162169434923208,0.18186293530393177,0.5479548641373108,0.0,0.6866040496375714,0.3211361952583471,0.6091887030440624,0.0,0.5560136230378642,0.7210855847574832,0.10176738887027986,0.525011819990034,0.342114084510823,0.5406907110498907,0.4545374475355883,0.7742089450245622,0.5092281809600234,0.20511439890700858,0.2929082029279403,0.8579323834069594,0.6390525658788817,0.33649251799304125,0.7165074077172424,0.9179923834343362,0.39695483718982744,0.2016483219883958,0.6267793245195105,0.609051684796426,0.5816283771362247,0.0,0.6037594058516937,0.4375654830359213,0.3641987168096997,0.9029424508230681,0.7461273441098776,0.5325485099041907,0.15658197556679848,0.4232171379488017,0.522298098762196,0.13120708624721503,0.0,0.7192113532045792,0.39281670065401864,0.5226633764694453,0.5308424553968057,0.5678198486671362,0.4706093755798725,0.45483117048563,0.5456813442765173,0.32515053963629026,0.6812406682942664,0.5622967032435232,0.0,0.4887979526856484,0.647687054430505,0.37013489394641336,0.0,0.22233596716103504,0.454322130027101,0.454322130027101,0.5486905702345387,0.8766273842551648,0.37347566272398025,0.6367125869709022,0.0,0.6441412935274776,0.0,0.8344842690644949,0.8726614696702852,0.16309036076435324,0.8527736441276597,0.45429680270525014,0.0,0.6857994683974712,0.2661599247440043,0.5008450843512835,0.3866944031852529,0.0,0.5262089034598869,0.6058019699157677,0.851772659229116,0.7462934988787795,0.6300717114015238,0.5961178027773074,0.557960976074552,0.6925349179011344,0.5561849796977749,0.5436438928574243,0.3374656499159907,0.4720147813931576,0.5100418720923008,0.1668759033708556,0.5402673525084176,0.569137545578557,0.8733043686734898,0.7691553715328467,0.8290601877794591,0.20103982780410945,0.591163578554704,0.6065194238892685,0.7277901181064474,0.7274924159252723,0.45045200462914714,0.5614542756299473,0.5598417933245361,0.5120726929701617,0.5383107430656935,0.7710934406897775,0.7259823373097652,0.44298112890070085,0.9548246578072185,0.5530196589407163,0.07493418703995262,0.35792515648582907,0.6852467949361564,0.6075361950178713,0.8507701891243681,0.5711726675566773,0.5050156171353761,0.07551717356380723,0.7201657922374455,0.16978766393578879,0.7427615181297774,0.8611589939557821,0.9466667795186944,0.6148310029455886,0.4410783159487191,0.4711013232728784,0.911159350959494,0.44872534534093306,0.5934949624812506,0.7065652832943938,0.7840662591670837,0.3771027321623705,0.789407490125153,0.5355218197591756,0.3977194010644559,0.638781342759949,0.8784142504281074,0.6011795070982151,0.12692213737777056,0.8232277276581093,0.948901175833432,0.8289298431069246,0.4239511539090843,0.06167365512750322,0.6436516505557864,0.3654618198589769,0.88046525061035,0.7137757858811152,0.8077562899394366,0.11565951774178182,0.9165452685943367,0.5203840341991992,0.6575288995861448,0.0,0.5277532456016586,0.5354538918111681,0.5086097947494256,0.21488345282237742,0.8421587105927968,0.7177203097521992,0.8894410947543742,0.18127399884105935,0.8945383159015106
attention_zero_shot,GLI3,0.0,0.6074949579282968,0.2733783834459069,0.7681250729874916,0.6738099438762263,0.6567998464952451,0.3599928817372326,0.45511088445452746,0.8676129119859576,0.6607262877008615,0.6296117598784924,0.5279223195045257,0.6279241907866852,0.7080624442050847,0.6191056948932345,0.6452511481321915,0.19698042314897346,0.7770545970354437,0.5836167878709273,0.7160612388419674,0.259420043753607,0.636771855007083,0.0,0.7258372939335471,0.42734257328838726,0.6659690063356699,0.0,0.6439395478058592,0.7091059414683971,0.11725397257631848,0.6187396474796042,0.47904663570340167,0.6636973711568254,0.5656123493481315,0.7558432108960073,0.5839115719695194,0.2991671537380344,0.46772285386346274,0.8116249905752196,0.6761818836591621,0.5269423048620672,0.724075923360473,0.9082459401718861,0.473975417397753,0.23411712293509448,0.6451173946715948,0.6469844591330355,0.6536975493671393,0.0,0.6582371500093875,0.5563819826904178,0.44857656238236027,0.8472693653833221,0.7540266535001958,0.6116560674679477,0.182413840273605,0.6010063823558871,0.6143693855687093,0.1265860633720286,0.0,0.7235847037061401,0.5374839045924467,0.6132212681970834,0.6226762623024886,0.6434506428391268,0.584513583149767,0.5661241041965216,0.6391453272634426,0.488029350356953,0.6905382356046778,0.6425132658550835,0.0,0.5998284887961259,0.6767843794093301,0.5340913515739808,0.0,0.27632259006353205,0.5951414113278928,0.5951414113278928,0.613209252729739,0.8342994187674011,0.5139239586414652,0.6692578069300206,0.0,0.6721726816779943,0.0,0.8352057929253743,0.8229759146161115,0.187050339327976,0.8543460962683632,0.5993966060622063,0.0,0.7145331090973593,0.3989506786754578,0.6528079133007144,0.3709499335007355,0.0,0.5975533979526938,0.641072437877978,0.8076607557002072,0.7310383071624623,0.6622058667251718,0.6667923996647259,0.6506839449310157,0.7563124772293056,0.7193984796316956,0.6759644717624564,0.4018975995656012,0.6026116419046723,0.6059842908333488,0.25446931027654535,0.6752230896801226,0.7092351662634931,0.8373376554365057,0.7914799634260802,0.8116811731398502,0.25635625496459846,0.6490592034884113,0.5985736003855177,0.8505008374251195,0.7774574007891393,0.5903974593874609,0.6339324771169192,0.6321322658279415,0.6191966536733299,0.7061763121003856,0.7472728823347402,0.8171084473714666,0.5761170115461476,0.9188937693896227,0.635674539124579,0.08016793017193226,0.3859438058377438,0.7022749488562141,0.6576064496726713,0.8017481906306235,0.6398967026143157,0.6171638986508869,0.08468360387114804,0.7130661927444415,0.191524817569706,0.776775009247947,0.8851159766844563,0.909516818436822,0.6481177254479724,0.5708634598623914,0.6052060649580016,0.914817226230714,0.615846493419202,0.6412132419844746,0.7115466162322658,0.7448297732178922,0.48732231644284496,0.7607745144757602,0.636133146556835,0.5288274727960183,0.7016537593695802,0.8295650059292478,0.6971036148911338,0.12452928791469527,0.7948400591937762,0.9073585800854767,0.7945514890304621,0.418519948156229,0.0613715470044002,0.7437171103313494,0.5212404091780208,0.8226255740660958,0.7406032831704884,0.7767769421844025,0.210649423060971,0.8877815451453075,0.6790584933931799,0.6763413992486754,0.0,0.6283818513652298,0.6152169456253168,0.6180628697662076,0.28731820473888714,0.8458229151302806,0.6539547716110108,0.9013352626597441,0.27606255914564265,0.9012268616565485
attention_zero_shot,PLAC8,0.0,0.24681182823855755,0.15386752356861796,0.501212204685848,0.43329112123360114,0.382063867692862,0.18506608772538433,0.19765557489863464,0.5604093145842546,0.4283224004109397,0.279455992697177,0.2562678726839726,0.3797095866264957,0.5634804040797132,0.37598477209929987,0.5901639344262295,0.17013213841643976,0.5248576112862398,0.24191130710565495,0.4573055848482153,0.1440091203726257,0.30767929124833293,0.0,0.5171812477146593,0.20564982055248826,0.3541947897848309,0.0,0.5901639344262295,0.5901639344262294,0.10326167750472132,0.4005401937006743,0.23972989193632496,0.4385677002279116,0.2958661358878343,0.5133884649702158,0.33704058906461093,0.16414137245779184,0.20323470219107775,0.5659158363153064,0.45067771016248753,0.198854358560633,0.5010860561015792,0.3238098349891221,0.2802188004599823,0.16442364212153127,0.39237941970961243,0.4215022734392056,0.5901639344262295,0.0,0.5193657248556219,0.26588251003252295,0.22118150738223508,0.5869705181289325,0.45969600405162814,0.36067381786133246,0.11806156493016602,0.26568622485078647,0.3677433195815029,0.14120242691671267,0.0,0.45404893195009866,0.23812064096134206,0.34426309164238855,0.3986349606795354,0.45964470095872767,0.3761979650893345,0.3438959203858377,0.4720638850588199,0.19144283300946222,0.5901639344262294,0.450328913020779,0.0,0.31030622255715323,0.5901639344262294,0.17722220673506975,0.0,0.25505551494900985,0.2510657175312967,0.2510657175312967,0.3641643633639955,0.5841093016737043,0.2273252307937188,0.4978854712366546,0.0,0.49108812574854716,0.0,0.5073082284840558,0.5719426247088374,0.12147472769355223,0.5076915790493615,0.2986278475610721,0.0,0.4911654856685746,0.18833889373606888,0.3778970705991931,0.37229816283180095,0.0,0.3448540460462485,0.40553722489499233,0.5755740091533538,0.5901639344262294,0.4523250051934846,0.45741669233511295,0.38285043658116324,0.497577384352136,0.3791893121341475,0.39310561528246174,0.29085626275321824,0.30709244685714293,0.3121201065185113,0.12306969127092168,0.3934167636965112,0.44958176188765575,0.5472957816809839,0.5555209549545088,0.5410189430581855,0.1861488971144337,0.45076583956289085,0.31477449664861185,0.22368111121019657,0.5482276961183571,0.26904484675082924,0.4148377911866567,0.3864976718567654,0.3427395411984297,0.4308062288563148,0.5539718830568661,0.49347501868230365,0.32012993662478306,0.38697807175790644,0.38763773201698704,0.059008516053896266,0.27849023538508866,0.4473168666065611,0.4991487084691345,0.5746530552679308,0.4223031398471867,0.32419216091191494,0.05965346176092109,0.4806740581076009,0.12277460829588202,0.4762351701926741,0.5254389428508489,0.585717065342358,0.4134324822383456,0.2637204450041215,0.2708195307169347,0.37958562080159575,0.3068809502185348,0.40118158550491795,0.5237370487157844,0.5901639344262294,0.24044364437708976,0.5363615405063074,0.48087431693989074,0.2906469125725573,0.4541374187565086,0.5746501763115754,0.45359773055982366,0.13185344756519748,0.5598709064762628,0.5901639344262294,0.5355162120789188,0.22665098663426705,0.06694670088096369,0.48696370957947244,0.1775562528996841,0.5901639344262294,0.5606634916017013,0.5346914892071131,0.0805370391554956,0.51566796543582,0.3873899432776351,0.42727533015083763,0.0,0.3927992379857893,0.35766772237115324,0.3456761831130219,0.1368646436281281,0.5546212396480179,0.24720474560503305,0.40479763447792966,0.20803857397182965,0.4350681151589075
attention_zero_shot,CD163,0.0,0.3786628610378251,0.1784578135635293,0.8219503666402215,0.6887341583158447,0.5628936197552067,0.2901428191761666,0.19481221535207927,0.9237138871110706,0.6013785253605266,0.2981484759345801,0.3882809933460222,0.5686898671862847,0.8436158255735656,0.6005549369651788,0.7081042953738387,0.19129411494960882,0.8337422833925237,0.3867009102225795,0.7472367386805588,0.16835252214197305,0.511293331767263,0.0,0.737481252038102,0.3045171683517956,0.5489684251595731,0.0,0.691255672381323,0.8832417181495354,0.10261686766934286,0.5763716752187833,0.3362564311271298,0.5792044318838171,0.45605602780303056,0.8374796459655294,0.523434271952014,0.18430514539327356,0.25824346059659636,0.9283932139593839,0.7096377671694388,0.3086818261011712,0.8050680894771912,0.46156708688092024,0.4220793673009374,0.19559363815163316,0.632823007267166,0.6638223348437825,0.7498036817490046,0.0,0.7414000449245616,0.43214098691713615,0.3696695746927331,0.9577440995546751,0.7598437826501986,0.55940883024679,0.14774097466013436,0.41570097956219854,0.5651817405570759,0.1404390416047791,0.0,0.6109295180518747,0.3719335824120027,0.5376992398715021,0.5788527111724515,0.6488160314415717,0.4790882383552195,0.4562177963484802,0.6310517279317263,0.2834286323683073,0.8540521476869193,0.6737680440496504,0.0,0.513208903559525,0.8248625772243031,0.3274164106276578,0.0,0.2534401827200118,0.45746922085783537,0.45746922085783537,0.5780501325736815,0.954835918874755,0.3382587875163357,0.756211517028156,0.0,0.7601308521815265,0.0,0.8437663393861182,0.9154220252589583,0.15653882157611773,0.8380189873259696,0.4555465212016776,0.0,0.7249898032113337,0.26033583860518494,0.5508648062651709,0.35128975116184974,0.0,0.5461633702011346,0.6480683174098691,0.93196211858746,0.8862520898246979,0.7107325684353814,0.6967048768587845,0.5833352003570362,0.534419309497663,0.5485616539913992,0.5900531580674384,0.328719137814406,0.491085258453343,0.4856338633990052,0.14797676253076222,0.6134471625665262,0.6578716829344275,0.891421273409338,0.8752653745646636,0.8770054473298614,0.2026688437228911,0.6883208050974556,0.2643262508929598,0.3181843050601873,0.8357534368553108,0.45014653005876154,0.6325728626823016,0.6025003967151561,0.5332736920007343,0.6257961236939908,0.7771711675977863,0.6373561813642216,0.4405467115962092,0.5527864888329718,0.7450789919871921,0.07032284205306195,0.41849829159553686,0.6916686235065556,0.7250693194532277,0.9290202639109495,0.6544900326392565,0.5294012317494671,0.06869518343160849,0.7728628328504987,0.16692895301830002,0.6671273172604054,0.8680104055362767,0.9787716194735986,0.6640326950980463,0.43373340908450375,0.4913772841083607,0.4968851010795858,0.6616439057368202,0.6349151689455954,0.8278722390485912,0.9203920805565015,0.3626787392824742,0.8675418272838661,0.6444172648871779,0.42029287321376807,0.7123293350600785,0.9415011355414911,0.6763565794286246,0.13358312341366796,0.893053171136993,0.9856444735429757,0.8112774206501792,0.2880460037989994,0.06626199575967988,0.7457361560302284,0.3288774444682258,0.9627367185583624,0.5825308301961775,0.8695327966224821,0.09416409240566284,0.7904339431717242,0.5533328787179481,0.6919794891109362,0.0,0.6046811287659212,0.5777681564980541,0.5606157838302522,0.19767703094138206,0.8728859618229036,0.26458362741669644,0.6185221826945124,0.18579532329168852,0.6461434758228948
attention_zero_shot,RHOJ,0.0,0.6628923589505248,0.24903328407859282,0.8345941610631977,0.7605907479865458,0.6886528630348879,0.40519823990753145,0.38523492358523,0.8984688603592415,0.7159637234231079,0.33505814416156915,0.7004672537221525,0.7263461981434828,0.8154538373607295,0.7106904718696547,0.7859744616615987,0.22886746861081533,0.8312870731968538,0.7148390531404154,0.8131427220122847,0.3416180077255191,0.7341655911793988,0.0,0.79558662798765,0.5132391523952743,0.7197025816617826,0.0,0.781198595143663,0.825285274825795,0.19594773994155523,0.741494432630686,0.5169126408132861,0.7344521493068767,0.6647068804622783,0.8230334020201825,0.6851978271452498,0.28810627074413114,0.5186217219116923,0.8799501516253144,0.7646537044701168,0.6331212007359278,0.8360619683333711,0.6960271724129934,0.6433038642535978,0.3281430308607594,0.7188985585779712,0.7476742735001635,0.7911945967430232,0.0,0.7864625714424212,0.6582947904995545,0.5226228305544786,0.8973739120194163,0.7844300031751328,0.7851903124174267,0.22521723898569315,0.8153184106691345,0.731724469582412,0.1252468561137633,0.0,0.7504675415400742,0.7328063350456551,0.6825215948712614,0.7321049665675038,0.7579778958076883,0.6772946490851005,0.6508669233213566,0.761383408489504,0.6140323878532531,0.8138908362274772,0.7733550021085528,0.0,0.7161516113344639,0.8054313287832716,0.6771397118760115,0.0,0.24476733106498122,0.7219328386999834,0.7219328386999834,0.7763852587216362,0.8928381743622077,0.5359259489748415,0.7870273735961479,0.0,0.7875982750396696,0.0,0.8835167098894988,0.8685887375853432,0.22655993455916923,0.8553043104486053,0.7520731135654992,0.0,0.7790472369354947,0.3991505847010631,0.758541673788083,0.3486322238621992,0.0,0.7547268253815183,0.7325021192321515,0.8750461776032483,0.8307385358658524,0.7667593344986767,0.7953601038064286,0.8561527438193727,0.7263362493125647,0.7435815646805176,0.7627192702237623,0.4441281653574629,0.7295728472444168,0.6998094612634773,0.35090499591563334,0.7742674979893118,0.7857941689211142,0.8679698347106455,0.8453531347792909,0.8672260271549102,0.25469190176559003,0.7716386077776041,0.3433312291927026,0.6262773467404431,0.8273106167712803,0.7360631835306418,0.7692636694828087,0.9608450762463162,0.9594944897407401,0.7806172377101569,0.7934803802764284,0.7555498783813404,0.9349066675376433,0.6975384211415904,0.7065975971825579,0.07953858130801282,0.4410151927414917,0.7487548943606827,0.7802431419056445,0.8740660604265574,0.7595473003942819,0.7019746867072145,0.08397234554148282,0.7842755375667982,0.19800392342455816,0.8094065979759989,0.8656147658903249,0.9435815479829543,0.7559876604631535,0.7007626926238838,0.7423701083920928,0.6386255039599708,0.7112049764308295,0.7600525772896816,0.7959372659760142,0.8471246154725706,0.6314238495298785,0.8602952605751502,0.7732017938641746,0.5526797828822925,0.7803104092573516,0.8907570732868618,0.771565994656615,0.12314810564709663,0.8543524988877632,0.9451216568363073,0.8061053205464268,0.357173104894248,0.06095971525003095,0.7888326803560785,0.6211091659480029,0.8943083761291846,0.7430591881864139,0.8419309083556975,0.20129004279279245,0.8064888225725152,0.7305362625360311,0.7569160791224125,0.0,0.7588949500724234,0.7228880675228055,0.7453752393755326,0.3192855679708589,0.846059091150782,0.34718031256954535,0.7335992143058025,0.2267075985061623,0.7654534344291428
attention_zero_shot,CPED1,0.0,0.0,0.0,0.0,0.0,0.0,0.0,0.0,0.0,0.0,0.0,0.0,0.0,0.0,0.0,0.0,0.0,0.0,0.0,0.0,0.0,0.0,0.0,0.0,0.0,0.0,0.0,0.0,0.0,0.0,0.0,0.0,0.0,0.0,0.0,0.0,0.0,0.0,0.0,0.0,0.0,0.0,0.0,0.0,0.0,0.0,0.0,0.0,0.0,0.0,0.0,0.0,0.0,0.0,0.0,0.0,0.0,0.0,0.0,0.0,0.0,0.0,0.0,0.0,0.0,0.0,0.0,0.0,0.0,0.0,0.0,0.0,0.0,0.0,0.0,0.0,0.0,0.0,0.0,0.0,0.0,0.0,0.0,0.0,0.0,0.0,0.0,0.0,0.0,0.0,0.0,0.0,0.0,0.0,0.0,0.0,0.0,0.0,0.0,0.0,0.0,0.0,0.0,0.0,0.0,0.0,0.0,0.0,0.0,0.0,0.0,0.0,0.0,0.0,0.0,0.0,0.0,0.0,0.0,0.0,0.0,0.0,0.0,0.0,0.0,0.0,0.0,0.0,0.0,0.0,0.0,0.0,0.0,0.0,0.0,0.0,0.0,0.0,0.0,0.0,0.0,0.0,0.0,0.0,0.0,0.0,0.0,0.0,0.0,0.0,0.0,0.0,0.0,0.0,0.0,0.0,0.0,0.0,0.0,0.0,0.0,0.0,0.0,0.0,0.0,0.0,0.0,0.0,0.0,0.0,0.0,0.0,0.0,0.0,0.0,0.0,0.0,0.0,0.0,0.0,0.0,0.0,0.0,0.0
attention_zero_shot,THSD7B,0.0,0.7093160285509542,0.22511991908769483,0.8748814724298375,0.8306864772002136,0.7362797482450005,0.4752613853216637,0.3885397641541495,0.9447718500890089,0.754250365457362,0.3891464876339226,0.6557617004296731,0.7999983962843674,0.9678967082540715,0.7951555708280656,1.0,0.23436691725485762,0.931947700258504,0.7058451229256262,0.8155062823558333,0.22374004804130934,0.8918726739803309,0.0,0.8670818374041218,0.5533260685658138,0.8205730080470751,0.0,0.9842370744010088,1.0,0.12134798937402967,0.8826314376750359,0.5749442715549384,0.822866682432928,0.7508440692542351,0.9119298144949434,0.7164007551782409,0.2783421575246781,0.5223226018702903,0.9722228359668299,0.8786669916238022,0.5745107463125054,0.9236567966008942,0.7853941024760414,0.6240854506288319,0.2469227727107136,0.7087163732643904,0.8446834429710068,1.0,0.0,0.9712198164483649,0.7380116082910723,0.6009634833016829,0.9922608068008661,0.7826201208874334,0.7825960087378282,0.21021075637050168,0.6398040005289348,0.8596794216503855,0.14120242691671264,0.0,0.9058880143348214,0.6829480406376599,0.7076200248747025,0.8657107322159924,0.9120619573905437,0.7703056808304145,0.72473415406261,0.9331686726577321,0.6086849470871987,1.0,0.9576888080072793,0.0,0.8465545114421308,1.0,0.7310403669007541,0.0,0.26145974731126664,0.8733126357357007,0.8733126357357007,0.7774056776523962,0.9932107978326465,0.5318325343399383,0.9496465292773077,0.0,0.9456863826611726,0.0,0.855837474371849,0.9640938476913753,0.21962224733883107,0.863039782499874,0.7304553922227025,0.0,0.9430075521720096,0.4303327723611172,0.9181841958622681,0.4209533716757534,0.0,0.7419043172565197,0.8103390135054357,0.9795260869405105,0.9892148403796376,0.8965647588837076,0.9315168008412864,0.7529493305495499,0.8655882891008309,0.8615526479889866,0.8479008398100232,0.528238209252503,0.8849043728375999,0.7257240888818358,0.2124782418618759,0.9166431005329585,0.9240591749345193,0.9353646453153182,0.9648595508913671,0.9224306776464124,0.2361878185891174,0.9281107716882466,0.36328512627782844,0.6683241248605066,0.9517548398911695,0.8567662019467782,0.8971937668275513,0.8240210321953705,0.7692553382172458,0.9422692621786746,0.9642062314540059,0.8647668861493996,0.6984839346676465,0.7911220920871695,0.7576016211101317,0.08539905203098673,0.5189758079954361,0.8228698369743558,0.9500711632643773,0.9767124056563177,0.9143670203771033,0.8035743298140079,0.08753027218670123,0.8662009929058447,0.22974030477723592,0.799520025454,0.8822765935963328,0.9924090464214378,0.8300480628713951,0.7790460767006194,0.8990632065975791,0.6682571814923863,0.797487988552678,0.8086748893014085,0.908947617626557,1.0,0.5759168651500121,0.9411294050315129,0.9716267339218159,0.6120192682361189,0.8841654508128278,0.977286793697349,0.8898862880397894,0.13817775712651656,0.9495212901840692,1.0,0.8987709163125327,0.4091166248562718,0.06694670088096367,0.9285802466741901,0.6914450140397428,1.0,0.8948949738745516,0.9291137979172682,0.16233492494246174,0.9028482433186695,0.8227552348262627,0.796140638900651,0.0,0.9354822995232235,0.8419243525600525,0.9088804160710169,0.3398931158104955,0.9562167808853397,0.38082358515853065,0.8185100217292065,0.23682201857328325,0.8882762811692367
attention_zero_shot,SLCO1C1,0.0,0.15074314587852447,0.13068684763541877,0.22724472390215603,0.20423579826974178,0.17095573182464419,0.10544119372511562,0.10235675519910334,0.24989506940636036,0.18875737660304565,0.16865573110713938,0.15295058228857075,0.18106104163656156,0.23272288723031143,0.1758913227882261,0.1703120014621125,0.1560224021185026,0.224802144329299,0.19692652459321386,0.20911317443327046,0.10330712544208732,0.15094001694605044,0.0,0.2036583434109565,0.16237651032662462,0.1726344999388819,0.0,0.18564251487962927,0.22944398178682004,0.24930270045475886,0.1871374097410815,0.17784544375520664,0.19392376995102506,0.1670878162360554,0.22486194314194263,0.17819550771647866,0.12608978218296713,0.1625765314947124,0.24313413760985647,0.20544447379856062,0.12120786011756102,0.2108216327334083,0.1542199005828548,0.13607406622895107,0.13046631100483083,0.1916805837514624,0.20039423698449732,0.18564251487962927,0.0,0.20042443669053178,0.14035375173838704,0.11846114186710473,0.2524376837215794,0.21393291836546224,0.18472991558524282,0.11636063671676841,0.13739741539823738,0.16073571730330335,0.13139100182477917,0.0,0.18973504871337832,0.13568304382908383,0.15359734168191783,0.17733360160025663,0.18620734696310437,0.16536167505939822,0.1671969921322412,0.17620076335551738,0.12298370137034009,0.22048459082853106,0.1659625951500112,0.0,0.15103405748712617,0.2111933705754906,0.11375043213969047,0.0,0.15974714054528658,0.1308473826273204,0.1308473826273204,0.17487181219517817,0.25019074743437986,0.12750704110264618,0.20140307328576906,0.0,0.19484608034381992,0.0,0.23120281803921233,0.24530651142134102,0.11859362463935835,0.22446016554514273,0.15642247494710837,0.0,0.21190478130030013,0.11665096886940843,0.18227251141723916,0.17357849775650822,0.0,0.16966379780672816,0.19330968815839447,0.24580016689781647,0.23674422627135178,0.19900576398825373,0.17971971772638237,0.1821647537470077,0.1715405629501333,0.1710206057097094,0.18409953103479754,0.15737441277526815,0.16819853551121794,0.17102691006328136,0.098029747642274,0.15509331082097266,0.18829111495582102,0.24170179607878114,0.23098571130854723,0.23481873861901445,0.16180687091985962,0.1891450574229879,0.13170721248272954,0.14305261554446932,0.22529309846151702,0.1554546065713908,0.19293343388373888,0.17706729859726875,0.15136397607310642,0.16053962732654894,0.21190478130030013,0.19827904861210238,0.14036862539537726,0.1852776368471999,0.20331708283362865,0.2436080229232525,0.12102335717535624,0.20228255208982993,0.4801894132741991,0.24564059722320408,0.18004041560389325,0.35937511556599216,0.39047213867700276,0.3509344458791616,0.573012099996706,0.2143512668247067,0.2356243019007021,0.2580848786514449,0.19095606715765615,0.15856202322361362,0.12816622400534713,0.17708551045746293,0.169572167176468,0.18800035342744012,0.22802608784408385,0.2403943485136177,0.14807538710907586,0.23287743425819263,0.5848112683064555,0.1287970473919747,0.192743356315472,0.2493870017111261,0.18987067736156163,0.1240453751914458,0.2419523017425498,0.25849412822733314,0.2311402377304156,0.13563781651439002,0.2293617915656035,0.19628362144804024,0.19497990272885735,0.2522969210427458,0.17796018730615185,0.2357874626096365,0.18333447579568193,0.22436075452144072,0.16164274806816872,0.2016440800972358,0.0,0.16341993449100423,0.16583738890303798,0.15269410757213114,0.1240822457020216,0.23274749063841185,0.11704272718779095,0.17984013429656848,0.08870129215981709,0.18352261491966834
attention_zero_shot,CA12,0.0,0.5902091319534897,0.47471707618296033,0.2624001131400109,0.21027257914554953,0.31063240366658146,0.11953464832794204,0.3516958367887758,0.24803602751163475,0.24709899474067046,0.16657501823262977,0.2856947127671782,0.19791760697078573,0.21405037424645318,0.1788073944688867,0.15857066448333795,0.354092493372,0.5193752890108744,0.26001360531774764,0.25350168517345023,0.348239942656819,0.15756811237199164,0.0,0.2122074766986694,0.3809715842721052,0.2527354772112094,0.0,0.16800015698187207,0.20770328329148932,0.12364673028180734,0.17911541378868523,0.3001792837742954,0.3813322485521795,0.1658046036166921,0.22906952065730238,0.2630741297399157,0.39258562144367043,0.4890236178932505,0.23906252208846426,0.19982954878563358,0.3304120358405069,0.216086538574057,0.2855578824737078,0.22034690881942898,0.28681701828869505,0.2524123163618393,0.2667860935490213,0.16800015698187207,0.0,0.1812833262669716,0.15199229937681027,0.14140317243845638,0.24403220453476324,0.26072431824461256,0.2769394772583851,0.23286589054659274,0.37935137542163444,0.17019550915343776,0.11696948927292956,0.0,0.18659478850704836,0.2690450046805512,0.24370048577110284,0.17633239654476107,0.1824784279708306,0.1801687181743124,0.18040177975316243,0.17524657015332315,0.25645345855815616,0.19746732103979114,0.1728991900577409,0.0,0.15340662436431918,0.1882062123358737,0.22235546212157348,0.0,0.38747894121514564,0.1365552200834786,0.1365552200834786,0.25364671220681995,0.2417213477344729,0.27563479458134094,0.19156860850016832,0.0,0.19651091708170282,0.0,0.26058983909053984,0.23969337519205872,0.23167023890977864,0.24744501266090194,0.3551839195753848,0.0,0.19465426601113797,0.317045211663586,0.3302376380104551,0.16078258580852695,0.0,0.2587438892551804,0.25238457063948644,0.23839836560625735,0.2171975091481369,0.19096604453556884,0.23819482082204982,0.30887815447006145,0.18214515083549418,0.45475810857905696,0.4401592316959912,0.15360831089287358,0.1605666755088413,0.2707165316409623,0.3259106818052929,0.3391952407834435,0.5270243813302704,0.24046345571253847,0.35621970648765355,0.26344069151714106,0.5272838033159919,0.21490389049588174,0.436181911217954,0.4075825624159117,0.3701344656758669,0.277570790230477,0.27764781871467537,0.26921580164122444,0.22517911694000278,0.48626918659287877,0.1965435900736631,0.3771362694637779,0.2534728513225191,0.18987398117626725,0.2674975197276123,0.0656143968841511,0.14795166160903667,0.2451581625877368,0.19294331461862074,0.23832895097637422,0.17027244851585505,0.16941567511396372,0.06642616342890383,0.2151524728545935,0.10853583070566891,0.26242568409288053,0.2814994694479056,0.2546698517970366,0.24993780215776518,0.25315312158502984,0.15367918246335918,0.18858069625371068,0.3218171371118251,0.1971062980123932,0.22554453151989767,0.2224010752426457,0.25334617353924493,0.22868763324390037,0.16800015698187207,0.3588845885724214,0.2947593659974682,0.24303714099703577,0.3359130154985849,0.11155692227994708,0.23404118918362526,0.25406298534150895,0.2302054241494597,0.1605639405117675,0.05681276156190912,0.41709985734719573,0.11377850597268474,0.2419569608919436,0.1782661756071598,0.23491755077329218,0.2135846552218137,0.33579781456801316,0.39338897753681584,0.25394248369964945,0.0,0.15703893180391157,0.17710828977463206,0.15953093933919904,0.2549647384012195,0.34433501815172324,0.4613685073406324,0.3340087567681285,0.504638211748998,0.39300673432286864
attention_zero_shot,PRDM6,0.0,0.8749844141824887,0.3026227816977417,0.9203764643882042,0.8532323520219887,0.8433021961841906,0.4792128814989366,0.6377476930750775,0.9263312937928241,0.840655729611807,0.3884543250765841,0.8406072623695527,0.8422978330797248,0.9131756076907521,0.8379876116634212,0.9143157075198154,0.27987956855575175,0.9376424077805644,0.8303065280894759,0.8853945113804601,0.29076893657827896,0.8810662398454147,0.0,0.8713412350149492,0.6698747795609566,0.892500876945692,0.0,0.9103138337779193,0.9229804112537666,0.12330030691979936,0.8780398000826022,0.6404328641696169,0.8960974942509854,0.8221860775105091,0.8951724545313046,0.8312102157510751,0.3995664630260957,0.776960271062758,0.9299450631367473,0.8768156861368237,0.8173976749216977,0.9014002656237662,0.8726751330745873,0.6474807448307487,0.2788483800408455,0.8287689763066233,0.90552350615273,0.9153735382911757,0.0,0.9084598961736645,0.8167055473074916,0.6275099979235889,0.9424229170918552,0.8524584576259949,0.8783342800252838,0.25305841585457256,0.8381308548002628,0.8693747970527903,0.13623085798820728,0.0,0.886369593557729,0.851228275910213,0.8201102339611879,0.871678893223921,0.888864818828536,0.8311314087873874,0.8075829353440268,0.8953231917697556,0.7873728870187031,0.9202936814137818,0.9031390750095066,0.0,0.8645631304451767,0.9183959119236337,0.8400663489765925,0.0,0.2742948968277642,0.8746586075942924,0.8746586075942924,0.8732367271499228,0.9405169988146763,0.7771765098927174,0.9179354524421833,0.0,0.902231388899608,0.0,0.9029256994325554,0.9247397749378236,0.25350223229163266,0.8853027752557544,0.8568759155276108,0.0,0.9002471065642476,0.4963690091469019,0.9085964784746605,0.3986212160926448,0.0,0.8573508128635831,0.8860177737586611,0.9313859341662009,0.9218862423227039,0.8841625765749981,0.9168480506889112,0.8462914358156677,0.8717710557794462,0.9155549877534479,0.9136493030073531,0.5253730238566025,0.8786605168318528,0.858291054225474,0.3027193961840969,0.9131995988290788,0.957154745227404,0.9123063739979657,0.9481358144612113,0.9153666474550999,0.29762577708715326,0.9262092376486568,0.4594331634099405,0.9051152044330194,0.9417719710825626,0.8915310959127942,0.9029386528531067,0.8724692901663588,0.8418140489699667,0.9368881597660523,0.9080443219323382,0.9057991354113617,0.818018814913326,0.8384031281768727,0.83454030349058,0.08848092907091992,0.4949244583211421,0.9272262677836938,0.9022960774741968,0.9463609475923802,0.8897126580879601,0.84558144110991,0.09584084102322381,0.8704026761705428,0.2355916839355092,0.852949192031569,0.9315035211621846,0.9621872579163023,0.8810719639372648,0.8643079870631556,0.8922024375357152,0.7623985998353945,0.8722590167354142,0.8436095339681491,0.8915434856506012,0.9285964229331795,0.7863011706001436,0.909121788437283,0.9062660701673141,0.6857328023755778,0.9137880801760686,0.9357644451657271,0.9090918599716898,0.13507536615824473,0.9160916642944087,0.965026819395843,0.8876748491090494,0.42918838347986293,0.06520406973601768,0.9380576842351158,0.7987307625487846,0.9433492281122746,0.8846264066524014,0.9159290793721193,0.22866390305625509,0.9190890408380339,0.8949555098754599,0.8552829867958649,0.0,0.8956477227498252,0.8619180178946432,0.8869379603291039,0.46414467245085145,0.9446573044175851,0.43225388737909803,0.8859286925821414,0.2668074442348552,0.9163094195611415
attention_zero_shot,KYNU,0.0,0.5678113312680295,0.4055087813206962,0.8093530546375212,0.5965564012452135,0.5400560154639337,0.26618907779564493,0.317707328700057,0.8651278953964595,0.679110172327233,0.24674244191683706,0.5154932321310747,0.5015559545406675,0.6373316113776188,0.5289419672975374,0.48538535199737237,0.3947827071969031,0.7220200740099664,0.4228699225381554,0.7484953436515666,0.28469859137348436,0.44548780153219125,0.0,0.6250423728190779,0.5448801330310673,0.554253748801607,0.0,0.4897511262652414,0.6301207217481114,0.1295796309286017,0.48026897005135716,0.3414221344359343,0.5972758444422841,0.4345761521888002,0.7212587466366807,0.6633851440101952,0.30918029693089666,0.4524714346475948,0.799879484776587,0.5840620423356845,0.4351585128007824,0.6537900281735923,0.45751296383048745,0.42639385921513273,0.2942378138755608,0.6594492151404862,0.6302899069471511,0.5068276289974819,0.0,0.5307125101089685,0.4210856163044494,0.3375654979972915,0.8276550388778285,0.7682974131945898,0.5887190557598746,0.3620580714249078,0.5898785676829709,0.48103010725164597,0.12077364458364753,0.0,0.4996757157376003,0.5028066060905991,0.588526818438315,0.4874383747276033,0.5116615244145655,0.44673921918831955,0.4366720936920237,0.489842763074585,0.45999501908859275,0.5918573481358471,0.499198066159361,0.0,0.4548439346299962,0.5616245591088728,0.5780818160640533,0.0,0.21160239303585324,0.42555294563981055,0.42555294563981055,0.5946319632109164,0.8136696567963566,0.43057971721377475,0.5985807645238402,0.0,0.5724125033256072,0.0,0.8584255523009097,0.7863632624872307,0.35773458419071585,0.8081444770041902,0.5509338494062969,0.0,0.544670158848129,0.2931405457594738,0.4716200479004448,0.2515323901044276,0.0,0.5835671212914187,0.6277586395609803,0.7879602041956811,0.6598340841768277,0.57107807276768,0.5756462131533225,0.6474442235817688,0.4620896115722051,0.49849057577589445,0.619027927822126,0.2906020675451398,0.4380033299344431,0.5498064228997724,0.3655563787467733,0.509349813501146,0.6034885747211814,0.7931820715225033,0.7101500097844217,0.812379122919107,0.4469803198641169,0.5629935710303641,0.32412222199707835,0.4358662751916354,0.6709191091235196,0.62817525439438,0.6761717873088038,0.6775747560052311,0.5715273909802092,0.5094846319428674,0.5672820834155918,0.5478945211996902,0.5969633740942588,0.4922466598948258,0.5753102761751747,0.07701843486222834,0.3201276781547127,0.6510375654871462,0.5384851433494918,0.7911276133969906,0.5141202582668957,0.47306113401853717,0.07892119081066504,0.6740782164257059,0.15395591475925535,0.6945207198569197,0.8537929732595715,0.9164390540418381,0.753389218468033,0.6405389663832639,0.4460433282566406,0.47593292585698843,0.48093609709596014,0.5541168241877081,0.645525669178087,0.6965093101522966,0.47057372061899366,0.7276672962101305,0.4760899240794491,0.4397041828857206,0.6022080219148075,0.8249590588683011,0.5661342048275421,0.11755993293156418,0.7658736852041876,0.9148479359420112,0.6947269320509163,0.29236910580501113,0.06068114436857404,0.5888891855969911,0.366221575479366,0.8150603608740556,0.5158418077309996,0.7720903128029356,0.1491372827937963,0.6715983979339554,0.5070600767321688,0.738125453269804,0.0,0.47528336471499316,0.49471611830461454,0.4637553763703354,0.34358741430986556,0.7223729194537217,0.26081218789218297,0.5919927248587372,0.1895637254563757,0.5440221494071198
attention_zero_shot,CENPF,0.0,0.5634106119292213,0.20789215845164122,0.8280589102936203,0.7401620810699776,0.6383048309074463,0.43787283454407044,0.34445307037844114,0.9233876987912305,0.6883720701383017,0.3543024224489507,0.5337460976581678,0.7622724113952468,0.839538540719023,0.6802659743304368,0.7982969271805745,0.20396216645450427,0.833948271385158,0.5634139640439043,0.785746789198131,0.20913391224955236,0.722368945982139,0.0,0.7960469784480634,0.4696303934359767,0.6748826404876742,0.0,0.7888363366008316,0.8588078490264022,0.11784711377858473,0.714587195585472,0.47682713131932564,0.7082937472015759,0.6094281705463704,0.8367159575895637,0.6311243345688781,0.25009711506689813,0.41256413541088366,0.9073441317080149,0.7576132336055273,0.47808016844331597,0.815534478915076,0.6425926552492723,0.5292498962618845,0.23154753189344796,0.6687209313661191,0.7262192781582287,0.8074652486723667,0.0,0.797184405911786,0.5952084165061089,0.5030449999577822,0.9313076453436594,0.7726996500310324,0.6580745332681546,0.17963693084713706,0.562523985059695,0.7014335469730176,0.13564948106639718,0.0,0.7498403203750246,0.5453487314712275,0.6702242949047562,0.7192502805385327,0.7617616484753443,0.6458411243088243,0.6110021993833793,0.7682094011154588,0.510538039328207,0.843119832251558,0.774146753958162,0.0,0.6793287706338753,0.8305694188316827,0.6144498870763033,0.0,0.24379150791020415,0.6836120762850955,0.6836120762850955,0.6634914150168773,0.926602651928313,0.4689851409743487,0.85114753945399,0.0,0.7972524160423977,0.0,0.8541507246027538,0.8967186301768761,0.18718374896385342,0.8735834537700432,0.5976068182147743,0.0,0.783588469296299,0.3899688526027535,0.7280580397889822,0.3839732705927116,0.0,0.6386546429603217,0.7062888369390565,0.9258499987239615,0.8934846704186531,0.7637217447787618,0.7858637164578205,0.676232044811598,0.7573594409973664,0.6963956156699525,0.701108077083725,0.4490278329322328,0.6970584913232986,0.6119245774036819,0.19329345040504492,0.7490257479599752,0.7559285145837839,0.8798793866986926,0.860661305042737,0.8695697262670836,0.22038817401776345,0.7801971616298695,0.35831649755895467,0.5219433872350879,0.8621583719799233,0.671816212661362,0.7369527509000434,0.6995271590175205,0.7024337226949042,0.7561572838247897,0.8078155313328662,0.7483838022240231,0.5934349196815145,0.6610893700138554,0.6956466657407168,0.08097561228077928,0.4618872302690627,0.7420435303690105,0.7857941308143617,0.9120046262175919,0.7508564329592632,0.6601038381010964,0.08235107098305144,0.7879885247487209,0.19511552696490006,0.732709916143989,0.8815610190173878,0.9655397438854453,0.7910667992430092,0.6849220158847193,0.7057502189801784,0.6263373243092061,0.6434708249737757,0.6999560855622281,0.8019714767265173,0.8855198775889748,0.4786693722220139,0.8583285363448112,0.7739332069436036,0.5759243381772801,0.787461235360487,0.9203576179813158,0.7481826705534629,0.1322215219708416,0.9027640495324548,0.9690820107357085,0.817355462558887,0.4183208777821854,0.06443654384455022,0.7872851359707161,0.5395010008994938,0.9316812172708397,0.8200204272868119,0.8934227110046208,0.14901066043763528,0.8044573591498768,0.6773215998291191,0.722934813196226,0.0,0.7482391607267634,0.6944071671367882,0.7248707014740623,0.3398718255770039,0.8603277068491096,0.3447464973846117,0.7532625394946405,0.22553354265625603,0.7372227519908178
attention_zero_shot,BMPER,0.0,0.15770201222627098,0.13611107259626212,0.2320388364471605,0.24518238242490753,0.1762670847417241,0.10973780111258391,0.10136177631016201,0.2531719326997165,0.19505480519338778,0.1910303998502996,0.15783509723262912,0.22465859095914067,0.25746947511796464,0.1839194877877678,0.26229508196721313,0.17013213841643976,0.2376701661667716,0.11890073539116444,0.21322782758290984,0.10224159625147018,0.17191505152305295,0.0,0.21345162571636112,0.17469648629614287,0.18536341036824922,0.0,0.26229508196721313,0.2622950819672131,0.07535504394930652,0.44253260967762115,0.6740932234715405,0.20891209150849205,0.17677079431005704,0.23313851423836388,0.18448692225506352,0.12779976562205927,0.16692138963276648,0.2515181494734697,0.2199126526995379,0.12231857941988063,0.22410402642141214,0.16391203332374252,0.14563847584606088,0.13762509874242596,0.19437701753274775,0.2128584582380135,0.26229508196721313,0.0,0.24614168113977494,0.14558105239611063,0.12322202665825642,0.2608757858350814,0.21530173972076766,0.19342630148443068,0.11806156493016602,0.1388480915517996,0.1748481998972828,0.14120242691671267,0.0,0.30198167467363224,0.13949634326294644,0.1570286796734465,0.19597277991158696,0.21194648002012403,0.17530962693010754,0.2049405756749058,0.20980617113725333,0.12323711166773278,0.26229508196721313,0.20014618356479064,0.0,0.16364729039565043,0.26229508196721313,0.11484900545068549,0.0,0.21050433329852777,0.1417761000449579,0.1417761000449579,0.18247356578015503,0.2596041340772022,0.1285962818856227,0.22912701093388615,0.0,0.2182613892215766,0.0,0.23219911861187945,0.25419672209281685,0.12147472769355223,0.22649787527019735,0.16319855025497448,0.0,0.24620972580305167,0.1215513978805743,0.6688650004120275,0.45674628269364853,0.0,0.17573118280819644,0.20203241992043058,0.25581067073482416,0.2622950819672131,0.21588372952504276,0.20329630770449467,0.18862135427244556,0.19239076800282928,0.18962980308500857,0.200194441729673,0.1815666452668795,0.19780282937080418,0.1784713455358297,0.095039312248936,0.17485189497622722,0.21802905264223685,0.24754431432495447,0.246898202202004,0.24045286358141604,0.1750111017018132,0.21586342729996874,0.13738652865540057,0.14843093150537837,0.24365675383038096,0.17536803176253882,0.21811647971124692,0.18781635398756713,0.15714225265688744,0.19146943504725106,0.24620972580305173,0.21613686877611377,0.14413406670777706,0.19672079020547303,0.2112874696570896,0.059008516053896266,0.1306261999332312,0.21027906102964003,0.2532470691248723,0.2554013578968583,0.20372390487450917,0.16657594650413143,0.05965346176092109,0.23086921813882672,0.12277460829588202,0.2226692656957063,0.2368983894885855,0.2662554156699355,0.2004136963152266,0.16724023958494014,0.13967198973332814,0.18183636366667813,0.18471772202257364,0.19677928738692843,0.2414097964506945,0.26229508196721313,0.15086720420314947,0.2434963616695767,0.26229508196721313,0.13521069733638075,0.20596757871390775,0.25677632033844616,0.20720226226931507,0.13185344756519748,0.25101791678462965,0.26229508196721335,0.24078368167291853,0.14508324893661953,0.06694670088096369,0.2164283153686544,0.09811141542009603,0.2622950819672133,0.20382402712394176,0.2642041105644245,0.05471574295394674,0.23672191238530452,0.17217330812339338,0.20720332803554725,0.0,0.19607792651037953,0.17801898342682207,0.17454618746217399,0.1267455923920174,0.24649832873245256,0.12305703827088185,0.18950152336536707,0.09246158843192427,0.20215578170157403
attention_zero_shot,RGS1,0.0,0.258860356201432,0.17795109331194414,0.5810729886742089,0.5126089767270203,0.43140062874800594,0.7156549814316904,0.15054161848801992,0.6780797160520604,0.44279372184185883,0.19058645088238482,0.2684827575620385,0.39384309326595496,0.5095747428866017,0.4823252648748181,0.2939456904921266,0.1799707310012822,0.545845082119847,0.2441787295589029,0.5756972167526964,0.14143363553226046,0.264769788750671,0.0,0.5223164618542975,0.25308341628139946,0.3501209082084205,0.0,0.3072810917693234,0.5089906494003659,0.07674960770890181,0.32758491341815865,0.22403255630317634,0.3661382325869444,0.2872909948623041,0.5968227364687544,0.3970483487276567,0.15702940078281077,0.19553736641445066,0.6416251862189488,0.45363027600740274,0.26396007211330785,0.5310443899426336,0.29423699372307105,0.29710829402353606,0.1449930261509653,0.4632105016455782,0.4318684352243411,0.33695468227377445,0.0,0.5768710639989695,0.3688597750949323,0.3448873837685583,0.6515424882013999,0.5685264049843592,0.3712588414486172,0.182439823476144,0.38637993755141004,0.41051883095822084,0.10984809713557767,0.0,0.34832451095847133,0.24718769828890783,0.40998260823414157,0.34124384240462136,0.36950436094181616,0.3254755540184695,0.31799454150807643,0.3345260664880605,0.21088293927929383,0.465981657618718,0.34349834071785024,0.0,0.2919621022918535,0.42628104982027387,0.2664573633896259,0.0,0.13294038336060507,0.32036789321656545,0.32036789321656545,0.4124319245119197,0.6451862484323906,0.2590662367557329,0.44092552055642203,0.0,0.458022326463735,0.0,0.6461299210681292,0.6226357875921098,0.1786820082407442,0.6248600831860939,0.304093417021841,0.0,0.41039081086096973,0.2272477120231521,0.2663509879746888,0.18340470760488828,0.0,0.4166749951472419,0.4335997946887365,0.6303533704903715,0.5346017371543863,0.6169344667431347,0.40563867793414365,0.5075818843691027,0.3129373955311191,0.31808478474636875,0.3641325162643309,0.17494692986511107,0.2501459982876343,0.36913093564653665,0.17329556134904003,0.33942968098734294,0.36807192013959217,0.6262303730652425,0.5585629940789811,0.6091262353388321,0.19110665110704284,0.4025597411099801,0.19076758119243864,0.2140795525400621,0.5216927493880962,0.28227973700981934,0.3911689192745777,0.5553933708598969,0.51196961314007,0.3103540727345448,0.44038606630313837,0.3901815012344789,0.6027448080037671,0.35961096595921227,0.4052058356878881,0.0600414251199033,0.35141725712195915,0.476461587372944,0.39366709075395945,0.6338580338440595,0.7622079653066971,0.3407965507274685,0.06066763868617912,0.5187013639062981,0.09675808596742207,0.49503707362974286,0.6539480735298911,0.6913997537829498,0.4693497529800497,0.3084746246474629,0.2537439765860112,0.35333689908623384,0.2690460722690072,0.46614540118319353,0.5180319045328912,0.5692032378946731,0.29339524120894045,0.5849062303791359,0.28354221936576257,0.3231498561061475,0.4926304301567817,0.6526647555301746,0.43570265472008385,0.10466945135828641,0.7116919613182991,0.6930691342258196,0.5523711302078064,0.20428386134723808,0.05285181978969612,0.4417906883127058,0.19652325459228548,0.6466194231016388,0.33670099939966547,0.6033352655483196,0.07861534609270937,0.5221287142434629,0.415715792518853,0.508701004050852,0.0,0.7194278547229048,0.442949702317016,0.3932928197214875,0.15170900565545378,0.5682129573451259,0.17664449072202654,0.4127944076442372,0.1202880521236509,0.38252313799281007
attention_zero_shot,KCNE4,0.0,0.3751896157003003,0.1467572654799375,0.7703137881535764,0.7177982205490921,0.5424649274150903,0.28630548336968437,0.20072746547828063,0.8895317297907643,0.5564112081676842,0.23642608521432384,0.38322428178790596,0.5095306344720086,0.6794546705336278,0.5650185335076,0.4952569082387807,0.15026512440389597,0.7200364767011145,0.6300266852308678,0.7462991790772268,0.1471741343151868,0.43942090386250443,0.0,0.658932758092594,0.2948738685422711,0.48640982198652927,0.0,0.5008396744851012,0.6769644212728196,0.19274115215633136,0.4855789798878975,0.31403482641134123,0.5109283170689554,0.4283974178513791,0.7614219485244943,0.4902670813149357,0.17931743424707872,0.279675816549763,0.8379343852494423,0.609023269754235,0.3243067292962454,0.6868195452827466,0.42798901155121516,0.3692300366832116,0.15612569054727715,0.607797108087032,0.5815240407087724,0.5249476783423819,0.0,0.570967638791393,0.44502679178653215,0.3669277736002616,0.8669447728474552,0.7463425884284124,0.5051391995996849,0.1274015535415283,0.40493789213615966,0.5033804370648879,0.11209024752566926,0.0,0.5003017716454525,0.37068069485364363,0.5055953221519255,0.4943310170865693,0.5265257899268648,0.4431076698399055,0.4315874295732762,0.49930010194473606,0.3046416659338085,0.6329141150827496,0.5125998503170691,0.0,0.4525170587254504,0.5962055265910247,0.34228013852769046,0.0,0.16084971555894056,0.4491282161604075,0.4491282161604075,0.5254247184196976,0.8552956743125502,0.3427648934303988,0.5942685832488186,0.0,0.6030979016920144,0.0,0.8359311115360423,0.8241097670420896,0.1299912032693595,0.812449937795088,0.4304042225605542,0.0,0.5695805304923824,0.40146161660631785,0.45438252715599986,0.24015414244900654,0.0,0.5055690760549099,0.5828311449791429,0.8293414562911483,0.7073887746981629,0.6187913914338178,0.553593398206159,0.5383796327738508,0.46186677317596,0.473139496477377,0.5105872001711197,0.2718216017977849,0.42931686720554446,0.4679987154858155,0.13720238562955336,0.49635254989567845,0.5259065888541177,0.8667675844352136,0.7380445911573886,0.8141095249382423,0.1616563609626217,0.5488545750367122,0.2251081606841354,0.3331431447261142,0.6938731456742305,0.41081412334399225,0.5221460348804033,0.5368125314360798,0.4872389097665708,0.48987630909596724,0.5990743451455948,0.5443190415688852,0.42649125767261825,0.49830472034025836,0.5306372962740777,0.3308529672145364,0.34845600790077474,0.6255216546190434,0.594565801306136,0.8287574446335917,0.5492484570273487,0.5159788875469532,0.2306774806278991,0.7613434427714846,0.17875462544098886,0.6095160016252786,0.854858372249049,0.9377499319893132,0.5899116403129713,0.4079203538373586,0.42620422718698453,0.4741944650932981,0.4167765435063162,0.5742039472225503,0.6760191794956463,0.7476284541193904,0.4830248064679993,0.7655023678295558,0.5051117289042866,0.3875577749220465,0.6198628454506319,0.8662460346692958,0.5802256294001532,0.10797669661100256,0.8087977048166091,0.9388190191804583,0.7259449312862496,0.2498094261487985,0.1637534063626051,0.605666644892272,0.719187564023081,0.8583177286284296,0.4848115782696177,0.7885675836120407,0.39143988448887895,0.6897469271683961,0.4892692915592577,0.6412871433057502,0.0,0.5048993077731382,0.5227043449520515,0.485647132828429,0.19229049766446973,0.7496329164899384,0.2233342505184524,0.5488072641565218,0.1435065550519071,0.5389915527978375
attention_zero_shot,COL27A1,0.0,0.29317346579160813,0.29415749919111944,0.2384149726162355,0.28024172528633,0.3144008258629491,0.13448006856254016,0.21385588129870556,0.2541542308987353,0.19827045854003456,0.2089465023974767,0.19539239684885143,0.2842355808778376,0.24972292358453996,0.1973179640658999,0.2345472642118693,0.1750258043249815,0.3061381162066322,0.25760026932918245,0.2298213619761538,0.26002341258363015,0.20275305136457195,0.0,0.23252283570571528,0.18631290350755206,0.19448753083807657,0.0,0.2385112381769184,0.25119595486507557,0.12725794450650935,0.6031127024142952,0.9513768430182133,0.28984284571939967,0.18784075611235596,0.2451098472457164,0.1901531120068062,0.2105212575411806,0.2271589158644141,0.2540207341806122,0.22570017943481568,0.21193774266425652,0.23802647584144587,0.2881506814118656,0.2138063942771997,0.20052705258228326,0.20904774264690862,0.21406075009896483,0.2385112381769184,0.0,0.2359543508175439,0.17151712382885925,0.16431404919688536,0.2585359455997976,0.2324592750345639,0.23047242575957816,0.13434354238102952,0.26974382993018475,0.20368610762354358,0.13645864538641958,0.0,0.3554564634999063,0.19754941306512244,0.25454271410340845,0.21145949831921979,0.22490078584168896,0.20599023308550699,0.2573851668646529,0.22750289225843603,0.1701181486800933,0.24842117308954123,0.229918490132052,0.0,0.18449258421397013,0.24564639131400684,0.14349766740576406,0.0,0.4523867434798018,0.17333500216065367,0.17333500216065367,0.20482190047449353,0.25781241572173264,0.1792124447593319,0.2335579923886333,0.0,0.23701895766601266,0.0,0.24485468096272894,0.25530038401618016,0.1402705109514904,0.2502104949933636,0.2707475696278758,0.0,0.24082303558670629,0.317109108241143,0.8061635655425818,0.43845002662710086,0.0,0.20715097892379894,0.2042919272433114,0.25562437455876547,0.25353261320236764,0.22023810046457443,0.272363525321506,0.26848562484462796,0.2244649618954798,0.4210486299896158,0.3508173055560794,0.19720932929380663,0.20695103975616144,0.20802098618017467,0.22971192120905815,0.3629424966130603,0.4014516280867217,0.2527641497613685,0.3241424357981058,0.2724437413110978,0.2897079640552992,0.22228471424325866,0.3082602891543451,0.28618027972554355,0.3348984973339132,0.1918426948795056,0.21884701560351846,0.2372629756004802,0.23727004010100566,0.4478371434598913,0.24329369013000837,0.3359562664788677,0.21757538415382263,0.21408535055722164,0.2830433962026146,0.06857664183877424,0.1710248704275303,0.21702193922153235,0.24238916452798068,0.2551744454186206,0.20893912040056709,0.19437765715864824,0.06737786339696909,0.22998262137320677,0.14622383040513795,0.23203777069896653,0.2699182707037072,0.27120683275440527,0.21161229801139453,0.19264837802062726,0.17567259666704782,0.20083388190164003,0.3019109811737819,0.21678378615714836,0.2524077497503342,0.2547274953066648,0.17625261686294666,0.24756782486988596,0.2385112381769184,0.37511223150516615,0.2983887709966805,0.2560490345122158,0.34969584399782655,0.12960272719530844,0.2498274745413823,0.26093043519236037,0.2478815821741186,0.1902456989999613,0.06404225593777207,0.33359975760877053,0.12695426617880737,0.2587528073601481,0.22281964584603275,0.28390793541633613,0.1947946359561261,0.3061798809337523,0.35563059730412433,0.2149536392841494,0.0,0.20700922820985412,0.2065532953044301,0.2055010091186623,0.1451591879960109,0.3148632419594165,0.38569630935582305,0.29728067571059424,0.4303910316976332,0.34807309699306066
attention_zero_shot,HCK,0.0,0.8128392118226994,0.27752244171267315,0.8898096440664465,0.8181559907017576,0.8056847137812474,0.4541456513165755,0.5160300702342837,0.8965060512753676,0.8253524994135707,0.37062027861966407,0.9497069266126841,0.8080300877391048,0.8655801624677645,0.807277311112496,0.8533328448975707,0.2819206339725539,0.8663339342716041,0.8088165468170024,0.9379112739797123,0.3182340868130005,0.8309729867031787,0.0,0.8317873611952343,0.6372631238284411,0.862070043104119,0.0,0.8509619538122433,0.8644253188128804,0.14151042835549113,0.8307209049155768,0.5933390411757945,0.8445015963491805,0.790882696652035,0.8579598644285792,0.8196900254644999,0.37578665973296804,0.7521253244386529,0.8839386813613955,0.8331976060824708,0.8852585338482912,0.8773718455722174,0.8059998573311069,0.6527693854271647,0.3077412882990124,0.9449617274889297,0.873726033547156,0.8546541706192141,0.0,0.8511577861029418,0.7906364934110605,0.6064540513785258,0.8949302681886596,0.9596554850265273,0.9573910320421911,0.2532114122431155,0.8069330883930376,0.828056215234004,0.1334685607129193,0.0,0.8357684601992434,0.956896960872821,0.7818219526242147,0.8260569565888782,0.8380563724378647,0.7988810588876488,0.7838059298602941,0.8414781091737457,0.7898484945934164,0.8609190770580412,0.8495974696126218,0.0,0.8203636594603652,0.858479060866077,0.8120680461579556,0.0,0.24398072205531735,0.8262515734655096,0.8262515734655096,0.9198055683016342,0.891535602557861,0.746296718730395,0.8491944780074908,0.0,0.8489071424303584,0.0,0.9363470567566564,0.8791499248664784,0.25354628373147914,0.8496738413326178,0.8500433049538093,0.0,0.8465201248567271,0.4465810086491464,0.8393031184019571,0.37723602582701815,0.0,0.9458832950848278,0.8602658069734774,0.8829280704894326,0.8655022510012927,0.8392457044877308,0.8519209210698093,0.8427237872086241,0.8253456255552083,0.8290719045219003,0.8537083732099459,0.5007225781449688,0.8292003486931857,0.8548332081852975,0.3206625467747226,0.841492989728437,0.8842187852425885,0.873736271912004,0.8679779454233292,0.8787931007520341,0.28349646405219725,0.9345279001881063,0.40939889051601175,0.8117531042213237,0.8605927148415934,0.8598797464505384,0.8652593678554668,0.8705272821319204,0.8451387746773321,0.8469478836323551,0.8523180542329997,0.8307537657165075,0.8396147736293339,0.8037879913943833,0.800010388445661,0.08783446783031776,0.47452493348479297,0.8564503807045721,0.8475760258614523,0.8878172762502732,0.8386868170153852,0.8081129983990248,0.09590474840108425,0.8344645165174178,0.22914650871011946,0.846023778199534,0.8820673697427649,0.9286717789025513,0.8506190482564607,0.8379045506151076,0.8426857373301463,0.7481562047498693,0.8340428554795689,0.8259342880899244,0.8465887075885364,0.8719572455454981,0.9200704761032097,0.8671611693282748,0.8480081803666665,0.609637175494273,0.8395903821179341,0.8925465771307761,0.8418135978293286,0.13260436934429182,0.8716088117175357,0.9286133315873132,0.8472030057109402,0.4018505838205729,0.0640002489881484,0.8475252690473043,0.7729910040493031,0.8931563770777005,0.8342212446593853,0.864318542249095,0.20582649197569078,0.8482855288140102,0.8290153952660269,0.8396709924760551,0.0,0.8412399763308233,0.8283087255882952,0.8415559740335078,0.44852851682465517,0.8676474855831128,0.3716525747543776,0.816573249902058,0.22063928441561503,0.8367603445864711
attention_zero_shot,ARMC3,0.0,0.0,0.0,0.0,0.0,0.0,0.0,0.0,0.0,0.0,0.0,0.0,0.0,0.0,0.0,0.0,0.0,0.0,0.0,0.0,0.0,0.0,0.0,0.0,0.0,0.0,0.0,0.0,0.0,0.0,0.0,0.0,0.0,0.0,0.0,0.0,0.0,0.0,0.0,0.0,0.0,0.0,0.0,0.0,0.0,0.0,0.0,0.0,0.0,0.0,0.0,0.0,0.0,0.0,0.0,0.0,0.0,0.0,0.0,0.0,0.0,0.0,0.0,0.0,0.0,0.0,0.0,0.0,0.0,0.0,0.0,0.0,0.0,0.0,0.0,0.0,0.0,0.0,0.0,0.0,0.0,0.0,0.0,0.0,0.0,0.0,0.0,0.0,0.0,0.0,0.0,0.0,0.0,0.0,0.0,0.0,0.0,0.0,0.0,0.0,0.0,0.0,0.0,0.0,0.0,0.0,0.0,0.0,0.0,0.0,0.0,0.0,0.0,0.0,0.0,0.0,0.0,0.0,0.0,0.0,0.0,0.0,0.0,0.0,0.0,0.0,0.0,0.0,0.0,0.0,0.0,0.0,0.0,0.0,0.0,0.0,0.0,0.0,0.0,0.0,0.0,0.0,0.0,0.0,0.0,0.0,0.0,0.0,0.0,0.0,0.0,0.0,0.0,0.0,0.0,0.0,0.0,0.0,0.0,0.0,0.0,0.0,0.0,0.0,0.0,0.0,0.0,0.0,0.0,0.0,0.0,0.0,0.0,0.0,0.0,0.0,0.0,0.0,0.0,0.0,0.0,0.0,0.0,0.0
attention_zero_shot,SNCAIP,0.0,0.5386648070035016,0.19854296394793797,0.8497731556856569,0.7577015027249455,0.6357292963200535,0.41034604490342436,0.28268397765562214,0.9296045960431556,0.6642570311308473,0.34149202351115937,0.5086159803683179,0.6889380552282753,0.8968998902371977,0.6862997120072105,0.8876401717317252,0.2001637471929954,0.8720186117220429,0.5394939131796241,0.7894467055506954,0.19246604856555574,0.7296252810554132,0.0,0.8023250625788393,0.4619834167211693,0.6815806360885109,0.0,0.8663918690670469,0.9336055560232921,0.11690400635258712,0.739176411905679,0.4641824025276671,0.6947853403510554,0.5973768645495195,0.869269276993253,0.6058582846021344,0.22382784582605775,0.3724724655152052,0.9471273460281285,0.8219784555348276,0.4325439392469438,0.8643677350572438,0.64603331230035,0.535093230686081,0.21741021933513266,0.668636877019335,0.7439417323093256,0.8956658737508877,0.0,0.8649821711479418,0.5792344197395307,0.49935928118048706,0.9672035796092987,0.771654294137296,0.6592770492640819,0.16820490212419434,0.5314826586856246,0.7167464803920698,0.1362951038770862,0.0,0.769571088257468,0.5184073756427957,0.6307260619871473,0.7260675967207348,0.7862652434504914,0.6196981952046074,0.5803745201615115,0.800071396446274,0.43823956931488467,0.9231222227638118,0.8346630535447656,0.0,0.6893152909572736,0.914077778383084,0.5436519008895739,0.0,0.24894603091615622,0.6979640393439852,0.6979640393439852,0.6657351469589147,0.9702529998409116,0.4228636173702828,0.8866884124979316,0.0,0.8496663292269223,0.0,0.8645915043984304,0.9309087319862686,0.176993551610668,0.8693113575411273,0.5837299840722292,0.0,0.8357781951008366,0.3591819605671646,0.7655299822909959,0.3835424995450011,0.0,0.6307378304172676,0.716923773369877,0.9467113807058672,0.9280571602668714,0.796494364036186,0.8449894321408191,0.663894678070513,0.7119073741869507,0.7128837912451897,0.7164661322193315,0.4338177362952026,0.7177381791060486,0.625927993002341,0.1736615968983756,0.8786491840108585,0.7992187713411856,0.905865784815256,0.9094959286328033,0.8917702977011481,0.21538541971097225,0.853338005080525,0.31042551086019227,0.4869645158884568,0.8837675169313848,0.6801282383842095,0.7688912637057913,0.7049401861572662,0.6505812812663854,0.807678848344707,0.8696960819520309,0.7461716886996003,0.5574041971266518,0.6631474900729265,0.6703372532516574,0.0777383621300759,0.4850861734984342,0.7449081038483709,0.8416593838793752,0.9699141614835859,0.7899533442289866,0.6716752815265701,0.07726506836107715,0.8083469202149497,0.18675219805331553,0.7206131384736005,0.9006974435120518,0.9817804901856138,0.7560853522932858,0.6236133897731299,0.7320682510777902,0.5732901118613363,0.6283218187763546,0.7248328105785543,0.8452135646928651,0.9496318011211181,0.45825072258048,0.9031011774712279,0.8429726653199744,0.5579761404103851,0.875974480180655,0.9517980254161817,0.7786045955993854,0.1316206142013286,0.9119499759062738,0.9886769165311041,0.8441703699505494,0.3774930007175445,0.06521372802441056,0.83200879636597,0.5070400997893622,0.9729504117131931,0.7616808738438801,0.9025288279395162,0.13085282245342975,0.8355021190196044,0.6968227302081785,0.7612239169828562,0.0,0.7958016636976679,0.7076209310893747,0.7586384881512892,0.2853787643961628,0.9039516125468265,0.3279125510513093,0.719818593065064,0.22646028581841193,0.7664779162363352
attention_zero_shot,THEMIS,0.0,0.5743556132353257,0.2031527773861612,0.8555178907820743,0.7770017016783302,0.6600938977380006,0.42702919268178485,0.3011692903695815,0.939606627435463,0.6876931727687309,0.3615913874565759,0.5348131086887473,0.7133310346742601,0.9512029965461886,0.719070497135633,1.0,0.21621361019182644,0.9080374327817622,0.5739825918233206,0.7866096759778313,0.19600755146089768,0.8040192215893499,0.0,0.8227757832054957,0.456838067841627,0.7272709722315542,0.0,0.9684741488020177,1.0,0.11842721851314757,0.8023266318737448,0.4868448452914078,0.7375802702710046,0.6351645299794156,0.8899122681186793,0.6306614486042206,0.22993095515936762,0.3901990662173919,0.9659969198904299,0.8260893546607834,0.4458744603139605,0.8935822013224585,0.6691492413172305,0.5622115434937338,0.22483490479553217,0.671591989464754,0.7815860916779785,1.0,0.0,0.9478359173126615,0.6163741407119272,0.5247759773450165,0.9906114705453131,0.7708453774355027,0.694275637287571,0.1807717897288821,0.5333824552306654,0.7728143017196717,0.1412024269167127,0.0,0.8379182469099703,0.5499907673566786,0.6300498273924808,0.7825792807306543,0.8518938229735473,0.6597121197487622,0.6129074041505453,0.8788682191921394,0.45906448567936287,1.0,0.9210191082802548,0.0,0.7468149438795159,1.0,0.5790197047142239,0.0,0.26062441265532,0.7703791522709575,0.7703791522709575,0.6970243945824282,0.9916060773203631,0.43205914001894147,0.9169167733075577,0.0,0.912063667165708,0.0,0.850879503913738,0.9557584909054444,0.19188490483038265,0.8531482112359761,0.6174205567031906,0.0,0.9040127194475951,0.36928845743220234,0.8472771656095671,0.4146070400874117,0.0,0.6580232203648886,0.7471186846739142,0.9743072463567191,0.9836065573770492,0.8448471383255615,0.884659875101114,0.6799570873028261,0.7736223816435046,0.7715618691818278,0.7655137947071191,0.4779235575488502,0.7913891757681499,0.6238501790379463,0.17725669162907576,0.8528995891758091,0.8692130234983388,0.9236943729416951,0.9510163436667541,0.9093345582880146,0.22076079932024253,0.8789234049486259,0.3254583307859436,0.5196418360048716,0.9301276991527282,0.7472344740237262,0.8303697152654597,0.7451339086967435,0.6755153193680019,0.892235956066859,0.9397157582383256,0.7944456669470871,0.5864922532584868,0.7006083319916098,0.6807435985352955,0.07876954540872244,0.5049947090999418,0.7716989009891697,0.9140114478442055,0.970890507070397,0.8557760343193318,0.7053614947210118,0.07783399029947334,0.8327512411323059,0.2048454751613709,0.745223365681125,0.8768108640133055,0.9917284781695667,0.7686765300193988,0.6541590765748825,0.811584652315481,0.5868863014810849,0.6778217999701694,0.7414525531100115,0.8741334714249464,1.0,0.46989608143751505,0.9241223442628388,0.9432534678436318,0.5487056847168873,0.8322396184185783,0.9728797536684765,0.8302413607280087,0.13630534249449044,0.937369008191345,1.0,0.8713547061471769,0.36950945919416034,0.06694670088096367,0.8882125600117761,0.5428815022811004,1.0,0.8189857883395054,0.9132255112435523,0.1305493334545917,0.8696121160329512,0.7305879569359193,0.7519711106624587,0.0,0.8795669591100171,0.756300043530081,0.8348457541287182,0.27575770482903506,0.9408334876828914,0.34725749986006743,0.7447797180566966,0.2330676562339631,0.8222577200419675
attention_zero_shot,TBXAS1,0.0,0.5562364756469461,0.38850621436982485,0.7441087198523679,0.4930192780921672,0.4984217303980671,0.18031556042135422,0.36224506422807506,0.8226425603907649,0.54691874847058,0.21309341495384182,0.43317413446979797,0.37861185378376055,0.4881811651259584,0.4168664882858126,0.27919194331760233,0.3513861196708312,0.6997989064024319,0.3407783057988744,0.6839495618897953,0.345918149699552,0.2707766023895753,0.0,0.5159857749296604,0.4143482705009623,0.46563904637463327,0.0,0.2907094244697737,0.46454258646450464,0.09852104722542065,0.3182786827836004,0.28768225914274315,0.6681740718562709,0.31056184204003096,0.629309522248924,0.5040230189114682,0.6261605859014122,0.8130353402675868,0.7123168316653138,0.4554925265018446,0.4133616777566726,0.5285265523066672,0.3498944368623395,0.34963988662990947,0.32618954585386106,0.6197598623943974,0.5502011706626162,0.305888538009543,0.0,0.3474788401086748,0.29803491586170533,0.23601814531804896,0.7424838697269568,0.7555460385769458,0.49739505010782553,0.2901331728011341,0.5086470120057246,0.32823116749630765,0.12442877563238312,0.0,0.32317246783241016,0.40932136023953053,0.450637510954528,0.3340901549028972,0.3468173685683352,0.3188101892554693,0.32330494476250243,0.3106960677777297,0.4440950082147741,0.41434345394555194,0.3129061086366029,0.0,0.29986145305435236,0.3752996842085887,0.36237711297215375,0.0,0.2538269631860833,0.25283523208643277,0.25283523208643277,0.5128957950870852,0.7217003591141685,0.4168215094074458,0.39992135271790635,0.0,0.4117807867639294,0.0,0.8374105188226448,0.6968780859566078,0.2945531762511626,0.7721923747650518,0.4885222497942989,0.0,0.3768252180533929,0.2708596727286233,0.32852557372652585,0.21111984538670092,0.0,0.5060588165397726,0.5583909401849407,0.6915178475453897,0.5089526784790741,0.4306254030680564,0.38714111417703484,0.5506452830149096,0.30175199325709845,0.41770397755786787,0.6546992997980604,0.21980973457344,0.26404057795160196,0.4655136334923358,0.3466705521873608,0.3785709621014234,0.5550325697837781,0.7228242762907346,0.6254215654307753,0.7345263495127684,0.43284805563307915,0.4033550114381635,0.40366625527834604,0.4235042670062621,0.5810459885970388,0.4069927058410781,0.4824027187238697,0.5065652732475994,0.3974621652318707,0.3929246060429807,0.3973815131147227,0.45826707456207005,0.4369127252976031,0.3699372837728626,0.45496632947165083,0.07774435623617333,0.23174160856903794,0.5875405342208989,0.36597489335791755,0.6931105589987623,0.34905258116136256,0.3399597347250992,0.08013671161194821,0.5842735615929935,0.1513823550502117,0.5861689368419517,0.8667123169431427,0.8745888041562568,0.5536473405321604,0.4075050106631199,0.26452114667061905,0.39349200753365915,0.40181150662836523,0.44495558806525665,0.528696477867694,0.5537854887204205,0.4122938985800298,0.6244829833573797,0.27856613363795835,0.3602928527677476,0.4970082730998637,0.7461967163215505,0.4671101326859975,0.12149052497904977,0.6746605436557396,0.8680210600440681,0.5981292971180993,0.19890191219626807,0.060976252453570884,0.5004245397311162,0.24373552114163355,0.7202834406904128,0.31252295988652373,0.6698065302553292,0.17358005405339202,0.5972410508364556,0.4324091982841503,0.6229720241333867,0.0,0.29146534182441103,0.3528997781836738,0.2872174197439051,0.31742167550238726,0.6435708485982458,0.2987324043308035,0.4748744611316923,0.2314465760683504,0.44724844653241214
ig_lora,ETNPPL,0.0,0.5674857854654317,0.306927728421823,0.841182664821608,0.6119969162373733,0.5308298390316125,0.21405451838613931,0.30608752297522107,0.895008256773543,0.6070370257797125,0.22895078728070772,0.5107805394122272,0.47895503588120814,0.6865602120913366,0.5205538595210054,0.40108099644460254,0.38367795815621414,0.8209105139251827,0.35335201662974414,0.7611990505225662,0.29627296203120057,0.3482226792768302,0.0,0.65132609485028,0.4663952244328303,0.5620804936392848,0.0,0.41827035444293226,0.6847794718129487,0.13691340883709668,0.42676564529689265,0.2791925053541844,0.5879258430460335,0.37674680014883327,0.765724958132347,0.5547329965523051,0.339683918061182,0.45382882295931115,0.857832702108767,0.5997675215810545,0.42843418775419456,0.7002777079844773,0.3840529898665315,0.40479010917495867,0.3178728014233364,0.6830994476784893,0.6780372948900478,0.4555281785860023,0.0,0.5125846172463292,0.3565109963223072,0.28354909816585266,0.888781519791697,0.788053776011654,0.599602176711945,0.2541777870267887,0.4796984793159604,0.4336794895031122,0.12637059825356564,0.0,0.44333365055159313,0.4817070949395936,0.5440944343506124,0.44447236104156657,0.4821642706437309,0.39292148790650416,0.38746156324211595,0.43376439082287543,0.35976455236287885,0.6256756227778766,0.44816127604998823,0.0,0.3859504912242413,0.5722007117461446,0.35346161717431,0.0,0.21973141929676396,0.30977688577009616,0.30977688577009616,0.6158254416030308,0.8782857399446414,0.4097365484710731,0.5749525239220655,0.0,0.5875866828908364,0.0,0.8626400418654537,0.843208989910202,0.25653411813667404,0.8237227427475016,0.5186725788442367,0.0,0.5404148019970783,0.24260309994405732,0.3829014735367687,0.23131446758266458,0.0,0.5951270955024233,0.6573018028581795,0.8510301944620142,0.721781473864011,0.5823681483712758,0.5609670291679204,0.5876381537896769,0.3946844244513302,0.4489050040255308,0.6154469086110916,0.23900796252796885,0.3337883411954588,0.5508244175030457,0.29074954728096714,0.45925846676259446,0.6077163403947291,0.8374824212634936,0.7701187952877865,0.8536322630367075,0.4288117941361388,0.5580787491570227,0.3357675619624973,0.36788173177445815,0.7208832069758374,0.44210097745094956,0.5786907342945775,0.6055251011085675,0.5320001639271432,0.451821742609337,0.5803181982926009,0.5370123907215509,0.49635360828960035,0.46532356872122566,0.5348893217906655,0.07056943320810724,0.3150766415000437,0.6808062661784183,0.5289385016026078,0.8499423266421334,0.4865032127360781,0.43125870113301396,0.07024224252404232,0.7062774900665186,0.13551585319831372,0.6608468434498016,0.8642609677175149,0.949730344748484,0.6381502296264366,0.4329726750107742,0.3592399249343527,0.45325066554791227,0.40693011069001067,0.5555586979861843,0.6824472707840838,0.7696465370940779,0.4730941496928303,0.7813096617738085,0.3884640951284762,0.3849044545690067,0.612019737762553,0.8799038993882146,0.5655354269259454,0.12095803126058315,0.8197833924380511,0.9524667457495716,0.7355616491197938,0.23011054537978937,0.06056069501736085,0.609775142998239,0.27053466946889476,0.8825649012636475,0.42203463465982016,0.8031766002959297,0.12767029566154253,0.7093167700602955,0.4730976080767349,0.691632251147611,0.0,0.4003318731612525,0.4619095913258167,0.38345300217896533,0.3439698968655776,0.7800280673481564,0.24242707328279225,0.5441031430244262,0.18898133244743362,0.5289906576920889
ig_lora,CD163,0.0,0.3786628610378251,0.1784578135635293,0.8219503666402215,0.6887341583158447,0.5628936197552067,0.2901428191761666,0.19481221535207927,0.9237138871110706,0.6013785253605266,0.2981484759345801,0.3882809933460222,0.5686898671862847,0.8436158255735656,0.6005549369651788,0.7081042953738387,0.19129411494960882,0.8337422833925237,0.3867009102225795,0.7472367386805588,0.16835252214197305,0.511293331767263,0.0,0.737481252038102,0.3045171683517956,0.5489684251595731,0.0,0.691255672381323,0.8832417181495354,0.10261686766934286,0.5763716752187833,0.3362564311271298,0.5792044318838171,0.45605602780303056,0.8374796459655294,0.523434271952014,0.18430514539327356,0.25824346059659636,0.9283932139593839,0.7096377671694388,0.3086818261011712,0.8050680894771912,0.46156708688092024,0.4220793673009374,0.19559363815163316,0.632823007267166,0.6638223348437825,0.7498036817490046,0.0,0.7414000449245616,0.43214098691713615,0.3696695746927331,0.9577440995546751,0.7598437826501986,0.55940883024679,0.14774097466013436,0.41570097956219854,0.5651817405570759,0.1404390416047791,0.0,0.6109295180518747,0.3719335824120027,0.5376992398715021,0.5788527111724515,0.6488160314415717,0.4790882383552195,0.4562177963484802,0.6310517279317263,0.2834286323683073,0.8540521476869193,0.6737680440496504,0.0,0.513208903559525,0.8248625772243031,0.3274164106276578,0.0,0.2534401827200118,0.45746922085783537,0.45746922085783537,0.5780501325736815,0.954835918874755,0.3382587875163357,0.756211517028156,0.0,0.7601308521815265,0.0,0.8437663393861182,0.9154220252589583,0.15653882157611773,0.8380189873259696,0.4555465212016776,0.0,0.7249898032113337,0.26033583860518494,0.5508648062651709,0.35128975116184974,0.0,0.5461633702011346,0.6480683174098691,0.93196211858746,0.8862520898246979,0.7107325684353814,0.6967048768587845,0.5833352003570362,0.534419309497663,0.5485616539913992,0.5900531580674384,0.328719137814406,0.491085258453343,0.4856338633990052,0.14797676253076222,0.6134471625665262,0.6578716829344275,0.891421273409338,0.8752653745646636,0.8770054473298614,0.2026688437228911,0.6883208050974556,0.2643262508929598,0.3181843050601873,0.8357534368553108,0.45014653005876154,0.6325728626823016,0.6025003967151561,0.5332736920007343,0.6257961236939908,0.7771711675977863,0.6373561813642216,0.4405467115962092,0.5527864888329718,0.7450789919871921,0.07032284205306195,0.41849829159553686,0.6916686235065556,0.7250693194532277,0.9290202639109495,0.6544900326392565,0.5294012317494671,0.06869518343160849,0.7728628328504987,0.16692895301830002,0.6671273172604054,0.8680104055362767,0.9787716194735986,0.6640326950980463,0.43373340908450375,0.4913772841083607,0.4968851010795858,0.6616439057368202,0.6349151689455954,0.8278722390485912,0.9203920805565015,0.3626787392824742,0.8675418272838661,0.6444172648871779,0.42029287321376807,0.7123293350600785,0.9415011355414911,0.6763565794286246,0.13358312341366796,0.893053171136993,0.9856444735429757,0.8112774206501792,0.2880460037989994,0.06626199575967988,0.7457361560302284,0.3288774444682258,0.9627367185583624,0.5825308301961775,0.8695327966224821,0.09416409240566284,0.7904339431717242,0.5533328787179481,0.6919794891109362,0.0,0.6046811287659212,0.5777681564980541,0.5606157838302522,0.19767703094138206,0.8728859618229036,0.26458362741669644,0.6185221826945124,0.18579532329168852,0.6461434758228948
ig_lora,ANGPTL4,0.0,0.37275615553496383,0.16925965439634738,0.8119154056802409,0.6769173648113878,0.653631526182769,0.3843332662009463,0.1971144847294621,0.9185350347875357,0.5786733731786746,0.2724171287554481,0.3827939398515313,0.5452194792680857,0.7560772950858548,0.5990320407709494,0.5609702873319942,0.17266323642155892,0.7773453681784327,0.3798221494887496,0.7526522790349635,0.16541121339513593,0.46242931562496714,0.0,0.7334220549870529,0.3516616684022809,0.5126729208308174,0.0,0.563624255249652,0.7689317301747338,0.09681804236239021,0.5208181693482996,0.3317367452871153,0.5409748068254827,0.4382426812593685,0.8593272475725567,0.5055645161780836,0.18545440242746078,0.2655346441230525,0.8886746424990035,0.6744624492903162,0.33910567197815644,0.7704169255673424,0.4771444472730754,0.40438614151649305,0.18503152791853134,0.6321594336549042,0.6206819269005085,0.600882079392722,0.0,0.7478739544067563,0.4523599129020945,0.39424899146235104,0.9158813996031193,0.7615703078212989,0.5299247470131209,0.14006748645313435,0.43737471115038173,0.5450658220199565,0.1332902218477737,0.0,0.5432644573562129,0.3675660917716199,0.550694641103325,0.5286246194033517,0.5762167946951378,0.45687720426146083,0.4407579935379131,0.5479710271710123,0.2962495222093715,0.7256064295824964,0.5711530382710588,0.0,0.47477787505057,0.6864073480942816,0.3389536315312994,0.0,0.20944994090459657,0.7011652895924584,0.7011652895924584,0.5500759140672752,0.9146493176842172,0.34235829213146834,0.7203778719419709,0.0,0.6717389412526216,0.0,0.8653593625841229,0.8728181178523116,0.1456313415755103,0.853281012379128,0.43964621141789134,0.0,0.6344673260484851,0.32740545398312343,0.4860661813433422,0.29453823700046877,0.0,0.5244903075767233,0.6147927452865566,0.8836606619900532,0.7912985568585292,0.7166668395344845,0.6615372750185466,0.5662934814429272,0.4887369485027371,0.5022744587198056,0.5446379066495819,0.29506455586564984,0.44799497754359574,0.6058254361410104,0.1480718383830503,0.5491501094858684,0.5784710810181275,0.86386365611946,0.8062336198168655,0.8483795181532943,0.18862847852383685,0.6713591255358478,0.2505056181579782,0.3214561524985637,0.7623483758795948,0.4208459287815525,0.5676165099238406,0.5782737131965802,0.5118149615358443,0.5379417087940637,0.6743707223440076,0.5856888933477009,0.4403556293378527,0.5224268868952942,0.5706437488418652,0.07137581889728478,0.4075928741007606,0.6589803120426182,0.6288693084072277,0.9150359118225793,0.6440009906138038,0.5389263279182114,0.07087959402704334,0.738255348243997,0.1510692752996558,0.6387048788263899,0.9092481543224996,0.9609114140413085,0.6483981963429145,0.43372957805876394,0.4448825121578582,0.48711632558425044,0.4260891236331836,0.6245230281932191,0.7393547687411594,0.8311424182046132,0.4081527647182148,0.8244586016536358,0.533817995935196,0.4862373221997317,0.7221862403114409,0.9125370727740485,0.6389890405453381,0.12787765485479122,0.867527910844641,0.9651563720104758,0.7703201906170528,0.31641121213578166,0.061425304777148956,0.6685043692186092,0.3307001373963861,0.9139157426141165,0.5338948277400772,0.8499204621594708,0.10050022618106533,0.7404156467381136,0.5218546760737935,0.675596585816731,0.0,0.6104375494962258,0.568156738441647,0.5346201677375397,0.22979305807091222,0.8120154833596264,0.2533381280914777,0.5941464737318208,0.16975524053877689,0.5849686357121613
ig_lora,PLEK,0.0,0.4554555842645494,0.20283627440592178,0.8251098550942831,0.726662075666248,0.6286291846667877,0.4827293136111676,0.242028264223925,0.9242288577172186,0.6107130496922196,0.29117735021555097,0.4457782378264168,0.6181493729290517,0.8201566481129448,0.6687534398785705,0.7083527992943014,0.175098714060894,0.8343470127581122,0.46261987339147725,0.7720003228853224,0.21056792007003786,0.5677025384551866,0.0,0.780460771376086,0.35240841956511654,0.5767522738579075,0.0,0.6976083570335676,0.8465014733127902,0.14064834345260951,0.607513764620245,0.3879380030376175,0.6145720057698167,0.4949282627833328,0.8443400386849821,0.5415114703152317,0.20743031351762625,0.3098692565739144,0.9141827598890563,0.713100745196858,0.395382372639924,0.8240840572577723,0.531822037225092,0.4744206058327213,0.21155618816147234,0.6430973160955841,0.6698094308879443,0.7348661811766377,0.0,0.8124335795745979,0.542925057436002,0.4603855933645271,0.9408614863763917,0.7647855923067272,0.5948088618304976,0.14215503871542157,0.5367113749924173,0.6295126389685799,0.13003493550278147,0.0,0.6506412908371162,0.4503979961791582,0.7198686004199571,0.6061943625414081,0.6629123899670832,0.5158302090463838,0.4898854975253489,0.6532442500012318,0.3828043944176049,0.8177204995589384,0.6845242013189874,0.0,0.5566570483629629,0.7916805709245011,0.450227920929452,0.0,0.256395833041965,0.5891206344713565,0.5891206344713565,0.603284762059209,0.9381598958171413,0.3743306021883204,0.8042038109579165,0.0,0.749308684390678,0.0,0.8547767414772394,0.9001111756231092,0.14806681921484538,0.8575153583082401,0.5201870755712072,0.0,0.7211629213204305,0.3835554271308349,0.6298886940939897,0.32182583185152747,0.0,0.5773001925878646,0.6546258566277207,0.9137387256558303,0.8553779098856193,0.7491690787580909,0.7520051949876099,0.6417316018580476,0.5754325437746824,0.6217247618825648,0.6517724885390151,0.3476612262355959,0.5532682003738152,0.5434356836039245,0.19679268228380403,0.6687874046744172,0.7031621785361768,0.9013046521886506,0.870590315310052,0.8962497446539927,0.2144487191993895,0.7043495804339471,0.29225984922929266,0.40109263942334966,0.8362393966310313,0.519100936756424,0.6494956832362335,0.6483370096697569,0.6056675897720368,0.6914076749701242,0.7610663176159531,0.6724305264037352,0.5170663803317339,0.5750634983104038,0.6518969937004915,0.0700565343219072,0.447878429975648,0.69325531482455,0.7209833783836697,0.9152140908202772,0.7727530567917836,0.5634807953514515,0.0700017598593558,0.7677318506364584,0.15399184846685793,0.6780331577769497,0.8792490663857403,0.9712178834093019,0.7467763505591822,0.5581362580646262,0.5582536752057868,0.5334136384449674,0.5392595829389643,0.7141275936697449,0.7793803291783525,0.8878279997285775,0.43416529610228344,0.8804341041200203,0.6678020977191116,0.5835934715415627,0.7427999327039569,0.9302112692778662,0.7168463768999338,0.12462236850979899,0.9046147263542684,0.976853396769389,0.8023598671305979,0.36602294459673973,0.06202310715016477,0.766253469515086,0.3950435685016883,0.9428142743714316,0.6799423325751525,0.8784624371501073,0.14621843036700896,0.7958339123016908,0.6152294929249388,0.6948690838868284,0.0,0.7190666812839817,0.6517297392183485,0.6492265621678144,0.2655470864102219,0.8690171279393059,0.3177128917346026,0.7065795504340922,0.2465105401718407,0.6847215137266007
ig_lora,IL1B,0.0,0.3100490703317289,0.14455748084674414,0.7276446976852974,0.6045779248314755,0.5003972948293333,0.36430613200352263,0.17443020283423702,0.8655355270763847,0.5015907438259324,0.20470678931041772,0.33039765295192836,0.4414520937720802,0.5715116446972072,0.853509448927913,0.3539904680676561,0.1402967467378014,0.6372709860950738,0.3169001222764708,0.6656213632687473,0.14402771061724007,0.3310048711159467,0.0,0.592848499208785,0.24693841649386614,0.4018661717315752,0.0,0.36523682360854054,0.5544761848742455,0.08498131306689281,0.382370939516825,0.26194673157878007,0.4284136188191499,0.3573448944660212,0.715386026425238,0.4356703386104229,0.16689520321306664,0.2439848267921917,0.7743580411363341,0.5226971052941217,0.36412031658720834,0.6058551967482465,0.348105973530208,0.30576552464592627,0.15010820241805037,0.5780199298796184,0.502264107376211,0.38475282673110106,0.0,0.5470196942554123,0.7688204425116112,0.7207596136311377,0.8044508560089452,0.7436008256153893,0.4356604594877177,0.12134799576084516,0.359200500316456,0.7948030450402972,0.1136282018491676,0.0,0.3908591463743303,0.31101341408743993,0.4599460107849339,0.3990175547699852,0.4193824751660455,0.38692380475064886,0.38709902065175583,0.3833014875025025,0.2575664404620184,0.5030695908212739,0.4009348572601783,0.0,0.3577181513908371,0.4616587233897134,0.2708794377348475,0.0,0.1550228898774256,0.35368587423891684,0.35368587423891684,0.4584701719618304,0.787589581174176,0.31065821597838483,0.4792194581251527,0.0,0.4907981507528617,0.0,0.8272252581199923,0.7594107008134063,0.12291910005105587,0.7933383836448284,0.364611451773129,0.0,0.4539278159576825,0.2832040914024039,0.33865073241289695,0.200172527094707,0.0,0.44584871199893056,0.515264639651825,0.7631227688919325,0.5973699148834342,0.5539955687904647,0.507441453517523,0.49100393249924007,0.36217165231776705,0.3753945266067743,0.42037938857262447,0.21833524655813186,0.3225848405684801,0.4198003259758472,0.136550030773416,0.38316409509367516,0.4125247609355085,0.7866494870232771,0.6454475293257563,0.7658655335238853,0.15747003026507045,0.43627237242137085,0.1991271608381085,0.27430871906741616,0.5972093657339517,0.3113118167902587,0.41740013095222545,0.4690665073075104,0.4179308799731537,0.3679716827111308,0.4790521765881967,0.45275609197061517,0.38813673914761065,0.42363314002898467,0.47183848012762347,0.0719739622371112,0.6438271981412735,0.5623822623748256,0.4435390547134163,0.7594352621502295,0.5192394800942373,0.39468259482645385,0.07358326860764439,0.6397145650038838,0.12345639130260863,0.5509023377508414,0.848156517007308,0.907715285594381,0.5170946464102609,0.33081473379124937,0.31537300635153637,0.42996749565941966,0.33627930556619573,0.5567779359178563,0.5935746670179669,0.6411058155931423,0.381184421347137,0.70065292682788,0.3496240211104922,0.356759724838325,0.554223342325382,0.8207234430358438,0.5092846059178928,0.11008203726755837,0.7777643022217878,0.9049985982452435,0.6590149152931717,0.29582031751302934,0.05722051295122965,0.500280588439483,0.27821742636979524,0.7881935960877561,0.3777520596717008,0.7284504833841583,0.10012179110711154,0.6114145602305492,0.4043790389318516,0.5911481764867742,0.0,0.46121060688360954,0.8975772720061548,0.8967705145339636,0.17806727939175754,0.6642366312360023,0.19143496137479726,0.47281900847918534,0.13605583356090706,0.4389826400758802
ig_lora,SRGN,0.0,0.602731905686304,0.2080813027679155,0.858877939833654,0.7873737155537566,0.6745579871959582,0.4387455147805408,0.319231455623122,0.9404632710179387,0.7001854458579817,0.36816221903732776,0.5586688467047091,0.7312478450071188,0.9548175893946191,0.734255875668842,1.0,0.2204028348986797,0.9127534618698769,0.6014675858992354,0.7916306247783529,0.2019502292995574,0.8257948636349777,0.0,0.8314208669515691,0.4782138710789852,0.7474731224366243,0.0,0.9726775956284153,1.0,0.11918549556356889,0.8211526669333881,0.5066107422095076,0.7556781826661078,0.6594868946474546,0.8939895915216911,0.6470764953329219,0.2393294669738784,0.4150889002493351,0.9671303558940821,0.8369587699944844,0.4705022620777845,0.8996632183897466,0.6945992996774435,0.5762832013037226,0.23001301302473223,0.6779075281288933,0.7944339686380975,1.0,0.0,0.9536319265001434,0.6419491979977987,0.5421029017766328,0.9909095190994301,0.7727392172914077,0.7122594233294786,0.18729365310794863,0.5536701745684626,0.7925695798310046,0.14120242691671267,0.0,0.8541264222189732,0.5772640541835465,0.644557677298658,0.8014854302323365,0.8659991731665428,0.6831802494212613,0.6356775568475721,0.8923273059485682,0.48911645869717607,1.0,0.9303109778943425,0.0,0.7698317671631962,1.0,0.612698128337086,0.0,0.2608471685635724,0.7958925797964067,0.7958925797964067,0.7129704790780899,0.9919006009231573,0.4500890085897687,0.9244697939159615,0.0,0.9197103048034725,0.0,0.8516643486299814,0.957284060184567,0.19828583002463995,0.8547619671564598,0.64060718963027,0.0,0.9131543652144908,0.3828121210472235,0.8652445578907946,0.4162993951776361,0.0,0.6743078289189415,0.7594543585922597,0.9752767842300504,0.9848208864602307,0.8559294855880213,0.8956446489010078,0.6938719965505292,0.7951821548203137,0.7923289719834798,0.7835511951142637,0.49039471053522565,0.8145681562383555,0.644182601792652,0.18437841167614744,0.8683838429467766,0.8822917211485048,0.925756687186514,0.9538154097429397,0.9116298859262927,0.22422198954082337,0.890454509239233,0.3339451118257895,0.5506326852948799,0.9346355895299715,0.7738413714949129,0.8457906502413269,0.7615768823292116,0.6946026535228254,0.9049140788825226,0.9454571145965803,0.8096719138398955,0.6088440233526226,0.7193203112421341,0.6955927334871422,0.08035042775710854,0.5083286634519443,0.7814138413726093,0.922610303059785,0.9719686364381601,0.8695116500984431,0.7264071022409395,0.0799117649895936,0.8389456396088872,0.2108928021935648,0.75541443105388,0.8776845458288141,0.9918410158815454,0.7808514494920621,0.681826350448892,0.8337511638077774,0.6019086177908636,0.7046699833059887,0.7547113965402673,0.8811260563457827,1.0,0.48952955990279223,0.9273511806771861,0.9508196721311476,0.5627320786042247,0.8430628688431862,0.9736658477650424,0.8432997175950849,0.13673117592250977,0.9396058293273685,1.0,0.8765005179012898,0.37851710890995827,0.06694670088096367,0.897155555210834,0.5744069159168865,1.0,0.8370872095055549,0.9161179942021006,0.1370215127168277,0.8761315102313036,0.7505444045702957,0.759972042576573,0.0,0.8937355521558975,0.7750461940277671,0.8531962258921939,0.2893673411115731,0.9438676678017176,0.35526172020047014,0.7597926758180674,0.23406881952444844,0.8370695767051369
ig_lora,GALNT15,0.0,0.7033487399443333,0.3593022941067358,0.8790525923326772,0.7265284770372591,0.7076888076608523,0.38043063641961017,0.49078545309876087,0.9089686140906792,0.7215987102519641,0.33708906269729055,0.7002357956770202,0.6678302512950238,0.8224057953464301,0.6769448279555395,0.7770391464234666,0.34543434853116445,0.8697127384472182,0.6240206607935177,0.8165240043156564,0.3144495440247134,0.6969016806997427,0.0,0.7595528442975987,0.5800141103692421,0.7831024086163412,0.0,0.8023510231894788,0.8378466519443394,0.12058732752204694,0.7062305006375597,0.5098731517391135,0.7810285070681651,0.610838658839671,0.826943397755227,0.6948061874740205,0.37229530887918305,0.5824573324350292,0.8953822981115447,0.7483719084282547,0.6437322542278794,0.8088103146236433,0.6729824595542091,0.5370512569730364,0.29954871084469736,0.7468703795720728,0.8301035949574604,0.785957580566528,0.0,0.7790826496844924,0.5976853863524291,0.4847911200662504,0.918852592019552,0.8182674136600173,0.7675100761017514,0.26485783618684966,0.6493985041864777,0.6932739348568577,0.1345513250862647,0.0,0.7243822652847556,0.6903938634425465,0.6494267318922007,0.6994880124093013,0.7366103919567936,0.6382506237514529,0.6066496369524441,0.7396725364727654,0.562276385468711,0.8216313171387734,0.7579343014210008,0.0,0.6745386997422974,0.8088906969344,0.6298453269427844,0.0,0.30158042696936826,0.6776787839463757,0.6776787839463757,0.7654095099953228,0.9132428920415397,0.5876231256762555,0.7808523431348235,0.0,0.7818871674134262,0.0,0.8759118562555361,0.8848737500715894,0.2671845270449158,0.8386988966651513,0.7014317548615885,0.0,0.7685542317312097,0.4278053414956089,0.7584466329068086,0.3597567371134682,0.0,0.7405614356051051,0.7984246833604698,0.894263636164379,0.8443000932051197,0.7530253976480998,0.7742104588106817,0.7163480470208857,0.68863757307709,0.7755317749932769,0.8075079810590567,0.43737628953842683,0.6896845116590571,0.7631731946093822,0.31256491082355253,0.7816234402871293,0.9010670205771824,0.8720275384422277,0.889108780845862,0.8776829798651654,0.37082101343973006,0.8098290218680445,0.4681478112499331,0.6772354061065893,0.868294123719269,0.7506449000636654,0.793182158486569,0.7407260806342146,0.6717080809806117,0.81518130140977,0.7904367393771417,0.7699323640740022,0.6381649366419934,0.6587426065217021,0.6777855735048253,0.08121242124581397,0.42810645892357624,0.7953613442629499,0.7700381858452966,0.8927382169034976,0.7389898118138872,0.6575878520239344,0.08325084645338335,0.7805000633287986,0.20625053808041763,0.7449370476586838,0.8890534033636672,0.9582775085907668,0.7677511739480888,0.6929531281752899,0.7188088757602936,0.5808294383486262,0.7052655458092894,0.6955649791680331,0.831372843872987,0.8662234878540801,0.6283794888545395,0.8462183334384376,0.7564493838452165,0.5885556567266684,0.7878716021091894,0.9092643418981156,0.7967101384791814,0.13143499863575964,0.8676797872196339,0.9617781393868801,0.8078994234871282,0.34280420956745705,0.06380005778745905,0.8232711757858109,0.5482847526849363,0.9176759925255877,0.7130227901424766,0.8516574166612748,0.20801694764370565,0.8334323241262609,0.7426767647540328,0.7702108574818555,0.0,0.7349053296597576,0.6888927933023651,0.7145168421508103,0.45083118906336084,0.8864733641087322,0.4066433043480462,0.7377115176108,0.28403289533388815,0.7857654599407115
ig_lora,ID3,0.0,0.7136766326668447,0.23184911191060767,0.8564792863218177,0.8084128993875442,0.7579736995082063,0.4761425692316,0.405080897321458,0.9266385037958399,0.7451041787608963,0.396542148416767,0.6823761873877511,0.7761823505716695,0.896846893658347,0.7880032254434335,0.8904661323232258,0.22864192412352355,0.8834476071509205,0.7180986007135823,0.8130669615885444,0.2514839325004874,0.8709154772710452,0.0,0.8366535865315979,0.5522318405682737,0.7886871622399602,0.0,0.8831416884720795,0.9105845978148782,0.12770294894842626,0.8268691765644719,0.5705562869011623,0.7942573080424038,0.7393437880777263,0.8826194552511055,0.7146068673649368,0.2965062781322099,0.5622142075213606,0.9261217051927205,0.834505619530216,0.6215916097639358,0.8706042284683634,0.7800977574726529,0.6158645539301428,0.25881484458612214,0.7216741503991548,0.8104900037770724,0.8931376900714398,0.0,0.8924965815330761,0.7477981243809092,0.5965329998936648,0.9443364606313834,0.78283935166289,0.7777689576998568,0.21192728074229195,0.6766664402253701,0.8212943289555136,0.1377654950835222,0.0,0.8464130990997774,0.7086417414489393,0.7438274364919438,0.8174042895565872,0.8469069772218389,0.7532885913844656,0.7205280370957747,0.8563758363637105,0.6430819920221849,0.9047531585419355,0.8705565562123919,0.0,0.8032280035524865,0.900423756657478,0.7279797780738505,0.0,0.2549752939191328,0.8456877391657478,0.8456877391657478,0.769870027597924,0.94165035597047,0.5898571865881851,0.8780802279060497,0.0,0.872897598028753,0.0,0.8582423884533432,0.9183466759956418,0.2185049635562553,0.8560541273692462,0.7483870656210921,0.0,0.899193356406223,0.46926375468072407,0.8472175466524563,0.3931412990030527,0.0,0.7454928555089042,0.7874070745553983,0.9309132111190249,0.9096001741010427,0.853876565126676,0.8665929776539245,0.7580035614092292,0.8476554560692076,0.8189516090493779,0.8295640032082302,0.49768922944052546,0.8245652751186234,0.7937742994212219,0.2451736280664158,0.8504172813556409,0.8580987798881463,0.9032956105144692,0.9050860457850413,0.9075364260299239,0.2384521454242124,0.8578338295096367,0.3662221155400372,0.703970753327869,0.8912353110055042,0.8071473633629418,0.838042491629963,0.8148135345689455,0.7783927114225919,0.8653546230904074,0.8824094616905791,0.8790462985115848,0.728789560853434,0.7881032898114885,0.7688495822703808,0.08654412708767463,0.49052838309863,0.808050657745054,0.8711054642201029,0.927988960223729,0.8545966749970342,0.7770008176976915,0.0909633469558382,0.8365213728976117,0.22517584959635345,0.810441691899817,0.8843618746280878,0.9677414718353536,0.8133512671135653,0.767113257328449,0.832381745992122,0.7118751279329782,0.7832943741615811,0.7883586749789522,0.8615470166154257,0.9217615230880184,0.6334023157974611,0.8932075449966682,0.8751448871925912,0.6247179130069989,0.8467623115131134,0.939597009674186,0.8483055114851948,0.13566674461685554,0.9076626941687542,0.9719143929033913,0.8611009366841252,0.4079769490543259,0.0655785048947384,0.8671803634165474,0.7070922740404626,0.945909201147272,0.8585637158679478,0.8954700458924015,0.18258198168088263,0.8708025550116423,0.795573249333329,0.7811012719622336,0.0,0.8624971614726392,0.8267932216265179,0.8493603147446943,0.35865522955276313,0.9021161307100247,0.3830955031745768,0.8180998911652857,0.22983384590160916,0.8463409027845799
ig_lora,GLDN,0.0,0.13476506556005546,0.08454793884996177,0.2678829986606465,0.2522570783617325,0.23779038451700138,0.1433314942788222,0.07710347543879058,0.2990928522385065,0.20209847362910216,0.11554593120002682,0.1336506715644406,0.2285042760194647,0.28840808773757404,0.21939017008906078,0.3127390703542748,0.07410707271591113,0.28151674518982855,0.13644746829080964,0.25666936258852663,0.08809167268614547,0.19526550528784783,0.0,0.26702961872096914,0.10692475685287677,0.18934213423931365,0.0,0.2700151536392099,0.31273907035427484,0.07733286901169056,0.19572973787262707,0.11858978346499742,0.195921575703518,0.1562771762026871,0.3360044083847879,0.17851161835384807,0.08213221813374301,0.0936649975912979,0.3092576737922786,0.2485362023569217,0.1280323891854176,0.29163812758962143,0.1736296454822674,0.1759834435426148,0.0893607041360098,0.2184770849124478,0.22457732869037128,0.3127390703542748,0.0,0.27195907303739314,0.16951769694412303,0.17713642402573623,0.3099574941279192,0.2558062279849631,0.19251745711685408,0.0694940347522546,0.16319705249241123,0.23818203189856577,0.07169236693329603,0.0,0.22577629106492497,0.12831707311208534,0.23136342014523237,0.20228528044693297,0.23287689695317437,0.17797604594256125,0.16974659065414796,0.2342984876168622,0.10755798746599295,0.3127390703542748,0.292285527549204,0.0,0.18128942928700356,0.3127390703542748,0.10847576706667982,0.0,0.13026994801236855,0.1418036626146302,0.1418036626146302,0.19854081961622932,0.3118632498782505,0.1285754466172905,0.2796785505193596,0.0,0.29840746256478984,0.0,0.27642626680831806,0.30004493402787136,0.0645836246319468,0.29243292257475223,0.1618011780205346,0.0,0.25821720646990876,0.13581012290687142,0.1877613400443824,0.1412624285710771,0.0,0.19528758858280407,0.21625897379095707,0.30775207170652263,0.30419428701126183,0.24924549789600958,0.3013710335164798,0.22065203101744138,0.2015689834121866,0.19988350689213347,0.2062909896301161,0.10931735135855743,0.15345917284550928,0.18096126592751033,0.07465275304798222,0.2686381553576494,0.23955540651104704,0.31745600408064073,0.2973147155506022,0.2886759670415133,0.08724448001350778,0.2501537673092103,0.11658554955878629,0.11382343780063113,0.2873216013737661,0.13496783102466628,0.21289993309143695,0.21261510920188292,0.19851567490577574,0.24178703825738043,0.2812145397889145,0.22308959550760957,0.1694222518949563,0.193883922903577,0.20759111354959228,0.043863352176945376,0.23895156710256907,0.23518022000692967,0.2543013029334413,0.3074783491039008,0.22773821112858977,0.20281068451678705,0.04632643398365256,0.25323966017512245,0.054441280503565656,0.22221876636753948,0.288889847477717,0.31073817352699806,0.23536515917096917,0.15115624183241222,0.15384814717522002,0.17957096670578487,0.15879877456833116,0.23581886624029635,0.2713933925535935,0.31273907035427484,0.13339264477320797,0.29463077721331,0.23583602026715803,0.19985306397381758,0.27226180990448506,0.3054465688846611,0.24924454978775562,0.0708538380087111,0.2917868503409213,0.31273907035427523,0.27240156295217977,0.15008228852317093,0.0561165075146251,0.2674134429460546,0.10680112988847633,0.31273907035427456,0.21677205357524418,0.2946881338279765,0.05961104704796123,0.2679559524497223,0.22890415818821144,0.2387591379772004,0.0,0.21291429292330574,0.22783411731397618,0.2178098948327268,0.08270950853216735,0.2943457167235863,0.1301925167867255,0.2334923636747809,0.14170264739872282,0.2318499250093059
ig_lora,SPOCD1,0.0,0.3339080132924385,0.16220810498389449,0.8283439721021526,0.7540281036226386,0.5546255688938123,0.25216952203842335,0.16170164041868404,0.9411002010120165,0.5967068557658026,0.2775492248382922,0.3589421465518167,0.6536352636084174,0.9398896969402151,0.5934524031428603,0.7540983606557378,0.17851058783014642,0.8521314319604434,0.3453895122421755,0.7506878133530703,0.15096711811348376,0.4466575181995444,0.0,0.7450183542327182,0.25208675423132726,0.5277543367347544,0.0,0.7131147540983607,0.9385245901639344,0.09901532602236196,0.5506501087568364,0.28711735348401024,0.5653867988491299,0.42352115375741334,0.8497147214915938,0.5111981579984911,0.16730762115164413,0.2263592419522272,0.9446962537880029,0.8241273343314158,0.2774969669255152,0.8229378219003477,0.4214584582387164,0.3963331091259037,0.17421078610609947,0.6318782581437862,0.6640456528548925,0.8155737704918034,0.0,0.7753813941385425,0.39583005378427244,0.3308208683656483,0.9747998997159867,0.7587237474739734,0.5442916167676132,0.12836395900424083,0.3934489949314888,0.5409496181733601,0.14120242691671267,0.0,0.5938692807051864,0.3323640395465568,0.5551259861564508,0.5580383314425795,0.6448277718464615,0.4485845730657662,0.4293622615123768,0.6177409412916349,0.23640317222204676,0.9180327868852459,0.6795969510285058,0.0,0.47259945086886646,0.8946135831381733,0.25569630645674024,0.0,0.2568654067035606,0.3697659311860763,0.3697659311860763,0.5687101217383196,0.9739267246649387,0.3195750504446662,0.8430728676794886,0.0,0.7846360077039233,0.0,0.8481437679767463,0.9315908632483424,0.13427657808206686,0.849733233570225,0.42737874271664184,0.0,0.7438536751471518,0.23224960154697843,0.49524209435178657,0.344797392615654,0.0,0.534942706340734,0.6466641261416621,0.9512372534799971,0.9282786885245902,0.719312981084224,0.7070832708888379,0.5765830549511874,0.4961120333193801,0.5175938605094337,0.5756417436625382,0.2867760940695033,0.7498250471665359,0.46527120570366665,0.13052040382016786,0.5951985122444962,0.6564588338819236,0.9136920416728086,0.9019097676237542,0.8864861186785932,0.19200629594926288,0.6961839775991103,0.24226010204746334,0.2665954163054245,0.8617999178698165,0.37066014254631985,0.6245172170251276,0.5935589217086386,0.516468926162751,0.6076390704950164,0.8116894488495403,0.6327147972277745,0.41498169023131726,0.5371688115102622,0.5691366978874983,0.0629607219248615,0.4275294071684441,0.6941318229577736,0.7460556825736571,0.947641894177392,0.6522039734034517,0.5059819967478543,0.06243401318446438,0.7805897586243516,0.14021466750479838,0.6675132470425951,0.8729285819088948,0.9857567971805469,0.6642463023209472,0.4358758953433716,0.4060108111165713,0.48561975137419805,0.39802882163930325,0.7484980347959576,0.8008969928360402,0.9611734253666955,0.3417881701562324,0.9221178818572583,0.6311475409836066,0.3978418317593458,0.7198622008052993,0.9559523892716403,0.6792058492959615,0.13263252917782375,0.9084493672066631,0.9938007990081278,0.8482868239090567,0.26821960942062434,0.06694670088096369,0.7636559973027188,0.27333864686427356,0.9832339791356184,0.5560043635642568,0.8822321374304745,0.08168424771226347,0.8037088100420469,0.5329371253353247,0.6937365043473477,0.0,0.575966578102912,0.560899741779277,0.5171181640038148,0.1653766001718221,0.8954690759369355,0.24083877156319458,0.6128367852078915,0.18275963946916146,0.6424588402223459
ig_lora,MS4A4A,0.0,0.62756116158091,0.21225159347555378,0.862085259382889,0.7968237726402563,0.6878413346573475,0.4482301564795338,0.33516866025859887,0.9412959525421633,0.7117167748634439,0.3735383539670338,0.5801971956459427,0.7470567953008177,0.9579336177122315,0.7478837794806962,1.0,0.2238938554877242,0.9170093905591512,0.625621065541706,0.7964207253581609,0.20710055009306239,0.8432153772714799,0.0,0.8392617568607985,0.4964228886515497,0.7648887691651329,0.0,0.9758919961427194,1.0,0.11977526660278547,0.8367046089391804,0.5233357319094383,0.7714408805586169,0.6807689637319887,0.8977756775387736,0.6620945168081167,0.2478735686234337,0.4380265904356357,0.9681906669942731,0.8465494305830441,0.4930340807127724,0.9050868282065171,0.716413635414769,0.5881033938641133,0.2342905806923323,0.6839847445792915,0.8058543037137587,1.0,0.0,0.9582687338501291,0.6643273731229363,0.5566575182991906,0.991189226204063,0.7746020105922977,0.7282450109222853,0.19284931450493112,0.57226725062811,0.8091640134445243,0.1412024269167127,0.0,0.8673876565627029,0.6014203939444868,0.6579705951364444,0.8173665958137497,0.8776514189781478,0.703620233329567,0.6559176925782625,0.9030945753537114,0.5160050661341667,1.0,0.9376466644317801,0.0,0.7890124532329299,1.0,0.6413871558676723,0.0,0.2610175113169419,0.816303321816766,0.816303321816766,0.7273219551241853,0.9921751568240672,0.4670093467870066,0.930763977756298,0.0,0.9261334804191946,0.0,0.8524409750769449,0.9587079248450814,0.2036199343531877,0.8563406414264982,0.6611439216513973,0.0,0.9207061595436655,0.39433227894150075,0.8794293412707109,0.4175935490701606,0.0,0.6891120185135351,0.7706425279600617,0.9761758102580486,0.9858677218767665,0.8655341865488199,0.9047190272574419,0.7066273300275906,0.8129924022272429,0.8096348909848565,0.7990118240346735,0.5003716329243261,0.83311134061452,0.6624296478545671,0.19073021604245463,0.8809187150470835,0.892992473771368,0.9277104585763427,0.9563118740811591,0.9138118640515694,0.22715068895823798,0.8999802040879953,0.3411262342441207,0.5778670680042811,0.9385970689523975,0.7953802884953974,0.858641429387883,0.7760267682486534,0.7115691727715573,0.9149231232106783,0.9501999741968777,0.8227979887474889,0.6289033042063342,0.7358308811690675,0.7091219453321581,0.08164387695124263,0.5110564442854009,0.7903357253982171,0.92964573005435,0.9729697565653687,0.880858463133361,0.7446466287582102,0.08171250305436448,0.8446975810514269,0.2157882574101027,0.7648215683210384,0.8785459222666393,0.9919505324468938,0.791808877017459,0.7053947689341592,0.8512510413016955,0.6158767364648684,0.7273876768978358,0.7666766942700104,0.8873825796960046,1.0,0.507760647049121,0.9303164386087295,0.9566055930568949,0.5746804882119566,0.8525742101254172,0.9744076548702525,0.8544925949097217,0.137088876002046,0.9416883869367695,1.0,0.8812504979820095,0.3860835346712285,0.06694670088096367,0.9047736622322538,0.6018645342448293,1.0,0.8518974631868681,0.9188238653568715,0.1427745609499263,0.8820300097440986,0.7677482387378615,0.7674729162460551,0.0,0.9049212835079082,0.7911143230257837,0.8678766033029746,0.30122089529313845,0.9466058303479752,0.36181062775170875,0.7731375271615081,0.2348344149818784,0.8496026861893571
ig_lora,GADD45G,0.0,0.7909115293085811,0.23678271528519082,0.8925973701388871,0.8693867109830219,0.7933003432190544,0.4971997739471607,0.44321750524488296,0.9500316738900556,0.805315224583105,0.40213481635908777,0.739213409416419,0.8542361193258949,0.9774087946973096,0.8463666781210493,1.0,0.2434863179772595,0.9484452274685636,0.7869912959116603,0.8418625277335714,0.2398753187790034,0.930317945453991,0.0,0.8983566991913873,0.6058520807943647,0.8737365612183121,0.0,0.9902419984387197,1.0,0.1225183877154207,0.9217542917833573,0.6217180242619708,0.8734762017378058,0.8207825761302393,0.9293263943477941,0.7794228095830762,0.3128830376961371,0.6228862646344396,0.9773312799269531,0.9115708583020932,0.6690639137986154,0.9433582684458247,0.85018078852101,0.656069501086359,0.2576835288745199,0.7442929994305718,0.8854222120277919,1.0,0.0,0.9814527706000574,0.8115522094725257,0.6403465633038976,0.9936366633696011,0.7955497791246121,0.8396200064459388,0.22623670270795146,0.7187510689061546,0.9045820067222621,0.1412024269167126,0.0,0.9379261371144566,0.7674952298009505,0.767595404387584,0.9086832979068749,0.9413746382603625,0.8359326291645817,0.796935031685532,0.9569309223794273,0.7080665478269578,1.0,0.9730746960046323,0.0,0.8966591607671494,1.0,0.8137971770851375,0.0,0.2617779700373416,0.9183570319185628,0.9183570319185628,0.8321981262302679,0.9945039791978567,0.6150623060128381,0.9660884789010439,0.0,0.9630667402095974,0.0,0.8615047972466657,0.9708526528318222,0.23355623415626203,0.8735247752271564,0.8023339542966484,0.0,0.9620050347813397,0.46356399705614815,0.9479353973668978,0.4233710218046455,0.0,0.8017525915158775,0.8549651279747449,0.9836208695524084,0.9924104432301154,0.9266550108448108,0.9543445338941909,0.8070974224838952,0.9103921927338873,0.9067599466048277,0.8938175674145445,0.5502562448698278,0.9258272624953422,0.7942930666613769,0.23555141620792863,0.9456368046954077,0.9499113707014915,0.9456039094237826,0.9739280538871433,0.9341392546054446,0.24437833259008868,0.9520738477921644,0.38336813082253957,0.7598209180024359,0.965063849576364,0.906586653443551,0.9307631490879427,0.8725669543483717,0.8297785281930502,0.9632622577500656,0.9761374876360039,0.9048359569199478,0.7738629510007349,0.84776694847031,0.8130069648563873,0.08852392585621113,0.5255659168037873,0.8611682506015221,0.9670682140679937,0.9813124242921067,0.9429113469180689,0.8607163429590238,0.09317174528472477,0.8926304264059248,0.2410637055389672,0.8411782019830389,0.8883723039602768,0.9931070651413055,0.8718823858568978,0.847031899254275,0.9357674951075503,0.7329874875426524,0.8610211686145829,0.8550567343192489,0.93207203219759,1.0,0.6596863732685282,0.9538581823219966,0.9824355971896954,0.6464858344122681,0.9161198092092891,0.9810723280811242,0.9231281633485322,0.13914565145937924,0.9592521258112365,1.0,0.9198055311047337,0.4295904827985325,0.06694670088096367,0.950555555389824,0.7796035814569591,1.0,0.9306754083002361,0.942150340829035,0.1828572740493842,0.9260486628246589,0.8752722022851478,0.832789512806152,0.0,0.9589432815147787,0.8896453027306027,0.9412784903568776,0.3779514915577358,0.9668308946101059,0.39664524238595683,0.866113950455972,0.23825225184540527,0.9233268596259467
ig_lora,OLR1,0.0,0.4524041320344418,0.1857663456054517,0.8419198336139722,0.7127688394495648,0.5936278935352848,0.3520403221557097,0.24217057371432393,0.9252460834103036,0.6274981871815781,0.32768303591602205,0.44165385740457586,0.6158547100185084,0.864010047451211,0.6373629228130963,0.8031273478079918,0.19530792057168883,0.8478097395057979,0.45667851127493164,0.7784788944463663,0.17952589971655697,0.6224964365924249,0.0,0.7587889354246183,0.4166100688190581,0.6095418380027628,0.0,0.8637982195845698,0.9015636739039959,0.11142149485462687,0.6545220084920673,0.3990548024039772,0.6309505594828771,0.5205101187878226,0.8470119198457805,0.5586647105063353,0.2055091559701803,0.3083523236929397,0.931926681525761,0.7411417322257565,0.36001869809430576,0.8238786257971019,0.5769343379504592,0.48119043432343683,0.20654765916328632,0.6548927941660849,0.6978931401368014,0.8228146130271927,0.0,0.7995016005595776,0.4994648828082356,0.4375156071499332,0.9595766523023452,0.7662905429251036,0.602432543439101,0.15768568048232354,0.4814954817601296,0.6365136925769463,0.13929396363687874,0.0,0.6873783049767593,0.43849499708317724,0.5978498128001796,0.6479061680897593,0.7133830479230829,0.5612908726006413,0.526613470414354,0.7146182797958581,0.3565414858077481,0.8818764086847951,0.7536193962063124,0.0,0.5979085298742497,0.8637035484824559,0.4368234759554636,0.0,0.24483168285271964,0.5810932743544037,0.5810932743544037,0.615788616219374,0.9570476996709979,0.3721336839901268,0.8579555854063212,0.0,0.7989712855973219,0.0,0.8616604944194284,0.9198230494523926,0.16668591426410792,0.8609172951679982,0.5131494067168154,0.0,0.7752742374860144,0.3081054085294365,0.6614419678679527,0.37964920856583173,0.0,0.582407430942364,0.6768270786820716,0.9357878269680123,0.900832275668098,0.747572683771153,0.8040360582667048,0.6133233651608847,0.6204357113436572,0.6270225596416755,0.6591058817530885,0.3961772076908388,0.6069517648124865,0.5332156998937514,0.15906189693375056,0.694817081875763,0.7249320368828016,0.8950683799758506,0.8870561823758272,0.8817149610601224,0.2061545815291248,0.8144717744413372,0.2929833600954066,0.3960676682466617,0.8539172848346556,0.5665094420482337,0.6962082609165362,0.6475780570183647,0.5808495293119995,0.7176404559395677,0.8176715960500072,0.6858767183613229,0.4923554685724676,0.6017183737044526,0.6580594217877672,0.0743062808389982,0.4505585608964686,0.7132046827329658,0.7786901460978418,0.9667395683281825,0.7179931738962019,0.5898932605660102,0.07296461085831522,0.7863512381459558,0.17702396597324904,0.6888637262881316,0.8980640167845035,0.9790758835553458,0.7170903615942751,0.5340561244287173,0.6168263262503451,0.5266624021753885,0.6789737912907347,0.6665261939806575,0.8775767022290291,0.929125845210877,0.40128045642903487,0.8765155148118969,0.749044121223914,0.5309778750055599,0.7871904858144722,0.9439232754071851,0.7216161327497207,0.13358069847761944,0.8989425994628344,0.9858251690421754,0.8234038227852537,0.3566371558499029,0.06557729063839607,0.7828517505271388,0.4119144454942349,0.9645629226054385,0.6773840333862147,0.8947998025069518,0.11299514255958983,0.8078116154149735,0.6133111388031777,0.7078318029827974,0.0,0.7018042097435154,0.6371117702378033,0.6604367843331859,0.2550707265589989,0.8834995639570267,0.3093844211461358,0.6704426713416073,0.21291599947226905,0.7009376826944848
ig_lora,PPP1R3C,0.0,0.5929755188238414,0.2822095520687792,0.8274326585483093,0.7647397177126768,0.6414039298428429,0.40103604210671034,0.3614895288450698,0.9177395046956789,0.7189102107111534,0.3428065462166151,0.6179847566900141,0.7117036044870123,0.8452725913648136,0.6830161092459572,0.7900799642375184,0.2415075027877008,0.8321598476130525,0.5711413822451433,0.7790498571657158,0.22204700791171214,0.7069370813115547,0.0,0.7767719973626818,0.49158096425273096,0.688980928245673,0.0,0.800135862333495,0.8491199742957163,0.11467638289574467,0.7164258963947752,0.4813697365210987,0.6996447516515059,0.6189005625747785,0.8525130257259491,0.6966385668381103,0.27290127837618344,0.4509467530043434,0.9071871821421635,0.7913740505723785,0.5013488153019302,0.821763463040611,0.6370256310647621,0.5228559908538275,0.2423646456942455,0.7058385024704711,0.7386378418506603,0.7988266323942884,0.0,0.7909732302892126,0.6032058331733571,0.4971959886469481,0.9249880400100976,0.7931803035733805,0.6947355917268779,0.22832381315534112,0.5728333493909259,0.7007966301497347,0.13938280657099483,0.0,0.7342744597354482,0.594686648393949,0.6255214132610815,0.7076865315568424,0.7457047819877028,0.6629551868670124,0.6295968243731456,0.7493974327606352,0.5083420076704979,0.8335116957745835,0.7687356077564131,0.0,0.6824623949842124,0.821179228794923,0.7002103341755391,0.0,0.2440680148132013,0.6861994781585373,0.6861994781585373,0.6775292172139203,0.9252620783149553,0.5107728835886692,0.7993962120134078,0.0,0.7914117558732121,0.0,0.8593419367553681,0.890959920420415,0.2273144329668912,0.8517221441902354,0.6181790977985794,0.0,0.7804416597904191,0.3687820893172064,0.7292376954837562,0.36441269493419326,0.0,0.6703182997625466,0.7322477477154695,0.900992076478316,0.8545000864413653,0.761830532031993,0.7660125601461362,0.6769045604631112,0.6965413888316412,0.698523581729643,0.7137252468036622,0.43655549723126713,0.7421738884343205,0.6412112220636133,0.29064920011522344,0.7524066867911826,0.7582900007785215,0.8945643640014297,0.853531329965132,0.8658022746095461,0.26900590173041694,0.7789561562421433,0.32531440532614064,0.5507281347607298,0.828638561322301,0.7208788826429859,0.8265681677299023,0.7072034894902709,0.6643497983344459,0.7521299430179157,0.800881286133037,0.7252697933310913,0.5983817449836494,0.6660360636965321,0.676749150567937,0.08239836343876468,0.4495846204053915,0.745792398437416,0.7823866960484126,0.8993356435733899,0.748519142804689,0.6743294940099278,0.08526549509551663,0.7880573487334812,0.1997450405901804,0.7196197598462603,0.872253093524902,0.9616157706572801,0.7535423992772499,0.7122690225194543,0.7097495990241883,0.5926284125152195,0.654043044777205,0.7488320714395819,0.8904379515703097,0.8762010045503313,0.5495899247534725,0.8731639244125622,0.7697385820798229,0.5139734389567979,0.7680137799689444,0.9150293682526345,0.7461468538682793,0.13569642404635623,0.873934757787731,0.96526503005369,0.8216061740770011,0.3575823999471067,0.06481128749968998,0.7823743546392286,0.5493006364706243,0.9245599871478581,0.7220400208218534,0.8582333659501479,0.1481074960410189,0.801392939984378,0.6897998093767317,0.7749180280796323,0.0,0.7456079465434892,0.6964471708881069,0.724219403508811,0.3488758478525935,0.8538057962860396,0.32757195510020176,0.6989754564603877,0.21488415354487608,0.7359723107468465
ig_lora,ADM,0.0,0.24800416754364316,0.13670717620950365,0.5811039558808256,0.5303407677774796,0.4460775054350668,0.34103290003432424,0.13553085745013646,0.6686997081147449,0.41417729834212447,0.2044585813337964,0.26677097141146217,0.44885203005592966,0.5357954124140013,0.6695453666824883,0.3358213164522413,0.127942102006823,0.558890300040102,0.2555882514288107,0.5507821724862125,0.13285801714218595,0.29025554757895944,0.0,0.5183623266057013,0.21395404950535593,0.34964666392010524,0.0,0.34598558165355836,0.5413465297879633,0.087464156433124,0.352161195458622,0.23875630691468105,0.3750973702100465,0.30097225786443305,0.6207909094623677,0.3643345523157609,0.14740669216927954,0.1953912307455758,0.6542674918376108,0.47265679882264094,0.27773679331589857,0.5599764716071371,0.3110018092686641,0.3124510724671489,0.14131453859075874,0.4657771339107715,0.43770240066312166,0.37895623776961507,0.0,0.515295127670496,0.6872499056705861,0.7318904311475817,0.6636933970678945,0.5835947168757621,0.3806771467857034,0.10262015095174205,0.29578381966775397,0.6565943532020884,0.1167284164648507,0.0,0.3761376415404187,0.24937397205705694,0.4200057621324289,0.36373226355717503,0.39687527281719,0.3560952130895053,0.3576700846227286,0.36582484846113145,0.1946343162690342,0.5021988701049687,0.43249277155347127,0.0,0.31277594100939377,0.46522608040436264,0.20292682513958818,0.0,0.16187448783980563,0.29786330240130937,0.29786330240130937,0.39164735299885034,0.6586420438367274,0.24768157088770879,0.47104957291549787,0.0,0.4873800702080011,0.0,0.6256024727410878,0.6353991549917427,0.10337641446270598,0.6286437161427693,0.30541104717307666,0.0,0.44048748606428717,0.2720146901603008,0.29429737935318695,0.20418560572069558,0.0,0.38513321552824653,0.4365175175521899,0.6446387468239707,0.5620141683135852,0.5148920104424003,0.46626168834196846,0.4278808754337845,0.33653717637911307,0.3405312911173163,0.3764497212653046,0.1898309540084275,0.27441310791066975,0.35988361356840004,0.11632759053493723,0.3686980654624302,0.38594931327493043,0.636300831065901,0.5792396255020078,0.6180328867433202,0.15032239517697685,0.4278512981612463,0.19274220470333692,0.214585629219006,0.5442028320511717,0.2528775981573016,0.3810153515344606,0.4076796257898042,0.36400546550160395,0.3423007445457571,0.47248242520260036,0.4107167783022537,0.3477664097729306,0.3750213614649047,0.41726622363512694,0.06476542329973842,0.6613303611794088,0.4805196036566255,0.4247189770355845,0.6479188119905771,0.4779698888272925,0.35815363563275304,0.06384439373721155,0.5303630447624457,0.10218124596394698,0.464285869400622,0.6506297429217578,0.6965944989671465,0.4539840589466151,0.2757124264826666,0.2589877225267765,0.3613858014591936,0.28176692353385135,0.4817665464915187,0.5366672519626524,0.594630844356484,0.30455499996815494,0.6230354457470109,0.319609056760713,0.3501844546836213,0.5195926417084636,0.6659042732153403,0.4665590303878515,0.11124514446536585,0.6393767144046139,0.6989895249630342,0.5658581858304562,0.2560690600712108,0.05761641013302301,0.46720384649699515,0.2068529316262453,0.6606536831075659,0.3636838791559838,0.61526849856197,0.08527732285880586,0.5386930681091173,0.3920635993259244,0.48985963930189935,0.0,0.4168926821147441,0.8162107253712664,0.8360810223235243,0.15358991580156087,0.5866757535431234,0.18955904511732394,0.4290034692454168,0.14564450273272245,0.4060554966140101
ig_lora,CLEC5A,0.0,0.3101862683214726,0.1701215879515912,0.5052674849811636,0.47627830146397976,0.40870954536222015,0.3165132751330683,0.18887866678552676,0.5636983491775467,0.4070749359191513,0.28425799792320333,0.30034074454897175,0.44809923135244917,0.5571938662147766,0.41345223755632987,0.553142733136042,0.16048890124986404,0.5269633364946347,0.3036660874211366,0.4773698982589612,0.16805507427308924,0.4251775493040975,0.0,0.5028072029494471,0.28967871636004705,0.4002296554936149,0.0,0.660229399690758,0.5739671588617724,0.11006412952516784,0.4497523576004217,0.318678113560847,0.4239840925375814,0.3485765960469936,0.5417658924380165,0.36528852665156203,0.18239849157594235,0.24312750581356454,0.5718171457713024,0.4799558374015502,0.2606797319962436,0.5315973706236488,0.38380986340932716,0.36408196174045737,0.19320167234761745,0.4132777146815971,0.4431378251393466,0.5577703832973154,0.0,0.5279877829303242,0.33777657224476515,0.3428871551022128,0.5826279944227749,0.47542673491158544,0.39856489480401824,0.12448958214865119,0.3104061145809922,0.44545607537339327,0.13515377464517334,0.0,0.49776138100347755,0.2958540278187699,0.40961625012114883,0.44229098941092027,0.48774811226631315,0.43560064331305415,0.40371830478524146,0.502186779404796,0.25593919678210875,0.5702294414238208,0.5170885949195988,0.0,0.39537806266837294,0.5666049881506556,0.2850831890005538,0.0,0.2263529071500831,0.3816423243897832,0.3816423243897832,0.3944297794320448,0.5824685014552222,0.2532615928807677,0.5249227919100186,0.0,0.5425613489820119,0.0,0.515459059568331,0.5686476862687521,0.1280506274346057,0.5324469488956525,0.3447252331493211,0.0,0.5128242204247627,0.28137664232188875,0.45811566160958,0.32207506498995375,0.0,0.3815203731563552,0.4250661995604298,0.5761830287948173,0.5772065139746638,0.4797955514542939,0.5091590039734265,0.4266297520476633,0.46407363039043587,0.4322376256294207,0.44399453634875646,0.3030604435756661,0.41220235856751747,0.3670620375711746,0.14484334046443076,0.48291406104501977,0.48371733524623706,0.5553850737950906,0.5524519009661978,0.5408325062221981,0.1929084398662847,0.49166576591608535,0.2556936632984728,0.28923384900389876,0.5461665620561925,0.38124876586296996,0.45600327833109344,0.4228713370364378,0.3886133875668889,0.484570240738141,0.5483870150436879,0.4637062206093424,0.3452991680354937,0.4172493079303185,0.5066792483886425,0.0684190839178607,0.4157846933874482,0.4632231276663818,0.5142200716040701,0.5765236891845025,0.4637428229803225,0.41013914330539963,0.06758055737030254,0.4868081213535973,0.13045286605456144,0.4564297205937165,0.5389034889125741,0.5850736451333053,0.45111824537786227,0.35510621949232596,0.40457689166845084,0.3773404897399484,0.3749554509248384,0.4415027358322755,0.5922210947690394,0.5788966122944332,0.278855845594101,0.5456663051368047,0.5167867767399383,0.37426159333888315,0.495197691650588,0.5728082220111178,0.47944304961931783,0.12872635134100666,0.5576732887358244,0.5880570367918285,0.5358438912115987,0.3006413536569795,0.061911862999964255,0.5012333048684987,0.259551252836112,0.5847650092380771,0.48664853311377504,0.5497052596295434,0.1043507990286866,0.5191022513728121,0.44661129443728154,0.4501193412457486,0.0,0.46556674530287817,0.43027007691808994,0.4497174431003424,0.20628858435519087,0.5520763979248849,0.2644110766357301,0.4504727627041447,0.20872155428364053,0.46544050852980734
ig_lora,HES1,0.0,0.32548349359489065,0.16262575281107644,0.6778844349556707,0.517427442583888,0.439413758897817,0.2627167204898387,0.33247115286771667,0.8205733533909562,0.5269578212152896,0.6366256831175018,0.3378132778574386,0.44412751918929716,0.4955730666115626,0.4370757193980677,0.3551092495667099,0.13672473316850056,0.5570085158168282,0.3298117572074777,0.6421488296583231,0.16932650056567014,0.40170319047730374,0.0,0.5860458405502881,0.3009993869200088,0.4940327449179821,0.0,0.36113629276823606,0.4785989677347868,0.09016755745639293,0.3719634997585806,0.2893275137667292,0.41940548890565355,0.35701404301775214,0.6179304919201977,0.42091596162961376,0.19972951611418457,0.27169188487332047,0.6872989737780767,0.47982159684088205,0.33298600032703896,0.5502345925197617,0.7912510644568136,0.3171781795186955,0.17552906909771648,0.5657230795674201,0.45698114512466015,0.37164490983423015,0.0,0.3966553847747038,0.3472708782123878,0.3004516499628856,0.737852329966948,0.7132509237206504,0.41082187107808155,0.12495544256487316,0.4073553638819359,0.37893020447651127,0.1061976280186004,0.0,0.5405703314074155,0.32533096967705283,0.48571954236428105,0.3861477695943847,0.397794731379772,0.37348065487472504,0.3723324897924362,0.3756350424444421,0.31332913916078814,0.4430488973530677,0.37340092945704384,0.0,0.3571837035027238,0.41652741627464235,0.3345369877384616,0.0,0.1724305742809047,0.32905280761595945,0.32905280761595945,0.428823059491974,0.6970552429657291,0.3698375264480074,0.4775026834845959,0.0,0.4393082658301031,0.0,0.8210335639746983,0.705998323963353,0.12614703518526413,0.8381662879879032,0.3620033112514716,0.0,0.44918308011089814,0.26380204231665544,0.34642216994337766,0.30605589031812896,0.0,0.42144061057773513,0.4712581567048865,0.6745818875062095,0.5275291676295834,0.4511572515384533,0.4293961343423837,0.4879968746470624,0.5589202398741782,0.4173280519021074,0.39732965113011676,0.2593015818487024,0.33705662609108034,0.4362721802001751,0.1609066974741849,0.37685082464423875,0.3895451342387517,0.7602547183373275,0.5572489970260656,0.6943001210845835,0.17069609619753037,0.4311851047434098,0.6006358388637505,0.6601756368335953,0.5325004889111207,0.3301659893474028,0.39351186497487317,0.42005517883164606,0.40952396969683547,0.3628705079155576,0.5578320444612989,0.5765375622565377,0.3744434832578615,0.8311308140951458,0.4863875905996065,0.0670925474575731,0.28236972815656586,0.5840343239286275,0.40787176238024264,0.6890002585958076,0.3945310252356062,0.40229409063456956,0.07137827488622087,0.5743232823386524,0.12668461859669305,0.67336401209544,0.8562928096542191,0.8496770808077319,0.5214180964302955,0.38294116667031447,0.3333639333723705,0.871037659807104,0.34875760302619413,0.48951056376615293,0.5285736044366491,0.5461879904358329,0.34299321957856904,0.6235111263063781,0.35272939911544077,0.3730879238848063,0.49181590752267007,0.7169580105303538,0.4283988828201437,0.10400956902143728,0.6690652733388021,0.8408711135294479,0.6812676797842769,0.41679268165406447,0.05185512186949657,0.4474089870164454,0.3047538121721639,0.6897993858675313,0.5847966311883639,0.6783876094362571,0.1257321427704735,0.7271230914033511,0.3915684581786567,0.548484451399197,0.0,0.35823550902890816,0.39758362699076355,0.35361151308558253,0.2460316332250644,0.6638846782427812,0.6454044068863438,0.8217771807530007,0.15755808054312945,0.7519373170802242
ig_lora,ID2,0.0,0.7400762912049861,0.23185269689816176,0.8585661535820595,0.8411856324899245,0.7712307273448192,0.4746398487377323,0.42157058051814084,0.927188097203262,0.765085577066283,0.39796216694938275,0.7001498213407923,0.7973572059397429,0.9000496237320917,0.8064553651739167,0.8984286073007137,0.23305510751191133,0.8867619833872997,0.7374014684941101,0.8229547716259447,0.23604274313001514,0.8944843775651664,0.0,0.8495342548981195,0.5723146434838269,0.8097544526374811,0.0,0.8922633138432241,0.9141896854781892,0.11835246782216051,0.8440572814881451,0.5854608414420875,0.811526078985189,0.7662709014947479,0.8901888577973655,0.7392680505964557,0.3061444194728349,0.5995518794041951,0.9268507695934728,0.8478460059337085,0.6527928133315768,0.8787316343053729,0.8003049262507843,0.61331324970338,0.25039846236827856,0.7299860140260083,0.8265761839337722,0.9004600351546995,0.0,0.9024145375602622,0.7738042777679477,0.6107137648209823,0.943370423071419,0.7860431726765773,0.7875671173329878,0.2186270014684451,0.6887038137448563,0.8400506712820035,0.1383538923431471,0.0,0.8607156186071946,0.7216575815557649,0.7407195658427719,0.8354683905703226,0.8608747213255781,0.778675452983618,0.7483483868196004,0.869526288015268,0.674991174595527,0.9095091228679086,0.8815055458065153,0.0,0.8238473795671104,0.9060943727874523,0.7588554191095387,0.0,0.25196130758030316,0.8646700461730186,0.8646700461730186,0.7824093145575669,0.9408840870690756,0.6305527867790763,0.8868808316543215,0.0,0.8823506684174972,0.0,0.8577486145497524,0.9198438413810737,0.2245187196657907,0.8552519805539661,0.7523976325813806,0.0,0.9047579324267575,0.47383681239102154,0.8602338315745861,0.3953154722833987,0.0,0.7577133840562406,0.8047451376318109,0.9285530832037232,0.9131155756800194,0.8658064998525298,0.8719917747260025,0.7647051061612262,0.8678453693326548,0.8325305112521321,0.8261529972246858,0.5067344736681055,0.843117520189158,0.8204431398982168,0.2340578147753752,0.8615239772911801,0.8667061123764558,0.9111739890706292,0.9058077299819695,0.8951031819816851,0.238418399992226,0.8700454723528369,0.3684776590704147,0.7312939460404443,0.893889470199456,0.8282590336321911,0.8531648432113011,0.8178859071416545,0.7773839417030585,0.8732027134372665,0.8906714493618422,0.8836410665639408,0.7347057692109816,0.8076768249831683,0.7745838282505307,0.08816932115964807,0.4955509013359939,0.8356892971456326,0.8813674148896486,0.9270708778134339,0.8673285748154741,0.7994031844520838,0.09355815275261527,0.846360295467583,0.23041188892751338,0.8197537158044649,0.8828802610745592,0.9660639071006712,0.8282032542475908,0.792545163746943,0.8499379142782152,0.7354944175595168,0.7955098535098085,0.8044618738306236,0.8710682919890431,0.9234307962728457,0.6721223275416516,0.8976647225556429,0.8857059367940436,0.6229947001736768,0.8577996992789539,0.9390651414813471,0.8591085881269573,0.13658081005234252,0.9102494218312503,0.9698363742893028,0.8688003253270524,0.4155806835506803,0.0660677253549697,0.874198177300097,0.7293875362394482,0.9447000195303886,0.8708779526314825,0.8991029517005523,0.1796052105484224,0.875590145821583,0.8110919464698864,0.795270808221469,0.0,0.8754587099460068,0.8347677960120029,0.8651202012132563,0.3727393126951657,0.9031600108378643,0.38141409459095366,0.8301780547212679,0.22490120776671463,0.8561582617810057
ig_lora,TYK2,0.0,0.5469403228391503,0.2913282253134101,0.7828888826869559,0.5849826747577863,0.5455478050874726,0.29573699121922953,0.4127553565801417,0.813822173754774,0.6357316967933779,0.2567463252663049,0.8722448017418967,0.5326894978741711,0.6041278679065589,0.5459514723813834,0.5314165228904579,0.2991420824518509,0.6654143130927551,0.5288673344100181,0.8836707586818036,0.3353514288007813,0.509668961750247,0.0,0.6022808368036922,0.49157888715626513,0.6378098403025345,0.0,0.5324846576456538,0.5983570196203926,0.14590265232943236,0.5249872979094172,0.37774546752968785,0.6004461080105504,0.4925871296501195,0.6730461418052427,0.6151844869119668,0.3086535225728691,0.5047893702548886,0.7272431358972966,0.5760996232765032,0.7696321663074714,0.6985160806909687,0.5024524529052578,0.49457464121692274,0.3170645322072868,0.9235532132344105,0.6795003832377493,0.5399362224742678,0.0,0.5493425329842639,0.49123560691687324,0.3872715330848096,0.748774679022804,0.9447959762417208,0.879584335181128,0.23212604761980957,0.5885759829605371,0.5253533871258281,0.11510081329927072,0.0,0.5296503446744032,0.877645405349487,0.5420560302657651,0.5258834465306107,0.5390569651242972,0.5020067214585453,0.4939317789812731,0.5303169610889475,0.5216026433965999,0.5782748706014121,0.5407607736957832,0.0,0.5102063082850814,0.5637326247600816,0.5250510076029699,0.0,0.19163027387285406,0.5003889426279319,0.5003889426279319,0.791819772779418,0.7343796545227288,0.5374740026853978,0.5650778661650949,0.0,0.5690449086756285,0.0,0.9199954839549189,0.716520078844792,0.23174312409976114,0.770446879224413,0.6236118938098878,0.0,0.5552907197637547,0.2962774558011549,0.5205461697679494,0.25974592841629607,0.0,0.8686438898366309,0.6735192537509825,0.7138296967771762,0.6162187488135964,0.5721167692391376,0.5612019924794821,0.6468694536242787,0.5146773358575626,0.5267800650151,0.6063712642529364,0.3227559120968619,0.5061848111788815,0.6628413268111929,0.3202349668306418,0.5356198833241057,0.6544670514433907,0.73191542494775,0.6471332019707747,0.7386920179874437,0.3025295172000178,0.8177785958638562,0.36577279311140404,0.5621771045500935,0.6214810434117511,0.6033992989632984,0.6199146968405399,0.6538738977441452,0.6060702888665634,0.5357015815404931,0.5664113384034904,0.5524267534400358,0.6174602656650985,0.5238158638310142,0.5505916199491445,0.07639555691219321,0.3284997751500376,0.6819695566528293,0.5524783049546739,0.7147106234440996,0.5402661784942956,0.5152336926298682,0.08125120456655331,0.6382931571804749,0.16547895091196502,0.6598617058468041,0.8275949946653506,0.8582733773832723,0.6499659008126721,0.5861667449453954,0.5400460251634351,0.5031733285745499,0.5702728808990506,0.5725839892387097,0.6138539686932847,0.6385213176583533,0.8365848729085115,0.6732920101074624,0.5265234057827626,0.4039352286781095,0.5808060427362288,0.7511874837786483,0.5619678886123535,0.11346845182519665,0.7011918612335141,0.8511558366828514,0.6502390903461025,0.2862372900159718,0.05723455167413597,0.5750836438780891,0.45528235819456175,0.7336472866956288,0.5239706071032638,0.6966357188821077,0.1558805091082882,0.627458890200717,0.5295217555375052,0.680219653021955,0.0,0.5243859056620174,0.5349271885071719,0.5241861400573152,0.402942943742085,0.6577505044439519,0.2578986092419838,0.5538432673597231,0.16852135067830537,0.5506425101207578
ig_lora,MND1,0.0,0.45112343060065907,0.18481952452524494,0.8326063498690116,0.7189749981794117,0.5963226966350422,0.35360961126779394,0.30057287470657273,0.9285209361285635,0.6521127877374739,0.5081030166600073,0.4403966722821319,0.620959084771327,0.8821466703562577,0.6423378246314145,0.8431256454783373,0.1926009448861531,0.8588603083864211,0.4556200130681198,0.7599190920251481,0.17841261496663663,0.6341093924380247,0.0,0.7754627769639545,0.36027615890682424,0.6905987592204609,0.0,0.8150187886947697,0.926176774342747,0.11458614970599731,0.6659474112951901,0.39158655862684505,0.6373770635279924,0.5220671668020974,0.854592564708292,0.5606012167643124,0.20321180820872237,0.30428747153590974,0.9402375281013264,0.7510648386019307,0.3568617168545385,0.8356282002575114,0.7075160842635071,0.4790831689553323,0.20671629215985174,0.6453815111146082,0.7055628606257862,0.8605561293140777,0.0,0.8258649867357736,0.5001450459900276,0.4328392343010344,0.9792486207022107,0.7616436260523193,0.6057794841796061,0.15342600411085316,0.4553458298493995,0.6455356176435181,0.13939028180212862,0.0,0.8963377625494354,0.4368414426623605,0.5692765934679613,0.6575982387747317,0.7287325200216067,0.5459666259584034,0.5127872177372911,0.7339080559084108,0.3451065892308346,0.910357511701907,0.778208344366411,0.0,0.6050815025885635,0.8954170969855583,0.4243399143291499,0.0,0.24950085594200258,0.5892559666801683,0.5892559666801683,0.619933855274816,0.9663399885577778,0.37018618780670404,0.8177087893736158,0.0,0.817549539665092,0.0,0.8459290311316033,0.9522284853441632,0.1621900631843484,0.8707265675514091,0.514260830430578,0.0,0.7947497888887336,0.30682765135332735,0.6776511498154733,0.46844055314596705,0.0,0.5851648327339513,0.6823609676031244,0.9454186112344546,0.9207223380120441,0.7595923072859679,0.7702361860498577,0.6165779251287761,0.8317236307300427,0.6763193162749048,0.6558668118398779,0.40423320650424377,0.6172693313430915,0.5348310138759619,0.15662970715648217,0.7110998599858043,0.7422028276283427,0.923923448377101,0.9009842932699856,0.8871748787945729,0.20634044022245546,0.7629699905233726,0.41822632811248983,0.4838360922621597,0.8687483375702325,0.5729224017100034,0.7095249668209931,0.6541555406412902,0.5843391208429557,0.738958591348144,0.9606230635714027,0.7496265477907704,0.49265271057657206,0.781838380158637,0.6123106136155085,0.07299489043068076,0.4589996870408227,0.7518178733397481,0.7998008017873143,0.9423189902393196,0.7336499877262668,0.5947456375715003,0.07153517126880228,0.7926681188063877,0.17228584554501739,0.7501176267259946,0.8723437676859344,0.9825931524710204,0.700542507641408,0.5152981013183682,0.628979540778083,0.6351688770024053,0.5365047090650238,0.6720833220877916,0.8155181064091624,0.9477085484927791,0.39957502913703086,0.8861100159915718,0.7785889161993236,0.4714843267031919,0.7551981639186188,0.9512372803113432,0.7335398910649454,0.13334094222173642,0.9072586321231866,0.9898790739018283,0.9027434603829338,0.4203956756987291,0.06555207541082592,0.7986260023209236,0.4088176402354961,0.9743878604862591,0.8165135462096609,0.883557126221347,0.11304575770833772,0.8973959011930817,0.6195097184392705,0.7118441393495397,0.0,0.7216826864069961,0.6448103104274321,0.675211435823849,0.22221673405758227,0.9433829903669032,0.47440666903136053,0.7592891541222258,0.2241757862586714,0.8118962527179652
ig_lora,CCL3,0.0,0.3693627735350849,0.19977328335701242,0.7497498857057158,0.5684217887636382,0.5107436419929617,0.3379868617281222,0.25873344224949907,0.8503830859555714,0.5405320982022133,0.20426420760738034,0.5782396856503326,0.49083836275483284,0.5586024230044797,0.7366583425998988,0.3848238301353844,0.18121756618302007,0.6256155705027947,0.34071894759061144,0.759128934850818,0.16889213122077712,0.3623242376316531,0.0,0.5830055774614955,0.33792507073703204,0.4690014338663839,0.0,0.3924290191831935,0.5430119881005713,0.08231177542691899,0.4015038057309438,0.2822546776747574,0.46207031102687235,0.3759530100700865,0.6964704018386538,0.4994418101463847,0.21684996805275872,0.3264363666718259,0.7504616796828462,0.5179113687123521,0.5557331058856354,0.6187275488778815,0.3846560568030609,0.32548887108216035,0.1754151811494574,0.765401657422844,0.558789639430149,0.40760813272296276,0.0,0.5063935730311505,0.6699007924153596,0.5438750039004728,0.7791029238237879,0.8676685357967763,0.5838716264012792,0.1500588595730457,0.4035707374314211,0.6124174857945869,0.10139479712807348,0.0,0.4089983758718581,0.5332033978761459,0.4762285785772211,0.41255955653896387,0.43004249151567864,0.3983689148371793,0.4016543549374432,0.4022437030198075,0.3203662716922567,0.5001693619849998,0.43313941319803584,0.0,0.38063877826795034,0.4668473194506665,0.3370183796498534,0.0,0.15294887789664366,0.38175720786479556,0.38175720786479556,0.5853198684178379,0.7615036787846371,0.40299052271232055,0.5025457062783569,0.0,0.490250188399996,0.0,0.898097418434638,0.7361127867746411,0.14484759164155162,0.7983694345685173,0.4085100768843812,0.0,0.4600503410007364,0.263897232248758,0.3694681747470173,0.20065559964274657,0.0,0.6069730157570903,0.5661623965529683,0.7337706022725026,0.5793739363575955,0.5581740086230653,0.4764127275487842,0.5036355972691754,0.38497711620444186,0.39519579315166325,0.4466025117427376,0.22739013235026956,0.3555882131936798,0.49351854789090926,0.16476779670041844,0.4033778257906048,0.45647914577901916,0.757543954893224,0.6252969983941039,0.7475184678208474,0.20032804888276184,0.5651030832030749,0.23520305202604344,0.3447161734126276,0.580909833929049,0.38507605104417086,0.4603755588526911,0.4752952796670348,0.4306008443757127,0.3927227215352717,0.48060663606206616,0.45811695531274804,0.4163145997203193,0.43235612598337014,0.4798003806300456,0.0638522199242108,0.47644371653793915,0.5904472396890906,0.45180080139736545,0.7556295137823882,0.5094274198504767,0.40862046115665757,0.06726061832153568,0.6258861230666652,0.1159001967882251,0.5555426316832951,0.8643229203946869,0.8918619428811771,0.555781673379273,0.4019689562107617,0.3680792418333065,0.43448348600026115,0.3741714235329135,0.5681488131990448,0.5795277304652745,0.6191766567504761,0.6355824768260545,0.6882766271361052,0.3802857283513781,0.36456877776081237,0.548832419413717,0.7878999434736395,0.4884932785012918,0.09845654647474014,0.7461934595991998,0.8873621097430986,0.6424265399771691,0.3093748684651398,0.0524027985652893,0.49822455307542823,0.30885902792950504,0.7612749191570148,0.4043135610637903,0.7182680305477642,0.1054658469091033,0.5971284613994642,0.4171825258184097,0.6172648461631433,0.0,0.4516665781066814,0.6846512469507647,0.6564137714345308,0.30760642810393524,0.6434560515252349,0.19428681986561055,0.48304588961205824,0.13717517845604954,0.4470858173456467
ig_lora,OPALIN,0.0,0.0,0.0,0.0,0.0,0.0,0.0,0.0,0.0,0.0,0.0,0.0,0.0,0.0,0.0,0.0,0.0,0.0,0.0,0.0,0.0,0.0,0.0,0.0,0.0,0.0,0.0,0.0,0.0,0.0,0.0,0.0,0.0,0.0,0.0,0.0,0.0,0.0,0.0,0.0,0.0,0.0,0.0,0.0,0.0,0.0,0.0,0.0,0.0,0.0,0.0,0.0,0.0,0.0,0.0,0.0,0.0,0.0,0.0,0.0,0.0,0.0,0.0,0.0,0.0,0.0,0.0,0.0,0.0,0.0,0.0,0.0,0.0,0.0,0.0,0.0,0.0,0.0,0.0,0.0,0.0,0.0,0.0,0.0,0.0,0.0,0.0,0.0,0.0,0.0,0.0,0.0,0.0,0.0,0.0,0.0,0.0,0.0,0.0,0.0,0.0,0.0,0.0,0.0,0.0,0.0,0.0,0.0,0.0,0.0,0.0,0.0,0.0,0.0,0.0,0.0,0.0,0.0,0.0,0.0,0.0,0.0,0.0,0.0,0.0,0.0,0.0,0.0,0.0,0.0,0.0,0.0,0.0,0.0,0.0,0.0,0.0,0.0,0.0,0.0,0.0,0.0,0.0,0.0,0.0,0.0,0.0,0.0,0.0,0.0,0.0,0.0,0.0,0.0,0.0,0.0,0.0,0.0,0.0,0.0,0.0,0.0,0.0,0.0,0.0,0.0,0.0,0.0,0.0,0.0,0.0,0.0,0.0,0.0,0.0,0.0,0.0,0.0,0.0,0.0,0.0,0.0,0.0,0.0
ig_lora,SVEP1,0.0,0.485453775285514,0.24515072617059516,0.8051640226824874,0.6774588704981888,0.685091956992532,0.34872126578807766,0.30276701389663085,0.9119082821505874,0.6246978312361953,0.2820610889497987,0.4234574968416863,0.5737387181344575,0.7717039314360383,0.5961861826279795,0.6260436143538536,0.1644172979028456,0.82889194629296,0.4973343945623724,0.735742270300616,0.22614684878927094,0.5235519323547401,0.0,0.7392381311277407,0.33331303473498747,0.547771907121404,0.0,0.6232836389748055,0.7863106367736306,0.1214255698606301,0.5661436514656523,0.40923461647883264,0.6432157366995569,0.47489750755963867,0.8256893421901499,0.5291597004092654,0.23346187745799307,0.32789304493897325,0.8886266332050202,0.6765068004023248,0.3838212886408656,0.7659710620415994,0.528836135584871,0.44021605932664326,0.19907421792898633,0.6301998848450591,0.6413524470606736,0.6548094901727879,0.0,0.6673686280780516,0.46786176018888276,0.43610283794579097,0.917046279926399,0.7643870773902289,0.5623383038122937,0.13573151817324663,0.49604673264809024,0.7365098602947981,0.12364920499403906,0.0,0.5886139898125393,0.42036752201881916,0.5787597227526164,0.5740970221665582,0.6214660635079675,0.5465274267114382,0.5183184380197702,0.6052352548267633,0.3365500193368969,0.750695742902569,0.6422172683826404,0.0,0.522441112491828,0.7195327107653902,0.38391202524666923,0.0,0.2979185154065967,0.4899118630363477,0.4899118630363477,0.5769179583580812,0.9100155931793856,0.391112001967158,0.6925429419198699,0.0,0.6983743039393385,0.0,0.8444843694480655,0.8756249796955559,0.1400885925414018,0.831720574129199,0.5158512848426596,0.0,0.6678297390395025,0.42422459235150806,0.6568364143981059,0.3044881652318741,0.0,0.5524733535846666,0.6320551813981767,0.8887273410158745,0.8136471303568052,0.6988640053564055,0.8638025900517946,0.616268650316411,0.5805800397168617,0.6517415449143841,0.6497943916199492,0.33224642923609154,0.5109218865335401,0.5010913675451758,0.2033857039293404,0.6548104987301251,0.7065250790491344,0.8723938691150903,0.862277464876279,0.8643079564541007,0.24279822367326964,0.6427404245405333,0.3723421765622414,0.4338055786740189,0.8373728009514172,0.48326526062644637,0.6059958838777717,0.603059507374631,0.5606696992906083,0.6970104227278138,0.7035327778302333,0.7100972321895616,0.5209433298006431,0.5510257777331512,0.5888503062349049,0.06778861836259435,0.46047584230190114,0.6719771981501973,0.6647071907467745,0.884592879613594,0.6195930539112393,0.5327662398074058,0.0686886243794757,0.7464536136755029,0.14390863717433458,0.680340693793838,0.8834975500481985,0.9607803634954029,0.6440244014706834,0.45905139710732784,0.5124195437985638,0.5299150282964662,0.5587834173570376,0.6346881766892126,0.7421488647263064,0.8397329775802229,0.38870387622195973,0.8417944866607578,0.5980629580164197,0.5638167183131696,0.7161184274676601,0.9059024905676741,0.7333815793348789,0.11875212057181683,0.8589729537075811,0.9649415888456738,0.7778656097356403,0.3211231700632438,0.058459686056207806,0.7676666974940041,0.3793659100796829,0.9153306296650234,0.6282295406097559,0.8396534936507858,0.21184042752754428,0.7925494055043806,0.6551678282981527,0.6771798335332294,0.0,0.5804018505931,0.6055778102516958,0.6051199044856238,0.22139222593420962,0.8616880011940892,0.37950019038428784,0.6532677493040192,0.31416512389436363,0.6891494018562547
ig_lora,DUSP1,0.0,0.5290456397936618,0.38279640562193473,0.7582051470479718,0.5903138677144798,0.4997101634082738,0.2594559468824324,0.3281051913056999,0.8410287738825878,0.6742486428977807,0.2362448067544848,0.6703946037793497,0.509422312944593,0.5922113630357774,0.5082350455493823,0.4605556470941771,0.35477325497043805,0.6618033573234074,0.39422333797491227,0.7138018392600242,0.239729413952519,0.4326152172956883,0.0,0.6209470245279152,0.505126137850414,0.5411757217611869,0.0,0.46460590607330376,0.5819306264979873,0.08499243297772587,0.4610902911979116,0.32084384831692986,0.5642704396377696,0.42684748722006666,0.686674471374392,0.6587692958400927,0.29455371178463235,0.445496091160951,0.7593612575060108,0.5563495952088574,0.4429565719614773,0.6406041381633496,0.42643736864030285,0.38062046385363624,0.2598962635831627,0.6566486823481131,0.6070796627325856,0.4774132831224841,0.0,0.4983599924834879,0.41565321276283945,0.33224458422490377,0.7838065595397948,0.766797577883475,0.5718007836431656,0.33113970117118935,0.5642699270750606,0.4626581349008149,0.11644342853410791,0.0,0.46918252714321507,0.4923881902810129,0.48749509709045663,0.46778474888158084,0.4858738867478129,0.4367272237638276,0.42922082338699896,0.4668319019141064,0.4280858514571972,0.5480331097275538,0.4733091671800974,0.0,0.4462665158441027,0.5222064302834141,0.6783279347691947,0.0,0.17451071892780867,0.4172368998929946,0.4172368998929946,0.5633849555307275,0.7704970780814929,0.44686542365875664,0.5286041160530934,0.0,0.535764051759984,0.0,0.8445095963075149,0.7439960073416584,0.3253247469398789,0.7972755812745995,0.5053369631422271,0.0,0.5119333349848367,0.2513615462668237,0.44077595717832346,0.23819701240106014,0.0,0.5723399897823106,0.6155012940982892,0.742384208915888,0.6106224771442209,0.5387389034752019,0.5022569128115962,0.6273608999282454,0.44673816608279154,0.4540631395783602,0.5549265481871746,0.279450246883999,0.4268414820631397,0.5423239265301267,0.36385830864948593,0.47061912473074063,0.5583937155128792,0.7722364340729863,0.6473223923254303,0.7530831880010065,0.41862860316830586,0.5861036521588866,0.3001587116517357,0.44107142785882836,0.6093943403197627,0.6280501580160514,0.8926982143950434,0.6093831291475028,0.5008515063882385,0.46061071767418754,0.5297848543802022,0.5031446984908334,0.5315712372455588,0.4754178575442405,0.5104286745970968,0.07259921157766157,0.3014447347585107,0.6359773782172327,0.5062008411112213,0.7431483299659174,0.48781499242070514,0.4626188530701515,0.07573911033138912,0.6419759098422451,0.15282667016924345,0.6534050343814618,0.838702508640219,0.8907186243567479,0.6876108539661142,0.6008773833172182,0.43256180928902493,0.4814824482299271,0.5036279228885743,0.5728938021240586,0.6119956785722052,0.6441962778706275,0.49888888539124693,0.7111277713973826,0.4543600044339595,0.3545171093628384,0.5537071751761808,0.784420564601249,0.5163492492416675,0.11387245921244124,0.7245911164692072,0.8862396262579557,0.6582425515669251,0.24928964847605384,0.05654284014986155,0.5406217604807224,0.36815273090237394,0.7677392369433262,0.4599721418927187,0.717458502753838,0.11222344040451679,0.619692727529327,0.4706294181299066,0.7299420154957322,0.0,0.455021454310875,0.4750796768521264,0.44670734645654236,0.3411154374777344,0.6622868590033298,0.22455471711747144,0.5119642360339958,0.14299051003515445,0.496753534166897
ig_lora,AHCYL1,0.0,0.8112277146909265,0.24107228373123507,0.9000389642969638,0.8747682808261011,0.8233400827543436,0.5148059769815224,0.4699185071030188,0.9515827029895413,0.821058461461435,0.4170096502477505,0.7673872076016118,0.8605012938943508,0.9559677273643319,0.8669248766452713,0.9673274737166406,0.2447753628329992,0.935793305058216,0.8078805562800649,0.8614273737273074,0.24765107104874173,0.9180651401193133,0.0,0.909910102275304,0.6341358658398212,0.8826762018005918,0.0,0.9608246540737025,0.971782818209826,0.12207197761957127,0.912216750116401,0.6324041603940634,0.8757268513773006,0.8345516827571527,0.9268067680199403,0.7983648669526137,0.33117120975866915,0.6682285012398471,0.9627717218979945,0.9056046218889602,0.7099696257759597,0.9311010082755083,0.8862157325131779,0.6574931887972874,0.26185770152488175,0.766965350299449,0.8850444277343354,0.9678907931353192,0.0,0.9694484070823935,0.8425519093594459,0.6554131918052739,0.9878336443262681,0.8067081998461804,0.849273741630343,0.23152761094224572,0.7602792033479528,0.9041352693556729,0.14068193693130332,0.0,0.9389838425878745,0.7919392077619151,0.8022405453232432,0.9026034984423069,0.9269320099741549,0.8465262949314596,0.8149441939567008,0.9376976640807008,0.7465357013397806,0.9704391428864844,0.9492158771008723,0.0,0.8934456135298282,0.9694699344565331,0.8330292557453803,0.0,0.2598379184830407,0.9270456575750396,0.9270456575750396,0.8423523976150116,0.9767600025446848,0.6555969202170184,0.9614579203612932,0.0,0.9438030759443694,0.0,0.8796677423549485,0.9829635332904076,0.23728960733717036,0.9011053624815042,0.8194434639427293,0.0,0.9424048073648879,0.48928403860047365,0.9307803914332003,0.44008038859561033,0.0,0.817159939016989,0.8604201750491806,0.9669514121462623,0.9675404276610677,0.9359425596198707,0.9495952625600604,0.8208514364401445,0.9298876551584437,0.9186815996762597,0.8914492329683967,0.5473392200658443,0.9147523412153921,0.8225716802668943,0.24751338515385946,0.9296283712554398,0.9330714353145811,0.942605127585399,0.9554000684980949,0.9275116966395544,0.24685402227675426,0.9522041916037185,0.39965507490625024,0.7962688864698866,0.9474509361794274,0.9006556783911591,0.9191547739562724,0.8789376927178278,0.8409630678133061,0.9420200890475233,0.9745564517351647,0.9034736974555218,0.7994966846620093,0.8742744221379032,0.831040530384903,0.0897516812607774,0.5204489816142677,0.8920976600798572,0.945870985127686,0.9822655538109024,0.9405584307482827,0.8658741530224623,0.09592228416727874,0.8911415519662724,0.24304031383954394,0.8569803212110294,0.9193120171070172,0.9838857649286089,0.8836234790640451,0.8618331887408357,0.9218572631096789,0.7752402919262077,0.8664141134506305,0.8628880388649122,0.9227569081111685,0.9744885753677879,0.7067380480422983,0.9413685721519585,0.9551717428244091,0.6714261420277987,0.9271403502026238,0.9692189545524796,0.9173242329211886,0.13912377370605078,0.9526304115842659,0.9892350635945001,0.9615425873772164,0.4571159878182603,0.06673047821108458,0.9348022776782259,0.8027148133810864,0.9809965918555971,0.9315707156509511,0.9429466894122227,0.1923924881662218,0.9291411331073347,0.8771766417892356,0.8405326918247242,0.0,0.9503458284347889,0.897289303170591,0.9311698279905047,0.401148090210189,0.9562975471282872,0.41056616928006107,0.8853684876170628,0.23562969740161488,0.9216180670776829
ig_lora,COL27A1,0.0,0.29317346579160813,0.29415749919111944,0.2384149726162355,0.28024172528633,0.3144008258629491,0.13448006856254016,0.21385588129870556,0.2541542308987353,0.19827045854003456,0.2089465023974767,0.19539239684885143,0.2842355808778376,0.24972292358453996,0.1973179640658999,0.2345472642118693,0.1750258043249815,0.3061381162066322,0.25760026932918245,0.2298213619761538,0.26002341258363015,0.20275305136457195,0.0,0.23252283570571528,0.18631290350755206,0.19448753083807657,0.0,0.2385112381769184,0.25119595486507557,0.12725794450650935,0.6031127024142952,0.9513768430182133,0.28984284571939967,0.18784075611235596,0.2451098472457164,0.1901531120068062,0.2105212575411806,0.2271589158644141,0.2540207341806122,0.22570017943481568,0.21193774266425652,0.23802647584144587,0.2881506814118656,0.2138063942771997,0.20052705258228326,0.20904774264690862,0.21406075009896483,0.2385112381769184,0.0,0.2359543508175439,0.17151712382885925,0.16431404919688536,0.2585359455997976,0.2324592750345639,0.23047242575957816,0.13434354238102952,0.26974382993018475,0.20368610762354358,0.13645864538641958,0.0,0.3554564634999063,0.19754941306512244,0.25454271410340845,0.21145949831921979,0.22490078584168896,0.20599023308550699,0.2573851668646529,0.22750289225843603,0.1701181486800933,0.24842117308954123,0.229918490132052,0.0,0.18449258421397013,0.24564639131400684,0.14349766740576406,0.0,0.4523867434798018,0.17333500216065367,0.17333500216065367,0.20482190047449353,0.25781241572173264,0.1792124447593319,0.2335579923886333,0.0,0.23701895766601266,0.0,0.24485468096272894,0.25530038401618016,0.1402705109514904,0.2502104949933636,0.2707475696278758,0.0,0.24082303558670629,0.317109108241143,0.8061635655425818,0.43845002662710086,0.0,0.20715097892379894,0.2042919272433114,0.25562437455876547,0.25353261320236764,0.22023810046457443,0.272363525321506,0.26848562484462796,0.2244649618954798,0.4210486299896158,0.3508173055560794,0.19720932929380663,0.20695103975616144,0.20802098618017467,0.22971192120905815,0.3629424966130603,0.4014516280867217,0.2527641497613685,0.3241424357981058,0.2724437413110978,0.2897079640552992,0.22228471424325866,0.3082602891543451,0.28618027972554355,0.3348984973339132,0.1918426948795056,0.21884701560351846,0.2372629756004802,0.23727004010100566,0.4478371434598913,0.24329369013000837,0.3359562664788677,0.21757538415382263,0.21408535055722164,0.2830433962026146,0.06857664183877424,0.1710248704275303,0.21702193922153235,0.24238916452798068,0.2551744454186206,0.20893912040056709,0.19437765715864824,0.06737786339696909,0.22998262137320677,0.14622383040513795,0.23203777069896653,0.2699182707037072,0.27120683275440527,0.21161229801139453,0.19264837802062726,0.17567259666704782,0.20083388190164003,0.3019109811737819,0.21678378615714836,0.2524077497503342,0.2547274953066648,0.17625261686294666,0.24756782486988596,0.2385112381769184,0.37511223150516615,0.2983887709966805,0.2560490345122158,0.34969584399782655,0.12960272719530844,0.2498274745413823,0.26093043519236037,0.2478815821741186,0.1902456989999613,0.06404225593777207,0.33359975760877053,0.12695426617880737,0.2587528073601481,0.22281964584603275,0.28390793541633613,0.1947946359561261,0.3061798809337523,0.35563059730412433,0.2149536392841494,0.0,0.20700922820985412,0.2065532953044301,0.2055010091186623,0.1451591879960109,0.3148632419594165,0.38569630935582305,0.29728067571059424,0.4303910316976332,0.34807309699306066
ig_lora,CH25H,0.0,0.5100011838502871,0.39986926904822767,0.7789029287929791,0.5443728746163145,0.5466394806153445,0.18701527507787688,0.35252825551652556,0.8596486366463076,0.571861670230548,0.2094866442371455,0.4402758803572092,0.41668610010762086,0.5654719125731215,0.458788746582152,0.3049460272669958,0.31936333195675215,0.7244462402452992,0.3699576201950843,0.7129865184131048,0.34105848026037355,0.2880185718556441,0.0,0.5743713183762105,0.38108712454216287,0.48532096418845955,0.0,0.3207914665536199,0.5455416332130357,0.10248688162899115,0.35117868621417,0.30947277289148745,0.8402667637187611,0.3323845243321991,0.692272287819478,0.5235212123957662,0.7509233223929724,0.8552741581537562,0.7811413304314898,0.5133360886674979,0.41586086977444636,0.5987169777232735,0.3869338116569024,0.3314553696142503,0.3125142463861214,0.6382415902317121,0.5867286477709037,0.34356013686327386,0.0,0.3975931971686435,0.3164411637416028,0.24690279329423442,0.8122936691939853,0.7686057139411728,0.521077795189272,0.27176467709843805,0.520529934410456,0.3620454922943091,0.12337710561534057,0.0,0.3594178655616693,0.4116435368839434,0.4873195393966024,0.3699325907262565,0.3904193791681804,0.3436346780236096,0.34586809179341577,0.3450463795530076,0.4696918680542341,0.48626445493647513,0.34996845438713753,0.0,0.32481525364516983,0.43733726016852037,0.35027354632188484,0.0,0.28827557629171546,0.2623880428511548,0.2623880428511548,0.5376706310096915,0.7953736119359817,0.41911089882729574,0.4608967171876033,0.0,0.4745161336161075,0.0,0.8476883276645427,0.7656812779384231,0.27557166230615343,0.7985427710362234,0.5106446488274039,0.0,0.4316801722101348,0.305365227561794,0.37261667876752574,0.20552440913179632,0.0,0.5272640491153513,0.5907824078828399,0.7656027147809213,0.592474879932172,0.4887131632259202,0.44586452938014237,0.5783088271817927,0.32845448811522987,0.485081086969951,0.7911980043455629,0.21520876068973654,0.2783956798013965,0.4802468539541887,0.33248254804296545,0.4391268982920632,0.615684710874956,0.7780818949141544,0.7189448819086239,0.7898413383285755,0.41007050463199407,0.45264926606840894,0.4076223299523588,0.4297173411268341,0.6738255719692334,0.40983999991438674,0.5120559421461864,0.5347650843144077,0.4366551467533816,0.4659952756263854,0.4599450779194633,0.5265835948400667,0.4452107414156411,0.40578092637963487,0.49505578844190223,0.07173592171457197,0.2584413023904515,0.6212919527215225,0.41896906629281,0.7661471724771856,0.39349279648359303,0.3717252040737174,0.07298848598732649,0.640125386007348,0.14057829054132034,0.6131056225700959,0.8855870115235216,0.9132314119875075,0.5873676376500271,0.409906839699233,0.27908052242594944,0.4187768352075246,0.46285708463336067,0.4909006411573656,0.5929961303855389,0.641941892834513,0.4142298846197378,0.6953917591073335,0.3025765303058968,0.4103454675687515,0.5675425788404531,0.8106531383239841,0.5405267923913507,0.11942176819739184,0.7424069306079926,0.9111585147634506,0.6605492143132721,0.20702590953015504,0.058236757664560664,0.5871714252618773,0.2474452595027576,0.7962772838541194,0.344601158854349,0.7325581288200789,0.18365290962568437,0.6739913158320224,0.49296835567877095,0.6538405523525185,0.0,0.3188793425094594,0.3908718451124439,0.3115054537904009,0.3046992373652305,0.7320763146617095,0.335577151221917,0.5343058689010571,0.2810851513077638,0.5194828152758556
ig_lora,SERPINE1,0.0,0.4887891996604855,0.17321515333313792,0.7518387410875034,0.6671691666150762,0.664456103811593,0.3897124247276882,0.27631666166006275,0.875593666070511,0.5881160208979891,0.2717730420178518,0.47742895464327506,0.5769042779553226,0.6758195127634865,0.6234607143473334,0.5926411447710035,0.1693419333598256,0.7038109217160874,0.4901995542383476,0.7105656736336701,0.17791431659710874,0.5549847189296431,0.0,0.7128269053253206,0.38683968787623596,0.5615684799498976,0.0,0.5925741931400637,0.6741129158168028,0.09740045113475174,0.5716113306362157,0.39966905143992704,0.5735244805700637,0.5215324625226878,0.8147705074502655,0.5440824403244419,0.220360328076658,0.3897808073799091,0.798672662419273,0.6530940803928195,0.46432285043974625,0.7092344509704533,0.5290554792368679,0.4316548886845814,0.1877065740229583,0.6177576518822303,0.6133185025973472,0.6036508435609764,0.0,0.6696280205236605,0.5446367913181706,0.46438055644435156,0.820733893117885,0.7595648495617547,0.5648804517826421,0.15498987293106567,0.4865667265039116,0.5970664550499737,0.11629433355107036,0.0,0.5813716584794187,0.4797235454511484,0.5507879829313382,0.5726499134911082,0.593513112750082,0.535854914391754,0.5243435563368141,0.5849243179707588,0.4314599555124832,0.6508352669465745,0.6018713420320416,0.0,0.5516222747578737,0.6333770302939031,0.481968817450708,0.0,0.18612576527967456,0.935392671785211,0.935392671785211,0.573799323612059,0.8209942480803406,0.4325126815074425,0.6289412881342563,0.0,0.6330759604941332,0.0,0.8381580583659772,0.7857194587807627,0.15828343092280572,0.8081417735483957,0.5177294267191824,0.0,0.6165423925874519,0.34878763039347693,0.5652368896384521,0.27826254896399355,0.0,0.5571251566617448,0.6106779351434726,0.7869966770126506,0.6923519417588235,0.6863260154741954,0.6161252342604026,0.5833972325100583,0.5589280572786678,0.5628708771680155,0.5772377559318121,0.3383199484834386,0.5499327006011632,0.6434374550617742,0.1726982941535904,0.5844543897737612,0.5947837055887196,0.8003213558938955,0.7143617640834915,0.7856816059399332,0.18163638121465506,0.6054564164134888,0.2623023058222211,0.46046593313013967,0.6850714054185895,0.5375138358575481,0.589601716296939,0.594688079190162,0.5549969140091342,0.5825287321220259,0.6323181539135887,0.5958412833761899,0.5198413988169717,0.56209872539823,0.5915075244213305,0.07400018638263473,0.409432370516084,0.6385729240038951,0.6139830303083768,0.7871235207817996,0.6446534487178764,0.6398732031316906,0.07791690315781681,0.6926071809294215,0.1611986815058318,0.6264694828395849,0.880155736624991,0.9061284647712621,0.6167906048742414,0.520471141869106,0.5515089999099575,0.5268611810809475,0.527112191545649,0.6423998595886795,0.6936892386739867,0.7179823309953102,0.48009681739719856,0.7496960433757291,0.5837128728033335,0.45343361335097604,0.6531178341142646,0.8300547694145697,0.6307881912168777,0.11400902748736665,0.7937598283463028,0.9035202711299745,0.7105570431502863,0.30486883536195225,0.05911837239405594,0.6332759594048293,0.4704486622224674,0.8095465092435861,0.5732577476635053,0.7597824495595386,0.13254067708711023,0.6835538971130366,0.5658782834312946,0.6615087349815928,0.0,0.6387933547427956,0.6175121991501726,0.6089973001925701,0.2597074180769762,0.7237036107544771,0.2642927522767787,0.5922862890994718,0.16958321019926378,0.5961902402756394
ig_lora,PPP1R14A,0.0,0.07087915887019909,0.06677445361481649,0.07553332765364272,0.0842134604142696,0.14024055042661684,0.18533315642250336,0.05290135358157636,0.08903648658439246,0.07060367336511794,0.07201986012099365,0.06698116991667345,0.07579575834582822,0.07984576499949946,0.10812175680703584,0.07603840947518127,0.07390271342704376,0.07804294079152994,0.05388353424595401,0.07938257464265308,0.057690350196981814,0.06676502488785678,0.0,0.09325686720012524,0.07440875562583962,0.07020806027136589,0.0,0.0773028231038517,0.07983165036119258,0.05287984231190505,0.07497373267372603,0.07574857193842637,0.07582316120795492,0.0744549385801803,0.12179647006469482,0.07259845068907615,0.06627237741080197,0.07243141924635388,0.08007177591921827,0.07760634843406407,0.0724132598458436,0.07683671443017502,0.06916688660606539,0.06444674150042798,0.06897169052612281,0.07210432561405238,0.07713174588530487,0.0773028231038517,0.0,0.15315919246114723,0.11527962490635486,0.11481833925572489,0.08071135660821258,0.07757905518929478,0.07168346073116771,0.06130961804252646,0.0601872927305298,0.09542825127621528,0.07165137717295346,0.0,0.07687717455695416,0.06165985236257889,0.0688696044099137,0.07369145202700607,0.07505897792238572,0.07156905438144173,0.07191400137701122,0.07450626124200335,0.05930107808443818,0.07941017915163577,0.07494788659629394,0.0,0.07023925285953182,0.07892849776928512,0.055147229701511195,0.0,0.07458831050168056,0.3565606671425439,0.3565606671425439,0.0677260647672622,0.08058574781614848,0.06033426110726452,0.07722800892328198,0.0,0.0770644568789196,0.0,0.08146694482478221,0.08023379856735133,0.05854444937133621,0.0784097758336304,0.07050782205797533,0.0,0.07861240357510411,0.1251847331625155,0.07428381240890723,0.07609486802840876,0.0,0.07018763142255505,0.07184113183524647,0.08030705959475799,0.08014775376836018,0.14352229099571445,0.07415249207379825,0.07261509143569966,0.07529177139637652,0.07299380398532145,0.0717036062171541,0.07418473751396,0.07517609755540203,0.119978747741064,0.0514903124858723,0.07223466514612266,0.07401035857475666,0.08289620172786481,0.07843892445919813,0.0778572469892835,0.07399756597605905,0.07394618902838666,0.06132325855310214,0.06443498191880766,0.07790749655306516,0.06973864615037653,0.07397774641285816,0.0766948611491528,0.06436831073937223,0.0704675058672035,0.07861240357510413,0.07568553960935728,0.06833056303424205,0.07257929772114932,0.07494951234295207,0.04323833844569052,0.09370402602124277,0.07277557433590194,0.07887331022921668,0.0802937327165808,0.15212233424116328,0.06708455850634824,0.04290205034748021,0.07537898794577483,0.05496339082195059,0.07515841417371659,0.08624573570471165,0.08092345704875355,0.07222117840552009,0.06826000280186109,0.05835194486720193,0.06952953701448204,0.07265152060239746,0.08412204818875901,0.07970189246080625,0.08029748696122906,0.08826438351598653,0.07927181058871444,0.0773028231038517,0.08452627045417081,0.08870485732845206,0.0846146381140857,0.09171053881704494,0.07101225968248705,0.09331194434686532,0.08096856009453474,0.07928294074694457,0.07131285671541249,0.047893884318969404,0.0719250662831682,0.04745531350019968,0.08075122390931645,0.07446405174040518,0.07901685493217668,0.03949221133736814,0.07806397949866245,0.07203289288939935,0.07435957483856101,0.0,0.1911581968274474,0.10487279790988499,0.11531850915732636,0.06471556023671243,0.07864595080994412,0.06105443706544162,0.07239435435165413,0.060201328573838836,0.07144117149836181
ig_lora,CLEC7A,0.0,0.7722390660891442,0.26105378518273625,0.8513078760371914,0.8052392602035734,0.7941346884166582,0.4559487017107287,0.46673073852535907,0.9054150377023998,0.7633283041536906,0.38239712440293205,0.7188048079036763,0.7887083488174487,0.862463466252387,0.7876122140083401,0.8544627641062789,0.23181832961770155,0.877517266118424,0.768213225339964,0.81582285316437,0.2695330432857887,0.8204155172930053,0.0,0.8240317530261237,0.5767232990260981,0.7958170304444602,0.0,0.8893184712096512,0.8708357031443225,0.12357413587746363,0.8193725930403455,0.5977444186143742,0.8151205905469502,0.8277212277263679,0.8574425496846702,0.7429931229561498,0.34473873723940407,0.6507889494968012,0.8948263043178695,0.8252756954086439,0.6879291527623813,0.8509057026974594,0.8047857116230955,0.6041777171418892,0.26047041168191176,0.7354218646961096,0.8096440789586936,0.8564841146048028,0.0,0.8510964123806452,0.7615495679304611,0.5977740063248257,0.9091179662900826,0.7974322110559029,0.7845249830091839,0.22130642682592905,0.7426458585414978,0.8152014855333463,0.2003787863298619,0.0,0.8279140869600684,0.7379046971889002,0.7662730250687058,0.838030352227354,0.8482607116746406,0.8356073887883609,0.8226973573274532,0.8363833034482671,0.6985738006931708,0.8658033279421532,0.8478196538068686,0.0,0.8277854453682557,0.8622247500206106,0.7582338980534531,0.0,0.30838587305228055,0.8132389691717483,0.8132389691717483,0.7791683147251289,0.905308688633033,0.6416656672966579,0.857569502297341,0.0,0.8477524157753209,0.0,0.8663631573927864,0.8886028847152234,0.225659163703412,0.8634296133781938,0.7746309610792824,0.0,0.8441422810391038,0.47085517881825556,0.84454021386306,0.3934142378603299,0.0,0.7615512417190918,0.7939233158553923,0.8941502346885316,0.8721073831663337,0.8348383359921647,0.8575709230628886,0.7821377000735786,0.8123805320868255,0.8460118169261706,0.8344916717644332,0.5440838569563031,0.817721107517816,0.7532071598338153,0.27341534154186187,0.851118375075123,0.8609104799664106,0.8799630538044791,0.8916066508200694,0.8833213378336936,0.2601748646620804,0.8486447964185112,0.396197284661939,0.7519597139012238,0.8820224523849163,0.8074979251309099,0.8262563361627214,0.8048415896531229,0.7838989087953742,0.865240701019546,0.8528391751035127,0.8393501691442941,0.7504271033704132,0.7829787214752146,0.8058359179696504,0.0891191191019467,0.48325556440023276,0.8018587191928697,0.8457021079576819,0.9057025637627336,0.8323923192770911,0.7883088836975544,0.09601185687207456,0.8285578449587901,0.2298914330750684,0.7907528944074126,0.9088501610058459,0.943468066598691,0.8116072847777364,0.7828849307149685,0.8221706221118651,0.7238632180637835,0.8013496086538648,0.7980628535961202,0.905453974909126,0.8812282327763884,0.6622273905436517,0.8700595246601424,0.8462382129654585,0.6406178622980577,0.8539607454424267,0.9035698392645534,0.8518009846100378,0.19593647924902927,0.8786263955210482,0.9447425467997101,0.8457185247346757,0.49091691745621147,0.06573343966815447,0.8638098523156827,0.737221187117385,0.9077397879602304,0.8259671509359363,0.8750148279270499,0.22434650513459242,0.8627786901411924,0.8273447265866883,0.7881102763974229,0.0,0.835950819435082,0.8124897997167106,0.8318196385582117,0.3753432292351532,0.8901574122782342,0.4100678421205956,0.8226259766272329,0.2550501201982231,0.8485671898193431
