method,gene,A1BG,ACMSD,ADAMTS20,ALAS1,ANK2,ANXA1,ARHGAP27,ASH1L,BAG3,BAP1,BARX1,BCKDK,BICD1,BIN3,BMP4,BORCS7,BST1,CA8,CACNA1B,CAMK2D,CARS2,CCDC62,CCDC82,CCNT2,CD38,CERS6,CFAP20DC,CLEC19A,CNKSR3,CNNM2,COL13A1,COL5A2,COQ7,CRHR1,CTNND1,CTSB,CYP17A1,CYP1B1,DCUN1D1,DDRGK1,DGKQ,DLG2,DMRT2,DNAH1,DPH6,DYRK1A,ELOVL7,FAM171A1,FAM200B,FAM47E,FGF10,FGF20,FNDC3B,FYN,GAK,GALC,GCH1,GPNMB,GPR65,GPRIN3,H2BC13,HASPIN,HIP1R,HLA-DQA1,HLA-DQB1,HLA-DRA,HLA-DRB1,HLA-DRB5,HSD17B1,HYCC1,IGSF11,IGSF9B,IL1R2,INO80C,INPP5F,ISM1,ITGA8,ITIH3,ITIH4,ITPKB,KANSL1,KAT8,KLHL7,LAMP3,LDLRAD4,LRRC37A3,LRRK2,LSM7,MANEA,MAPT,MCCC1,MDGA2,MED12L,MICU3,MMRN1,MRPS30,MUC12,MYLK2,NAA11,NCKIPSD,NDUFAF2,NGEF,NISCH,NSF,NUCKS1,NUP42,OGFOD2,OR9Q1,PAQR3,PARP9,PDE10A,PDLIM2,PHF7,PKP2,PLEKHM1,PLEKHN1,PM20D1,PRAG1,PRDM15,PRDM2,PRICKLE1,PRSS53,PTPDC1,RAB25,RAB29,RAI1,REDIC1,RERE,RIT2,SATB1,SCARB2,SCN3A,SEMA5A,SETD1A,SFXN2,SH3GL2,SIPA1L2,SLC2A13,SLC39A8,SLC41A1,SLC45A3,SMARCA2,SNCA,SORBS3,SPPL2B,SPPL2C,SPTSSB,SREBF1,STAB1,STAP1,STBD1,STH,STK39,STX1B,SV2C,SYT10,SYT11,SYT17,SYT4,TAS1R2,TBC1D5,TEKT4,TIAL1,TLR9,TMC3,TMEM163,TMEM175,TMEM229B,TOX3,TPM1,TRPM2,TSHZ2,UNC13B,USP25,VPS13C,WDR41,WNT3,WNT9A,ZDHHC2,ZFP64,ZNF184,ZNF396,ZNF608,ZNF646
attention_zero_shot,CYP4F12,0.4322364248852393,0.48767014674283493,0.28470504322575346,0.5526535701844574,0.5377298542265082,0.6077652646194064,0.7231326574045577,0.49118091502053907,0.6530952768401688,0.5833054160793837,0.47245822140283134,0.5043720284429999,0.6118715781379214,0.49974722057415705,0.4988308620946555,0.4282049439890397,0.5339447839288327,0.46002471806758544,0.475525974735517,0.6383030064642372,0.6391810217952224,0.5972877472727361,0.4137160098597865,0.4201378173513931,0.6252620438138649,0.8923597958439825,0.0,0.32514156607281985,0.7659812856874666,0.4731014692976412,0.4887387005881691,0.3937198647703921,0.5550218962607153,0.5749852754807498,0.5627114653509939,0.4848314782547415,0.8711547314900494,0.8962149325304277,0.6342939608614301,0.8890221670207992,0.607299688980273,0.44903218976397946,0.49887523470146783,0.36910094236906626,0.3082542971965134,0.5013517056692361,0.9162798412119864,0.498890780215899,0.0,0.638516472499169,0.6005443588834629,0.5851487094504395,0.6449556727683222,0.5775902337180344,0.6629466481947874,0.5521021877423709,0.5864780147017212,0.6030766706583858,0.5645920846822625,0.35062935525886885,0.4217709314849301,0.5638770052604026,0.55351494836957,0.5531936735183639,0.5582764794757455,0.49674933012581707,0.5154693579644212,0.5322959125975669,0.6053538092051559,0.5938350978927939,0.45249996663251735,0.4258844123020549,0.6075822697109239,0.35568534556697173,0.5234595281819096,0.32514156607281985,0.5203766846132943,0.38501232546521397,0.4685023191952893,0.774745650833653,0.4073901929042076,0.3565457515931494,0.5438959437811276,0.5663484839557335,0.5619091320382704,0.49910546642839154,0.5057257424315335,0.3995361900638849,0.6307888909480955,0.5273151652770702,0.4310702012145039,0.5421761934408412,0.44090376655332636,0.49806661374743866,0.3950111412304505,0.4338602508541671,0.5223343191718376,0.6496448960835759,0.5356644746692206,0.4961908352781748,0.6033840159577649,0.6047125798361218,0.6018004003755797,0.5951051823026143,0.5781461004368433,0.584535660556333,0.0,0.5290717219848567,0.6790837333973679,0.6955314684233493,0.4842225215366174,0.5107102389457296,0.5846431601109847,0.5269278572358266,0.47426236516988507,0.6193580526984938,0.4004691247576453,0.6276778850384653,0.5137306645243457,0.5853346759372343,0.6439433035887104,0.32514156607281985,0.46525312519355466,0.5780818116560229,0.6041074460281982,0.6310894289370547,0.296114508270884,0.433436318544272,0.6423372673740321,0.33167170389661355,0.5113841153975378,0.56156801007202,0.5553438096403496,0.38331469877797025,0.5736047356746408,0.5825407228470626,0.4442114672336986,0.6762009131205615,0.6171035148902094,0.49315865380691304,0.5669398846777038,0.37225744907274133,0.5866353442969837,0.5936281273960284,0.5314955440249529,0.7533058835370094,0.682545530353774,0.5813435919013755,0.5568661004921721,0.6488057904499412,0.7388850721377224,0.676978815970311,0.6963691694838279,0.5925608065585592,0.47412694826429663,0.5454410495807543,0.45124997700251374,0.5339648201116971,0.49425355672602805,0.5173900066621977,0.6218139783648199,0.49000118105023416,0.5798966872433443,0.5968623546065251,0.5669398846777038,0.46561117598237517,0.49738484782902165,0.49910546642839154,0.4973425879880464,0.4631497747297422,0.5381050499364398,0.47245822140283134,0.5928159982363419,0.7301990994936105,0.650324809145432,0.6118219943945741,0.5177528099337745,0.3913971581611722,0.6466837378036345,0.6427943666855893,0.5161922928943365,0.6768245426008002,0.4137160098597865,0.45546560665164026
attention_zero_shot,CD69,0.5491945579003131,0.2824167889088859,0.3669983066293793,0.29167244635100514,0.4309249234407432,0.47947226620831834,0.6931641190053838,0.18997842547075314,0.3525446938142634,0.20338839506366574,0.1388599250681446,0.1377094094391564,0.31012588781536243,0.2575182216172967,0.4394693531110784,0.4814436550599966,0.7826593811924035,0.2983315730559195,0.689273884092048,0.530702756664926,0.24108764433806643,0.23279054454080036,0.13790768872872108,0.12762727726181894,0.8532663392990902,0.557370516493403,0.0,0.4116205035321016,0.736830681856797,0.7597180673047449,0.6186081736538941,0.39072153620888006,0.29445795338242936,0.7931979191626491,0.6037269077692244,0.47233413941457314,0.35856959741865335,0.3177779314658261,0.26152432935179976,0.3556771061839144,0.47010616458547927,0.568088692667219,0.14038548915846139,0.2613318989848511,0.1785182445144454,0.20458930928111663,0.4809819958097939,0.8823356907608544,0.0,0.2500564456960462,0.6101228937787581,0.5775972709021265,0.6287200597699346,0.3360002163798066,0.3394328195666023,0.475909294648683,0.27469292190915706,0.8018400054347506,0.7794218989476812,0.7231851085407135,0.1548985728738378,0.2007737030028134,0.3658785360534182,0.528007191716668,0.5218774149857156,0.47659559244274524,0.5110038298436692,0.4854194049725248,0.2916320790803885,0.7135064713061714,0.752362471734315,0.6434256690259574,0.8638364910686466,0.12366540502028296,0.36653868323022226,0.4116205035321016,0.6968513990266458,0.3921757046023073,0.5472817620741175,0.38433437655797614,0.15548426825923017,0.1046279712849239,0.43362291897816213,0.538970539837083,0.49823598471824215,0.6602111366826037,0.2899484865657757,0.23749326114438485,0.46177090380932645,0.4064304713561554,0.21304063110933502,0.8452428821822573,0.16927094560398426,0.34232101699371253,0.3773104322274948,0.19420366588515034,0.4140293394838103,0.3053647270092423,0.21376231792828215,0.45550898314176785,0.36285422626839786,0.46773873718389714,0.4885122030834584,0.34673097861074764,0.19828794527134258,0.2746534827112217,0.0,0.8725303316575923,0.4938736511711467,0.3417633853669177,0.30340245155412227,0.23818057379174334,0.42168756162759646,0.5110069554374241,0.33950173373719383,0.5390202639250189,0.42868216884276344,0.2819963221127784,0.1327865401977279,0.15763861497219017,0.3893408383940778,0.4116205035321016,0.23279749302613376,0.5982203870189233,0.33230955491914793,0.2321879903607582,0.13998614568007528,0.12617434051660026,0.5758683361370039,0.09064436425788787,0.5233426843511435,0.7360550021363896,0.8275155360778637,0.15540839063967438,0.41434247608962865,0.3830819024400673,0.30026896180658785,0.6489186808703246,0.6916726495244835,0.8878060625211122,0.8725303316575923,0.11464783117118343,0.3839215162228626,0.2720254723364741,0.47336301261164276,0.40270343043186246,0.43735643066929175,0.23563794922309572,0.8298558143877853,0.31711934198553415,0.6131041314065703,0.25277426165918804,0.3971971667379866,0.5524414724216996,0.559982465477723,0.5876394322371928,0.32777222801281525,0.6563353617774093,0.45205880295615536,0.8745984046203238,0.35268057408719167,0.26074158401927866,0.19837446280903853,0.30367735448490196,0.8725303316575923,0.46028630363104583,0.3235156140703915,0.6602111366826037,0.157583467823429,0.20904776225315483,0.6561604274768639,0.1388599250681446,0.47815837449522147,0.26259461291793684,0.3033334334596245,0.34331178716607336,0.5520259098606735,0.45282283373843885,0.4645106794907664,0.2460724069147163,0.14310383110710653,0.2524083333213652,0.13790768872872108,0.13998614568007528
attention_zero_shot,CCL4,0.7633390319159952,0.3266262967615468,0.8968872641255846,0.2712448818144215,0.26454986365823996,0.43404558988048403,0.48905291062500644,0.2260725527198116,0.32604348157269014,0.20618121781838886,0.15444835220330091,0.1285624649722612,0.30010395826398406,0.2922542635015303,0.9410119682426827,0.38305007797921553,0.5998678999682736,0.3523654159869495,0.44354950124893544,0.3427343471069828,0.27582368622229997,0.2598074660063154,0.15869225824226285,0.1362719437907884,0.4720621030983566,0.4609351536141816,0.0,1.0,0.500914860051139,0.44757510330511746,0.4876124534995192,0.6370957879915827,0.23254878146435354,0.40724559758675205,0.3170598920772646,0.507651398295563,0.29976221656479246,0.2553636637678451,0.2610267594940315,0.31380403370167154,0.3124552136876934,0.36390048646989176,0.1547748065139903,0.4323720067685617,0.2108002602472348,0.19563559412830875,0.39305153897353823,0.5017889704620901,0.0,0.2756514239265341,0.945181497801454,0.9959774249440183,0.5703473912229561,0.24492268288759506,0.3303504459106657,0.4105970541700057,0.2275266585484021,0.39800533773906166,0.37408863601571557,0.41486426309196317,0.14790087794851492,0.2210363941019496,0.2684406273363697,0.21717392878673744,0.21979012697021033,0.19668132532443403,0.21046561695638505,0.2041159777693388,0.32405238483900656,0.4115437684110104,0.49857690266506577,0.43851197044174467,0.7026507944261089,0.12311211679504551,0.3218077457157446,1.0,0.3670243173919153,0.8766918823398656,0.7293216757450498,0.37169803060189033,0.1581442152971238,0.09245016386348939,0.2368863251410643,0.3412720647101596,0.4288370870545118,0.5901639344262295,0.21488307304107837,0.17051617369324687,0.4120598255533057,0.37528539118013055,0.15316219361051978,0.7627686126311827,0.14478605551235146,0.28588060231630064,0.7848691908945707,0.14125255885752339,0.2901907759668334,0.36540037133660236,0.22905225152800682,0.22940750040204136,0.32640162199977124,0.43271513605571005,0.35145665217167954,0.2395560528249694,0.2162992262483526,0.2553200530253832,0.0,0.5422941622789873,0.4287646083460532,0.29617251044572007,0.3677263561905795,0.2508617597262608,0.21845797640700151,0.31340689966076074,0.3101447466198154,0.3057248400217586,0.9424723512641625,0.3248789252037499,0.14447786054909514,0.16873011702823262,0.3427446912817316,1.0,0.26521779878475177,0.3901214604078535,0.24948938618135888,0.2607941425007153,0.15869225824226285,0.12262148256868387,0.35571594099637344,0.0987774566762303,0.24907655529535058,0.4128568602532217,0.5208790571051681,0.14289030986418202,0.3457098976550605,0.27976192507158887,0.3488994204445149,0.43561401740513145,0.35436900828224377,0.42497338365481374,0.5662290483526083,0.10018202782599075,0.35698255116406746,0.3041874246547027,0.2416740261652325,0.3035175001110218,0.3624347517179349,0.19017497555071597,0.48991099243986164,0.2655345394449628,0.35441649438964645,0.2797911831247031,0.3569802857432094,0.3446070288272445,0.3053984895990881,0.4010060855908459,0.24787707376712778,0.45213450624075335,0.3270490443033925,0.43000298303778983,0.3149160884340272,0.34189768897115497,0.21458461568834758,0.2440476008227697,0.5662290483526083,0.2921099648073181,0.2902905534717345,0.5901639344262295,0.17467394674078812,0.2002188149399752,0.3257552597393887,0.15444835220330091,0.3273179516108445,0.28373829058660077,0.27226967085302123,0.31508349329704877,0.5713633524260792,1.0,0.2822881774188518,0.2808084487989499,0.15869225824226285,0.2810144854613222,0.15869225824226285,0.15869225824226285
attention_zero_shot,IL1B,0.7768654770800262,0.5006249254766127,0.7498185898329679,0.5752806461504845,0.5703799113731381,0.6919948710303734,0.6583881118872397,0.3923295148781348,0.6415085772720962,0.4896671267877286,0.23573868105183712,0.3017791815378699,0.6307448114537001,0.4175847122457219,0.8197070135121497,0.5380163715534315,0.6664615070871087,0.41656870924205,0.43835689322820814,0.5762883550138314,0.4502763710098856,0.49292608094115253,0.21938980705861408,0.36884897468233147,0.4771060518757944,0.5210272793464255,0.0,0.7774454237220785,0.5855080460673406,0.439978499047038,0.6133808841963125,0.6844527062750837,0.44878662929008434,0.4770311560554696,0.49148366989987924,0.7908928973772875,0.47172220390938824,0.4756351067208195,0.5730519582543089,0.5360014349152983,0.5743544605200295,0.4842680548657166,0.24225974239057138,0.6666618212103534,0.3532482040506012,0.4448679041305947,0.5100705050428076,0.45924689493299026,0.0,0.46423034635892485,0.9355838185441023,0.9756013109516086,0.5793815979521733,0.7653552485272023,0.6883179735181115,0.6090900495537012,0.56596282421466,0.492642960668675,0.4706797721249896,0.3569368286566433,0.3601883990241795,0.41944330077694064,0.622927049274533,0.4240041520940567,0.42812816707824586,0.4102225165406583,0.4071122353770961,0.4257155019443951,0.5546114200196816,0.6107213089666363,0.45917948177662243,0.44174815321711375,0.7690985263964268,0.3570463855540514,0.5717964120553145,0.7774454237220785,0.43476628121547495,0.7893532068023293,0.8079478203333779,0.6495864808504787,0.35972394565255383,0.24538552346315334,0.48646147067579176,0.6103627883361792,0.522020798788087,0.48287575159093066,0.5261994525793176,0.37437421198805,0.5263308841721979,0.6439040043671509,0.40549729965338316,0.711345479691196,0.23431011176293803,0.4653941811055098,0.7802617190853615,0.3029543386264595,0.4766355509646012,0.5200936133158957,0.48885290871211196,0.4513176367221789,0.5039925451243993,0.6597555760431943,0.6433753906503137,0.6201703295023785,0.43224783170349196,0.7360511184940663,0.0,0.47229160747045107,0.5308634855261148,0.652768955332275,0.5510902149270824,0.41468870389137136,0.44843888967071294,0.45227762993425186,0.5732634955964608,0.5670757117787859,0.7994305020284932,0.5514416982425683,0.2510653782712014,0.31452759456694984,0.6162674491510035,0.7774454237220785,0.4962551860855251,0.5227377230772207,0.6045002042637361,0.44575032314859897,0.19381933821665434,0.24157384139698748,0.5595820938911396,0.22784701225132173,0.47110693101716494,0.4829210633834706,0.48748119728724454,0.3560237384308404,0.4956501277455794,0.7137499819361953,0.41347923272081727,0.5397035737728507,0.491848096147024,0.42987509746558406,0.48073921431996436,0.24982451627609598,0.6960289476102142,0.5599981532647215,0.4502255417106702,0.47065127444619476,0.4750095592515362,0.5003127720464424,0.48083603831285465,0.5158839945530475,0.5168168823760032,0.5274665814526889,0.6648401474188073,0.5301968564348806,0.4734444307510667,0.5419409852513692,0.5387249778693403,0.49697743189885546,0.5375670608780253,0.4320556893972469,0.6178883568345004,0.5435095514796483,0.5643290957881735,0.6403045169652776,0.48073921431996436,0.5291858489866693,0.6167000898540272,0.48287575159093066,0.4091706329196612,0.5366924393594986,0.5206783282792705,0.23573868105183712,0.6349282291930796,0.6051431956647048,0.619479741653177,0.49573483036293015,0.7100449585898545,0.796521530260186,0.47887312460964954,0.4400501777560041,0.2409709265452837,0.46493351026722307,0.21938980705861408,0.22703312021014288
attention_zero_shot,CD36,0.6955610052784594,0.30426330381574257,0.31150017922194356,0.5596116577686558,0.7083588921464715,0.7096949352792971,0.750530907060355,0.39479588063933924,0.548359785273606,0.3561509139738101,0.22521867123272832,0.26677220486761766,0.6068189214533707,0.30739465248927444,0.3723298348184062,0.5442742418967491,0.7826312729353889,0.30301116529063843,0.7177269344513322,0.779422469608756,0.3702838262824866,0.3704595148727637,0.2121026032661407,0.33156679568531594,0.8021672616025064,0.5998430790907234,0.0,0.3170033319208138,0.777195115653303,0.7379931762057731,0.7433022091557006,0.3810944566981594,0.56143372487487,0.8067233247996095,0.7321855258204899,0.7303022580947265,0.5728332693673682,0.5739093179269427,0.3556357584054336,0.5825157021894926,0.7178892164115055,0.6915611919385888,0.23115848605780184,0.33650924795721543,0.1984645285761846,0.36528821250055793,0.6001549910782595,0.7535657011876957,0.0,0.34998052763958853,0.6914756034430848,0.5117923485276079,0.543444180092192,0.570637057396656,0.6024020291595877,0.5509391653227731,0.3763742993034576,0.8317292150925836,0.8275252843262726,0.6916228711708656,0.2649836503289075,0.35420837159157537,0.7030506864662539,0.7762924447791357,0.7746713755384048,0.7287913134122258,0.7421829499293122,0.7590372537146935,0.3098106850613645,0.7552210467828984,0.7310209668303839,0.7143336776695128,0.799648722310808,0.24181111945879172,0.5837117392488401,0.3170033319208138,0.8064152788644681,0.34229605097884486,0.7038301003320133,0.5798403071087125,0.3360038862484649,0.253848928182479,0.6819458550165144,0.8001087628766942,0.5904610067346252,0.5168013724855799,0.6339964968585919,0.2847976504813194,0.6259569805883738,0.6560058136998521,0.30837609986987,0.7496334360622662,0.22550429643765593,0.5538552031596972,0.3721245637684859,0.28641169762114455,0.7585165096895862,0.3533142146305781,0.37584865475560747,0.6939447882982956,0.5810895888789634,0.5230087003098244,0.724690209954918,0.6932512258945591,0.3572041926863416,0.4967559283931631,0.0,0.7501898888751984,0.6363475032170912,0.5633429866131594,0.3175466975851128,0.33881514768167115,0.7473834268859159,0.6915963974897797,0.5685708080035481,0.7727085988062709,0.33595984847244426,0.3619255379595285,0.24112253033686815,0.33449094799168294,0.5518159492147698,0.3170033319208138,0.3044504348423234,0.8334822693693971,0.7356897314543658,0.3548145574069958,0.17516457071292746,0.23636200636814975,0.808953060885893,0.21800396655607687,0.7721654943261016,0.7531040204818668,0.7529969105571,0.315243567158232,0.5785993312292537,0.6495429102200128,0.3032181271958774,0.8208140464042148,0.793424765440502,0.7666451033168223,0.7501898888751984,0.2416768573438813,0.6420624656997994,0.3623647320976911,0.7543368911790329,0.5812809415340484,0.5711587119813512,0.5467524604224482,0.7895758024912681,0.3873114341815402,0.8205598025949276,0.3927931757008445,0.5630665904365886,0.7324539990243346,0.7779646341954072,0.7949882241181112,0.7187816846039654,0.76780516087821,0.7789905094338645,0.7869390389059637,0.6332122260975449,0.3702880220423989,0.3571495010779751,0.7908762893172772,0.7501898888751984,0.7749182913630757,0.5741469807811924,0.5168013724855799,0.2590339479953843,0.3351576633741512,0.8150702652878035,0.22521867123272832,0.7454668879587177,0.3754073722445356,0.5864722093226975,0.3305173727309925,0.7843037636585949,0.3280774104007631,0.8064657657994969,0.3547329616614665,0.23070516621225137,0.3571403097454734,0.2121026032661407,0.21847812953405654
attention_zero_shot,P2RY12,0.6775293605732466,0.2985870015943124,0.357519026971398,0.4021701993303736,0.5464696774745639,0.5515916574543037,0.8264748690006245,0.2222278680603999,0.42928970821993834,0.2215732042248145,0.144093472770413,0.1244964351165665,0.40726161291858,0.2827033783887713,0.40078759681206766,0.5122947654442308,0.8654507637131907,0.3073656757290202,0.8185055970311018,0.6666637205631305,0.27350225511240234,0.263881350303846,0.14444999857301272,0.16218481026445836,0.9089116161203933,0.6022065968268744,0.0,0.3783162978937428,0.863345387320856,0.8659553526313761,0.7133902738383655,0.3452803613242731,0.3758187962205046,0.8649646914215757,0.6820889510003992,0.5693801420387519,0.46598345364577043,0.41524604746514926,0.2638573112849372,0.4552172709508153,0.5801612145580329,0.6964881507085418,0.14470175549840678,0.3051731487932032,0.18537939755156568,0.22362136976660607,0.5478490563494592,0.9456066474509096,0.0,0.2737800608434002,0.6456341591269971,0.5629162664865696,0.6452806298842134,0.38124836577004906,0.42229451154020853,0.5495454206830465,0.25860523238796007,0.8686165470777636,0.8510585116640659,0.843302173431421,0.14856635479223568,0.23659709226127568,0.4999287061695827,0.5835203924263422,0.5787876696130053,0.5271112112975539,0.550673629378744,0.5448605095587511,0.30141579012626757,0.8227587983423578,0.8702908065284453,0.8076127186740677,0.9212362963078337,0.1357830146856205,0.4662887657786162,0.3783162978937428,0.7837872800496186,0.37275588339519544,0.6887147957827592,0.4746030714979747,0.18689859674897255,0.09949489155843393,0.5756653473106161,0.6713585303551532,0.5680905208027431,0.6618535779487489,0.3534742251906671,0.16389979348106568,0.5470529741245226,0.5140724406815901,0.15615270501743603,0.9185302728762116,0.13905227449687416,0.44990167010793725,0.36127682836555763,0.15028668664972702,0.5691426609863408,0.3137420458322427,0.25356011138969897,0.6065072033318312,0.46948059017631116,0.540428543867967,0.6185246769726291,0.4972146836029184,0.23200273366850996,0.33476356088780285,0.0,0.9432417190792101,0.5629182292161495,0.3863715127829022,0.31297826433029546,0.2583288429576053,0.5812216380185384,0.5867247804255195,0.45441446596263124,0.6681659384556412,0.3931995033698509,0.2968357828396257,0.1397190894839041,0.1703484664047709,0.46303793650413244,0.3783162978937428,0.26747275971035134,0.7687719303158268,0.4487524849933033,0.26462589975750067,0.14512820141440558,0.12635259386949607,0.6836483365870057,0.10978385737744663,0.6087712160865832,0.8391148402298276,0.9123765225608327,0.1684217891767612,0.5056440271933546,0.4685733003923842,0.3078580464353813,0.7496422018831276,0.7969445077714878,0.8934543834101554,0.9432417190792101,0.10750381029933749,0.44811136082299696,0.2870137310748962,0.5598181319122622,0.47229573743439457,0.5030379593336916,0.27917176387506015,0.9136870784143888,0.267313405148294,0.7310001870238979,0.2762850367911211,0.4842509224926327,0.6655400518588216,0.6805631425890508,0.7517829427310413,0.4506764272108917,0.7944217955491065,0.6106754836938154,0.8860381658976506,0.44412725960318744,0.31799268883605625,0.22959910344751916,0.4037729412557656,0.9432417190792101,0.6314264763807463,0.43346096746225576,0.6618535779487489,0.17070866797855708,0.24380549780054123,0.7416885705733597,0.144093472770413,0.5984383789083412,0.2794707486526375,0.40233708351067,0.3001435290417274,0.6320510259285306,0.4047972524603036,0.5892979873383642,0.27629372215532627,0.14630768461682794,0.276902536555012,0.14444999857301272,0.14512820141440558
attention_zero_shot,PLEK,0.6492207259429473,0.7119122064454457,0.47874103486744646,0.45178548762507204,0.6121910376040463,0.6478362356792917,0.9282864930520031,0.26083700809616556,0.6432528221646766,0.42996044423811736,0.21125554675169012,0.29844345157175706,0.5728588287938783,0.5135673137269235,0.6568203050056615,0.37335191927371375,0.7364928914812716,0.5896717407372862,0.5750820248098196,0.6050552332282589,0.5138133821823193,0.459676456964978,0.20074660142476303,0.23093667698178003,0.7202200685348695,0.540220291952449,0.0,0.5468500492547815,0.8662730324233695,0.6427919782681709,0.5854051536091104,0.5463839866705207,0.3194039581772661,0.7358131490810221,0.6933557245958314,0.5430368941302478,0.36317638698348825,0.3487358830623314,0.6614981205263598,0.47228029127961835,0.6310387452287124,0.5788553763132067,0.21598194792023798,0.3906796717109543,0.4888993756445675,0.38640074327468593,0.4884920966615188,0.7366523740000983,0.0,0.5233901495785294,0.946706066769841,0.9850273200782234,0.7780682956500349,0.8541558485404127,0.6401863298544418,0.482181041612812,0.6041937894583007,0.7480686210699822,0.7145682552915343,0.5112463940080083,0.2784676163935828,0.3793491186053922,0.6689149087030852,0.5128612922048633,0.5064515723654536,0.4593650728838117,0.48224853127171835,0.4722462326672287,0.7942230046038897,0.9121001428171326,0.607887624030037,0.5129107239261637,0.9179194031791044,0.2997100240792856,0.4784387462628933,0.5468500492547815,0.6072564296926979,0.557789071241937,0.7110312202467988,0.6818528771767042,0.27051534537278765,0.16665354619662992,0.6156917331045727,0.5143877094227678,0.4571886120973536,0.5873185053890505,0.43539782845951475,0.2889715171137708,0.4578013641691746,0.61038355526934,0.35726261805411974,0.774766298222028,0.19346467083567215,0.3443529171092855,0.543051565137325,0.238006316416229,0.42158095894581776,0.6252436077354616,0.4847927478879825,0.5685728534369873,0.420137898810991,0.8109589111579628,0.7139130846858653,0.7674403881184961,0.3859142662426308,0.7535570173492192,0.0,0.71271168072738,0.5064598389590385,0.6241664550559933,0.6933842925258035,0.42717771028184426,0.5385445245738798,0.5631611709405477,0.3429823452557968,0.6713228068911876,0.6243279508454855,0.5744954464053855,0.20651607007631867,0.26782131123695163,0.617404579202024,0.5468500492547815,0.6009928431955627,0.5954895502040465,0.5078792416652421,0.45335963895574327,0.20821613024137428,0.17380214538238506,0.6834812527288019,0.1377543235705212,0.49757394129081367,0.7227250566816641,0.6949570312076505,0.24724722552607625,0.42113760301944725,0.788466740348951,0.5594532651623214,0.6968516012586351,0.6290328063179144,0.7134196267176036,0.71271168072738,0.15196693408328218,0.6250855455906134,0.5841058819808496,0.45393768661425926,0.35714735986698554,0.3744234644486822,0.3468898517904355,0.6913419930414668,0.5503101659909163,0.6338081818556057,0.5911611137780886,0.7371927019830599,0.6333741735356434,0.5125701451746281,0.5120274104212704,0.38368574203060846,0.5556356227386546,0.45512965216088275,0.7325965916096104,0.5314473082481783,0.434940867280022,0.4971468097740645,0.36813096409792523,0.71271168072738,0.39908941135890313,0.34249050419014304,0.5873185053890505,0.4381181142351721,0.6265459738629869,0.6263094217101837,0.21125554675169012,0.7658123859607721,0.7433285375464788,0.44737554172982275,0.6388046747867269,0.5688596492876845,0.6601375369410861,0.4756835304128704,0.46159935265361085,0.2190808994291725,0.5149455756932231,0.20074660142476303,0.20821613024137428
attention_zero_shot,PAX3,0.274845952867698,0.15436366785336336,0.09129204539602989,0.6840850321060997,0.2763023560903537,0.37995627738961996,0.16582500752172677,0.8312116049655361,0.6348161973747821,0.7991858108125334,0.6265488029863413,0.5179979547110266,0.3873255190468287,0.29992883802735476,0.3459319068478041,0.2653128242277281,0.16298338578164942,0.1406002165182966,0.0976843684578693,0.5790129052572316,0.4366864971557908,0.5060565915496238,0.4968080988331751,0.8843765158281354,0.24026983270477117,0.29702563138718563,0.0,0.08829728506003506,0.15436405367212724,0.10340670150197896,0.2778328171960524,0.2291461327183309,0.48658573431213226,0.21125754818233988,0.29291838512464086,0.2994318644552757,0.3115248758216479,0.36984311762528793,0.6535873658257171,0.5334063489905124,0.49949948844234127,0.14065028766220947,0.6472960917093223,0.2743959288573405,0.13672357850011888,0.6457446129663607,0.32440750793588863,0.09630099002411678,0.0,0.585055005285707,0.2251079500460583,0.1571664233980727,0.1437929297637024,0.26927721504712226,0.37665438518541927,0.408552671414799,0.6230855520522458,0.23794321469806853,0.21062489836857867,0.08175379913386417,0.8460168881649707,0.8372900789352459,0.2751588496713111,0.22914359500338993,0.23041201514799647,0.21682827633461235,0.21323749162590153,0.23280079115184849,0.1762221797587719,0.1585215444246476,0.09882833782064178,0.11635955202980322,0.14394367784954007,0.7366351951892284,0.2698588696726524,0.08829728506003506,0.20178799342581077,0.28183717459443447,0.2614408197031832,0.47970526010458026,0.7158984478427578,0.6903880241062071,0.6374609488319747,0.29003607071996157,0.26170749724052056,0.08829728506003506,0.35997223270409295,0.665034628873474,0.35829266890868716,0.36530149207283874,0.4212357311148172,0.10335186294883462,0.5239055648959978,0.39755550539343965,0.2619862680584611,0.36586271695233175,0.39848554702138467,0.43189891578206063,0.6314253287194815,0.6856357792058005,0.41194219928203196,0.16709781863143156,0.5293452363199028,0.3025266337878027,0.8890736364974905,0.49127034213428455,0.0,0.09460498101696738,0.36078185334498086,0.7137991936565433,0.15834290314817454,0.4565417625812495,0.7513291552354154,0.44798712093680576,0.6545694697220368,0.3520809125614893,0.1600876166813762,0.45497880095196785,0.9457618431494647,0.931931145510446,0.43861957789833433,0.08829728506003506,0.7467806265225011,0.3091419323841777,0.5676600529334922,0.901814929747508,0.30558659337298655,0.913820506188733,0.560845648614062,0.8932904837163511,0.26254629372779886,0.1281517351177361,0.15832134746576534,0.792797627249813,0.34122411970799416,0.24485432872517335,0.14057069225596616,0.2611686849603878,0.23178544560400127,0.10376495570432377,0.09559201381392639,0.8278967526637182,0.3268544692593402,0.4274597348206939,0.4626468380411764,0.26621868459643444,0.26647099162724236,0.7928622894137387,0.1920462503386368,0.5893032002585258,0.2877134942207664,0.7945252799089246,0.6135300544123736,0.5190770609345178,0.22033549341124808,0.277683896128447,0.2764769229269725,0.23877592728720368,0.2578635916075734,0.10420619798718507,0.3576599757364854,0.40799981346145836,0.7401283057114724,0.32114118481511916,0.09559201381392639,0.2647402885730348,0.3273985425982148,0.08829728506003506,0.86618669156787,0.3046730215864047,0.2456175492038992,0.6265488029863413,0.2426793080946349,0.44514953996489026,0.3571586382037153,0.22633871992790652,0.3354289612193808,0.10002978059040636,0.32869690817048286,0.5797395207671829,0.5856066696273207,0.6116021242313908,0.4968080988331751,0.5303542255776301
attention_zero_shot,CA12,0.5686543088359993,0.28924569047736887,0.3698940009711475,0.33959326606766677,0.5200677374913322,0.523961805235217,0.7497322735792479,0.19916916242560856,0.37648466991504914,0.19955803609384837,0.14427778749863254,0.12409156249392878,0.35221866423916276,0.26617902505313773,0.4331577021392895,0.4700151523147266,0.8167504045704216,0.30350849597375684,0.7405742466998593,0.5577704930032286,0.2518022699338113,0.24219195499712284,0.14497628388378275,0.13407946096260515,0.8840133850814093,0.6050403289511518,0.0,0.4073204729185635,0.851532984654896,0.9089476402014052,0.6373586457587196,0.346383115045417,0.31898117452494434,0.8243842106625286,0.6233515176840092,0.49447229854242936,0.4050306993390853,0.3607636641937223,0.24835715923834284,0.40422805147994273,0.5019397013500306,0.6409663764040142,0.14523875221487453,0.24680326433720873,0.1877757263194211,0.191156264599752,0.5268469411978391,0.9249946000154287,0.0,0.257365798401568,0.5967049236665495,0.5752441794781847,0.6764120401434109,0.34573366911902403,0.3760875903205827,0.5271360975682182,0.23648272777940138,0.8315020428225589,0.8096258711778582,0.754380777885964,0.13727162262973347,0.21046839116444505,0.42143641195511616,0.5389209298419256,0.5330844859158742,0.4783199205637926,0.5035315353318206,0.49710568086897494,0.29577002849493406,0.7560083007726053,0.8086018515387957,0.7170889099216884,0.8570369628331936,0.12022716915424654,0.40764387213739783,0.4073204729185635,0.6818362646428929,0.391381281508378,0.5695690059397785,0.43059274022407945,0.15376234121578652,0.0921095799896795,0.4583945233673201,0.5553235014344576,0.5528628009142452,0.7106032676328811,0.2848739216635521,0.15707317967143852,0.5206877295240254,0.4269106545868637,0.14898056512771612,0.8860086209524177,0.13599581890639015,0.3923985877445582,0.37101157209276664,0.14866941905629666,0.4603968789359486,0.31021404973482863,0.21828188888996114,0.48771423276489645,0.4173732895516588,0.5127228449293854,0.528165831254942,0.3811078181777428,0.20715116622532068,0.2933808612853655,0.0,0.9196370714451021,0.5459503479726047,0.3377986330320552,0.3088001413819478,0.23414081934507375,0.463313525034963,0.5322768186599698,0.39614375088692794,0.5804738418153402,0.4233244377187771,0.2876126393357305,0.13767525374037592,0.16255871730315502,0.42289311994440043,0.4073204729185635,0.24385715844706216,0.6557439129586339,0.36337983903525556,0.24214763864952313,0.14611928174698943,0.11887223654029705,0.607188794838662,0.09753561208378166,0.5480312234718351,0.8005868356275666,0.8743607828394008,0.14031474664897364,0.4665540424034039,0.40552561772034385,0.30469157635616073,0.7048598163845516,0.8596537778209341,0.9441374663072777,0.9196370714451021,0.09933564639822233,0.38645294330497054,0.27699603885915763,0.48979447725707626,0.4255863920835778,0.45859878610601096,0.2364980317787376,0.8764085263605823,0.24899979548763804,0.6537367782178523,0.2601773004036717,0.5206447835184806,0.5900450739392341,0.5989094378833253,0.6491032400304897,0.3571155208833228,0.7109295766166844,0.4937376200236001,0.8508174556680029,0.3950365242853136,0.27116481200524484,0.2064013494524752,0.35989071991417504,0.9196370714451021,0.5152486152265359,0.3746394787355017,0.7106032676328811,0.16514672325694302,0.21191306019059797,0.6841664317175458,0.14427778749863254,0.5153067994059737,0.2677314158128239,0.3458644327450854,0.2944894081210152,0.5276783157540763,0.4438891652200967,0.5013990210247362,0.25616393718837993,0.1479154212463142,0.260239524456382,0.14497628388378275,0.14611928174698943
attention_zero_shot,EGR1,0.3329426001303596,0.36604166110638325,0.16026079437288496,0.7042534538854318,0.4466885872205052,0.5826883403045414,0.41245185647849447,0.8154401913932992,0.8399896330724091,0.9314376003508829,0.6240485794930896,0.5319318669210807,0.4929381004761194,0.4787278392639953,0.39511741109555054,0.3205665047637785,0.25065908038874624,0.34884090552583147,0.17267904914174867,0.7537122314008096,0.5770644492096982,0.6746071023133742,0.5307194389105918,0.9192859648101138,0.32662760075630065,0.38611032570398324,0.0,0.1604015828479297,0.38412951665220163,0.1800125000011766,0.3477206954553712,0.3264122668603427,0.531598957277884,0.3111356388634455,0.5029839632633061,0.39201610201929543,0.3741151325876735,0.41274849402456937,0.8733933339843444,0.630520918131669,0.6923045928385263,0.26066592659584625,0.6361760446707317,0.3994351426576607,0.2549648327689881,0.7744273973066206,0.3942407651607855,0.1724381553022454,0.0,0.7756674760517154,0.4457700207506685,0.35183378591739606,0.3491933565719432,0.5449920735912012,0.5649586551864432,0.42405960216731925,0.8196430076065938,0.34027225021775215,0.3028072085398868,0.14641061901586264,0.8460083837885891,0.9143932877159442,0.4851902885905402,0.310306659383678,0.3109310817001345,0.28827209883599536,0.29092854388349565,0.306585596446886,0.4307109101069378,0.3659167944635216,0.17670403519794844,0.1877578256636583,0.34157356700181174,0.7782367480295156,0.4055781506287204,0.1604015828479297,0.32734367936820685,0.31584467784644077,0.4174731327268738,0.6949369838807117,0.7975864145180764,0.6996195419003103,0.8192330081438703,0.3854843480490525,0.31170266822747955,0.1604015828479297,0.4949230670899199,0.7188503878971838,0.41150409645976077,0.5822075865979217,0.49989651093433923,0.18482687937391593,0.542683535671783,0.4435988173628814,0.3191932635728099,0.4103474871194951,0.41205417499347197,0.6924558219665833,0.8083241796183734,0.77040553007592,0.44575183841101035,0.39077394986195907,0.6938359633296172,0.5403371388767252,0.9699208730132646,0.6998156961884606,0.0,0.16981987583497649,0.41717276126434255,0.8997111436057369,0.36966051542516026,0.6475939494099991,0.7994863824480923,0.6300258235911532,0.6174652780648379,0.46920392520041704,0.23628475990498973,0.6827124025933264,0.8383777718501981,0.8619264675495846,0.6251234025915846,0.1604015828479297,0.7794299350218294,0.3926167525226552,0.6841859922270063,0.9602276418798084,0.3294916976267526,0.8263658833864208,0.7387766867696693,0.8378535450714429,0.33263437273266894,0.26924664927021225,0.23311667000915734,0.8716639782728716,0.40475450055345075,0.4856678384180114,0.3469759377283312,0.47019473857865324,0.31770581598456504,0.18297031198060454,0.17150952377942044,0.8024896815787717,0.5728857479804498,0.6626602967676753,0.5246527759598206,0.34488398617116944,0.3560838031540402,0.865595042307205,0.249488516587205,0.7578071357732018,0.40932136606751307,0.9297010043602536,0.8378756593087696,0.7039373753938334,0.3077594470554291,0.34771188453575175,0.3883381808381656,0.3096384550227371,0.3724788290706431,0.1919322059281575,0.4992510051688187,0.5979380168174707,0.8816767146123669,0.39775497125018044,0.17150952377942044,0.32600700179094594,0.34796471303906085,0.1604015828479297,0.8683994959241129,0.4794864123956994,0.3383991839919524,0.6240485794930896,0.47370928123233846,0.7132643703333128,0.49113502282134547,0.47150410948872123,0.4221523183771924,0.17897872799041548,0.38989314877144043,0.711916506151638,0.5776474950195326,0.782331302312039,0.5307194389105918,0.5474794589494992
attention_zero_shot,EYA1,0.3232997292276795,0.368622595820918,0.1752023223399163,0.6381432005485504,0.4355964701879698,0.5401921554234383,0.43043309311722566,0.7317026116587975,0.7915051611324897,0.859113235373495,0.5418241724628279,0.5087950532033823,0.5001568040510703,0.4879087649921416,0.3658694821013337,0.3507410258331897,0.25972103048836775,0.34774720803701664,0.19583850953307688,0.6947279980498898,0.5641555658920223,0.6451645067408712,0.4936416450515782,0.8778154846937061,0.3150756569285209,0.37635761931014267,0.0,0.17602334865592872,0.39769537963047813,0.1952576733128503,0.3552409320116246,0.3510931028937699,0.5278052596903197,0.30556530189292413,0.48660802706318496,0.40134789538018834,0.36511373408472525,0.40365469275056043,0.8211362137107084,0.6104143483694815,0.6626485742720124,0.2660331340394612,0.559446319675796,0.3979018481219687,0.24551577340269468,0.7428749558348777,0.38697752823130027,0.1885721351428437,0.0,0.6958507832083705,0.431086093752586,0.353088760111176,0.35739989109156123,0.5384961754264654,0.5562247829340927,0.39572179753078757,0.803339677978896,0.3317230944482864,0.2961691240919861,0.15560822969432242,0.7537854506512849,0.8023046311281158,0.4810165589998465,0.30467804363202194,0.3052746159021521,0.2862659116919872,0.2886334423199954,0.30087796904812614,0.44447122004092376,0.37441034012376695,0.19303043798809918,0.1974664310054531,0.3467943299749302,0.7257605889269024,0.39482923266261766,0.17602334865592872,0.3217256868188927,0.3061814170264946,0.4029403227513504,0.6914202516349762,0.6635618570361134,0.5839066916431017,0.7608999413881848,0.3730907438698938,0.30277329319283847,0.17602334865592872,0.4856573222716679,0.6977860387793879,0.4062859919865947,0.5257524033878895,0.5305372015267011,0.20202070423869836,0.5245705072844948,0.4144590225831319,0.31090919632387526,0.44875378302557284,0.3957373262746172,0.6673805368017633,0.7234857310576318,0.6921698406767123,0.4424119637089808,0.40329111136015694,0.6167871474788359,0.5404984109490204,0.8262264160462032,0.6569495332633675,0.0,0.18607555897574493,0.41311194742897217,0.8664462020634907,0.37516853311231557,0.6315808223515753,0.7352672558426335,0.5770576885159681,0.5450805266596261,0.47278331934484485,0.2446463632092227,0.6671074898790088,0.8351752201513861,0.7918846235922369,0.6124520566495296,0.17602334865592872,0.6982261674881017,0.3854235725742849,0.6298350681257273,0.8854926438291557,0.31854361905157347,0.8416444656121567,0.6775640933469935,0.8215266408171291,0.3128273986982871,0.2826833370092577,0.24089158999934726,0.7896181651724207,0.3930336521522305,0.4852286002316693,0.3455243645221822,0.4525040480808018,0.30479711855254854,0.2581920337771577,0.18810313650907762,0.6527525234769809,0.5764297608738622,0.6530387821589705,0.4510599107005069,0.3311923439799807,0.3635928027562337,0.8317380108977628,0.2477740765445595,0.8858095945549666,0.40119427208230213,0.8524531614855001,0.7722169742622456,0.6195199901462748,0.2966814485315357,0.3384322152567292,0.37466777817051233,0.29926592490409604,0.3615571074173835,0.25465657230049693,0.49335501011716215,0.5767393343900226,0.8027531452666683,0.3861341779327555,0.18810313650907762,0.31095353701835876,0.3378243404832781,0.17602334865592872,0.7872405247379898,0.46494075948937563,0.32819776898488684,0.5418241724628279,0.46606980345610316,0.7008619546000533,0.4864801952955492,0.5128758140146153,0.4393253981119954,0.1963705102710465,0.38490958673829834,0.6951303473625374,0.5544046476453888,0.7220747449695575,0.4936416450515782,0.5156572257015096
attention_zero_shot,TNFRSF1B,0.7863023062920556,0.29497663504387445,0.4305547317427076,0.4508189678878681,0.5459487118747892,0.6186411444512929,0.7739931850488461,0.2503390642656127,0.454045836521521,0.24967360081222745,0.1477915630592173,0.15866288758549887,0.44672291532918534,0.2811816535979025,0.5261883766294365,0.5685131160894706,0.898073316056964,0.3022963198087996,0.7683529264590101,0.6928782752498155,0.28659898205378076,0.30857773111359044,0.14616484433406907,0.2109167850573172,0.8335219203428432,0.6203529044928524,0.0,0.45408784950776077,0.7993665474217655,0.807883122308384,0.741285039270875,0.5291373207794873,0.43568613222487407,0.8292059054704645,0.6573500776745473,0.67059025914309,0.5076044612609691,0.48283647468264995,0.2795378716624125,0.5001254944823375,0.5783262563590049,0.6550871916263477,0.14899683774654054,0.32879383074489266,0.18317704559994563,0.23262578822213376,0.5788567393038933,0.8740568010100129,0.0,0.2775083190984301,0.9187173186263089,0.9217416382975461,0.6362871347010656,0.3996607831821282,0.4499001810890216,0.5720241850161704,0.28376269737248827,0.8667199642771326,0.8700544127620683,0.7432893141172422,0.182354662739048,0.25064022551469606,0.5085834949163486,0.6708799302357454,0.667263226172402,0.6204373046533591,0.6339082881099514,0.6451336775323289,0.2980107718725843,0.7746515869945384,0.8093658661307018,0.7474660117264854,0.8897495487524567,0.16575179889974065,0.524537666393987,0.45408784950776077,0.7161618460135241,0.4931298215273117,0.7486669282963097,0.48717980462143634,0.21560883201585462,0.13207875019264956,0.5512797136351654,0.7109812896243012,0.642193137162215,0.6500390063256052,0.39992538408995565,0.21374005990028422,0.5877531610103666,0.5283865461366093,0.2196614722630839,0.8971127372397011,0.156827415326439,0.49660227359791725,0.5031876809604976,0.20699175131659892,0.5960540857513995,0.31972623210054363,0.25145118197305283,0.5731859946470597,0.5051215168973895,0.5398117508431303,0.6174569577221732,0.4799905396661546,0.2490280438624669,0.3569711019254027,0.0,0.8692128318180904,0.5947957634055772,0.4199400415636974,0.31469523893943524,0.2696871861079317,0.5493059277419303,0.5824928768633153,0.5376938212422013,0.6613277299500869,0.5052581731675438,0.3034730276719656,0.15084030740669988,0.1868038680045549,0.48391739434388065,0.45408784950776077,0.2774992519065004,0.7324871382748294,0.4872435834257429,0.27589566835507634,0.143497305060968,0.15160978937650627,0.6885863504920662,0.1412982913875138,0.7038624742022803,0.7896433936541613,0.8497909480345938,0.2144401585514735,0.552614344475489,0.4928469469462414,0.3029383673402081,0.7126413813852133,0.7724219382508587,0.85088356418793,0.8692128318180904,0.14273399652670515,0.49655889604855313,0.2932463435612315,0.6188630060191604,0.5460138710385646,0.5454990545974613,0.3558318922577515,0.8782656202179842,0.29475259003945814,0.752857396545433,0.28412991107457797,0.48557536825370795,0.6472784387466868,0.76201957044186,0.7683154681221225,0.4979100627671435,0.7673370760300798,0.659454800362444,0.884640282634628,0.5151634427660944,0.3111189178630573,0.2538935950294689,0.5886806037601531,0.8692128318180904,0.7355239797154349,0.5245633989178318,0.6500390063256052,0.18290658899160117,0.23443797170357802,0.8036976992525359,0.1477915630592173,0.5947250918380708,0.2835607696685218,0.49632753698919785,0.33044907466948753,0.7232715141713946,0.5147447551180095,0.6297723297147457,0.28222895904286177,0.15010743686670852,0.28156681601253014,0.14616484433406907,0.14758855830418885
attention_zero_shot,CCL3,0.7090929765443749,0.6467447723565178,0.7662659619650559,0.4363851648108674,0.4587339939020547,0.5396030211984988,0.7515160485595382,0.28344930015875075,0.6105841356865549,0.4175350153018066,0.20472035842261868,0.28379498775632306,0.5587106010168292,0.47653182213694617,0.8557999668680274,0.3755453411138776,0.5370260169742532,0.5236049285961699,0.4092627127701425,0.4824091985050684,0.4767603142740994,0.43386501110399256,0.1932006775778819,0.22580914990537695,0.4466625777703549,0.465240532304004,0.0,0.8563165676234185,0.6583033763598408,0.41127144491580725,0.4567094186079294,0.6167278786312168,0.3030322869426496,0.3986751928177779,0.41048984660484955,0.5354820017780004,0.34468342941991575,0.33332048621811794,0.6358662863317783,0.4330488582037179,0.4900855209225152,0.40742268591576414,0.20958589706505298,0.4623746113734516,0.4292281581030269,0.37142946028153023,0.4286717571443852,0.4543149556452999,0.0,0.4955838486253035,0.9513506026729902,0.997504669946856,0.6591439392733248,0.764203322311412,0.6127058846934682,0.42962771784551684,0.5656784778711884,0.4004013864209756,0.36960545878052503,0.3804023039322474,0.2654032484486676,0.36333750664130254,0.5633241550548654,0.25726553315741685,0.2604024015275219,0.23271746947124744,0.24423329077894373,0.24590042765499093,0.7409461663947797,0.6317392767048986,0.4544938889066176,0.39993933340310256,0.7155921862922606,0.2857959598269422,0.4146268089499586,0.8563165676234185,0.3616844901913462,0.7780552256490237,0.7444120545225953,0.6418076253300338,0.26190769181323925,0.16360954798290098,0.4726320138351654,0.40567510984385585,0.4250411731032964,0.528447715164402,0.38910270930418434,0.28460039003166565,0.4493228335884297,0.5433047539716561,0.3441850632062676,0.6669796577134617,0.1884120554996022,0.32775622733096593,0.7151884355708709,0.23014591898366532,0.3474859060640233,0.6032145392581524,0.4580208861286961,0.41911263763815515,0.40532612067357177,0.7357621359525834,0.5960288758497553,0.6893223166497132,0.371438568658357,0.7361675657314319,0.0,0.49086397956079786,0.4698553077668629,0.6008325531545688,0.6649145273865191,0.40317175034769953,0.3988976920581877,0.37830044126417095,0.3450855197631485,0.48634778673928747,0.8398413281380329,0.5611769766039778,0.2019108961217258,0.25987832054060944,0.559124164739129,0.8563165676234185,0.5605980157470078,0.4206908648832785,0.44401740766085307,0.42640145027994897,0.20067784589752016,0.17164588966767177,0.48128300133895563,0.1375403654501869,0.2759159043308382,0.4394028466288897,0.47679604334672004,0.24151593475201183,0.38597173362960124,0.7013246990278161,0.5030149817928133,0.4933350686488596,0.34798069342798904,0.392491162990694,0.5147988656344189,0.15146341704958616,0.588260543723964,0.5737737997878128,0.28024538596659504,0.32729764551603835,0.36623361526777815,0.3295017769114886,0.45219119876672814,0.5225481792647324,0.4314014386416541,0.5580449647608192,0.676204351282498,0.44816726480817426,0.3192411669297462,0.41346143518596845,0.3199862819875551,0.4324201936760541,0.37133167918138227,0.4019501561005956,0.4881434357719001,0.4434954959884717,0.4804109304971703,0.33769837025454186,0.5147988656344189,0.31913304194083536,0.3445099801260833,0.528447715164402,0.40951460267843853,0.57236358150374,0.34774717036607244,0.20472035842261868,0.629487311044932,0.7107955764125988,0.4191561953738453,0.6009379545914629,0.5603492957108693,0.8894742827872449,0.3451935800787614,0.42827585828315584,0.21189359837697752,0.4843646848564006,0.1932006775778819,0.20067784589752016
attention_zero_shot,AGMO,0.41297522006375703,0.32279635013958974,0.2522196045307599,0.5350869611337531,0.4273686766573194,0.47783065808576203,0.4997969038942519,0.4715330716574732,0.47305371147544906,0.4175502550588338,0.47076639926646285,0.5161418580618546,0.5594191828129883,0.33819949956043743,0.5322322660032618,0.43492856611047437,0.5155108233015998,0.3164733996258904,0.42860120493353576,0.5660211174525004,0.5776110839394965,0.4809959970715436,0.4489198213258566,0.34203292305249333,0.6133285166442314,1.0,0.0,0.28904663418949367,0.5059098145538267,0.4211132019163995,0.47294855140447606,0.4045947404615662,0.5401324160828372,0.5774005569949019,0.4807977974603179,0.4313028602755724,0.9366748557589296,0.9507972397278214,0.4204352185549752,0.9026703882737515,0.4929215708182946,0.4079646802440641,0.48693294668493836,0.30477784609026126,0.25763153796460475,0.38653622970316004,1.0,0.45841259174935733,0.0,0.45187208750045155,0.5823816720335812,0.5779656484264579,0.5331830084119175,0.40391360143575167,0.5394670270924765,0.5546341640161341,0.43019896062763197,0.6081671300269057,0.5734267541947662,0.29752502446084267,0.37060782900627615,0.4435450899594154,0.4112779725195016,0.5656651104831701,0.5709120142953519,0.4978964533241933,0.5165167828777116,0.5434359336420225,0.3476155493804381,0.47428042448585506,0.4151354849710943,0.35809128369033316,0.53033567909198,0.302712208403825,0.49131953419211577,0.28904663418949367,0.5233750494096371,0.3667858721731931,0.3922112989375555,0.6359838194409139,0.3513551134507474,0.33001174006578615,0.3956910281182368,0.5512995741206179,0.5966443491788398,0.46301669549750685,0.45655290565777895,0.3517878430150118,0.6761977970674083,0.42092192847484405,0.41511816823666753,0.5074806033266627,0.4448666693706374,0.515856678562549,0.40691876862734877,0.4516555429525806,0.5206277659190236,0.44556138767255177,0.40962237331974466,0.4183478664303965,0.6221103999736706,0.44417946536652175,0.4803479283135854,0.4404920300287694,0.4437103477415072,0.42878880195185975,0.0,0.484913698203175,0.7214653791087265,0.5149079723978508,0.33815316189954825,0.3912765815667958,0.5290488824654056,0.45907927353433625,0.4873455594530085,0.5828058256527487,0.37621218853021615,0.45360663178353067,0.4864308944977399,0.5694546115088311,0.5386232402794702,0.28904663418949367,0.32630193433531973,0.5810393691666567,0.5349769261855712,0.4870167178020811,0.2887350331410321,0.4102789128761266,0.5693176080533693,0.316896875391816,0.5215720376363542,0.47635773589786484,0.5144938007313309,0.29900014627689814,0.5933714743580967,0.429265786684722,0.31661029528552515,0.5906142681559562,0.5124781823052228,0.4469468605791427,0.5227818608960221,0.33703845726129406,0.44611201190100686,0.43128517332162164,0.5332892483221546,0.8250660196410212,0.7767307089902893,0.5254488481606232,0.5385144909513999,0.509597992271285,0.7550771806414858,0.5179262833021001,0.4581545320818231,0.5056007782690437,0.4745866502104856,0.5535865431206191,0.4282399524319172,0.5338064240720297,0.4911634330980694,0.4942596132527453,0.5845593269235744,0.3873078047627143,0.4330916582876654,0.5812453192729463,0.5227818608960221,0.47070163535089504,0.5166711159394344,0.46301669549750685,0.4218099220643189,0.31192446118641803,0.5427153960492664,0.47076639926646285,0.47420981805017265,0.5298349802087764,0.6437819913218169,0.37398536381223546,0.5439657889573878,0.3643259592486776,0.6785542824629032,0.518479037573156,0.5077866795883051,0.4995124702492478,0.4489198213258566,0.47290261543278006
attention_zero_shot,COL4A1,0.6392364146755456,0.262121485031508,0.7899641519936216,0.43175662808681525,0.3271068735884917,0.5725853466947639,0.36385889430762003,0.3312086922805453,0.37526062420798506,0.3231131291931455,0.18318311041889482,0.269751432528012,0.37351184673216076,0.2651627823386836,0.7099455472927947,0.39202914690403345,0.5259086039124634,0.26312136459281793,0.35142665269503937,0.3890167999315895,0.30344336360848784,0.29744756261367555,0.17017126258343387,0.34023090446386495,0.38138001786297077,0.40567472379865915,0.0,0.5882491041470613,0.36432436368841403,0.34051358139031923,0.8247542971071735,0.9216772257878308,0.3639082359693352,0.3721721047868572,0.3430664750405657,0.7397470001951614,0.392036494014847,0.39275605431769867,0.30456665147990086,0.4063073214143873,0.36477653904744956,0.3388198864647707,0.18840375982891028,0.48598337876111597,0.18524024093127228,0.31513272101321127,0.40983583130892215,0.34679844923989767,0.0,0.2899691741688703,0.8384962861894679,0.9113536529394173,0.37417131450175434,0.2938306309902094,0.3719727895456371,0.4021208094116739,0.3265393265426601,0.3737784042766185,0.36409047910953724,0.2748243119203552,0.2519721860237442,0.29759988525315373,0.32733425781656966,0.3305807170451503,0.33349603230798197,0.3095312927270011,0.31628047942458476,0.32397544696017677,0.2675722285454238,0.34640214422622073,0.34924337306353875,0.3364989526123393,0.5595580208495444,0.23630068044696512,0.3724194409243232,0.5882491041470613,0.36749912315871613,0.6183532849163692,0.7712385527784442,0.3906515783377331,0.2756038491191593,0.23224154313916165,0.2959630311119112,0.37934284555299763,0.38409218916376725,0.3570125486539175,0.3641782514775788,0.28162340061767677,0.3976673335610862,0.4443078214450836,0.3561163913475205,0.5556465752064621,0.19520905265485122,0.3613268408488819,0.8153614588130667,0.2593039386434408,0.5200708371390627,0.3180968833889224,0.2840938325356284,0.28630469832634864,0.38324576819772443,0.35404154348636346,0.3773062143991901,0.2827395918507924,0.30770871914157577,0.33341847925302254,0.0,0.3544977929743296,0.4021863346570917,0.3983305005062631,0.2930411998548885,0.28691603487118517,0.2926355004598231,0.354486626107737,0.37593419322677923,0.36019073955134245,0.6137559786235133,0.317246516129989,0.20636109359720017,0.2490575124630074,0.370232897183287,0.5882491041470613,0.29128549298684403,0.38152252777574,0.38581991131561355,0.3050867459960337,0.15329007538798356,0.2220394689594118,0.3820746496082838,0.23997154958150044,0.3405472244235304,0.35314846025680624,0.36329331821198146,0.3131869725016351,0.37219090134755894,0.33087178424018016,0.2644526840067151,0.3937140361132144,0.3527783159224558,0.36743852002612515,0.36117729606464244,0.2328565877599256,0.4561713149792651,0.31326038453036165,0.34871222856269507,0.37306930704200053,0.3886953522469429,0.42221234569890526,0.3614931204024586,0.33835196014156593,0.3845147971531169,0.3024635479694891,0.36493287262293805,0.3680606474670049,0.3473273047746291,0.38038139725650516,0.3449735962295367,0.38053160239508654,0.3617684699863385,0.37460157700267444,0.38507592588127915,0.34857335570368403,0.31359410816756583,0.46267231206370635,0.36117729606464244,0.3541356980110387,0.37803333384066123,0.3570125486539175,0.23504133517078718,0.2553942839971784,0.36250547357059104,0.18318311041889482,0.3428376011295965,0.30602884770297045,0.371417448017418,0.29623438899370863,0.802998885893118,0.6163230288643071,0.38197333135713524,0.2945281244307172,0.18710524550502522,0.29617999438538156,0.17017126258343387,0.17609127287309587
attention_zero_shot,CH25H,0.42402107895809316,0.585822999921095,0.28145854974516316,0.6015942344666686,0.544025230132911,0.5090779504192227,0.6750802022678294,0.44457926904811684,0.6131105367136228,0.4771750269796964,0.4268599410536608,0.5074446815828535,0.7065381460740144,0.3918213213299824,0.5170021421247251,0.4221862496124088,0.5381147466358491,0.38080597680209877,0.4602412478782363,0.6072311997661736,0.5929696241711139,0.49958449674412103,0.37577794135978476,0.35040114620497426,0.6282786207335918,0.9456740126828657,0.0,0.33298458005130704,0.5950086088551038,0.45394353321184494,0.4613589777221679,0.39391092247069226,0.5277199459362625,0.5748788711425513,0.5141268082473184,0.44587418861265377,0.8996004683166557,0.9225286746923972,0.6380551613936449,0.8812531792832459,0.5796813292933111,0.4630097357828535,0.4506504437771115,0.3167697517677043,0.47735911703938755,0.44942953260635815,0.9592555095121492,0.5118349335295724,0.0,0.488550213474949,0.5862003346787208,0.5837186861521438,0.6206947367379628,0.82294974562596,0.6984310916580154,0.5642130063574037,0.636144415019293,0.6080923371284007,0.5671577531248516,0.3306843210813205,0.4072318633776938,0.4546912640600243,0.6108780535747345,0.5453906887919798,0.550505422143799,0.48047400417181935,0.49930516574613193,0.5231107390897943,0.6234449653083549,0.6786801976447943,0.45583268535706034,0.3837513453583411,0.5792051101103883,0.3924286270664394,0.49889870020584937,0.33298458005130704,0.491311469617327,0.3899507225111144,0.4207121169354111,0.7305487403661284,0.3415769066083437,0.3157080993681686,0.5170382832986591,0.5632058016160352,0.5797911147142789,0.5406497848258569,0.5166341847300011,0.40438045901479974,0.6405079569709974,0.5085043918179567,0.48773883291226,0.5601772234063929,0.3952047156254297,0.4924719241493368,0.3986677103933399,0.4277717233587651,0.5220620530172295,0.4934137723338985,0.47963362377052315,0.5543928366416475,0.6098505095845189,0.7052952905798394,0.6377478284386374,0.7607854325301131,0.4604796541529872,0.8308879172194849,0.0,0.5501609905042624,0.6954851547183961,0.6677630563933535,0.5915021318611459,0.39991209085529905,0.6181286193177712,0.46910034666199846,0.47048013425624985,0.6874723075640584,0.40821784894762414,0.5449388034790805,0.4584440380783041,0.5413368476540551,0.6864338867602193,0.33298458005130704,0.5493277955436789,0.5558256914703319,0.5993414462490523,0.5099462115019467,0.27220941069407983,0.37802059433263346,0.6211343484925641,0.2817520168085904,0.5083228555759812,0.5180684790381433,0.5664372044454716,0.3017572914219299,0.5767529751176764,0.7480472554977414,0.37179161733931376,0.5916556365491401,0.5091752984536521,0.4789026077955003,0.5964443004621867,0.3181066284634211,0.561151730409718,0.5734880420021387,0.5158730934136814,0.7723407665608333,0.6982699640027868,0.5576209683532168,0.5765369889416079,0.5932864693283585,0.7385571680023938,0.616284971834791,0.6642963158663874,0.5511834346686554,0.46885713460544487,0.5451126109264255,0.4200950797877944,0.5365463824636454,0.4814377765290591,0.5261500059268995,0.6296443018991623,0.3937075461163662,0.5397588538548975,0.5652573443802341,0.5964443004621867,0.4581299793000255,0.5016150187119999,0.5406497848258569,0.5798068247713546,0.5936423139166801,0.5375286211392761,0.4268599410536608,0.6942770832777826,0.7525705458818273,0.6479181071928859,0.45607495241459,0.5053327225392386,0.4101383863637837,0.6415599029520516,0.5381039802224032,0.47210695033591255,0.5362315844557479,0.37577794135978476,0.41706180234955376
attention_zero_shot,COL8A1,0.6148416610814432,0.2512312393528392,0.7694952211062036,0.42933748557559354,0.30099562022396104,0.5262483330175588,0.3374060345874513,0.332431769317315,0.350187113782875,0.33248001265181226,0.20111131772227486,0.3153021429199259,0.3524463830225085,0.2567653753329255,0.7043006881877921,0.3666313890453213,0.45614749879158656,0.2520231824439287,0.32121414993444886,0.36654184350315067,0.31119890460868216,0.30209354530494287,0.18086642023883953,0.3541462968672417,0.3659064675146675,0.3913926798666031,0.0,0.5320941053486123,0.33723219775284297,0.3062192123060848,0.7724817492125744,0.9308424010165293,0.3368624583451483,0.3507022317376024,0.32386162664475077,0.6962987525388872,0.3750357261107829,0.3776656577651759,0.30548670172470227,0.3954039399397319,0.34714999319429185,0.31197540406138496,0.2089550350088416,0.4063881838643294,0.18415279509598922,0.3132829268859401,0.3994285450557356,0.3113805719003261,0.0,0.2909016918093858,0.8628773138786155,0.9343120911606707,0.35039152033618587,0.2813343903555186,0.352587910254591,0.3897600599714873,0.3261411200052289,0.35245820349086854,0.33918591514742136,0.2524251040050042,0.2700603860945977,0.30096740705776676,0.3019035506636101,0.31142757735235327,0.31467703788744145,0.2906033546453416,0.2982156786021799,0.3040352507561143,0.2613793491581772,0.31524927156939647,0.3165748379504483,0.2983529916711504,0.500079261552318,0.2509719840782322,0.35157577732351175,0.5320941053486123,0.3435771475460358,0.5785130234857171,0.7386021739308799,0.37255501761164206,0.2687380667408836,0.24674560096620218,0.2968349106212142,0.3622058146472812,0.3611343200867743,0.3244024237318302,0.35200015716625527,0.28942104720580075,0.3819812232464143,0.3934068075744202,0.4002949498122496,0.49006164544256675,0.21190854253910735,0.3291919236365053,0.8026846461293233,0.26321098052600955,0.5493832370279337,0.3098726720175004,0.27962979739518956,0.2904975944349282,0.36132606418134644,0.32579210949911575,0.3612329840125123,0.27945202516603757,0.31502130462153854,0.31032632932762816,0.0,0.3227518758711338,0.38958386197397854,0.3796178490814528,0.27681499617123545,0.280414162634635,0.3066792032936479,0.3389005552448619,0.3525565632711463,0.33589516981729073,0.578375574421882,0.3111543784815031,0.2339787986494998,0.2805545176917432,0.3483137133058005,0.5320941053486123,0.29199656747125896,0.3605520400460514,0.375214608731985,0.3133203737768161,0.15807410149492557,0.24982954679740269,0.36822901833283905,0.27190024993860773,0.31913614456521766,0.3230925434881234,0.3362566645945417,0.31869363052826644,0.3459787099002075,0.3123950185115475,0.2547599440322068,0.38327197099842836,0.3243916587687044,0.33291980561996565,0.33379874636665124,0.25563451519609015,0.4122438233370571,0.3065701689377266,0.3292101985006021,0.3461673248505332,0.3637184949400247,0.4137723989605998,0.3319357854949162,0.34338586714852876,0.36563923551887684,0.30801054963041447,0.3410733849773133,0.34811663080307653,0.31945533711961843,0.3587464293726429,0.32696438644604564,0.3595110862281644,0.33948126054969413,0.3490846762149527,0.36510101886493124,0.31373112371777295,0.3216354711185314,0.4157518514691831,0.33379874636665124,0.32425329193003605,0.3575156574067281,0.3244024237318302,0.2549868259840595,0.24590544745776255,0.34292721350616945,0.20111131772227486,0.31715236686180365,0.30988577850502214,0.3481346309157097,0.2941888066071271,0.7658493475239523,0.5840836491987665,0.36625981317375966,0.2983950971660176,0.207638566110463,0.3005786081214365,0.18086642023883953,0.19053413958137022
attention_zero_shot,BMPER,0.6994838843379302,0.3047212083698134,1.0,0.215094840238445,0.23664484215364415,0.44109024369379995,0.43997392063918295,0.1941688008513244,0.2826952063045111,0.18941321956953444,0.1517848942010741,0.1259747289600775,0.2537626610755698,0.2669490992366288,0.8790049563609131,0.30950889584436336,0.5068407237890913,0.33602819107733967,0.39191369471934095,0.29378059436290216,0.2460374554266993,0.2347609860463446,0.15681902425840363,0.11891604225483163,0.4376121384785739,0.4007368085434999,0.0,0.9189828503843879,0.45071144158969684,0.3931136538925909,0.48852766954553506,0.7401124766602171,0.18563080622109807,0.36883477980716645,0.2964526434083551,0.5488197143995969,0.24233845694591882,0.20179987935235752,0.24485113693157878,0.25561535867238605,0.2839718000138484,0.331207449622116,0.152475630605193,0.3415718456884177,0.20737563280536353,0.18300864268311806,0.33517460242540636,0.4418071014316448,0.0,0.2551410910741025,0.9370528805358437,0.9923116795485928,0.5265536769983054,0.23700119414176885,0.29193202301553717,0.34821173708566944,0.21275979536798642,0.35658853826299175,0.33135299716164696,0.38183302514971673,0.1383897001509064,0.19760732671563255,0.2407839524495268,0.19779174458233062,0.20025208344615503,0.18073246610635588,0.1947870132242407,0.18472847558255037,0.3088055145972159,0.3631796408300274,0.44317191232910874,0.37776968656747617,0.6114528154241741,0.11022065338560026,0.2743176471930992,0.9189828503843879,0.3335538957414161,0.7915060277680759,0.7482749182070333,0.32219345510763764,0.1346722514513605,0.08816514984227562,0.2183671325579262,0.2996809336501501,0.3606142253439127,0.5423505346530814,0.20281252442481812,0.15765027327868741,0.3396426484674051,0.33829654460787456,0.1462528377333279,0.6562007618465379,0.13890183194647485,0.2165726137195327,0.8199433091067905,0.12047126333764621,0.2476179044568257,0.3355124019601621,0.20778121321734835,0.21312827373049265,0.26016746107674704,0.3852421834954986,0.31755937329504447,0.22547697414936946,0.1952066463036255,0.2295657175904875,0.0,0.4891493717396804,0.3657729332189328,0.2603881554353211,0.33575565819463843,0.22402613851027914,0.20390587771040597,0.2939908179489533,0.24104172533562251,0.2617244295911864,0.8752266245808173,0.29820003793064775,0.14033304539658295,0.15947137336615064,0.2996666301679104,0.9189828503843879,0.2352622820293974,0.3381869481596777,0.22288708337456187,0.23417005893526088,0.15708662911324067,0.11515574938594059,0.32605771874775613,0.08922826624616764,0.22191743657925714,0.36471158131260734,0.4715564725256027,0.1251720496733049,0.27895640335971406,0.2611457511528248,0.33341065814666304,0.4114217886331517,0.31094906758041074,0.37308179298442096,0.5210625531711751,0.09484573939307728,0.32924730234387767,0.2824956457521835,0.21350742365104827,0.24064207372377658,0.289728941251012,0.1654223840178357,0.43214257204248535,0.24444536420474997,0.3110024894512387,0.2587414465884098,0.313886754723997,0.3130963077916859,0.2629345562814645,0.3408615959296334,0.22440199824317364,0.4022157007095224,0.2907897388588587,0.3870989486916133,0.2644622911997384,0.2850822924039308,0.19564514345303402,0.20173450761618797,0.5210625531711751,0.23625288720419216,0.22857485640795847,0.5423505346530814,0.16546489637146186,0.18701731130667565,0.2925811473137252,0.1517848942010741,0.29696033683089335,0.2685430543036655,0.2227167251171881,0.30009284204509434,0.54261175660958,0.9432879952690716,0.24633614686358984,0.2523816987060719,0.15744343558635668,0.2587233325302836,0.15681902425840363,0.15708662911324067
attention_zero_shot,CD53,0.6814486507476877,0.2801995342469013,0.33791934023151704,0.41509976984916175,0.5615538889924686,0.6228209500749543,0.6778853374505801,0.3595010612477421,0.4148139028483148,0.2604972104996535,0.16750465424589697,0.17122576277013324,0.41436403564606566,0.274765297815893,0.3909806827138712,0.4811516101162196,0.8443876281123477,0.28598280708020685,0.7544749431182346,0.629017171069919,0.2921322794524438,0.3242033617140718,0.15929809102949152,0.22076811739417343,0.8032453393767361,0.5558628978083744,0.0,0.3546050603366915,0.6992093261577933,0.8075539396452054,0.6882701809395905,0.3497234774520976,0.4077087767100059,0.7998439970885121,0.7655084567049578,0.5896068679691693,0.46162991072630444,0.4489374084291178,0.2758845725250499,0.45389959401858065,0.621054211311605,0.7076907630710346,0.17147179493945217,0.29355142441748094,0.18059679299215603,0.23983386652243843,0.5240255702187507,0.7640779834561767,0.0,0.2838711551064974,0.5998616275086545,0.5559699311598487,0.5522827642783796,0.3849196535421778,0.5062188105716855,0.5101214806101386,0.2825737728316657,0.808942429452331,0.8101743655868825,0.7633192219644426,0.2448957249201967,0.2639202232446545,0.5166985574377033,0.6478451449568275,0.6440173747933148,0.6548217157900386,0.6539287369621368,0.6473948758089548,0.2851028132875839,0.6918737626197623,0.880888706372455,0.7556859779983253,0.7528470631922906,0.17388566553700566,0.4879651434409253,0.3546050603366915,0.7034800655586255,0.44430408410636535,0.6716699243257914,0.44521536755945834,0.224180376440962,0.15123337477035276,0.5036228740762491,0.6706304443821841,0.587069756002321,0.5587642114041229,0.4123381726191733,0.19160560039654323,0.5281561395870806,0.465116199417416,0.19610432893183913,0.7553723495077305,0.16419130982133315,0.4503076294549582,0.38625215034317123,0.20389778016451782,0.5394990771060043,0.4084350060623662,0.2572452426902142,0.5872512142129566,0.4645154416241949,0.5206339768722127,0.5695358827680973,0.48612872053451894,0.26474233404538616,0.33758550973904805,0.0,0.7553401309915907,0.5373608891517538,0.39456629815808597,0.4107337125106803,0.3313497904102713,0.5111411801442719,0.7281655741317163,0.49852953700530883,0.611895187653124,0.43275932688314084,0.4274795050595624,0.17670403411186109,0.20938075893656133,0.49026731354618985,0.3546050603366915,0.26626695920333365,0.7083823224951127,0.4861065134638908,0.28650351714112243,0.1471281647573791,0.1681284211439129,0.6700899836889688,0.15376632457311543,0.7204548537553576,0.7057766154565267,0.8027355176404817,0.21336904026273337,0.5038774344045335,0.5250627179023457,0.366274434693142,0.6634141173511762,0.7112440337187296,0.7478904035016556,0.7553401309915907,0.16172043016438536,0.5042412252911636,0.42134381159255413,0.5892251151443356,0.5023184318392319,0.4719868211904956,0.345641100480061,0.7876874589884828,0.289286750975844,0.7143644176952941,0.2900765125178078,0.4467624105115591,0.6372205865920778,0.7769658877490935,0.7573400571033154,0.5535312920894244,0.7663728444794383,0.7063441601348645,0.7551049587182052,0.4833476018744036,0.30979613789382743,0.2629478254931065,0.552398927061317,0.7553401309915907,0.7449974229200277,0.4865331795614625,0.5587642114041229,0.1968692485826518,0.2358743373726385,0.7740999087145533,0.16750465424589697,0.631166231483191,0.2887399009588545,0.5049665150166329,0.3028190704165914,0.6339895122700985,0.3798435111319991,0.6554710708192827,0.2936693575721145,0.1725521468779305,0.2926905986836047,0.15929809102949152,0.16406955113492955
attention_zero_shot,MS4A4E,0.44027160728040193,0.3051770307403779,0.47859933495555057,0.28482724944286175,0.3253743437158799,0.39116888586380144,0.6548829213248831,0.1823275199927935,0.33932439815716453,0.18181718479029538,0.15141699074689954,0.12494289403289421,0.3079808074924781,0.2588591787874085,0.5426654933476307,0.44845759364277316,0.6359554224770272,0.3523654159869494,0.6245438634148113,0.4224356823834919,0.23330050301971694,0.22420825447530227,0.15869225824226285,0.10991908132784194,0.7076951756583522,0.6758446380575007,0.0,0.5901639344262295,0.7004607135118993,0.6308884142654025,0.4442189591592955,0.35888710997942486,0.2727536391706599,0.6159353569898004,0.4311337995946563,0.35859484793607344,0.36860836690640236,0.31720307453117796,0.23927946032905104,0.3654701153002219,0.3773079108754377,0.4645386531076532,0.15232639918381996,0.23769877944454984,0.21080026024723486,0.17741119623776913,0.5383247538257178,0.7917251051893408,0.0,0.24825356961924286,0.5726761245280619,0.5886395849490546,0.8489327643447399,0.2816829116360883,0.34295329108537914,0.5406955535167978,0.22735763786914412,0.6205069129882238,0.5815503669959096,0.5522201089557643,0.12420009312390556,0.18647612518484438,0.2963174101607088,0.36566438154368225,0.3684249921101588,0.32015966233433046,0.3479019008000567,0.33567454501111094,0.30989586926503504,0.5633733237381613,0.6921790050162961,0.5590767448499,0.687397034395552,0.10119008093199819,0.3770196854722711,0.5901639344262295,0.4953828971578527,0.4805638334713815,0.4159366227214922,0.4020877385559674,0.12217732628048941,0.0854031325465986,0.2804033094798591,0.43779208187475493,0.5871428403947595,1.0,0.23674905884563344,0.1521603920384536,0.532445219031386,0.3464737194612398,0.14207795002653614,0.7937578187095716,0.13485305356241475,0.3436205191581415,0.4217850337664399,0.15251303065827365,0.3313139001610439,0.3344507053728559,0.19822396041327117,0.29242114119957496,0.3769982105694613,0.5168442251234604,0.4099793640028456,0.2561521608464136,0.1853750922168533,0.2639093976334252,0.0,0.880985774393909,0.5727151865374828,0.3014658586454868,0.3346300522608485,0.21182189193368825,0.2784862062801706,0.3891682118000615,0.34586155386118933,0.40803780800526185,0.5373516667343132,0.29287243205989205,0.13801677068856436,0.15685617622055112,0.3982414950755409,0.5901639344262295,0.22164399018365294,0.48258830237882666,0.27839290625510704,0.22263944521478438,0.15869225824226285,0.10973906268526279,0.4569768023134697,0.08213445624122125,0.3840646090837718,0.609919166469711,0.8090837717729273,0.11603452702792975,0.4478854056340648,0.3216538235700873,0.34543342490208023,0.5692587180681759,0.5271885466199842,0.634135230781929,0.9404928871969546,0.09131684139928287,0.3299265230137576,0.27742388582657396,0.34911669947739365,0.3933431881418408,0.43217814370163626,0.2053021486263474,0.7664408947415482,0.2365909139309673,0.5005707548061236,0.25187801663922366,0.3870309531706374,0.46017961966834275,0.4220478431757334,0.5146612315966957,0.274112948805039,0.6097786724985339,0.3816046807370875,0.6595471540488289,0.35610464215363835,0.2688782050137801,0.18702845562862716,0.2503457019178125,0.9404928871969546,0.3601847015821201,0.3243748753773871,1.0,0.15962131611310204,0.18329326971841628,0.4810132678648661,0.15141699074689954,0.39602129916158524,0.264675200197615,0.2997732584792947,0.3055139135446468,0.3785122218924741,0.5901639344262295,0.3539922152433366,0.2410545781389501,0.15869225824226282,0.2512849310756442,0.15869225824226285,0.15869225824226285
attention_zero_shot,RGS1,0.6081180438983982,0.5422666696278559,0.3143150708220811,0.4959093717039972,0.6692247858522629,0.6124372275778163,0.9777805197517037,0.25856335559869587,0.6319669261586214,0.4077577176418313,0.18373569449006927,0.2566095119310288,0.5889859974322772,0.4187019129556465,0.3851615744963067,0.45228222718052763,0.7861510028741997,0.4276691404374143,0.7175709710326941,0.71316773020115,0.4188618574516537,0.39634012287781456,0.1726269531967173,0.23249641624698125,0.8003583102857089,0.5549380059823015,0.0,0.3389112416483264,0.9158416741631024,0.7708687189264546,0.643773476598309,0.3408065485781486,0.369048528543124,0.809295759138557,0.7285136953693934,0.5491744001863084,0.411682806528766,0.39853194480709875,0.5824020103868153,0.48831492534277166,0.6944308016718412,0.6753976413835985,0.188169203241869,0.3118585580990015,0.3723190061349507,0.3691287959493575,0.5153388711280553,0.8571124932115212,0.0,0.44474743492305807,0.6294431406896215,0.5770641186629573,0.6849843154966199,0.8612668458513003,0.6320655471271748,0.5124683814342009,0.5471819487977467,0.8237816113653594,0.7929602687424464,0.7639266453226231,0.26442884178435877,0.3474230969528982,0.6962796563403773,0.5654818917499589,0.5602467338192355,0.5017448076853233,0.525407249243425,0.5250941046852855,0.6294539706511214,0.956625070188892,0.7673923997704102,0.6867992770701415,0.8991266784281534,0.28602034402485726,0.4864991142089124,0.3389112416483264,0.6858913098374018,0.3426377912789268,0.6879423897355179,0.6611544090769805,0.2653589180847195,0.16378065969518268,0.7222017459974427,0.6282283406021036,0.4998573006390658,0.5823134973816675,0.46601793102274364,0.2778408128179749,0.49999205412678516,0.6196435668483833,0.33490455752679227,0.83201737747517,0.1728634925413916,0.40959349235907533,0.33974568633918195,0.21407879540775537,0.5406747958920038,0.49410187627058294,0.43725364648287923,0.7112752093409312,0.4674840780353135,0.7514223563564267,0.7786501458347749,0.8278610653385485,0.35549800312034313,0.7420744531271958,0.0,0.849174298389939,0.5312505283036191,0.6195978359851326,0.5519236417388695,0.3733201773105948,0.6793579351420016,0.610161137659641,0.41100338973439293,0.76269398825439,0.36539625974254475,0.5005328133351724,0.1855078426226107,0.24291901123970674,0.6130187706999879,0.3389112416483264,0.5006338630455699,0.695362791435416,0.5737452409085997,0.38919206104151377,0.178586041170314,0.16447480413742346,0.7471745543118886,0.1384147105208318,0.5627179956392856,0.8066047412643315,0.8199995448108943,0.2465858775656841,0.4700977122343749,0.8153187774439481,0.4207964104452386,0.7442480366916325,0.7200186469138365,0.8114744865573834,0.849174298389939,0.15014109199168402,0.6296829597710203,0.5233922307477907,0.5468723965756963,0.45449727169070364,0.43832128128143305,0.3714600715483495,0.8216377396278395,0.4828963258864039,0.7292166298630873,0.5062145938936082,0.7033047726511447,0.7058794143931888,0.6205591189698761,0.6786687093253404,0.44640418841341933,0.7043596526849804,0.5596985339486555,0.8153513323864122,0.5455905397359188,0.36723054384543496,0.4587963556296379,0.41692390914614835,0.849174298389939,0.5536041586858144,0.4010742702151924,0.5823134973816675,0.37754260498393366,0.5592734278008744,0.7007144704235624,0.18373569449006927,0.8127061295457072,0.636297901560056,0.4748420097508766,0.5181973033587198,0.592582307054576,0.37858271945536376,0.5705696394768807,0.3849227382579933,0.18851785445964184,0.4320344518154128,0.1726269531967173,0.178586041170314
attention_zero_shot,KYNU,0.31586283891713457,0.8051304558104584,0.22634934142762908,0.799025417196185,0.5575930876655223,0.5267039267297722,0.758801116291151,0.615782643091559,0.8411393589013788,0.8708855001973499,0.3804990300290499,0.6015104791934308,0.676378470002955,0.6026720855712139,0.3439905847710947,0.2943746350653034,0.2728072887510064,0.6184485944960527,0.22570089735662427,0.7032657950692088,0.7697127469812889,0.6470149050491784,0.34117544719649867,0.8384659822389495,0.298252248683105,0.3770779568650425,0.0,0.2307262554498789,0.5968713579888569,0.23916579423900922,0.3016642810935394,0.2890587539442535,0.48071676956637743,0.31269408226289097,0.5026970178380817,0.4243567197373131,0.37372373449993934,0.46041462956717893,0.9014709086538314,0.6335328021662769,0.6722700243375413,0.4180739155697209,0.39852793388086555,0.42647786331538573,0.6719239737565009,0.6876446056470519,0.3982085377221036,0.23926097799082305,0.0,0.679746725312177,0.41482840538744525,0.3762651026793847,0.5741013980778688,0.7920957244602288,0.7384251724869071,0.3859282934980719,0.8583194637191797,0.3408280932644377,0.3029301182101385,0.2083850474155336,0.7380531970936525,0.7184011971511467,0.6456939534612286,0.3062879429142126,0.3069542248852234,0.28340219457624555,0.2828845750808432,0.3027301519649253,0.8422484642275139,0.6720837347363835,0.24274524468951902,0.23079513020965142,0.49984985789241504,0.7589877782790777,0.4897607044591559,0.2307262554498789,0.30224779832179505,0.29862286580136826,0.5169674895813497,0.7965574379795071,0.6148638150932073,0.504485490174731,0.8049588615299174,0.4369651555371645,0.31493939496919665,0.2307262554498789,0.5279280304032195,0.6455692716450943,0.42469264158292785,0.5683075282068426,0.6527578746633378,0.2523648946092979,0.36467030879960544,0.4391082976348553,0.2975370287468406,0.4441484713192989,0.3939561339658705,0.7000735532534127,0.7577056845413792,0.7522837575709299,0.5385601015855328,0.7356409264275239,0.7635616297165129,0.8025290575176823,0.7395168099751939,0.8498259279549709,0.0,0.2386095579169625,0.43407477930427374,0.8977236753069798,0.7651447104426986,0.5960519788752893,0.7763458299372754,0.5088637718483704,0.4852525167037154,0.6557838132480378,0.2672555066877246,0.7684669890473823,0.5542949455466811,0.6571074318288338,0.706613180825273,0.2307262554498789,0.9710685718330654,0.39560226158733014,0.7091556609386085,0.8229478429540993,0.27190426486396396,0.5816853616481709,0.683082946215969,0.5876782409012703,0.30553524272325505,0.38850890748548916,0.2621865628543928,0.7458492018003775,0.4447398576865949,0.7291999992110688,0.5983344202897884,0.47433545977062963,0.2978901402740093,0.23881109242953596,0.24142563782436907,0.5274461702932082,0.6137661726247169,0.7414806343563456,0.40836976357545374,0.32565425668328174,0.33217084592721097,0.8222131009665238,0.2716181031583427,0.8683583489602136,0.45803449717280803,0.9265002775060394,0.8689718376993631,0.6121867501121897,0.30190563281979893,0.3549093042383597,0.40840655585771507,0.3005716780175222,0.4008590722799853,0.2456308573065118,0.659927977242379,0.5428330642778245,0.85670055703004,0.43233488816765125,0.24142563782436907,0.31937714316713745,0.3600532422492784,0.2307262554498789,0.8819652286360662,0.6755225764925213,0.3376741428440953,0.3804990300290499,0.6701331152858094,0.8873501273769467,0.6156777301409077,0.6615818864712145,0.3756362551176389,0.24993243869257423,0.40310535506540385,0.6941316907452248,0.40482090653267355,0.7090632047531716,0.34117544719649867,0.36504249444756426
attention_zero_shot,NFATC2,0.3000568650714913,0.5396035367852795,0.19081166435864552,0.713516445171005,0.5625889847143175,0.6050491580506718,0.5532003588929644,0.689581443328061,0.8645196945083564,0.9146793301717757,0.5321337602371718,0.4937035560344311,0.6118839558278484,0.5132934969534054,0.34731622903853054,0.3427617598978332,0.2532083187516555,0.42328235285105,0.2025635878005684,0.7777726341858431,0.5898594640696452,0.667336896934868,0.460450907583449,0.8426466970756131,0.305675176079165,0.3929842066887002,0.0,0.19167398804082086,0.44628102339485615,0.201620270253872,0.34691581819585593,0.3435834898672021,0.5315687966452893,0.31270393176892347,0.5719055639904481,0.4396428886272027,0.38250896521189537,0.42004127480889974,0.89922772489392,0.6035324660423105,0.7375442924829035,0.38476304896106384,0.5430143704642143,0.4480471111680379,0.4452938680315192,0.8165888920187657,0.39856238497365554,0.19816972130838162,0.0,0.7437961629286871,0.46783619808267296,0.36850586221183124,0.4257660166762898,0.7844653923578722,0.6798253648890467,0.37497840860778897,0.891483709755839,0.35084478352051435,0.30616016508612737,0.17092451189913832,0.824469623329069,0.8076178761846107,0.6204527175999853,0.32324904343654737,0.3239243939423066,0.30383447181453244,0.30636245255028893,0.31969859856462596,0.5805276668488103,0.5274480938932038,0.2006873710960262,0.20808253836470855,0.4090733465778144,0.7804529244671311,0.4490625879481793,0.19167398804082086,0.3475223273826282,0.2837131160274431,0.4475005090505006,0.773113696680596,0.7271962573516637,0.6286373767897022,0.8284511035284151,0.42676585614171003,0.31310479123607443,0.19167398804082086,0.5669551156701751,0.8017181134176657,0.411606305242937,0.6418473995358736,0.6249352161360499,0.2061111604717784,0.4948147042985288,0.43192956673701344,0.2986258989794664,0.45768463835167733,0.3740816853266824,0.6821615528339029,0.7996776061645645,0.7943388362687231,0.4464748032531014,0.5576051207557332,0.7264248785537145,0.7051993550925099,0.8570752020262495,0.8612024079903438,0.0,0.19691217802238328,0.41579396599451535,0.9370780628899567,0.5418030420752007,0.6510302012549073,0.7988854302822797,0.6081290713122054,0.5040394250600753,0.5857930801316741,0.24477889407368528,0.7546959380260745,0.6433377532257041,0.6988283398147249,0.7338289642837371,0.19167398804082086,0.7658123983094239,0.39729082040096053,0.7075762477932172,0.8258471211849492,0.30933089296568467,0.6526456033106256,0.7546269985936914,0.668692221762355,0.31805951316541453,0.341475280901215,0.2424748286948981,0.8006758632813156,0.4145741033369951,0.6621548206451271,0.42011583920966933,0.5040232374045983,0.3125093814525408,0.2410411425555157,0.1981190694112718,0.6911214501130319,0.6619675096817835,0.7508849518133041,0.47244061849259217,0.36034630768474685,0.381741787078043,0.8878001005231287,0.24668818790022104,0.8371997577788792,0.4520351711850875,0.8894492660922942,0.8641147134805058,0.7202678948264806,0.323688020327557,0.3579663370323336,0.4215903989786872,0.29704323809955746,0.4174014982868036,0.24506392899330537,0.6052783038631117,0.6150173217989114,0.8724717865661158,0.4268844749086132,0.1981190694112718,0.33830692147620384,0.3396831318862851,0.19167398804082086,0.8474745866037198,0.6435464739979619,0.3462766376677301,0.5321337602371718,0.6239397496844988,0.8116297477660479,0.5915831177773072,0.5230390665628328,0.4380394631914052,0.2028850178975275,0.39377448358765776,0.6938100810555594,0.49899012847034546,0.7474023606492247,0.460450907583449,0.47393963489386276
attention_zero_shot,TBXAS1,0.3617746094975802,0.5273102527229095,0.21010384480379027,0.6257873041029156,0.5629812871818448,0.5283146884631916,0.5931495806094954,0.46343436785500913,0.622000720333178,0.5107008369485004,0.41421990382573337,0.49668130688408785,0.7108555694847133,0.3848992792712467,0.46051764905774795,0.3961254455893024,0.4379515291065141,0.37717072044180083,0.34970076326482047,0.6735337514645758,0.5632079158175974,0.5038320793046952,0.3939603679523782,0.3806025925292708,0.5301622330739196,0.8866240264685892,0.0,0.2261775952038811,0.4954089650321239,0.3417524236671046,0.44278955793534774,0.39496592392557467,0.5230920368007289,0.5172012885964726,0.529576662496792,0.44377335440752186,0.8729960716010291,0.8955080847579497,0.6284059952202666,0.884510295806336,0.5950432170112175,0.46391540490978517,0.4261506211810875,0.34159825103028596,0.46276705238842836,0.4806225730843097,0.9034204669917612,0.3479500220003577,0.0,0.49267015279133014,0.5766665428797189,0.5701456733653062,0.4920277760059634,0.8144810160919347,0.6944848179519173,0.4670480276968145,0.6496737759658608,0.5537214017566954,0.5211829610437583,0.2406814367716358,0.474231397568015,0.46980647671960124,0.6196463998661147,0.5807972804183913,0.5856666552379328,0.5159646572448217,0.5331610366834729,0.5604976291647423,0.5571152341768165,0.6095100297500827,0.3273982120745204,0.2990570256820925,0.5007994315275488,0.46436257336051195,0.5033107416797074,0.2261775952038811,0.5173314908349957,0.30512130837471363,0.41039292133814825,0.7431599156920782,0.39434096434367144,0.3452987291798319,0.5456986835600871,0.5557874298529348,0.523957984605518,0.3318416455829325,0.5569146693358343,0.4633896715482848,0.6047956898783017,0.5277200332176434,0.5315343594696582,0.38742294815602174,0.3999750523830294,0.4992989574286233,0.3679615350107982,0.4545271990586356,0.4729762836466783,0.4959241729466744,0.5477827509983563,0.5728995217159322,0.5708083497742441,0.6231988301786918,0.6270799067868371,0.7503812543200838,0.4724800688410978,0.8061194092274263,0.0,0.3570025020625074,0.6360630164536717,0.6617132581143869,0.5381288296745057,0.4416912335613929,0.6394661560089113,0.47368044379558644,0.466665417757941,0.6950944223631322,0.30000100283654896,0.568945985795127,0.4334346292520698,0.5275672116677266,0.6872277293033368,0.2261775952038811,0.533545559508082,0.5371371302789132,0.6261582476522961,0.5049815068317594,0.2703568617603705,0.3885551154205132,0.6361868099398693,0.3250870626839848,0.5259833430245897,0.45384706054616086,0.3895194166105943,0.34341037803972796,0.5497489900972161,0.7358571247987805,0.37386709489295655,0.5979375370042159,0.47181914095654154,0.3648534389422145,0.37782999154357333,0.3386171870272056,0.575756966301975,0.5841037826524639,0.5343195434715063,0.7906246340412999,0.7528017581048871,0.6242808224369787,0.4304656032496052,0.6128222384412673,0.7861403906235727,0.6449679091352352,0.646675620177958,0.5651282645371003,0.4523973666783819,0.5073429239449593,0.4522602040073366,0.46234957315652075,0.521286991407958,0.4061817079774292,0.6593384273125631,0.4321911361992562,0.5623962740740517,0.6111153545872715,0.37782999154357333,0.45374649653777854,0.48005120327665035,0.3318416455829325,0.5923132268893678,0.5732316467528809,0.5200043612654264,0.41421990382573337,0.6919404821098376,0.7573675321538194,0.7525911023517576,0.4512175987384476,0.5356935578421028,0.27817564366421654,0.6847578491283689,0.5183833860096893,0.4345810580027467,0.519701315685888,0.3939603679523782,0.4090050679710332
attention_zero_shot,KCNE4,0.4294937671920067,0.26234897252040174,0.3789550172966304,0.2841526519033162,0.37418692951619764,0.42671228446709786,0.5954708217922171,0.18066248476846686,0.33456559440013545,0.19106248382146046,0.13741491514584742,0.13743165789571082,0.30480854767403576,0.23831759811066874,0.45889646764712894,0.4232076567433319,0.5972060776313393,0.27707717602702087,0.8024878183186863,0.42202749539401735,0.21914859128490005,0.21529911727626733,0.13557132131417554,0.11689668594905629,0.6687823590770643,0.5843644452272692,0.0,0.43622735225843967,0.7114173714505274,0.603307623880235,0.48050332759773545,0.3625940144335934,0.27505120612290923,0.5900483911937133,0.4387860446339333,0.3948854248376994,0.35644774448186983,0.3128446969844841,0.24061834620658182,0.3531787372754041,0.377330664158557,0.5198595094767904,0.13934921906370337,0.24551370026425717,0.17482737281272007,0.18005654379901753,0.49263752711409065,0.678789110184732,0.0,0.2356252084065146,0.5658239465764215,0.5809231094213136,0.678082075779267,0.28333711069131273,0.336601008889491,0.48844253663873766,0.22758715056232973,0.5888268534905131,0.5560598782263094,0.4819475905954658,0.13885521206845058,0.18514204303424509,0.3358555917572899,0.38434468940337513,0.3872439463186552,0.35346928132674743,0.3813791868274303,0.3550293258692439,0.27915671237628453,0.5340448710698898,0.6135408679719991,0.552375318806164,0.6327316383561795,0.11566989942302804,0.3653089795107782,0.43622735225843967,0.536678979575308,0.40533947059823355,0.40741830671151597,0.3845652714946145,0.13901381319168482,0.10013834931582076,0.29688086686671383,0.4311070124263498,0.5161322931790067,0.7297864259224365,0.24146057760543477,0.17757674433748696,0.4740571998225655,0.35184658074765585,0.15619827810677755,0.6977275044317724,0.1549820210156876,0.3880360071407653,0.38182760252990894,0.16434188431878063,0.3359451558288504,0.2980450478438391,0.20366398785187834,0.3064678961517809,0.4100099451963451,0.47727526579063323,0.40694627895624524,0.26634040139159065,0.18433322388048481,0.2687770112950612,0.0,0.7299779791274689,0.5098684613779858,0.2995771109724306,0.2951457532157488,0.2122218149324508,0.2892787713278537,0.3889163179761996,0.33478970640540734,0.40477944895174545,0.4479303455454324,0.2745282884841906,0.13088676384317038,0.1510136652855933,0.38707148036762906,0.43622735225843967,0.21127065154445207,0.4771602348517781,0.2841179187887994,0.21345012738791738,0.13846143843018646,0.11571289117220322,0.45036427352393965,0.08536430612248382,0.38368589424585037,0.782407535488575,0.7012194430394727,0.1387431369437381,0.41815806389743526,0.32408741632091437,0.2821557115939687,0.5850246751132738,0.6183967752927982,0.6092262716450412,0.7716329580896006,0.108966526652872,0.33153115986561776,0.26580107470202113,0.35082728491909654,0.3762562802895393,0.42002735898215915,0.20883206865016407,0.6692372852659382,0.23547280785817037,0.4961951909811341,0.23778079903445348,0.43630906443693784,0.4708124474900594,0.4174525273478067,0.48896721132964815,0.28330771169976265,0.5662501320623916,0.3812317222466519,0.6260231929497163,0.3764360507588083,0.25549643155853163,0.18592106996275096,0.27484303421538764,0.7716329580896006,0.3624597131373795,0.3179542459129743,0.7297864259224365,0.15306975747048837,0.19943996260189398,0.47215154120551545,0.13741491514584742,0.4004971129179696,0.25210629389516276,0.2975129485512061,0.2931929237040203,0.3769331262889158,0.47821005648601866,0.3559617353763176,0.22496414762432493,0.14250760239260174,0.23636651607660525,0.13557132131417554,0.13846143843018646
attention_zero_shot,CENPF,0.2586984144021853,0.4577045712800769,0.15804893466822348,0.5781567768335931,0.5742648027940837,0.5903629323126995,0.47942316880005365,0.5667855987682867,0.7200317032705724,0.7684532975609699,0.4692691234469902,0.39980547767310426,0.6566784452311568,0.49991148347084,0.2884906247422056,0.29221460331015914,0.22334574649575803,0.33037302764722065,0.1845380893648448,0.6069020309806187,0.45898059558698784,0.5869246397730101,0.35689586823573827,0.6720941024717595,0.27522432353210835,0.3383449556135716,0.0,0.16200347795265793,0.36101539893701584,0.17055740431468924,0.2806219223443313,0.3192739872285538,0.5025241984433044,0.2876556760910221,0.6043637636620375,0.40603058593919533,0.3348418255503942,0.3699205155091225,0.6899771986466143,0.4788426834568358,0.6949917034430555,0.40533116876444747,0.4776934230748157,0.5188866670049436,0.4186437431400263,0.7401282307040661,0.34582581740405294,0.16415596744292626,0.0,0.6417466787405234,0.5550817609674836,0.5186521506459549,0.3482799110168241,0.7651215703100229,0.6072137802448351,0.3050579119143908,0.7053833296927408,0.32086208339250405,0.2758050821042133,0.14087447109155565,0.7181423036363497,0.714785302727401,0.6211970856607425,0.3110421478645189,0.313367466598418,0.2963061148678847,0.3197778044879108,0.30675160393137724,0.49107659766284145,0.47030806531838004,0.1687288432845016,0.18892257095050274,0.3465074391372639,0.6352329846623572,0.38967517944702995,0.16200347795265793,0.3258153082023558,0.22546209846686274,0.36280031005234464,0.7113921302493401,0.7467248766962723,0.6164228903985413,0.6659065372201363,0.412748886601744,0.2756563318287434,0.16200347795265793,0.553836304969487,0.6025339767037974,0.34465637302753677,0.6627214831667159,0.5325161761840396,0.17802421434155366,0.3800523842595228,0.3639989161078467,0.2645806711682105,0.41462441831863217,0.31225448639297865,0.5531303570085211,0.6973954927630744,0.6573296623023831,0.38430586020092006,0.4949782883953988,0.6564830419073081,0.6418846302820731,0.6890789949063428,0.7614032455022498,0.0,0.16654998839104887,0.3518731952326264,0.7768840160036978,0.4646862234248209,0.5826575192607085,0.65635895238978,0.5282465990698155,0.38300190173734094,0.602423193180929,0.2155719181276819,0.6235882618936267,0.45005062627034204,0.49410651283210083,0.6378731927578107,0.16200347795265793,0.5531429631262573,0.34767406449682714,0.6628830741067736,0.56849933044129,0.3567847011445491,0.46421609849756595,0.6209540265834388,0.5375151930668763,0.28813077280755384,0.30860265699163275,0.20659633585007398,0.67605279725743,0.3652251204980565,0.6195700414747466,0.33016190152914365,0.46699304954901183,0.2801812760344787,0.1888010855393571,0.1711825469859433,0.5770117590574976,0.6594269027746213,0.693312005738174,0.4697899453874547,0.31723291097188444,0.3217029630200091,0.7834441972098791,0.20455407280110488,0.6520786349010591,0.42378196534123486,0.6710009337119304,0.6719388901026451,0.6969665383232124,0.3016671877001313,0.31861079361045036,0.3955710231667767,0.26102543999490363,0.40497245872435883,0.19926531122918792,0.5368702120239947,0.5896980195308258,0.709118668341729,0.3983674606393298,0.1711825469859433,0.31045667628301954,0.30009844358247595,0.16200347795265793,0.6503078498819669,0.6773690951425405,0.3238534943854638,0.4692691234469902,0.564689093468438,0.6679410062816221,0.5766496362783602,0.4070490799679605,0.36278948410588124,0.1823920711180661,0.35236180721734645,0.5221030999126173,0.38801381009529934,0.621800935404098,0.35689586823573827,0.3676142704318093
attention_zero_shot,IGFBP5,0.6744914546815494,0.4474421702001413,0.5813377363720846,0.5710040360827124,0.4292628472993086,0.6063358426427677,0.5872783155096818,0.5239422352521443,0.6607108853205022,0.6412884921439252,0.4207147046499944,0.4767441186879045,0.5290538112852664,0.47320084996974476,0.7814381400827806,0.4060400543225134,0.4922859560530967,0.4273342113676491,0.3715559706828493,0.5421211448333115,0.557423325864877,0.582533222732822,0.3512587300535502,0.533655801649025,0.4242631315542676,0.4896901387281868,0.0,0.6260613508090005,0.5511387184176348,0.3515175281510034,0.549679524987455,0.6883685287894008,0.5083825130033581,0.3920157449499623,0.47810002490809017,0.5730435640703265,0.4455349057315253,0.4779122386439139,0.6414569453110072,0.5418440332966946,0.5730350131130938,0.3651243734530893,0.45120340440525786,0.5021161733685625,0.2833001213995488,0.5549413125239399,0.49183326266301125,0.3683885793312239,0.0,0.6229962934981689,0.9531920760618827,0.9740008482372576,0.53383831736959,0.5409021542293388,0.5818683444265167,0.4673181220555727,0.5874169567573138,0.40691080220829695,0.37667936839135163,0.3012626871279624,0.4600017595476645,0.6007433693953109,0.4815758196623225,0.33216569113269173,0.3359782094757443,0.30826577611305556,0.314918419877204,0.3255746100145481,0.5335604168974397,0.47989431701462054,0.37281015142985013,0.34835178417069784,0.6262456533492455,0.4081639858727676,0.44981253954331907,0.6260613508090005,0.3856196838472357,0.6604843622521741,0.6749734551997182,0.6827176976196887,0.45039508510130616,0.39578386070025007,0.5305322735035576,0.4453973116660925,0.4257118587525098,0.3986103584717735,0.44419446216326897,0.4588845837469669,0.49918969992217943,0.5545428572181252,0.4999983995888532,0.5456433715434166,0.4107132037044087,0.4183969313291669,0.6480851285384203,0.3661332253409587,0.6076363236643533,0.6257295517975786,0.5306519132370321,0.4657865528333166,0.5073864078225643,0.5386198588110533,0.5393013189218254,0.5217316382675633,0.6239296605059291,0.5807046518797376,0.0,0.387980907701885,0.5126929083486261,0.7226635299038064,0.4699689821167904,0.5247888207423004,0.5193412456330532,0.4965776734882628,0.42100966575233945,0.48636350626458164,0.6805949545019192,0.6385680137520832,0.4999313463190145,0.5489375729830178,0.6188366295179487,0.6260613508090005,0.47325066076378886,0.45668606838446996,0.5458829305822545,0.6507748406565388,0.24737828943218157,0.45601365546730266,0.5751499218969488,0.39023522311139297,0.3406601506752948,0.4117047259955013,0.4084368875077267,0.4716791469131636,0.4551324220511656,0.5256138280435187,0.42048241444233375,0.5182913883543343,0.36645525694755304,0.3527394126195059,0.4039374984176323,0.42358245975236747,0.6195593717656067,0.6089290309096393,0.3729521926695759,0.4070252675461458,0.42663771599199324,0.5816532761069504,0.3891925451195254,0.6414511123496174,0.46586115359070873,0.6423672100593959,0.6354541789582377,0.525525854386606,0.35939705562436053,0.4334202761517951,0.3954717912828567,0.41428047077000923,0.4133731116450116,0.3672090109378119,0.5369646572569966,0.532106865273776,0.6058963699889081,0.4625708681037639,0.4039374984176323,0.3727545236330846,0.4126614223743368,0.3986103584717735,0.4993108739780163,0.4494921313219298,0.3843904126851302,0.4207147046499944,0.5052213794772819,0.6710278334375726,0.49222186363502923,0.5350724003367656,0.6466677733187696,0.6851042954181057,0.43861969933557476,0.6418107545167697,0.45938227504462514,0.6673232031780122,0.3512587300535502,0.3918050594252033
attention_zero_shot,CMKLR1,0.6136575488267421,0.30329184830905287,0.38401639388713404,0.3594829896768167,0.48222850369511644,0.4998329564006987,0.8122367735663907,0.20464929685933989,0.39444958156202325,0.20449317262930491,0.14666484572042962,0.12483966229249162,0.3701835758861369,0.277591528291381,0.44395717907504384,0.5009547223734043,0.8636287795607788,0.3201085006839289,0.7968282966882878,0.5994401596613238,0.2632147731720545,0.2513219575877174,0.14801435798425178,0.13788362870868623,0.8770101450906662,0.6377998737191634,0.0,0.4226197319108822,0.8577703675271087,0.8655180612783976,0.6669343343372299,0.35037422608689145,0.33489295341226427,0.862599354226349,0.6417954684998874,0.4972627066694718,0.4264504016874006,0.37932740622892885,0.2548785896601961,0.42650454192219067,0.5263979839536952,0.6345736547442872,0.14746667322188517,0.25292296793413616,0.19155116735756483,0.19480826563598982,0.5533665726767056,1.0,0.0,0.26606103896403904,0.6085478815588502,0.5763705052935703,0.7161914873617107,0.3520543488930048,0.3924673627045885,0.556447269202755,0.24141786431485793,0.8731717094806541,0.8498073354553072,0.8481375278666783,0.13880976527490316,0.21749147008028705,0.41968390043807313,0.5529844423390328,0.5473260175585144,0.48940890361464,0.5147325283124745,0.5108261808661526,0.3065112080132806,0.8049248659799345,0.8789194140243314,0.7680248180291228,0.9106122485364588,0.12176531179941621,0.4268477432083012,0.4226197319108822,0.7110396550198035,0.40285572575261697,0.6207090513838046,0.4528692306663274,0.1591329309749598,0.09272844693607134,0.49719041991106394,0.5916164369108631,0.5856223456822568,0.7570126227208975,0.29308148572324483,0.15837098752830045,0.5534472742920371,0.44181352178135225,0.15023904547376404,0.952189856232922,0.13838287712818723,0.416612164312219,0.38019112748815787,0.14986294816719517,0.4934874965762006,0.32095522925317527,0.2250448537718831,0.5309865789098415,0.4426874832360314,0.5380370386137581,0.5594180812485133,0.4123600681713142,0.21344771973607557,0.3031512518302111,0.0,1.0,0.5768899180312823,0.35207843459759874,0.32021264462019106,0.24327082193566835,0.503494989312412,0.5495857571179479,0.42145794457130054,0.6156326230581081,0.4347988819630161,0.295551772023204,0.13953185457955145,0.1661950417804698,0.44145686197960704,0.4226197319108822,0.2545983379654087,0.6996636585872296,0.38347057117398003,0.2517581676922543,0.14890418300575267,0.12046360868816176,0.6353158198328762,0.09887236468798802,0.5684872416494454,0.8255126549988294,0.9446783453249364,0.14428431299271044,0.49307367388227047,0.42093768621032424,0.31990824734048506,0.7076502245115941,0.7656826743886187,0.9048440377578899,1.0,0.1001711167758513,0.3982959011972713,0.28308270725288737,0.5106293105861238,0.448791069627586,0.4879099577405477,0.24481015507808385,0.946726088846118,0.25729979784272405,0.6925326747615961,0.26930730299426636,0.4531213152767148,0.6146146281977379,0.633002801512676,0.7053572900189182,0.37339272903000986,0.767183626605113,0.5249898700171715,0.89769583065836,0.41492624789446353,0.2788144415014042,0.21210760107159682,0.3442645949173893,1.0,0.556918281884631,0.3969159691777496,0.7570126227208975,0.16733250491060517,0.20868249293812285,0.7130146624808424,0.14666484572042962,0.5394278809504227,0.27503541788529956,0.3638293443920595,0.30409993716374634,0.5651810157463619,0.4561285724139516,0.5295260460189505,0.26757644042662315,0.1503024794681113,0.2698500534991132,0.14801435798425178,0.14890418300575267
attention_zero_shot,CYBA,0.5652570120582334,0.26557978015904726,0.21859661148503864,0.4394891106692483,0.6217277620083611,0.6800067632398914,0.6159333211818011,0.2987013174527957,0.49154130688060355,0.34503276628984386,0.18166010398546972,0.28227186249229164,0.49223765508881834,0.27794460919962627,0.3078789460840091,0.422321742587573,0.6953691098084278,0.25171844343884786,0.6137550900159408,0.6987588272326114,0.30314896318380974,0.3791242142462853,0.16650250794591062,0.28964680248910674,0.6450256433922525,0.5115551986688551,0.0,0.2246745762581587,0.6250570519176896,0.5696976114726592,0.6098671186680962,0.33447453623582346,0.43643172547938724,0.695093260306157,0.6819093545011867,0.5806361690269004,0.5762985954290739,0.5687635112503319,0.38508149934803465,0.5357425169891795,0.630458760873978,0.5975981954737952,0.1866215336138897,0.30703822286190996,0.17197509044869985,0.3720903084052415,0.5320536351662473,0.579766074296648,0.0,0.323137220864996,0.5831141272936883,0.5117519413720315,0.425060251088655,0.6487213357177605,0.5252168212045046,0.4360653425101551,0.4170016764705595,0.7422210173969591,0.7382482458585694,0.5240724352531935,0.2307370581589509,0.30724955918323565,0.6655970606430971,0.7340176502303039,0.7317246989391858,0.6950557537762915,0.7051195478398329,0.714519590879685,0.31254149758141103,0.6244129027665329,0.5649482336041679,0.5440625188240278,0.6215271139109295,0.22201393831395722,0.6050475162561442,0.2246745762581587,0.6540600528794029,0.2950336652485652,0.5617209136395147,0.4810048977061659,0.28590633234500756,0.22750929919498286,0.5663869803610762,0.6844555445440706,0.5330313044727552,0.3868911006319517,0.6349470785815279,0.2515211059181014,0.4681686863072151,0.6127666611504814,0.31344493020311653,0.58027895221084,0.18994878795915981,0.41843490127990485,0.33305335172203787,0.2583879940100999,0.5723187451440291,0.32748974219491545,0.3334032954647309,0.5497852721990021,0.4798635887003383,0.4491664587052347,0.6482466460538281,0.6131788145796717,0.31518544256149017,0.4915152191956554,0.0,0.5715261934005038,0.48002944872326614,0.481196660068878,0.2819877202804009,0.32925447118136353,0.5588927491058017,0.6221608889137041,0.5069178435808983,0.6243337434051156,0.265625291599237,0.38385408854689396,0.19442480085155706,0.24792975283202426,0.4702936882805813,0.2246745762581587,0.28563689421510247,0.6393249274433583,0.611751324838316,0.3026588928410111,0.14328075047923633,0.21380316175774253,0.6477430755693911,0.18870084650754038,0.7203196715065371,0.6307663381298477,0.5797681384524349,0.29025396328732533,0.4488380460061135,0.675538460594917,0.2561544922690177,0.6582710641041676,0.6618899758896851,0.591166407555574,0.5715261934005038,0.22157848436517344,0.6488080748935638,0.4014617505366584,0.6682794958196164,0.5557828459643305,0.4784302144001309,0.49066238039081606,0.7054941109821847,0.3459588324372862,0.7135224108927781,0.3370741496521363,0.5054214579131739,0.6086658287008703,0.6653869479949804,0.6798470165135726,0.6443204691522928,0.6193422867339671,0.6933350302098207,0.6032183499398616,0.5660828556616333,0.30449929890789207,0.3469161311496895,0.6929447337089344,0.5715261934005038,0.6695006977339633,0.5235708570783408,0.3868911006319517,0.22965773181809582,0.3856732243485366,0.7400222798718621,0.18166010398546972,0.6431608822268143,0.3792714844710863,0.5556818488632967,0.3714274356856485,0.6457743377578362,0.2457605007678551,0.6815941846389669,0.2903107031405543,0.182570268929287,0.3176196935171607,0.16650250794591062,0.17207703726667384
attention_zero_shot,ANKFN1,0.09764975640302774,0.14403014849349527,0.08206419945890595,0.18793830509859558,0.16247440719728093,0.12456586573243855,0.12345859832097347,0.2111198342273326,0.19583785479097937,0.21300629276648841,0.32581198811778095,0.19512657431622782,0.23922067233277683,0.41355681496665764,0.11257866417134935,0.12364826108002142,0.08489274786283588,0.1441962013887749,0.07083642775426408,0.1291013301295571,0.21495237409673715,0.29374151273107035,0.24153140083957564,0.18428447288154098,0.0937892020483964,0.14459260955691,0.0,0.08542807764166431,0.11098546214473656,0.0768896600722426,0.09910686685540786,0.08411465321072291,0.1901708173839481,0.0960829114291228,0.15458779555895527,0.13061236116859065,0.15807376327006253,0.17987653687163838,0.15975022850852713,0.19599631096573877,0.19047203703108936,0.08568003233843256,0.3117652235714134,0.2709496802060725,0.14386409559821564,0.2665139911131354,0.15780065958133918,0.07876011058944979,0.0,0.28951117300866525,0.09325574585050651,0.08619130002799026,0.10893532714050855,0.13722340268526362,0.16177785258858035,0.17741051622373388,0.16361199985393582,0.10384140218370351,0.09874841996546455,0.07775869706336025,0.24349261939944083,0.4126319430368889,0.15592627640627457,0.11642456332803484,0.11715314028293507,0.11289473529381469,0.11627114257261552,0.11854410175289536,0.1440716617173152,0.10544486193822541,0.07848889647991864,0.08208775870491972,0.0902217896436885,0.19792672706956196,0.14558314059012628,0.08542807764166431,0.08277649683879927,0.09706678856649933,0.09890662229996917,0.25888373337948,0.27870929227062663,0.2155541501437351,0.14777968088598703,0.1409369115110439,0.14015367783363075,0.08542807764166431,0.14955272103407263,0.1606826905130283,0.18451018942949712,0.2000768397922795,0.15953277506566332,0.08163626116220013,0.24055303385424143,0.1383523939480111,0.09741992837313075,0.19439336077482128,0.17150979849039077,0.20740146868559725,0.20732097581150397,0.1828707620077952,0.17714583808847095,0.1194882596395277,0.2120033516428606,0.16246555845787225,0.28583046239997706,0.16008659097653036,0.0,0.0814272974103356,0.17470256484090388,0.19749931418449904,0.1247577305112271,0.2890382537858427,0.1937494980419568,0.12901794238868225,0.18594554110640826,0.193884856629199,0.09334284957999579,0.1586153627697889,0.23880221596464152,0.21978164652740226,0.15704783180795415,0.08542807764166431,0.16395853706067867,0.13318393254289043,0.19854737333310438,0.21055207119660074,0.4080282304624448,0.21892734559010654,0.13243242397417085,0.24712316426831793,0.11608045436931348,0.07837308237852862,0.09048514941476098,0.19408049858395118,0.16053464924698505,0.1326472557677826,0.12092894824019122,0.10371243245233529,0.10381158684251102,0.07368192618499535,0.08342768752599997,0.2756068654838935,0.1441991114420304,0.1969023083415946,0.2090480565281973,0.1327424946506253,0.11123346123497187,0.1918638966433023,0.09914131377597722,0.19535932721616625,0.12630079939002908,0.18865966045885987,0.14673894665329032,0.2150153398980087,0.10489992392861981,0.13807682331965296,0.13701726311277831,0.1150850217045066,0.11599997639959801,0.06994785029460314,0.1575672726285635,0.2598398419753004,0.2195963254718187,0.15688026198535504,0.08342768752599997,0.12776054604730092,0.18113132516747205,0.08542807764166431,0.19496277463794548,0.2893757956298777,0.11742316745768928,0.32581198811778095,0.1158218950348885,0.17219594363389804,0.20868198007903088,0.12326283303875382,0.12084887398094946,0.08542807764166431,0.14446180411868123,0.2272392612392769,0.24153140083957564,0.25447113464343807,0.24153140083957564,0.2415314008395756
ig_lora,CD163,0.7553666282301853,0.47703261993371165,0.461608444493836,0.5337136031759383,0.6693024888734939,0.7144875809026335,0.8849965401816173,0.29601326421012086,0.6270248036268998,0.4219960161856484,0.17810882430673286,0.24072364812479163,0.6003183435455759,0.39282634221853674,0.5609297571497865,0.4939378987280516,0.8337181450987371,0.39296757278621575,0.6895300495327122,0.769253479949256,0.39754333407114684,0.40318170759169564,0.16976738203626518,0.29375211390743516,0.7705007070887552,0.5869401806646339,0.0,0.4875149027161145,0.8352286924340918,0.7294569588679293,0.697869566662457,0.5264045676657395,0.4442355520797116,0.7788518045879289,0.7176091031836688,0.6931447154866093,0.4996466592735997,0.4943315123266457,0.5401837907248943,0.5480844185376873,0.6956030912209706,0.6631836997036885,0.18156511417086868,0.3955168242340635,0.3142680394345719,0.3737578334752909,0.5641085781555232,0.7861102154518586,0.0,0.42000520843352795,0.9371364340744194,0.9409452047705246,0.6519404922731736,0.8534485706586409,0.6381270701557953,0.5341100422132156,0.5358770653887587,0.8241203260471344,0.8186167505402279,0.6651139666525062,0.27362238362220653,0.35119591594702754,0.717136040718096,0.6919491850172941,0.6885263981841531,0.6359391793842543,0.6605216854926329,0.6665333694624231,0.5517422456574671,0.8818413272302795,0.7222806009680601,0.6642521491818115,0.9090909870273712,0.29428919073397586,0.5615850910174446,0.4875149027161145,0.6739449946523905,0.5127501536517187,0.7839571082960782,0.6455625814095693,0.2893687967897525,0.18325066695375042,0.6782548881728128,0.7065882938135543,0.5948996531498226,0.5776439385216027,0.5066538882865912,0.28747101688410936,0.5673316976855907,0.6555877962590709,0.32293934378105554,0.8470080791129345,0.1782773452199197,0.48587444881412656,0.5205735345774793,0.25658655959070803,0.5508458816829825,0.46686755838801464,0.42174044444163333,0.6624811415934234,0.5104031966911201,0.7122962391865841,0.7688900566951747,0.7759106629825036,0.3619693983176123,0.7354702494473959,0.0,0.7775546240699329,0.5796073317732052,0.6210779876723247,0.5053108802184686,0.3653556730859921,0.6346719590007501,0.6144722521475676,0.5211966309583915,0.7580113675405001,0.5374533652858676,0.47678053509505375,0.18619161588414082,0.24593850545825416,0.616272943600139,0.4875149027161145,0.46927667769204195,0.6935498293768001,0.6090577331416962,0.3830181206314649,0.17015856302448779,0.18044873709657588,0.7322555780052372,0.17162152816392828,0.724551161715678,0.7627075366137168,0.7643675898416915,0.29372172583287703,0.540603968714733,0.8346187531342525,0.38969530703736305,0.726260900832119,0.7237594683829027,0.7637684498332502,0.7775546240699329,0.1866252141861867,0.688791819807121,0.4997923921611477,0.6215019130200259,0.5289285977234266,0.4954005467484793,0.4564574207753077,0.8256017844522383,0.45381275305859453,0.7415780001628195,0.47085343845085154,0.6880287013210457,0.6962518603974693,0.706888036754254,0.7182308673139578,0.5309796153189199,0.6942220690305569,0.6238128789035141,0.7709590153585418,0.6161283223238453,0.39571912759037864,0.45106054237649257,0.6754488336476745,0.7775546240699329,0.6827259208186086,0.5167401902633064,0.5776439385216027,0.347682743260266,0.5309706189938885,0.7578216531283881,0.17810882430673286,0.7970696823883505,0.5775311881854189,0.5631439401421048,0.48863539895989516,0.743085192738475,0.5466477985565628,0.6306838870572598,0.3716769755731676,0.1815519794848251,0.40860910628503117,0.16976738203626518,0.17403716372052602
ig_lora,ETNPPL,0.4794329460818303,0.3415699695264128,0.2643597851028855,0.8368202099964787,0.4637618290056626,0.47414556642204225,0.5191748601097997,0.5262616347471925,0.5400069946629414,0.49945076535516586,0.5389636866844795,0.8386672522694127,0.5481028135106715,0.362002292721044,0.5951786623389764,0.45712827462047667,0.5206501410298415,0.3248628278156325,0.43617869095565237,0.5001932985067855,0.8040556049141722,0.5012503895662358,0.5198870579308162,0.48816537571975666,0.5975118808059378,0.6556875361682991,0.0,0.31344313474584684,0.5274335379211446,0.42816222222336214,0.5119764638961942,0.4260098161420261,0.5842732146932551,0.5791754677792461,0.49267770049657944,0.47403715864733725,0.4699173269012966,0.581035654519011,0.46349459416318795,0.5443398725883738,0.5207398608867712,0.4249740794183904,0.5573721383373863,0.31287084114750596,0.30077550112491025,0.43046598889050325,0.6190516739316428,0.47574109814569654,0.0,0.4840885751119415,0.5909543933685263,0.581594262772911,0.5763306094814529,0.43696768342975817,0.5321048115490634,0.6513901341518958,0.44357729127324597,0.6157368751641518,0.547850489183175,0.28453530088820284,0.45755202737924,0.5095061229983379,0.4494692241012643,0.43715123466424083,0.4408032726900094,0.39149891517057056,0.4111914662529408,0.41404890148759266,0.35846426469609777,0.4989991029098084,0.423020107735355,0.37049479676745,0.5542502885286015,0.40456793672731733,0.4589769671947829,0.31344313474584684,0.4900851924818153,0.4370509893541284,0.42162641149405716,0.5776617609351595,0.44137000478647215,0.4314291469448949,0.4566312054074399,0.5314375777922179,0.5350553144281724,0.4890871628488913,0.4381865650127962,0.401247569049166,0.6310741370890902,0.44969199456158226,0.7330478685569434,0.5300990272531629,0.5046687452357465,0.579220233637321,0.4143185321370288,0.5291038039617808,0.7023168667585031,0.4697060854140995,0.4148190591138896,0.48824636165423096,0.7710920429701548,0.46715528096098935,0.5086137049822775,0.432658649329393,0.51845921188574,0.4436155225083567,0.0,0.5100567289666225,0.6808941461949746,0.6054503486475654,0.35856278199762726,0.41708672374859257,0.5638774946666439,0.48501977334221896,0.5035334804728149,0.6450117721764514,0.4262785946600751,0.48153081538252884,0.585909113121486,0.6213421902004519,0.5307324104550964,0.31344313474584684,0.42111751895585586,0.5840470362868463,0.5398572325149325,0.5769645240778344,0.3305533334243077,0.5215318094525695,0.5895713618412857,0.4723682888767432,0.4583042350299269,0.5001144617593354,0.5740892141328011,0.4105719438480039,0.6743074791795471,0.430406474393085,0.32384034677948553,0.577859762971138,0.5162544645376627,0.45634396068057786,0.5563400389245468,0.4165148524038252,0.47340876583583275,0.4573476171379492,0.46589159213534165,0.443173575945923,0.44971012699030133,0.5252070564488538,0.5484507907255836,0.6327508643065397,0.5821107023696822,0.5396212323488858,0.5070681642557512,0.5399167702704422,0.45669357851102316,0.5558040501340096,0.40714182471468974,0.5376080564981097,0.4491427483354949,0.5071532504617016,0.54573939407152,0.40219957308713383,0.4992536523209046,0.42377165241733167,0.5563400389245468,0.42892772033402404,0.48083615343793984,0.4890871628488913,0.5249832901653697,0.34124076273945647,0.5344429335888075,0.5389636866844795,0.4734972756664643,0.49250798151661124,0.510514999862173,0.33062945101733127,0.54576006361959,0.3964593746499616,0.5203129684230342,0.5870057144007289,0.5876074396917268,0.5476973407010867,0.5198870579308162,0.5489100786854922
ig_lora,IL1B,0.7768654770800262,0.5006249254766127,0.7498185898329679,0.5752806461504845,0.5703799113731381,0.6919948710303734,0.6583881118872397,0.3923295148781348,0.6415085772720962,0.4896671267877286,0.23573868105183712,0.3017791815378699,0.6307448114537001,0.4175847122457219,0.8197070135121497,0.5380163715534315,0.6664615070871087,0.41656870924205,0.43835689322820814,0.5762883550138314,0.4502763710098856,0.49292608094115253,0.21938980705861408,0.36884897468233147,0.4771060518757944,0.5210272793464255,0.0,0.7774454237220785,0.5855080460673406,0.439978499047038,0.6133808841963125,0.6844527062750837,0.44878662929008434,0.4770311560554696,0.49148366989987924,0.7908928973772875,0.47172220390938824,0.4756351067208195,0.5730519582543089,0.5360014349152983,0.5743544605200295,0.4842680548657166,0.24225974239057138,0.6666618212103534,0.3532482040506012,0.4448679041305947,0.5100705050428076,0.45924689493299026,0.0,0.46423034635892485,0.9355838185441023,0.9756013109516086,0.5793815979521733,0.7653552485272023,0.6883179735181115,0.6090900495537012,0.56596282421466,0.492642960668675,0.4706797721249896,0.3569368286566433,0.3601883990241795,0.41944330077694064,0.622927049274533,0.4240041520940567,0.42812816707824586,0.4102225165406583,0.4071122353770961,0.4257155019443951,0.5546114200196816,0.6107213089666363,0.45917948177662243,0.44174815321711375,0.7690985263964268,0.3570463855540514,0.5717964120553145,0.7774454237220785,0.43476628121547495,0.7893532068023293,0.8079478203333779,0.6495864808504787,0.35972394565255383,0.24538552346315334,0.48646147067579176,0.6103627883361792,0.522020798788087,0.48287575159093066,0.5261994525793176,0.37437421198805,0.5263308841721979,0.6439040043671509,0.40549729965338316,0.711345479691196,0.23431011176293803,0.4653941811055098,0.7802617190853615,0.3029543386264595,0.4766355509646012,0.5200936133158957,0.48885290871211196,0.4513176367221789,0.5039925451243993,0.6597555760431943,0.6433753906503137,0.6201703295023785,0.43224783170349196,0.7360511184940663,0.0,0.47229160747045107,0.5308634855261148,0.652768955332275,0.5510902149270824,0.41468870389137136,0.44843888967071294,0.45227762993425186,0.5732634955964608,0.5670757117787859,0.7994305020284932,0.5514416982425683,0.2510653782712014,0.31452759456694984,0.6162674491510035,0.7774454237220785,0.4962551860855251,0.5227377230772207,0.6045002042637361,0.44575032314859897,0.19381933821665434,0.24157384139698748,0.5595820938911396,0.22784701225132173,0.47110693101716494,0.4829210633834706,0.48748119728724454,0.3560237384308404,0.4956501277455794,0.7137499819361953,0.41347923272081727,0.5397035737728507,0.491848096147024,0.42987509746558406,0.48073921431996436,0.24982451627609598,0.6960289476102142,0.5599981532647215,0.4502255417106702,0.47065127444619476,0.4750095592515362,0.5003127720464424,0.48083603831285465,0.5158839945530475,0.5168168823760032,0.5274665814526889,0.6648401474188073,0.5301968564348806,0.4734444307510667,0.5419409852513692,0.5387249778693403,0.49697743189885546,0.5375670608780253,0.4320556893972469,0.6178883568345004,0.5435095514796483,0.5643290957881735,0.6403045169652776,0.48073921431996436,0.5291858489866693,0.6167000898540272,0.48287575159093066,0.4091706329196612,0.5366924393594986,0.5206783282792705,0.23573868105183712,0.6349282291930796,0.6051431956647048,0.619479741653177,0.49573483036293015,0.7100449585898545,0.796521530260186,0.47887312460964954,0.4400501777560041,0.2409709265452837,0.46493351026722307,0.21938980705861408,0.22703312021014288
ig_lora,PLEK,0.6492207259429473,0.7119122064454457,0.47874103486744646,0.45178548762507204,0.6121910376040463,0.6478362356792917,0.9282864930520031,0.26083700809616556,0.6432528221646766,0.42996044423811736,0.21125554675169012,0.29844345157175706,0.5728588287938783,0.5135673137269235,0.6568203050056615,0.37335191927371375,0.7364928914812716,0.5896717407372862,0.5750820248098196,0.6050552332282589,0.5138133821823193,0.459676456964978,0.20074660142476303,0.23093667698178003,0.7202200685348695,0.540220291952449,0.0,0.5468500492547815,0.8662730324233695,0.6427919782681709,0.5854051536091104,0.5463839866705207,0.3194039581772661,0.7358131490810221,0.6933557245958314,0.5430368941302478,0.36317638698348825,0.3487358830623314,0.6614981205263598,0.47228029127961835,0.6310387452287124,0.5788553763132067,0.21598194792023798,0.3906796717109543,0.4888993756445675,0.38640074327468593,0.4884920966615188,0.7366523740000983,0.0,0.5233901495785294,0.946706066769841,0.9850273200782234,0.7780682956500349,0.8541558485404127,0.6401863298544418,0.482181041612812,0.6041937894583007,0.7480686210699822,0.7145682552915343,0.5112463940080083,0.2784676163935828,0.3793491186053922,0.6689149087030852,0.5128612922048633,0.5064515723654536,0.4593650728838117,0.48224853127171835,0.4722462326672287,0.7942230046038897,0.9121001428171326,0.607887624030037,0.5129107239261637,0.9179194031791044,0.2997100240792856,0.4784387462628933,0.5468500492547815,0.6072564296926979,0.557789071241937,0.7110312202467988,0.6818528771767042,0.27051534537278765,0.16665354619662992,0.6156917331045727,0.5143877094227678,0.4571886120973536,0.5873185053890505,0.43539782845951475,0.2889715171137708,0.4578013641691746,0.61038355526934,0.35726261805411974,0.774766298222028,0.19346467083567215,0.3443529171092855,0.543051565137325,0.238006316416229,0.42158095894581776,0.6252436077354616,0.4847927478879825,0.5685728534369873,0.420137898810991,0.8109589111579628,0.7139130846858653,0.7674403881184961,0.3859142662426308,0.7535570173492192,0.0,0.71271168072738,0.5064598389590385,0.6241664550559933,0.6933842925258035,0.42717771028184426,0.5385445245738798,0.5631611709405477,0.3429823452557968,0.6713228068911876,0.6243279508454855,0.5744954464053855,0.20651607007631867,0.26782131123695163,0.617404579202024,0.5468500492547815,0.6009928431955627,0.5954895502040465,0.5078792416652421,0.45335963895574327,0.20821613024137428,0.17380214538238506,0.6834812527288019,0.1377543235705212,0.49757394129081367,0.7227250566816641,0.6949570312076505,0.24724722552607625,0.42113760301944725,0.788466740348951,0.5594532651623214,0.6968516012586351,0.6290328063179144,0.7134196267176036,0.71271168072738,0.15196693408328218,0.6250855455906134,0.5841058819808496,0.45393768661425926,0.35714735986698554,0.3744234644486822,0.3468898517904355,0.6913419930414668,0.5503101659909163,0.6338081818556057,0.5911611137780886,0.7371927019830599,0.6333741735356434,0.5125701451746281,0.5120274104212704,0.38368574203060846,0.5556356227386546,0.45512965216088275,0.7325965916096104,0.5314473082481783,0.434940867280022,0.4971468097740645,0.36813096409792523,0.71271168072738,0.39908941135890313,0.34249050419014304,0.5873185053890505,0.4381181142351721,0.6265459738629869,0.6263094217101837,0.21125554675169012,0.7658123859607721,0.7433285375464788,0.44737554172982275,0.6388046747867269,0.5688596492876845,0.6601375369410861,0.4756835304128704,0.46159935265361085,0.2190808994291725,0.5149455756932231,0.20074660142476303,0.20821613024137428
ig_lora,ANGPTL4,0.7757045626090064,0.3229138985812043,0.9690048939641109,0.27357865997057507,0.26606401413294506,0.4688996902410609,0.46848234011118034,0.22941578290732817,0.3246160166970696,0.2113874065087095,0.15421290739505308,0.12893900379059425,0.30035001102118325,0.29353444413750407,0.8908895939920235,0.3742575999815884,0.592793223896924,0.34329819646010784,0.42958632872409896,0.33985904554354496,0.27915768901817756,0.2640762902646159,0.15762098193377252,0.14319793399072725,0.4586105569305337,0.4424625209537568,0.0,0.9191619645186798,0.47773873251577814,0.4324532793783231,0.5580252590231405,0.7596016340130944,0.23662700972356596,0.39986503890202485,0.3166290030255697,0.5975819525452667,0.30008187498292926,0.25860060458336015,0.26398882728655215,0.3130131330855835,0.31208402074477504,0.3605681136660406,0.15451153078486707,0.43787865879146287,0.20883922405101504,0.1999099987067492,0.38456260916658896,0.47540614453388763,0.0,0.2782080224658471,0.9361244512606252,0.9900755152773687,0.5322860176197582,0.2455855491023476,0.3287955829747778,0.39936765646795996,0.231579039631695,0.3910358887213957,0.3690764317289195,0.3917570534987293,0.15176115077958982,0.22730249521636278,0.26980513305422354,0.21934252496708329,0.22191994086971312,0.19882605433795675,0.2123535393613181,0.2065501679701006,0.32151630528021996,0.4021849864622765,0.4742445118320039,0.42355705994828097,0.6847766032533441,0.12880859415600704,0.3205739547009051,0.9191619645186798,0.3634182293124099,0.8314768704363924,0.8238004539993692,0.36627561023378485,0.1666354796084295,0.09468535181467742,0.2414111102064613,0.33886211059986354,0.41414069751875404,0.5424562413552864,0.21629632229440365,0.17235982291042057,0.3993372314882781,0.37922021923455157,0.15600173103824744,0.7336160449230527,0.1459309388028107,0.2874490522018894,0.8448106629067651,0.14207739312095502,0.2909982465570533,0.3579998227780986,0.23449250760662269,0.23262275262478427,0.32435763599984396,0.42100628514160654,0.3488156034955068,0.24305270036743337,0.22224381123738485,0.25702523628767043,0.0,0.5082403928106421,0.4148927380854441,0.2965697035510971,0.3595725252404221,0.2560251546125668,0.22154615611300274,0.3131149266250626,0.30957865838170223,0.30561189852043436,0.8890347807451522,0.3229325585416256,0.1454025692153697,0.16964521317887862,0.3401562302629876,0.9191619645186798,0.2696034352323481,0.38262548785069844,0.25143325724633075,0.2651837810363579,0.15771025495948007,0.12549564980457742,0.35312603274658333,0.10309927922577718,0.25107078150281315,0.4033838964051651,0.4937588969670935,0.14982967502614455,0.3417296955927282,0.2804237292066295,0.34116546846864915,0.4286826362785756,0.3508896129524733,0.4134442781639334,0.5287560094451745,0.10281293836196952,0.3603086403419203,0.30407464358367725,0.243979350233208,0.3035508564351509,0.35627507006347553,0.19357028302683105,0.46666184038495034,0.26889464573081356,0.35093382415591706,0.2820616356711648,0.3533208023126826,0.34252040047715865,0.3053087493809961,0.3912972546318184,0.2496561436793006,0.4373128332167351,0.32576397384212463,0.419495882451355,0.3141304946887803,0.3387326962236063,0.22007905899465835,0.25157327266413937,0.5287560094451745,0.2929846174882998,0.29138073127404146,0.5424562413552864,0.17734137983839213,0.2045710231803729,0.3246353887784237,0.15421290739505308,0.32620365753416475,0.28523888402681835,0.27431148408834705,0.31375846332781415,0.6054119178924314,0.9353295716149438,0.28336965734793773,0.2835193562727462,0.15785054114273475,0.2832756668432168,0.15762098193377252,0.15771025495948007
ig_lora,GALNT15,0.44834458828293283,0.35275960419861263,0.27960891035523905,0.5377298725360009,0.4534944326478514,0.5028375592084997,0.5248856512657649,0.522673332378475,0.48388313014754475,0.424962881154022,0.5005496798013468,0.5321172128586636,0.6480339155040603,0.3624667192108822,0.5333249139782456,0.4588232645592586,0.5452809777890714,0.3540943047712486,0.4482373365708764,0.5248093185989385,0.6106903903237156,0.5569010760536409,0.48834642524131844,0.34587608962374033,0.6233795328944135,0.7267116974351457,0.0,0.3244629819493744,0.5333986894661924,0.4415592087950871,0.4606780914877114,0.3950791159688149,0.5400504298697612,0.6354263801944917,0.4868588433677594,0.46266192385925564,0.5857630632990474,0.6050332268952225,0.4307477862481981,0.6202253761737365,0.5105694093123904,0.416481196063538,0.5154783423910577,0.310823250561361,0.2879037284486365,0.3911797652637152,0.7080719135376353,0.48968436384147296,0.0,0.4682802341817943,0.5868811014634269,0.5812665200290873,0.571645865183802,0.4073884249856483,0.6230796668818048,0.5890877546273202,0.44060368670359795,0.6656089832203497,0.6286151397085741,0.3219330856260453,0.38247326646069313,0.45584561250676947,0.447917662908537,0.5712612193741338,0.5766526966890241,0.5041649653386011,0.5201135433901939,0.5531848824491686,0.37026850982444226,0.49142389731705427,0.44019485049067836,0.37549615404420794,0.5527933989977981,0.30835475685974684,0.6021183854253467,0.3244629819493744,0.507995994916556,0.4001579137027133,0.4112780850654386,0.6025041163574835,0.35704497032147675,0.3329987867205246,0.4046013254862613,0.6227230478847021,0.7918026504478927,0.5065908950926845,0.4766983810909329,0.35817549476849,0.9696281719475031,0.4245079362531422,0.4232029530955573,0.5377157959874762,0.47205997691593876,0.516097342201282,0.4508261410394199,0.44917771886741864,0.6119918677533512,0.46653275642293085,0.4502871242718178,0.42950306063552246,0.6300304036287003,0.46060307784838017,0.5248198196812675,0.4740919468954621,0.45454141789446245,0.4270340753645417,0.0,0.5219627581498839,0.9717975882369672,0.5244579313998219,0.3619053367571454,0.404923018294869,0.5868473236968215,0.4637701863149381,0.5704914094870746,0.5707362399739501,0.4139245377493465,0.4683788969343678,0.5088235588248909,0.6487639625420205,0.536170909205455,0.3244629819493744,0.3272786444030524,0.6873760663731435,0.6145746280562409,0.5079555927277115,0.314627995688397,0.42424040222662684,0.6043511611335531,0.32375226974772997,0.5476589766939721,0.49274671155164,0.5556191625376804,0.3020017308568808,0.6191568087693653,0.4927922759216361,0.349545699245168,0.6131893985509649,0.5287510759624715,0.46650708186402834,0.5636177371120157,0.34159692568750716,0.45353406192500256,0.4412217725294677,0.5582902452790279,0.5593446967465365,0.5249962273667682,0.50618047659889,0.5960964794799927,0.5278723581014194,0.6341647734104485,0.5831508571696025,0.469563369608391,0.5151055549647986,0.5440565831220199,0.6759017283193234,0.5020525860781309,0.6084648634156602,0.5900832202678814,0.5132514389785784,0.6887307284604453,0.39802651530496885,0.44033858842111956,0.6350807890907739,0.5636177371120157,0.547428220274493,0.6167864915413241,0.5065908950926845,0.4384016772740985,0.3165977645848906,0.5791806633059536,0.5005496798013468,0.5064375198920699,0.5071313709005127,0.5687091196165144,0.38634855820915986,0.5573970521437694,0.3969268780794258,0.697917664016801,0.547274491211117,0.5412719881553734,0.5212843953380227,0.48834642524131844,0.5103987431221746
ig_lora,MS4A4A,0.515199798092608,0.3492882258813446,0.35041664420624946,0.5656920952536225,0.5536860162270629,0.5611903864495469,0.6910386350338574,0.48922964284156245,0.5260297127489457,0.41236845850021425,0.39191385411836654,0.46331174135952485,0.6395492158240698,0.3558050857657484,0.5085561876462303,0.5122337813931229,0.7409855365339975,0.34952824061873616,0.628308928462305,0.6064026611027941,0.5386104749795597,0.45973978202518184,0.35078082822145257,0.3412773908802035,0.770928410623274,0.7578204266708368,0.0,0.38947485389753067,0.7262105594600505,0.6942488420935254,0.6534164859852253,0.40184935818091927,0.5180569179096621,0.82330100759627,0.6728202017088738,0.5279593901965269,0.6066347209067807,0.5987623705935932,0.41331245547710155,0.6689213459627007,0.5980635373699777,0.5633815336411477,0.4114032194162095,0.3269858761892614,0.2499710753728177,0.38399507408277317,0.7419309058149659,0.7858074076441458,0.0,0.4391126704507745,0.6041556695214418,0.5797315583668798,0.6690965655617306,0.4611416068829967,0.6176375715996212,0.6337556227482769,0.39003576852833416,0.8417573416903414,0.8090911091183982,0.5585412300750252,0.346828436217004,0.43400371612295663,0.49002388094533783,0.6333064886478527,0.6286052897843637,0.5560096726399206,0.5746457775113963,0.5960335895946123,0.3643820562816482,0.7190482124993406,0.6709342887604896,0.5913606843501926,0.7939747204462014,0.28415555566089534,0.5354962407395724,0.38947485389753067,0.7001297694833006,0.40342353188677876,0.5152190997981616,0.6656790410723212,0.3473400469834276,0.314503880272365,0.5113984989338488,0.6232298867551794,0.634961547272654,0.6363993199317244,0.4699738505939345,0.3363802753666702,0.782312775290084,0.49399954529428586,0.39056730287700253,0.761783203936107,0.369998698052668,0.5155925798670501,0.4186450775235885,0.36288246722921624,0.682133491156241,0.4397677397485862,0.41767042068836413,0.5461276866789091,0.6445132513119024,0.5367929572254914,0.5894142155783444,0.515577707742642,0.43517945983166245,0.44016194285695726,0.0,0.7693310543860031,0.8201783310377037,0.5545282754599586,0.3672903258952438,0.38422409056015216,0.6655480834605785,0.5973261615131902,0.527723424359448,0.6925854515586899,0.4272722616949268,0.44866168382873944,0.42428900759257476,0.5537323827207569,0.5530103786943057,0.38947485389753067,0.32945279062676885,0.7742299921892155,0.6059350762769024,0.4689346288244811,0.2551810880063762,0.36507350716889764,0.7366067858039921,0.28700754042615106,0.5941521379028926,0.7142900706445624,0.7570448290860278,0.3001236027536441,0.6044702755981712,0.49605891083606235,0.34663526061363314,0.7212440406587951,0.7126872467455149,0.7526680393154794,0.7693310543860031,0.3176121187250142,0.4803799085819002,0.42907324442225653,0.5944451588405021,0.5609400936387221,0.5862676761432232,0.4816810031088486,0.7580426222202186,0.48821785174449317,0.7829156887122455,0.5175389891768052,0.5427400403582056,0.6357070864637201,0.6243507408423857,0.6808887894663573,0.4912693987677533,0.6806988004839098,0.578710891167748,0.7628697236008123,0.6489555654022975,0.4026318796541478,0.4234818789637832,0.5395576040600927,0.7693310543860031,0.5576224001371185,0.5416242618708084,0.6363993199317244,0.38177278880669885,0.3286981251134659,0.720599796191731,0.39191385411836654,0.5963807037063792,0.48649367062303456,0.5396677166376662,0.3484205601616496,0.6194833143960359,0.43247965686796613,0.7317750515486,0.49258555483055944,0.42323870669838687,0.4800419643330738,0.35078082822145257,0.37932484095479035
ig_lora,OLR1,0.736782597787104,0.2506272559623129,0.35581947858491947,0.5557608529253615,0.5085162409240355,0.638589694389802,0.6425563670170431,0.44605491884873677,0.5083952171257188,0.4709594657959854,0.1992455482495443,0.24075624360660788,0.4008287298143323,0.2549491213075521,0.5167828583313652,0.5019260010999345,0.803394746704326,0.25381341561951914,0.6387600208804189,0.7211123244831027,0.28351161270378084,0.3315534786266823,0.186534346516319,0.6138407764330998,0.7498915487764807,0.5330282696806974,0.0,0.37466792370813057,0.6620528409132643,0.6735187254684256,0.7146437899086325,0.548731665513711,0.42600865736364,0.7424297955291175,0.6335383352652467,0.6437584901016836,0.44639105488004194,0.4374741254586106,0.3806944726452683,0.5089015846913525,0.6158270571912003,0.5757074151730273,0.20496580400220762,0.3054413324227683,0.16236192839871474,0.39229909861810625,0.5048270018375236,0.7165956819368444,0.0,0.2963178944837801,0.9009024824403485,0.9060035269625704,0.5107865530331794,0.3911458978219277,0.40672387729456494,0.5347235746003027,0.4306801793726017,0.7849903454947103,0.7883501775130681,0.6070307135543329,0.3851067315285488,0.39114323046964045,0.4710113193421795,0.6418244474336616,0.6379730974060666,0.5977802159158444,0.610558770572118,0.6172198975532762,0.2591881425545333,0.6609409118348335,0.661466180018593,0.6154565929163811,0.7629640943403161,0.3877948916845987,0.4712036265190488,0.37466792370813057,0.6469585538974545,0.46993142582204356,0.6919899299139547,0.44550711730740133,0.3543714332703181,0.3102588374149446,0.6473353858278088,0.6483243945999372,0.5603829560736797,0.5076625803974609,0.42904660379794585,0.38798471915814065,0.5062811851282424,0.5287230310366832,0.3214432838569672,0.7483229202854669,0.21573680795453218,0.46454063560461023,0.48364693112111423,0.24757808885664473,0.6357550311241539,0.31895643554154707,0.34904018250731705,0.667691684290858,0.4502519587117302,0.44755993087132645,0.6686971008737932,0.44173885325781553,0.4077290674761827,0.40990103066915573,0.0,0.7064740991488746,0.5159457262681304,0.5257626663284419,0.2696362246507475,0.2865898267618743,0.6545497323678604,0.6324761389203162,0.6040214996780701,0.6005124478306306,0.4440094339238513,0.31770542656605927,0.33079708128833935,0.3780239513735849,0.46051403237293764,0.37466792370813057,0.4393283943351544,0.6418693542016742,0.5472170255183816,0.4311756528795384,0.14378365458208472,0.38523376495993195,0.7227573661022544,0.429880617170799,0.6830874458536939,0.6730079629040525,0.7083725563953084,0.5342070591884274,0.48759492506876734,0.46112496953525217,0.25627080196348395,0.6530026917057389,0.6962253943183447,0.7426930989072436,0.7064740991488746,0.38394177506154975,0.5065689503344821,0.30612132298730144,0.6799718898214141,0.48509924747110433,0.4692782389015767,0.664011725525935,0.7596125042670268,0.3726774399668606,0.6968784194508694,0.40030870123236956,0.5435985039864625,0.6767494518159644,0.6935532733070588,0.6754420207262762,0.46938784072602324,0.6696952108873582,0.6050638858528912,0.7982461346703683,0.46873953853266415,0.3072783289696299,0.40939184833368375,0.5622164960469024,0.7064740991488746,0.6645471677991133,0.47960545131474175,0.5076625803974609,0.37220149923177104,0.23304863336361237,0.7615617234561184,0.1992455482495443,0.5437867127447352,0.2979220403889879,0.46030738742975913,0.3245220940259662,0.7294932020564406,0.4393574488417722,0.5788991869439047,0.3111050479991148,0.2056699127906542,0.30990741149225887,0.186534346516319,0.19340352415325987
ig_lora,PPP1R3C,0.1946277368412117,0.9413571257971921,0.204360365710052,0.6007752787907658,0.5048524968056615,0.3616071932557295,0.7909081331402074,0.2583771273630266,0.6536260661550839,0.524865247479841,0.2433504874700166,0.36437422885041315,0.6758158071127223,0.5151105721836026,0.23078614910337522,0.22125322671988956,0.19273273586059633,0.5853563558214729,0.19686429330281396,0.5879865963324061,0.5369401155307931,0.4710462630651872,0.2464948259357042,0.28049944722117526,0.19664574973347443,0.29694761230068345,0.0,0.20652634288288152,0.5109230564705443,0.19663776427715549,0.2072050554686126,0.20147071534748812,0.27347003479031506,0.22539298372817482,0.39210086274182043,0.33638467778891606,0.26425204828870374,0.29093875426590127,0.7502772648661675,0.4072258925103546,0.5053542023889875,0.4709471094272013,0.24373771587679632,0.36531940511448757,0.9602681824806879,0.45940322025664637,0.28949369809991315,0.20083305098442994,0.0,0.4876632607880758,0.2684549628727645,0.24444302332276566,0.5229303398924333,0.7483743070147802,0.6613480128398641,0.2382334893480586,0.6659747007387125,0.26260925721060324,0.220883126547949,0.18666021891690204,0.5515586458657824,0.40765168944371666,0.6028707270445083,0.19514514700455562,0.19568541249659346,0.18358863565834418,0.18471511711975158,0.19140037298749074,0.8951346058516079,0.7212857688745479,0.2000359126246441,0.18897727183402405,0.4282742597019593,0.586936246977197,0.38131318689213667,0.20652634288288152,0.23438217870335273,0.19875578757468873,0.4137598942882627,0.7002217439899419,0.34497773593798514,0.23244713350583557,0.6314691804507385,0.36534743432462063,0.2466795311150475,0.20652634288288152,0.37514572377594513,0.5244886729092507,0.31776112526397393,0.44748333593782946,0.590238065906399,0.2031739728682076,0.23954012606428565,0.284079173396943,0.20885694536177682,0.2824809158617405,0.23509057395624738,0.5336790872678666,0.6315228841279794,0.6467502449464841,0.34138640685010174,0.7883379772875847,0.6126207470849024,0.7872320771943132,0.39805771303730264,0.7899935899248199,0.0,0.2036402698632641,0.31771582496271655,0.6291690718340331,0.8685765273589144,0.45187845696663903,0.6121612503993641,0.2883720910482677,0.2697389681614626,0.6028394406945137,0.202555304577001,0.68503294493051,0.2319345504189065,0.2938532183221454,0.6442339000565265,0.20652634288288152,0.8236777097364618,0.29060534100649715,0.47941798073292363,0.4707931961754653,0.24675813851464962,0.21333401069332866,0.4973072645099386,0.17594511558571474,0.17748292658849962,0.3735090745351855,0.19953044712291002,0.29825127008814095,0.3054685706339392,0.6907861150522163,0.5598674739935898,0.3428748868179244,0.20392861238840368,0.1975595525249859,0.20532074622664803,0.20381508626921507,0.46266012095486575,0.6578166051808074,0.20812730766083035,0.24413912528541526,0.2997744600700297,0.38189375044565416,0.19916245457078394,0.7066572541114788,0.397208473666395,0.749764748491298,0.7148074115179046,0.47455841673182925,0.22893915589674702,0.2883331623311674,0.28127731027024466,0.21154754984115276,0.3363465239745053,0.1957500078202973,0.6036319820631639,0.40339499840371573,0.6112769260386322,0.2814446867330623,0.20532074622664803,0.245452452649899,0.2398503535546162,0.20652634288288152,0.7587089993356627,0.6780163481219864,0.24003879984816504,0.2433504874700166,0.6485084896271381,0.8102169040730509,0.5401994474122971,0.5314622589367779,0.2589392423219556,0.207201171940411,0.2584047846177151,0.49971379706858243,0.24719699281289198,0.49616777944482565,0.2464948259357042,0.24675813851464962
ig_lora,GADD45G,0.30801320107037383,0.5853770184427471,0.24450549044316455,0.5306043054233659,0.42136175563663986,0.4872667376019321,0.6197534367263158,0.6037218623959874,0.741836263362067,0.7446528607481853,0.7839928454445175,0.5695010518700607,0.5556741182542662,0.6248220977896242,0.37564475001488284,0.3320545993737659,0.3034411003011635,0.5816984918710083,0.2355895091423606,0.5724691934573173,0.7922861524101608,0.7993183060059007,0.790849245935504,0.5642385679972389,0.33381345787641886,0.4626849913157055,0.0,0.25552883711460617,0.5638045418017126,0.25689492514773327,0.2996219201651537,0.2853447548428083,0.5424077733004636,0.33864961734545784,0.48643964346264523,0.3694343258227047,0.40845907761613687,0.4514321592925356,0.7994363414414435,0.54815849538412,0.5992881845322123,0.29588014347962965,0.803629859495016,0.37766983679958344,0.39965527044668897,0.6141632954878443,0.46236308528363457,0.2635062901404023,0.0,0.8547327880739168,0.4229770247979071,0.3624618407114057,0.5128985691057906,0.5418665537260469,0.6267671923814343,0.41211569440885143,0.6755649635655544,0.367009023943792,0.3233808284189335,0.23127063922650237,0.5908940766342229,0.7629429853142043,0.486842302202046,0.29854962236317517,0.2991837968037467,0.274356604513137,0.27456990404596654,0.2941759032123467,0.6820496174945044,0.46968105147247113,0.26729295862576397,0.24859282861687035,0.42890629252744955,0.5140244064110017,0.42615372328472545,0.25552883711460617,0.32154167053713795,0.3076605912365104,0.41259946210506837,0.8060428067111457,0.5252285366965446,0.445000231973483,0.6373966348454875,0.4014719313939961,0.35745025016723136,0.25552883711460617,0.4195564386536875,0.5427676594346567,0.5271461016957562,0.48492059072241095,0.46840981859029124,0.28094410742415715,0.748702594111604,0.4053027303009959,0.30123421429098457,0.4176601925187106,0.39538959259374207,0.886479856641349,0.6634694750076133,0.5824638355139058,0.5442083014614718,0.5279219493696696,0.5129013803131416,0.5937232670827453,0.7677428981747605,0.6115865792789886,0.0,0.2647582652224112,0.5326527158471694,0.7911576112221155,0.5401934572920614,0.7190887408718436,0.6500825342252253,0.49390534220079774,0.39225504997103466,0.5069305120184279,0.32162340668632144,0.8229589818118461,0.7931907272832474,0.775003953254745,0.6833120566345475,0.25552883711460617,0.565437410759151,0.45143610569153686,0.546560447132986,0.9153510620102374,0.4129268144923014,0.6603808875657492,0.5970498034294932,0.5000336845172034,0.28899718878140557,0.32320172285131893,0.31317516696410175,0.4987637990467284,0.4607703580685752,0.516191174686253,0.5460639062866104,0.46898820280494546,0.3219187169734872,0.2542875247327756,0.269827209055743,0.506384949078785,0.5560781309734946,0.7295824088575403,0.33307944934524025,0.35286865402324324,0.3824131499509422,0.5599239389686467,0.28812206162687165,0.8417278631545058,0.44754144261260653,0.8891501035157884,0.7130681253301961,0.5211282680785998,0.30654185162275527,0.3954455396644335,0.3708942634126154,0.33583548720783346,0.37906069452604507,0.2615137307150558,0.549064906759341,0.6071722111298176,0.7290763497106855,0.3854172426745085,0.269827209055743,0.3251277479440764,0.38179806855396414,0.25552883711460617,0.739110546829967,0.48291501851162416,0.3449026355788704,0.7839928454445175,0.5010254865285318,0.8692512446167222,0.5000988349883242,0.6395003862410468,0.39014970183950787,0.28193881317069974,0.41961115519485115,0.9826470958448134,0.8535944721548528,0.9535989155264432,0.790849245935504,0.816993090193566
ig_lora,ID3,0.33010266692629353,0.5122386157745571,0.2197667416314926,0.6221458126116836,0.4245052037779854,0.5070326133128769,0.5651737326064892,0.7680703797083924,0.7816452691616251,0.9043565909735963,0.7670884516268296,0.5847065189175993,0.5492800201780988,0.5805375629408195,0.38494825354011347,0.3364631741662353,0.2952612340592155,0.4931245611813847,0.2214620494575393,0.6320663393776607,0.7499092825564099,0.7863458811761773,0.7667864096250343,0.9179637887403042,0.3350104906986136,0.4615712745207733,0.0,0.22611154408747872,0.5130460433971779,0.23942991889258447,0.3130421352879649,0.2948388586884041,0.5516379407673776,0.33820034844865465,0.49308801088894166,0.3809607794746525,0.412281830760935,0.4545904381597762,0.8392822780583794,0.5886841459217245,0.6410824109681438,0.2887331178583762,0.7850047245786119,0.37404947854345505,0.34959425655149595,0.6893715490330538,0.46151772002785346,0.239650302730951,0.0,0.8366100190701772,0.42855959378157343,0.36023393963135963,0.45793477488277584,0.5434654165534599,0.6212747200127966,0.4298063229355219,0.7666603410673195,0.3698734209514894,0.3241060817472476,0.20521372118787173,0.7508713329871373,0.8356033227816223,0.48723232818574985,0.3030582160895912,0.3037344716320494,0.27845576550133155,0.27870692649728,0.29868112507437317,0.6155251089975974,0.4423891231196361,0.2446000176762218,0.23489090482263691,0.40303360950010775,0.7183091351381838,0.4195229276430264,0.22611154408747872,0.32958957628359703,0.3190056042760684,0.4100470841459033,0.7953057350439496,0.6210922638149236,0.5544596287340794,0.7477501261177084,0.4024094917381723,0.3545512651347423,0.22611154408747872,0.43307535226004734,0.636736518964668,0.5174375701834838,0.5024662178353996,0.5005334473637003,0.2579438760314654,0.7376799088494016,0.43404509872612573,0.3135618254497995,0.43651963080980943,0.41681431208194164,0.8592914067609545,0.715786598403933,0.6966168952531492,0.5396958707607336,0.49344133480947294,0.5810911682192205,0.5860312923219863,0.8578807178799271,0.6487967776660515,0.0,0.23870561634850415,0.5228626407854875,0.8539220945282081,0.4891823639314387,0.7152982321931818,0.7540846205125392,0.5402036028415607,0.48040106575863833,0.5066191272856297,0.30464858636536407,0.8095882675953264,0.8808099809244149,0.8927336131677535,0.6832588013419648,0.22611154408747872,0.7080280273143601,0.451738734690014,0.6052529554411427,1.0,0.3933075223634393,0.8507185861674458,0.6516717629817945,0.7761766086305656,0.3034275826050414,0.308675385062867,0.2974072380320329,0.7933163396125695,0.4648033724249451,0.5111711571734822,0.47347428578282874,0.4728715045648502,0.3252189386665453,0.23893540339026964,0.24292973620961397,0.6660209064795267,0.5607432047336205,0.7262241284061723,0.4013356938557247,0.36260399165576956,0.39087420470420947,0.8176672652983794,0.27808155170733556,0.8530769493962584,0.44804445540824417,0.9367371495097685,0.7813495260407903,0.5703035496499026,0.3127529571012878,0.396264255983942,0.3740718668541961,0.3336770220548695,0.38350498956425105,0.24759815264813884,0.5427296151389827,0.6140614915361988,0.8317868643864023,0.38774435802723933,0.24292973620961397,0.3323228526193143,0.3804653417083822,0.22611154408747872,0.881838782777598,0.47552649333834296,0.348695279946745,0.7670884516268296,0.498690817969791,0.8530177870446932,0.499816701367252,0.5934714306186394,0.4065784146624153,0.25524705298735656,0.42147222896791636,0.9397784368010387,0.8250898072187757,0.9217127469396134,0.7667864096250343,0.7901077686625309
ig_lora,GLDN,0.6968222935811479,0.2992450902581472,0.5455802150424639,0.3167384139464519,0.44333837122689723,0.5755268631528517,0.6354712136424209,0.21681772164913773,0.3732048856775253,0.21468093776835892,0.14445551089286082,0.1367934780624084,0.3311119108114526,0.2757706875446159,0.6604190349362947,0.47443400471690633,0.7988931037194595,0.31398589525996595,0.6376312889893676,0.5403275152689394,0.26223962390289685,0.25109887558812966,0.14514023009447227,0.14158636118018195,0.8114634006566153,0.5534715637067786,0.0,0.5978740850163895,0.6686548546095451,0.6949267149650259,0.6673176248704349,0.6318471015875167,0.3123204724516105,0.7784080483178369,0.6097187665822037,0.5364315902760647,0.43431288798309065,0.3387004025923904,0.269519439975592,0.37625014775196164,0.4610212424868286,0.6545566301556476,0.14534530760219844,0.42077205933987494,0.18992066582238434,0.26790886325639895,0.48820855998668444,0.7783556959381852,0.0,0.26517813881096336,0.9428295991921463,0.9641751739097562,0.6097714077706793,0.3480833336348492,0.35610801787006424,0.48461942041742906,0.28525867336667693,0.7510474032495937,0.7326998802675712,0.5814760690371655,0.16561830747576192,0.21857094287717918,0.3696524057147272,0.5147215620016492,0.50865558152667,0.47547412530388883,0.4988099781216515,0.4759151415787236,0.30318487621234136,0.7055968083507497,0.6774353976117803,0.6444999056528268,0.8838818551496815,0.13372705040543498,0.44358387758631773,0.5978740850163895,0.6774794274603594,0.5909440857630107,0.658565887562737,0.4016008100059393,0.17169561725780347,0.10614426162023258,0.39029211235974265,0.5319784023740323,0.5041927872274781,0.6310801358574623,0.3552893324349291,0.22906838421933862,0.4738052198033816,0.5349328674376798,0.20258284389685385,0.826134827093997,0.16497098838303856,0.3658247537640378,0.5724245515502714,0.1990227807496678,0.40663617196005103,0.3311657290228067,0.24997429485113276,0.3998449604898313,0.3851745619429969,0.5311085335403434,0.475479515133985,0.32636419115408527,0.21455403693141886,0.2871534474849906,0.0,0.7635794090007308,0.50020572726628,0.34113144836050696,0.33106744347232936,0.25499777444759,0.3721515505891336,0.5026782628435996,0.3648680466984717,0.5198162143294067,0.6451162366418435,0.3042681242350098,0.1381630634599381,0.16379460992423742,0.40263932625807025,0.5978740850163895,0.25415605450046236,0.6233890950995865,0.33347021953075684,0.2515021210874603,0.14618269379814847,0.13078168973704105,0.6013847474947414,0.09943592078871531,0.5157144323344472,0.6850200916660016,0.7440178854534847,0.16669322913978316,0.4306562475010871,0.39417407149596595,0.31427201566786117,0.684799816441929,0.6552829564093635,0.7840783917974701,0.7635794090007308,0.11672017750824121,0.4523392737582905,0.2902330787965537,0.4550486164847573,0.3956350385823321,0.4462396835186214,0.23994822610802277,0.7412534445028736,0.2959665091378893,0.5845712901032416,0.2682277759753191,0.4086802812173655,0.5735627218224384,0.5394936348508609,0.5505160445423489,0.4107913659508875,0.6093982698625344,0.5329240573892172,0.8002853937208566,0.3715740477885607,0.3929894954093031,0.2131539536329537,0.32151027624362066,0.7635794090007308,0.4460887409248572,0.34779959703615293,0.6310801358574623,0.16756513711184487,0.2307187073734636,0.666445952491861,0.14445551089286082,0.4748016068805593,0.2739431801049563,0.327448730067168,0.33850031707465555,0.6238200633586652,0.6732726940758165,0.4545056823358289,0.26634472249543206,0.14785063572403037,0.2686894126039762,0.14514023009447227,0.14618269379814847
ig_lora,ADM,0.8651542820833644,0.4466725631938383,0.8421676863209155,0.4851829682799139,0.40997803005447164,0.5708637664073087,0.651456232023546,0.35740109503397005,0.5518000877608996,0.44162291258988345,0.18827097517435343,0.2864545199471672,0.49925808977131925,0.41779655019796513,0.9208773951143111,0.4381951357248633,0.6522777320892921,0.426461990093839,0.44981823009416205,0.49136392532167017,0.42234732029166944,0.44972150159104524,0.17806929001785832,0.3683428402261581,0.4816238012415132,0.5099479760980822,0.0,0.9031931726296334,0.6183727261940641,0.453066228520263,0.5856445193270285,0.6877802339317917,0.36170765662566456,0.44152600789876095,0.41008002768769386,0.6255687283213319,0.41931036278539985,0.40715873880605763,0.4961766942719722,0.49066411425881,0.4758420873651076,0.4039980346104273,0.19246578494276978,0.546095722227398,0.2596280960756259,0.3576915608656392,0.4815923338438264,0.4913159534624329,0.0,0.44651285152683295,0.9505872900702672,0.9950212267039771,0.6122779931087573,0.5133835573637874,0.536226307952617,0.490203868875008,0.46805595321500754,0.4523285164475344,0.4409366561867568,0.39193950065755934,0.2667080317330222,0.37182276534944275,0.4762122408728772,0.3219948418457091,0.32568481983590647,0.29604523092752094,0.3037093713888946,0.3151962716869993,0.5329374017018612,0.5321874341740654,0.4895911568544986,0.44672445576577124,0.7666617815069324,0.28547812496994013,0.4809219858102799,0.9031931726296334,0.3953530646034637,0.9074103515272428,0.8367778215659167,0.5789430552032238,0.2986268332866848,0.20841409648705628,0.42742188231564937,0.4644049819455087,0.5102978787636643,0.5445866152525841,0.38171965330226354,0.274183563762362,0.4938478320599118,0.5376194628676256,0.3347585324781345,0.7567914262638988,0.18431460552650492,0.4138547072392977,0.8502920833922003,0.25858356052698983,0.517666153936889,0.5354548560392958,0.41353203262682753,0.3535633916037226,0.4504053165610744,0.5929242497074,0.5476324958762062,0.4746149740331612,0.39267946711794827,0.5197251881100066,0.0,0.5177375803959389,0.5050773516885795,0.5475789351200613,0.4917951023445764,0.3769131552722413,0.3500578681319154,0.405282551687075,0.44736284642779073,0.4452296750445011,0.885168954378134,0.48805755998237504,0.21557869729086818,0.2792378793672571,0.49284438756085436,0.9031931726296334,0.45250063260388246,0.4675569017274981,0.46122862173937906,0.4207728837867259,0.1792964616297209,0.2259006758409191,0.4758921004132512,0.23996140081221237,0.36011352050692896,0.45876548709741055,0.5080864353520838,0.3561431370743374,0.4438767842679215,0.5315399741529201,0.4196647069981368,0.499835240603099,0.3968501556717253,0.4354496315688205,0.5336941711116863,0.22140647893944349,0.5716671842467689,0.47803704674208386,0.35580358001921086,0.4114416589782998,0.4328813466544303,0.42504091076322725,0.5056875771231135,0.445732826418572,0.47248730359237706,0.4749450346063524,0.5848794938698643,0.45577163937445403,0.4288732836798408,0.499252932704738,0.3799077559005398,0.4927926438212709,0.44932582381234115,0.4382790045218011,0.49701762027299257,0.46251596537544115,0.4387225018082057,0.46914917251584126,0.5336941711116863,0.43516244121830433,0.4256010895492609,0.5445866152525841,0.3133000156335471,0.39680878091424104,0.4105200404618858,0.18827097517435343,0.5085123602740573,0.5290444072735221,0.44908613690893107,0.5207561455485679,0.6809508454496294,0.9184784611617965,0.4075064843593283,0.38740739149971215,0.193053135143926,0.4339533829064724,0.17806929001785832,0.18368823194013367
ig_lora,SRGN,0.6488034695114338,0.3218481937504455,0.4932840951721481,0.5062824012004827,0.44371408189292855,0.5358096638444546,0.39144063520440964,0.5287516027895043,0.4677423677858746,0.4435654131749891,0.42777811155248574,0.49363901961103374,0.5911760442202746,0.33415192088736373,0.6733530654871248,0.5400404246094515,0.41307645773742113,0.31834953262458665,0.2780987960121,0.4354472745649961,0.5361794341119992,0.542669308378338,0.40562643934920367,0.3998400409990714,0.3877472597592045,0.5345405838884381,0.0,0.42616934816357716,0.3850218642885005,0.27388073208680697,0.49669231258098134,0.7005424615043867,0.46490950113410123,0.4370836035240694,0.37791803734364515,0.7530656132463669,0.47794074838422157,0.49532065356859123,0.42968192250397713,0.5305171410414747,0.4440134426918549,0.31828149227807934,0.4402511040122585,0.38245977669917336,0.25325789038072644,0.4032568630344835,0.539511911666173,0.2744071946219334,0.0,0.44712185260335147,0.9063323498434944,0.9514771534584991,0.40334768985834607,0.37006436526395875,0.5748691100143467,0.666402760845524,0.41968942410395416,0.45148349928824394,0.42843041435565077,0.2219873461363952,0.39400312760108575,0.4533213365010127,0.41564904762823046,0.44580850833118585,0.450990217242895,0.3992601721518578,0.39988879415430384,0.4417493744974396,0.3385749277946576,0.35583927508128077,0.28352783595602415,0.2683249328411535,0.47578737222713985,0.35651845975484164,0.5063126620851394,0.42616934816357716,0.40495045193178436,0.5719750576276892,0.6320437650251216,0.5428153851684023,0.38688187985261,0.35491212591879917,0.38598582576938956,0.5745378071073838,0.505095665812836,0.2870074641294911,0.466144355137654,0.37192050393965453,0.6323663816343438,0.4308777394958659,0.4277922594962211,0.3933447028611892,0.41396114240725335,0.444807773939621,0.7392640578556472,0.40613354659831935,0.5241691394451925,0.44750044964801206,0.45650288535374295,0.397005903540314,0.5324880095212934,0.3782559679570404,0.45962705912147817,0.46985497998116765,0.458745486028358,0.41214168275019697,0.0,0.2887783349531895,0.6498129623521394,0.5083883414589045,0.3394657735805047,0.40297130642476814,0.5250345942504926,0.3977078972012516,0.6085822868440673,0.4644616071702469,0.5360943271749846,0.45219536139020977,0.4603149830460334,0.5865948169902172,0.4612423807214455,0.42616934816357716,0.34592153152681004,0.5575377319110996,0.5610823138362045,0.48380428172357526,0.2667905972313089,0.4230404529225269,0.5093901109153255,0.36737528926454244,0.45576973337686055,0.3243195985671346,0.33456754682330503,0.36140252550601815,0.4848895631572874,0.40900683162827517,0.3183092781207127,0.5019472260828731,0.46068604816475245,0.2705989748500409,0.30473492566893684,0.3668014938985115,0.4826742249992166,0.4347600529867304,0.4753458085443014,0.4672468288446259,0.4553354668108421,0.48164611121359646,0.35914783407460843,0.5000240787026394,0.5016481117083831,0.546170750363602,0.44595797392814607,0.42012308334399034,0.4299020839927184,0.52099424890402,0.5198070702168732,0.46661187677968624,0.5111400463143522,0.2910909181657479,0.6136308501469926,0.41536028216078197,0.5478759382564965,0.5939534014669254,0.30473492566893684,0.53078192312034,0.677861998459463,0.2870074641294911,0.42753303495571154,0.3143505383646527,0.5191706158018186,0.42777811155248574,0.4454887011664993,0.4855781220714263,0.5816337947834661,0.39312750896993337,0.6366993963353516,0.5167741879272229,0.5546744776018664,0.4863750517880893,0.4488161941723644,0.4786091594643988,0.40562643934920367,0.42182259740788897
ig_lora,HES1,0.32845355868270004,0.336854238265195,0.1692181789406076,0.6431448933458064,0.41516926967029627,0.5187086503969207,0.42474271345348447,0.7914770604473241,0.7873430561270905,0.8916696170814522,0.7159587785234818,0.5514076216359449,0.5119361123973069,0.46760378730005014,0.38732496064860744,0.3765229978268888,0.2659604821046396,0.2995117206682467,0.19885343140943967,0.6625435317075706,0.5808994024690302,0.6720784621332777,0.6053773548425598,0.8918282704699219,0.3255337761681356,0.40142030827220443,0.0,0.170078143065206,0.37862539558885083,0.1981984239216927,0.35571776488717716,0.35074676993103404,0.5567026425502953,0.3188374740188507,0.4729635600267609,0.3930930251221079,0.3792965857205148,0.4229841364377771,0.825607817487181,0.5655862369467897,0.6527169003869924,0.26059203987668067,0.7317388463832883,0.3615219251692784,0.23067752482914575,0.7277994679715869,0.4114030720067377,0.18919503558920367,0.0,0.8051616011971867,0.41757596538105024,0.3486414550690859,0.31600203290662704,0.5363883303238871,0.5579545129557351,0.42511602769489215,0.7932448577138815,0.3477461731649754,0.3070164761402513,0.15097509036922555,0.8108094658706964,0.8516686671237581,0.46286296730387094,0.3035173598416555,0.30415797960411095,0.2839005348946989,0.28628641990256715,0.29938694138610755,0.44939598368434763,0.35257649408968095,0.19549773434581094,0.19875339161361727,0.3139356600550582,0.7207420170044015,0.36877712439831833,0.170078143065206,0.3234151162744516,0.31150836488592576,0.3618191504237627,0.7044586083262432,0.707383621308734,0.6680922044825739,0.7445777601512596,0.3745723541045405,0.3217952700905201,0.170078143065206,0.46809842191065987,0.6991032913526591,0.44332003001923737,0.5274326301021137,0.5451551916904668,0.2079607422787642,0.6226501638246089,0.43005487723066393,0.3170636665209378,0.446775803189407,0.4137927944997995,0.7063567810574745,0.7120181521826637,0.711356822262732,0.4848589965729107,0.3898257582803523,0.6094135460083984,0.5302713756511476,0.924980095769134,0.6577375440699564,0.0,0.18556024125207957,0.4509828238190614,0.8891861545729002,0.3494195673102566,0.6304917038396372,0.7527692768963599,0.5553375130168547,0.5467387952378232,0.4740944154685958,0.25605067468614223,0.6915906703151476,0.8561640154434742,0.8639815402077806,0.6162985755211978,0.170078143065206,0.6879297473328243,0.40747076293823026,0.6165501981718535,0.9207685232687286,0.3647392998322239,0.8397059777177303,0.6544699704027112,0.842319883746936,0.3125432240939819,0.265003015253084,0.25071494433526664,0.8162467435088454,0.4207898741999074,0.4838236178642006,0.29931905977008527,0.4338268317874955,0.3153869552687808,0.2644929169462134,0.1885419729187453,0.7849551291520497,0.5674343190790836,0.6554060535870936,0.460392574634106,0.3363749949651637,0.38173531397486843,0.8491012449971493,0.25369170618542664,0.8114768993961607,0.4073116925455166,0.8747033131777332,0.764847466784679,0.6018505310686392,0.30224698170283193,0.3616654903857818,0.35579121998026025,0.3145288185965425,0.35843161207409435,0.26250912240555946,0.4825848401638887,0.5611090876564615,0.8236616325301391,0.37074588936663955,0.1885419729187453,0.32065141800290403,0.3593633601391805,0.170078143065206,0.8444321000836812,0.48070345888321475,0.33840944244366256,0.7159587785234818,0.4551701876815424,0.7344299023424352,0.4571421168669171,0.5161815356817383,0.4459925778128422,0.2004593552188299,0.39815771507937925,0.7421855936197254,0.675016645164461,0.8184444270791079,0.6053773548425598,0.6316855311863893
ig_lora,CR1,0.7281210233183917,0.2732728850690853,0.3285852308060111,0.448554890614383,0.5846976541009463,0.6522794862752586,0.6883460569470415,0.33511486780453065,0.4520771573969308,0.32680487554244975,0.2233644012279794,0.22403506945735027,0.49016832645874164,0.3970484937375797,0.39103273241510633,0.4808912486823278,0.8661559727194175,0.27523506401432485,0.6817968140155741,0.660708058216807,0.32334816441335207,0.375394793573697,0.1877898600181017,0.2567144333587081,0.8951698589637281,0.5697215729640231,0.0,0.3455772680228384,0.7136999121534608,0.7218099214644527,0.6456709076479779,0.3517856508938088,0.48702655527706434,0.7820277871888682,0.7029359618092438,0.6271907048443316,0.487554379279401,0.4890210311449233,0.3036132629696931,0.49906233465896155,0.6480452433930258,0.6089833157759275,0.23217479250589304,0.3688216418253142,0.18131606376724713,0.3639099613706124,0.5475896305546478,0.773367856101208,0.0,0.3728947713178256,0.6370268561159896,0.5565650840639981,0.5454954720506483,0.4098023597377271,0.4619653614231234,0.5173700331464351,0.314755193513758,0.8318177832877789,0.8311764489960172,0.6640962783049353,0.3511243397742002,0.3943481638388445,0.5356637321795941,0.6794563458201484,0.6759338880819081,0.6907848590220229,0.6917889705847211,0.6872927784097413,0.28067676558230387,0.7046604115031284,0.71227295496864,0.6698676644575962,0.8155131055704219,0.2203922622368011,0.5045161111392934,0.3455772680228384,0.7262575547018197,0.4679139834756537,0.7162534258012274,0.553380842595446,0.33027447731638093,0.2616577929035977,0.5411938108701333,0.7372824611473977,0.5991191017285128,0.5471280341821533,0.4390005452491156,0.22970750607224913,0.5565658913609485,0.563186550571222,0.2321081600100079,0.7664716708858923,0.20073435271828524,0.4733128890027477,0.3885911120332167,0.286940615265637,0.5661700334978631,0.3321482191991516,0.29307572437137197,0.5680869616598611,0.5025753657329968,0.4762515921915754,0.638381129392215,0.4911641268729244,0.3782903947916921,0.3738949732482535,0.0,0.7646512351820237,0.5666614808847136,0.44789237725577086,0.2929359483620853,0.36622130542398096,0.5773110483242354,0.5943239252273124,0.5291951287082789,0.7019919496911672,0.4571504081600522,0.3325076154118953,0.23984549715121456,0.269105071583222,0.4885928315768653,0.3455772680228384,0.26441459014304686,0.7552562968822739,0.5757165843809995,0.3216976601758315,0.2251877414250628,0.22990401901311788,0.6627647850806679,0.22869995352691577,0.743667035390625,0.7166820165297344,0.8452337001191738,0.2769064413665943,0.5259465783501616,0.4951335078840799,0.2770046638705031,0.6861464983735291,0.7304245716335446,0.7555451270916415,0.7646512351820237,0.27735054057797764,0.5077193477274857,0.3731821480739971,0.6786403468095744,0.5181324964452183,0.4822457083806871,0.397300628935039,0.8064610599795751,0.3326399626941074,0.7440537857420492,0.31949242629115515,0.4702124179733661,0.6733352752623252,0.7295089964940661,0.7351501948124417,0.5127478607727828,0.7017125744484363,0.6785490943136493,0.7618231125148127,0.5231293330668964,0.38354818743259694,0.3164391684413462,0.6271457398086853,0.7646512351820237,0.7055687649191731,0.5132334595484003,0.5471280341821533,0.23333835971873762,0.4119561447598568,0.7891176645718245,0.2233644012279794,0.5761535821296737,0.31770114408525973,0.5932274236772662,0.2960672945781444,0.6919996254992462,0.3727535642898819,0.6387346890953154,0.3275521382647081,0.21934237221581845,0.3399372806329807,0.1877898600181017,0.19918382275616606
ig_lora,CCL3,0.7090929765443749,0.6467447723565178,0.7662659619650559,0.4363851648108674,0.4587339939020547,0.5396030211984988,0.7515160485595382,0.28344930015875075,0.6105841356865549,0.4175350153018066,0.20472035842261868,0.28379498775632306,0.5587106010168292,0.47653182213694617,0.8557999668680274,0.3755453411138776,0.5370260169742532,0.5236049285961699,0.4092627127701425,0.4824091985050684,0.4767603142740994,0.43386501110399256,0.1932006775778819,0.22580914990537695,0.4466625777703549,0.465240532304004,0.0,0.8563165676234185,0.6583033763598408,0.41127144491580725,0.4567094186079294,0.6167278786312168,0.3030322869426496,0.3986751928177779,0.41048984660484955,0.5354820017780004,0.34468342941991575,0.33332048621811794,0.6358662863317783,0.4330488582037179,0.4900855209225152,0.40742268591576414,0.20958589706505298,0.4623746113734516,0.4292281581030269,0.37142946028153023,0.4286717571443852,0.4543149556452999,0.0,0.4955838486253035,0.9513506026729902,0.997504669946856,0.6591439392733248,0.764203322311412,0.6127058846934682,0.42962771784551684,0.5656784778711884,0.4004013864209756,0.36960545878052503,0.3804023039322474,0.2654032484486676,0.36333750664130254,0.5633241550548654,0.25726553315741685,0.2604024015275219,0.23271746947124744,0.24423329077894373,0.24590042765499093,0.7409461663947797,0.6317392767048986,0.4544938889066176,0.39993933340310256,0.7155921862922606,0.2857959598269422,0.4146268089499586,0.8563165676234185,0.3616844901913462,0.7780552256490237,0.7444120545225953,0.6418076253300338,0.26190769181323925,0.16360954798290098,0.4726320138351654,0.40567510984385585,0.4250411731032964,0.528447715164402,0.38910270930418434,0.28460039003166565,0.4493228335884297,0.5433047539716561,0.3441850632062676,0.6669796577134617,0.1884120554996022,0.32775622733096593,0.7151884355708709,0.23014591898366532,0.3474859060640233,0.6032145392581524,0.4580208861286961,0.41911263763815515,0.40532612067357177,0.7357621359525834,0.5960288758497553,0.6893223166497132,0.371438568658357,0.7361675657314319,0.0,0.49086397956079786,0.4698553077668629,0.6008325531545688,0.6649145273865191,0.40317175034769953,0.3988976920581877,0.37830044126417095,0.3450855197631485,0.48634778673928747,0.8398413281380329,0.5611769766039778,0.2019108961217258,0.25987832054060944,0.559124164739129,0.8563165676234185,0.5605980157470078,0.4206908648832785,0.44401740766085307,0.42640145027994897,0.20067784589752016,0.17164588966767177,0.48128300133895563,0.1375403654501869,0.2759159043308382,0.4394028466288897,0.47679604334672004,0.24151593475201183,0.38597173362960124,0.7013246990278161,0.5030149817928133,0.4933350686488596,0.34798069342798904,0.392491162990694,0.5147988656344189,0.15146341704958616,0.588260543723964,0.5737737997878128,0.28024538596659504,0.32729764551603835,0.36623361526777815,0.3295017769114886,0.45219119876672814,0.5225481792647324,0.4314014386416541,0.5580449647608192,0.676204351282498,0.44816726480817426,0.3192411669297462,0.41346143518596845,0.3199862819875551,0.4324201936760541,0.37133167918138227,0.4019501561005956,0.4881434357719001,0.4434954959884717,0.4804109304971703,0.33769837025454186,0.5147988656344189,0.31913304194083536,0.3445099801260833,0.528447715164402,0.40951460267843853,0.57236358150374,0.34774717036607244,0.20472035842261868,0.629487311044932,0.7107955764125988,0.4191561953738453,0.6009379545914629,0.5603492957108693,0.8894742827872449,0.3451935800787614,0.42827585828315584,0.21189359837697752,0.4843646848564006,0.1932006775778819,0.20067784589752016
ig_lora,GEM,0.5186761515986724,0.25731698873323755,0.30184650363867177,0.49220317043153916,0.5148869316238998,0.5604859828133297,0.6020402776932866,0.4949542183775836,0.5224686514719197,0.49108106688770725,0.45008009933258314,0.40010230439220257,0.504120497553971,0.35972539086154726,0.4301017223334783,0.44160559855828413,0.7170205456471272,0.25863882104011887,0.5956935238805263,0.5615510802802551,0.451490960338858,0.5065845826507609,0.32013362967266656,0.4380693220654382,0.7479492017318993,0.5640734094263684,0.0,0.33648924600562774,0.6347882173500057,0.6570252324585444,0.5884707485601655,0.3632156976781094,0.5275264633015204,0.7580566806960185,0.7082006189605413,0.49635247556719686,0.42813231445392347,0.45892166508079635,0.4068471505463328,0.48489392941600334,0.6175143430871814,0.5330632428484308,0.4893600922373986,0.37826880051099965,0.1820164300924804,0.4897443234711522,0.5435221056769756,0.7415436442831602,0.0,0.47174473907579184,0.6127559127033918,0.5726619845411004,0.5421709157590853,0.397797248315773,0.46800499186511446,0.5545719006368172,0.3846526708542712,0.7834886313862435,0.7437912040243733,0.5644734560020666,0.42789028388378747,0.6039853957887042,0.43535954385022324,0.5717426029715843,0.5662521235225021,0.5164088838162125,0.5402394149673396,0.535547310580384,0.2747254962474081,0.6476098824992781,0.6296214429569031,0.5509675169395868,0.734868622445244,0.3174859473231182,0.43185830880840753,0.33648924600562774,0.6294831403834157,0.36943981726335867,0.4998635525551434,0.5692940328397157,0.449863996963794,0.406464785941339,0.5225890202739384,0.5616827565078667,0.4890639589791185,0.5375262131618121,0.402579264083966,0.38933750354079316,0.5354937386085282,0.5020312735766351,0.3405983745065858,0.7230524109952448,0.396339808945706,0.4248973346799049,0.3599364567303447,0.33143087529423526,0.5522247087342933,0.4123286741208358,0.39524354892881736,0.5812663173555239,0.5488548743866394,0.43132827457451517,0.5614659567970613,0.40507397981898563,0.5282849866739353,0.3878743575859383,0.0,0.7216623861510956,0.5776337118567673,0.5739253622489052,0.2822256953585781,0.4296781915012058,0.63979343279154,0.6352655688393457,0.4495437569642171,0.6489929331623067,0.39392092253202704,0.457363007549324,0.5219594195200399,0.5484665042919362,0.548614673069398,0.33648924600562774,0.29133969289661954,0.6507227227850362,0.5234432129097868,0.5300266977681996,0.2564434073754515,0.45061090481273247,0.7097351252648217,0.3599696645260749,0.5635805061007493,0.6603394460584656,0.7212367565736038,0.3656403627556891,0.5063860079208908,0.41179420842911135,0.2640085155421629,0.6534236095953806,0.6726108168566982,0.7191667906439966,0.7216623861510956,0.42521865032118583,0.4734272486924664,0.4441781171136857,0.6016977393384135,0.4474656931265548,0.41404810525925134,0.5049563108524903,0.7201046809873713,0.48517121912727085,0.6496120740261032,0.4575733491275575,0.48773143211525044,0.6972871399352559,0.5689353942216681,0.5971776042763118,0.4273281980347964,0.6132890884351265,0.48765887536783065,0.7359265632941253,0.4784900115667511,0.4297561564147,0.4522596476901865,0.4285091734280017,0.7216623861510956,0.48712978926729655,0.4384603777890452,0.5375262131618121,0.40589925652099834,0.32293715327935096,0.6830639326286053,0.45008009933258314,0.4916358124241453,0.4180732610749251,0.4398791734143487,0.27920286958745155,0.5450922888481015,0.39084810781004237,0.5797204511722899,0.5498033213671343,0.4770258689789743,0.5449844720522259,0.32013362967266656,0.3819396633387878
ig_lora,ID2,0.31353786382127047,0.5878929404156834,0.2364614474975165,0.6150716272573455,0.5355538677031065,0.5363144450315652,0.5998348847134459,0.687595681447443,0.8287746796501295,0.8789052695698846,0.6226796631498264,0.5156081409747124,0.6037862247308738,0.6000768134907236,0.35292674998672297,0.38276613704288587,0.2881164957431733,0.5233686110617464,0.24399387345768705,0.6882270051795774,0.6926548793130776,0.7565339513807646,0.518457868246454,0.8688662808301812,0.32241312419248896,0.4264974531483399,0.0,0.24046858401881077,0.5378048661876441,0.24513203187686536,0.34739569316476887,0.3451966621089376,0.5488626238040517,0.33035852450667463,0.5327428165378388,0.4237809199690017,0.4009891514458629,0.4371384765943849,0.8807893171701332,0.6058989587487978,0.6891713669347473,0.3366776387101778,0.6390848951867905,0.46464857330874504,0.404527837774873,0.7538170411694701,0.4313001341871074,0.2462482684784257,0.0,0.842743079114841,0.4517453214593709,0.3727900309028207,0.5111203773784884,0.7920329777754193,0.6943533528791251,0.38815383818010546,0.8831207345841019,0.3592218105393927,0.3201793318889918,0.21256902120693258,0.7485687956335456,0.8140780369375288,0.6142281409827542,0.31523161857108145,0.31597006775787195,0.29436280493734673,0.29822129223540583,0.31107035094685453,0.6538300699491739,0.54994655748473,0.24886068695702224,0.2463207922926029,0.46231274428398217,0.6984424560205038,0.4689911838296135,0.24046858401881077,0.347065222830083,0.2995857989309901,0.46536616398475594,0.8029140412356526,0.6977960662425067,0.5958662535641747,0.7756022858567183,0.4171549691897937,0.3371146553874148,0.24046858401881077,0.5125810713661244,0.6834380391354316,0.4600172305459662,0.575246503927751,0.5929091303998248,0.25669657519893635,0.5508708141618247,0.41623795380706596,0.3111150255987113,0.4642222395322051,0.3901667365044882,0.7932326228261057,0.7281766862760477,0.7061412755909203,0.4861839056236064,0.6009582177086633,0.661039708281125,0.7428589271250838,0.8696235791033168,0.8308960719752394,0.0,0.24603289253106714,0.46556421013325766,0.9407953175176129,0.5846741457945425,0.7158572951450699,0.7247613052361113,0.5643728450477946,0.43732121255974704,0.5580564299858949,0.29121087181641253,0.7840573752036721,0.6567516967210246,0.7197245177956104,0.7462017191186527,0.24046858401881077,0.7164070705194129,0.42668818625439403,0.6470989926392701,0.8677843497939318,0.3497543760079934,0.6673051363510673,0.6800520270334492,0.677150096008401,0.3056366352226376,0.3656788513763841,0.2869867519553027,0.7959359956089336,0.4332068701787311,0.6841033374988013,0.5120312708684503,0.5107214559772871,0.32309074283664047,0.32083250857429024,0.24833695790985433,0.6647643410412116,0.6467544831677363,0.7676080571926744,0.414774366245613,0.36612984460386966,0.40860026187820425,0.8745496270701217,0.2765672232205075,0.8929279202767643,0.45288502603896846,0.8605336575972974,0.8265513530168481,0.6272295452239297,0.31759193939588864,0.37352444474294527,0.4102800337903939,0.3229158981868912,0.40226550398684324,0.30385326030982085,0.5956020144903507,0.6467229020815283,0.8348482113786535,0.4181700447864845,0.24833695790985433,0.33360727473153823,0.36207986779174456,0.24046858401881077,0.7880229348134286,0.6539114108110915,0.346168269322352,0.6226796631498264,0.6287726944637403,0.8746007126168871,0.564618355360856,0.6260282190817924,0.44534359646091654,0.2550638229711767,0.41155858149328584,0.8161281483187791,0.5841227043946648,0.8756875371157959,0.518457868246454,0.5425349748341313
ig_lora,OPALIN,0.5707000158673244,0.3247145883779199,0.32429161248926774,0.5117090183559561,0.5721510139643988,0.5770709441870066,0.7047167241321182,0.49487901596653117,0.477444943541046,0.3911452299411346,0.3118458028631,0.4122563946207675,0.5787922330600296,0.3361461757630086,0.4427598091648559,0.45746925148960016,0.7674721712882537,0.32003987561462643,0.6785974283733416,0.58659531236013,0.47840270960549286,0.41952734896587307,0.24669236158960609,0.3250213009200573,0.7879849240155684,0.6223934695606012,0.0,0.360974819297187,0.7329317174253962,0.7465713528035233,0.6453168292019037,0.37209457634690507,0.47518800390269184,0.8274578235439795,0.7465408259439031,0.5286580865411953,0.490059742867661,0.5035959544192967,0.38501481739832866,0.5435203727388549,0.603972630557662,0.6169647900408403,0.33705431467917624,0.3006005706654064,0.21459392060969681,0.36840249799855135,0.6110370521483371,0.8346789072340346,0.0,0.40091085904443113,0.6103582979015717,0.5750082629335972,0.6037650082027238,0.45825223189712616,0.5977743040309847,0.5820335667282832,0.3678096083670679,0.8372408956336461,0.8047419388415804,0.7232607529187465,0.3088620831470513,0.40344226699788194,0.4885426765827613,0.6167157603768737,0.6118018598688849,0.5442952907214708,0.5628118610835747,0.5798525089352626,0.34595182815407965,0.7296176449843602,0.8455290680935238,0.6395448654839183,0.8056010961797231,0.2461892025909426,0.49266533510344374,0.360974819297187,0.6965284865727264,0.37752294685248994,0.5653238448371127,0.5689548870853561,0.3199728809043063,0.2922403912383537,0.5326341363410875,0.6193156335060434,0.5600074624094289,0.6002505230154447,0.4542703083686042,0.3012152810680016,0.6683934326075087,0.4864235667052137,0.35537338311753675,0.8045457660772597,0.2899306467974015,0.44934062185627766,0.3775115251346608,0.3111665304137589,0.6833567344320931,0.39972101286075534,0.3688903096385483,0.5851046458109885,0.57510643815776,0.5089318075193628,0.5860591413647991,0.5257621065568517,0.40789245168427435,0.41661796386137046,0.0,0.821961900098191,0.7129601261599857,0.5161718787168799,0.35829438781035083,0.4212211695489197,0.6668521109092049,0.7402945784901513,0.4706155501779431,0.6804659252393522,0.4013716766606381,0.4805226708725826,0.36306049780913563,0.48378769546075856,0.516657388283462,0.360974819297187,0.3110225624992003,0.7384248438119557,0.5924646813208354,0.4264881717063218,0.21021271042951775,0.3130292738529744,0.720214399854785,0.24363734599621503,0.6088861781925998,0.7248811620659219,0.7976576690425541,0.28314501990638036,0.5315931217863216,0.5046298758906012,0.3440188169974425,0.6978423998531578,0.7118129424018316,0.7843614747096085,0.821961900098191,0.29092276830659203,0.48427919438448275,0.46565207821418203,0.5764351370532492,0.4574404959907011,0.4658881587119026,0.44291467586940164,0.7981565656096495,0.44521230504873116,0.7304227731513707,0.4507872582665307,0.4842961274049154,0.6368899088558427,0.6311516835148879,0.6960279022609562,0.4871747302875513,0.715953415677899,0.5663413129481393,0.7926175929163967,0.5814478067755864,0.3489655127725147,0.39883554902420687,0.5087848624238414,0.821961900098191,0.5635398196208559,0.4916548719619916,0.6002505230154447,0.32693250103898935,0.3175216402487863,0.7182233141028544,0.3118458028631,0.5888765894581447,0.4267225751417625,0.4694166553631767,0.3320381351593664,0.6131788073396792,0.4100867725391247,0.7005845949905041,0.44164980628876827,0.34317065544312036,0.43759550721491447,0.24669236158960609,0.2846989621985662
ig_lora,CYP4F12,0.4322364248852393,0.48767014674283493,0.28470504322575346,0.5526535701844574,0.5377298542265082,0.6077652646194064,0.7231326574045577,0.49118091502053907,0.6530952768401688,0.5833054160793837,0.47245822140283134,0.5043720284429999,0.6118715781379214,0.49974722057415705,0.4988308620946555,0.4282049439890397,0.5339447839288327,0.46002471806758544,0.475525974735517,0.6383030064642372,0.6391810217952224,0.5972877472727361,0.4137160098597865,0.4201378173513931,0.6252620438138649,0.8923597958439825,0.0,0.32514156607281985,0.7659812856874666,0.4731014692976412,0.4887387005881691,0.3937198647703921,0.5550218962607153,0.5749852754807498,0.5627114653509939,0.4848314782547415,0.8711547314900494,0.8962149325304277,0.6342939608614301,0.8890221670207992,0.607299688980273,0.44903218976397946,0.49887523470146783,0.36910094236906626,0.3082542971965134,0.5013517056692361,0.9162798412119864,0.498890780215899,0.0,0.638516472499169,0.6005443588834629,0.5851487094504395,0.6449556727683222,0.5775902337180344,0.6629466481947874,0.5521021877423709,0.5864780147017212,0.6030766706583858,0.5645920846822625,0.35062935525886885,0.4217709314849301,0.5638770052604026,0.55351494836957,0.5531936735183639,0.5582764794757455,0.49674933012581707,0.5154693579644212,0.5322959125975669,0.6053538092051559,0.5938350978927939,0.45249996663251735,0.4258844123020549,0.6075822697109239,0.35568534556697173,0.5234595281819096,0.32514156607281985,0.5203766846132943,0.38501232546521397,0.4685023191952893,0.774745650833653,0.4073901929042076,0.3565457515931494,0.5438959437811276,0.5663484839557335,0.5619091320382704,0.49910546642839154,0.5057257424315335,0.3995361900638849,0.6307888909480955,0.5273151652770702,0.4310702012145039,0.5421761934408412,0.44090376655332636,0.49806661374743866,0.3950111412304505,0.4338602508541671,0.5223343191718376,0.6496448960835759,0.5356644746692206,0.4961908352781748,0.6033840159577649,0.6047125798361218,0.6018004003755797,0.5951051823026143,0.5781461004368433,0.584535660556333,0.0,0.5290717219848567,0.6790837333973679,0.6955314684233493,0.4842225215366174,0.5107102389457296,0.5846431601109847,0.5269278572358266,0.47426236516988507,0.6193580526984938,0.4004691247576453,0.6276778850384653,0.5137306645243457,0.5853346759372343,0.6439433035887104,0.32514156607281985,0.46525312519355466,0.5780818116560229,0.6041074460281982,0.6310894289370547,0.296114508270884,0.433436318544272,0.6423372673740321,0.33167170389661355,0.5113841153975378,0.56156801007202,0.5553438096403496,0.38331469877797025,0.5736047356746408,0.5825407228470626,0.4442114672336986,0.6762009131205615,0.6171035148902094,0.49315865380691304,0.5669398846777038,0.37225744907274133,0.5866353442969837,0.5936281273960284,0.5314955440249529,0.7533058835370094,0.682545530353774,0.5813435919013755,0.5568661004921721,0.6488057904499412,0.7388850721377224,0.676978815970311,0.6963691694838279,0.5925608065585592,0.47412694826429663,0.5454410495807543,0.45124997700251374,0.5339648201116971,0.49425355672602805,0.5173900066621977,0.6218139783648199,0.49000118105023416,0.5798966872433443,0.5968623546065251,0.5669398846777038,0.46561117598237517,0.49738484782902165,0.49910546642839154,0.4973425879880464,0.4631497747297422,0.5381050499364398,0.47245822140283134,0.5928159982363419,0.7301990994936105,0.650324809145432,0.6118219943945741,0.5177528099337745,0.3913971581611722,0.6466837378036345,0.6427943666855893,0.5161922928943365,0.6768245426008002,0.4137160098597865,0.45546560665164026
ig_lora,SVEP1,0.645616707013532,0.540974220075477,0.5719507197947684,0.5872665770036345,0.5299201896104451,0.6784390719626475,0.7673137445925112,0.5562663810564732,0.7601811619325891,0.6843009461695336,0.5037533977920635,0.4621656080250368,0.6043932850829945,0.56393403909253,0.7309995186658744,0.4844885517437545,0.6271295019528593,0.5321622752495762,0.5005863174902319,0.6697120734879868,0.6610321178683376,0.6774220632734594,0.44277466398279763,0.5388137897560042,0.6128013038678348,0.6359941098844925,0.0,0.6223929208242925,0.7427412477466241,0.4983090348370184,0.5468047996724015,0.597899218439563,0.5746886544272533,0.573459030378092,0.6226878453744924,0.6027272191369701,0.4915007642261267,0.5141458418548635,0.7105672962835939,0.624253842833197,0.683067595187496,0.47963376489401616,0.5329443743925304,0.5132478675738222,0.33922557606578724,0.5860501103454295,0.6056154630662162,0.5428017412886637,0.0,0.7236804301381862,0.9745801018815446,0.9817226966737893,0.7346710471533713,0.5923177979855441,0.6703400891616123,0.589223071140774,0.6289871264688832,0.5984037676783325,0.5476430773028207,0.3776790706596841,0.49840059260394376,0.6749620776012212,0.5567798914941697,0.4377345537528383,0.4410781850243874,0.39420614786012964,0.41337873091102795,0.41594047034799186,0.6164665875039994,0.6550394795455093,0.5068577669744011,0.46204686770771347,0.7780340121313527,0.43743499208207876,0.5506670222847829,0.6223929208242925,0.5135690077676545,0.6409207845591275,0.7001806752109351,0.8124144171352603,0.4964180165782788,0.40347509208253746,0.6244319354072537,0.5521070751556777,0.5376573225909825,0.5638449114566111,0.4625344956712225,0.48739479030583177,0.6119270186694692,0.6121137383682702,0.4289298121863462,0.6779256460714275,0.4816969907089926,0.49513736010870857,0.619539271488072,0.3790898382650206,0.5071787055266677,0.7471727055950447,0.5991031179688553,0.5613500346552476,0.6065268750783014,0.6729068071203629,0.6365219180152957,0.584580752924599,0.6873472564609907,0.6274683200838679,0.0,0.5662955738218699,0.6439243319274253,0.800501974063131,0.5504153361147534,0.6191159401856137,0.6141412335984289,0.6033808967820473,0.49417004650693536,0.6108292268474865,0.686209027304171,0.7324431570812123,0.5662398046096653,0.6085988114390982,0.7400389686728914,0.6223929208242925,0.5315655721428357,0.5813688007594157,0.5965634630217109,0.7544980202892979,0.29016396145961476,0.4976783042976337,0.7202930549917475,0.39706789944774495,0.4477932961763375,0.5805931139401906,0.5943883767269389,0.48046400116425597,0.5721049042685921,0.5855587261290771,0.5168439313433638,0.6679858211767973,0.5209361596021449,0.5118139996234592,0.5923299356732024,0.4392853351681928,0.6563754481531553,0.6804165502078687,0.4676487960576207,0.47995083450588455,0.5005514015071422,0.5949696707659727,0.5601379294940458,0.7244611772832982,0.6099166318472299,0.7427542796442869,0.7503880074070303,0.6734930448311024,0.4696739094453329,0.5490148833850502,0.44945202688245695,0.5447273767708679,0.49147015964820373,0.5425434761239479,0.6268072651951715,0.6123933210612695,0.6625979496417909,0.4712626439998035,0.5923299356732024,0.4465248943184628,0.4783125684974307,0.5638449114566111,0.5690338869227024,0.4800690415552071,0.528249491910688,0.5037533977920635,0.6165219359808436,0.7543877271434393,0.5693306261572477,0.5969020833964981,0.6126255065874007,0.6890294642082408,0.5166592790426322,0.7725532025588586,0.5472544144860231,0.7818179156580163,0.44277466398279763,0.4825764736983121
ig_lora,PPP1R14A,0.2817838524060983,1.0,0.2924682896876061,0.4245102557814593,0.4633757747732732,0.40424152102911803,0.8466466776636563,0.25885915291455147,0.6492326499473757,0.48436040748879794,0.2545714778183563,0.3427149303959517,0.5623203472068868,0.650500443221762,0.3248372270601096,0.23399033759830276,0.29026988541575954,0.866083953814611,0.2605752699860091,0.49710816927766904,0.6507912513963207,0.5529086376929335,0.26221751624912,0.25282047118998785,0.29480330158056456,0.3277245277808163,0.0,0.3119182286327452,0.7045061102677392,0.2851871986234547,0.253588936357412,0.2558048830300369,0.2449915281492205,0.30595219699235227,0.4077132998964699,0.3161463611737447,0.27142276350784866,0.27225040969039865,0.7566076848136115,0.43897967375663444,0.4950976660329741,0.3627283941621553,0.25591156611394716,0.34556739550433774,0.7991259307219165,0.4134559988442656,0.318678108409566,0.3037766095056792,0.0,0.6187595305876815,0.383237000686889,0.3718737148917982,0.6948444412053905,0.7674465587639066,0.6439737717523191,0.2861107022354363,0.6425591434646389,0.30894397798216827,0.2852149195108892,0.2799635590394864,0.33666141522176357,0.43829331071016175,0.5770015816312147,0.22652078216636212,0.22619016382644389,0.20341579940613938,0.20910759868990697,0.21655176905290058,1.0,0.692169060505809,0.30424658245650316,0.2602319476462185,0.5260013282973282,0.3671182344126278,0.416987898872846,0.3119182286327452,0.2713982599592544,0.2852408905803808,0.4782919418238413,0.6991396628797061,0.30569329322571703,0.1782064154551994,0.5684281067647069,0.33861528032242955,0.2783151149822374,0.3119182286327452,0.3824620333587719,0.33180884737235455,0.34746049079289515,0.4667051356420261,0.40402805903959205,0.31595585833553425,0.23282707392100102,0.2378150033667292,0.2799367417446996,0.23830028621748087,0.26929261759222234,0.7478688900289839,0.5599833339972498,0.4915650726069566,0.3234584293228875,0.7905556669610488,0.5977805680151761,0.7838691687398237,0.4380375299707407,0.7482103406369186,0.0,0.3096421728596088,0.36227459934760176,0.6273602388125304,0.874152405461471,0.5160141691712281,0.4672332145859325,0.358349844387852,0.24569020741860584,0.48150145395313926,0.3050018770197516,0.6727699020043502,0.23577487209549197,0.3047011932229105,0.575172733201268,0.3119182286327452,0.774564811690285,0.32899659415046245,0.4481511065199862,0.5523488585915192,0.26303963689556914,0.19348568143622166,0.475264313992239,0.1498963702324041,0.21817363865229944,0.38621776733170865,0.29578561550460286,0.27099415840513796,0.28084085669837405,0.7114273455190123,0.7847322185833558,0.4228074416964831,0.26339090351293276,0.27888030149809706,0.31527433267442195,0.15971739563365875,0.5221605538458391,0.6504591767081203,0.23012968697432537,0.2311806878211505,0.260999049680697,0.32708484893087847,0.29325629635017764,0.6597056980750938,0.3825057865589219,0.7287077913182034,0.7183078853962147,0.42895149989486886,0.24269595772363012,0.29706409036387266,0.30185907544014196,0.2941575836441289,0.3195165178730195,0.2826037640954465,0.5178770552645632,0.44955127861806854,0.5665976081108672,0.2887514793053677,0.31527433267442195,0.2337529764187355,0.25628459222882993,0.3119182286327452,0.5638178862098365,0.6338283370977109,0.27679181201319464,0.2545714778183563,0.6400065493321417,0.8617052880784037,0.4344858239220686,0.7574133407866915,0.2874227037604476,0.3240523848390065,0.2973996491949065,0.5890837619533016,0.26413579775750146,0.6227327862914961,0.26221751624912,0.26303963689556914
ig_lora,APOC1,0.6526598301111837,0.29055632285218197,0.620319482459603,0.43932330096870165,0.3487027120621668,0.4966399848218905,0.4105793969770937,0.39986889706274614,0.4184356540344052,0.3688807489227537,0.2602131316187715,0.3726695309786291,0.46969632739591693,0.3042537532198592,0.7439649957610145,0.3681307663770911,0.5040039062308695,0.28288541227322134,0.3716773722415529,0.38892537496474483,0.4109461536017224,0.37557925242931844,0.20645096985424327,0.3138246840614375,0.40674559424393786,0.47100813106226685,0.0,0.6674794560269888,0.4050719956694075,0.3540112710829767,0.489753237803466,0.6413236965720828,0.4225203004529314,0.38766009830820153,0.36224920368067304,0.5422491546995551,0.4583861359797091,0.4691124942334106,0.3597275739852689,0.5048216675802265,0.4033635823104559,0.3381137635464678,0.28150533354873974,0.44166261082016994,0.19785021159925267,0.35640419800162004,0.5041864816749413,0.3714073207751915,0.0,0.3624439843536271,0.915535404183838,0.966082016260306,0.42673950980273767,0.35888065636145017,0.4685313707821584,0.43039713936300833,0.3545232247819495,0.39153217283987324,0.3690639933562653,0.29839194220565873,0.2880999695139474,0.37096463676330343,0.3588898690687095,0.33642580010073997,0.34028964505786546,0.30736939901465554,0.3142510742718923,0.32951061566924306,0.31324341325796806,0.37143382171087524,0.37567795580161933,0.3456385821962689,0.5733478557432091,0.2332058141887203,0.40100098822078634,0.6674794560269888,0.3730562795038315,0.6595732309048826,0.6083696463479181,0.5021383807743953,0.30549038164179376,0.27802118400248854,0.3117649966715745,0.41500401898286743,0.41414655997246896,0.402195113936485,0.394310659742044,0.29833470387099686,0.4788664765985853,0.4333043334717305,0.33504808386662716,0.5772000231380743,0.251803071520466,0.375099845045398,0.6521116896115692,0.3145041614938383,0.44731909953142757,0.36261272309100706,0.3323091506465701,0.3060758722737354,0.47170360815391227,0.3944503048416192,0.4042630743525894,0.35226915817581494,0.37769306288217386,0.3870714731266912,0.0,0.3911673570038508,0.5000714304856229,0.46756299659360917,0.32785454077240983,0.31594934117739754,0.3813432758989072,0.3748085147367411,0.3894280265047864,0.4186546855266007,0.6979515815396823,0.38700519974689024,0.3091758815760406,0.39008639844868936,0.42975539412316494,0.6674794560269888,0.28663063942567907,0.4374153628671219,0.46040395796385475,0.37911606602895,0.1838862966651427,0.275617056359083,0.43797640044344405,0.2233495598560948,0.32430095602013126,0.3659796213272152,0.39696734154564706,0.27568816647478345,0.4185691402216119,0.37382431270019245,0.2850616652913077,0.43824142213706174,0.34836823442013864,0.35425808380236185,0.40712394771959814,0.2721779294516972,0.45213725551412454,0.38299139521115316,0.3499356066292568,0.3956250766013782,0.40817573025824044,0.4145127913187817,0.3815400755240174,0.409375566187263,0.45508692737534506,0.38647473027106255,0.40187268917945346,0.38997155487078944,0.34484193567799293,0.41246429598889717,0.3697244776897334,0.3985845102479137,0.38676182029205936,0.36468760186848087,0.4737001927251722,0.37466448587437645,0.3724106791028463,0.476964159140273,0.40712394771959814,0.35955156762766455,0.415238588361222,0.402195113936485,0.29159126028667953,0.29996451140633,0.3716370227365543,0.2602131316187715,0.3795409432613316,0.4005748634436204,0.42298736262592335,0.30879195088709227,0.5991583457710122,0.7199826998122011,0.46789373729390354,0.383381476114179,0.2828366362598974,0.3878087633835007,0.20645096985424327,0.23509559475636355
ig_lora,COL27A1,0.6903136904218911,0.27080326949037115,0.6937600608901464,0.4982952466597694,0.3170309783614024,0.49409687161517146,0.38348582384646784,0.3728441277832212,0.386352981861363,0.35935176413373215,0.2480051020412013,0.38834275282300174,0.3905801775175782,0.27634392076268677,0.8646583716773303,0.42873121896173527,0.4776245227541409,0.27462718624837934,0.3492581718703396,0.41488379867705044,0.3624752286197464,0.3403951574201282,0.22640235588561206,0.37994031041336623,0.4110539178897028,0.47601701842392735,0.0,0.6011589937365567,0.3854400391348191,0.33391182603910763,0.7368384920945618,0.9810168872466519,0.3665857439668218,0.3921603145317192,0.33918521203828444,0.6612390497130972,0.4299109087660246,0.4267037440267169,0.3332447991246088,0.45779018788072645,0.3726155853769147,0.3305584085788889,0.25668334322111575,0.4131895791229488,0.1978068248137314,0.3311521664678888,0.4730844663044104,0.3470764136168237,0.0,0.32372047673825954,0.9037764658308021,0.9609594730187035,0.4124825897633105,0.28617950005584386,0.3886738377247182,0.4624834323445435,0.35205613539365355,0.3957067977953158,0.37776491879399293,0.27519901805074454,0.3034776291996088,0.3320848966312143,0.3187391959876124,0.3241698611354191,0.3278860441772998,0.29929333595420166,0.3075812771242784,0.3157935440701564,0.2810893201477366,0.34623079970102344,0.3525635940011699,0.3250350393156408,0.5391292668893045,0.27954577924542207,0.3919893232053,0.6011589937365567,0.3778448448713847,0.6663114225496001,0.6903304939654242,0.4286381145655773,0.28543558512134015,0.2709922288037394,0.3226934849635901,0.40273973786697176,0.4287409901760689,0.37330216168592323,0.36369920747340007,0.3222855399585424,0.4584770207606723,0.39722030959230586,0.46322623189207063,0.5266701471072688,0.2601873209348437,0.370700991064363,0.7661022210171812,0.30429710032724233,0.63420481136645,0.3543797246385979,0.3040996847949014,0.320183497437391,0.4133603723431013,0.3612091849987958,0.3965056007027877,0.299315667007862,0.3467169369764961,0.3258504105695389,0.0,0.36548473278112925,0.46536717368397545,0.414318976675468,0.30368472451549605,0.3071924078917451,0.34441995382384955,0.35628219201909456,0.40415245948961126,0.3696376445776679,0.655967483390674,0.347542938355532,0.2858121121670862,0.3385501804060808,0.3839118239348937,0.6011589937365567,0.3330326613051334,0.41352644809405337,0.4020122519338018,0.358205087731417,0.1796298703658845,0.29830246657389103,0.402237975343994,0.32916144021138527,0.3378306695894494,0.3528151880068574,0.3837120986870063,0.33914011165387836,0.397794606381684,0.32576937772289,0.27731957839301835,0.42176572647022664,0.35746855805050276,0.36404671855701964,0.3814413234968766,0.2841896645649291,0.419001628045513,0.3343883289450375,0.34962819073910073,0.39671404876393507,0.4284618166045503,0.4403046077424527,0.3801255255137394,0.3899483064055422,0.41324782809227084,0.35063612752158085,0.37883111225135035,0.37698465617882093,0.3478273780592206,0.4155836899055377,0.344371506645993,0.4158903587301414,0.37102483008282394,0.38168398477353743,0.40917148337608344,0.34820212321980987,0.3513139197333081,0.42408202826565433,0.3814413234968766,0.3602231993800749,0.40514207308827094,0.37330216168592323,0.2973685575283855,0.2505076360700754,0.37176028592940347,0.2480051020412013,0.3407997776601196,0.34896934434390964,0.38888827243560115,0.32084485309007,0.7525272159578895,0.6641338894623635,0.4020790899046929,0.3424159404697624,0.25748391064793946,0.33961708437005605,0.22640235588561206,0.23805793892148486
ig_lora,MX2,0.3630227308766297,0.5403040819443318,0.2419080810272199,0.5400434238750821,0.6626617084416726,0.6334261597274157,0.6312306898168629,0.5641480823344456,0.7509713302305203,0.723003582040179,0.5313455984112609,0.4690869859966146,0.6248980565275254,0.5381190042372888,0.36801777541569375,0.3452361526247789,0.4905556264110026,0.466907416685026,0.40581411387229344,0.6498817011658474,0.6293204164147157,0.7064043996251437,0.4810347333724408,0.5559143632753979,0.5400411278338857,0.4557841313451731,0.0,0.25035669424999535,0.5793341294527253,0.48296153729595154,0.509122416622377,0.3266527449334964,0.525773049497341,0.6100028914749854,0.7717426880555189,0.4314770668693588,0.41008683077064034,0.44264780704892603,0.7840551553124974,0.5461018982254799,0.8028044852418244,0.5288409358669196,0.552648071210749,0.4723017680235943,0.37376131861646533,0.6748583271520212,0.45744208708148765,0.4173946678662557,0.0,0.7194212021870781,0.503623470430377,0.43214481696349055,0.5068675810733493,0.8774224631176005,0.722898581555022,0.40218321012974567,0.7550399316178946,0.605228566583092,0.5815455194625941,0.3837325998738591,0.5613869503426114,0.7097094309855722,0.6760653078515761,0.529419321518673,0.51910385095934,0.48916920035978967,0.5045426101683728,0.5026561672323403,0.6169200682869431,0.6831312947412906,0.4390616929701956,0.4107887543762398,0.6099095716528219,0.5373855251325159,0.48660504856911285,0.25035669424999535,0.5522030051537499,0.2983981908228461,0.47392919083775487,0.7609981720880398,0.5775486238270411,0.44168106397574597,0.7184513959780318,0.48507177146032593,0.38178292671179764,0.2815570059902626,0.5408197128544763,0.5784752088561488,0.47343703051195773,0.6450416859630939,0.4844266749046435,0.4043585746274143,0.5491812930720256,0.4128419908178326,0.3314680225770238,0.3977915494310952,0.45017629871935,0.7984595393443495,0.6464323821465319,0.7794413335201488,0.48851954663791314,0.6296029335606369,0.6733704153112737,0.7758586741369995,0.6901878836750831,0.8897272487805059,0.0,0.3698158525445861,0.4870696658721157,0.7988391600226367,0.6343487860213957,0.6676844153034994,0.7033713059268974,0.7388508229872444,0.39566245034626546,0.6698276577891655,0.30052557766818644,0.7685630662512324,0.5697247613741196,0.6065358541902895,0.7826234032722124,0.25035669424999535,0.5776672260342745,0.5285702817832404,0.6407056843530329,0.7349268641210338,0.3031194521251673,0.5249905723619895,0.7839996914505775,0.43340114807488395,0.4833517551011622,0.50682228140384,0.4009997869409166,0.5307047967092294,0.4475000603396082,0.8098859231134179,0.5207912786723492,0.6129975055909264,0.5170010577307919,0.47925143579620416,0.34998014827690427,0.49129008150027925,0.7155531622222091,0.7663500570063125,0.5062997967241846,0.3804477532717816,0.39653031140402967,0.6133024110813178,0.4146952155350705,0.737801564203991,0.573502032943531,0.7558418692725283,0.7546720615195159,0.7441246577618215,0.517839370462966,0.5199792281501698,0.5170133065849566,0.49292617176144293,0.5020022878436992,0.4883406234019824,0.5779262849680347,0.625377093866413,0.7118517366169521,0.4596783887400221,0.34998014827690427,0.45190963728081596,0.3884659619164654,0.2815570059902626,0.6520067429243994,0.647196639987205,0.5645651930799546,0.5313455984112609,0.7814597825516628,0.8263858013699266,0.5434775646251282,0.5456564590552924,0.47071297856914773,0.2744852863882816,0.5694428503459704,0.7465042472665686,0.5551726286049492,0.7645178808817639,0.4810347333724408,0.5083486947738912
ig_lora,AHCYL1,0.5060686785444408,0.6043986131193011,0.2760341612223836,0.6073830660631074,0.6859037085805993,0.7349533011835928,0.7741783470723071,0.46683494144453225,0.7179313312477998,0.6130452839576235,0.3917692607667845,0.4620812829560491,0.6875858964100044,0.5030189520648122,0.4227276339832427,0.3941948489905645,0.6387989910697215,0.47962066377993234,0.4595679242077473,0.7045015836650317,0.6012190251686039,0.5803914301826862,0.3472689748760033,0.43801371709639925,0.6723631005682459,0.7007952114821796,0.0,0.29693168025886757,0.7523117075906621,0.5056485965666416,0.5427909402739723,0.3778231072228924,0.5297086357434209,0.6699140270326887,0.7537142527035037,0.5764552694586691,0.7406779462923656,0.7792914883135391,0.7206547725405371,0.7934415877917612,0.719838623612954,0.561947395188532,0.41165391677776875,0.4029245144183516,0.45606001939466007,0.5505917131470467,0.7468267174079981,0.5276316085713963,0.0,0.6077623742415965,0.6094731726384507,0.5815530899795069,0.6027680560714949,0.8699274102474037,0.7507759166761878,0.4807243784277762,0.6886920047283734,0.700748087138983,0.672292189919217,0.37378365183409074,0.5491197494428923,0.5573450434285719,0.7056486476173042,0.662294206393997,0.658273899327259,0.6397118363723254,0.6418627463394078,0.6560224067915132,0.6763261380067008,0.7901359801152026,0.457873466467487,0.4241048069923064,0.7096580293374057,0.45724406401595374,0.5334000137816799,0.29693168025886757,0.6068188151948171,0.4073532382562926,0.6131003933062301,0.799756685174134,0.4354114631981153,0.3562924247438618,0.678885858689866,0.6004376946528647,0.4851611009637356,0.4008355138450314,0.5792508956944218,0.46703143589728907,0.5512759065369747,0.622128603800708,0.5007672510259248,0.5372554145403132,0.37350089216970267,0.47694286622622684,0.35708609536653685,0.41144218652883174,0.5197515012201693,0.6092524441121152,0.5914627469657607,0.656555286082069,0.5502727512067819,0.7059853626015744,0.7292202980114642,0.7937408169510382,0.568833054019247,0.8016992860473411,0.0,0.5027701142856804,0.5862296291956793,0.7591247571306586,0.6047197374881554,0.519623971494955,0.7055936300799347,0.6297467398886023,0.4509138140144065,0.7563788072817598,0.42065488915924093,0.6596098385818016,0.4327189342175194,0.5199269700316185,0.7166360195471126,0.29693168025886757,0.5837935234737632,0.6545960607661506,0.6954819461706085,0.6002481703453894,0.27242500157250804,0.3864780481897945,0.7670608584624222,0.31811176682877534,0.6204283548551464,0.6260838126663504,0.5996660856371305,0.4076677896617488,0.5276135854434274,0.7970892808543687,0.47009624006126594,0.735615004589706,0.6703426580735048,0.5650941517779049,0.5027701142856804,0.3560022474406487,0.668433239380322,0.6613920467109259,0.5939763428166349,0.6463407263817033,0.5768827498521908,0.6165561227965215,0.5368295550020739,0.6772686539803561,0.748251520993558,0.7021436768915877,0.7958961270855551,0.6886958408041944,0.5524198900269681,0.536666565857951,0.4948274067985447,0.5018027515927398,0.5643106656744051,0.5895631761113299,0.6649992280465038,0.5043657595721608,0.6353853899423332,0.6213589891752305,0.5027701142856804,0.49351151872664534,0.46034487868032414,0.4008355138450314,0.5855351317796642,0.6279733042132626,0.6474328751558986,0.3917692607667845,0.7695920141845322,0.8074998953720304,0.7097730049089308,0.5662834885109039,0.5948298948515202,0.34091651838397186,0.6659688477275735,0.6030881901051967,0.4170889863671296,0.6307382461212198,0.3472689748760033,0.37328035170603074
ig_lora,TRDN,0.4835394520759141,0.3660236618917292,0.21719858318505683,0.6646143326652678,0.622668053394956,0.6123564068994284,0.5985922059511213,0.5446824016392302,0.6310482530371976,0.5936564081079799,0.31366579521710153,0.4351371851955379,0.6373022356459619,0.31482164264769585,0.4669235821429606,0.46594676027935694,0.605750000039349,0.2831657037585742,0.46818595316066547,0.8097852118428132,0.44543170652399555,0.42238958068463944,0.28782281779018415,0.6749261071929166,0.6386258830578279,0.6778001012336373,0.0,0.22859943878439917,0.5573613694154747,0.495162168281563,0.6289031809901218,0.4314543960827362,0.5041273727386391,0.6739530050237522,0.6605410565668249,0.530514628427857,0.6649365069853237,0.6829366565314547,0.5758196120167034,0.7329470933565612,0.6804993738746644,0.5334824734520073,0.32577266325403487,0.32291987139436373,0.2867211844128632,0.5073556936686898,0.6986403791229752,0.5136382203104146,0.0,0.4145527307875834,0.5856361396447967,0.5508689423814395,0.4665754898325602,0.8476084912264515,0.6343486306572381,0.5287170245676699,0.6264660111672328,0.7111308352568405,0.6922186078386916,0.38219528321017876,0.5068236589691664,0.4829823440662985,0.6443088551957121,0.6777550843800866,0.6742900852873994,0.6162380297438012,0.6307163390473165,0.6494073794060501,0.40894820823897376,0.6669702828828914,0.46527396711304425,0.43828159418320656,0.609348300922021,0.5229073816476867,0.506366762536866,0.22859943878439917,0.6296410655032697,0.3336847615073028,0.48715850130783306,0.6583631523013321,0.4389339727895429,0.4190367513772828,0.6773509483019968,0.6121199836123625,0.5399525681547751,0.37741382464982437,0.5754059432078509,0.46911031033137546,0.5819835091807711,0.5838734323159133,0.479689785548309,0.5187979337084418,0.30986999297903445,0.5021753492847013,0.371090706173503,0.3668273047043791,0.6057527671583436,0.41172180659765506,0.5009456387502377,0.6949407829850921,0.5403350332593334,0.551934143418985,0.7365027155067946,0.7155754113289732,0.5047284972160216,0.7884449156561538,0.0,0.4962681567500723,0.6040145340612182,0.6915842504794733,0.39508156322449406,0.3777229131844555,0.7362178436587388,0.6277514434950799,0.5738413769775919,0.713036883908768,0.3005054898034114,0.4608934415594633,0.4257406847843601,0.5244762696797645,0.6120063178401918,0.22859943878439917,0.5375062755817817,0.6154033927714782,0.6955222225550214,0.5118570379338467,0.2034015867034342,0.4581255230454139,0.7490991408682193,0.483062616074415,0.6430056657869138,0.5915627059626363,0.5293794741358601,0.5813381460604794,0.538787706229345,0.7624839595614475,0.28449415594334454,0.6438498176328855,0.6286872018157422,0.5482598429327918,0.4962681567500723,0.45248255625380684,0.6036765092576404,0.49048545284386724,0.6796721629955045,0.6303294743327732,0.5959145598780767,0.8086313326356058,0.5968286907457291,0.5108032859304233,0.7570043281945662,0.561192283907551,0.6759527019144363,0.6703221503418854,0.5845489944400153,0.5976436626364555,0.4913158443584843,0.5673219457507684,0.5694845117986022,0.5740161904365523,0.6037498454574737,0.3856560314342495,0.5724368633468345,0.6107887949334889,0.4962681567500723,0.5554732065010648,0.5067645666740156,0.37741382464982437,0.5496211680184209,0.5133092927542038,0.6659719153689809,0.31366579521710153,0.7112607347208008,0.6003194543183227,0.619377967518555,0.3838354440929881,0.6208738011506323,0.266002662471485,0.688433077008729,0.42038953148042235,0.328209476772111,0.43029649528323355,0.28782281779018415,0.30232059280933743
ig_lora,RGS1,0.6081180438983982,0.5422666696278559,0.3143150708220811,0.4959093717039972,0.6692247858522629,0.6124372275778163,0.9777805197517037,0.25856335559869587,0.6319669261586214,0.4077577176418313,0.18373569449006927,0.2566095119310288,0.5889859974322772,0.4187019129556465,0.3851615744963067,0.45228222718052763,0.7861510028741997,0.4276691404374143,0.7175709710326941,0.71316773020115,0.4188618574516537,0.39634012287781456,0.1726269531967173,0.23249641624698125,0.8003583102857089,0.5549380059823015,0.0,0.3389112416483264,0.9158416741631024,0.7708687189264546,0.643773476598309,0.3408065485781486,0.369048528543124,0.809295759138557,0.7285136953693934,0.5491744001863084,0.411682806528766,0.39853194480709875,0.5824020103868153,0.48831492534277166,0.6944308016718412,0.6753976413835985,0.188169203241869,0.3118585580990015,0.3723190061349507,0.3691287959493575,0.5153388711280553,0.8571124932115212,0.0,0.44474743492305807,0.6294431406896215,0.5770641186629573,0.6849843154966199,0.8612668458513003,0.6320655471271748,0.5124683814342009,0.5471819487977467,0.8237816113653594,0.7929602687424464,0.7639266453226231,0.26442884178435877,0.3474230969528982,0.6962796563403773,0.5654818917499589,0.5602467338192355,0.5017448076853233,0.525407249243425,0.5250941046852855,0.6294539706511214,0.956625070188892,0.7673923997704102,0.6867992770701415,0.8991266784281534,0.28602034402485726,0.4864991142089124,0.3389112416483264,0.6858913098374018,0.3426377912789268,0.6879423897355179,0.6611544090769805,0.2653589180847195,0.16378065969518268,0.7222017459974427,0.6282283406021036,0.4998573006390658,0.5823134973816675,0.46601793102274364,0.2778408128179749,0.49999205412678516,0.6196435668483833,0.33490455752679227,0.83201737747517,0.1728634925413916,0.40959349235907533,0.33974568633918195,0.21407879540775537,0.5406747958920038,0.49410187627058294,0.43725364648287923,0.7112752093409312,0.4674840780353135,0.7514223563564267,0.7786501458347749,0.8278610653385485,0.35549800312034313,0.7420744531271958,0.0,0.849174298389939,0.5312505283036191,0.6195978359851326,0.5519236417388695,0.3733201773105948,0.6793579351420016,0.610161137659641,0.41100338973439293,0.76269398825439,0.36539625974254475,0.5005328133351724,0.1855078426226107,0.24291901123970674,0.6130187706999879,0.3389112416483264,0.5006338630455699,0.695362791435416,0.5737452409085997,0.38919206104151377,0.178586041170314,0.16447480413742346,0.7471745543118886,0.1384147105208318,0.5627179956392856,0.8066047412643315,0.8199995448108943,0.2465858775656841,0.4700977122343749,0.8153187774439481,0.4207964104452386,0.7442480366916325,0.7200186469138365,0.8114744865573834,0.849174298389939,0.15014109199168402,0.6296829597710203,0.5233922307477907,0.5468723965756963,0.45449727169070364,0.43832128128143305,0.3714600715483495,0.8216377396278395,0.4828963258864039,0.7292166298630873,0.5062145938936082,0.7033047726511447,0.7058794143931888,0.6205591189698761,0.6786687093253404,0.44640418841341933,0.7043596526849804,0.5596985339486555,0.8153513323864122,0.5455905397359188,0.36723054384543496,0.4587963556296379,0.41692390914614835,0.849174298389939,0.5536041586858144,0.4010742702151924,0.5823134973816675,0.37754260498393366,0.5592734278008744,0.7007144704235624,0.18373569449006927,0.8127061295457072,0.636297901560056,0.4748420097508766,0.5181973033587198,0.592582307054576,0.37858271945536376,0.5705696394768807,0.3849227382579933,0.18851785445964184,0.4320344518154128,0.1726269531967173,0.178586041170314
ig_lora,CARD11,0.4512005109091434,0.7402977053388707,0.2584955114623322,0.656540570874684,0.7268820072727741,0.7226447704942195,0.9035127854271404,0.29526648476463324,0.7646023008063483,0.5971462106173026,0.21487986362331704,0.30674241105194455,0.7030615537134379,0.5002795093979296,0.3082301388189116,0.3888285798546037,0.5289018394993237,0.5120571288130675,0.44258506667323766,0.8042717600337882,0.5023050725294348,0.48742667877224494,0.21257686172617335,0.3550989949946345,0.5413644535537323,0.4342541568074552,0.0,0.26653644417328876,0.703301162814193,0.4600106985216319,0.4705385300362262,0.32815542200513537,0.37902301163285856,0.5542968571650193,0.7856584228185288,0.5779735228218387,0.37690591857473293,0.3866754981919629,0.739495869923562,0.5294348839169909,0.7505603572292265,0.7309530638997326,0.21629552429091983,0.4437171136241343,0.6655332829850047,0.5458556862081908,0.42430821612791075,0.46807368164228347,0.0,0.5077238341443683,0.608639242319335,0.576093055945994,0.6159513440466367,0.8805690239359774,0.742142977002301,0.3759532968067769,0.6916499176905779,0.5849969555285895,0.5452033037340569,0.38675646777671446,0.5832267399407586,0.45155839736521636,0.7464782978047583,0.49932675239258617,0.49473341984572916,0.5100340380494549,0.5149697497223328,0.49173552016639727,0.762400028288754,0.899741870963497,0.4375223108324361,0.4168450415875536,0.7133412911381382,0.5461212245307792,0.5261600759306427,0.26653644417328876,0.5324421466210862,0.31120087329535173,0.6559886183082859,0.7666461386857717,0.4060696281947319,0.25257778479399995,0.7900987116063124,0.5819078648854972,0.3764623041384749,0.3582108625062254,0.5629326317575098,0.5449321820825865,0.40970383789328835,0.6979218656773893,0.5723178764212498,0.47511282175237707,0.21964281647772213,0.3906399566730949,0.2878986190645869,0.2946314488677816,0.4066744910775834,0.5360302965346225,0.6425938264733375,0.7590106518405699,0.4178756241440914,0.8143093364519864,0.806883827115201,0.8295402540653619,0.4519536506678199,0.7776955748087176,0.0,0.4559844471341536,0.4259116430625351,0.7327180185244406,0.7329569589916594,0.4775693290368007,0.736208892536135,0.5921946672664317,0.3747146231892377,0.78483973955138,0.32109585958388126,0.6867635842507838,0.21472485153060317,0.2864005805080195,0.7446455924012116,0.26653644417328876,0.7069439036510516,0.5333565927223196,0.679802750038436,0.48582413295773086,0.21115327767226744,0.20966331803580168,0.8122012693576594,0.19005595253894317,0.48831040605516907,0.642778725106878,0.49887961192834296,0.37222813172875696,0.41818410259674454,0.8234524266844174,0.5074297081404374,0.6658063277242934,0.5013495973101296,0.5072596580357205,0.4559844471341536,0.192111297113345,0.681864079949904,0.6779903308444463,0.4598060831980374,0.3768778193722569,0.39514898655595726,0.5259987676344737,0.462012821833428,0.6971559247826108,0.6309151987773068,0.6997619636261784,0.7856622293585974,0.7617739616759989,0.4888356058581876,0.4825989904292774,0.48133779867046,0.44147557472547194,0.5596163688042708,0.5286902821816253,0.7016378716319198,0.47223935174556986,0.6365017364785421,0.4492221836202123,0.4559844471341536,0.437943420282795,0.34232506940597307,0.3582108625062254,0.6258768032248193,0.66896811978835,0.550014284870349,0.21487986362331704,0.8247668588004914,0.7502333015391145,0.675358483952769,0.5812123164803875,0.5026390110114457,0.28811161019015147,0.47331372497115426,0.4901890952346006,0.21707738890385075,0.5047601331800649,0.21257686172617335,0.21414847439139406
