method,gene,A1BG,ACMSD,ADAMTS20,ALAS1,ANK2,ANXA1,ARHGAP27,ASH1L,BAG3,BAP1,BARX1,BCKDK,BICD1,BIN3,BMP4,BORCS7,BST1,CA8,CACNA1B,CAMK2D,CARS2,CCDC62,CCDC82,CCNT2,CD38,CERS6,CFAP20DC,CLEC19A,CNKSR3,CNNM2,COL13A1,COL5A2,COQ7,CRHR1,CTNND1,CTSB,CYP17A1,CYP1B1,DCUN1D1,DDRGK1,DGKQ,DLG2,DMRT2,DNAH1,DPH6,DYRK1A,ELOVL7,FAM171A1,FAM200B,FAM47E,FGF10,FGF20,FNDC3B,FYN,GAK,GALC,GCH1,GPNMB,GPR65,GPRIN3,H2BC13,HASPIN,HIP1R,HLA-DQA1,HLA-DQB1,HLA-DRA,HLA-DRB1,HLA-DRB5,HSD17B1,HYCC1,IGSF11,IGSF9B,IL1R2,INO80C,INPP5F,ISM1,ITGA8,ITIH3,ITIH4,ITPKB,KANSL1,KAT8,KLHL7,LAMP3,LDLRAD4,LRRC37A3,LRRK2,LSM7,MANEA,MAPT,MCCC1,MDGA2,MED12L,MICU3,MMRN1,MRPS30,MUC12,MYLK2,NAA11,NCKIPSD,NDUFAF2,NGEF,NISCH,NSF,NUCKS1,NUP42,OGFOD2,OR9Q1,PAQR3,PARP9,PDE10A,PDLIM2,PHF7,PKP2,PLEKHM1,PLEKHN1,PM20D1,PRAG1,PRDM15,PRDM2,PRICKLE1,PRSS53,PTPDC1,RAB25,RAB29,RAI1,REDIC1,RERE,RIT2,SATB1,SCARB2,SCN3A,SEMA5A,SETD1A,SFXN2,SH3GL2,SIPA1L2,SLC2A13,SLC39A8,SLC41A1,SLC45A3,SMARCA2,SNCA,SORBS3,SPPL2B,SPPL2C,SPTSSB,SREBF1,STAB1,STAP1,STBD1,STH,STK39,STX1B,SV2C,SYT10,SYT11,SYT17,SYT4,TAS1R2,TBC1D5,TEKT4,TIAL1,TLR9,TMC3,TMEM163,TMEM175,TMEM229B,TOX3,TPM1,TRPM2,TSHZ2,UNC13B,USP25,VPS13C,WDR41,WNT3,WNT9A,ZDHHC2,ZFP64,ZNF184,ZNF396,ZNF608,ZNF646
attention_zero_shot,CYP4F12,0.2874452269453159,0.2975622203800473,0.0914334847216212,0.3856065853652362,0.4476786831137426,0.5374722037722317,0.7222775835330767,0.3348164411506167,0.5608930867729387,0.4741024141788054,0.40294834052865586,0.2729750010966338,0.3656597484556709,0.35961549432246104,0.10137240469490437,0.39769470483562086,0.6031209305107468,0.3346667819134963,0.413145891352403,0.5911959624981141,0.46582300929373194,0.5205950075214221,0.3353746771480566,0.2833896732171607,0.6797385975990413,0.8675760653555663,0.0,0.09638527864704656,0.8026107285545407,0.5751927688859947,0.40820171692882745,0.08054740260800496,0.5696391798575063,0.6742332437840319,0.5806296572785332,0.35865018582548763,0.839364438234445,0.8472328437151353,0.48189300940004787,0.8919190797453005,0.5572497515422197,0.4180407490967178,0.43804285625977163,0.2359355125706907,0.11280306169988571,0.3899985085577324,0.8970036063876626,0.6121022586674741,0.0,0.5446540369465599,0.1986430782072501,0.12958266453610326,0.6295952669695443,0.2812418710765799,0.4949416432379318,0.539016645480698,0.4500908827414406,0.7072290523437353,0.6908250956718908,0.39607930324056095,0.3086960674177347,0.47944023990161094,0.37921927197030103,0.6152085977960208,0.6145019308543022,0.55107793128016,0.5550213477549018,0.5991948737286503,0.43748329843190886,0.5775210984387513,0.45754032898346797,0.46194900440909176,0.6212666137527293,0.19568996557680865,0.450104981003777,0.09638527864704656,0.4963118216236443,0.17924055227873115,0.4067403365453664,0.7307574383901764,0.2923252006646409,0.24026230600105147,0.49863793853618993,0.5580322116795384,0.5931406123724136,0.5563773925862686,0.3759632580163461,0.20192493631717834,0.5842322459865094,0.37152652533611447,0.1623397825013893,0.5512710919214819,0.31882544968059073,0.49490637001872584,0.11747055883652997,0.41946130050893904,0.2570027137547882,0.5506304515563326,0.3641062030437996,0.3950760252411033,0.5400509593718574,0.4666028871797748,0.45715737108548715,0.34313173737321856,0.503944413665827,0.2668779097142718,0.0,0.6069374380584595,0.6058797196702886,0.5961847392639738,0.254900321252209,0.4156835489757366,0.4908907124037574,0.4940137088124265,0.49386655449596545,0.5543605703672208,0.18453302856868734,0.5251393587737765,0.47705257885370816,0.46113458084825487,0.5432716176694258,0.09638527864704656,0.2519325984044146,0.5405545805133419,0.4586512027577343,0.5694150407519222,0.12258354268283217,0.3787878614344193,0.5983887894553175,0.24328947026027456,0.6399683066913929,0.5334493858704874,0.673886381731228,0.26198328003397664,0.5924093279956164,0.3704514150685273,0.30701875362829667,0.6091149503997912,0.7572024614732441,0.6398621795552153,0.6219867432690669,0.23473845738715352,0.44360182861171366,0.43040096051488247,0.47571784078751356,0.5945195539325248,0.6341290571861206,0.4870686712885364,0.617774672430411,0.53666838890658,0.6925266352745224,0.534411226597225,0.574933979300909,0.5837713829282334,0.574077941531355,0.5161902048898801,0.3727184328240388,0.46534645578579836,0.40193611359182196,0.6039551273687125,0.4906288319819594,0.3815398589413587,0.4605680725643656,0.6547073158606262,0.6219867432690669,0.5458323938113001,0.53024561975447,0.5563773925862686,0.3238052873838987,0.22029758589947826,0.6310015049949089,0.40294834052865586,0.44822904819275594,0.5729249282432971,0.6201952533746343,0.6095137360658917,0.41111447030791587,0.10198614989066083,0.6119835252512953,0.5557627339040478,0.4686586368264171,0.6214822784779608,0.3353746771480566,0.3896755496096109
attention_zero_shot,CD69,0.32060595851378154,0.11657580197469296,0.08367394328404727,0.306401902121135,0.35127191757739523,0.32628741010260526,0.5581635062083403,0.11165624657210023,0.2923421998867103,0.14293779823028635,0.11612541994074509,0.11351200469929115,0.26057378237320356,0.1081603178386615,0.09350549430699813,0.5121263441572445,0.7535613242857893,0.1111118843038245,0.6028745384664737,0.4536874347247793,0.10864283739623579,0.11173471026447294,0.10967913975091433,0.1408824676123695,0.8277367829822168,0.618249513839403,0.0,0.08734704236499788,0.6054058566410893,0.6579242939004819,0.5054748590655338,0.12374721217231989,0.3672165544684998,0.7265257939397328,0.5186740361891816,0.3331594422416171,0.4805323213848253,0.47723777598911743,0.1654156949028547,0.42514594499378133,0.38507039442630353,0.4633016707470555,0.11907220335212379,0.13499277218869735,0.1016556147565875,0.14570375793261944,0.5575877853257395,0.7817011599231152,0.0,0.12113111255823579,0.207321305817891,0.1135274186481754,0.5608077806007875,0.25664583080256625,0.2551069606662948,0.4687865551439059,0.25558605019022085,0.7626301882687,0.7636029292752705,0.6081979287931679,0.15195331141763235,0.11873778698026492,0.2722641644096974,0.64223242651903,0.6375860943959005,0.5766624911118574,0.6061196075395348,0.6070060830927098,0.12626669632298226,0.6179396824099361,0.6017663102534012,0.5202252679453558,0.7611164214128597,0.14834387839413118,0.2969252961238634,0.08734704236499788,0.6535165841300952,0.08991213288889931,0.35469790208912155,0.31922303316300044,0.15350650786757375,0.15858038124430682,0.4033280703302061,0.5450235318131562,0.5536470850083329,0.6499945649733769,0.23056937417868478,0.26230699899017956,0.5120504732237741,0.26420561537723636,0.11991488270227788,0.8043051907979074,0.15960151552897398,0.4431964504727299,0.10342468558502887,0.3392527831683883,0.32568950698535126,0.11883053934680315,0.14693038285616983,0.41603097109186654,0.40817994447601047,0.38896907278827053,0.3676476411113785,0.2753238420423455,0.1251429144143731,0.24366592240280488,0.0,0.763509589916708,0.5177857516544981,0.30497523373721314,0.11470375601786466,0.1319364519217248,0.3794780335223508,0.3895576652170712,0.38869421729603104,0.5164338548280011,0.09452737524980316,0.1216341519397541,0.12370411220467432,0.1220073326842478,0.3635080112013535,0.08734704236499788,0.12042186981043154,0.4826880233658898,0.276130585630156,0.12848411215775085,0.06832897249137973,0.14446123273707268,0.46948380867379613,0.10441322454906557,0.6057540267036823,0.6651944323521174,0.7336440412659748,0.15120307434377214,0.49665772882590903,0.3089993446017043,0.10831367601000721,0.4878119589586485,0.6869067231919415,0.8422293508038583,0.763509589916708,0.1499011380267735,0.2655260242043473,0.11984550367705284,0.5546534675097471,0.6246322274308959,0.49123029318203293,0.285993179712863,0.7544206355914557,0.2161555453913782,0.5336149148113712,0.12394720594656736,0.313600908148362,0.4877669427163052,0.5695609265322319,0.5020875830847388,0.24034800718459212,0.5342814572906567,0.3567049714695319,0.7871266285502924,0.35119710670280513,0.09738187469371183,0.11919502607849437,0.3981223958937069,0.763509589916708,0.5005972791001179,0.39086640516246524,0.6499945649733769,0.12366473851515401,0.14648677099938615,0.645305356183026,0.11612541994074509,0.39037078012976384,0.13221940568135845,0.34745767154261215,0.26146845489254567,0.40089488596293765,0.09342167344416105,0.42965438214204066,0.11844464502268037,0.1208677558853528,0.12843349103240065,0.10967913975091433,0.11415458620468973
attention_zero_shot,CCL4,0.716717181752626,0.10512112709539996,0.8299365015363983,0.08899383938713387,0.08223446952852173,0.2893644510328099,0.110136926450358,0.09010369367456013,0.09511465748152587,0.09146996296613205,0.10286563214616085,0.0662284233274398,0.08882762297928308,0.09606975471410292,0.9373858051724274,0.07880767560354471,0.4625239573278531,0.1064779765429812,0.08273917276848493,0.08580040706692632,0.09676665447395032,0.09417183791156956,0.10536590819561711,0.08590969384156823,0.10080322371395518,0.10353961956276232,0.0,1.0,0.10797060616674777,0.09925392191997895,0.3564485741537582,0.5414773894635766,0.08404657049332949,0.09969004842083667,0.09008092463228103,0.40272089063043087,0.0888009568531118,0.08815951583652207,0.09584306094302662,0.09391950635481623,0.09422629316338464,0.08338981668564514,0.10305796107304209,0.35191447322955777,0.09901530458128444,0.08651330988164234,0.09789581333094458,0.1096362072969912,0.0,0.099028187950058,0.9217877256610125,0.9944501737673477,0.10857949434982898,0.09290753178774538,0.0939380055051474,0.09586519587554193,0.09229729792488263,0.10043993074245051,0.09782681448587202,0.09814062774210815,0.08500382530637653,0.09529113892987288,0.08205139246585676,0.07685525165772347,0.07671768470475583,0.07076812263224863,0.07167561023231324,0.07526457976296817,0.10498544215064186,0.10483995183503673,0.10225854152763726,0.0939856983244024,0.5732216496039243,0.07544572928736117,0.07750301919451863,1.0,0.07748329612834252,0.8660511011086329,0.6298991719090811,0.10141444716870851,0.06778715696675162,0.056967827952011246,0.08962119594338722,0.08680644445032534,0.09668687220465344,0.11367044370803833,0.07101940315475037,0.05796242650264192,0.09655576518782502,0.22242533114019647,0.06590312260428732,0.6397945350974333,0.0878049234963476,0.08109892102734223,0.7346741181593832,0.07107227792174751,0.07489479614477246,0.10060336216841369,0.07386615864677797,0.09227187943763704,0.08865436922590324,0.10247177792283088,0.09272281577566201,0.09142280539199119,0.09795843672357561,0.09179342178636667,0.0,0.11148523231872114,0.09814675994329879,0.09912857641287862,0.09987066903986659,0.08875901121434016,0.0959793490913407,0.0858183193950394,0.0881356729841559,0.09520204127510118,0.9344271552513473,0.09804871587976266,0.10247018309742689,0.09904538598325859,0.09313674006432263,1.0,0.10211993267999782,0.09240278722161037,0.08297681457282254,0.1044653038110247,0.06848846837209636,0.09424777186174552,0.09544029837186534,0.08760201587751867,0.08335776372478623,0.08322117957305195,0.10953381464653963,0.07435902355939517,0.0917807075080936,0.0914763397409074,0.10247697537424141,0.09090863363914316,0.09253208239096955,0.09716592288571577,0.11257783801337973,0.0700363644409041,0.21051419409294037,0.09462433681832638,0.08270131599338582,0.0830093808764607,0.07798549447207989,0.09227943495089998,0.10682824783137675,0.09482396905102215,0.08977731402324649,0.10129040124049155,0.09748831204075802,0.09046453695985472,0.08527049554380639,0.09283280421900653,0.07173230803278066,0.09560203147238795,0.07767023781749076,0.09340219471661379,0.07654799238356524,0.08369165180097048,0.09337695184532654,0.18781139363948596,0.11257783801337973,0.0834875236143067,0.0850073578025127,0.11367044370803833,0.10191307008617204,0.0816168933023588,0.09111277187610912,0.10286563214616085,0.09281816934812512,0.10318426785616049,0.08176613669010392,0.09146408879744734,0.49799622596697196,1.0,0.08252025112382394,0.10113175983220561,0.10536590819561713,0.10432058109135416,0.10536590819561711,0.10536590819561711
attention_zero_shot,IL1B,0.7520640608723905,0.32062468308890935,0.6951264497174868,0.2661247565399474,0.3756854764170739,0.6309442132643401,0.347310149416606,0.19101819010488025,0.41281484365873494,0.3652836715232672,0.18218830052339902,0.15151111037274737,0.37912573632157787,0.19349394344472212,0.7528960206757137,0.20936862714187118,0.6159866081780586,0.1645666869895042,0.1060689016298157,0.29446317876881306,0.2218622774501279,0.33958189179610376,0.1629413618460773,0.19094913343977032,0.17356234131059442,0.149495931052401,0.0,0.7433085992971393,0.21179962603178829,0.11470337003675209,0.4857015134166907,0.5721337122990756,0.19262720036077044,0.1816795634195797,0.28165593091573754,0.6990383863087084,0.14716452307622824,0.16125589202643392,0.46070710226858996,0.2064694078613382,0.3603606247824351,0.19576607024112017,0.19199773304650616,0.5645201343994249,0.24301764917822916,0.33616005846529556,0.1580476072658155,0.11889162089508845,0.0,0.27989004200333045,0.9054834497775096,0.9610138239850929,0.16762947739392942,0.6608498043214606,0.46341932997108054,0.2873329438293955,0.45466304801134433,0.19009869911567512,0.16594884602949084,0.10267280271373384,0.30605261222927216,0.25275401159536803,0.42051182014212274,0.15421634925146094,0.15467297411455375,0.18153217369100025,0.16264894101416935,0.16764409230651367,0.3940706632955137,0.32078627503954066,0.1151357046352924,0.1140881626096553,0.6576615090917889,0.27084351336077783,0.2779917683223195,0.7433085992971393,0.12353914254519664,0.7916671387227188,0.7560787351268229,0.3984417170807085,0.1880956277068745,0.15788297866964107,0.34679099348019854,0.2646638258950404,0.1762518498684763,0.11832347995336609,0.36563671470460185,0.23979366082943077,0.15121659420914807,0.5413926459801256,0.2416368743926409,0.6453864270414147,0.16402060753119252,0.1452764191586553,0.7279927083498854,0.14426274580032958,0.09753110287732708,0.2726962394791332,0.31733529959371043,0.3051506475042797,0.17852605044600894,0.36456199584184484,0.39417251222442296,0.47798014104556835,0.27206404387591254,0.5530974006635158,0.0,0.11918224245655364,0.15897488015416328,0.45729943379229343,0.3264869869399251,0.22513495610101608,0.31784269425449424,0.2101548955702542,0.281652957618678,0.2964434407446842,0.8181208210028765,0.3791910464461624,0.20937860325565574,0.21778244697989144,0.36890553856073355,0.7433085992971393,0.3226070430243054,0.2463740515660696,0.4074975737084471,0.26356480647316705,0.08288765893224359,0.19090478895602364,0.30852831339131626,0.15744217019470483,0.1925065496562494,0.11790660332395166,0.18874238552591946,0.19055746714700914,0.15403301688561272,0.535696013502587,0.1618994937422075,0.19538599108310034,0.17607077586309444,0.11461662856226101,0.11988553524191489,0.155238240473466,0.608829867545479,0.39636175942079105,0.184522530765037,0.13212833112265077,0.1337866834492093,0.30621291840494536,0.11809811610914177,0.37584594306771324,0.15248898041779152,0.3760236776085485,0.4211446437165267,0.2726357782525842,0.20300385351226022,0.239808605705516,0.3101247888124359,0.1715601043850404,0.22013745733737697,0.11378557490404519,0.3693759933500748,0.22685215203328168,0.4471858440271535,0.4819396397334151,0.11988553524191489,0.22472603430629073,0.32232235682699595,0.11832347995336609,0.33189107498200643,0.4153120881614616,0.2277528344346438,0.18218830052339902,0.40294942566674613,0.48562270430018667,0.3741162349798119,0.26096359812265585,0.6192394517039058,0.7653107193573845,0.20432385346096046,0.24124353644303634,0.19493345687426022,0.2854866634712699,0.1629413618460773,0.17427189550189207
attention_zero_shot,CD36,0.6040423437065747,0.1103011362151634,0.08467498197332626,0.5441587880524807,0.601773723753296,0.6013900433881343,0.6486921617446034,0.24247896010645095,0.5416672801836449,0.17861274483219333,0.16632149132773572,0.1423956753337698,0.6339525457828198,0.12030122211517245,0.08656273342842029,0.6049978444931879,0.7497508386902267,0.10941935635006517,0.6532687632254055,0.6801330188271882,0.1573967638154549,0.1905345752324731,0.15871560088063164,0.17181351867068206,0.79799402784189,0.627819153488891,0.0,0.08520641900852041,0.6844127727470184,0.6894976784334961,0.6353855744968618,0.09771364380742391,0.575947102080948,0.7405694620782651,0.6391640337354377,0.6196045510063442,0.5939592284890184,0.5967150622104935,0.17554088183984093,0.5876894729564971,0.6205285791181075,0.6165966508457207,0.1703837092309225,0.14898792202619748,0.10079411383065164,0.18269022243666252,0.6193490828689976,0.6916323707297503,0.0,0.16543818434294283,0.4310933284705141,0.11233001075732604,0.5792530949419175,0.4231306317988047,0.6303094075825871,0.595169736296609,0.3320203811354941,0.7569502785315151,0.7527971261349278,0.6509829121622823,0.18395576418019716,0.17516943618739744,0.5788325695795609,0.7781758729776089,0.7765684517673017,0.7185200389770324,0.7279180631376181,0.7662927109613052,0.11254405829756414,0.658480654702557,0.6592454493139819,0.663423982577599,0.727808216143739,0.16202158546427642,0.5984309892214444,0.08520641900852041,0.798260364279,0.12491606263836358,0.6231340957172607,0.5672449099164859,0.1744144424155335,0.1843112602420059,0.6232944405443527,0.7508581951727245,0.636173381777645,0.5923342001871027,0.5240392835826433,0.18527271083808614,0.703623794164759,0.5209195375305654,0.14260501520802188,0.6984639239074951,0.16865162838551645,0.5876171610824366,0.11331825737711838,0.36388404124700946,0.5732785650753849,0.15758279567580039,0.22498039718793508,0.6359580849320629,0.5936963425078047,0.5350020249298263,0.6052930094890246,0.6269509067960687,0.17821528272623316,0.45810328380702237,0.0,0.6874081566301578,0.7125657905282068,0.5352729604801475,0.11020267426693664,0.16505165729190138,0.7080921334320889,0.5744860512002552,0.6104679932655546,0.6648631603603986,0.1257775745457323,0.16689789765266203,0.17822397600813117,0.2603968642851209,0.5704629913296639,0.08520641900852041,0.11139047411745545,0.7699699027867346,0.6385357113338257,0.17471836327359108,0.07938946496164832,0.17818834350334792,0.7323471024824868,0.15610613363771136,0.7412179504094364,0.6801975910907286,0.7204082189363754,0.1643919084139081,0.6112326690449957,0.5284926093949714,0.1090490809277495,0.7576795120237019,0.7510369636700237,0.7220842160895897,0.6874081566301578,0.1724277727362477,0.4851700378481531,0.16412556738757855,0.7285741619355105,0.6352250072807971,0.5984678191539019,0.532253800143503,0.7100637950243418,0.1869369955172703,0.6885007975472898,0.23057111378638306,0.56846351804684,0.6575462522237799,0.7162979325475661,0.7046289044018128,0.6439314433579479,0.668722723737853,0.701259235283542,0.7395348039410389,0.6783017339289232,0.16097748529947775,0.17325092096022882,0.7333231758712179,0.6874081566301578,0.7047981838556914,0.6128033108793014,0.5923342001871027,0.16474697926145362,0.24242519652966332,0.7395442322354362,0.16632149132773572,0.6721553036787351,0.16805342394003392,0.5858822590465462,0.313642361919262,0.6413244635144485,0.08636036595579816,0.7414129648431027,0.17229831240536966,0.17138176589225879,0.1747073304642199,0.15871560088063164,0.1630565870113771
attention_zero_shot,P2RY12,0.5419725406564039,0.12925441155143855,0.09538532143754136,0.48359213286204994,0.5025024602310817,0.4234111048575605,0.7535909917011083,0.11966728224248928,0.4470102396603005,0.1252424344642254,0.1275719192490094,0.08350588167479917,0.43707747873923103,0.12302030728605144,0.09925561961947546,0.5962541466704492,0.7967054180336659,0.1280635095572223,0.7156529021477307,0.615077769443054,0.12329051823829305,0.12318924197139787,0.12638806805982522,0.11840789492587375,0.9114310774420059,0.7384693141668225,0.0,0.09769210091196993,0.8101263163632412,0.836152970639487,0.6488147537315733,0.08272238244852426,0.4912212919910324,0.8317672525832661,0.5930753677470347,0.4613646520928891,0.6131210049709184,0.5971568509856827,0.12921440677695015,0.5795534175177444,0.5156261460246151,0.6087614060014807,0.12869115612566187,0.0923299413773902,0.11700863165124994,0.11778966907302661,0.6840209127311796,0.899102323149874,0.0,0.12875847903388352,0.29165956123863823,0.11534405601608294,0.7241805577372082,0.3025989673681719,0.42066719684087056,0.6391368177925978,0.2531861870955983,0.8467248717587217,0.8451355902095545,0.8159575535444018,0.11557524876965612,0.1260277177124681,0.435102493523437,0.6353555207325177,0.6312118334681144,0.5669270919511401,0.5818820091490611,0.6045384475178738,0.13289475681749074,0.7622835627251606,0.7936427608057639,0.7609933589952297,0.862585089448027,0.10601605067329929,0.4721958541076487,0.09769210091196993,0.7404673962680846,0.0974733422378392,0.5853442248237725,0.5078996830439809,0.09751212801228908,0.08373135064065591,0.5485348794449805,0.6805505774794502,0.7011986821488974,0.7822097671657194,0.2714877913306734,0.08917609343880392,0.677200636888575,0.37561747427004216,0.09112518594501759,0.8375964431843163,0.11661717241239881,0.581448339656214,0.0918581524316857,0.3098609881258554,0.5078698813983191,0.1286046662543105,0.1054951897970434,0.5864642642964754,0.5664055729695151,0.5711561585971532,0.5314746772085188,0.45361607904876144,0.13000320846310787,0.3358854227262802,0.0,0.8947154676346512,0.6744826476747521,0.4002196481046505,0.12668463266640523,0.11832103787833592,0.5653623441731109,0.48592531871989136,0.5709788324731276,0.6563257639374759,0.10005787795994538,0.12861188822327693,0.13036721847085425,0.1284127663588139,0.5012867732013202,0.09769210091196993,0.1295227415217884,0.6910799578623983,0.4050368046249986,0.13376761211042107,0.07634928487578647,0.12376923583815662,0.5970760286979742,0.11594568435490539,0.6800203764358068,0.7628615068823981,0.8674942901728051,0.1046757150770956,0.6454318769479538,0.4067718797965547,0.12592380916714752,0.6285581736261475,0.8326119367418966,0.8743309282290251,0.8947154676346512,0.0996782435096448,0.3279832781500075,0.1260753162914745,0.5696421066919413,0.5847727332943946,0.614292934583478,0.3488949492379268,0.8791291829950744,0.12530239162056742,0.679577457276408,0.13076941170511167,0.5062210325564156,0.6161284337967364,0.6922078428356111,0.7053074886938545,0.36754068123499295,0.7252898933733897,0.5232068823680126,0.8357107804726357,0.48360605250802474,0.11223225683853592,0.1252954637747526,0.4954027610561437,0.8947154676346512,0.6647575737249841,0.5563643170436188,0.7822097671657194,0.1301053449355676,0.19847985486132425,0.7352633094868425,0.1275719192490094,0.5395888487804544,0.13536204597297852,0.5000682983870522,0.3103042342457978,0.553767601773869,0.09968939376147849,0.566187901999878,0.128779530509102,0.13004618148097863,0.13373687785574415,0.12638806805982522,0.12772356978500823
attention_zero_shot,PLEK,0.5927437838421398,0.6456414276458977,0.27393403170611547,0.3522732133007627,0.5475481296576967,0.564480371437402,0.8983017968658359,0.11688870163911363,0.5862201199849707,0.3744400192095916,0.12937500722965478,0.08016989687734227,0.39191179541827365,0.38031196607239504,0.5466540812143867,0.29575157808041014,0.6864210157618446,0.4483315581430165,0.41793162268164846,0.566001611309468,0.31597270999669325,0.32006093493884635,0.12709153724943634,0.172769606328322,0.6594071843713352,0.5384009913886719,0.0,0.3976363245420639,0.8234646953973946,0.5995077512673643,0.49670094477884147,0.40928390856259395,0.3109733924596704,0.6825497657634394,0.6118277848644864,0.37861455663674276,0.42594116891678996,0.4306121814646537,0.6080703583304293,0.48053294159444637,0.5596166956728057,0.4883377835251502,0.13146322365123927,0.23726302101729202,0.3349834337745977,0.29682427818112306,0.49211328294663403,0.6607799315750676,0.0,0.41209074741037116,0.9241302289003098,0.9780010905537573,0.6839146679482092,0.8093738962087025,0.5100573617081048,0.3895776630810476,0.58973015445851,0.7013749502757424,0.704836810442294,0.4175920235198023,0.182497423161378,0.2730225215967927,0.5772921290329192,0.5571109710194533,0.551283483796025,0.4774857026756934,0.4933783033850685,0.5235936980687387,0.746886734032784,0.8783828540705729,0.4763055725729179,0.4486131923221271,0.865949905419732,0.23972834005904267,0.3388596529063524,0.3976363245420639,0.4730785724502834,0.4412834977120853,0.62077794780994,0.6018865571299794,0.1683356057589715,0.07380482406196684,0.5841229973673335,0.4193958298587855,0.4691841033553826,0.5293129801760146,0.3271106564868628,0.1632512275745797,0.4246163050147838,0.49761151615640625,0.196154192795844,0.7072192899057131,0.10646962748037808,0.34718792900514367,0.4029451700659986,0.2285056387509623,0.2641712362397276,0.49275717178444634,0.3432557788372841,0.49918120823804096,0.3103149722715259,0.766786023674464,0.6210590270055393,0.7338930087612819,0.2943013615837735,0.7193973402175865,0.0,0.6299417435364375,0.4365628798881554,0.5640315450553708,0.5875976621149123,0.3117563514859759,0.44057954819988027,0.44142533266639955,0.31777660619847276,0.6053256064576671,0.5144329553539789,0.46995289426681397,0.13392572236747005,0.1299877207327483,0.5766708179764589,0.3976363245420639,0.559946076457159,0.4224048079477967,0.39977936944172743,0.35087756349260246,0.07706524687398132,0.12233600066353806,0.582616241788768,0.1105056456757168,0.5744655291383746,0.569392609246943,0.6183277444326125,0.19695064671675047,0.42779822330792405,0.7515872679996305,0.40775358516775373,0.5478122644998578,0.6746950843862678,0.6894315938468304,0.6299417435364375,0.09116769915598869,0.5433275947275588,0.4732194260399304,0.43604619891953195,0.36356723380090683,0.3461008674650879,0.3518792672949861,0.6407025383215921,0.4381413684020445,0.46826333845412843,0.48427204699114673,0.7079244112258478,0.5812307305761024,0.5141210940799834,0.40028356443680085,0.25514670447864557,0.4343711959489492,0.29985494332922424,0.6633028180428958,0.419120223971369,0.2653434453553111,0.4185608487575543,0.4434195297427207,0.6299417435364375,0.4284240032251359,0.3297181132085028,0.5293129801760146,0.3487407497108839,0.5684958264493214,0.6012095077408967,0.12937500722965478,0.7266177657786252,0.6828697941179477,0.4495469139989071,0.6145402652980703,0.5018979504634943,0.5482272434065479,0.38092190868372594,0.32652850282517204,0.1345484646237723,0.40352162872130304,0.12709153724943634,0.1301295446982399
attention_zero_shot,PAX3,0.1520761367336305,0.12249061260841525,0.09156914757918282,0.5331598152283122,0.1612611037969464,0.338294250330855,0.13414017077728124,0.7616669383678409,0.5648937255418578,0.7110220917799781,0.48072761447196966,0.21822102752555214,0.2215321427116129,0.14587835322604173,0.09552858415148824,0.15233739562208234,0.15800167247390368,0.12162094224676974,0.10618487195843314,0.5237570950984741,0.2545887192579573,0.35140350484128446,0.30455127721812897,0.8312916588879594,0.1598462996007705,0.1781068263383546,0.0,0.0945553680188147,0.1310259438926627,0.12143157370253031,0.1016159996472612,0.07664970036728558,0.31974903766668217,0.1646390822234206,0.19995430198795242,0.18876709048447524,0.17246695520938643,0.20011476382742938,0.5990617387587686,0.2198465075102547,0.26296425244370547,0.10845666948620962,0.5095760803346381,0.15642815587453743,0.11189637679462576,0.5514211524688972,0.19634478568409774,0.13120580987848007,0.0,0.4218071401637032,0.15209362063104911,0.10673681468185904,0.1295423128230374,0.15729320137322325,0.26838141363253337,0.2093426962025531,0.541421774302058,0.1730550940280973,0.15114786076894948,0.11248657748656879,0.7502236005949285,0.7369627935568851,0.1566324511102066,0.1260910510579513,0.12631223255289523,0.1295275819934283,0.12136614004200706,0.13140861782487312,0.12563923377710956,0.1295130338771347,0.12351494200383165,0.11848203867415281,0.12735897585582676,0.6222886425805363,0.19569924720996856,0.0945553680188147,0.1266316723548452,0.14941221320355236,0.16263046747259627,0.3025630440902373,0.5529154379160606,0.5006811270850466,0.5828894918752258,0.19323773928839608,0.16300579144044441,0.13275750910525866,0.24888843266313776,0.5528144298660055,0.18596750457248298,0.16212599046653925,0.14563583865400664,0.12854596838205917,0.30963046359140034,0.17260684287330733,0.1079735084361066,0.18494908285879538,0.09353965770098333,0.24965040616501924,0.5543385603378013,0.6281923827055972,0.24606363891005587,0.12647319414934033,0.4518340721209948,0.15126922872327198,0.8233356666066172,0.3630060702922075,0.0,0.1325735534905938,0.20284823148244038,0.62855170821728,0.11894029784281358,0.26923554595175914,0.6970887778072975,0.4017517533316277,0.5890435760808636,0.20065975114136897,0.152460772961189,0.31847086341510206,0.9185384602061979,0.8996850113408397,0.30111962483109406,0.0945553680188147,0.6951137303495142,0.22471968278701174,0.4242080853895729,0.8806857955461187,0.10254886437202769,0.8536361205679164,0.5211708171763374,0.7852035380105684,0.1379664549415366,0.10682513305490028,0.18275658225453575,0.6796577766409004,0.1897751300965571,0.13915290076851666,0.11875283484688114,0.17257260083101256,0.13950738673568275,0.12056828035244203,0.13394059572047975,0.7297672393213759,0.20381909332945342,0.28090173599735,0.36005601569134793,0.1423854639581419,0.14787587809953437,0.7395327651095234,0.1289959707806205,0.3397531750967789,0.1812303527510813,0.7475288373168508,0.5561648661689167,0.45013517113039775,0.15776730464470243,0.19520822415320283,0.19179782595615694,0.14352799937883437,0.1677713410350418,0.11834619747823728,0.20703629806820412,0.25292002118028195,0.6703866687866455,0.1821005000810987,0.13394059572047975,0.16173400147792247,0.21723421331227508,0.13275750910525866,0.8398674250204601,0.12888774026641228,0.16225874150262257,0.48072761447196966,0.1475869438713582,0.29435231973384673,0.19775360180778817,0.11297266933294675,0.13926167978262918,0.09635712471494845,0.2142851333634878,0.4053725245758452,0.4272775224149297,0.4822959122069049,0.30455127721812897,0.35091452540358703
attention_zero_shot,CA12,0.4277674359212358,0.1321597907566175,0.0954272888631398,0.4109779603912524,0.474679741902348,0.3796587680591523,0.7020606606919826,0.11852495090988376,0.37080269553133033,0.1252873570556418,0.1302056187547605,0.08173939744423263,0.35798622982672457,0.12187424424097912,0.1013366937471335,0.5396297741756304,0.7742255796515307,0.13052276516807504,0.6522034639404974,0.5345531413509521,0.12229644885385663,0.12234841214374588,0.12877144373053956,0.11716104659331633,0.8566696386576197,0.7538044790233296,0.0,0.09946765022885634,0.833899967721747,0.8888500837197406,0.5972178852696326,0.0802567112666031,0.4350917377904185,0.8311957713378355,0.5541870632593147,0.3893987861629268,0.5797580441938985,0.5634530387833615,0.13055047415898338,0.5327716068265012,0.44890376408433896,0.5715140564898966,0.13182081779035434,0.08251159798075323,0.1189947508434606,0.116481414020259,0.6731000646187908,0.9245727248081825,0.0,0.13034450460575644,0.19927365322544613,0.11480771693540272,0.7336162002153577,0.2745850674964826,0.3440942284202216,0.6058055196448399,0.23257011642338885,0.8434159444385089,0.8414339983671171,0.7835190116787999,0.1129419805758167,0.12636347483233704,0.3707595990323898,0.6104597057714979,0.6055288159711371,0.5225534485276419,0.538419685032207,0.5768674858616132,0.1370437589975964,0.7253569184230827,0.7582002585418661,0.7282213881648267,0.7779925958824155,0.1001963831140076,0.3985488424534438,0.09946765022885634,0.6029731640738915,0.09868195247130548,0.4730843006950433,0.43532252794218274,0.09022063912449442,0.07710740018890283,0.45194858843666413,0.5703972557828361,0.6968023359370913,0.8367399237949439,0.22980041804111856,0.07952951096344972,0.66009944318601,0.31017143803199215,0.08472810411950929,0.8275083905481168,0.11220853466604308,0.531340036698177,0.09029820520568962,0.2929399494099247,0.4155452946074553,0.13048244401861483,0.09897433549622008,0.4918979558341248,0.5078657607779177,0.5145597677986804,0.4501804330808085,0.3520807556374519,0.1315380050793958,0.27689319078936336,0.0,0.9191850622944813,0.6569725256820848,0.32884659189954984,0.1275997526477819,0.11528951620880605,0.4707680119898468,0.4345939800276573,0.5143098991693718,0.599984107436321,0.10272028953709636,0.13000263690648875,0.1338133010306942,0.13043273986193918,0.4388219376636902,0.09946765022885634,0.13188655913358108,0.6119440600912704,0.33245584673483336,0.1378933349892721,0.07740517369072124,0.12389531404686331,0.5386715130681623,0.11323511151624857,0.6511170765166799,0.7339897662799457,0.8735932731778681,0.1006879251074921,0.6179728706427537,0.351307250134839,0.1265733515178731,0.596086571403296,0.9034039697913836,0.9383712504590566,0.9191850622944813,0.09432396129530063,0.2778989057276478,0.1263805853690628,0.5218071821873713,0.53799892390726,0.5691934812314002,0.3004550763752486,0.8917727932126638,0.12540247117918044,0.624623396311354,0.1333396582576309,0.49210262798502963,0.5643076262124712,0.6473595307764068,0.637202614432377,0.2998557998921536,0.6661771012177031,0.4398456895301757,0.8278579530051141,0.41099635420914765,0.10742269589066937,0.12536232001466363,0.46997030224217007,0.9191850622944813,0.6007928803935255,0.5012344301816902,0.8367399237949439,0.13324600937028022,0.17915082373647115,0.7072506146639539,0.1302056187547605,0.47698208165286166,0.13907159155142598,0.4392647067916552,0.2877074997460026,0.46213519949646836,0.10230820892469274,0.5008335578629947,0.13087303052699562,0.13427047813585283,0.1378480424034324,0.12877144373053956,0.13090995711038358
attention_zero_shot,EGR1,0.18374987867725137,0.30546179827338965,0.09607783521645624,0.49683832473242134,0.25816892388808,0.49838279119749435,0.3642423228619062,0.7159890715562771,0.7576000563740642,0.8620002554775847,0.5038034761002511,0.22650635226184676,0.23771464160938285,0.3415241813501737,0.09807960691868112,0.18452752474623998,0.1927656311776207,0.3184413249095552,0.1211570844123944,0.6869260112904094,0.4208170328677058,0.5591526920364233,0.3813630056691918,0.8648112599974264,0.19326737931305393,0.2161421170185614,0.0,0.09783705480898584,0.34327719842395116,0.13120944014534003,0.1145368819641824,0.08223550103130478,0.35874184527378217,0.19151748986077893,0.3570354549986405,0.20703097467404266,0.20414462927595312,0.22162389838549618,0.7946771676799244,0.3609335340429868,0.43062854827113717,0.14787065454553897,0.5198098155808882,0.28665409953844423,0.11732162060919256,0.678212039324952,0.2239042774589721,0.13806792596715053,0.0,0.6701295488022231,0.23587773870703,0.1384501017155931,0.30636545387359415,0.21014114381805396,0.4230375842114357,0.219564407587568,0.7018972287706139,0.20566168670520485,0.18199671659855785,0.11860063175970734,0.7048134252140175,0.8376629199681305,0.2655091166448894,0.1467777558228337,0.14717530601249226,0.14685837976080923,0.13981882519416386,0.15092240543712013,0.3632918284428319,0.2659225049289614,0.13324326064137804,0.12953759228656378,0.2717761764468196,0.6156620622418021,0.32531012328392317,0.09783705480898584,0.16462731867959812,0.18512463299089318,0.33026595712073714,0.543034710696642,0.6681999805562794,0.519115857093482,0.7406914036635592,0.2202254777924275,0.1988978595774124,0.13947322614861732,0.33244070329151537,0.565634045733548,0.21805796205549235,0.32045272606116426,0.17655153457343764,0.13611375965447547,0.376560038435606,0.2069733047983338,0.12593694903855773,0.20778273881408113,0.10771157058058466,0.5684178275529324,0.7279254405026241,0.6197525445788424,0.25614907233768275,0.2899739441992602,0.5668366807588365,0.2944049098016352,0.931608550283203,0.4071291916883148,0.0,0.13903650723921315,0.22759183490728027,0.7938315094943466,0.28629835395364844,0.5066692150013035,0.6686028821330091,0.5294972391202467,0.5289921188555701,0.2213160756763416,0.18696246232303876,0.5653302069905936,0.7967034425629362,0.797124596482386,0.46007841933689164,0.09783705480898584,0.6837953375379485,0.2430340459914502,0.5187342354047585,0.948124749880164,0.11022057960030006,0.7644831426064774,0.6473297531494653,0.7486252776088211,0.16157905708311693,0.15256740591846443,0.21588697099348636,0.7883689433344598,0.22001152853035033,0.24267468074176693,0.30989758127264283,0.3390753483289134,0.16796553063393074,0.13022110120827762,0.13983357239595587,0.7158437899749736,0.3778595285625558,0.5009489151926689,0.36821035362874976,0.1853746745517581,0.19482917334836722,0.8012266544383377,0.13657597354945858,0.5631722767151792,0.20840109747244975,0.8850918679908119,0.73955570285433,0.5953914402867968,0.19035487097954126,0.22568089835890218,0.2723840466846211,0.16827714723819934,0.19851980871879332,0.12813660673578897,0.34375117104074715,0.4719308642763299,0.8123934879759926,0.2544162885102589,0.13983357239595587,0.19743401661153243,0.22890728702535743,0.13947322614861732,0.7508763538255846,0.21861447035552872,0.19045474622222464,0.5038034761002511,0.2773092681859992,0.5579018811931563,0.327321994723908,0.39068368007619825,0.17411769794100715,0.09867327304130798,0.22844487173871522,0.5903137375082786,0.44322670510227263,0.6978109771388901,0.3813630056691918,0.40345718403814923
attention_zero_shot,EYA1,0.1824303690328991,0.2938558051481582,0.08615142848032258,0.37548194596439,0.25983962348536593,0.43744155127254647,0.3624477027684259,0.6305601634001995,0.6642161640119882,0.8059893014662399,0.4414405408534975,0.26640688616693287,0.25563519416180075,0.3794026069782179,0.08992871752024956,0.21304128901867525,0.1881937503069921,0.3087301339175221,0.16295057193826215,0.5761535926602201,0.42912098161270756,0.5776341978963171,0.4065377453833895,0.8202781845023916,0.1888921823743085,0.21509542489790268,0.0,0.08786150421313539,0.3376747125346403,0.11874134702855356,0.13005132884941759,0.11636497029495162,0.38851258552091467,0.18770296521290314,0.35920451884904825,0.2174211515054856,0.2017312558140211,0.2215691970143394,0.7143513704445933,0.38328887885426166,0.5077559054766834,0.15418310619599354,0.46292359697451685,0.3420631834203504,0.10452857445331612,0.7464724475644016,0.22420125942220992,0.12500060425966814,0.0,0.605952205281404,0.22603388884863135,0.13205008839493482,0.29270832076749453,0.20391283876693952,0.42354907894233046,0.2192954380641162,0.6485627516759597,0.20347460529093592,0.17696157999398707,0.10591996721185627,0.7184875448382708,0.7468120479410761,0.26744941742534734,0.15723143079636973,0.1577672190518264,0.1659635253687566,0.15877767419097233,0.16137410082059553,0.36367062543717676,0.24993300280026573,0.1197664572701408,0.11862133175975069,0.2557019666097458,0.5404861343958023,0.31723590086038317,0.08786150421313539,0.19326348339111526,0.19048316640440938,0.32293169951967676,0.5736327053295115,0.6256760445017756,0.5260402938847285,0.6728214176358576,0.21942643502655088,0.19490269483869854,0.12500697121439086,0.3118068875466082,0.5969999415820634,0.2174104542174843,0.33102340120463125,0.20833413133013864,0.12363085979883556,0.43539612855406096,0.22747663203866733,0.1375897662514955,0.30574566792637037,0.09678863410664307,0.5905339832400486,0.6444333158860341,0.5182174184041596,0.28258975901853756,0.2771440691682251,0.4689118921017537,0.29004600998298175,0.748461154398822,0.3455935133310837,0.0,0.12564020891784397,0.22861042610709806,0.7516101415538315,0.272433129634972,0.55762034982406,0.6691290418658812,0.45376397552674436,0.4165627850842689,0.23908713233588783,0.1926613345017671,0.5830894498266983,0.8126140951111546,0.689649167391318,0.4779748509374984,0.08786150421313539,0.5210607415106715,0.24608559607053865,0.44804816967965616,0.8263945639066447,0.1487929049188292,0.822406804727291,0.5460245479933852,0.7581593925307347,0.1567919555536545,0.18664619327752502,0.2142421883493133,0.798131973906176,0.21968950960868922,0.2339110365792386,0.2987512804026737,0.33097751329784514,0.1613139438721372,0.19097121983393459,0.12659668710593525,0.5853219170146926,0.40470213249532566,0.5224367904212507,0.2960569477261713,0.18014197193140205,0.23115300739443742,0.7398566749063357,0.12371633923527332,0.773057632556429,0.20670078554472465,0.7571218683568653,0.621919809993436,0.5128276461914648,0.18672661706202912,0.22622886495652372,0.2640606337860263,0.15961063595763386,0.1954966567712404,0.15612726358840076,0.37166257258852803,0.4928489358617992,0.7183906449980199,0.24619337661258284,0.12659668710593525,0.19416434702704347,0.22996791270746123,0.12500697121439086,0.6249453413826096,0.2496271991354912,0.1872718702990822,0.4414405408534975,0.26664814947653026,0.5736427875109444,0.33075673527922134,0.42575081201839376,0.19248999781656945,0.09000955871273299,0.22907636966464312,0.6173038082125745,0.47775321593738274,0.6492365596681452,0.4065377453833895,0.4323404521058508
attention_zero_shot,TNFRSF1B,0.7549315179459047,0.12296425453786082,0.1997512659494305,0.4746917667745902,0.46610277146146933,0.5145036707779302,0.7065865864665907,0.11654182224792924,0.4454196581086959,0.1313860755697055,0.1216110257570447,0.09375965585624293,0.4302158680221795,0.11807203540950566,0.34164132650606976,0.5945811290260061,0.8635693849164531,0.12138171741127471,0.6964636688200707,0.6175895725237327,0.11831329518829281,0.11884366645266908,0.1198040820935848,0.12792552631137166,0.7735160838025102,0.7012518462379155,0.0,0.24304867718971593,0.7361403222165729,0.7565062739023377,0.6774671052946182,0.3608026122350237,0.48809409976363255,0.7789163034274333,0.5837972378706369,0.5681886526931921,0.5946141196459029,0.5815528228810427,0.13638634671873429,0.5632680423828507,0.5124591920247892,0.5772764357344472,0.1228266768137715,0.1756350485500766,0.11096987834810242,0.12197892132054394,0.656264507712047,0.8307072805061027,0.0,0.1240382933433751,0.9095889411825265,0.8947361345564192,0.6797052308977024,0.32660234642655717,0.4154597740530374,0.6100649701153941,0.2620995232168307,0.8200170662635516,0.8291078785973216,0.7396245961050733,0.12643097239632808,0.12214419550661199,0.41088671701268265,0.6659425056870062,0.6622715442110393,0.592146265405827,0.6033396801072225,0.640528947146688,0.12709562022653903,0.7212489950077982,0.7389896370789961,0.686352859392999,0.8619293466739578,0.12252502492292577,0.4733094856748212,0.24304867718971593,0.675975203585951,0.2853973857832756,0.7088475487085496,0.4941830378075628,0.12075536824013958,0.11927888386456208,0.5363791766739002,0.6457092811069203,0.6949463999812749,0.7267745119110242,0.3030889606794741,0.135494335153605,0.6579727555752798,0.4399353258595391,0.10648456244490032,0.8719702417150311,0.1266014994152719,0.5726684166174447,0.2912338858137184,0.3265462738765783,0.49324012430859815,0.12324933213541191,0.12356250214052877,0.56318151487616,0.5562227486290412,0.5506477674087125,0.5159791935927321,0.44411578094973736,0.1261129568515359,0.3446787727922486,0.0,0.8241960220640296,0.6540442604977612,0.4044743799405008,0.12134375449910727,0.12229980512396832,0.5384969991934708,0.4780404467966203,0.5765759852432121,0.6331515309708955,0.3193596339741548,0.1241739923559924,0.1249215808556337,0.12378024364938757,0.4973774676822151,0.24304867718971593,0.12407243409935761,0.6400979995813704,0.40359929737193356,0.1282581434969891,0.0727242147308146,0.1275250245488921,0.6122892406479278,0.11269961608169539,0.7087867292727372,0.7280393890947283,0.8049285025852829,0.12460465476708762,0.6305628184158171,0.4125916099765155,0.11978788757604042,0.6003825414728547,0.7617311021916757,0.808206250075619,0.8241960220640296,0.12165614968095688,0.4009484426469654,0.12255825344481851,0.5774754639093187,0.5770886747452976,0.6101972179481742,0.3611535075738378,0.8310875394756313,0.13283383947383243,0.6818329423154861,0.1257131952738472,0.4734113940521118,0.5890414063372678,0.7057383868397559,0.6797990909535299,0.37239230685479063,0.683876491434253,0.5435857580971952,0.8494748543526358,0.5092369196639012,0.1092826051385155,0.12199143918363019,0.573083848147354,0.8241960220640296,0.6899272154355807,0.565282443636095,0.7267745119110242,0.12486071565005932,0.18408775208194766,0.7600389994016078,0.1216110257570447,0.5242296016268253,0.1306167262809768,0.5175550576984557,0.3248564071439828,0.702378839926438,0.3271543797241919,0.5640870870516853,0.1232141990015151,0.1237997961930175,0.12823038352502286,0.1198040820935848,0.12124697885171327
attention_zero_shot,CCL3,0.645473372839037,0.5126243508416262,0.6689809949357158,0.20498053064542582,0.2903641755714749,0.4188915437375016,0.5080383686984661,0.10857716177923273,0.44370926695843427,0.3354903555945814,0.11823046961999922,0.07615913651246745,0.28539376461411264,0.2934302910385257,0.8184513912411476,0.08850730295621827,0.4014723823531787,0.3076784497714492,0.09722744400312527,0.27408258515149275,0.232837136606328,0.25369091438225905,0.11596423704726432,0.14458649605646876,0.12322740675180553,0.12141440268814228,0.0,0.8205493281124265,0.35626160600265294,0.11651584460570341,0.30976454368053163,0.5041009798944273,0.1004540213912067,0.12238657511295684,0.2292804265548044,0.36427261626859697,0.10366126313498182,0.10389384360283489,0.5508958449026846,0.18514176695154688,0.31323551775477787,0.16799877613336037,0.12001675576891245,0.3576510315410863,0.302703335130318,0.26876485846742765,0.11569758692797368,0.128349589091671,0.0,0.34431764853528024,0.9239835388640499,0.9945977527247525,0.2672283465214356,0.6826190746384859,0.3836603302953129,0.11170238631576546,0.4852539839721412,0.12337095866279285,0.11955286817516399,0.1084392056765839,0.17205216887809271,0.22254857360827338,0.3910595225785968,0.09459467521636905,0.09440745687105861,0.08666679914799745,0.08821730191931389,0.09209135355211509,0.6425911906171925,0.4154589546687942,0.11801594955243952,0.10753076644080622,0.588237708170923,0.22895238841188248,0.15184369606004045,0.8205493281124265,0.09347028579906402,0.7396745019064415,0.6366036024691637,0.422136192758517,0.13421781137551192,0.06932814890659086,0.365942293432631,0.10332463778436528,0.11094322721815515,0.12936892853713414,0.21987830147096346,0.1565100815639449,0.1100447172192489,0.40636380257373717,0.18933997575733502,0.539446158867769,0.0987608602484375,0.0930383754290478,0.6369986829873536,0.0824087808240833,0.08668804631997779,0.4040397400719191,0.2947455073409788,0.29296226531405717,0.10276023176550689,0.5121216023350957,0.392993394770331,0.5972954562516274,0.24747467121818137,0.6377096391176112,0.0,0.12996118086553754,0.11373512296817789,0.4509056389198452,0.48655606051151296,0.24649096201140747,0.2509598389180564,0.17468055369821142,0.10164759466414575,0.26050781608924284,0.8076982563411327,0.4054555264648795,0.12232016849501198,0.11941033451090943,0.36082502880452666,0.8205493281124265,0.4663142606148784,0.10880997789286469,0.24436045623978536,0.2772704526881916,0.07348343208638755,0.11265628795095826,0.25461095009129203,0.10311151666793972,0.10204365928298419,0.12272961284731182,0.1299036339462771,0.16939270833328024,0.10643545013147088,0.5725561594067174,0.28483225510190524,0.18225596541727707,0.11148005379613396,0.11613787883770148,0.13195384375739438,0.08516214750568749,0.46658853644004133,0.42400389681096956,0.10094247844279376,0.09561423458090598,0.08867924975896828,0.2222743155678029,0.12563357905662362,0.37225805056899286,0.10757333797702717,0.4087457867376718,0.5002105219171851,0.22789937643395275,0.10196734163282835,0.10771756398803212,0.11264347359564948,0.11214771512044971,0.09117556483459298,0.11426832830189158,0.2214631351333134,0.2138215881626552,0.3734737641053746,0.2003001784461906,0.13195384375739438,0.09684610338002027,0.09776455146696274,0.12936892853713414,0.32669707396249853,0.48565932757086994,0.11170474106754812,0.11823046961999922,0.461550286459233,0.6156807318494368,0.213723484923871,0.46147759282658773,0.44354460570353954,0.8619610216249435,0.09857957507547459,0.24103195754386256,0.12233622517441602,0.32756177168383926,0.11596423704726432,0.118513032298125
attention_zero_shot,AGMO,0.2761686299203395,0.11615528243709239,0.08483435233684242,0.35655784157486986,0.34773640094679686,0.35051946462527167,0.4389064322275516,0.24923567162140564,0.32744974637258384,0.22576066717459273,0.3119599386494251,0.2149472803113799,0.3214043226191315,0.14258024968542748,0.095036611560634,0.3942632647899957,0.6008939530522184,0.10990324517296525,0.41121022763338455,0.49239125037661996,0.2744172009125049,0.28842442166797033,0.2955548312383916,0.18981886330165798,0.6530772389778025,1.0,0.0,0.08904450787709811,0.48100487383544044,0.5213166442773733,0.3769515121790658,0.07673482526538021,0.4900522628507754,0.650163707650159,0.46799297201612355,0.2957316877919796,0.9197672462783074,0.8838077514887379,0.22329760191952835,0.8888362500053216,0.4097717236230377,0.3724046346960947,0.3263630730237717,0.14831713540716324,0.10155935781075322,0.21732885680824912,1.0,0.6098723659275233,0.0,0.2475560712325905,0.16572409926214124,0.11348208378128463,0.47367141253388084,0.24986742014845964,0.3477559733891777,0.5135842955999601,0.2955643781588938,0.7003472753611332,0.6914845227166576,0.3944136384088874,0.2326859791121411,0.2684662583193498,0.279733938470902,0.631869013531145,0.6313815625859411,0.5557178611098015,0.5643158168908278,0.611190412808242,0.12665853196385968,0.49010009640525387,0.4547820284854434,0.4038618197796302,0.5253687398836058,0.16598412749176328,0.35908911696130974,0.08904450787709811,0.5170916139992812,0.17112668223443248,0.3047041355530277,0.5480846177327198,0.1822506490304721,0.17126453613732145,0.33952312754367703,0.5329148073168477,0.5980954712021179,0.5534042022663342,0.3083468115006184,0.15462030897449436,0.5762813067460965,0.2560282066939688,0.14057532176944315,0.5487901796887292,0.2590214728226106,0.47793936326081965,0.11701477015426642,0.38849591908186304,0.2551452338804641,0.22529546280674131,0.18352211885255287,0.36710948982176417,0.48596678770567364,0.3294775592857184,0.3442782720378596,0.2587995401787586,0.2687951651806888,0.24474896771546922,0.0,0.6045048277966949,0.5878871318714954,0.34324746718356736,0.114236275915339,0.21776344524044677,0.4158237233119247,0.38267561706819275,0.46691168700527913,0.5255685371410602,0.17609694323848282,0.24585437101929575,0.3380680610560841,0.3290203668165806,0.4186212991040897,0.08904450787709811,0.12039621784326962,0.48972522243191,0.3543981539681368,0.3048352551991099,0.11205442978142749,0.27757934108738724,0.47707881034120997,0.200085917678994,0.6401572122309592,0.48574738284402325,0.6709726971316505,0.15176888639605488,0.5736394303434362,0.3031855107993592,0.10692841808326375,0.49470730656520306,0.6611199214632886,0.5923379947473915,0.6195541330073023,0.17627412750456933,0.27686461864828,0.21660495184034037,0.46487530318152026,0.6824879667121936,0.75,0.41597919084391655,0.6157163099012256,0.2749061105267654,0.7635074054195171,0.2661267089985435,0.33664523438423066,0.465669485385799,0.56551173616616,0.5004209576877382,0.3034923122894129,0.46829165212071283,0.38287758148778384,0.6026809029458834,0.38727666750643736,0.21794193714652962,0.24275985415660975,0.6150742241246959,0.6195541330073023,0.535035420009891,0.4951952628143265,0.5534042022663342,0.2587721775382721,0.14877947356411153,0.6235974068968759,0.3119599386494251,0.3636665772382428,0.34161998085339945,0.5943610481924418,0.2503357981154404,0.46434500079004154,0.09520099183483316,0.6306854209829826,0.3197106076510195,0.3471664821210804,0.3047814702534253,0.2955548312383916,0.3165818001165241
attention_zero_shot,COL4A1,0.5376491609588033,0.0779026343637318,0.7768279800423827,0.19309701724482073,0.07826567652535057,0.43242920494679155,0.08489334351772422,0.07832028835297732,0.09763229632594596,0.0959117393702057,0.07749723664399788,0.17550047479132821,0.08006328980877533,0.07690121802721725,0.5852658077156425,0.09676042258453922,0.3510873637242227,0.07684700085285415,0.10667586328094843,0.09400192608213372,0.07711803128583644,0.07776880260480791,0.07615716909246333,0.09620278097856322,0.08419019384348667,0.08219327425149447,0.0,0.4430579381772,0.08363816118757668,0.08156485405764484,0.8305134981417045,0.9684647098341628,0.0902997599121238,0.08455679966787832,0.09327058294500618,0.6697616570656147,0.07925489612003625,0.07959767399237166,0.10223555512023795,0.08125824015348303,0.08498337628421646,0.0920582316784472,0.07813061554289832,0.3366321651450896,0.07218642131674229,0.09711236487002457,0.08175633550830515,0.08302425038609537,0.0,0.07994227632556875,0.7588426685153277,0.8774828665935908,0.08211047103081996,0.08975614452546134,0.08431960812372304,0.13713436622756991,0.10359748048785888,0.08462133197658166,0.08370690348701725,0.07323520002053686,0.09810160888633532,0.08004664690080518,0.07815266599284133,0.08701555351839897,0.08701155024508571,0.0865637142322668,0.0873748227385659,0.08568605482198659,0.08022521472797746,0.08518144828198235,0.08132035341142739,0.07939505309186701,0.386466291172912,0.09690143753577103,0.07448927310998817,0.4430579381772,0.09729582585359314,0.5021398115247617,0.7529736808017555,0.08445052975940011,0.09948459134542932,0.13317122744670978,0.09925207445485197,0.07908638685311242,0.07995868272167635,0.08206099412701692,0.11630850650603779,0.12150694006533053,0.07991593043358013,0.2446596457364597,0.23370568884236761,0.3919352444050551,0.09705337683420737,0.14483800105289088,0.8580879990213466,0.10076399887544732,0.2782708431265426,0.07879627560333784,0.096396804147321,0.09402948690714362,0.09567942251611271,0.08386729177615546,0.08277495474615107,0.08036851736238516,0.08207682822006684,0.09925280949541943,0.0,0.08292137465004568,0.08081158470681045,0.10863240719123939,0.07808372470634373,0.09320255512435836,0.08058695905811995,0.08121649408526375,0.07824528983942017,0.08334192721934995,0.47216345863964587,0.08028079382119906,0.0795216280744002,0.07997845705104216,0.09720608490574131,0.4430579381772,0.07929080946581092,0.08015874718809862,0.07892405069482032,0.08107267520864074,0.05265262826242096,0.09607609547020093,0.08484822696026367,0.1228172851695593,0.11825140310740533,0.10471860089011055,0.0835837717150859,0.09982824462856697,0.07943259529562179,0.08551584748756602,0.07659385363340852,0.08326611860655206,0.08148556114971531,0.1113079779311274,0.0832262878671597,0.0983601541094503,0.26380884244208275,0.08076372332441482,0.07865379221425751,0.07649061700772539,0.09902406416046405,0.10122301701600278,0.08274203981703522,0.10791191501663211,0.08020316897853388,0.080383785052167,0.08379277150392718,0.0949081034017398,0.07856744651589208,0.07956707751162098,0.07177681643616231,0.08058434466592436,0.07490129858341532,0.10579232220742801,0.09624803684646258,0.0746565016009186,0.08060470164896937,0.21365248288054509,0.0832262878671597,0.07705329308008889,0.07746232502935374,0.08206099412701692,0.07980241211256049,0.08772781466909957,0.08233777766975511,0.07749723664399788,0.08366933938101852,0.08312622973924123,0.07665023810233874,0.0972400241909251,0.7431362254305386,0.4810312605742091,0.07773283862076262,0.07847606406396032,0.07819498809966009,0.08102141924542408,0.07615716909246333,0.07686957736327195
attention_zero_shot,CH25H,0.2502058653475392,0.44915931263968667,0.0893826043085094,0.4479074085204427,0.5022948989965261,0.36194046199439583,0.5906769279885234,0.231922988918027,0.464521224794063,0.2648130468473827,0.2778078793684888,0.20025207756847654,0.4992421870803145,0.14126162520643384,0.09976915607904392,0.37354390243964414,0.6058667194569655,0.12058544830044139,0.4245402875461513,0.5315845073559974,0.260131948493292,0.26485144024762314,0.23885837317997594,0.17700942520775492,0.6630196956548706,0.9284302859578001,0.0,0.09544541171336199,0.5092998897600749,0.5513283394187648,0.38200664555532976,0.07722719018319513,0.47562052253664183,0.6591601333590359,0.4906436003148082,0.28010011297894083,0.8712290521854607,0.8401589088675808,0.4641207698130564,0.8347780465805339,0.49806721168191065,0.4309537383478775,0.2985068465457983,0.1384558937397892,0.40057483961033274,0.28289520493734666,0.94632271446835,0.6695998834555011,0.0,0.22034785734659246,0.1545094731434485,0.1139330388191422,0.5097684423663801,0.7957944146466589,0.5274186373451806,0.5129016192991894,0.5393037378633475,0.710740501290059,0.7040740627791431,0.426414389840451,0.2901560614195715,0.24972763698589978,0.5225240715718698,0.6106010329785568,0.6098130025408801,0.5373241679909931,0.5459093814150326,0.5899377408226587,0.42198147439558364,0.7485397341145448,0.48088152852140875,0.41618977719190275,0.5521354850831023,0.29546645678883204,0.34345447570824605,0.09544541171336199,0.4710434284647153,0.14157795062593845,0.27803132812972714,0.6109371250801747,0.1627353984587409,0.15924903943216567,0.45554617849012574,0.5243428240191206,0.6022537187780675,0.6225954662602486,0.3738951923012737,0.22747390301133047,0.5732783866339419,0.34689979858973286,0.24868128700673814,0.5883827465889118,0.21310531002460442,0.4650112175719796,0.1054559501829423,0.3696866033635073,0.25127698943859034,0.18530774288776905,0.2364857121655165,0.54323151438259,0.47322256573453164,0.6347425576995163,0.5251493333160648,0.6814484656108456,0.25242628041903165,0.7725543677120732,0.0,0.6696759499098195,0.5869007171718758,0.49951590887748576,0.4341481665593068,0.18476900029642973,0.5435260891489362,0.3723444060318208,0.4503990704486383,0.6781544694224586,0.147451895448907,0.3175134575314449,0.3184409619241526,0.31294697404045607,0.6028228236212044,0.09544541171336199,0.41467544125489525,0.47902560379734993,0.4246168713888868,0.2819228941817578,0.10422406041313863,0.2540712330466058,0.5383771940521505,0.1735300889055295,0.6347532383424955,0.5051376722391776,0.6923036107542924,0.13647850122900512,0.5710577748288184,0.7047442847216784,0.11523464159547145,0.47229754484347103,0.6630260532305684,0.6274758968048612,0.6880695451672287,0.15973869448119393,0.39049503522711676,0.3689199288155393,0.4595927103554998,0.6038637227605088,0.6529402451066858,0.45254862077477825,0.6710765883764241,0.35419828912874335,0.7080148321833768,0.3548205912103556,0.557475340717337,0.502839726899496,0.5640467323106749,0.4890075133603767,0.29173857856879615,0.46741618149261027,0.3677425774416552,0.633359442383594,0.4428283464869686,0.19191247975978803,0.35392087861979915,0.5907654462104123,0.6880695451672287,0.529438832692165,0.48791959413657404,0.6225954662602486,0.47549984501173853,0.5125563960901361,0.6226711714275261,0.2778078793684888,0.6543826106900894,0.5788786169385023,0.5961902276113373,0.24020012450400854,0.3973427689953974,0.10091292131176491,0.5850435430818274,0.29325403043837306,0.3208380991671786,0.28186142567240396,0.23885837317997594,0.2739925414602057
attention_zero_shot,COL8A1,0.5136490373974665,0.07565569264521517,0.7549669863390578,0.22256522719412705,0.07618173685072806,0.36697056048001,0.08420328350754122,0.07746053426717277,0.09502375836327154,0.09567700527820695,0.07557025392644243,0.2024257735975373,0.07767229647487715,0.07428701728851503,0.5731979473650088,0.09367657277471814,0.2546326564069265,0.07362442204207872,0.1061328375077612,0.09064019170393145,0.07463546716843872,0.0759422812652885,0.072988356091049,0.09589236283463358,0.08330761695787778,0.07989661984351529,0.0,0.3668792377643535,0.0821885094662664,0.0790717533761339,0.7650772784434156,0.9656991878691309,0.08599450970519412,0.08389622352405657,0.09081924320653417,0.6055141271596867,0.07618764859197875,0.07696128870102682,0.10201618473388967,0.0790285494103049,0.08465283760705918,0.08737163644722896,0.0766737966771526,0.2410882965944864,0.06931860761165336,0.09330615143330975,0.07951297379722592,0.08108068062523682,0.0,0.07929077239794187,0.7913483584826272,0.9088828219869138,0.07949467746994063,0.09008228040349314,0.0823782342662709,0.1476751126042227,0.10035567931119714,0.08397194745081464,0.08268512146632953,0.0704732503523033,0.09735415809947597,0.07952755927362971,0.07603870789552103,0.08405218714811671,0.0840148715449506,0.08406093767931844,0.08497372247439355,0.0825452975464017,0.07964970863243473,0.08472990487303655,0.0784116879788368,0.07558929517369824,0.2994684821791257,0.09636581685979521,0.06967046829932956,0.3668792377643535,0.09495966470408668,0.45637099997302866,0.7115125722687394,0.0836875666729947,0.09912664926578144,0.13423001654168018,0.09901932794507153,0.0763091760716266,0.07635209534794173,0.07919217162920383,0.11098512139907482,0.1258634468559176,0.07628428137372013,0.17813064046653942,0.27332415834180196,0.29614367572062367,0.09617456122445264,0.15039801449152174,0.8416584444235086,0.09841924734243333,0.33747318354794426,0.0773831155381788,0.09621669130934005,0.09212411887398603,0.09132870345114835,0.08274538942579784,0.08159340454985453,0.0800715687793475,0.08243750511262246,0.09776100599146932,0.0,0.080835787301737,0.07780852803710964,0.10556133235478049,0.07618747445139686,0.09015775816671004,0.08064755231771079,0.08013586758322065,0.0743123865206949,0.08227202091530783,0.4245386385665481,0.07983094147302844,0.07899873152974678,0.07974549223525719,0.09411984228858827,0.3668792377643535,0.07816754856141196,0.07726760610498076,0.07712728924930773,0.0809990349312387,0.05141893062924078,0.09431123329575074,0.08443536577214214,0.12879155876270088,0.11833726526611336,0.10327144987907527,0.08204932453828798,0.09976218742258994,0.07599215529316021,0.0853967976897051,0.07332623632597475,0.08112186822185796,0.07956765625796795,0.10794009568623926,0.0813400668531179,0.0984491555099342,0.206466565067264,0.0805843178331933,0.07673297141934199,0.07194761281396234,0.09728104520872502,0.0976459986661493,0.08069654113070654,0.10539712470288853,0.07775354050361376,0.07994647313780712,0.08283151480782867,0.09175051765363927,0.07571762319730016,0.07609056743633207,0.0685277129602684,0.07764825776635911,0.07093116182948321,0.10451590807232818,0.09322364395051302,0.07156322938062028,0.08037201076001764,0.14450054909762622,0.0813400668531179,0.0731050198045686,0.07348856517508921,0.07919217162920383,0.07945036154188702,0.08517478601779885,0.08108000473404992,0.07557025392644243,0.08290063807306508,0.08400805618304516,0.07290989874496563,0.09643066056548318,0.6873936320913954,0.4372259891238698,0.07499379278318882,0.07681801984756638,0.07672422748772995,0.0809196708591613,0.072988356091049,0.07433742076207267
attention_zero_shot,BMPER,0.62790142067919,0.10088366543272241,1.0,0.08432455423150508,0.07951805105713242,0.3092347018883364,0.10675505742037418,0.08710042658781501,0.09169038423936102,0.0891308009133438,0.0987772030624025,0.0633790594072551,0.08467792267916713,0.09051940830998367,0.8437864863363836,0.06819597945506552,0.32925440838442416,0.10150645238320173,0.07432866887279102,0.08048341363328611,0.09140637164069855,0.08972200052137545,0.10048340259470773,0.08378099632847716,0.09720495343400529,0.09822660139171428,0.0,0.8663786797785987,0.10376533464669607,0.09378154256419848,0.38464794782405193,0.7132475197645279,0.07997205831796697,0.09641592096525611,0.08822141922435209,0.49014237183165327,0.08365942322542,0.08376365466727018,0.0931589786926553,0.08928867847099548,0.09198980054751366,0.07938318356680876,0.09943607357572395,0.23721016328047692,0.09463013365759147,0.08451946221624915,0.09285283603419271,0.1050895618120022,0.0,0.09576703102896761,0.908921192422872,0.988500802583084,0.10317542838412047,0.0923546272711117,0.09012721286847762,0.08966666093881066,0.09003569852447725,0.0971192359918363,0.09430965651703518,0.09324325845799142,0.08089558520305026,0.0922725837966347,0.07932328822451008,0.07493779403415422,0.07476873845304506,0.0690621151707316,0.06998041612546298,0.07333495200385182,0.10212654647266728,0.10151466176638375,0.09611313678600529,0.08687662280381345,0.4357198775353658,0.07003411245416916,0.07159193506296414,0.8663786797785987,0.07275245651648134,0.7444878339973684,0.6746283483106613,0.09790786040697161,0.06275606718442868,0.05340682235331178,0.08627121732849309,0.08242353124302199,0.08966066719407817,0.1089041943342171,0.06968620590453045,0.051610371736553695,0.08949678342304264,0.17314628101158863,0.06141570933738914,0.47310206037939917,0.07869625819598484,0.07381679249074019,0.8063221739979008,0.06619057166360198,0.06973304827213292,0.09664894649488208,0.0680632223446286,0.08900630230052292,0.08227719457512948,0.09853296951269143,0.08961937611714985,0.08900362286258323,0.09565061320620505,0.08988967541364044,0.0,0.10704974567597667,0.09199792941168593,0.09686418383928368,0.09535693563368289,0.08322660848470015,0.09348131818185004,0.08386965075244364,0.08166696370248555,0.09191430227822861,0.8315119029062775,0.09498666438263308,0.09954847472050175,0.09620676243958025,0.08933814580240682,0.8663786797785987,0.09854465963436225,0.08700463638405302,0.0805171158861089,0.10190336358569994,0.06652966117651349,0.09033218169880357,0.0929244646111434,0.0834726803495311,0.08087172801345613,0.07629276079406819,0.10537257530097194,0.07128131614696993,0.08559114786955718,0.09000654477740531,0.09650095416497052,0.08728435781909963,0.08849963115897141,0.0919860911304835,0.10850655326885479,0.06617111687320137,0.1739791860970527,0.09200873425302072,0.08012435418194284,0.07641217381796168,0.06795559494889247,0.09070626121076829,0.10192912662712826,0.09101272390781308,0.08540051674528298,0.09826427651608181,0.09407538951498347,0.08743567031687531,0.08103608161132625,0.08644102661341693,0.068987857125151,0.08976409931747464,0.07311009706625231,0.08844595826445471,0.0702553358796449,0.07852385605440684,0.09081649928785837,0.13771797392321353,0.10850655326885479,0.07785513698258198,0.07903970763584642,0.1089041943342171,0.09908067380518694,0.079130883905203,0.08814110243162275,0.0987772030624025,0.09022572154551735,0.10119875430520356,0.0768016495104673,0.08611617392635604,0.475169742745001,0.9064650758450192,0.07889698474184133,0.09696196027847802,0.10211090446167753,0.10172762885467145,0.10048340259470773,0.10118090339483765
attention_zero_shot,CD53,0.49678284852344706,0.11646614884313543,0.08768817561354844,0.43503778774619256,0.5578612633494817,0.5469011153880756,0.5864146926296204,0.36716986571174987,0.4094157037100215,0.17052065548463566,0.1624117530529176,0.1378044753503385,0.4460569292182985,0.12140142789395707,0.09206872014775704,0.49867979821021374,0.7466041292219735,0.11440804195559663,0.7292353428945285,0.5458411952454025,0.16310581345589575,0.22532322008642838,0.14050914948412072,0.15429416354620365,0.7222509067612106,0.6082472482547165,0.0,0.08931798453910872,0.6109775740600375,0.8346634318219879,0.6467396948488445,0.08018892422025736,0.48511985204736946,0.8473397032701788,0.745991193656446,0.4612867284761015,0.5382381087468008,0.5478153329925989,0.15936267247248828,0.5219188489929121,0.6316180132548667,0.6801276413530041,0.1729572649413224,0.12868704832630762,0.10523089431054727,0.17340634406564162,0.5897846602670139,0.6932269446851888,0.0,0.15925368333339976,0.23819316645234653,0.11377102528725079,0.5549880961294128,0.3329500680533051,0.6063539788415799,0.5449090209339419,0.276133366162433,0.7792443889094371,0.7705236884097064,0.8172251510522613,0.20854055917520037,0.18006844064812416,0.4974122292442271,0.6459051901642558,0.6420563335356064,0.6412266794582309,0.6350002653458553,0.6431006763468092,0.12132621643482108,0.6173603528553735,0.8873016325843264,0.7665854579047892,0.6435178850762727,0.12410721330751877,0.533356508772634,0.08931798453910872,0.6778495596111718,0.15266784062173502,0.5318992287838198,0.45901178219638467,0.1388163779131045,0.14040077140820384,0.467922097834104,0.6667433275376003,0.6303895464998479,0.5901972351207386,0.39717076967753084,0.1202319000518245,0.5764753401844921,0.34186127027096136,0.11389681679421726,0.6536468739460177,0.14184835827952402,0.5017462516567398,0.10886553853875779,0.31311777210215536,0.4185170977811921,0.323122753052245,0.13488037064902397,0.6180210617705741,0.5139810095659223,0.5951336063523802,0.4916780220579766,0.4759686892857611,0.18610037908620974,0.3125346100406715,0.0,0.6818649796735291,0.5829253246794744,0.4047030116050911,0.33295740751251207,0.29609843538810465,0.5141680227588166,0.7477843275810557,0.5654644754069845,0.5889828079624829,0.15489588865803344,0.39504740091933743,0.19138742437776826,0.20144106458803432,0.5746070941494529,0.08931798453910872,0.11840380317854572,0.6642659634401498,0.4661039258021978,0.18130256691738242,0.07777568213406208,0.17280277861412677,0.6585890276867443,0.14038780603261056,0.7808893614759038,0.6057453810259852,0.7345328604297288,0.12637374440699764,0.5657828103344901,0.49546774923877324,0.30608324328741576,0.5521987605192209,0.685244376745574,0.6838410893370029,0.6818649796735291,0.13905534640914105,0.41466450968096474,0.39229336290251976,0.5648146099604472,0.5066874452705902,0.5077317952387967,0.380582989385129,0.7066611764133143,0.1747747453766203,0.6433345182058469,0.16600921014281028,0.42089284044701747,0.6123313183858902,0.820535507959048,0.8052899219281213,0.566332579785259,0.7690028160230171,0.6905463340019053,0.6867663365185213,0.503066943015807,0.1521243489612,0.1750455650187033,0.5948589311255453,0.6818649796735291,0.7945478913918305,0.578510045750072,0.5901972351207386,0.15918477649679538,0.17219639565393952,0.7421786645154784,0.1624117530529176,0.6041405200443554,0.16564240778910627,0.5403087883041224,0.27540855169312406,0.5207477197543409,0.09192717659292261,0.7000771534762965,0.17561334969988646,0.17575103131124634,0.18127567444454012,0.14050914948412072,0.15319622694188595
attention_zero_shot,MS4A4E,0.2627229921270999,0.15161074197109156,0.10254919516912214,0.3079287526388448,0.32139413370403525,0.2797906581643061,0.6002689693651152,0.11986943753979348,0.26891685316382974,0.12757397943497564,0.14630388552648355,0.08118720685109058,0.2523622516287139,0.1268416755384653,0.10974642094951848,0.42476880451109283,0.6796486198998367,0.15683439720983683,0.5392258499515792,0.4143884295216008,0.1275922615169142,0.12604272422041843,0.1544336042886682,0.11744676606023671,0.7390752340751834,0.7773797057857276,0.0,0.11367044370803832,0.6753430413299158,0.6967023740034138,0.4405835216923681,0.07862946497583738,0.3638332763259043,0.717720570965035,0.4529709348712063,0.23788015600711868,0.5280436875527388,0.515770090346153,0.13557144992581222,0.45991172695128896,0.3535314905604298,0.4201212354666527,0.14732010037175663,0.07247543962665735,0.141163431493601,0.11664320634891794,0.6495873051039486,0.917228821341659,0.0,0.1377729834793862,0.14733892064402596,0.11477721174654594,0.74710681678224,0.23408063573421575,0.24660461780548915,0.5391188156427192,0.2021141296286677,0.7624108027275092,0.7557426262701445,0.6874112200805005,0.11253410058328943,0.13037039566480446,0.24711129837446688,0.5341803974520098,0.5323090795643068,0.45428166717983237,0.472412406200711,0.5039014814341674,0.15213310749496606,0.6138352567317544,0.6590587277681951,0.5450860773462286,0.6768571069648497,0.09532754400984714,0.2962289702550247,0.11367044370803832,0.46357054830926614,0.10596129503720035,0.29617883836985703,0.3245657840564023,0.0836699593416049,0.07159676907062745,0.3095569231948545,0.4784433059379924,0.6804760625391225,1.0,0.18648994347477452,0.06984771547796514,0.6180811448622843,0.23261101173978294,0.0789130347169286,0.7702424695245201,0.11030971734904872,0.4487463599074214,0.09082342460828523,0.26103639174401383,0.29366164555175484,0.14097887203069742,0.0931947115194232,0.34174158406898864,0.4088111767716574,0.41862905373544274,0.3393544016150457,0.23137017804155766,0.13664496905877274,0.2148406557890877,0.0,0.9527021836238052,0.6167842160671091,0.24325431245447238,0.13702035715055916,0.115182884320511,0.3278689324447261,0.3441070233343526,0.4182625797457901,0.4935058568775777,0.11314056093193968,0.1363529888024852,0.14635345042465756,0.13805125420542666,0.35320778453788604,0.11367044370803832,0.14336586772614,0.4673566462333215,0.25342554755907276,0.15096337806555762,0.08631451473489657,0.12878929507877623,0.4349675997597061,0.11289590689027512,0.5755261527887734,0.608394364780216,0.8642018648988652,0.09803158274192714,0.5668965141398931,0.28459976127000636,0.14209347804099978,0.4698790724544509,0.692071361180234,0.7629604346468598,0.9763510918119026,0.0901274844827504,0.2257913152583759,0.12969585795923505,0.4394377317623084,0.4630055934255831,0.4811497548214396,0.2514935171933721,0.8781274163699819,0.13002943586216606,0.5265144632563544,0.14295233362639534,0.31669449410327294,0.45393951333461885,0.5513645054723812,0.5161476199390862,0.21728622579689746,0.5607237534549724,0.3322334219424215,0.7456271259686202,0.3079532777293718,0.10410187490391687,0.1281272564983903,0.387843470178599,0.9763510918119026,0.5010866091934544,0.416110092722385,1.0,0.14441022617950514,0.13024428258547288,0.6113166392079562,0.14630388552648355,0.3654441913406665,0.14824316448756505,0.3573469510417493,0.23184771451872785,0.32903474915293873,0.11367044370803832,0.399136281772635,0.14283951782471688,0.1544336042886682,0.1508916648046448,0.1544336042886682,0.1544336042886682
attention_zero_shot,RGS1,0.43659288764263615,0.4361657177657677,0.0971271554762781,0.49734868166553414,0.5924886900039191,0.47523004854554857,0.9574558040685843,0.12025851860733064,0.6479807210733441,0.3338869165532972,0.13088443155107646,0.08357666369059534,0.516624507213991,0.2516348336592683,0.10158717531319902,0.5526914954893454,0.7751451662351957,0.24501957195922416,0.6116111398497127,0.6830174002564049,0.20981431721006216,0.2304032086751924,0.12996846575924428,0.1512167961349754,0.7460087913669864,0.6565287996053824,0.0,0.10026366816388665,0.8473725776896375,0.7185124724788519,0.5448699318349378,0.08204831212279305,0.41540101207643787,0.7572107660355767,0.6627001885947927,0.3916278278691674,0.5348712599119264,0.525765288582861,0.505005058869369,0.5509672422261822,0.6330603730090393,0.5916043830774642,0.13212386169516024,0.13867326770476865,0.2949284556453763,0.2760952592605899,0.6043012002124415,0.8159573131424156,0.0,0.3002509827052364,0.22856338273762652,0.12546826959886337,0.7182992587173201,0.8199446844672762,0.5808793259262665,0.5427275444160168,0.5596036900123328,0.7873170508846097,0.787335938495701,0.7105772489844471,0.19948885610084874,0.21227197036568204,0.6111300312703359,0.6415499288359908,0.6372312532797979,0.5510457924352653,0.5747617774991189,0.6087971093157637,0.5435627239056214,0.9317465858493621,0.6882901107126508,0.6211217344468678,0.7863509518677684,0.2437966627312988,0.43080837227414015,0.10026366816388665,0.5591667477153539,0.09947590637083989,0.5424858634576384,0.6726436598223247,0.13965907612558806,0.08098001233712901,0.6910803464545492,0.551911800195745,0.6103842075831896,0.6883317333659847,0.37659548954894895,0.18162505508100135,0.5806723420227904,0.49580622726953577,0.20618067968538334,0.8185853991555584,0.11688669948207403,0.4886388700879444,0.09235712466623762,0.2758934352697279,0.4148194235325431,0.3327257866298324,0.2966626328275449,0.6652968782675261,0.46713366867040834,0.8013113972231801,0.7021112156926028,0.7959230697642938,0.23455989440673763,0.7533735057791426,0.0,0.8057327194281053,0.5817242777542707,0.6179138953484002,0.4298586266526467,0.22452079539607586,0.6091321019858703,0.49418891004828536,0.4725864011554849,0.7218641368495508,0.10270657602347259,0.38360965966279087,0.13371275108660113,0.1308677454736689,0.6422139400985958,0.10026366816388665,0.4189356188552048,0.5732415689403365,0.4796301219488812,0.24794270130982046,0.0781102742979175,0.12539370801347435,0.6624159473342212,0.11599720321582563,0.6346785980678061,0.6809556980811128,0.7806045224214524,0.17115037846129003,0.5579943572725703,0.7818260973570837,0.23490146129712589,0.6058143450101322,0.7238653150572066,0.7737372614391483,0.8057327194281053,0.09786362629919898,0.5278551728657067,0.40398021848932925,0.5964451148936759,0.6666440560793807,0.5124828170310013,0.4054286617586898,0.795148138449289,0.35704188173838153,0.5984447445640129,0.3829594885170236,0.7276732348795872,0.6503016669043441,0.6215530430595834,0.5991104319262791,0.32371094797829614,0.6232558375807175,0.43672607251673706,0.7679710339180676,0.5232239836647528,0.20217333809663446,0.3637963205424486,0.45915753669533155,0.8057327194281053,0.5760001886518822,0.4656306690640927,0.6883317333659847,0.32104645124466874,0.5102719700535142,0.6794737685924968,0.13088443155107646,0.7719372574642616,0.5510875309018594,0.5386421562844932,0.5234233161741307,0.46561952436763543,0.10238052746033165,0.4924531907296123,0.2166755825485734,0.1340459888474816,0.28456465972978606,0.12996846575924428,0.1314975369173333
attention_zero_shot,KYNU,0.13367588969681307,0.7914099307573175,0.09620687857001176,0.6371915550512482,0.46987525813512904,0.4112415468011042,0.7242554810832297,0.4388735614373119,0.7815942114416734,0.7854077876296317,0.20744281932256856,0.3621226590359091,0.458041062155092,0.3956038635332062,0.09932794012997362,0.1397198820592457,0.14611637573855368,0.4156931969990219,0.11380920940872359,0.6167832207546277,0.6068637591038109,0.43088571103195217,0.17769256825911658,0.6894342294270566,0.1484343388072375,0.15933503964664253,0.0,0.09929357806653576,0.42165466343635205,0.12878679965435086,0.10722855540799256,0.0789572155670773,0.29659360399773044,0.15335572901090225,0.3592156866705023,0.16375745873024017,0.1520983004784067,0.2814903438397647,0.8575311797669232,0.32995236150406565,0.4875564036151418,0.29516658639777676,0.22221948938497585,0.26361888476598166,0.5293990913483034,0.5789384965062078,0.17093331402976544,0.13946693115499126,0.0,0.46282250074654485,0.16833082762548365,0.13425179873963175,0.3731980000211571,0.7295428498366209,0.6167916785071899,0.18520163573395235,0.7970530906358406,0.15727997882433772,0.14312123904868052,0.11964290488334994,0.6128531837578345,0.5336902235421419,0.5461860203170726,0.118185421540401,0.11829596291070375,0.11784537354595452,0.11256670522268353,0.12101690358560856,0.8311413725178285,0.6122090641740842,0.13167751637436323,0.1255135577567181,0.30329275650821325,0.587845280717756,0.29990278918703867,0.09929357806653576,0.11818818522119158,0.12327768311472895,0.30783597227354625,0.676997105260657,0.4708645364027627,0.3549393781046034,0.7316722424414546,0.16562972219104707,0.14931683263218287,0.1421885199452783,0.3722338338043966,0.4724112919656951,0.16313969785479762,0.4112123969863508,0.4216744387041426,0.13626285978861233,0.17519933746639202,0.2420950387434522,0.10301712294519472,0.2668010165705261,0.09882485568401055,0.4887481974606051,0.6539264586968225,0.6216367903159725,0.39405668098988084,0.6941322588983657,0.6880567746097535,0.7242892281087064,0.5351448315953247,0.7566183871186666,0.0,0.1411589557855312,0.17559699730273762,0.8401221045747191,0.7313442905388846,0.38044288719032165,0.6176880671872532,0.3323913299473856,0.3087356220975766,0.5177739030908417,0.12621821004616188,0.670619749658812,0.4050192780510743,0.4554009319689039,0.5903862946159373,0.09929357806653576,0.9570534653766243,0.18884805828479448,0.5493337233092085,0.6395924537026424,0.0911313487734906,0.42311892964470876,0.5571390283983917,0.4037948992154319,0.128691656790293,0.15294753108237502,0.16445081726831196,0.5706915326099339,0.26420134858244615,0.644299474191398,0.3946634036288337,0.266377338015585,0.1343441367170668,0.1275178692667776,0.1424873977134358,0.3738009790190267,0.4766143797173784,0.6355354372220186,0.2393813303697535,0.1295833197513318,0.13184204513738346,0.725463278665938,0.1370098570272921,0.7683151298458694,0.15923297811878817,0.8498538192460315,0.8111553030894574,0.4951857417852986,0.14317716587197782,0.1703085812809306,0.2270997240098725,0.14031236938113237,0.1465468584775813,0.12482965201409736,0.4945519708886961,0.35723624382090785,0.78067045895584,0.21344153373544197,0.1424873977134358,0.14344785355875744,0.1861852362669741,0.1421885199452783,0.7616785634894224,0.5981414266506703,0.1482239533624285,0.20744281932256856,0.5882816088246482,0.8165933141392311,0.4976688787485307,0.49180047761279466,0.12308772288584979,0.10042795677334293,0.18203839594971075,0.4377222108270754,0.22944373196731516,0.48515893947951894,0.17769256825911658,0.19709925464969102
attention_zero_shot,NFATC2,0.17415468381977886,0.4977160671150247,0.08843909850448688,0.5309579180193336,0.43724424196670597,0.5237263729250813,0.50113971605671,0.5557612797828276,0.8149165822828014,0.8624282780491401,0.42723365334317653,0.22833646068371924,0.42650286905585194,0.2970610536517124,0.09058606323829352,0.2004955378061841,0.18351657001971608,0.27124365256108735,0.1584702074842211,0.7167058369104005,0.36682332843172455,0.49639956690674825,0.33657718744805276,0.7581071432755231,0.18407922539161548,0.20042553746576902,0.0,0.08947958380145835,0.29771210180937324,0.12378854969634362,0.13590953825717936,0.11392337815132962,0.3501840423204225,0.18227773323286497,0.45857062975491913,0.21037588368415383,0.1937135880358724,0.20841314911747152,0.8890778375610394,0.33071509099810753,0.5630753537767778,0.2941710506447156,0.44055380093984686,0.30633133386018807,0.3330033141333839,0.7471243547759119,0.20756974674140913,0.12804272408425382,0.0,0.5814790939570395,0.2429277341031952,0.14012122976133812,0.26809192022950556,0.7181103887706165,0.6045520678104005,0.1994789954280934,0.855622715780252,0.1955671904335685,0.17479712566969127,0.10910716267143736,0.7265115428482378,0.6547034506819976,0.49808701429769614,0.16249286166016377,0.16299269692983567,0.1689620234684648,0.1627616681026651,0.16589963848312203,0.5423635278159114,0.4636951193623114,0.12476172207193965,0.12239151235618298,0.24744113391762723,0.699629373121519,0.30285797645145396,0.08947958380145835,0.19251381327690303,0.16973578246774043,0.30326321681314383,0.6696887868415788,0.5880160811272559,0.4955915425951804,0.7979834306784822,0.2087881111181746,0.18543139718268392,0.12827454407006333,0.43762568900910787,0.742986574613701,0.20103618227160605,0.466440036505962,0.3702589755544288,0.12705523331642088,0.3713921353183234,0.21553795827981057,0.13378590382195346,0.26656460230651424,0.1066340316075884,0.49901045794354315,0.76296990851364,0.7004845121686343,0.2526410298635318,0.5033249017227024,0.6493437117570442,0.6064823798715797,0.7385004993142199,0.7834924563294159,0.0,0.12849587256708672,0.20845299654866423,0.8875577759569907,0.49043808499134783,0.4771360158928511,0.6994511506670145,0.46408330378690765,0.37049769041244895,0.39541685528936493,0.17107238561839175,0.6753564408626328,0.573621173542502,0.5917878320429185,0.6558854809276273,0.08947958380145835,0.6990541322624129,0.2233543282193925,0.5699874889531701,0.709712977531322,0.09861944377965479,0.5888034299662904,0.6763233793970551,0.565892326750508,0.16029336682917725,0.1822193548641421,0.19865044240254484,0.7095114724300703,0.20476918119803036,0.5869199031738249,0.2664429738239604,0.32975973793578145,0.16226679645758585,0.17614243417117878,0.12906520482190298,0.6282898262302125,0.5402941093225506,0.656004068002904,0.29434001545112,0.1788739674311039,0.21634431470628135,0.8480834385545437,0.1271855132778164,0.7276582805115634,0.19762295983521608,0.8486056053955014,0.8157645174795425,0.6361405141545192,0.18426445284458987,0.20910948513422786,0.26735611418245536,0.15871142569858498,0.19204579926727286,0.15499718270390117,0.5010031287287147,0.4341330167166515,0.8267362142798699,0.2514454193721541,0.12906520482190298,0.1891346483603337,0.21067891085294002,0.12827454407006333,0.7666257448382099,0.5269440318839284,0.18489185056335544,0.42723365334317653,0.5277784209186411,0.7475110678651842,0.4528788746740136,0.35822094339211485,0.18726259365742096,0.0906655181787739,0.21587311973110485,0.5133573158744907,0.3839645312017633,0.5983205637888049,0.33657718744805276,0.35316275776185146
attention_zero_shot,TBXAS1,0.28250244691014703,0.38670266967032757,0.0855767930476291,0.5038417083962026,0.5228495963294829,0.40127267456968774,0.5549854371269506,0.23566906382424951,0.5201057013872573,0.3204082397175611,0.25931412445193536,0.1952335655810202,0.5329809551001473,0.13575331182101788,0.09165774375588716,0.3680638825816034,0.5181826655679035,0.10990020461628504,0.36278634749496474,0.605846239018003,0.23212545617322566,0.25642396071187284,0.2423036361060096,0.1908454936801446,0.5578840713049087,0.8506371185206262,0.0,0.08772311752391176,0.3989538869042483,0.4313174989415808,0.3512571217869023,0.0784079429028438,0.46267796176805753,0.5637324683463647,0.5170507570792857,0.3017571824013592,0.8349781371992335,0.8174295282269535,0.46995042689526995,0.810291975035209,0.5388589291889143,0.45358089498164555,0.27005143048477576,0.14947478372233708,0.3594301786466918,0.3220325184092765,0.8727649528138668,0.4647780741062773,0.0,0.23036359601258619,0.1806078009501646,0.11329118888815777,0.38261283514871164,0.78716735239432,0.5671338285063459,0.44293905590145394,0.5675005315440049,0.5999933271963447,0.5941154206011431,0.31804545595262357,0.3540518185010024,0.24807911723432008,0.5396315489395715,0.6304484624171228,0.6299959115588932,0.5610310023926901,0.568942591880894,0.6119170038389264,0.3833849528419885,0.6591229531468212,0.37972897888237767,0.3551995457675187,0.4406854993706092,0.3575920820805094,0.34997509352904227,0.08772311752391176,0.5068771231838733,0.1607395062202773,0.30379395669473913,0.6918035936683884,0.18533944825244586,0.17482024178164043,0.5107979723075375,0.49305415872173225,0.4975997770366153,0.41236161030547513,0.4260705929428343,0.30110715896337975,0.4861609675131765,0.3904122832935747,0.3024513306073647,0.44021450785842414,0.23019796824718736,0.4352565482854186,0.11696137646681168,0.3732931649719627,0.2587843353848983,0.21382366475859027,0.31837037807212865,0.5735213296573496,0.4391793429095909,0.5868383538602782,0.5443419022579948,0.6637345972752337,0.2500709172814602,0.7514156544081062,0.0,0.45457121354325947,0.49716962235125584,0.53666444463372,0.38771391158050483,0.2102225530477228,0.5719388469831274,0.37930301074750605,0.42822321669554075,0.6654362091865657,0.1636764786317616,0.37995789807947894,0.2844060033223455,0.28593250476464505,0.6176924915892498,0.08772311752391176,0.379573109464238,0.4408948150844958,0.47378313098550057,0.2656468757335583,0.09994050944193013,0.25004264086918515,0.5654252369240902,0.1986004307365451,0.6154836936452949,0.4192006490338624,0.5295160007114533,0.1594205754842992,0.49589490300898514,0.6926186242164389,0.10841295999124985,0.48596659191412517,0.5932727282653129,0.48533166927979965,0.46284833140909354,0.17993186699052383,0.4231434181681817,0.4035148619202045,0.4470400736769207,0.6632300342310156,0.7025861490389761,0.5350412943566609,0.4748265088098853,0.40446099014026854,0.7261670361966241,0.40868637218823906,0.5870219223971134,0.5391757738059054,0.511712750610179,0.44225390267322034,0.3120424348579295,0.4126951945477446,0.37607301859576375,0.5032723375655033,0.5027949277814049,0.211352949674344,0.3910368560914068,0.6154458357766465,0.46284833140909354,0.48168944882488246,0.44950289806452476,0.41236161030547513,0.47829097957867384,0.49672328841128327,0.5724640345665984,0.25931412445193536,0.6433228859221144,0.6110296433207288,0.7162417815647235,0.2582009421027891,0.47774982926400344,0.0914298784073584,0.6282611804857556,0.26909298680074784,0.2786777233613457,0.2656124533683201,0.2423036361060096,0.2557755202746526
attention_zero_shot,KCNE4,0.2448020688165005,0.10931235679969817,0.07535074682605412,0.28812389101675295,0.3574207148961415,0.3054113198112801,0.5036734458573283,0.10886934037082319,0.27482498483480017,0.14026666200059915,0.10977329849115378,0.10888404763348321,0.2409319858546468,0.10131015326807684,0.08925582768576454,0.4204477840752517,0.6001248058641777,0.10021204974429736,0.7981157702910641,0.4054249469484031,0.10187309275191352,0.10704388588976087,0.0987628861972608,0.13561411341742072,0.6807059733093939,0.6324820489879698,0.0,0.07890172111999323,0.6388431411009867,0.642504978712581,0.5144088305464857,0.11339712571820725,0.3577074061443847,0.6664902698933477,0.4677543600131303,0.27617402728670726,0.47642271102219846,0.4735069868056865,0.15722148545992778,0.4155657459099777,0.338957088353407,0.510007759094731,0.11383332629092781,0.11961895730625273,0.0907290063905479,0.13096800603759087,0.5613348147318594,0.7078454681563274,0.0,0.1178216781224789,0.14700719344541754,0.11307793579768491,0.567821729646201,0.23262217407780017,0.23689314199115122,0.4611930244465974,0.22298544901365458,0.6824645927624571,0.6799610304441402,0.4811107109076519,0.14221143555978333,0.11596292168190994,0.27574804170577777,0.5635424747370748,0.5621375039286807,0.5097471265922807,0.527889162901052,0.533675258635686,0.12272906417849193,0.5405175624576001,0.5316665107416738,0.5191751356017784,0.5837922986173074,0.13666894753264364,0.2786202769838749,0.07890172111999323,0.5866354975102617,0.08470943381287978,0.26969512013369823,0.29955493771436054,0.13581227631641615,0.1365529094949642,0.32501762969112086,0.4418929230184499,0.5579407849521196,0.6810586973732913,0.20037233215981518,0.18784379779343233,0.5099446944314748,0.2398153114412319,0.11167864518618892,0.6269918672485795,0.1535449017780472,0.5466794339161695,0.10340104514707898,0.30257811118695105,0.27924446696279037,0.11414888305213142,0.1360572285795465,0.3369921377036953,0.4879521562965997,0.37377252138988726,0.32155460080695797,0.2225488984394964,0.1232134431465494,0.22881379076837027,0.0,0.7117384864352967,0.5166497111231807,0.26416097903751645,0.1089441644771472,0.1297909479847979,0.30404488200824836,0.3345356874160456,0.3734671263985101,0.4566470000330633,0.0900938832339343,0.1187260305373946,0.12024955292124186,0.11913192218375292,0.3503691003460937,0.07890172111999323,0.11598503358708726,0.4288194098726376,0.2474292578727095,0.1257138197438284,0.06063243991887897,0.14265178590583766,0.4111777880849064,0.100272957631005,0.5504651943695579,0.8266913738891937,0.6855238635896764,0.13748944247488437,0.4932365162908725,0.278725417721837,0.09807676869696666,0.47405240197357784,0.7380604456805488,0.7630364097933774,0.7282927221669648,0.1351347985114871,0.2344080440715059,0.11758274970896695,0.4220408594362965,0.41597823336106216,0.4762477548219486,0.26271598887892517,0.6959680271930141,0.16875638811593635,0.4812715108250451,0.1207829435321171,0.35217937031157814,0.49439553620068794,0.509791266250629,0.44739928988715316,0.22041612796303348,0.4836173983688107,0.3151012129786423,0.703358516392251,0.4089680009896728,0.09219393163686605,0.11704743470823185,0.39775045513421153,0.7282927221669648,0.4552261636024095,0.3780214879994886,0.6810586973732913,0.12043523335868098,0.1558553493723296,0.5717314866754551,0.10977329849115378,0.3614059795655553,0.1305963676260431,0.3342517186662338,0.24975659859450589,0.3312244789415679,0.0883841000076419,0.3783324132634246,0.11330853498276551,0.11546410162468304,0.12565644913509813,0.0987628861972608,0.10572172595868673
attention_zero_shot,CENPF,0.13686347871558477,0.39194222730992245,0.07252703719723792,0.40049891342224114,0.41673579087063944,0.4357735160363798,0.40202913895960246,0.37366704599108796,0.6129248107497379,0.6497415091601666,0.27731550643386815,0.17463531931072848,0.5247317181828816,0.23973230650803015,0.07499260117031938,0.1738728517726284,0.14313539795339159,0.13546248957402968,0.11780425864895208,0.4970984132769619,0.21114769662651894,0.3403186903375537,0.22516796328695168,0.5232062993472999,0.1440970679092408,0.15107462859781773,0.0,0.0729554930400981,0.16717976668618628,0.09940842537416587,0.11023606207856995,0.09205679575187277,0.3034170748503115,0.1451114471147699,0.49239370706076385,0.19191113223113912,0.15217885711940077,0.16521934394546947,0.6282301902143492,0.22623692164374495,0.5589539773199226,0.2961375682187953,0.2887866888714258,0.2726701642866474,0.3387116568446684,0.6586427914129397,0.15900897482938542,0.10076412380895045,0.0,0.3949273477245481,0.18610225410252249,0.11458265080284798,0.1407984016583797,0.6883070660401835,0.5178827074349676,0.15234683488031686,0.6035654572497853,0.15400970823912052,0.13959942048927348,0.08663479166666026,0.5690294012355359,0.49012616467218045,0.4900785804440598,0.14142409919320378,0.14167932447972292,0.14687259170800776,0.15704230396990912,0.1446308913121217,0.4293611671677734,0.38211193408736593,0.09893466305478607,0.10087590348528207,0.13904718572672525,0.5039575505388986,0.19105401514615958,0.0729554930400981,0.15151604329977908,0.12830719818779576,0.1785732543777744,0.5764064195830177,0.5695796527343542,0.4963211495355469,0.6060808049601021,0.1885240890112846,0.14100507373696688,0.09955474045239161,0.39591863109056646,0.4945009957884651,0.15161557707925302,0.4852239684913827,0.3615839933398678,0.10091981790122927,0.2483797383689016,0.16555059380142476,0.1069545746814926,0.2014337444295405,0.09089771492696884,0.2951997176834946,0.5918420470287301,0.5392924262473386,0.19164329562084337,0.4092534474122888,0.4990442400361501,0.507825270347268,0.45911542065409694,0.6651123302583523,0.0,0.10063111793804203,0.15753366892678378,0.6344103869799597,0.39189676334075885,0.33295368134372766,0.5249687928068998,0.32350108250592396,0.20909765494737168,0.4223964182281253,0.12922611285386856,0.5248453831713507,0.3199123045675748,0.33669213911169243,0.5368568886850474,0.0729554930400981,0.44292093101410523,0.17162821666587025,0.482940167369183,0.35700490202774404,0.1391699623498652,0.3398270726070928,0.4850100716785581,0.37013042780794825,0.13657511124699678,0.12670007536583627,0.14849228870829578,0.46846892937603773,0.15699762402372114,0.5336470186797054,0.13452505646572935,0.2204991932481225,0.1309212019473147,0.12332924794425333,0.10101679462678852,0.41526230945575865,0.535854473746686,0.5625350393043774,0.2730235560814208,0.14030761082383264,0.16072820642822833,0.671784190829599,0.10060101950882634,0.5569824842715264,0.19241171088458353,0.5767744975888993,0.5609022598058089,0.5446463510796392,0.14857610206923155,0.15929099897839277,0.1954899090427038,0.12431321396214996,0.1769742336788648,0.11970129587035006,0.41114568684863867,0.33380117716815577,0.5841505145244934,0.18805343475118771,0.10101679462678852,0.14929251071874836,0.16420409856010812,0.09955474045239161,0.5389614926431171,0.5742059609664032,0.1515205359980757,0.27731550643386815,0.44880074822909094,0.5813552098359778,0.390991196123156,0.23120137304440128,0.14868218139552966,0.07455180177833062,0.17590992971151906,0.30187863969445783,0.26265983603113147,0.3573994128797673,0.22516796328695168,0.23808183056550247
attention_zero_shot,IGFBP5,0.6514610080984619,0.2502074237195817,0.4492807358960128,0.3194748117004099,0.19901013622405747,0.507353126448624,0.34737043238912685,0.31597379211558385,0.45153642221317786,0.48379551213554906,0.3376700267307439,0.33889674179966117,0.20692762034469783,0.2960296578073362,0.6868422747370094,0.16365954179431827,0.3640453408479346,0.26620332172417194,0.13075838565174577,0.315702945549163,0.3563771150154495,0.46799549643313254,0.2657251572167014,0.3180479333184334,0.1446588788711643,0.15563226052259121,0.0,0.5302796779414756,0.31362181348792234,0.10346685863971175,0.4220875888778122,0.6608779038702149,0.3159548396285252,0.1508295845683887,0.29273654561255713,0.4587115520483272,0.1569887346317307,0.18568461583120865,0.479922477307257,0.2898057136811674,0.35458097099019636,0.13265400869238045,0.3725294990080732,0.4368952776954722,0.08732114396931273,0.4173259773078223,0.17680183501375432,0.10881647624253343,0.0,0.490636831935107,0.9237086054999676,0.9661927063868545,0.24715967508132242,0.1747113211945153,0.3423444976498984,0.23499782686673892,0.3661645214994277,0.15849455112087865,0.13773852133283473,0.08917414300193437,0.31669976010526163,0.46482841798611446,0.20705360142688245,0.13193432047092793,0.1322105112259358,0.1401500044467851,0.13222517774311285,0.13700248945818233,0.35160782818657355,0.2084773417587213,0.10255958420752828,0.09962206733498352,0.4967460179381645,0.2270730747086018,0.25785563308243087,0.5302796779414756,0.14171239546062608,0.631142394347053,0.6237376856639985,0.4584310929400564,0.33443136686227837,0.3074378102544479,0.3638493599075996,0.17950230363294709,0.14111459611279878,0.10579110473673461,0.25689707939766676,0.28049976187484593,0.16289809676586978,0.3643357803919925,0.3516192287192005,0.40431717968728326,0.3126363003074265,0.21669847883999516,0.652745153186871,0.20770370460486132,0.3763549636338043,0.4695325385871766,0.38617969012564884,0.23304264179011755,0.24509313844600206,0.24142001595491802,0.2558239242283366,0.2269205557487796,0.48928212964183165,0.1944922728101143,0.0,0.10880569782238128,0.1801395305045249,0.5206961037291593,0.2278340689910669,0.41039802340829395,0.3084466376321318,0.30154382827782017,0.185442984564943,0.1872708123609074,0.6323400644228563,0.48704715087841066,0.4228387244335812,0.4131730867964033,0.37425440719473463,0.5302796779414756,0.22569573532777773,0.20548912407740694,0.27928559812333165,0.5194511368142476,0.08562082040808516,0.37106593664816967,0.34202496838207347,0.26457370569583427,0.1592091152932681,0.15290914201906514,0.15897640036100585,0.2996390368456224,0.1703601667260493,0.20088736272676533,0.2545166455586618,0.24207810737823043,0.1267663181778089,0.13670158976271704,0.11013413975028584,0.2764729807467906,0.4530227095973421,0.4160601499984327,0.13802511403419349,0.12680623540829333,0.16407807504164773,0.3257434327479144,0.10789192486045715,0.5121112758459976,0.16707990895824631,0.47948757494178135,0.3660193654813948,0.3010866403828468,0.1458720874167825,0.1747662873893295,0.2226988962779646,0.1253868911838544,0.15637533060715775,0.13379703974673673,0.2976059238356162,0.35641534186204077,0.444309111770735,0.2913225591863752,0.11013413975028584,0.14708197647481694,0.19948192828806272,0.10579110473673461,0.29271469453353377,0.1828723211502942,0.15220673485222755,0.3376700267307439,0.21259539197107566,0.48194386655183963,0.2563775587480416,0.4216143804440207,0.5395324220277509,0.6044460445822952,0.20292046424386226,0.4996217300674429,0.3881042976805845,0.5566229812892916,0.2657251572167014,0.31161733489065757
attention_zero_shot,CMKLR1,0.47578224862417917,0.14154781149072548,0.10147764604766764,0.4395609751499631,0.4307977076897936,0.35367655910677326,0.7649167233518305,0.12251180893598337,0.39661961208758517,0.12858585082708515,0.13874888595354545,0.08451561818896244,0.38380314638297935,0.12950201108744186,0.1059634374764783,0.5840922415780693,0.8213676266464166,0.14161769876292993,0.7087739203343606,0.576457183124184,0.12992421570031937,0.12845062562091608,0.13964469289262949,0.11970363554213724,0.8452426399974684,0.8008823856847355,0.0,0.10602220384542817,0.818763104153873,0.8432946272267209,0.5989438278876428,0.08196659481875226,0.457958149597387,0.84741269869402,0.5727347538802533,0.3826270314088779,0.610539752395587,0.5901305192248248,0.13490919807124782,0.5647845833562571,0.47349961469036644,0.5558674337532314,0.13979453384255364,0.0865797402988667,0.12864501534625913,0.11892229941112706,0.7112107509637384,1.0,0.0,0.13615613648877567,0.21190913025253647,0.11555645478536226,0.790782229732779,0.28094129855197286,0.3676331817509245,0.6479278571839925,0.23913637022442155,0.8853199862117408,0.8818414672198764,0.8835498714765987,0.11737182282703851,0.13105748519939103,0.3548287142593149,0.6246023198699636,0.619850450501229,0.5338675398064145,0.5498480600612704,0.5906651581527993,0.14422283367662014,0.7745486196351375,0.828913329034195,0.7311938448958443,0.8318692210194281,0.10462622536522942,0.42614623601357826,0.10602220384542817,0.6086946917483689,0.10359786768373434,0.527646587857479,0.4673355044719387,0.0938101764640063,0.07932232131451374,0.49334066835299467,0.606894324424038,0.7438802425984972,0.9034336248986022,0.2369402595457532,0.08326719036291813,0.7071773498474158,0.3199269934919651,0.08794485895377546,0.894061868658544,0.12075180186482802,0.5661367503174769,0.09423093737563272,0.3027521835957604,0.44882203366266893,0.1376615186976386,0.10349449362745726,0.5380660449715704,0.5442441431980949,0.5509381502188576,0.48160846441073246,0.3854243755700515,0.13574642816709942,0.2909339699690809,0.0,1.0,0.7014349930845236,0.34936773070067545,0.13522751949424464,0.12139172968597625,0.5136383804746176,0.45200027430269213,0.550688281589549,0.6353406426824855,0.10763620474952523,0.1353089094953324,0.14045806440752692,0.13586936444298414,0.4654994181051535,0.10602220384542817,0.13906563381260484,0.6510579744210082,0.35265958116121304,0.14431671759681966,0.08177865051554344,0.12959082551271994,0.5669567412650939,0.11801934114756812,0.6716881515689938,0.7563686637282688,0.944306343670197,0.10334106140191393,0.6560835569877014,0.36680600531123986,0.13674370731315674,0.589314816649247,0.8063574636959284,0.8971544088701341,1.0,0.09731410481487537,0.2898084754947769,0.13044872768717627,0.5427592030739873,0.5713457744590892,0.6113158187705527,0.31240021687142616,0.9624858637049927,0.13094993797660787,0.6636375041691905,0.13944187173480108,0.4416718058294907,0.5731737490587491,0.6816446558635966,0.6937730708262401,0.3095097358612639,0.7227475576115662,0.47127372086009967,0.875,0.4395793689678583,0.11250787378831122,0.129176203437895,0.45425628657720807,1.0,0.6426969221667574,0.5332474067114462,0.9034336248986022,0.13954104835885858,0.16100035559900988,0.7362611051223452,0.13874888595354545,0.4869694315759537,0.1439533623331621,0.46508162334791,0.30182178366318074,0.5021475434155879,0.1075518518179502,0.5291187860599262,0.13850079737345838,0.14281374533463778,0.14427142501098,0.13964469289262949,0.14087710217563268
attention_zero_shot,CYBA,0.43325461803627857,0.11812421364085372,0.0646917670644815,0.4042539787888857,0.5352173239640439,0.6172038974919999,0.5603539039896654,0.18600109018092326,0.5015424621818996,0.2336996597854583,0.11276392434372291,0.2521432035323225,0.42049951863293056,0.13788350025578724,0.06882884058712087,0.4738684424651913,0.6268142863344597,0.11716424623032258,0.6624384898844334,0.6876209871483161,0.1471971444709149,0.23312476022774528,0.09978156840571323,0.21198404260659628,0.5951724606746277,0.5279589737433983,0.0,0.06505398777039864,0.5783302168324383,0.5630632775123534,0.5709441119803971,0.0988364175383972,0.5098364426176776,0.6640633598169243,0.7036119670979228,0.456197886334757,0.5975609435283961,0.5703793495107757,0.2901781597681729,0.5333308897276765,0.5891191749296134,0.6584594078135201,0.11890230354001918,0.29168891622678245,0.07556371663222283,0.26452459067259637,0.537716645036278,0.5352910708682276,0.0,0.18997497621592466,0.272442858896791,0.11450895631338649,0.47259876257131245,0.3913786351341613,0.49530681947608307,0.44756441993009416,0.3729041949486155,0.6665818859274565,0.6614360785371949,0.5004745084992067,0.1719443817909963,0.17237872195265772,0.5303864689087289,0.7191217069632821,0.716700342368138,0.6913518820449033,0.6910078444270589,0.7084245786339719,0.16754396506548677,0.5660871285236575,0.5476703595942185,0.5506090475191711,0.5515641471057957,0.1943172393932508,0.617771389569481,0.06505398777039864,0.6368723058720848,0.10056624161659682,0.47962293247425103,0.47226500642828634,0.24310507010185733,0.24519752188153018,0.5633576745487335,0.6175060763385667,0.5448821437309862,0.45278485649144756,0.5584922442145047,0.19687631609331246,0.49271927471356886,0.5373318811421623,0.17248933256579518,0.5191516194878348,0.13542097781297027,0.5297859010858085,0.12249376382375764,0.34877906609460346,0.39570542013631804,0.20600298911733167,0.26648801116900145,0.4844831748202002,0.6000818793398291,0.48344039275828604,0.5159048731602361,0.45246824703879335,0.1887444941096475,0.3429118344164564,0.0,0.5261791310813301,0.4968586468687084,0.4870693647639138,0.15242132759430324,0.23524126927588804,0.4550225004808292,0.6267952289131261,0.5219499028202595,0.5263781814584951,0.1017853622402318,0.2658819569191941,0.13126571895970046,0.1410563091353787,0.5350549545385157,0.06505398777039864,0.11907786865699142,0.5876907916709456,0.5091078576246775,0.17268239107984298,0.05722428588659005,0.2072342698500122,0.6113833117344528,0.10844044586247553,0.7139373128096046,0.6425439136801514,0.5597648070136712,0.2430301193156748,0.48882158101674966,0.5290175482869917,0.13987114660633937,0.648343490825234,0.6346595222328439,0.6051018111255162,0.5261791310813301,0.21164370125202037,0.5572463835334616,0.2774159020746179,0.5515338278796528,0.4832647056903199,0.5672687833232815,0.45635659912225207,0.6268751600776155,0.22793942971332698,0.5739824176938314,0.17957651490966536,0.4953088601840449,0.6229595913510342,0.6478933571759854,0.6152188217153631,0.6232712523639742,0.5463039390741324,0.6517846162619564,0.5895290407381161,0.6154280591361453,0.21114284418861515,0.19483115600815618,0.6393772246982393,0.5261791310813301,0.6114367812492688,0.54226803514776,0.45278485649144756,0.11535277958925974,0.24484302065637284,0.6934651770086763,0.11276392434372291,0.5294070770748178,0.2054345982260757,0.5425708050831258,0.4115145399332288,0.55729432835248,0.06785878330526247,0.5944907442776117,0.15379810212495235,0.11932145512014945,0.18772355257375745,0.09978156840571323,0.10656071277602783
attention_zero_shot,ANKFN1,0.06861338596532604,0.06963265935482799,0.0553045622746405,0.08044251967361848,0.08035035196587846,0.07810547597144178,0.07171874465037362,0.11728891417601932,0.08540103112779986,0.10147738938736924,0.14041567193199406,0.08670967005611659,0.10208753215285377,0.19220289228936696,0.05916444314727382,0.05590400126083249,0.07094642172559776,0.07134766154384108,0.042844640276705336,0.06845171966849434,0.12358371526493864,0.11575378012635848,0.16154799295903885,0.07573495781243879,0.07237280540026532,0.08168000035887713,0.0,0.06083803541750177,0.06936340990722441,0.062430537794081475,0.05012909116412785,0.04354447453753391,0.10673072702939278,0.0750675961766315,0.07084337646390468,0.07538350935557879,0.07373446785797243,0.08196391269057919,0.08613684440311042,0.12615065086134808,0.11499534510463563,0.05889091420910502,0.14393772543650152,0.07430542600726506,0.0679176571658149,0.12034259062850174,0.08565655230536688,0.07059588338255857,0.0,0.13161734176715353,0.06541161767952791,0.060974524068493435,0.06833915635604974,0.0703798740933859,0.09656389416627224,0.09523549510538828,0.07741314219327199,0.07684552952095718,0.07003144569075537,0.06457383816417503,0.10997835113229557,0.29514823258953976,0.07906467695904636,0.05878190328369893,0.05872486773922321,0.05725575823679287,0.0556630101885891,0.059530104706429124,0.07006140990208125,0.06844923636077697,0.06333366248116531,0.06458291854757456,0.06712028916292202,0.05997604228555399,0.07997136073463237,0.06083803541750177,0.053115491632044716,0.07483664224770988,0.07150868608548837,0.14080920437673994,0.0894697161963478,0.08055209109550454,0.0889931761309097,0.07806919421467888,0.07292428725648041,0.07450662937533824,0.07331290148869309,0.04945316363375007,0.08350455254397485,0.08433413636216425,0.05654456666329783,0.06774425015045432,0.09692879577542331,0.06754045566996111,0.055748855615851876,0.10137550749895231,0.04845521658155772,0.08815709210360455,0.06477977204174319,0.076527685459487,0.09867593148066496,0.0662053650399088,0.09126615847661898,0.0751450220241672,0.14939074798568272,0.06881371616567274,0.0,0.07216018177967044,0.09105969461976532,0.09994311557934966,0.06481856343513166,0.12503405161952127,0.12066566894750344,0.0730470698911442,0.11321562653353091,0.10474803542421256,0.07843014674458305,0.09723868239055806,0.16867951603609668,0.13161872353051968,0.08799850408074876,0.06083803541750177,0.0675369723793193,0.092358869499395,0.09335634769785363,0.12412149371415335,0.23253356683524398,0.14399210307298863,0.08555795205779947,0.13336145990175796,0.06337106791170286,0.04646098394637658,0.0865173941461321,0.0831887906597919,0.08045613207879505,0.06715395944526951,0.06451215960942976,0.0687400104173673,0.06554754902355323,0.060245438303210504,0.07333340557750434,0.078274609803095,0.07900411497053277,0.10882283888200751,0.0800768572431903,0.05962251112325035,0.05044267441203406,0.08344114376769449,0.06781212233938096,0.12674505013466517,0.07578191467324139,0.10667626815512087,0.07725293159250282,0.13784284723842624,0.06823762843310545,0.0848147235634541,0.07692227639337447,0.06705130202730011,0.06809929074495737,0.05647670670604685,0.07697671499555625,0.11341678153903029,0.11404651211392904,0.07282489483442203,0.07333340557750434,0.06796929355686138,0.08985520996142642,0.07450662937533824,0.10437924277830277,0.11504234206585032,0.071642090268362,0.14041567193199406,0.06791922112136087,0.09638587781220788,0.09966303496165484,0.054893585768914434,0.060529684120652835,0.06083803541750177,0.08698311582859583,0.13565628329523396,0.16154799295903885,0.12392173302095713,0.16154799295903885,0.16154799295903885
ig_lora,CD163,0.6955167552028164,0.3395677092762428,0.2824890831745454,0.45996631923644526,0.5575217141152301,0.6115876942023466,0.7933975530534098,0.11745416823318311,0.5862815853954064,0.3005035708186867,0.12331004131322569,0.08242765287694626,0.47681807384594554,0.21361127754804224,0.41762695771890535,0.5055441869333454,0.8455151616110413,0.2004591545454608,0.5362312485623592,0.6595002978115578,0.18263311721529693,0.20208015576827074,0.12165264778636047,0.14573019016322875,0.656835730757369,0.5661476286336481,0.0,0.33126628695680477,0.7049759100186577,0.6156762738684539,0.6058713510648251,0.37964220609332416,0.39682733646471624,0.6711601503122687,0.6252779667736328,0.5659872108623606,0.4894909893888353,0.486367039557229,0.4332043513956816,0.5011966342941222,0.5999941023991399,0.5448654611093318,0.1245071014276658,0.24171016030960848,0.23206863916066958,0.25645822656858414,0.5366424629793797,0.6710650114902278,0.0,0.2575338246325839,0.9072231559181069,0.9194493649070586,0.5949555202380715,0.7998647297464777,0.5342540195262964,0.4809078290202804,0.508481823800181,0.7126489834995338,0.7274144929371423,0.5677498121986495,0.18186804747467308,0.19197207923195234,0.5813269544412915,0.6910018802724756,0.6875685678310586,0.6096293665154957,0.6342687502300415,0.6662249529360124,0.4339151793796367,0.7971076225580236,0.5818630949367793,0.5382475692024523,0.8412891401089377,0.21801388972582972,0.4164226237814252,0.33126628695680477,0.516347924129105,0.3621141907179646,0.6951652871781722,0.5958657634413177,0.13426339363075826,0.08344110739176536,0.6130516785246319,0.5462495182706387,0.5664349382420694,0.5633830036041644,0.38240681690878375,0.16896123832156548,0.5284263599961707,0.5528570157109627,0.18886973580030156,0.8799170954176667,0.11323167422354395,0.447991847471605,0.3513053409758036,0.2634236319561127,0.39350309873948147,0.2757874764227948,0.26135130100699133,0.5856805577843037,0.4294769755617829,0.6902605356619003,0.6389138292924286,0.7210045140651192,0.21188210840085292,0.7059240079926459,0.0,0.6579076119498368,0.5271531306054161,0.5702959769804248,0.34562890198758184,0.19752602935863212,0.5436795270138797,0.4742570545048911,0.463687817554655,0.6517876374876052,0.3973342999529504,0.32624319504432736,0.1265004065109135,0.12513311052201992,0.5824956744957186,0.33126628695680477,0.34044485059182417,0.5124124620714444,0.46437498835362534,0.21458299835792147,0.07474629899688134,0.1206773114140039,0.60962358885776,0.11363194883806137,0.7058900296557804,0.5979501528597079,0.6502441406470028,0.16302327620484697,0.5139549890946994,0.7646451014176885,0.19535787832025167,0.5635200482850862,0.6599572625956911,0.6652479026568354,0.6579076119498368,0.09868295729560823,0.599467565135562,0.3529301280304627,0.592235771342966,0.610139612701054,0.4617377867247382,0.40404214241092873,0.7054783881283718,0.30357262866089985,0.5590641926976792,0.32018824338775304,0.6489429525016601,0.5981494605185363,0.6163869785061293,0.5426765059579447,0.3358303462917353,0.5452464984186208,0.43946959434613936,0.6699340085355978,0.5058613306123327,0.182733179637644,0.32166221767767267,0.5799345284154573,0.6579076119498368,0.5887850818353124,0.4649294145732714,0.5633830036041644,0.2703633214512883,0.46776442223736453,0.6592965957866275,0.12331004131322569,0.7155246130378746,0.4643429504657139,0.5244135377531416,0.45716198491839893,0.6692449323461318,0.4084278692310196,0.48065031156493004,0.1877155359845645,0.12558636256663738,0.24265983314656178,0.12165264778636047,0.12307790676472168
ig_lora,ETNPPL,0.37201169352052993,0.11784810391983903,0.08423293792075567,0.8031622860654748,0.37600019808084584,0.32561120473386435,0.38222681456208196,0.24615977907733658,0.3400947126235978,0.22188590001862313,0.31582062805083433,0.8052099276481288,0.2741623930862458,0.14237919275207822,0.25813775575607184,0.30115975920538635,0.5603156213373076,0.11007632806191837,0.3583950650440885,0.36292857622025837,0.6785647656866627,0.2878485571121773,0.2947434964145863,0.18523146434273832,0.6197662240232461,0.5788045892558843,0.0,0.08956007869878632,0.4266183616324964,0.48045845816655464,0.4912098303571168,0.17041060387522,0.553875179435164,0.6264806065803767,0.4494347203405807,0.3236113907979503,0.46395100144066714,0.6707381444113442,0.21718861600222497,0.433159761301794,0.37130988727267833,0.3439530904596751,0.3330585202965817,0.14409738919197124,0.10145930280325229,0.2145147290358655,0.5502727023879533,0.570382049702407,0.0,0.2416804625862201,0.1491683366568533,0.11353395830375523,0.3995264048629422,0.254529538567887,0.3021550422232154,0.5777709883554076,0.23755423095944314,0.6676962481963277,0.6503652974000791,0.29983135924003806,0.22745075320315022,0.26656312480789507,0.28883460651055604,0.5222914261166678,0.5203100226132898,0.459093407575752,0.4693545874745093,0.4993118876863507,0.12953762120681864,0.45485300188882605,0.39068349783677775,0.3408190040155842,0.4901243389874184,0.15413833580679215,0.3074257637945374,0.08956007869878632,0.40506111219575947,0.2917548611601481,0.32327165557592225,0.3324353842054235,0.27473314701676466,0.2832475167740813,0.2918329898675296,0.458312572986042,0.4910472761600007,0.48085570375582837,0.2938861448282414,0.14437841803484788,0.46561491111561754,0.25881805805176067,0.6630233473562287,0.5057012184613333,0.250740058777314,0.649658612067678,0.221532236181338,0.49152858879336525,0.6323732850477396,0.21306905010476437,0.17335720997267035,0.31512069181304614,0.7388453294824985,0.2732603371954377,0.3070426989968002,0.20926447767776934,0.26731995656090585,0.20917927979799153,0.0,0.5594339124063816,0.4964434562188827,0.39115478616994553,0.11511850853519956,0.20732668053193123,0.3731835650688483,0.36270544740886407,0.37651898970276726,0.6335541985975814,0.16842166163503222,0.24055475224716,0.34560135924450247,0.3340022537376803,0.35883721884699027,0.08956007869878632,0.12223158806613026,0.43992552706775634,0.3412481343267145,0.3066903001868177,0.11238573440806147,0.27597420771667397,0.448054130949605,0.26843141025111195,0.5934949005641242,0.4500166534874587,0.6245260955637644,0.14484694355179975,0.6738467724647763,0.27244326805671615,0.106226824248166,0.4376112353711212,0.5932340602380292,0.5654647507091773,0.5778275076637908,0.1698365223606765,0.30597935522890607,0.21052237349256045,0.42361413612473997,0.37068174218148675,0.3532610765050436,0.2951966841113177,0.5699215157836942,0.4434936455584636,0.4817750264650454,0.2623682119916883,0.28203344517056433,0.434852815409216,0.504255164725839,0.43367469563284566,0.26832900675535964,0.41228119378397,0.3237036052995657,0.5811395298819655,0.3188790639230162,0.20981860306066977,0.23929566815446252,0.42795004249661894,0.5778275076637908,0.4406093686335711,0.411444075207113,0.48085570375582837,0.2536557977090133,0.13561764775763196,0.5719363573167894,0.31582062805083433,0.3296517346402134,0.23760451054674842,0.4312709657653382,0.15774133233526527,0.4378417826038071,0.09679318820156191,0.42929527255205746,0.32450736432062616,0.35922884777916014,0.30662883167746385,0.2947434964145863,0.32238007557083226
ig_lora,IL1B,0.7520640608723905,0.32062468308890935,0.6951264497174868,0.2661247565399474,0.3756854764170739,0.6309442132643401,0.347310149416606,0.19101819010488025,0.41281484365873494,0.3652836715232672,0.18218830052339902,0.15151111037274737,0.37912573632157787,0.19349394344472212,0.7528960206757137,0.20936862714187118,0.6159866081780586,0.1645666869895042,0.1060689016298157,0.29446317876881306,0.2218622774501279,0.33958189179610376,0.1629413618460773,0.19094913343977032,0.17356234131059442,0.149495931052401,0.0,0.7433085992971393,0.21179962603178829,0.11470337003675209,0.4857015134166907,0.5721337122990756,0.19262720036077044,0.1816795634195797,0.28165593091573754,0.6990383863087084,0.14716452307622824,0.16125589202643392,0.46070710226858996,0.2064694078613382,0.3603606247824351,0.19576607024112017,0.19199773304650616,0.5645201343994249,0.24301764917822916,0.33616005846529556,0.1580476072658155,0.11889162089508845,0.0,0.27989004200333045,0.9054834497775096,0.9610138239850929,0.16762947739392942,0.6608498043214606,0.46341932997108054,0.2873329438293955,0.45466304801134433,0.19009869911567512,0.16594884602949084,0.10267280271373384,0.30605261222927216,0.25275401159536803,0.42051182014212274,0.15421634925146094,0.15467297411455375,0.18153217369100025,0.16264894101416935,0.16764409230651367,0.3940706632955137,0.32078627503954066,0.1151357046352924,0.1140881626096553,0.6576615090917889,0.27084351336077783,0.2779917683223195,0.7433085992971393,0.12353914254519664,0.7916671387227188,0.7560787351268229,0.3984417170807085,0.1880956277068745,0.15788297866964107,0.34679099348019854,0.2646638258950404,0.1762518498684763,0.11832347995336609,0.36563671470460185,0.23979366082943077,0.15121659420914807,0.5413926459801256,0.2416368743926409,0.6453864270414147,0.16402060753119252,0.1452764191586553,0.7279927083498854,0.14426274580032958,0.09753110287732708,0.2726962394791332,0.31733529959371043,0.3051506475042797,0.17852605044600894,0.36456199584184484,0.39417251222442296,0.47798014104556835,0.27206404387591254,0.5530974006635158,0.0,0.11918224245655364,0.15897488015416328,0.45729943379229343,0.3264869869399251,0.22513495610101608,0.31784269425449424,0.2101548955702542,0.281652957618678,0.2964434407446842,0.8181208210028765,0.3791910464461624,0.20937860325565574,0.21778244697989144,0.36890553856073355,0.7433085992971393,0.3226070430243054,0.2463740515660696,0.4074975737084471,0.26356480647316705,0.08288765893224359,0.19090478895602364,0.30852831339131626,0.15744217019470483,0.1925065496562494,0.11790660332395166,0.18874238552591946,0.19055746714700914,0.15403301688561272,0.535696013502587,0.1618994937422075,0.19538599108310034,0.17607077586309444,0.11461662856226101,0.11988553524191489,0.155238240473466,0.608829867545479,0.39636175942079105,0.184522530765037,0.13212833112265077,0.1337866834492093,0.30621291840494536,0.11809811610914177,0.37584594306771324,0.15248898041779152,0.3760236776085485,0.4211446437165267,0.2726357782525842,0.20300385351226022,0.239808605705516,0.3101247888124359,0.1715601043850404,0.22013745733737697,0.11378557490404519,0.3693759933500748,0.22685215203328168,0.4471858440271535,0.4819396397334151,0.11988553524191489,0.22472603430629073,0.32232235682699595,0.11832347995336609,0.33189107498200643,0.4153120881614616,0.2277528344346438,0.18218830052339902,0.40294942566674613,0.48562270430018667,0.3741162349798119,0.26096359812265585,0.6192394517039058,0.7653107193573845,0.20432385346096046,0.24124353644303634,0.19493345687426022,0.2854866634712699,0.1629413618460773,0.17427189550189207
ig_lora,PLEK,0.5927437838421398,0.6456414276458977,0.27393403170611547,0.3522732133007627,0.5475481296576967,0.564480371437402,0.8983017968658359,0.11688870163911363,0.5862201199849707,0.3744400192095916,0.12937500722965478,0.08016989687734227,0.39191179541827365,0.38031196607239504,0.5466540812143867,0.29575157808041014,0.6864210157618446,0.4483315581430165,0.41793162268164846,0.566001611309468,0.31597270999669325,0.32006093493884635,0.12709153724943634,0.172769606328322,0.6594071843713352,0.5384009913886719,0.0,0.3976363245420639,0.8234646953973946,0.5995077512673643,0.49670094477884147,0.40928390856259395,0.3109733924596704,0.6825497657634394,0.6118277848644864,0.37861455663674276,0.42594116891678996,0.4306121814646537,0.6080703583304293,0.48053294159444637,0.5596166956728057,0.4883377835251502,0.13146322365123927,0.23726302101729202,0.3349834337745977,0.29682427818112306,0.49211328294663403,0.6607799315750676,0.0,0.41209074741037116,0.9241302289003098,0.9780010905537573,0.6839146679482092,0.8093738962087025,0.5100573617081048,0.3895776630810476,0.58973015445851,0.7013749502757424,0.704836810442294,0.4175920235198023,0.182497423161378,0.2730225215967927,0.5772921290329192,0.5571109710194533,0.551283483796025,0.4774857026756934,0.4933783033850685,0.5235936980687387,0.746886734032784,0.8783828540705729,0.4763055725729179,0.4486131923221271,0.865949905419732,0.23972834005904267,0.3388596529063524,0.3976363245420639,0.4730785724502834,0.4412834977120853,0.62077794780994,0.6018865571299794,0.1683356057589715,0.07380482406196684,0.5841229973673335,0.4193958298587855,0.4691841033553826,0.5293129801760146,0.3271106564868628,0.1632512275745797,0.4246163050147838,0.49761151615640625,0.196154192795844,0.7072192899057131,0.10646962748037808,0.34718792900514367,0.4029451700659986,0.2285056387509623,0.2641712362397276,0.49275717178444634,0.3432557788372841,0.49918120823804096,0.3103149722715259,0.766786023674464,0.6210590270055393,0.7338930087612819,0.2943013615837735,0.7193973402175865,0.0,0.6299417435364375,0.4365628798881554,0.5640315450553708,0.5875976621149123,0.3117563514859759,0.44057954819988027,0.44142533266639955,0.31777660619847276,0.6053256064576671,0.5144329553539789,0.46995289426681397,0.13392572236747005,0.1299877207327483,0.5766708179764589,0.3976363245420639,0.559946076457159,0.4224048079477967,0.39977936944172743,0.35087756349260246,0.07706524687398132,0.12233600066353806,0.582616241788768,0.1105056456757168,0.5744655291383746,0.569392609246943,0.6183277444326125,0.19695064671675047,0.42779822330792405,0.7515872679996305,0.40775358516775373,0.5478122644998578,0.6746950843862678,0.6894315938468304,0.6299417435364375,0.09116769915598869,0.5433275947275588,0.4732194260399304,0.43604619891953195,0.36356723380090683,0.3461008674650879,0.3518792672949861,0.6407025383215921,0.4381413684020445,0.46826333845412843,0.48427204699114673,0.7079244112258478,0.5812307305761024,0.5141210940799834,0.40028356443680085,0.25514670447864557,0.4343711959489492,0.29985494332922424,0.6633028180428958,0.419120223971369,0.2653434453553111,0.4185608487575543,0.4434195297427207,0.6299417435364375,0.4284240032251359,0.3297181132085028,0.5293129801760146,0.3487407497108839,0.5684958264493214,0.6012095077408967,0.12937500722965478,0.7266177657786252,0.6828697941179477,0.4495469139989071,0.6145402652980703,0.5018979504634943,0.5482272434065479,0.38092190868372594,0.32652850282517204,0.1345484646237723,0.40352162872130304,0.12709153724943634,0.1301295446982399
ig_lora,ANGPTL4,0.7401231693302958,0.09972022549524245,0.9273037831020309,0.08785746109446778,0.08188254928857124,0.33853340978422763,0.10601999498807474,0.08873200956975978,0.09369335979173767,0.09031024965414525,0.09810317499707431,0.06549449923168886,0.08781194041867182,0.09281294371163706,0.8341404127272356,0.0781717720131296,0.43007067282468275,0.09984839293414392,0.08177370982061731,0.08485849123158429,0.09342273100150356,0.09175618078985022,0.09885000345142402,0.08524742604376856,0.09858572928002346,0.09995666941300307,0.0,0.8432999948980494,0.10386636347534317,0.09649925048522419,0.45376480748108633,0.7238716845798272,0.08342016893884258,0.09778965519719184,0.0895236662276098,0.5326463331298128,0.08759200196362696,0.08715451766674119,0.09399821849669444,0.09225270930961563,0.0933070866471422,0.08281730149698757,0.09858735721031049,0.333121192793879,0.09313657019982907,0.08585338815415168,0.09553283523178878,0.10476265209603355,0.0,0.096265052592374,0.9038556738932939,0.9831074141713602,0.10350878705554037,0.09268480157990339,0.092835088588418,0.09346723244546475,0.09109286380431472,0.09841360574595852,0.09605950940043893,0.09301464434658789,0.08385749988387124,0.0933468410656039,0.08170651365139338,0.0767609839485256,0.07662570644108628,0.07081445104539982,0.07170407352640405,0.07521140814167161,0.10087130386166943,0.10207861196153864,0.0986117917479087,0.09166334776500312,0.5255895442406752,0.07500741097737552,0.07719829671833175,0.8432999948980494,0.07723193882328346,0.7652697096435909,0.7915333064070382,0.09914805485839652,0.0679182222448472,0.0574330355131425,0.08826906289173128,0.08592116050448557,0.09391012762643641,0.10690612697166674,0.07105218315689417,0.05868530185263649,0.09379444496452898,0.21821854838384755,0.06595034338483233,0.5731227713553598,0.08519399615437724,0.08040201861538279,0.8074890895147459,0.07077884776260412,0.07478831068271576,0.09700476270087985,0.0735809073910445,0.09052238348878458,0.0872389305044401,0.0998002111380107,0.09163180063755906,0.09023349768656813,0.09603132154914805,0.09113696990929446,0.0,0.10599941960030508,0.09536206920402211,0.0977929849706699,0.09613874374668027,0.08688463676234374,0.09408999787785602,0.08542651089949384,0.08676738846648796,0.09381969765102041,0.825098757018466,0.09561102464625079,0.09880998854244114,0.09636202653955826,0.09179992694602171,0.8432999948980494,0.09834291315227763,0.09072293992319283,0.08262351916985776,0.10083898411453536,0.06560920665497237,0.09189354902753691,0.0943225106177625,0.0861561291755216,0.08298419207260524,0.08233973293972645,0.10497765572694825,0.0741701645652639,0.09000012043968553,0.09097245490663071,0.09706669059426387,0.09008125386449076,0.09119087279778604,0.09487245816229606,0.1069359387671553,0.07001096782398665,0.20762093828655864,0.09298373214339636,0.08234513922658666,0.08218231107757305,0.0774696048739461,0.09170645311027038,0.10261028476368073,0.09256863247314523,0.0886260884554232,0.09816288778588,0.0958052935062098,0.08957325523318568,0.08453195298295806,0.09085797812608676,0.0717752361361784,0.09335028265413003,0.0774154770103973,0.09170905709771336,0.07630060316258265,0.08255195304208761,0.09191684652339215,0.18462453668532824,0.1069359387671553,0.08271693247915869,0.08405353264149638,0.10690612697166674,0.09850416082473867,0.08112320706372124,0.09018824733322192,0.09810317499707431,0.09187847286915768,0.10053074776321776,0.08120603389008486,0.08920631804975565,0.5313493263363199,0.8746399959184396,0.08204846573212318,0.09724219818997692,0.10024626875375112,0.10070949536535648,0.09885000345142402,0.09939299551344011
ig_lora,GALNT15,0.29364284460825313,0.11291204759820112,0.08183753807983069,0.3334596958536005,0.36606418519129,0.3869336818772349,0.4189429331367629,0.35907096500709695,0.3049390610186213,0.21998316690206612,0.30951328106537435,0.21204765135667916,0.5256509579657292,0.1398646199977234,0.09374668316914832,0.39434526240768114,0.6302468061326355,0.10484022362808686,0.392011153141809,0.4317544494834442,0.2746221295033113,0.38888867287744694,0.29482228648189307,0.18483630293791461,0.6735678778740963,0.6471245958120861,0.0,0.08619936128049187,0.46274406263058243,0.5081780592626254,0.36430544153760175,0.07589980489908099,0.46063987115338173,0.6916689669839614,0.4683059459680062,0.3118030713932682,0.5252306788384005,0.5509176101133145,0.21779184723399658,0.48680604053510657,0.40937067549385425,0.36181453699590377,0.3238234933470274,0.1450195726174593,0.09695687961604062,0.211370130136951,0.6089444355832115,0.6000066337846988,0.0,0.24182816740769192,0.15843235521075302,0.11328169188061903,0.4491990118374095,0.25174876632438015,0.5283534119372876,0.49486039784220703,0.2975659085311036,0.7650025654821286,0.7447308019215325,0.36447341461915084,0.25803975559895437,0.26206482611018717,0.32130763939348805,0.6621115236998382,0.6620208068776143,0.5753649550847729,0.577491393032218,0.6499042094635957,0.1252211578082247,0.47808455308455183,0.4328142459010142,0.38208364818319,0.5140142293180182,0.159350629577844,0.492570259836327,0.08619936128049187,0.4268342704069334,0.21599586364854298,0.32667602522407635,0.36614226874864847,0.1756397505992116,0.16512142570067215,0.320382274924485,0.6193578093587057,0.7597382479503708,0.5327803001123017,0.34704678555938134,0.14748894681401348,0.9444525942582527,0.24602550174705123,0.13667576776905566,0.5357436227802782,0.25306816215368094,0.4476145102923276,0.1507710203805646,0.35755023386069223,0.23970356102652648,0.2194089669120127,0.2514648260652677,0.34691442695182445,0.4588912267706765,0.3078710114961142,0.3739944764451471,0.33487848259209774,0.26235875913615425,0.2309024127476071,0.0,0.5931157686265051,0.9484202660969488,0.32368261821148253,0.11164393257602441,0.21078677095901777,0.5220046867037068,0.37261980102571646,0.5469291071056265,0.5061002708304796,0.2213803130695975,0.24008693189545388,0.3340650068825097,0.491520202655843,0.39561089561037693,0.08619936128049187,0.11847712721682005,0.6848227785539744,0.4885120610202512,0.30027042892236283,0.11148531572004944,0.27153651500016207,0.5293198235074075,0.19364662710937092,0.6772952207745382,0.4735027493358879,0.7081925200817377,0.14694284270748262,0.5766907535659365,0.35870130350501955,0.10212642084528245,0.5182100190487119,0.6550338934562424,0.5849228521149679,0.6096700043581732,0.17017144985210417,0.2842132582534105,0.21089229215345492,0.5563069436397998,0.4518753384548438,0.42750798303714127,0.39093417595030905,0.6331735213083555,0.26942483527804817,0.5315001307294693,0.3682934865375593,0.31455709232795637,0.4528451540834969,0.6922713995565137,0.6958606994107115,0.4451058520066705,0.5398721796537711,0.5601329623147229,0.5968951771182479,0.6013877600776661,0.21185776891759955,0.23720921092414854,0.6344814522408285,0.6096700043581732,0.6250745645212137,0.5894163804755583,0.5327803001123017,0.2535952217414947,0.1428536905490777,0.6520108431590378,0.30951328106537435,0.4276113170032012,0.23773865283134218,0.4943000980251326,0.24466020262171354,0.39203527657225207,0.09369147466982271,0.6810031850466282,0.31653312740817174,0.34645328538639253,0.3002130583136326,0.29482228648189307,0.3163352026921012
ig_lora,MS4A4A,0.3635538123425699,0.12677367632891082,0.09175675257246756,0.4051073665355478,0.4296216097105258,0.39230079377081806,0.5549929814807402,0.3462221737435477,0.3831885511265734,0.2224194595022339,0.2889707870934194,0.20590051088628006,0.5268499156380558,0.14738843897892043,0.09895312933437891,0.4753401865783665,0.7100509255346854,0.12389572529597279,0.5179925300803604,0.5188726903414203,0.26087427663986795,0.2754975277105139,0.26894995569779084,0.18878907886635915,0.7583441208773195,0.7764779607375965,0.0,0.09583073439955178,0.6284127385995305,0.6854065757695975,0.49600170199157056,0.07894077764250079,0.49279155361564536,0.7776213683940035,0.5546355038430616,0.36916007517121835,0.6590335845962629,0.6157974113688455,0.2190251076345362,0.6936842311877512,0.4631561381641864,0.47027641466967507,0.3029584130968597,0.1502426670677943,0.1132941007876781,0.2152182475128975,0.7768615911429908,0.7618842617742596,0.0,0.2393623570165449,0.19022156543539706,0.11430163392951571,0.5819263590524579,0.29840022935728683,0.5230758945320404,0.5869606850147098,0.271855930037929,0.8038396872614312,0.7889739042945415,0.5648305370505972,0.22728940022162158,0.2602384719795725,0.34233090668537064,0.651987090898963,0.6475253869361293,0.5408521462278004,0.5498929879142536,0.6228050754676905,0.13330942119187758,0.612772632565809,0.5952661952924504,0.5622771486124204,0.6567816653123811,0.16571846026434978,0.412894127817054,0.09583073439955178,0.5851651178735956,0.16411952053123718,0.401855248261035,0.5564383469903272,0.1812426660026941,0.170934948114607,0.42117485891354633,0.5598889444681386,0.6302756402846215,0.6668449954732975,0.3463389993534345,0.15513064088164877,0.7734592812597485,0.31605233424973206,0.14133734200846146,0.6790894645021802,0.24417670062457633,0.5052095563367989,0.11787012219452184,0.33949873447376433,0.3311008730112236,0.21783589608991544,0.24776439313944273,0.4563525199737708,0.5304899691796251,0.4102252741065673,0.4152582877639204,0.38351150050311683,0.26142543403007773,0.27115995706053825,0.0,0.7435676665261257,0.8164598961621934,0.38642032773613894,0.12298685856502752,0.21227454880167704,0.6054409931094802,0.45009136069544814,0.5057230579221892,0.5891377335031478,0.16842708006808083,0.23856023993319014,0.3174165778183551,0.45535556544285527,0.45763063498500783,0.09583073439955178,0.12782989633636127,0.6861347713669195,0.4521788273916173,0.2893667745183348,0.10833091299141297,0.26607445233218724,0.6412456131771855,0.1969562956670268,0.6343795093970231,0.6114144140664459,0.7818166497671278,0.15238444384832509,0.5935609839424668,0.33386982872987975,0.12018973221139814,0.5952587100174985,0.7551389910410008,0.7577481516408937,0.7435676665261257,0.17556932371127795,0.29551170926545484,0.2130886744080503,0.5450298366091635,0.5443889305295296,0.5790915206556413,0.39487365758215426,0.7377435656079679,0.26449780753108626,0.71129148234552,0.3453419695862885,0.4195209728522177,0.547511295379077,0.6197415943733001,0.590753976221149,0.37609379341461147,0.5689139313715403,0.4804371519038903,0.7246252028191146,0.5694185170938625,0.2133921103574518,0.237783020280192,0.5639535406753745,0.7435676665261257,0.5606995851165374,0.5171018514525882,0.6668449954732975,0.2480786526490627,0.17083202965872854,0.6881699781964121,0.2889707870934194,0.4975687935670491,0.28401968913342607,0.4934580276882812,0.23144565851695256,0.45716373668547244,0.0996535292513703,0.7063630146432018,0.2991650505071682,0.3187609392617431,0.2893189656777263,0.26894995569779084,0.2885724643744993
ig_lora,OLR1,0.6574961007183943,0.1144316270051725,0.18612002222681254,0.5214494967301755,0.4130913998292337,0.5257169508550458,0.5822203940372848,0.31083786167899685,0.4758812131296715,0.3387307536833275,0.11352162197992446,0.09855920305306164,0.35773954883257325,0.11071881857197652,0.32061475548594187,0.49869763072643536,0.7619300417160548,0.11229308264609822,0.5967643661666374,0.6440276449121971,0.1109439943655112,0.11231014388760434,0.11088850535628693,0.5115013333215525,0.669629092103774,0.5824102437940002,0.0,0.22556258476697533,0.6058556244992259,0.6328833183687229,0.5991281801536439,0.35995313809852364,0.4259282754425259,0.6807168369593505,0.5378715324952772,0.501966679487154,0.5078437640814691,0.5032643767663237,0.24633320824047486,0.4758802970482033,0.45847704395030436,0.509421504135922,0.11493237999057081,0.18088889419285825,0.10299682599251224,0.23870276952447397,0.5535755077489145,0.6849155720296608,0.0,0.11739460702927185,0.8721568234917813,0.8847139610907712,0.5454047634232979,0.3068264378807292,0.34866860110799114,0.500333680184524,0.3916422688460382,0.7234317668267943,0.7343893333217361,0.5946489257900253,0.32453589098924396,0.24818362664241275,0.36279600901069764,0.632209773388631,0.628255039769154,0.5673319286430565,0.5781076339093584,0.6080284292407855,0.11939743716976674,0.6128964821748195,0.6041721617802427,0.5632512749057925,0.7393463844410285,0.3000999042272711,0.4011922819908002,0.22556258476697533,0.6373282675654419,0.2674195251106631,0.6066637141712362,0.40727614798440775,0.25852418564177254,0.26190708915914995,0.6118131083045475,0.5678641280022311,0.5806137036256035,0.5785225253221793,0.3153275461693861,0.2985365793598584,0.5445661426536904,0.3950403681609662,0.11113153552889424,0.7329223233848805,0.13075705116181321,0.48675199550801074,0.2815120383221196,0.31290606670872906,0.41921876527897717,0.115799296697422,0.2361954389570419,0.639409258637258,0.4693043900595533,0.4533617073446751,0.566143689102339,0.38518756836697116,0.24317434575251687,0.3822034149996443,0.0,0.6736625567450059,0.5444271351723164,0.4735985944298031,0.11377242305560467,0.12411422537326508,0.6052777339980401,0.5107506021013363,0.6075128877852305,0.5519833377201507,0.2991176234221503,0.11788208913926679,0.2552440040114769,0.28815190159675724,0.4287959137330253,0.22556258476697533,0.31472116002192074,0.5361320270417121,0.45798097510542035,0.28066266923793687,0.06848189028536798,0.3056674412713955,0.6283260958863686,0.30973347279827296,0.6554797143361045,0.6339733673778102,0.6657151029194438,0.409669682047162,0.530106539868083,0.37592051725595893,0.11117141798146565,0.5319359617424685,0.6708505175021524,0.7106019393006383,0.6736625567450059,0.324753639982204,0.38033648296843714,0.1173407775085344,0.6298807048346499,0.4882825153943249,0.5157864177715952,0.6468836610121063,0.6981790417886998,0.14718624210097125,0.6108288034924721,0.24812641617221906,0.5172837893201434,0.6064345325349224,0.6258855868419732,0.5716771921679585,0.33399752839756003,0.5681618453262202,0.47631532383919617,0.7911353916306545,0.44519335799016974,0.1039400355442025,0.2695275745919742,0.5334701473522738,0.6736625567450059,0.5996877623806756,0.48257390255820565,0.5785225253221793,0.30410976844108856,0.17255582703884162,0.6994806959381767,0.11352162197992446,0.4636927439577194,0.12431708815613536,0.44764576981432713,0.2965213431630394,0.6321882937490735,0.3056768001359089,0.4996052358736049,0.11551817125785199,0.11555405167047063,0.12092998348390442,0.11088850535628693,0.11256331685368622
ig_lora,PPP1R3C,0.10092261405139989,0.8900140110991268,0.0900954601303668,0.5123090571988886,0.4247193076270263,0.23576039802270712,0.6783986932917482,0.10736922616744542,0.5436842382466087,0.41954721871040973,0.11909941406270365,0.12843435921753682,0.5527839467768794,0.11364364470430433,0.09281642584576454,0.12511769807306425,0.11935431429172594,0.12155564277281167,0.1376032133241886,0.5305183639881303,0.11410430178944897,0.11220272179135986,0.1200064181306049,0.147361585687768,0.12177310575894873,0.12411762459054601,0.0,0.09282684804495417,0.12857652342426415,0.11990867607143446,0.11499243165661141,0.09767329031046679,0.12214975035267944,0.12043286965078337,0.29848159144180003,0.10236667018475581,0.10819739496693638,0.10701737385192975,0.6801156890604663,0.11381906402154604,0.4076340107447354,0.41088389604639153,0.1195983030667684,0.16546730368574375,0.9333333333333333,0.37030153111384545,0.11839608464269392,0.12959234629857655,0.0,0.1171217962739079,0.10287393735924534,0.10103988585597239,0.12857115819166123,0.7051173061907503,0.5451579698796445,0.116710868220053,0.5913366286079385,0.1213425729068493,0.11841994537305037,0.1117972048065253,0.5166053258799224,0.11344520269961954,0.5030932904747029,0.10057954229065928,0.10056459897021337,0.09784760303447512,0.09923679340759022,0.09828650739102356,0.7867120359400295,0.6697559120461084,0.12274112354882569,0.1147840417297371,0.12440400126412843,0.6221252276478403,0.09622248604904288,0.09282684804495417,0.11777819268737356,0.09123744382312857,0.10707008082221106,0.5678820525549061,0.1831821565680144,0.2054396269546775,0.5837197695573739,0.10600954974427058,0.11758278038576529,0.13234071702525094,0.25084807633919853,0.5200647782119172,0.11717237479264735,0.3302849381577752,0.5274681309500954,0.12656097753280213,0.13072233903511574,0.11569976335230922,0.09441005542589398,0.11433214666347455,0.09275967294033806,0.11831794463823224,0.5689589274983935,0.6146744530935746,0.1419055710247477,0.7221351439413376,0.5237214441629627,0.7223121483087993,0.11644209360315619,0.7663149738499268,0.0,0.13113526343251586,0.11875680376502022,0.5137663301548586,0.814656053823654,0.11892885641800836,0.5504039202201387,0.10363333277092002,0.10845366415836405,0.5230206143902927,0.09388262903231186,0.5677403260486727,0.11976694631205707,0.11673730040590012,0.5972924354176483,0.09282684804495417,0.7837391202537964,0.11278411093794523,0.34468040953339985,0.12240521364087158,0.07274420718787802,0.1477324845241815,0.4093693242302512,0.1047762160370758,0.10074822373482167,0.1326180741662759,0.12984876357310018,0.1726965689255589,0.11222700634712629,0.6144817479084826,0.11864657113403687,0.11171170286783336,0.11246143874447495,0.13746181236289629,0.1322281410326806,0.17733059949331198,0.3264572330052582,0.5489714950837945,0.0999986020982422,0.10313179929128642,0.18322273761446853,0.3247198610626218,0.12726789815404357,0.600431203979376,0.10959696651766439,0.6271310850292072,0.6164570590753748,0.39716825887499324,0.10435001813248514,0.11355843149381765,0.08629659921721868,0.11641437495153943,0.09555894302798877,0.13616635133498095,0.509299829521752,0.10125995660992679,0.49911484466505157,0.08766758485858699,0.1322281410326806,0.10279494083768116,0.10443865468833811,0.13234071702525094,0.7266964457419292,0.6206343413117633,0.11039531932732652,0.11909941406270365,0.5849685946166485,0.6940714569773472,0.44454106518773856,0.12874602807194718,0.10467252704450203,0.09380397276121685,0.10036931541351093,0.11880521751055721,0.12143506596549306,0.12231474415442953,0.1200064181306049,0.12054216106868797
ig_lora,GADD45G,0.20241400455833056,0.425142792843755,0.09935502506444677,0.24866516663092542,0.23676070523318257,0.3873001086125134,0.5138974173405041,0.46308215203042585,0.6122506242097295,0.6197142452852633,0.7375087502014611,0.30265368610405463,0.27710713174636686,0.4712231640544166,0.10342807943225131,0.20830120584524994,0.2070344738009407,0.5094012511747835,0.10634229454243335,0.45484272563344713,0.6161496628812309,0.7826091542277716,0.7547006255873916,0.38390244190371414,0.20733460860710456,0.2678015149912703,0.0,0.10592194236929915,0.47219018565020277,0.12881013859464246,0.10085389356108544,0.07634616829151634,0.42254698695682663,0.2055838797049844,0.34676062654778184,0.22381579003859678,0.22376383013018267,0.25127781388102455,0.6625018534208066,0.410357520031712,0.4517284683604464,0.1348958817625764,0.7613715910922374,0.2876386608639408,0.12928968380217162,0.5011323858607568,0.27254047642682094,0.14726612534676378,0.0,0.7973985500956964,0.20411734671223558,0.12421673706136264,0.400128848167007,0.18989084815534896,0.46226440947173264,0.288469020401748,0.4694135842118337,0.2240329099928139,0.18812912872424578,0.12715541973404706,0.447521765018115,0.6924866860378454,0.246550573437352,0.1373604525298161,0.13773845205947668,0.1390091297267165,0.1304049399877869,0.14280930212963794,0.5351171787906884,0.2727001346153548,0.133633834529736,0.12457855796970743,0.286237846705563,0.3191685494618675,0.34466809193805625,0.10592194236929915,0.15305558341720943,0.2479138105677888,0.36496098150757583,0.6922880388995507,0.4193826277324505,0.3088549731549211,0.5001037187607885,0.2435986898683844,0.23622099423845866,0.15563400074925254,0.24292070480564784,0.3178295288016907,0.27678910661840855,0.3007912365022319,0.18308639614345945,0.14089044172541737,0.6282904379111741,0.23213066959520184,0.13793855957310985,0.2411542143786367,0.09084667342873227,0.8576952202753747,0.5319583932954576,0.3535636128885644,0.33734381022254223,0.3238519302796742,0.3231382304957704,0.29064150048523324,0.6974465932571843,0.2319265538808975,0.0,0.15109168910091292,0.2957477160753995,0.6520436550356457,0.34412002601518704,0.6645213308987519,0.4653049760453933,0.3614765782425987,0.2811635246542221,0.24863198098707903,0.2528146887868437,0.7600067172087501,0.7571056398857147,0.668862626531539,0.5168166526086639,0.10592194236929915,0.33172072109571066,0.30461222079881417,0.327917690128714,0.882482046665124,0.15980422215215329,0.5902746404515707,0.4525734925122268,0.37878760410186063,0.15494465258461348,0.14310610889344116,0.2782039417254624,0.35119732998728137,0.26346767004686933,0.22573613531437853,0.4556281576624368,0.32429770245122114,0.16802919675952893,0.12694131873758865,0.15348288457114118,0.33279308226249493,0.3760003664700213,0.5936884481998415,0.1636570993587854,0.1881858407672156,0.21118339336445605,0.373958399857074,0.14252106895128414,0.7662664483061064,0.22907116878136904,0.7998472719907448,0.5328874473005983,0.39057409771015716,0.1943687268796012,0.27711354640196184,0.2578883059307942,0.1810087138084018,0.20467491323686066,0.1232642971632147,0.37103579662222064,0.5634742062693153,0.6173208063212723,0.23777119091240007,0.15348288457114118,0.20865074416551327,0.2805924917659527,0.15563400074925254,0.5352976663421665,0.1976422278568779,0.19383758410666477,0.7375087502014611,0.2620206943322507,0.7269631753929768,0.3404874362528518,0.5761214525554955,0.17865495306169105,0.10607358805303062,0.25393451807338996,0.9401907628831685,0.8282904379111742,0.9394788748601913,0.7547006255873916,0.7853630473889677
ig_lora,ID3,0.2095520308316475,0.37148660683073603,0.09924650572412719,0.3545743403720637,0.2396064733269631,0.41238087566949605,0.4672879819814255,0.6903015661735891,0.6693845346094575,0.8429042084144643,0.7076937038847465,0.30129359372727377,0.2795669718458022,0.42824346059071317,0.10280542466697634,0.2144233934516489,0.21481753757246125,0.4250973664186428,0.1101955878674825,0.5337106935832342,0.571472203933679,0.7577978787573763,0.71112681374601,0.8513816172615118,0.21475317962280568,0.2729218340450121,0.0,0.10448918763397715,0.4280344188258924,0.13024682046208166,0.10362410327879511,0.07736489558247873,0.4311080866760215,0.21129165461991686,0.35411806742153634,0.22763981144132295,0.23063383661052858,0.25532260628792963,0.7223626589273434,0.40130068419367915,0.4568228621769507,0.1352562378040646,0.7301788035859199,0.2844213636665685,0.12700376340407318,0.5953672572841894,0.27608399552866436,0.1463054805961656,0.0,0.7723363527165931,0.21175584839571898,0.12428899833727303,0.35694436255048506,0.1941398741118057,0.4633159858330954,0.2847995717305355,0.6004624822581941,0.2311322622484431,0.1951795767915427,0.12597537717276835,0.6679969538189799,0.7915615163689891,0.24919954302738512,0.14168977189813706,0.14211417818505737,0.14255536816470551,0.13416514355892906,0.14689416727375532,0.4811060575882166,0.26015935364892817,0.13468927737804168,0.12663398003197845,0.2709519612068591,0.5146566095067694,0.33986193354257843,0.10448918763397715,0.16233730005218666,0.25177158870939126,0.3572799551526523,0.6811156122407673,0.5383010244377571,0.4371357030349131,0.6350647007057193,0.2493204596526073,0.24202952215321163,0.15271158749297714,0.2581907257905635,0.45144602521606836,0.27951961778999684,0.30841482768545825,0.19055267153387595,0.14090797409107847,0.6166784436428409,0.23934726368877265,0.14163427941086143,0.24561860411134562,0.09398262724367873,0.8179102142378869,0.6046571078322838,0.5176063930659637,0.3343999199580575,0.3055689306984942,0.4240157931897204,0.290766734755278,0.7851457085723239,0.2919068482856492,0.0,0.1494133966620734,0.29593774411663964,0.7423157263860084,0.31353627512332466,0.6528309246871368,0.6081335913509288,0.42371786067989264,0.37201337277584223,0.25258350942645347,0.25597234146858117,0.7408925227121277,0.8425539755257236,0.8341840613801207,0.5201729725882981,0.10448918763397715,0.5398650342556548,0.30538961055018227,0.4093106838068807,1.0,0.1537452130708751,0.7725696230374428,0.5277740797490342,0.6244114320085621,0.1601410119318985,0.14290761609100636,0.28026740366292024,0.6811604002190768,0.26814527399748256,0.227258637237892,0.3905092800843795,0.3328972540513498,0.17464027156967063,0.12842348881446097,0.15140605955393024,0.5534638989879574,0.3800391786389142,0.5912326786851538,0.2533715227720982,0.19891475596058994,0.22236227742679457,0.7322153144813062,0.14230690688222578,0.7455705709749173,0.23478470501195903,0.8710522778813048,0.6327761289828926,0.44733724513154255,0.2020078292220901,0.2810759093782082,0.26013997956387036,0.1858557300571116,0.211844880207611,0.12487862782727478,0.36655418251190974,0.5630954306988515,0.7603507059013969,0.2399141515488509,0.15140605955393024,0.21698066968732657,0.2805222710557921,0.15271158749297714,0.7455069967745416,0.19642991727694967,0.20026662351647634,0.7076937038847465,0.2637830566359042,0.7123844362278671,0.3382403653097376,0.5236405486986314,0.18718367350786605,0.1049481389206704,0.2566855385902817,0.8857788931847467,0.7833451103095075,0.894752851346547,0.71112681374601,0.740014132371409
ig_lora,GLDN,0.6015697320687594,0.11055261016332582,0.2755225708006458,0.260539603608001,0.36531094213621346,0.5121284296592334,0.4396985679736464,0.10934113518731575,0.24566241616285545,0.13163107860535303,0.11044702173846153,0.09689753436130084,0.22330746057204443,0.10468512766507056,0.48728515617496115,0.3328389492778665,0.7293000370712076,0.10545080660827995,0.4581919738790012,0.4618878097140589,0.1050824967124847,0.10841083358692627,0.1041927120455176,0.12850810673656024,0.745250936306721,0.49238565317075356,0.0,0.36128481500203546,0.4724858078767874,0.5304184844237014,0.6022940824235667,0.5640592211315113,0.32104571333506077,0.7133639550614693,0.48117298966110406,0.4004458270619178,0.5047376388243348,0.41780183152186473,0.13989353189969775,0.36029060708998034,0.3482288095090041,0.5444259359627607,0.11319618314784946,0.440806504163914,0.09710659298588285,0.21762676248053459,0.4628803168487076,0.5991107356978959,0.0,0.11667699359870086,0.9336733595211738,0.9454417910134963,0.4212594944461312,0.28329810808994604,0.22201579309299824,0.3779285243464459,0.1979519770889261,0.6603361213886905,0.6647356156318232,0.41994901356238645,0.12733226805118839,0.11537442992930728,0.28076490831375034,0.5592026515378075,0.55369268468203,0.5168337179114804,0.5324840947448384,0.5272502669095765,0.1199668425227596,0.6156090577065921,0.46166970798314433,0.5327099127092235,0.8338685712452704,0.12285088210634457,0.3618053847473245,0.36128481500203546,0.5935116425622857,0.403215361435588,0.5141150207363829,0.26658956970121267,0.12270979455305064,0.12520261626154272,0.32816225362631085,0.5045081486864154,0.4385502958115285,0.4683957460935606,0.30854934706783577,0.15418844094360298,0.40388645265772943,0.4517152779953457,0.10442944741939736,0.6913229004020816,0.12515086085269614,0.3617765625100244,0.39165155643819993,0.25432348787042486,0.2813063118770593,0.11377004504261033,0.19816987158401442,0.34006252680660876,0.3279179424804957,0.42795806066811826,0.3222615267554785,0.23673880520303348,0.12147538032510043,0.21563403159514472,0.0,0.5723847847444222,0.4144090039976046,0.23623560057607915,0.11007384145970849,0.11649208665336747,0.3193387256810245,0.3631180242551715,0.3201340606697017,0.4520203738486627,0.45915318198527133,0.11748832963749063,0.11802453063488269,0.1175368234988234,0.3078053909468462,0.36128481500203546,0.11509615376230066,0.5215877582688299,0.25148611081042566,0.12248163136233518,0.06664786462603664,0.12594868626074876,0.5018070431723909,0.10248863274678809,0.5630110733475178,0.5334559414516631,0.5702748982287932,0.1273837252724486,0.41025890441703594,0.3221225006622383,0.10373380620500085,0.5460704270849402,0.5990046072782752,0.6364616219419506,0.5723847847444222,0.12423896301727086,0.3483654482785658,0.11680892979104575,0.43445034067566635,0.358409591498048,0.37829324331875036,0.246395544942682,0.5873850347321304,0.1375936936380985,0.461041979735762,0.11887868702872151,0.2685474523162764,0.4941572449064129,0.5023542769019125,0.40291586608053026,0.36206052059263916,0.4305106153998884,0.46232199414140407,0.6495717764055706,0.2860259252464368,0.33066936563361915,0.11640162130059908,0.41029059004933155,0.5723847847444222,0.4263781667738851,0.3299663987776622,0.4683957460935606,0.11827504207728001,0.1602674900836101,0.6666132344563394,0.11044702173846153,0.34973227668270673,0.1271711173552378,0.30204598513182096,0.20701293302686116,0.5350985613372714,0.4810439121891538,0.38415910276983856,0.11315457358132142,0.1142408904941477,0.1224386034057875,0.1041927120455176,0.10805739606422149
ig_lora,ADM,0.8282297331201727,0.21233319498012662,0.7835699812772522,0.24468883303658137,0.13065638585654885,0.4376860946699867,0.31888615489874345,0.10631551148345372,0.2612904233270559,0.25811513932998675,0.11074069422549448,0.18665115910397778,0.10526438391847964,0.23440529819440797,0.9279621269514364,0.09234530616898332,0.5273517727835658,0.22327919581945613,0.09856557835309981,0.18512729475432962,0.19199009009186957,0.21443826450956094,0.1078829996029526,0.1390588597681993,0.11895552564516097,0.11603313946382263,0.0,0.8854620011590424,0.2837811418313302,0.11288040203109123,0.5145347059675136,0.6249626836878934,0.10078109216225542,0.11867283879234432,0.1909911796204671,0.49055868511540046,0.10344500678859016,0.10366198556757406,0.2754700368004589,0.1680600182173696,0.2011991771172517,0.11497099742827874,0.11235708871656694,0.4692777327423921,0.10111149524271795,0.18521755278751736,0.11254936160198561,0.1202118182426244,0.0,0.2848846884607649,0.9279967994388643,0.9944398336453657,0.2123455581486316,0.1330978088552332,0.1802127647815208,0.15701624213760051,0.21625251744451923,0.11934689854799876,0.11637045190538763,0.10218704703902214,0.10111895407730058,0.19737492186491198,0.14290564110265364,0.0951650542297015,0.09499824177698378,0.08758486735501819,0.08905396286011248,0.0928231182858994,0.32094773825463363,0.18526793047026072,0.11338515910761468,0.10618055233959273,0.6843989472566979,0.09089256264875394,0.1428866570314919,0.8854620011590424,0.0948717774304424,0.8855008493385362,0.7713624278984594,0.26642248726648093,0.12829083824645213,0.08958825052433526,0.2115598959627411,0.10319698240470668,0.1085537284138318,0.11932307336184263,0.1564830077186923,0.0738589997235417,0.10791193555747021,0.36033853808063293,0.2695671052755119,0.6678642671041166,0.09776095464445334,0.1354211118657045,0.7926523691500836,0.08401838928043809,0.38252225572145554,0.3162227614489327,0.20029664355624452,0.10850640960122787,0.1027186355280107,0.21731793500151667,0.1974961968553482,0.17429846052166537,0.22005751552241506,0.11472615589025122,0.0,0.12083411437803283,0.11069281163222668,0.26096700214085916,0.1956409745625301,0.20903830023142222,0.11308798574011802,0.16841093871602114,0.10186276083465598,0.1136897377036014,0.8634837163098135,0.27241201194376213,0.11507679802450464,0.11395282887834995,0.16208632558424316,0.8854620011590424,0.1950356453958379,0.10742553422845552,0.15788434519334618,0.23015998195861118,0.07001510986448396,0.10860145326748469,0.1748258136534352,0.13664205760797707,0.13010787014718017,0.1182519169708033,0.12170653818330099,0.16066722112026258,0.1055101376366435,0.16987980817874745,0.21427527752299075,0.17146657478363253,0.10986185881556841,0.11288398345337874,0.12216255630593739,0.08660746513261441,0.39708745134761353,0.23833476304358014,0.10111187530074857,0.09710689461421687,0.09230552757915658,0.15106234628957113,0.11871749976054358,0.24175843377303724,0.10666545496357194,0.2582492678332168,0.24375019829656583,0.17021298689891043,0.1020666886225897,0.10643316834177996,0.11174226533959342,0.10975578169109317,0.09288622731985754,0.11176368253784842,0.14515384443947016,0.1887198867474005,0.23070132131251825,0.2625588120710955,0.12216255630593739,0.09795588622318217,0.09876084731580287,0.11932307336184263,0.11511782561638197,0.13292233385040672,0.11043151878877723,0.11074069422549448,0.1691633270109332,0.29835882905799765,0.14528178775397588,0.3663130855391648,0.6259188993337257,0.9035469483444567,0.09912508502923124,0.19772646474814373,0.11347786459510568,0.2673318264336551,0.1078829996029526,0.10998107397501
ig_lora,SRGN,0.6409269248894145,0.08313966235418152,0.44711355591952223,0.30493330974286836,0.23409054902969892,0.40644718558073223,0.09188811325050444,0.36053697599816226,0.2093265755171677,0.21347066638597947,0.2885144897907431,0.30604039072984535,0.42798881033749014,0.12237198698343432,0.5142301000784694,0.3238223958738327,0.3067692186453547,0.08102291005723447,0.07286053242242078,0.18026544664815775,0.24993612810371452,0.3943327410948248,0.2789364658869412,0.17985186996301328,0.1780735513013083,0.19157806250235326,0.0,0.3540988255676294,0.08947175051459935,0.08463758004108747,0.3544156152646316,0.6301866779599807,0.2303620220374013,0.19644473145167984,0.15936420064454163,0.7042435914947506,0.17212282232572443,0.18715785519191092,0.2127403681868567,0.20519344448840532,0.2052706182304494,0.0842124876482728,0.2979045490735229,0.25502293981956087,0.07630093125424063,0.20795870840548467,0.19569928634339984,0.08866412437717135,0.0,0.23944581428759484,0.8607359682695138,0.9335084414444884,0.08679453336129543,0.12680370771960364,0.4278978004318934,0.48945596675878,0.20195835324618094,0.21075820656941793,0.17519756061235828,0.07722822894896772,0.2539184407019166,0.25657643353740817,0.18746221199894036,0.2014363257859898,0.20280968022875798,0.1707085151890103,0.15341782671098317,0.20908549889127087,0.08722969020149114,0.0911476539570793,0.08454836248461459,0.09012858926381476,0.26875644917280495,0.1768857017643721,0.29610027742048534,0.3540988255676294,0.12889727670110993,0.5877623700952244,0.5981417516407785,0.24116798422698552,0.18934371769061542,0.19040437631626886,0.18515807570468887,0.3243916610511141,0.21491084981107592,0.08725325658660958,0.29791952101110636,0.16831404815351791,0.381977010930512,0.20441621899899406,0.30962801314395455,0.25831513872890766,0.2583873669148709,0.21128318828611525,0.6672899814594384,0.17889299606167064,0.32518669337319805,0.22572111933729083,0.2809941119677093,0.19372795430049314,0.22892460195153858,0.08879935487546108,0.1874367989518483,0.24409407160733682,0.2542820988504226,0.14709104226740632,0.0,0.08873169200722353,0.4121401971983519,0.23831072584881416,0.08276156142649091,0.22335641753887378,0.37060772286657556,0.16142417451867838,0.40231514938400453,0.18444423793919063,0.573569342989795,0.2361035270716941,0.3073518747194855,0.45874707277065235,0.21497210193541255,0.3540988255676294,0.0851828977224597,0.414666898968645,0.3939232031731871,0.28057574218330805,0.10342930668736094,0.2652012892624662,0.27848123919475737,0.23680201961078845,0.2243351296872085,0.07433305330886891,0.21895661236842628,0.15174575542263277,0.19169063025789934,0.14602162706404484,0.08011322598213128,0.22958404933947765,0.22505676690954812,0.08422000812535879,0.0894600958036626,0.17895755873961605,0.2683180895255301,0.20986743135070207,0.2573140247031632,0.15343754994250428,0.16503471413623227,0.23669550866182995,0.0877471568972322,0.26066337672003775,0.17386840990967378,0.36805386144645763,0.18771333627861048,0.17265514855453715,0.2294204377673081,0.31552417367455743,0.37655561193319015,0.19659514737095382,0.31888716673396145,0.0826498554311026,0.47780029453281125,0.2216571125998295,0.35306305792288256,0.36498247440182346,0.0894600958036626,0.29368111372978467,0.45084865746932007,0.08725325658660958,0.24745197486714657,0.10460334861620967,0.2703711451709273,0.2885144897907431,0.22360668534018216,0.22788479287168992,0.3242288685164877,0.07877962484905614,0.5053434513964532,0.4560832215306353,0.35806326456382886,0.29344296284301025,0.310267990933044,0.280468773216595,0.2789364658869412,0.29068578777922977
ig_lora,HES1,0.18460601107207836,0.22481301881825852,0.08696425583387976,0.39434423449338124,0.20955867776582549,0.4135119817198727,0.3343814915464312,0.6769872783278414,0.6499617056339465,0.8114847763902671,0.6278023561440642,0.2883584968628331,0.24988268814972572,0.2897928460117908,0.09208989501906613,0.22290863476150496,0.1894279644502429,0.23832370883727325,0.1689668696472137,0.5373689000392623,0.39532981479081836,0.5717833671124702,0.4831420349628152,0.8355092294475002,0.1902818694602479,0.22411983621187953,0.0,0.08964056044776324,0.29829599465803164,0.11830750733717266,0.12714898170678016,0.1178975904575586,0.3959474995913823,0.18974684624774993,0.3272062915329477,0.22023106141578624,0.20426832042121018,0.22841218756437698,0.7102379663624767,0.3134042624009595,0.4582716203369121,0.13663383535686044,0.6484800030249496,0.27923172571494825,0.10625597879368609,0.6101488879905099,0.23475688035862638,0.12725224785069797,0.0,0.704520706619196,0.1959586686403664,0.11759749613406625,0.225219762434004,0.18626531190303894,0.38909088243096274,0.23773463331734151,0.6292749113756387,0.20556252565911629,0.17623349064975874,0.10726835817453233,0.696361103686808,0.7293891713394652,0.2182796502207546,0.15193680246523603,0.15246029410743073,0.16213360834658772,0.15434661279189715,0.1565939503348274,0.3363623244888645,0.1926442322076823,0.11969574193973652,0.11498632828924123,0.1955621197376071,0.5770406602893431,0.27255236926318327,0.08964056044776324,0.18909556653980522,0.20129046170042922,0.2662501891602835,0.5432522390110678,0.5854295226389443,0.5636856173330697,0.6374625594626251,0.22408419245553005,0.20095060229302925,0.12771233923281214,0.28443417714551084,0.6374044665883721,0.22906817402061813,0.2862065211509211,0.21019606400890797,0.12510944124642936,0.5022153419870707,0.23238845395005578,0.14021544240370468,0.29508503484179566,0.09178414284757107,0.5889654419761172,0.6235977747638851,0.5498331615239154,0.30432212803740566,0.2262712889896853,0.42510537910978186,0.240941656605987,0.8432816004946881,0.33700437280496653,0.0,0.1283252925592524,0.24397967235374501,0.7530536831693645,0.2052717619831887,0.511583545167471,0.6072132163574976,0.4243646770538858,0.41784023500552026,0.22760212846731465,0.20438575320720073,0.5795922539580278,0.7853809495414217,0.7878327023824276,0.44438625644779833,0.08964056044776324,0.5126392544911788,0.26160580904293224,0.41127711427800945,0.8706731625449433,0.11898586122521047,0.7609706091653187,0.5166973917975419,0.7523286132375822,0.15303522148194884,0.17730024644454512,0.2269638349917523,0.7428272472269006,0.22847205914644078,0.2063258796666129,0.22771656178652236,0.28181834753988194,0.1594955170607349,0.20119231254321535,0.1297318781299749,0.7194498135660916,0.3764188492264415,0.48682335239813174,0.28387820357491694,0.1764701423961255,0.2384500093782469,0.7652408508894237,0.12530873210071428,0.6568826818180955,0.21024238277766572,0.7753804599066193,0.6014852593552843,0.4582270589264203,0.1847447755402001,0.23686676445087645,0.23354458127527786,0.1623466241126269,0.19464859334926113,0.15890999166179226,0.3303216983323954,0.4406946333825473,0.7132951643723046,0.21785858958922413,0.1297318781299749,0.19376953185818582,0.24430648028020105,0.12771233923281214,0.7129888762329766,0.17904405084507072,0.1856770067540961,0.6278023561440642,0.22437168613796474,0.5676963449712494,0.27512865308101875,0.41609824958662806,0.19005042828462643,0.09244679646363291,0.23587487627890968,0.6269242173968681,0.5743522640870243,0.7516858115018,0.4831420349628152,0.5175992326319608
ig_lora,CR1,0.5482685937014455,0.11796962398812047,0.08870576335954697,0.4579386316828291,0.5429890358902025,0.5553922175986756,0.6159306052694428,0.19795412152606276,0.43288947069121825,0.1898286562159483,0.18416541977835946,0.14985117815562882,0.5156287979871815,0.26381000551823175,0.09309700422307332,0.5294188600445441,0.7933063402348558,0.11595277116155694,0.5901529857636734,0.5845636389225067,0.17745110520530707,0.2550739747139102,0.16414796388815076,0.16353709478318854,0.9118225903030642,0.6442079069568698,0.0,0.09044588047975555,0.6585393548449375,0.6896888979601115,0.5563508961083213,0.08049824219019999,0.5217966582957635,0.7824000045926525,0.5979478618474334,0.5047859777797764,0.563839423558762,0.5712739596397801,0.17335378205112276,0.5649261853559255,0.6039827814994342,0.5312773406020844,0.19429581482094804,0.17609232591517146,0.1066386434029779,0.23613028268485317,0.6208269788844304,0.7299784125092716,0.0,0.1875817155662204,0.3003859157973156,0.11397040674478644,0.5814691894131736,0.33006764422646495,0.4975330000646455,0.5737782189609595,0.3041567749062151,0.8293042390871681,0.8208765424778844,0.6391649903643704,0.247754090578593,0.2532475046118181,0.4956008458232442,0.6840570726945986,0.6805851723945392,0.6866405519546114,0.6794095357001239,0.6859649287681969,0.12278990423538355,0.6435438682673856,0.6418582286534805,0.6199028147774911,0.7829805258190916,0.13762749010536718,0.56717915184943,0.09044588047975555,0.6998906831186108,0.19151521139910063,0.5885299037208263,0.5768677854412854,0.19184092280188797,0.16090197377361798,0.5108248670229908,0.8073357190351712,0.689620006445838,0.6203521336361181,0.393167393718013,0.13212770645774255,0.6221346888712314,0.43987813186031655,0.12215888490109326,0.6864989277567443,0.16281112520598917,0.5329772443687089,0.12211611143826025,0.35462778553394825,0.43411665831045826,0.15817869341348545,0.1486024752983038,0.5313853306933137,0.5440563804533023,0.47552608862642576,0.574204809675248,0.42465072307095575,0.22207795805055117,0.3272159584857553,0.0,0.7195929668365514,0.6245949855873677,0.42440221333227796,0.11688426293683908,0.23584314680189383,0.5582678592961575,0.48481396564909285,0.6291405526805005,0.6741500839834468,0.19382283257955257,0.17910853298407475,0.21936831628502357,0.2192241424232286,0.4907922367336518,0.09044588047975555,0.11976671810820215,0.7256740979878455,0.5319447928344506,0.20006335006545573,0.10400653937760666,0.2025589184590409,0.6003826367679875,0.17692602496350399,0.7533900603774323,0.6426901309249289,0.8052099038225986,0.14929318743676603,0.6042305394036271,0.42847461749328236,0.11458514742006089,0.5897398261350145,0.7509300878298337,0.7332727425978355,0.7195929668365514,0.18819403475905436,0.3855589483316797,0.22950268804370313,0.6459326032308492,0.5364496595514898,0.5381299774757814,0.4010175608233016,0.7452892131638776,0.1988898102907624,0.6766810436394012,0.18370580141830095,0.4620537337991078,0.61180940632258,0.7407689433656628,0.7156989522549706,0.49084311196821906,0.6418590195777748,0.604603652089057,0.7141504760486205,0.5450993679710594,0.23025224403689493,0.19641437328062453,0.6520881610437156,0.7195929668365514,0.7199878561599845,0.6286632483657368,0.6203521336361181,0.17732569128083944,0.344452329882788,0.7805259124140997,0.18416541977835946,0.5053553793671924,0.18093765423402505,0.5969644327270998,0.29170138029838766,0.5738127855629002,0.0930263875051203,0.6163574185254057,0.19618103042748564,0.19801774720047005,0.20003559009348945,0.16414796388815076,0.17637871897315494
ig_lora,CCL3,0.645473372839037,0.5126243508416262,0.6689809949357158,0.20498053064542582,0.2903641755714749,0.4188915437375016,0.5080383686984661,0.10857716177923273,0.44370926695843427,0.3354903555945814,0.11823046961999922,0.07615913651246745,0.28539376461411264,0.2934302910385257,0.8184513912411476,0.08850730295621827,0.4014723823531787,0.3076784497714492,0.09722744400312527,0.27408258515149275,0.232837136606328,0.25369091438225905,0.11596423704726432,0.14458649605646876,0.12322740675180553,0.12141440268814228,0.0,0.8205493281124265,0.35626160600265294,0.11651584460570341,0.30976454368053163,0.5041009798944273,0.1004540213912067,0.12238657511295684,0.2292804265548044,0.36427261626859697,0.10366126313498182,0.10389384360283489,0.5508958449026846,0.18514176695154688,0.31323551775477787,0.16799877613336037,0.12001675576891245,0.3576510315410863,0.302703335130318,0.26876485846742765,0.11569758692797368,0.128349589091671,0.0,0.34431764853528024,0.9239835388640499,0.9945977527247525,0.2672283465214356,0.6826190746384859,0.3836603302953129,0.11170238631576546,0.4852539839721412,0.12337095866279285,0.11955286817516399,0.1084392056765839,0.17205216887809271,0.22254857360827338,0.3910595225785968,0.09459467521636905,0.09440745687105861,0.08666679914799745,0.08821730191931389,0.09209135355211509,0.6425911906171925,0.4154589546687942,0.11801594955243952,0.10753076644080622,0.588237708170923,0.22895238841188248,0.15184369606004045,0.8205493281124265,0.09347028579906402,0.7396745019064415,0.6366036024691637,0.422136192758517,0.13421781137551192,0.06932814890659086,0.365942293432631,0.10332463778436528,0.11094322721815515,0.12936892853713414,0.21987830147096346,0.1565100815639449,0.1100447172192489,0.40636380257373717,0.18933997575733502,0.539446158867769,0.0987608602484375,0.0930383754290478,0.6369986829873536,0.0824087808240833,0.08668804631997779,0.4040397400719191,0.2947455073409788,0.29296226531405717,0.10276023176550689,0.5121216023350957,0.392993394770331,0.5972954562516274,0.24747467121818137,0.6377096391176112,0.0,0.12996118086553754,0.11373512296817789,0.4509056389198452,0.48655606051151296,0.24649096201140747,0.2509598389180564,0.17468055369821142,0.10164759466414575,0.26050781608924284,0.8076982563411327,0.4054555264648795,0.12232016849501198,0.11941033451090943,0.36082502880452666,0.8205493281124265,0.4663142606148784,0.10880997789286469,0.24436045623978536,0.2772704526881916,0.07348343208638755,0.11265628795095826,0.25461095009129203,0.10311151666793972,0.10204365928298419,0.12272961284731182,0.1299036339462771,0.16939270833328024,0.10643545013147088,0.5725561594067174,0.28483225510190524,0.18225596541727707,0.11148005379613396,0.11613787883770148,0.13195384375739438,0.08516214750568749,0.46658853644004133,0.42400389681096956,0.10094247844279376,0.09561423458090598,0.08867924975896828,0.2222743155678029,0.12563357905662362,0.37225805056899286,0.10757333797702717,0.4087457867376718,0.5002105219171851,0.22789937643395275,0.10196734163282835,0.10771756398803212,0.11264347359564948,0.11214771512044971,0.09117556483459298,0.11426832830189158,0.2214631351333134,0.2138215881626552,0.3734737641053746,0.2003001784461906,0.13195384375739438,0.09684610338002027,0.09776455146696274,0.12936892853713414,0.32669707396249853,0.48565932757086994,0.11170474106754812,0.11823046961999922,0.461550286459233,0.6156807318494368,0.213723484923871,0.46147759282658773,0.44354460570353954,0.8619610216249435,0.09857957507547459,0.24103195754386256,0.12233622517441602,0.32756177168383926,0.11596423704726432,0.118513032298125
ig_lora,GEM,0.3194675503585048,0.11507372008225318,0.0839964281707119,0.3587526278572028,0.38889556163320854,0.41025244388368703,0.4809937736594822,0.3386377554451367,0.40185494194205995,0.3189049332940878,0.3822823313634055,0.2235095283958407,0.3511371615579441,0.15823097038852646,0.09313288603306216,0.46709611244291627,0.7089716662339328,0.10985577779998361,0.4517827125560769,0.46305635543399226,0.2628722045278053,0.3537227014152139,0.28721447347708956,0.258395637189872,0.6765224424348993,0.5906954396238662,0.0,0.08736492596127286,0.5204603689058807,0.5794995027325525,0.43252172654650584,0.07687135780203262,0.5439596053362673,0.7089204076222574,0.5977055652178503,0.37235762414737555,0.49891657517480215,0.5332381515366197,0.28294736299119727,0.4963622306764532,0.501961653572268,0.4165919115007348,0.4264050219803051,0.15665158383754846,0.10098381556861713,0.3261338390054759,0.576715329366165,0.6720280808484463,0.0,0.3099957200701985,0.19494005863968383,0.11343497050383737,0.4724241367233758,0.2856489635342348,0.37830259743181466,0.5100494611582744,0.29573561833715334,0.7478133197980033,0.7320122558231169,0.48195436664541885,0.3101323602657628,0.473193160676143,0.3072940067687493,0.6321800907936366,0.6274644509320165,0.5563791660151622,0.5711233708237448,0.606248811432592,0.12453445400688434,0.5555914265221097,0.5114004264283579,0.4506889774566436,0.5938823386643118,0.19255875359709604,0.3691991577390363,0.08736492596127286,0.48465503703728047,0.14023023346636013,0.3517512769374741,0.45836278475723446,0.23718833098419667,0.25111842815303087,0.4256394949668068,0.5253542003928954,0.5238064611567997,0.5374332781752913,0.29199926077907457,0.21088072231288216,0.511975108912432,0.302896515433208,0.13912720466233153,0.6934685977774424,0.2978572872900689,0.4378071322798188,0.10216639690333493,0.33304466448893427,0.29298006898209067,0.22910424284332825,0.21590639585276486,0.45344256586629056,0.48190413301881224,0.342438184093326,0.38258311339872036,0.281428364654725,0.3927611307978881,0.26989480675941424,0.0,0.6467994716829423,0.538999829021399,0.4614749831265734,0.11362689356770139,0.26077936028118637,0.5491704481586539,0.4918211448321017,0.44763492139085653,0.5621643279433439,0.1445377930032037,0.31701028059818326,0.48817310292021127,0.4597977322477534,0.4915949690909828,0.08736492596127286,0.11905492915136803,0.5420613125290674,0.37362836552711276,0.4138725158232387,0.11691462940009183,0.38879206447834463,0.5890581217525208,0.2427604751675533,0.6112641244631795,0.5365851089831106,0.6809582744816015,0.18812874936281945,0.5194183174797887,0.31528624884819195,0.1074261435786807,0.5019383048636139,0.6560765597945064,0.6624317859075531,0.6467994716829423,0.251537178562363,0.32596349365036154,0.2803988921952058,0.5808024401641769,0.623045904890934,0.41395150188788105,0.39480195677620106,0.6538777967438755,0.3455366183799097,0.5558420063784396,0.32489330086324175,0.37477817370119626,0.5785841106351338,0.576200210961479,0.5178105936042227,0.3276373694038165,0.49016106646903274,0.39391169751865324,0.6699301361686195,0.3869343545070266,0.24426747540139668,0.3230256322227128,0.4735749751821867,0.6467994716829423,0.5076116221168869,0.4697945251770701,0.5374332781752913,0.3154703235107193,0.16585135761924316,0.6534184194215356,0.3822823313634055,0.3892715485881993,0.2915319203023679,0.4201915307430416,0.19516906261684708,0.3760543353462424,0.09300182262129404,0.5132630021700292,0.4213293008608211,0.45170344113622274,0.41382470698263,0.28721447347708956,0.3520131577064451
ig_lora,ID2,0.18303854586365825,0.5276412809344431,0.08673874983565485,0.3664185451561338,0.40906152868908385,0.4428386104417269,0.5237645054336976,0.5561931175796374,0.7639546992173549,0.8330714499892298,0.5520004222203331,0.275002032946044,0.3768872360164339,0.43587084078680594,0.09087534214351992,0.2223257213376331,0.18966396708828634,0.4321423730688663,0.1749807944102138,0.6043020654634343,0.5305077919401925,0.6744192292363421,0.43194925994104305,0.819910217537844,0.19038134095622866,0.21856800384478114,0.0,0.08873470299615621,0.4333274932856188,0.12052609579432666,0.13493783245388277,0.12028033793090609,0.38973128512822286,0.18919771380477032,0.414986252280492,0.22189349936987915,0.20310543129697156,0.22428440949666056,0.8765182243837715,0.42342274948665515,0.5499319850928709,0.20876349081227,0.5714786647324925,0.38378503419879645,0.19847943772595988,0.6846246879773458,0.22813684484444724,0.12791216897137325,0.0,0.7707897878225671,0.24210359710472498,0.14266290949030197,0.39527288183445025,0.730965005926239,0.6187737058525131,0.2264487000913951,0.8434929242926678,0.20462345577837476,0.17756121315094456,0.10769184382764348,0.6206133752365562,0.7129662645247218,0.48969823456935563,0.15712084787609124,0.1576738405205834,0.1660072544330339,0.15862033947516485,0.16140406429935295,0.6032186759849322,0.45851294484339855,0.12190243841183396,0.11792893535011874,0.32968132112697957,0.5668029072978634,0.3747694403693017,0.08873470299615621,0.19576369817415906,0.19195519180197765,0.3948887263322034,0.7127956581253683,0.5962074853685615,0.4732412908645923,0.7362358790540444,0.22157402059129552,0.19791910036608268,0.12835622567606014,0.3759278552779916,0.6129396625055957,0.221811796692651,0.4305811844255604,0.2960399900916317,0.12614512999830435,0.4653908653612518,0.23343175885510917,0.14242269196745586,0.3012959682448956,0.09636792167593217,0.7004811925821243,0.6783218906323134,0.5689889666719563,0.29530004554298644,0.5243898429600864,0.5723668521104662,0.6480127313605757,0.7964439041724052,0.7397111590277319,0.0,0.1287713362971051,0.23413479062817524,0.8893899310242809,0.510557661980275,0.633983826719545,0.5860854199748466,0.4377049680588583,0.2941260617182961,0.33222909203426143,0.1944056309115051,0.7271497806635218,0.5879907009068195,0.6163525280922714,0.6805914666398818,0.08873470299615621,0.638474061985395,0.25150632959954405,0.48788150974426403,0.8238287629994372,0.11082749306348998,0.5980765733904856,0.5815002638971419,0.5458529629826453,0.15604340877177203,0.21208348522432333,0.21945853214632913,0.7369666120159524,0.22305292381942207,0.6050837322029187,0.4144960795692235,0.37124474676852776,0.1618326896062073,0.22345016986435137,0.129858243329027,0.605402230716903,0.53298892585599,0.6880710700195615,0.23431967475186175,0.17957803801804145,0.2386347419816323,0.8270712062054831,0.12634605562260803,0.8298103881037612,0.20836647623695245,0.8093514723384992,0.7681243341728914,0.5177774952653001,0.1864818805345569,0.2301028844585638,0.29087738926326284,0.16259398681347387,0.19576862273167472,0.16660730520918338,0.48390446021030326,0.5509836273862356,0.7883236255821524,0.2693770926951532,0.129858243329027,0.19451517537757723,0.2354408154890034,0.12835622567606014,0.6652303958939827,0.5411542690337994,0.1870931801306737,0.5520004222203331,0.5314492726269536,0.8398954943463534,0.41753861460962455,0.5287237099204,0.19466217175919057,0.09104904302400296,0.23175881358073025,0.7351783793988024,0.5094107244945372,0.825864238534941,0.43194925994104305,0.46035179694399087
ig_lora,OPALIN,0.3802723126146684,0.12247643183350383,0.08903114626871884,0.3855070093241176,0.46697490287497945,0.4059008239634063,0.5874846255551883,0.43270581458707297,0.35734321611656683,0.19618277305787635,0.22232908064465218,0.17663530626542764,0.48839420758971563,0.13339756344800613,0.09690892460656739,0.45357355330757604,0.7128094896073299,0.11873903190148441,0.6287424425605418,0.48783104548891576,0.21767204732039822,0.22852659634454509,0.18589012430999863,0.1688496308847576,0.742202550891304,0.6676339889938141,0.0,0.09285734570455319,0.6336068990450683,0.7916773945323818,0.5445962222160003,0.07821394929483447,0.46799211176654093,0.8174824670894686,0.6762616026777463,0.3563772566625095,0.538176903212475,0.5538455310234481,0.18630146873819567,0.5139084952954612,0.5115442505847569,0.5747050693468156,0.23980026175314545,0.13356506516509403,0.10885326794113581,0.19441145527785939,0.6257907394132559,0.8013384010075181,0.0,0.19571070841230637,0.1912995304906443,0.11398331952244854,0.5862133496151942,0.287354811467658,0.5616153500845866,0.5651646504265613,0.24914391538514685,0.8034503656880053,0.7918384485200569,0.790377147754192,0.19221428381909186,0.22274245986957933,0.35217140948359726,0.6279225811479056,0.623152357829289,0.527340365997832,0.5365270487341823,0.599083241873546,0.13008648782032234,0.6378798120778825,0.8608108655069984,0.6699936539328624,0.6843995627756619,0.13308498915450565,0.39619268789032613,0.09285734570455319,0.5988247960746286,0.12617923119704413,0.42113167738759083,0.423997061654827,0.15370690425126407,0.15190974571245933,0.42519475463169737,0.5580193506938191,0.6040703666683009,0.6719114388656221,0.31939121871730997,0.1266076047909391,0.7046126059751594,0.2946582003744783,0.12126371040918316,0.7136118363312813,0.17890975840488804,0.48212235386662833,0.10159502915615388,0.31727021732744093,0.3478389926859392,0.263214535932035,0.19437507453769542,0.5179949069390046,0.5042756436999356,0.4803919220299934,0.4168812149872525,0.41106849937945206,0.2272180107399722,0.2578234834866144,0.0,0.7860567395465579,0.7516630253061095,0.3635745650893715,0.25374558730557684,0.27367212037525734,0.588528859351892,0.692713676465374,0.48041382994567733,0.5877738315003853,0.13048679073388772,0.3731064478759905,0.26306207847540414,0.38616354769978417,0.47944617981287607,0.09285734570455319,0.12460696296480606,0.645316176398779,0.43884480613384735,0.23928843089726712,0.0907946609688107,0.2205632996364745,0.6336749264461321,0.1609051836259802,0.6695850661382168,0.6188734945388835,0.7860464480118493,0.13277188257843633,0.5681650612252792,0.3735677493713205,0.24476174039455192,0.5608190716641127,0.7153079881875907,0.7529490100189034,0.7860567395465579,0.1518286521128842,0.3185217589258827,0.3582881518256856,0.5329212845258344,0.4686713849686376,0.482341323550057,0.34649137921359435,0.7745674288923425,0.22156106463429673,0.5982648142743864,0.27172403805683537,0.36967389800689787,0.5572078279083137,0.678598486244163,0.6644347928516665,0.4087145006689922,0.6792177664142018,0.5187585700648499,0.7486407658306631,0.5268612997621573,0.17566481307249376,0.2079030073610169,0.4907038377995536,0.7860567395465579,0.6197125110634993,0.49734742074774135,0.6719114388656221,0.19994853132495305,0.1547765113063153,0.6875492645336733,0.22232908064465218,0.5319351674182511,0.199818626323898,0.4334390443929917,0.2321991913688367,0.42588513519957827,0.09731729527672857,0.676077038877285,0.24010219008089512,0.250744468583897,0.23924062205665855,0.18589012430999863,0.21143880538759496
ig_lora,CYP4F12,0.2874452269453159,0.2975622203800473,0.0914334847216212,0.3856065853652362,0.4476786831137426,0.5374722037722317,0.7222775835330767,0.3348164411506167,0.5608930867729387,0.4741024141788054,0.40294834052865586,0.2729750010966338,0.3656597484556709,0.35961549432246104,0.10137240469490437,0.39769470483562086,0.6031209305107468,0.3346667819134963,0.413145891352403,0.5911959624981141,0.46582300929373194,0.5205950075214221,0.3353746771480566,0.2833896732171607,0.6797385975990413,0.8675760653555663,0.0,0.09638527864704656,0.8026107285545407,0.5751927688859947,0.40820171692882745,0.08054740260800496,0.5696391798575063,0.6742332437840319,0.5806296572785332,0.35865018582548763,0.839364438234445,0.8472328437151353,0.48189300940004787,0.8919190797453005,0.5572497515422197,0.4180407490967178,0.43804285625977163,0.2359355125706907,0.11280306169988571,0.3899985085577324,0.8970036063876626,0.6121022586674741,0.0,0.5446540369465599,0.1986430782072501,0.12958266453610326,0.6295952669695443,0.2812418710765799,0.4949416432379318,0.539016645480698,0.4500908827414406,0.7072290523437353,0.6908250956718908,0.39607930324056095,0.3086960674177347,0.47944023990161094,0.37921927197030103,0.6152085977960208,0.6145019308543022,0.55107793128016,0.5550213477549018,0.5991948737286503,0.43748329843190886,0.5775210984387513,0.45754032898346797,0.46194900440909176,0.6212666137527293,0.19568996557680865,0.450104981003777,0.09638527864704656,0.4963118216236443,0.17924055227873115,0.4067403365453664,0.7307574383901764,0.2923252006646409,0.24026230600105147,0.49863793853618993,0.5580322116795384,0.5931406123724136,0.5563773925862686,0.3759632580163461,0.20192493631717834,0.5842322459865094,0.37152652533611447,0.1623397825013893,0.5512710919214819,0.31882544968059073,0.49490637001872584,0.11747055883652997,0.41946130050893904,0.2570027137547882,0.5506304515563326,0.3641062030437996,0.3950760252411033,0.5400509593718574,0.4666028871797748,0.45715737108548715,0.34313173737321856,0.503944413665827,0.2668779097142718,0.0,0.6069374380584595,0.6058797196702886,0.5961847392639738,0.254900321252209,0.4156835489757366,0.4908907124037574,0.4940137088124265,0.49386655449596545,0.5543605703672208,0.18453302856868734,0.5251393587737765,0.47705257885370816,0.46113458084825487,0.5432716176694258,0.09638527864704656,0.2519325984044146,0.5405545805133419,0.4586512027577343,0.5694150407519222,0.12258354268283217,0.3787878614344193,0.5983887894553175,0.24328947026027456,0.6399683066913929,0.5334493858704874,0.673886381731228,0.26198328003397664,0.5924093279956164,0.3704514150685273,0.30701875362829667,0.6091149503997912,0.7572024614732441,0.6398621795552153,0.6219867432690669,0.23473845738715352,0.44360182861171366,0.43040096051488247,0.47571784078751356,0.5945195539325248,0.6341290571861206,0.4870686712885364,0.617774672430411,0.53666838890658,0.6925266352745224,0.534411226597225,0.574933979300909,0.5837713829282334,0.574077941531355,0.5161902048898801,0.3727184328240388,0.46534645578579836,0.40193611359182196,0.6039551273687125,0.4906288319819594,0.3815398589413587,0.4605680725643656,0.6547073158606262,0.6219867432690669,0.5458323938113001,0.53024561975447,0.5563773925862686,0.3238052873838987,0.22029758589947826,0.6310015049949089,0.40294834052865586,0.44822904819275594,0.5729249282432971,0.6201952533746343,0.6095137360658917,0.41111447030791587,0.10198614989066083,0.6119835252512953,0.5557627339040478,0.4686586368264171,0.6214822784779608,0.3353746771480566,0.3896755496096109
ig_lora,SVEP1,0.6464662009502886,0.3630842754830942,0.40156572918763017,0.32587641370436626,0.40215720364136415,0.6637274149447209,0.6446801830937539,0.37430428073228655,0.6027509347001802,0.5454624450021273,0.4532633114362996,0.24093671185088664,0.3185867980719044,0.39845241886755783,0.5756475135660375,0.31848202206660686,0.6781808512003289,0.3972259437891701,0.33629190130446357,0.5714447790995328,0.4802876169254478,0.6029921487252969,0.39651441615595523,0.35693050580402574,0.553717852770549,0.5018290446113373,0.0,0.49020518154513376,0.6421531478614636,0.4166149651127921,0.46648903276982756,0.43506986851968416,0.5259225336817192,0.5658082372994113,0.6009839752679134,0.49312145771131854,0.4484478283215573,0.4860586829233901,0.5571390518066761,0.563881155335655,0.5804564733933532,0.362071949491927,0.4854242931165173,0.4166238195551699,0.12276930725240064,0.4595012175916316,0.5051274522155151,0.4544891970624083,0.0,0.6220017805356282,0.9665835876123319,0.9741698506853774,0.5619309942477502,0.2907659404423953,0.4845324337524867,0.43254024513996775,0.47072614073607083,0.5999742521859865,0.5810728221029621,0.2712274389908722,0.35243736008393234,0.5712985274995845,0.3491741917882746,0.5138705958031731,0.5119564638332538,0.4621146038380012,0.4687751302010039,0.4956238109980501,0.4519698717757901,0.5433004919278557,0.3511119071800792,0.3226849254453912,0.806744566336869,0.25134725064762137,0.4417963092307073,0.49020518154513376,0.39840351736263735,0.5792542339674116,0.7111390080423958,0.6613980251899916,0.3710233075649626,0.27451300239785276,0.5408375254140474,0.4574615158536846,0.440334217726687,0.3848918413805477,0.32687743303457245,0.2594072078516433,0.43378600573022136,0.47618357620516194,0.16279868277814277,0.6590820134754041,0.38466796312671364,0.388869134765701,0.48943269910359233,0.3165844394114997,0.23103750581180693,0.6261628966390024,0.44833889103550056,0.3998423374107218,0.4254149271825654,0.45348956663792195,0.45403362370474926,0.34699332016209594,0.587411700370646,0.27464266005169546,0.0,0.4410875665433941,0.46066647298195385,0.639374330449856,0.3205434941541609,0.51723735100853,0.48545055352409994,0.5305982493294914,0.39025217571043863,0.46713934552090086,0.6320843978198902,0.6082261329523132,0.5240128451987169,0.4974289605191393,0.5849601337288122,0.49020518154513376,0.31422412408848754,0.4416100950200715,0.427603526001958,0.6664191061850364,0.1158153826529871,0.4318885505464496,0.629950871341392,0.29188395178017107,0.5303899107285753,0.43958216822653595,0.5236024775300725,0.32562780687474435,0.45557990472096893,0.36131112905398777,0.37479050504463307,0.5551640080314975,0.5360379015538626,0.48130138540798734,0.4514339638756867,0.2844205502342084,0.5387171018436139,0.5075722798777003,0.422870870126948,0.37046345684588644,0.3587977070293052,0.4545299264594626,0.4606462514809726,0.6059709172045816,0.4673678868068737,0.6164197392845102,0.5623182397607769,0.59532851994795,0.4826040234675113,0.422017704226177,0.35418128193203086,0.3833730481117046,0.34532930064572614,0.502467189261316,0.46426825422042556,0.462347394959615,0.5321564313131522,0.5478788774380814,0.4514339638756867,0.43028786317993256,0.4170561245388125,0.3848918413805477,0.37909564278330815,0.22281824766035366,0.5436434113344837,0.4532633114362996,0.4333522129801251,0.5952355126183254,0.48158917407671736,0.5348163389554201,0.5546347221036974,0.580168973037169,0.44311906386701316,0.6678816586216456,0.5096679631267136,0.7065288701688083,0.39651441615595523,0.43962052928767276
ig_lora,PPP1R14A,0.10425239536737223,1.0,0.0971550223128878,0.2591799969109789,0.35821672587926634,0.27602651130769057,0.8035839413020944,0.11277791059585959,0.5840594645979371,0.44072795582976443,0.1331169856131071,0.07819691579730817,0.34261789638387347,0.5090358549060571,0.10230083212852907,0.09145587776650285,0.1259843481171678,0.7100793962283851,0.1015269037147533,0.41682008938814047,0.4319172947196236,0.4038537858871954,0.1371608947505587,0.18935695693081003,0.1303519959478286,0.1328354669989316,0.0,0.10434578455392497,0.5669220716070971,0.1252556372830002,0.09786469112275666,0.07535570783333581,0.10292640898582885,0.12847219637399662,0.2829557590086648,0.09397079679689918,0.10765142280498137,0.10727348738177687,0.7254097438353007,0.28587007045654744,0.3926912224137072,0.21995342526573897,0.1339505060073835,0.21003780193514218,0.5651190943425777,0.33915211882619195,0.12319148220603404,0.14413542218567676,0.0,0.5020878532248495,0.14732790552057068,0.1293995494424271,0.5184312141669554,0.7078551125671982,0.502220620266241,0.11941072364521836,0.6045319243677205,0.1298674331924939,0.125268875487796,0.12405336060553888,0.22509150690410715,0.32535886171551565,0.46533943546131085,0.09534925640722441,0.09516464517211565,0.08701216715967154,0.08861582818977118,0.09272880321862664,1.0,0.6134786325442472,0.12954844158174528,0.11486937128599574,0.3456647399891938,0.2897508472834137,0.23162169011943598,0.10434578455392497,0.0952442998344719,0.09939329004812288,0.31107189083766784,0.6013554885598831,0.1995289756359879,0.06906838731062648,0.5100655859759645,0.10650861766967837,0.11974649766144767,0.15235697843376947,0.24448666710868794,0.19800042136505133,0.11862336016281487,0.3387657016244972,0.2334258499414282,0.137750215456066,0.10715750645102481,0.09592308042639158,0.08735582894363461,0.08380827447931778,0.08782162227256324,0.6293305358755046,0.4422622647393901,0.3658001570226387,0.10753024699854012,0.7388476108502168,0.5057984761271943,0.7312637952676594,0.34054943551325695,0.686647620839232,0.0,0.14803819267238835,0.122505502396607,0.5588672346407659,0.8339015443548449,0.3952138430421735,0.31198542355684816,0.20773359420387816,0.10622126217340938,0.3128474301795826,0.10473970265072823,0.6042054553613656,0.13356999469216654,0.12749964266448013,0.4968431257711407,0.10434578455392497,0.7796538374971074,0.11432328330084464,0.3041851367588271,0.44321200179475184,0.08081482734080425,0.11998479413413629,0.34266266974916765,0.10754260592202936,0.10362247011326414,0.15170857725427242,0.1446782217193567,0.2181621828315024,0.11219269476018698,0.6319038919945399,0.6199561257780458,0.242352307501188,0.11594879234002757,0.12371432884883582,0.1506950765281975,0.08615568115125993,0.39916804190709754,0.5693296500579704,0.1024860906671494,0.09875382760236719,0.09145405782625038,0.27041625563966065,0.13924360640525232,0.5768407736542336,0.11155373704353243,0.6479037534680135,0.6593192262298236,0.31618394899435354,0.10477846979581154,0.11411504769664153,0.14362745963068946,0.11943122905554265,0.09267028284003889,0.12035330454245578,0.3511312544007791,0.3260760667897728,0.5024201875519759,0.1383381178995511,0.1506950765281975,0.09972555218934326,0.10106971237025938,0.15235697843376947,0.4431827990928939,0.576566711462649,0.1148789700930684,0.1331169856131071,0.5616213188140835,0.8260894486639578,0.3275368615593858,0.6668921005342329,0.09355901448479037,0.10498544215064184,0.10053809761523083,0.4423470668219403,0.1385913263523295,0.5042800320037525,0.1371608947505587,0.13777393686560332
ig_lora,APOC1,0.5640706778910597,0.06748746035988026,0.4828315547328682,0.1262221610888774,0.11313515731659561,0.32743615127320475,0.07963367094397981,0.17082509666683976,0.1698739126489014,0.18301950516926338,0.15289523097432206,0.18350299884378257,0.14813687845911916,0.08646324918783319,0.625696285292609,0.14123076711645413,0.3494722656454504,0.06328374779702638,0.1292454411975213,0.15257236015477518,0.15435974802894797,0.17205055506338743,0.11381043064349917,0.16163883628557477,0.09705172684733701,0.16002804457976283,0.0,0.5674271820973986,0.07663376333633545,0.07291593957397696,0.3065076820810673,0.6319072728210684,0.1939650636960834,0.10473739403149099,0.12999958935968559,0.4096496777531674,0.19270159266971706,0.16889232360598974,0.17943317341779969,0.27107495266564824,0.14405486406025414,0.10028094260167304,0.17036377414102005,0.3672796287120998,0.05888458867651748,0.19518300732178998,0.22039381075619102,0.07447477012751123,0.0,0.14223656111980765,0.8722156663278144,0.9533168286296677,0.07181688165332087,0.10791659675194323,0.17248333967255244,0.13272364186283306,0.16422056742436558,0.1077544572437816,0.09487296366568079,0.06083125687427321,0.19640695932244295,0.17771430025308754,0.1103088367195347,0.12184854041880545,0.1222630058812461,0.12648167020787618,0.12037305071898913,0.12545872500297275,0.07455886001562824,0.0811625528184296,0.07106847594743748,0.07103345072919956,0.3997852689497771,0.14681809582389443,0.13480287696708207,0.5674271820973986,0.15103710922844257,0.5867205896190352,0.4796745352581521,0.24176298367947158,0.17995565893458923,0.1942628909943507,0.15123721717189056,0.1262056513485238,0.09251146398756738,0.07040339841513821,0.17271108213939299,0.19975222570617465,0.10770984091253491,0.23034860133019663,0.13280418538495423,0.41430182893958883,0.1851588647513292,0.1426748947015026,0.7138167065115427,0.1826323440754037,0.06279956353143544,0.10794293571765595,0.16111924597793284,0.14478620093162398,0.19607268298218863,0.07843021138532483,0.10736306597622329,0.09956759844362688,0.1832076609971955,0.12995380627718386,0.0,0.07375404029924898,0.12125077384723326,0.22424540452455527,0.06945718973133486,0.16247591274573234,0.16844873435414506,0.1277265851143299,0.1288056236560836,0.13225744433079747,0.6345838275189353,0.1464840436984254,0.19901267682405885,0.21106635664955464,0.17556607290360327,0.5674271820973986,0.07251206753659678,0.14278825634059406,0.15515518757006114,0.17614730235286333,0.05759566337389646,0.21146898692312768,0.14686850065216478,0.12159923678976815,0.09607234592929702,0.1231980417263462,0.10147496691016795,0.14619137882860034,0.1153020642741358,0.09973970700946796,0.06348276136318619,0.10476794870309915,0.08910472310096987,0.1409716215520018,0.07448244409568804,0.17178832917051376,0.24965490331025295,0.13898426482860837,0.1016022031889629,0.1297750365005614,0.19226916462540053,0.20297647613083794,0.07426727036005512,0.2332324292570665,0.21196901153594264,0.15097668374857684,0.11400529752805896,0.14024326232356848,0.103418040858932,0.11946146474895376,0.1409952433938847,0.08689639839249484,0.1122050593384369,0.12530495225355867,0.1784257401243883,0.134673667466779,0.16433285412462434,0.2782630593807731,0.07448244409568804,0.10199320790806175,0.14510687975524122,0.07040339841513821,0.1413151636195127,0.1103461709962857,0.1085809098233488,0.15289523097432206,0.09839775989719267,0.18366276549752525,0.16852794831230677,0.11565689045542953,0.4761818796225535,0.6357281533451777,0.20692294459755167,0.17257689309874258,0.17564161739317996,0.1760403333861503,0.11381043064349917,0.13699712567462946
ig_lora,COL27A1,0.6599000367329004,0.08128143871199071,0.6613616653144497,0.28155396981516667,0.07754851517292767,0.3149525746382956,0.09059928165743591,0.08080657280991392,0.09840869581451156,0.09955344546512365,0.08105042435574002,0.26324248341785267,0.08019984113305918,0.07852143130259417,0.815681024614304,0.09896797657568951,0.30835219006738246,0.07891692326275156,0.11421200279519934,0.09368279165211336,0.07900926113448734,0.08002271426927894,0.07818754842732961,0.09892012542764904,0.08791267305789073,0.08495655555710939,0.0,0.5232781142028767,0.08812154598852756,0.08340478460423932,0.7163801030634532,0.9931528710028911,0.08740359634789102,0.08821670725623801,0.09215222678486759,0.5502212184557133,0.07874054459108487,0.0793958769611906,0.10777951056670086,0.08245317308340122,0.08753900544893572,0.0886955363992074,0.08233018666310198,0.2795883820367709,0.07399548753425647,0.09495365062029845,0.08364055306183238,0.08717179305888148,0.0,0.08427950524422177,0.8501481464607532,0.9493705747885233,0.08521929474754501,0.09111384048297279,0.08527524120033991,0.19937594043712645,0.1037788868050658,0.08845134328448791,0.08670282968407922,0.07510356224821978,0.10248483388175851,0.0837479798123797,0.07738505350983393,0.08447695825322261,0.0844411636895719,0.08440469515122719,0.08539171330389948,0.08282001447681074,0.08572541391971764,0.09009749488124569,0.0831306477322392,0.07885293392946822,0.3739818241259401,0.10146297385644758,0.07041136034878381,0.5232781142028767,0.09803518425220681,0.6401682940297554,0.6545396488251962,0.08839743648752268,0.1036013702014442,0.15067564377334564,0.10422379524662977,0.0785251503519228,0.08006173601560304,0.08548111314614036,0.11828278502694983,0.13567211946204558,0.07996808814643988,0.1888122262940957,0.3342687949017446,0.38358344224454477,0.10480589968952224,0.19139377285330753,0.8072296484935251,0.10319901987549547,0.40879632021322987,0.08259535678955465,0.10145020892137287,0.09623794192879838,0.09472453943381168,0.08770880506594156,0.08458922774075928,0.08334568608455357,0.08697969247245406,0.09999058294140004,0.0,0.08715645339347311,0.08187916056139287,0.10925180400271474,0.08118207133062874,0.0945113272036779,0.08499947278200778,0.08170358688616441,0.07668103203619155,0.08575151698641384,0.5727215000382445,0.0846101886492392,0.08472922646401003,0.08482414508902161,0.09731942162775796,0.5232781142028767,0.08367862144068618,0.08042414462635852,0.078529022669838,0.08701574890616791,0.05408574766158948,0.09974943568927014,0.08767556162247148,0.16409171937474532,0.13451381207038304,0.10960511157792815,0.08822333891547085,0.1032965739894879,0.07899307263646564,0.08734822720600373,0.07813886336230354,0.08350366191565127,0.08270786660042546,0.11504891118675299,0.08788485718991218,0.10242316764406895,0.222688427669728,0.08455686738139943,0.07812865180886078,0.07347141973357137,0.10359611751713482,0.09898920445984118,0.08632944214485683,0.1123464735637403,0.08045396520865206,0.08536163676597042,0.08676296358661603,0.09388229089013171,0.07768591175988812,0.07924932704999917,0.06875618154115647,0.08132624749003524,0.0717945364763137,0.11087707791523391,0.0965896711957954,0.07380958570270689,0.08407668376150663,0.15269910283470997,0.08788485718991218,0.07478004721340419,0.07538491733502257,0.08548111314614036,0.08508879322236151,0.0866437329507463,0.08377130075985813,0.08105042435574002,0.08573304667788842,0.08961000761193565,0.07434889535059645,0.10319534305220568,0.6493016537063279,0.5985499909076857,0.076517338999163,0.08206483488526606,0.08271727505537754,0.08690877993945491,0.07818754842732961,0.07988619591284758
ig_lora,MX2,0.21252781043657704,0.4503665106523311,0.07830906237981158,0.33024035578982947,0.5538334273361597,0.5530040743394096,0.584414104948195,0.4333203509797877,0.6706297914976925,0.6032346707995667,0.39161820090863747,0.24467046303797058,0.4354864682809257,0.3576712005287518,0.08402296060981157,0.25594909462389487,0.4392670358717202,0.3409760223184321,0.34943507884733077,0.5834104613483929,0.43328502600361146,0.5590187448575051,0.34065550534325095,0.39911339896992837,0.45314042933670023,0.34826021561598147,0.0,0.07996639794582126,0.5068060684190495,0.42697094062884694,0.3616418472134564,0.10437834127761413,0.46335763170737804,0.5508753290740178,0.7493355994074014,0.26327658255870307,0.34292818617492254,0.38264897285166216,0.7290635768026533,0.47051190840289975,0.7685604975024527,0.4773750201423296,0.41927191904915395,0.3595179620646586,0.19161867396594653,0.6377213640302061,0.36895198386728395,0.3429270909706594,0.0,0.5759833926833977,0.22431954224810413,0.13130718138979383,0.41218376037988186,0.8368994870087798,0.679654705447917,0.3066499166241086,0.6702200051879231,0.534585891570738,0.5258106768607064,0.2834027638222603,0.40911776874284433,0.5395899011012393,0.5587081695861581,0.5211623123195667,0.51366952109867,0.47875748006669094,0.4934911050267659,0.5008417072128419,0.5419720922102759,0.6288047104854281,0.3890200531762675,0.3265668827661871,0.5075356548964248,0.42204292606369576,0.380540208327261,0.07996639794582126,0.44692081812215484,0.15856311951433374,0.37500732502170864,0.6597923827768946,0.4858560844352374,0.348310441178175,0.6390598072132557,0.3781747801366224,0.3055661845702082,0.22175322561690225,0.44994819531867203,0.47714970221970215,0.3069742613165593,0.5198348952158963,0.2687822451845071,0.3152745855396486,0.4225929553394779,0.31656227387545505,0.1256939760656274,0.3119205746470026,0.18520334038757716,0.6472665223930667,0.5228106850942091,0.6335780999822229,0.34685829187208117,0.5956571176115738,0.5543994494967811,0.677971324492026,0.5557756798593861,0.8434435696398563,0.0,0.30375493543037263,0.32870352774044276,0.7399028238357207,0.556265370510812,0.5553480958658148,0.5883035673611827,0.7559223237378109,0.29544809328905475,0.524950263915909,0.1611200994547102,0.7382194060452576,0.4579349470186713,0.4444283446425683,0.7167913955984729,0.07996639794582126,0.43179901095882967,0.36729605747403954,0.46770121805839815,0.6080380901340444,0.09569289081844087,0.4416984250069594,0.6973361269139866,0.27510732510018276,0.5182439001268763,0.39506979031538175,0.3862611869220751,0.4446095544956031,0.33666442834390337,0.7811635323071544,0.4107797633664824,0.5098073565125609,0.4615239849398358,0.44570155305200115,0.29587196603434013,0.3575279440534856,0.6814046511721549,0.7332170204094057,0.3928465739984234,0.2759345089848268,0.29524929725294907,0.5214000619801628,0.33692399042767185,0.6642664354694489,0.39382072712930194,0.6336607265922185,0.6675658312971974,0.6695472846381983,0.48771013135863805,0.4511824658317266,0.42293269691785823,0.36882906321151554,0.3553630958343338,0.4602559147559625,0.47828296113665275,0.5163714407252552,0.645865525895545,0.4492649778578597,0.29587196603434013,0.40644293456928454,0.3215501620707928,0.22175322561690225,0.47534872465399514,0.5413970489317779,0.5109544427095906,0.39161820090863747,0.7437487621176188,0.7476974689363977,0.4604099983949295,0.48531068701901836,0.28997691426323,0.08358161320907034,0.4564333541003238,0.6023499477437531,0.4348475760085009,0.6409208756311988,0.34065550534325095,0.3753578471672904
ig_lora,AHCYL1,0.3421836152627589,0.5024340315845015,0.08959374642189391,0.48393017833074137,0.647142478682801,0.6344930900477156,0.7394314133791507,0.3049934124009219,0.6897058417797584,0.5257044129964973,0.31932406677793845,0.24084299549724458,0.5627894707373452,0.3124102372698854,0.09625301155029725,0.3435529232049045,0.5924516211426053,0.2771579459110308,0.3570283029460824,0.6644948771828987,0.39683327592156153,0.5000779793043509,0.2698576837593793,0.2877829641291972,0.6465349528536425,0.6548871018968749,0.0,0.09210706448242925,0.6606124383740278,0.49413606147670947,0.4003623557102741,0.0816057039318057,0.5125481344934503,0.6581779919550595,0.6805933516214193,0.4025316216500424,0.6957043034240502,0.718247413724638,0.6745972311376799,0.757561222798003,0.6784839451145779,0.49523620124467177,0.3445619899041438,0.24341361380295956,0.3265895390473155,0.4725771857726259,0.7079813939127404,0.4872040798310473,0.0,0.4732205565043576,0.21735106756873854,0.13387154288717287,0.49157138134121026,0.8326114358364042,0.714130311775359,0.440904798733063,0.6818068870724014,0.6802039923650706,0.6629897544990502,0.3162783340722921,0.4382495372094191,0.4363576555423313,0.6639445320797116,0.6394005763838903,0.6351077261027461,0.6053143074835727,0.5985272207062405,0.6351332224609751,0.5929005712964103,0.7536950209765715,0.38170447879823693,0.3959867151667249,0.5675347637532273,0.35931618308282715,0.4985511607607743,0.09210706448242925,0.5068520016300763,0.22381249851265372,0.46535124517010357,0.8004852638787942,0.29646264165843816,0.23539157845795322,0.6446314173407922,0.5505809072585378,0.49420965657219557,0.3869728964296626,0.501261172437716,0.3190952922230131,0.4627675149452475,0.5002811943978281,0.30075557033040606,0.45232306464524186,0.2706213404974797,0.42676560336183517,0.13467599298046518,0.36023973148245614,0.2573039462660597,0.46403582390290343,0.4593328792757716,0.5816672340446326,0.4560102859934133,0.6707612222045064,0.6660494495451135,0.7276119930269705,0.45889754586431536,0.7502679696341049,0.0,0.46021482087478666,0.48216650782776704,0.7338356031690811,0.48727383651204853,0.3826632854665097,0.6171620442175278,0.5194381835123496,0.45603832700684815,0.6818805931854496,0.2270887933588171,0.5879603728303227,0.3821962698161408,0.3850475021882392,0.7041026736359218,0.09210706448242925,0.47482285309709577,0.5563948953021643,0.5893751920869599,0.483775102337749,0.10666612082494242,0.3251118087994293,0.6900657388581866,0.23290312895638857,0.6499342943293407,0.4795382331651053,0.5927794594444011,0.26990672246149444,0.48902605375684477,0.7750403113799575,0.2659036271719525,0.602447232372591,0.6847298676074313,0.5642433645080398,0.46021482087478666,0.22933440991756215,0.5774155559929345,0.5752427792839021,0.48976883996751125,0.5084952399771152,0.5169798434054688,0.5683632602882555,0.4887801369947579,0.5984000982592045,0.620436930308068,0.6018037646370531,0.7742920531992299,0.6524203154009441,0.5761542989370737,0.49843378205725714,0.43337130014183156,0.42470027024157075,0.4317461112120666,0.5428993654007223,0.5898734068901105,0.36249306351185356,0.5680618762066919,0.6738344025247527,0.46021482087478666,0.5171099034889532,0.48974712156869,0.3869728964296626,0.4992684701228933,0.5621118263854293,0.6289790790305516,0.31932406677793845,0.7278135961356837,0.7777978087584398,0.7074334793047743,0.4804657601631395,0.437618894133232,0.09610931935329041,0.6029050628224135,0.4630893973727544,0.357366869897695,0.518486594155108,0.2698576837593793,0.30245914526188905
ig_lora,TRDN,0.3969278395910553,0.2273401633165337,0.07533245913835286,0.6216347581946486,0.5149184025201085,0.4317053222983082,0.5227698318126157,0.34423228956328994,0.5266515220343949,0.40996442264886257,0.17316258604420273,0.23119641430952292,0.4799519417562839,0.11296936928951004,0.14699484673684016,0.4295256884273827,0.5718672669639884,0.09594643147666887,0.44883805530440535,0.737078057732196,0.16988174354438737,0.18643851143618145,0.15125726936004533,0.5244753471446009,0.5854890714452687,0.6406620872521456,0.0,0.07642436324080716,0.46137408589572243,0.4971582366502804,0.5209307655802723,0.15999615217025978,0.44040141532814775,0.6035824187265746,0.5437239780766027,0.38002738178884093,0.6172208249847946,0.5999998515156787,0.40484076114354767,0.6261005140112004,0.520660252156089,0.46834886910460455,0.18390861932342278,0.1467628835349264,0.1933787499805689,0.33775367052844546,0.6627387599757713,0.5304697893845364,0.0,0.16833438579032292,0.2059493538059813,0.11116705214993525,0.42091642225156534,0.7824028260837785,0.5022472326880476,0.4873316880023527,0.553107782134697,0.646993070031646,0.6442413990178841,0.4155987713885026,0.3972684606015059,0.2779491733137173,0.5289332215958582,0.6218230360931559,0.6177566171264156,0.5626848977730867,0.5695431966419615,0.5996956187152941,0.2454415355218039,0.6311151771567058,0.4548745718899559,0.42721889452260353,0.5100822152445583,0.38359834469208554,0.38648444132658427,0.07642436324080716,0.5311299128598916,0.14952762570712883,0.39325861024813524,0.565815038045843,0.26303589683318046,0.3050638625009257,0.5952324825668539,0.5057387743658683,0.500582393362293,0.44445815790646725,0.4427764735279868,0.34537505477040814,0.48716066028175165,0.39416480674656346,0.3419791778333414,0.5026669567531228,0.16635176661352621,0.46912233866380226,0.13749880998237018,0.31990569515359824,0.5026776785616297,0.14805905483125972,0.28981731884193646,0.6447642105724205,0.4464325971274454,0.5235334414206828,0.6106279319222105,0.6221557352815179,0.2774864485093385,0.7456982515718815,0.0,0.513700853291127,0.498149585352502,0.5755676025593472,0.24401799135270974,0.15870328605314535,0.6339069986994618,0.4789206758096597,0.5179284854504811,0.6229265708922312,0.1154004171853984,0.24192275221612639,0.28518530769010886,0.3347520936239746,0.5470528205085913,0.07642436324080716,0.38390173256675963,0.4785271263060529,0.5215337513978113,0.297594153769376,0.07573325442171754,0.316312648954616,0.6153008524867325,0.33621505372662025,0.6304303140093578,0.49874805944609374,0.5488562022399807,0.40135256360580657,0.4868711296036476,0.6750218537074547,0.09545348416470666,0.48872173938979907,0.5968497447695306,0.5612007194154547,0.513700853291127,0.3319997967495116,0.43415577998307436,0.28315676856407157,0.5629116973670633,0.5287109237238115,0.559212749660494,0.7528232054851824,0.5519455242005147,0.26876192257599585,0.6464649047481099,0.3292166911753546,0.5955907389431979,0.5731249506527456,0.5492318701897871,0.49312420907487664,0.34057534779501036,0.45897570132115356,0.42003948746841346,0.5767951860436439,0.47629357400677685,0.15822302369873148,0.3922628600130445,0.5444696701002797,0.513700853291127,0.5086785660707921,0.45717511797554305,0.44445815790646725,0.4321029192969618,0.43182625544330333,0.6055324947265757,0.17316258604420273,0.6232510102815212,0.4082072118321882,0.5578959874914967,0.2578985449075351,0.5489644227303386,0.0802774060477621,0.5763136055497471,0.18639773733126425,0.18699372812235304,0.19127871953119632,0.15125726936004533,0.16408574173625837
ig_lora,RGS1,0.43659288764263615,0.4361657177657677,0.0971271554762781,0.49734868166553414,0.5924886900039191,0.47523004854554857,0.9574558040685843,0.12025851860733064,0.6479807210733441,0.3338869165532972,0.13088443155107646,0.08357666369059534,0.516624507213991,0.2516348336592683,0.10158717531319902,0.5526914954893454,0.7751451662351957,0.24501957195922416,0.6116111398497127,0.6830174002564049,0.20981431721006216,0.2304032086751924,0.12996846575924428,0.1512167961349754,0.7460087913669864,0.6565287996053824,0.0,0.10026366816388665,0.8473725776896375,0.7185124724788519,0.5448699318349378,0.08204831212279305,0.41540101207643787,0.7572107660355767,0.6627001885947927,0.3916278278691674,0.5348712599119264,0.525765288582861,0.505005058869369,0.5509672422261822,0.6330603730090393,0.5916043830774642,0.13212386169516024,0.13867326770476865,0.2949284556453763,0.2760952592605899,0.6043012002124415,0.8159573131424156,0.0,0.3002509827052364,0.22856338273762652,0.12546826959886337,0.7182992587173201,0.8199446844672762,0.5808793259262665,0.5427275444160168,0.5596036900123328,0.7873170508846097,0.787335938495701,0.7105772489844471,0.19948885610084874,0.21227197036568204,0.6111300312703359,0.6415499288359908,0.6372312532797979,0.5510457924352653,0.5747617774991189,0.6087971093157637,0.5435627239056214,0.9317465858493621,0.6882901107126508,0.6211217344468678,0.7863509518677684,0.2437966627312988,0.43080837227414015,0.10026366816388665,0.5591667477153539,0.09947590637083989,0.5424858634576384,0.6726436598223247,0.13965907612558806,0.08098001233712901,0.6910803464545492,0.551911800195745,0.6103842075831896,0.6883317333659847,0.37659548954894895,0.18162505508100135,0.5806723420227904,0.49580622726953577,0.20618067968538334,0.8185853991555584,0.11688669948207403,0.4886388700879444,0.09235712466623762,0.2758934352697279,0.4148194235325431,0.3327257866298324,0.2966626328275449,0.6652968782675261,0.46713366867040834,0.8013113972231801,0.7021112156926028,0.7959230697642938,0.23455989440673763,0.7533735057791426,0.0,0.8057327194281053,0.5817242777542707,0.6179138953484002,0.4298586266526467,0.22452079539607586,0.6091321019858703,0.49418891004828536,0.4725864011554849,0.7218641368495508,0.10270657602347259,0.38360965966279087,0.13371275108660113,0.1308677454736689,0.6422139400985958,0.10026366816388665,0.4189356188552048,0.5732415689403365,0.4796301219488812,0.24794270130982046,0.0781102742979175,0.12539370801347435,0.6624159473342212,0.11599720321582563,0.6346785980678061,0.6809556980811128,0.7806045224214524,0.17115037846129003,0.5579943572725703,0.7818260973570837,0.23490146129712589,0.6058143450101322,0.7238653150572066,0.7737372614391483,0.8057327194281053,0.09786362629919898,0.5278551728657067,0.40398021848932925,0.5964451148936759,0.6666440560793807,0.5124828170310013,0.4054286617586898,0.795148138449289,0.35704188173838153,0.5984447445640129,0.3829594885170236,0.7276732348795872,0.6503016669043441,0.6215530430595834,0.5991104319262791,0.32371094797829614,0.6232558375807175,0.43672607251673706,0.7679710339180676,0.5232239836647528,0.20217333809663446,0.3637963205424486,0.45915753669533155,0.8057327194281053,0.5760001886518822,0.4656306690640927,0.6883317333659847,0.32104645124466874,0.5102719700535142,0.6794737685924968,0.13088443155107646,0.7719372574642616,0.5510875309018594,0.5386421562844932,0.5234233161741307,0.46561952436763543,0.10238052746033165,0.4924531907296123,0.2166755825485734,0.1340459888474816,0.28456465972978606,0.12996846575924428,0.1314975369173333
ig_lora,CARD11,0.29738175123261174,0.6831743172016259,0.08947830962325001,0.6311831888330434,0.6928901854423084,0.646088431566904,0.8643861528074238,0.15985384063548533,0.7673695664932337,0.5790464970859981,0.1463806344988323,0.13222707872776424,0.6743203480754825,0.21434238685921603,0.09212205004851495,0.32184020573472133,0.4363269270613475,0.20101794611569115,0.3417091108642715,0.7738110373334954,0.2223045950876086,0.2754954929890264,0.13238658958874983,0.2016673706232731,0.4541799458497359,0.34737301284229655,0.0,0.0904910562220288,0.4477574554596145,0.36916799870515843,0.34839648871220824,0.09897629983646387,0.33535551825794063,0.4758947907561019,0.7349385102918573,0.3167771310488612,0.3405428642334227,0.3605862245771366,0.7215903448086597,0.38699441506977733,0.7251514691875237,0.6574737625067415,0.15329853341948604,0.20075774762442108,0.6015126941773157,0.5155933773037551,0.355525345196567,0.3792585337610015,0.0,0.2635306828532373,0.21454479932831913,0.132226130748006,0.3789952273632115,0.8585865753830617,0.7563554040395252,0.3215415850451561,0.7104566420845244,0.49002708598448896,0.4820260597303712,0.29472976987826544,0.5458866055849924,0.23860317092635758,0.715779698804228,0.49902346841200773,0.49442735344331057,0.5220453136442056,0.5187998985478891,0.4950116961012526,0.7101382050993599,0.8600691596826465,0.3332445061693954,0.3184484153307738,0.44918725631007256,0.519986535785659,0.3966006721240777,0.0904910562220288,0.38033634505760333,0.13032700273647407,0.37903290281961843,0.7686387924449791,0.2547321792747091,0.24106610906674414,0.7886961530108736,0.4117274732068713,0.3420735502914069,0.31127094941297556,0.544659332408315,0.49457422478963714,0.3181607635658803,0.612145700561997,0.4756117746228527,0.36735501673277265,0.14549254282866972,0.31481160265166286,0.10973077109660086,0.23743191566354754,0.27072786193399706,0.2598370210744191,0.6290864572379083,0.7126607066431296,0.3181200730454436,0.8030236739423118,0.7705290936942545,0.8015488994130486,0.25421169340695177,0.7716556187391658,0.0,0.36515077316466066,0.3290349535831448,0.7480383592586655,0.6643228471892347,0.2281662714521161,0.6977699869162225,0.4223538474607678,0.3253214366852071,0.7466528278566236,0.13173164171587962,0.6393877915732493,0.16643001544230543,0.17511668934809707,0.7685281246058752,0.0904910562220288,0.6544537539066205,0.40697838211141846,0.6597457279726837,0.24777123526439634,0.07529576336495485,0.16349334451890402,0.774562418406852,0.13437031299561902,0.4952494059676422,0.39898153235292905,0.412124620011346,0.21091146807691483,0.3329308335225771,0.8097335811391763,0.19821108552640454,0.4385835650248661,0.43791337584446477,0.4220118323585078,0.36515077316466066,0.15404583034931482,0.61737025871602,0.6228990984096918,0.4025909160039568,0.3041449932215847,0.30676014611091174,0.5683256697076537,0.3797045182288033,0.652090641149424,0.3816733896999278,0.6530834868307012,0.7778244240459014,0.7267115763718921,0.4337391513754899,0.3747305185015792,0.3723848502925396,0.34881437932744924,0.35196078533646163,0.43981469260214495,0.7180115798877169,0.22162424626228855,0.6066735414914022,0.4504069739597181,0.36515077316466066,0.37872687712001707,0.34569119751706945,0.31127094941297556,0.5897414372624074,0.6362399637507474,0.47469315835902803,0.1463806344988323,0.7865970285032233,0.7172871991076487,0.7162588854303223,0.3712541429369807,0.3226752213418515,0.0920363487210961,0.39332445066536303,0.23018978098055926,0.15456610070280674,0.2649611341145843,0.13238658958874983,0.14013181569207128
